b_phmvac_basic_notavail,b_phmvac_rsc_avail,b_phmvac_rsc_notavail,b_phmvac_lockdown_avail,b_phmvac_lockdown_notavail,b_phmvac_basic_notavail_male,b_phmvac_rsc_avail_male,b_phmvac_rsc_notavail_male,b_phmvac_lockdown_avail_male,b_phmvac_lockdown_notavail_male,b_phmvac_basic_notavail_age3554,b_phmvac_rsc_avail_age3554,b_phmvac_rsc_notavail_age3554,b_phmvac_lockdown_avail_age3554,b_phmvac_lockdown_notavail_age3554,b_phmvac_basic_notavail_age55p,b_phmvac_rsc_avail_age55p,b_phmvac_rsc_notavail_age55p,b_phmvac_lockdown_avail_age55p,b_phmvac_lockdown_notavail_age55p,b_dur6,b_dur9,b_econ20,b_econ40,b_inc50,b_inc90,b_mor100,b_mor150,b_edu10
-2.57885,-1.46664,-1.57444,-2.69788,-3.43136,0.0209013,0.131224,0.0855154,0.187566,0.167212,1.20542,0.597007,0.514439,0.764713,2.44497,2.13608,0.598402,1.28988,1.38774,2.58023,-0.852899,-1.02728,-0.20037,0.0215841,-0.358852,-0.801809,-1.48071,-3.41285,-0.183075
-2.15873,-1.17539,-1.44466,-2.32745,-3.02124,-0.165125,0.0385878,0.132315,0.0487478,-0.00525293,0.988373,0.420464,0.412306,0.79137,2.0319,2.12046,0.727061,1.37958,1.43029,2.5554,-0.904647,-1.04572,-0.185158,-0.0162431,-0.333403,-0.800841,-1.52804,-3.49381,-0.2227
-2.14839,-1.14952,-1.50666,-2.25018,-2.96684,-0.232336,-0.124999,0.0207113,-0.00640368,-0.15647,0.994402,0.370823,0.565069,0.5934,1.97834,1.95893,0.50344,1.40396,1.34405,2.3115,-0.893656,-1.05279,-0.149855,-0.0260941,-0.35257,-0.780432,-1.52904,-3.45333,-0.236711
-2.66223,-1.45599,-1.67687,-2.67986,-3.2209,0.0338094,0.0912276,0.119132,0.00401026,0.0305647,1.26431,0.597685,0.662113,0.82187,2.22995,2.31246,0.747053,1.46828,1.72938,2.65153,-0.882057,-1.0824,-0.183501,0.0357036,-0.338678,-0.806447,-1.54064,-3.56852,-0.235807
-2.37839,-1.36049,-1.60536,-2.58119,-2.95473,-0.231615,-0.0723653,-0.0808025,-0.0802726,-0.14992,1.12063,0.684399,0.631268,0.955243,2.05649,2.17921,0.794343,1.43987,1.68066,2.3347,-0.889799,-1.08209,-0.144201,0.00578644,-0.375863,-0.80692,-1.55741,-3.49723,-0.201668
-2.11765,-1.18043,-1.54247,-2.3343,-3.06489,-0.0894459,0.0331382,0.0865187,0.134269,0.0545938,0.984094,0.441327,0.53985,0.580423,2.2285,1.83726,0.500215,1.38619,1.27888,2.36955,-0.915818,-1.07867,-0.147805,-0.000827464,-0.325251,-0.749381,-1.46088,-3.459,-0.240398
-2.30104,-1.29797,-1.61638,-2.56203,-3.11202,-0.148341,-0.0209706,0.0903563,0.125882,0.00793576,1.16075,0.580794,0.696603,1.03945,2.20444,1.88795,0.532185,1.3507,1.49503,2.31145,-0.895427,-1.01744,-0.160577,0.0572331,-0.33742,-0.771063,-1.52233,-3.42102,-0.192678
-2.2146,-1.19533,-1.65469,-2.39202,-3.09466,-0.136853,0.000953302,0.118548,-0.119427,0.112266,0.932847,0.447053,0.694436,0.870398,2.18379,1.91938,0.570507,1.4279,1.52063,2.51109,-0.868721,-1.0563,-0.192451,0.00643646,-0.314816,-0.771287,-1.51269,-3.50878,-0.200365
-2.36361,-1.29095,-1.46454,-2.35146,-3.10574,-0.229887,-0.130202,-0.0626096,-0.173478,-0.0205644,1.25412,0.540713,0.508787,0.82819,1.96505,2.08429,0.634039,1.30971,1.36169,2.36544,-0.918011,-1.00873,-0.163664,0.0427342,-0.332895,-0.846955,-1.51202,-3.47697,-0.212686
-2.36824,-1.26359,-1.50185,-2.55386,-3.012,-0.0798768,0.0474416,0.136581,0.128742,-0.0316224,1.09494,0.530777,0.492047,0.872227,2.07155,2.03068,0.533695,1.27143,1.42199,2.38991,-0.809605,-1.02682,-0.212525,-0.00775111,-0.346307,-0.812078,-1.4929,-3.429,-0.187015
-2.5972,-1.57027,-1.78159,-2.79998,-3.35904,-0.175327,-0.00975721,0.0327143,0.0398685,-0.0133134,1.31121,0.734623,0.797667,0.971643,2.4697,2.18203,0.74172,1.51786,1.67758,2.75217,-0.805211,-1.05935,-0.221203,0.0355677,-0.340466,-0.812532,-1.58909,-3.51909,-0.202135
-2.33876,-1.3239,-1.50957,-2.30195,-3.09955,-0.236782,-0.145751,-0.0195201,-0.175843,-0.235329,1.19782,0.684353,0.57457,0.797111,2.24286,2.13442,0.831967,1.52335,1.4923,2.59329,-0.905464,-1.0111,-0.207685,0.0222823,-0.291649,-0.799666,-1.50578,-3.42517,-0.209231
-2.09958,-1.07326,-1.46861,-2.48217,-2.82448,-0.145763,-0.0172826,0.115147,0.129832,-0.166887,0.948534,0.42483,0.572864,0.900597,2.21875,1.66864,0.297236,1.20874,1.49058,2.13707,-0.917668,-1.01825,-0.259499,-0.0465878,-0.349477,-0.814132,-1.41881,-3.40365,-0.240939
-2.57417,-1.37938,-1.71859,-2.76506,-3.07616,-0.0716391,0.091231,0.156537,0.133081,-0.0184739,1.41237,0.534109,0.674855,1.16301,2.02237,2.13309,0.482872,1.45892,1.6867,2.2808,-0.869716,-1.04609,-0.122034,0.0744202,-0.347178,-0.836641,-1.57028,-3.53141,-0.226634
-2.13074,-0.994214,-1.44934,-2.27243,-2.73103,-0.100319,-0.0810519,0.0579757,0.0995529,-0.228388,0.792187,0.275942,0.45032,0.530816,1.87891,1.78933,0.331076,1.31182,1.28888,2.1859,-0.873499,-1.0533,-0.198404,0.0166469,-0.325386,-0.789567,-1.50041,-3.43054,-0.235513
-2.1468,-1.0716,-1.37793,-2.33236,-2.96904,-0.26473,-0.128418,-0.0162767,-0.0343811,-0.197335,1.17227,0.473377,0.439493,0.864813,2.09219,1.93934,0.402706,1.19477,1.31558,2.31282,-0.807684,-0.956597,-0.187032,0.0556792,-0.291964,-0.786656,-1.50356,-3.44607,-0.235607
-2.29542,-1.24998,-1.38356,-2.51827,-3.06565,-0.201258,-0.132069,-0.0879205,-0.0534661,-0.162647,1.03489,0.429407,0.410406,0.915945,2.03445,2.10191,0.753543,1.35521,1.5364,2.68508,-0.894571,-1.06254,-0.190081,-0.0102602,-0.320383,-0.779055,-1.48729,-3.48743,-0.221623
-2.56903,-1.40722,-1.64744,-2.71579,-3.36647,-0.0496409,0.0891925,0.114994,0.154016,0.0588055,1.23911,0.591222,0.6699,0.963027,2.27173,2.17953,0.616284,1.48623,1.57321,2.57746,-0.875643,-1.06335,-0.211537,0.00207946,-0.291885,-0.780537,-1.54772,-3.49111,-0.19824
-2.34405,-1.27962,-1.55684,-2.63274,-3.1568,-0.354677,-0.0754465,-0.0480042,0.0217516,-0.0227949,1.10473,0.441898,0.469778,0.731391,2.22681,2.03765,0.544923,1.304,1.49794,2.22388,-0.871291,-1.07835,-0.154126,0.0613795,-0.34993,-0.701541,-1.55079,-3.56256,-0.210537
-2.34174,-1.34454,-1.63735,-2.50243,-2.92332,0.0138169,0.105926,0.101615,0.136059,-0.197296,1.07519,0.609682,0.620136,0.802348,2.13814,2.04474,0.609444,1.49167,1.43971,2.37286,-0.867692,-0.985946,-0.173314,0.0442124,-0.251217,-0.752856,-1.52755,-3.45656,-0.225607
-2.23699,-1.14011,-1.43732,-2.34013,-3.04306,-0.378789,-0.261939,-0.0795062,-0.102986,-0.111609,1.13653,0.449842,0.623306,0.843838,2.11389,2.20835,0.703116,1.36192,1.59898,2.38879,-0.909021,-1.03789,-0.168441,-0.000590875,-0.302183,-0.866622,-1.50118,-3.40755,-0.275688
-2.36889,-1.35476,-1.55076,-2.48651,-3.10407,-0.462821,-0.187455,0.0206197,-0.120385,-0.277427,1.09407,0.539503,0.527654,0.69067,2.01753,2.20382,0.631809,1.43639,1.5014,2.45743,-0.907518,-1.11519,-0.176944,-0.016241,-0.364573,-0.817377,-1.56351,-3.55541,-0.222067
-2.19658,-1.1528,-1.55342,-2.47753,-3.26056,-0.195805,-0.0133134,0.130044,-0.0619365,0.0495167,1.13927,0.386736,0.636854,1.0971,2.25105,2.05608,0.463591,1.35671,1.55339,2.42829,-0.920875,-1.03444,-0.149685,-0.0223398,-0.296355,-0.859017,-1.52642,-3.47419,-0.237148
-2.36856,-1.32027,-1.61723,-2.5224,-3.38396,-0.317066,-0.105783,0.0769297,-0.0626889,-0.0140865,1.42263,0.696013,0.76781,0.943674,2.5217,2.26757,0.711357,1.42849,1.679,2.72717,-0.926311,-1.08892,-0.200599,0.000353958,-0.375835,-0.882758,-1.54213,-3.51787,-0.24464
-2.29855,-1.03104,-1.54486,-2.26938,-2.86781,-0.174891,-0.111759,0.0132085,-0.193622,-0.0363696,1.04093,0.275622,0.54481,0.565407,1.85787,2.01569,0.341412,1.28218,1.29745,2.08599,-0.861232,-1.10319,-0.160718,0.0173779,-0.320335,-0.793381,-1.57238,-3.50622,-0.217359
-2.11232,-1.1318,-1.53165,-2.40234,-3.28163,-0.231304,-0.103955,-0.013391,-0.0841023,-0.106003,0.940632,0.460352,0.620563,0.912193,2.37891,1.96109,0.503978,1.39753,1.58667,2.60225,-0.925397,-1.02836,-0.183556,-0.0344277,-0.318541,-0.833763,-1.50922,-3.5147,-0.277562
-2.31028,-1.08255,-1.44103,-2.4652,-3.06477,-0.270223,-0.21916,-0.125006,-0.00120478,-0.209659,1.53194,0.727295,0.707267,1.03185,2.36476,2.23479,0.635011,1.49463,1.51192,2.60136,-0.931242,-1.0381,-0.129122,-0.0041732,-0.326129,-0.835288,-1.46678,-3.50952,-0.26086
-2.22172,-1.18459,-1.4831,-2.50173,-3.04383,-0.162206,0.0815452,0.0292723,-0.0302956,0.0640617,1.08451,0.41373,0.492263,0.958078,2.05247,2.05878,0.475722,1.34068,1.65697,2.28755,-0.885543,-1.04215,-0.194898,-0.0432224,-0.328601,-0.794741,-1.5208,-3.4722,-0.229241
-2.38378,-1.38456,-1.53844,-2.52016,-3.29113,-0.0958027,0.0823643,0.0336806,-0.0537223,-0.0708952,1.16726,0.570529,0.537638,0.802224,2.32871,2.21346,0.723308,1.36156,1.78423,2.70396,-0.920716,-1.0859,-0.181043,-0.0146728,-0.375074,-0.835793,-1.49757,-3.46835,-0.210947
-2.5329,-1.31493,-1.64404,-2.54003,-3.17943,-0.318149,-0.230001,-0.0564731,-0.0989133,-0.216789,1.73236,0.855023,0.777459,0.955961,2.52468,2.19977,0.588162,1.54337,1.52667,2.62394,-0.859092,-1.04192,-0.234828,-0.0411899,-0.331345,-0.781137,-1.48963,-3.44097,-0.235731
-2.50801,-1.30974,-1.52586,-2.50391,-3.22867,-0.137561,-0.0925912,0.10768,0.076733,-0.118572,1.21268,0.497,0.444933,0.683402,2.16268,2.21475,0.604481,1.40461,1.54834,2.55108,-0.889053,-1.05218,-0.198657,0.0574093,-0.311812,-0.794694,-1.54311,-3.45541,-0.246654
-2.46415,-1.32035,-1.60696,-2.52247,-3.21013,-0.288394,-0.0538665,0.0335967,-0.112728,-0.15811,1.21274,0.502854,0.512932,0.756756,2.26367,2.19314,0.561145,1.4343,1.58309,2.60112,-0.853193,-1.07729,-0.125759,0.0292072,-0.31977,-0.834864,-1.53747,-3.55938,-0.224723
-2.4025,-1.35437,-1.57024,-2.54627,-2.97079,-0.0604113,0.0706955,0.160094,0.134174,-0.0589914,1.06078,0.477137,0.448383,0.629061,1.89547,1.99785,0.552788,1.33388,1.43557,2.26609,-0.832485,-1.00201,-0.192968,0.0207238,-0.318274,-0.788228,-1.52437,-3.44771,-0.203883
-2.51496,-1.44881,-1.63574,-2.64743,-3.21185,-0.00190512,0.140753,0.141125,0.2142,0.144325,1.01281,0.435795,0.468001,0.890778,1.90183,2.07447,0.645008,1.39287,1.62285,2.33208,-0.88867,-1.02201,-0.168467,0.0115613,-0.348671,-0.835018,-1.52117,-3.44093,-0.202988
-2.30799,-1.18091,-1.47192,-2.45396,-3.01303,-0.200183,-0.102097,-0.0171642,0.124258,-0.228327,1.20929,0.431568,0.54898,0.807519,2.20842,2.16819,0.615509,1.3627,1.45947,2.56264,-0.86966,-1.04631,-0.190984,0.0103195,-0.326806,-0.796005,-1.52526,-3.44235,-0.253586
-2.36108,-1.37435,-1.59677,-2.56913,-3.25339,-0.263288,-0.128632,0.0822858,0.0829629,-0.0806012,1.10617,0.583055,0.548582,0.855929,2.27706,2.04622,0.676929,1.49541,1.53843,2.52487,-0.884595,-1.04835,-0.211646,-0.0405172,-0.374365,-0.885446,-1.46186,-3.48504,-0.22989
-2.34052,-1.26275,-1.45731,-2.43385,-3.31454,-0.164191,0.00290186,-0.00577783,-0.100788,0.0740133,1.04247,0.426631,0.550477,0.789236,2.13391,2.00023,0.507642,1.28961,1.52566,2.42317,-0.926521,-1.10407,-0.167748,-0.0363074,-0.357712,-0.880339,-1.56303,-3.56525,-0.259984
-2.60966,-1.42409,-1.72591,-2.60103,-3.11479,0.0615789,0.19922,0.263243,0.307136,0.109236,1.19863,0.467417,0.629298,0.873672,1.92438,2.24457,0.606182,1.45495,1.45603,2.39649,-0.845387,-1.02994,-0.185976,-0.0047813,-0.32899,-0.814587,-1.54973,-3.45292,-0.181273
-2.36182,-1.37947,-1.62418,-2.53559,-3.25883,-0.175523,-0.0682525,-0.0498122,-0.0782023,-0.105343,1.20577,0.758038,0.636906,0.877757,2.51035,1.95382,0.600443,1.44761,1.50259,2.53616,-0.869364,-1.00679,-0.159287,0.0752959,-0.32311,-0.821672,-1.51664,-3.47593,-0.238106
-2.41292,-1.44144,-1.54434,-2.57266,-3.25397,-0.164298,-0.0308935,0.0390907,-0.0093372,-0.222182,1.23694,0.667352,0.592328,0.811014,2.44608,2.18352,0.695042,1.42663,1.54995,2.60597,-0.864495,-1.06721,-0.142593,-0.026269,-0.279826,-0.836712,-1.55083,-3.52395,-0.220225
-2.41221,-1.33609,-1.68165,-2.88117,-3.25499,-0.132311,0.062384,0.124605,0.197031,-0.0110464,1.13882,0.471161,0.592277,1.05837,2.32958,2.11496,0.48781,1.372,1.56933,2.50742,-0.895399,-1.08217,-0.198069,0.064914,-0.294988,-0.735426,-1.53874,-3.5075,-0.182651
-2.48216,-1.40989,-1.664,-2.68181,-3.34903,-0.148194,-0.0106861,0.0690541,0.0629672,0.111492,1.42941,0.826605,0.674137,1.12937,2.57709,2.39281,0.770738,1.49602,1.72731,2.51961,-0.90352,-1.05028,-0.176542,-0.0452217,-0.325618,-0.776949,-1.51737,-3.52776,-0.238885
-2.19578,-1.28405,-1.52282,-2.39085,-3.14202,-0.233434,0.0411256,0.0980172,0.0832382,-0.208219,0.919136,0.452297,0.425975,0.66189,2.25363,2.11285,0.566834,1.38158,1.39131,2.65461,-0.865108,-1.04927,-0.168353,0.0127554,-0.355604,-0.810654,-1.49604,-3.49559,-0.161691
-2.21382,-1.22637,-1.47282,-2.39408,-3.07412,-0.334026,-0.0835985,-0.00570113,-0.0105145,-0.058924,1.15093,0.507084,0.481704,0.770411,2.25609,2.06311,0.666196,1.35335,1.53672,2.55773,-0.884282,-1.04223,-0.191428,0.000987062,-0.295652,-0.760309,-1.49406,-3.48038,-0.212144
-2.5457,-1.42848,-1.74244,-2.70014,-3.37454,-0.0534917,-0.0899204,0.0866393,0.081323,0.0491763,1.26471,0.700468,0.758185,0.998754,2.46387,2.29281,0.788004,1.54153,1.64701,2.69443,-0.849451,-0.991535,-0.202954,-0.0123786,-0.296073,-0.796221,-1.50066,-3.49898,-0.210237
-2.35285,-1.37702,-1.41982,-2.60803,-3.27838,-0.0468757,0.054631,0.0629595,0.0838728,0.0304644,1.17088,0.690595,0.438888,0.990638,2.50321,2.04044,0.627667,1.25829,1.73397,2.55679,-0.843639,-1.04167,-0.186185,-0.00722274,-0.347867,-0.859249,-1.55198,-3.50347,-0.196432
-2.57916,-1.40187,-1.70829,-2.6625,-3.28598,0.0252325,0.140076,0.103411,0.0042442,0.142136,1.49541,0.740712,0.692118,1.20684,2.30736,2.32889,0.815886,1.51471,1.66929,2.66084,-0.87357,-0.984017,-0.179112,0.0582933,-0.271459,-0.741402,-1.53289,-3.46272,-0.200549
-2.12718,-1.13728,-1.45055,-2.34932,-2.96797,-0.293276,-0.0610221,-0.0142308,-0.0657665,0.0053429,1.09963,0.49231,0.584971,0.796392,2.08157,1.70908,0.407739,1.35432,1.41555,2.18854,-0.909924,-1.06671,-0.193023,-0.0111169,-0.301507,-0.833733,-1.52584,-3.48698,-0.223312
-2.42076,-1.37572,-1.70455,-2.6927,-3.19537,-0.191441,-0.0298329,0.107463,-0.000336431,-0.197974,1.26873,0.680221,0.682641,0.959848,2.42739,2.10812,0.63864,1.54477,1.64677,2.44378,-0.882819,-1.0553,-0.223691,0.0491397,-0.316338,-0.779763,-1.51633,-3.5031,-0.19681
-2.48399,-1.40989,-1.51468,-2.66629,-3.34938,-0.0745488,0.067428,0.0673992,0.108766,0.112636,1.19407,0.51759,0.457549,0.832403,2.19186,2.06445,0.601814,1.37732,1.55735,2.56114,-0.920323,-1.07872,-0.198739,0.0513021,-0.323748,-0.843269,-1.50747,-3.46643,-0.214477
-2.28419,-1.22685,-1.44421,-2.54882,-2.96152,-0.217396,-0.115324,-0.105487,0.00526936,-0.348912,1.03366,0.54065,0.489181,0.740206,2.15526,1.93804,0.538152,1.28142,1.52904,2.41944,-0.905577,-1.05667,-0.200087,-0.00242257,-0.309014,-0.819999,-1.51659,-3.45753,-0.241105
-2.50193,-1.32077,-1.54732,-2.34507,-3.15423,-0.165411,-0.0858881,-0.00393943,-0.0387394,-0.148405,1.38917,0.71412,0.66094,0.910492,2.33969,2.22651,0.559679,1.31941,1.26213,2.42877,-0.931492,-1.07164,-0.174501,0.0134091,-0.308958,-0.788842,-1.5563,-3.49748,-0.218509
-2.42849,-1.42325,-1.67634,-2.619,-3.4699,-0.188084,0.0149254,0.0897312,-0.0136848,-0.0101084,1.31511,0.802683,0.759631,1.04816,2.67505,2.17063,0.740045,1.50872,1.73695,2.782,-0.882109,-1.00654,-0.243034,0.00413155,-0.339497,-0.814743,-1.46954,-3.44856,-0.271024
-2.20353,-1.30104,-1.58268,-2.42031,-3.11533,-0.245358,-0.0594167,-0.0553874,-0.0175272,-0.101871,0.966385,0.466382,0.621904,0.511703,2.22131,1.93736,0.620055,1.45043,1.38581,2.48851,-0.794428,-1.06301,-0.137017,0.0114165,-0.307634,-0.772958,-1.54627,-3.48741,-0.167766
-2.67213,-1.37586,-1.71498,-2.8074,-3.37838,0.0654464,0.0543457,0.129742,0.191906,0.102351,1.4444,0.635689,0.70585,1.14028,2.51791,2.26822,0.618863,1.52908,1.78139,2.58929,-0.90014,-1.07751,-0.211863,0.0368993,-0.321075,-0.805924,-1.5164,-3.47615,-0.225853
-2.43081,-1.42762,-1.62924,-2.66773,-3.20603,-0.142103,0.0157521,0.0245651,0.0505553,-0.0014611,1.09515,0.581497,0.592882,0.869483,2.16614,2.15563,0.613892,1.40062,1.73319,2.45578,-0.855472,-1.06686,-0.136778,0.02076,-0.340673,-0.788334,-1.47969,-3.49008,-0.215818
-2.26484,-1.07501,-1.4023,-2.55996,-3.00121,-0.121287,-0.0357732,0.0921692,0.222982,-0.104678,1.30764,0.582014,0.440553,0.905792,2.36555,1.97293,0.41588,1.21916,1.21318,2.34,-0.913916,-1.08037,-0.176309,0.0474913,-0.300029,-0.773558,-1.48692,-3.47274,-0.221132
-2.35764,-1.3166,-1.54246,-2.35514,-3.36624,-0.185064,-0.086487,-0.0701526,-0.0886827,0.109095,1.15231,0.598012,0.74989,0.743772,2.39731,2.10077,0.669308,1.50467,1.59213,2.61144,-0.868239,-1.04138,-0.225426,-0.0444842,-0.32144,-0.802209,-1.48133,-3.46303,-0.243917
-2.24985,-1.24928,-1.39289,-2.27626,-3.00846,-0.125915,0.0471201,0.129336,0.237566,-0.0607021,1.15512,0.611817,0.593035,0.941147,2.1209,1.72728,0.360924,1.19111,1.16049,2.23325,-0.824661,-0.986581,-0.270292,-0.0931184,-0.387846,-0.868474,-1.45499,-3.40769,-0.237401
-2.57566,-1.51419,-1.72126,-2.48915,-3.54805,-0.1969,-0.0163023,0.0647427,-0.0718753,0.00202059,1.40033,0.735997,0.697456,0.802948,2.6111,2.4424,0.912883,1.56449,1.41198,2.95029,-0.851438,-1.09449,-0.147267,0.0545705,-0.316213,-0.861156,-1.52728,-3.52665,-0.159301
-2.42311,-1.38703,-1.70102,-2.71929,-3.37438,-0.134559,0.0307963,0.149865,0.170319,-0.0631936,1.34148,0.700286,0.764961,1.23593,2.45586,2.12701,0.745796,1.44571,1.58775,2.6587,-0.848727,-1.01373,-0.14541,0.0214441,-0.319598,-0.795975,-1.48472,-3.43698,-0.209281
-2.30001,-1.24846,-1.51855,-2.40909,-3.17124,0.0233739,0.192384,0.167561,0.261622,0.255607,0.901164,0.25344,0.588248,0.836091,2.04969,1.89971,0.503738,1.39575,1.42586,2.39509,-0.867586,-1.00546,-0.214821,-0.0814861,-0.366535,-0.881346,-1.50054,-3.42833,-0.244182
-2.37247,-1.31385,-1.50848,-2.60406,-3.40372,-0.178274,0.0969765,0.0193772,0.0927884,0.265605,1.24293,0.525659,0.622764,0.87167,2.32908,2.13347,0.59736,1.39712,1.54797,2.44877,-0.937231,-1.09763,-0.139043,0.0303368,-0.324091,-0.819568,-1.47907,-3.49497,-0.235519
-2.34628,-1.24954,-1.58621,-2.61757,-3.17935,-0.183413,-0.0181394,0.00514977,-0.0438934,0.00250427,1.28459,0.615674,0.694417,1.04213,2.00985,2.21466,0.687305,1.47005,1.81785,2.56515,-0.874332,-0.998496,-0.131146,0.01856,-0.293305,-0.745906,-1.47156,-3.4863,-0.196231
-2.232,-1.05909,-1.49915,-2.46698,-2.88488,-0.145609,0.00977678,0.0908183,0.167458,0.0591432,0.978395,0.354356,0.618048,0.859405,1.92732,2.00446,0.333918,1.37427,1.56663,2.17134,-0.913157,-1.08099,-0.173347,0.0112727,-0.343308,-0.884293,-1.54194,-3.54154,-0.251695
-2.14743,-1.16682,-1.51771,-2.51787,-3.16963,-0.226964,-0.0284289,0.0656607,-0.00561405,-0.0109949,0.881894,0.354068,0.54956,0.857295,2.03158,2.00231,0.585078,1.41435,1.63286,2.63674,-0.826017,-1.02758,-0.155962,-0.00705335,-0.300365,-0.795206,-1.50273,-3.50279,-0.21234
-2.4668,-1.39892,-1.50868,-2.61947,-3.21567,0.0224478,0.133215,0.0970182,0.14754,0.123293,1.24145,0.647002,0.537276,0.91759,2.15664,2.05699,0.568083,1.31815,1.5443,2.46607,-0.853428,-1.01645,-0.183447,-0.027262,-0.331791,-0.79576,-1.51969,-3.47392,-0.206315
-2.29325,-1.14151,-1.49723,-2.40483,-2.87093,-0.189135,-0.0639683,0.0356777,-0.0178213,-0.29126,1.03626,0.307533,0.561761,0.92146,2.0315,1.94497,0.371404,1.3558,1.35059,2.19729,-0.863542,-1.00517,-0.198591,-0.0195936,-0.374217,-0.857707,-1.47275,-3.49203,-0.247151
-2.39133,-1.27056,-1.47716,-2.52161,-2.98718,-0.186572,-0.0795014,0.0238589,-0.129828,-0.160726,1.33319,0.679915,0.58417,1.03924,2.30728,2.21471,0.623379,1.31378,1.62656,2.32598,-0.873532,-1.042,-0.188409,-0.00836949,-0.316804,-0.761115,-1.50635,-3.47535,-0.205889
-2.36034,-1.20294,-1.47268,-2.41746,-2.88591,-0.155603,-0.0264828,0.000862305,-0.0641803,-0.0701837,1.11525,0.514539,0.529755,0.832535,2.08481,2.06675,0.509363,1.30349,1.48542,2.18832,-0.828705,-1.02014,-0.167206,-0.0220603,-0.30082,-0.770385,-1.51394,-3.44533,-0.249383
-2.6608,-1.43546,-1.64623,-2.80273,-3.24527,0.112771,0.24163,0.314193,0.343437,0.171067,1.2328,0.56496,0.596893,0.995441,2.10123,2.19675,0.65053,1.32456,1.68262,2.55651,-0.857639,-1.08279,-0.184902,0.0392162,-0.330428,-0.791726,-1.4892,-3.44867,-0.218941
-2.24131,-1.13393,-1.56432,-2.57881,-3.10084,-0.179244,-0.112559,0.0174037,-0.112658,-0.176785,1.24975,0.692309,0.679501,1.10309,2.45673,2.03011,0.503848,1.44999,1.74104,2.43583,-0.886608,-1.0254,-0.165108,0.022218,-0.262212,-0.749435,-1.53177,-3.5109,-0.203715
-2.25761,-0.983056,-1.51686,-2.37063,-2.67072,-0.471068,-0.321272,0.00732144,-0.195818,-0.360426,1.1823,0.33398,0.531601,0.835094,2.00296,2.10502,0.317984,1.32904,1.2996,1.99106,-0.881593,-1.05893,-0.141366,0.00158189,-0.396647,-0.865153,-1.55723,-3.58266,-0.224865
-2.21865,-1.10285,-1.38037,-2.13095,-3.0864,-0.363234,-0.217957,-0.0427741,-0.275272,-0.0647096,1.09474,0.484038,0.400589,0.591342,2.20342,1.94058,0.393043,1.22818,1.26868,2.44431,-0.867672,-1.01615,-0.228058,0.00181443,-0.298401,-0.815634,-1.48977,-3.42727,-0.243777
-2.17663,-0.990251,-1.3485,-2.28476,-2.8737,-0.229322,-0.0545352,0.0628259,0.074232,-0.149625,1.01555,0.238666,0.397412,0.796136,1.92816,1.93451,0.417691,1.19219,1.34275,2.30027,-0.856245,-1.0033,-0.193029,-0.0301887,-0.288285,-0.818192,-1.51468,-3.45972,-0.254581
-2.32521,-1.32766,-1.53721,-2.44224,-3.10153,-0.158344,-0.0122486,0.0804645,0.0452252,-0.101461,0.999157,0.486681,0.48068,0.828395,1.938,1.96441,0.521462,1.35311,1.32107,2.33936,-0.8254,-1.07708,-0.218903,-0.0189019,-0.352437,-0.845073,-1.48484,-3.44725,-0.187938
-2.67675,-1.53067,-1.88919,-2.8427,-3.49777,0.139295,0.181892,0.234188,0.217018,0.18102,1.15258,0.543032,0.752657,0.898818,2.4686,2.30949,0.816489,1.61132,1.69043,2.80269,-0.881396,-1.04938,-0.186094,0.0651766,-0.287997,-0.795576,-1.55199,-3.50506,-0.254478
-2.11512,-1.1402,-1.37311,-2.41565,-3.0348,-0.158241,0.0485871,0.127593,0.228633,0.0358636,1.04083,0.474784,0.502695,0.816748,2.02266,1.61957,0.24429,1.11738,1.13397,2.22096,-0.88412,-1.02033,-0.167903,0.0161125,-0.343379,-0.810961,-1.46159,-3.46668,-0.219232
-2.42606,-1.46323,-1.67864,-2.67093,-3.45987,-0.371119,-0.0611031,0.0833728,0.0508939,0.0149297,1.20992,0.456905,0.637337,0.724977,2.23308,2.14405,0.739349,1.37977,1.52297,2.75957,-0.850177,-1.06437,-0.211214,0.0181124,-0.275762,-0.734865,-1.52109,-3.4461,-0.172016
-2.55262,-1.59995,-1.70856,-2.78242,-3.5033,-0.214414,-0.0729367,0.0559277,0.149163,-0.071306,1.3175,0.850036,0.681398,0.924114,2.59905,2.27478,0.973875,1.6191,1.65678,2.81923,-0.921058,-1.06827,-0.166147,0.0295134,-0.349511,-0.835404,-1.48987,-3.51349,-0.199202
-2.51583,-1.42156,-1.56464,-2.54383,-3.39096,-0.163567,-0.0341509,0.0543545,-0.0589145,-0.0483533,1.34427,0.693018,0.640471,1.02199,2.29989,2.28585,0.834855,1.45068,1.60485,2.81309,-0.92372,-1.07025,-0.209491,0.0227702,-0.331403,-0.80973,-1.5263,-3.50915,-0.187755
-2.18729,-1.14511,-1.47884,-2.58313,-3.20089,-0.227794,-0.121776,0.0827031,0.0792518,-0.261601,1.01282,0.398828,0.503064,0.834619,2.21828,1.7722,0.481591,1.31906,1.43768,2.60264,-0.890116,-1.05984,-0.153024,-0.00398194,-0.389736,-0.919279,-1.5141,-3.54861,-0.214663
-2.42137,-1.36316,-1.51513,-2.67088,-3.25037,-0.176264,-0.00698231,0.0618472,0.145451,0.0183846,1.31843,0.695733,0.533245,0.993546,2.39546,2.23209,0.727752,1.41899,1.70975,2.49301,-0.933247,-1.04714,-0.175354,-0.0214762,-0.32366,-0.855413,-1.56062,-3.5371,-0.236344
-2.71523,-1.46188,-1.71372,-2.73852,-3.49715,-0.070541,-0.0732526,0.00510384,0.0665098,0.0890746,1.4364,0.710059,0.803077,1.22037,2.65122,2.57647,0.926702,1.64806,1.76452,2.87113,-0.865315,-1.04778,-0.223461,-0.0238884,-0.343865,-0.823693,-1.58824,-3.5054,-0.197096
-2.1899,-1.21226,-1.60583,-2.48326,-2.93919,-0.160996,-0.0616684,0.0905103,-0.0088333,-0.270293,0.836042,0.41471,0.591389,0.657795,1.9393,1.94587,0.475792,1.37801,1.43257,2.34358,-0.805699,-1.06242,-0.14178,-0.01122,-0.296994,-0.763632,-1.52317,-3.4534,-0.190288
-2.50386,-1.39261,-1.71028,-2.61528,-3.28326,-0.384257,-0.117131,-0.0160726,-0.0843122,-0.271212,1.5547,0.858626,0.818782,1.07757,2.68501,2.49598,0.773038,1.58677,1.63294,2.51837,-0.878009,-1.04353,-0.144372,0.080388,-0.289217,-0.7631,-1.55937,-3.50796,-0.206889
-2.15574,-1.07226,-1.46165,-2.35281,-2.84419,-0.407438,-0.179341,-0.0313252,-0.213169,-0.258457,1.1002,0.306022,0.555977,1.01673,1.88563,1.95435,0.500859,1.31961,1.53108,2.35801,-0.856028,-1.00517,-0.208168,-0.0572321,-0.329735,-0.768757,-1.52006,-3.4362,-0.230045
-2.26648,-1.27857,-1.40943,-2.43842,-3.02347,-0.336044,-0.0793888,-0.0195648,0.0413441,-0.229185,1.10959,0.494704,0.432376,0.783923,2.09153,2.06458,0.528082,1.23112,1.32632,2.23426,-0.886437,-1.05078,-0.105841,0.0587866,-0.305107,-0.794983,-1.4975,-3.47287,-0.176147
-2.06387,-1.0228,-1.43183,-2.27397,-2.85849,-0.3056,-0.130053,-0.0127266,-0.12604,-0.207459,1.06039,0.37185,0.519422,0.904378,1.77431,1.92392,0.491977,1.29966,1.33116,2.28378,-0.921801,-1.06232,-0.20145,0.000515088,-0.336137,-0.829796,-1.49686,-3.45369,-0.191269
-2.49949,-1.36529,-1.51381,-2.55052,-3.15453,-0.196471,0.0436863,0.0695666,0.0200054,0.0321423,1.32388,0.588631,0.544243,1.12644,2.25666,2.34739,0.756865,1.3585,1.64646,2.51595,-0.88616,-1.01791,-0.181003,0.0114072,-0.346727,-0.791569,-1.51004,-3.45874,-0.262153
-2.47973,-1.33291,-1.58713,-2.60898,-3.19599,-0.00799084,0.0849251,0.147541,0.136478,0.108405,1.19501,0.450483,0.545587,0.874036,2.13919,2.08168,0.494767,1.33512,1.4923,2.39846,-0.876794,-1.06456,-0.200263,-0.0765818,-0.324359,-0.81921,-1.47387,-3.50332,-0.245078
-2.4188,-1.27369,-1.71848,-2.70138,-3.08983,-0.0322349,0.000405578,0.0883622,0.0184547,-0.120998,0.971314,0.446402,0.592511,0.699953,2.0139,1.86279,0.409428,1.43772,1.4424,2.21006,-0.847704,-1.01266,-0.14209,0.0776286,-0.305208,-0.752454,-1.54628,-3.47497,-0.206605
-2.24501,-1.26755,-1.54383,-2.62342,-2.97036,-0.381147,-0.0769491,-0.0557963,-0.140661,-0.114499,1.24542,0.698012,0.638423,0.960975,2.33716,2.08075,0.563321,1.42053,1.70596,2.28346,-0.904355,-1.03749,-0.192408,-0.00156633,-0.359822,-0.828305,-1.52201,-3.55328,-0.227691
-2.23299,-1.07235,-1.47422,-2.37355,-2.97756,-0.201406,-0.164155,0.0786946,0.102714,-0.0850688,0.966851,0.374114,0.482651,0.717373,2.04511,1.89119,0.375439,1.2749,1.27788,2.21117,-0.867758,-1.03714,-0.18855,-0.0208064,-0.300651,-0.769713,-1.52264,-3.51254,-0.243429
-2.27115,-1.25032,-1.5249,-2.47487,-3.27186,-0.128128,0.071483,0.021358,0.033593,0.0643776,1.1254,0.508535,0.557204,0.732469,2.16312,1.8626,0.471126,1.22973,1.21269,2.53031,-0.848033,-1.0601,-0.175519,0.0431486,-0.326994,-0.761895,-1.51717,-3.47446,-0.2219
-2.11941,-1.05544,-1.41771,-2.4469,-2.93314,-0.208596,0.0240508,-0.0113502,-0.169072,-0.0979097,0.981385,0.295458,0.528626,0.880527,2.20626,1.89556,0.456317,1.28413,1.54077,2.40066,-0.934139,-1.08329,-0.188716,0.0327227,-0.308129,-0.816883,-1.56013,-3.54968,-0.27284
-2.29767,-1.1285,-1.43261,-2.45013,-2.99376,-0.121415,0.0759173,0.0819299,-0.00068346,-0.0282357,1.12759,0.415605,0.422269,0.852138,2.13209,1.86369,0.227917,1.18458,1.296,2.19087,-0.905648,-1.06678,-0.211115,0.0580673,-0.310759,-0.831801,-1.56284,-3.54916,-0.219082
-2.28777,-1.31422,-1.53666,-2.42994,-3.37556,-0.0199149,0.0382634,0.115527,0.0310391,0.113034,1.11768,0.631807,0.628719,0.967231,2.43043,1.85467,0.557599,1.35096,1.38111,2.62182,-0.903249,-1.03807,-0.185136,0.0120432,-0.366369,-0.916421,-1.47192,-3.50154,-0.209311
-2.41592,-1.24586,-1.47174,-2.34656,-3.00841,-0.0120806,0.0878686,0.100075,-0.129244,-0.102521,1.11712,0.54188,0.527917,0.715945,2.11123,2.11498,0.51446,1.35135,1.51221,2.43685,-0.909139,-1.06174,-0.263168,-0.0251043,-0.34782,-0.794948,-1.55977,-3.51356,-0.22468
-2.41383,-1.32617,-1.69704,-2.55732,-3.15144,-0.0368352,-0.0101874,0.106777,-0.0345644,-0.16211,1.13214,0.619989,0.647086,1.00023,2.26719,2.02029,0.541932,1.47205,1.63471,2.58906,-0.818997,-1.02765,-0.138951,0.00198404,-0.328137,-0.816388,-1.57673,-3.55647,-0.21825
-2.76016,-1.47629,-1.73762,-2.89953,-3.41148,-0.0117153,0.172424,0.148367,0.197872,0.0547795,1.47843,0.620738,0.649014,0.978407,2.36145,2.45538,0.76645,1.5606,1.85525,2.77417,-0.811005,-1.05174,-0.176435,0.01275,-0.331,-0.80792,-1.55467,-3.5215,-0.201073
-2.2696,-1.17982,-1.47833,-2.55411,-2.85894,-0.146391,-0.0627766,0.170155,0.205862,-0.19959,1.18991,0.548039,0.536475,0.873147,2.08595,1.86217,0.423287,1.15745,1.42861,2.19078,-0.874351,-1.03032,-0.197934,-0.00879274,-0.338523,-0.829645,-1.4608,-3.40283,-0.223036
-2.40906,-1.29875,-1.58871,-2.6771,-3.22679,-0.158726,-0.0369065,-0.000984436,0.135059,-0.0315473,1.33274,0.685137,0.625225,1.02888,2.48844,2.196,0.728904,1.51541,1.78252,2.57709,-0.85274,-1.0418,-0.158805,0.00590924,-0.264312,-0.750075,-1.5221,-3.45713,-0.221795
-2.27212,-1.18117,-1.48929,-2.33146,-2.98143,-0.252103,-0.137723,0.0144891,-0.0770896,-0.187951,1.27622,0.653737,0.565699,0.708045,2.22294,2.07945,0.608528,1.36081,1.54442,2.40384,-0.891013,-1.00375,-0.225539,-0.0345768,-0.309412,-0.735501,-1.51093,-3.50593,-0.228212
-2.16003,-1.14805,-1.49122,-2.29819,-3.09704,-0.325893,-0.119226,-0.0396601,-0.112875,-0.231781,1.0274,0.361656,0.638765,0.803732,2.11888,2.08795,0.59395,1.50911,1.38597,2.6582,-0.884732,-1.06087,-0.162464,0.00186142,-0.296846,-0.867963,-1.47087,-3.4427,-0.270343
-2.20584,-1.15334,-1.51941,-2.3737,-2.9699,-0.122801,0.0777266,0.0120241,-0.185548,0.0316497,1.0341,0.415068,0.56956,0.772847,2.01539,1.80837,0.364059,1.42452,1.44378,2.33734,-0.902112,-1.12063,-0.150366,0.00017474,-0.289146,-0.777168,-1.54598,-3.56366,-0.247943
-2.50277,-1.29839,-1.59355,-2.54997,-3.13388,-0.122984,0.0336458,0.113032,0.0116705,-0.258498,1.36539,0.603843,0.703592,0.963328,2.36327,2.10764,0.534923,1.39641,1.55056,2.52741,-0.889579,-1.07135,-0.204162,0.0446553,-0.315181,-0.840944,-1.52257,-3.48527,-0.192681
-2.61872,-1.51866,-1.69681,-2.76766,-3.34821,-0.00423014,-0.00518615,0.0186318,-0.033609,-0.0551628,1.5632,0.830473,0.812066,1.17495,2.52507,2.42457,0.851266,1.57667,1.87546,2.82997,-0.912291,-1.10688,-0.181229,0.0107936,-0.3356,-0.812801,-1.58554,-3.57574,-0.204194
-2.38543,-1.32957,-1.58152,-2.47169,-3.19022,-0.112721,0.0169328,0.117031,0.325828,-0.0879574,1.17843,0.460046,0.60756,0.691326,2.17775,2.16475,0.633193,1.43293,1.31017,2.58432,-0.819878,-1.00423,-0.156668,-0.0159443,-0.339664,-0.846364,-1.46876,-3.43644,-0.185621
-2.49988,-1.44242,-1.5391,-2.64984,-3.27615,-0.324308,-0.122219,-0.0111634,-0.13872,-0.101965,1.26003,0.664103,0.646199,1.10343,2.40831,2.14481,0.83001,1.51463,1.81965,2.6465,-0.841475,-1.02742,-0.179963,-0.0155195,-0.292113,-0.873434,-1.52383,-3.46702,-0.2686
-2.32292,-1.1953,-1.44095,-2.5083,-3.00982,-0.0821932,-0.00448558,0.109293,0.165766,0.00578199,0.969097,0.406048,0.42824,0.637848,1.90347,2.01752,0.544082,1.20353,1.4504,2.34461,-0.867496,-1.01666,-0.207039,0.0106692,-0.267873,-0.765868,-1.48225,-3.43287,-0.204693
-2.38765,-1.26968,-1.48996,-2.363,-3.06756,-0.0772559,0.0401636,0.124796,0.0387475,0.00637435,1.00969,0.383273,0.42333,0.624569,2.12078,1.97497,0.518921,1.25356,1.34853,2.41288,-0.834622,-1.01046,-0.225016,-0.0972405,-0.365453,-0.801944,-1.50232,-3.51427,-0.235232
-2.20392,-1.05413,-1.51539,-2.38396,-3.11647,-0.249062,-0.146867,0.0266234,0.00818494,-0.014473,1.06751,0.443792,0.625654,0.850406,2.21092,2.00007,0.530032,1.3924,1.35218,2.57498,-0.880135,-1.0036,-0.18807,0.0135153,-0.261922,-0.729771,-1.45318,-3.38937,-0.196068
-2.30666,-1.24356,-1.6383,-2.67511,-2.99147,-0.239725,-0.0735161,0.0527226,-0.00788284,-0.131245,1.10882,0.511738,0.674615,1.03119,2.11035,1.91016,0.598263,1.40279,1.46326,2.36775,-0.919453,-1.09562,-0.163338,-0.019445,-0.31992,-0.802664,-1.56593,-3.60685,-0.224276
-2.27589,-1.20387,-1.59119,-2.50254,-3.10126,-0.171641,-0.144014,0.0443098,0.148285,-0.21197,1.06885,0.472916,0.651296,0.78869,2.13743,1.89259,0.538369,1.33442,1.48253,2.45482,-0.882038,-1.04177,-0.220733,-0.0360969,-0.347572,-0.835811,-1.51208,-3.55228,-0.272308
-2.33769,-1.21951,-1.60803,-2.78758,-3.0301,-0.217275,-0.0195437,0.060921,0.234267,-0.0721592,1.31231,0.594968,0.560836,1.03179,2.29381,2.07629,0.601099,1.43301,1.65113,2.41959,-0.866409,-1.04675,-0.14979,0.0745412,-0.330073,-0.781917,-1.61286,-3.60905,-0.233263
-2.33203,-1.2089,-1.51121,-2.38946,-3.15054,-0.217458,-0.127103,0.0400674,-0.108131,-0.127313,1.26582,0.543823,0.593724,0.880048,2.28112,2.03629,0.597208,1.3799,1.40524,2.59654,-0.881231,-1.03277,-0.160257,-0.023118,-0.346997,-0.861612,-1.48566,-3.50981,-0.204895
-2.12828,-1.26057,-1.48153,-2.45277,-3.04519,-0.233291,-0.108809,-0.0208689,-0.0110849,-0.244679,1.13953,0.583685,0.59225,0.716022,2.19987,1.97279,0.775649,1.41555,1.55433,2.62628,-0.905656,-1.03949,-0.15317,-0.0122693,-0.34627,-0.846363,-1.4824,-3.45299,-0.185307
-2.56276,-1.57384,-1.70921,-2.76155,-3.40201,-0.150794,0.0132096,0.100779,0.17859,-0.0242945,1.23659,0.667488,0.665833,1.08302,2.45386,2.27276,0.804473,1.53124,1.60895,2.69199,-0.903302,-1.05722,-0.16446,0.0373454,-0.343129,-0.832197,-1.51664,-3.42781,-0.179329
-2.29587,-1.38925,-1.56431,-2.55368,-3.181,-0.108603,0.112805,0.144991,0.100426,0.0876589,1.20399,0.576222,0.596318,1.00056,2.18594,2.04072,0.722977,1.34562,1.53338,2.5871,-0.880265,-1.06989,-0.16646,0.0261135,-0.352272,-0.824984,-1.50574,-3.49788,-0.213855
-2.26487,-1.23135,-1.55496,-2.50738,-3.28957,-0.305284,-0.0881804,-0.0219037,-0.0860591,-0.0478258,1.02517,0.409254,0.520999,0.825625,2.22203,1.87103,0.423407,1.36589,1.60471,2.59357,-0.835596,-1.01396,-0.179828,0.0122573,-0.381643,-0.821963,-1.52507,-3.47754,-0.256224
-2.12323,-1.13516,-1.38866,-2.33921,-3.10619,-0.231537,-0.0581449,-0.00955953,0.122735,-0.0104118,1.04169,0.440589,0.464408,0.714447,2.23448,1.95489,0.593011,1.29676,1.3073,2.53863,-0.835023,-1.05258,-0.16392,-0.0230048,-0.328856,-0.770515,-1.52263,-3.49843,-0.219006
-2.35919,-1.33741,-1.64169,-2.66472,-3.21437,-0.487542,-0.25868,-0.0976716,-0.325876,-0.321802,1.22765,0.603425,0.591417,0.952956,2.43355,2.11694,0.667222,1.46284,1.59668,2.67375,-0.896023,-1.09648,-0.191709,-0.00607934,-0.308164,-0.774081,-1.59345,-3.56252,-0.192593
-2.43251,-1.50044,-1.52539,-2.622,-3.144,-0.198101,0.0270506,0.102519,0.00727971,-0.100228,1.34489,0.842382,0.589687,1.00635,2.36391,2.12882,0.728019,1.33732,1.56927,2.43508,-0.833656,-0.997273,-0.201235,0.0051582,-0.313569,-0.795801,-1.45215,-3.43075,-0.245368
-2.55579,-1.38484,-1.73645,-2.6374,-3.21154,-0.0642986,0.0121894,0.110207,0.128908,0.0500897,1.43084,0.716147,0.801971,1.11096,2.32325,2.20171,0.721027,1.48461,1.43704,2.57089,-0.871106,-1.10996,-0.217655,0.049973,-0.340633,-0.80299,-1.52684,-3.51256,-0.243986
-2.42265,-1.2639,-1.50942,-2.48601,-2.98527,-0.0288138,-0.0401869,0.115561,0.0709951,-0.108976,1.0051,0.404559,0.398657,0.696032,1.88002,1.94075,0.490454,1.31906,1.3932,2.29957,-0.823788,-1.03715,-0.138415,0.00119054,-0.398997,-0.810503,-1.54217,-3.4718,-0.171598
-2.43785,-1.366,-1.65723,-2.57034,-3.2298,0.00653868,0.170589,0.233395,0.290968,0.205364,1.15073,0.482047,0.616057,0.966195,2.12044,2.06465,0.538293,1.3921,1.43452,2.34661,-0.909842,-1.07787,-0.176075,-0.0107949,-0.285372,-0.796093,-1.51328,-3.49882,-0.230984
-2.25143,-1.30183,-1.5281,-2.64383,-3.36703,-0.344162,-0.204171,0.025285,-0.0548526,0.0106996,0.971719,0.475567,0.436896,0.845476,2.15825,2.04238,0.69673,1.35321,1.64232,2.64197,-0.904109,-1.0896,-0.222284,0.00816028,-0.317214,-0.778166,-1.54675,-3.5467,-0.193812
-2.28109,-1.13792,-1.51951,-2.42488,-2.99436,-0.211932,-0.171092,0.00451055,-0.0727279,-0.306746,1.11111,0.469992,0.579619,0.949367,1.99354,1.83291,0.40754,1.28671,1.24584,2.41432,-0.828828,-1.00107,-0.192801,0.018353,-0.308504,-0.794704,-1.49371,-3.48675,-0.200479
-2.44421,-1.31877,-1.60848,-2.48611,-3.19934,-0.194807,0.0611023,0.0760444,0.140267,-0.0520985,1.18989,0.425902,0.447873,0.641986,2.19811,2.30977,0.720597,1.47333,1.39797,2.62087,-0.884207,-1.11076,-0.174772,-0.0369775,-0.358988,-0.842519,-1.54446,-3.52261,-0.192304
-2.52862,-1.39766,-1.60702,-2.56439,-3.32687,0.0094737,0.0166861,0.019986,0.0615558,0.0211547,1.26677,0.617179,0.534216,0.867733,2.25339,2.09471,0.615739,1.38407,1.40221,2.4901,-0.841392,-1.01042,-0.15948,0.0464391,-0.332332,-0.824725,-1.5255,-3.48519,-0.193082
-2.54241,-1.3393,-1.67523,-2.70024,-3.19543,-0.18541,-0.162367,0.0983141,0.0355094,-0.231226,1.24665,0.652449,0.697917,1.00374,2.36626,2.06613,0.575086,1.50102,1.67819,2.38369,-0.908065,-1.04146,-0.27295,-0.0470412,-0.387979,-0.826654,-1.54052,-3.54373,-0.23371
-2.26387,-1.22293,-1.52829,-2.59578,-3.17639,-0.195369,-0.0952398,0.0487013,0.169445,-0.233454,1.08534,0.51533,0.524842,1.08575,2.21925,2.08121,0.652364,1.44527,1.62594,2.74875,-0.898845,-1.00702,-0.162523,0.0267635,-0.331959,-0.822092,-1.48225,-3.50162,-0.247475
-2.15689,-1.15917,-1.52248,-2.29196,-3.0852,-0.28712,-0.146583,-0.0251629,-0.0321404,-0.136686,1.01728,0.503002,0.600352,0.651814,2.08358,1.96875,0.506984,1.4287,1.30491,2.43917,-0.871549,-1.03833,-0.168708,-0.00474369,-0.346105,-0.819471,-1.52336,-3.49976,-0.193327
-2.1006,-1.02107,-1.53891,-2.4357,-2.92079,-0.368075,-0.181939,0.0173445,-0.0707106,-0.213425,1.02473,0.321281,0.592708,0.853171,2.07835,1.90617,0.441079,1.35189,1.40542,2.37896,-0.845365,-1.05008,-0.152766,0.00571433,-0.315983,-0.824296,-1.55541,-3.52945,-0.226373
-2.33655,-1.38672,-1.60631,-2.66424,-3.44955,-0.210974,0.0488216,-0.00868691,0.0131952,-0.00627198,1.05966,0.601256,0.591135,1.01898,2.50202,1.97871,0.609692,1.46384,1.52353,2.73898,-0.918,-1.08133,-0.157977,0.0112685,-0.248681,-0.786378,-1.52519,-3.55699,-0.258913
-2.50699,-1.37181,-1.61763,-2.45256,-3.29207,-0.266562,-0.0194437,0.0812043,-0.0924875,-0.0682205,1.23376,0.545753,0.597296,0.735899,2.27178,2.32747,0.787599,1.46199,1.50251,2.68516,-0.876082,-1.04524,-0.200275,-0.00202919,-0.314757,-0.77113,-1.56829,-3.48737,-0.233322
-2.54684,-1.47519,-1.7395,-2.67169,-3.15241,-0.14909,0.0255699,0.127134,0.0187164,-0.141848,1.18426,0.56942,0.726565,1.10562,2.0566,2.41045,0.798634,1.57982,1.69429,2.58834,-0.932244,-1.11719,-0.168141,0.000363481,-0.335868,-0.779577,-1.53078,-3.48593,-0.2532
-2.43924,-1.36916,-1.59577,-2.75009,-3.37519,-0.277378,-0.208172,-0.00870337,-0.261872,-0.109999,1.17766,0.638189,0.611199,1.04677,2.19025,2.08189,0.654424,1.49615,1.899,2.66272,-0.867282,-1.01276,-0.123917,0.0957983,-0.33175,-0.850936,-1.51967,-3.52731,-0.222699
-2.3941,-1.2595,-1.38231,-2.54156,-3.01647,-0.169928,-0.124353,0.0238403,-0.135179,-0.19369,1.21588,0.556107,0.383732,0.816962,2.20193,2.08399,0.593966,1.16257,1.59379,2.43429,-0.869577,-1.05675,-0.150857,0.0289996,-0.343412,-0.813335,-1.51996,-3.50414,-0.157605
-2.43907,-1.30511,-1.52816,-2.5538,-3.24689,-0.143805,-0.0743577,0.02875,0.058201,-0.155017,1.18963,0.520882,0.546461,0.798867,2.3232,2.18472,0.659185,1.36073,1.45091,2.60659,-0.88625,-1.06474,-0.141873,0.0454913,-0.322772,-0.760925,-1.47992,-3.46969,-0.204012
-2.38992,-1.35265,-1.6289,-2.63156,-3.17402,-0.133101,0.0467081,0.0349498,0.141639,0.126359,1.26544,0.568467,0.537707,0.786175,2.21759,2.15429,0.745168,1.48322,1.5511,2.5007,-0.886957,-1.05363,-0.142893,0.0705633,-0.337948,-0.855444,-1.52969,-3.51335,-0.225965
-2.57954,-1.52996,-1.75657,-2.88229,-3.44449,-0.0485275,0.0592635,0.139802,0.216368,-0.0150653,1.33208,0.80376,0.757809,1.315,2.60535,2.08645,0.615286,1.43537,1.74653,2.52819,-0.887106,-1.00865,-0.173443,-0.0105407,-0.366033,-0.812759,-1.54474,-3.52195,-0.244543
-2.21538,-1.11652,-1.52509,-2.50779,-2.98122,-0.246765,-0.187861,0.0628422,0.020734,-0.17847,1.16644,0.522966,0.499522,0.915615,2.13015,2.01534,0.583341,1.32816,1.53079,2.40572,-0.876961,-1.05976,-0.16419,0.036573,-0.334255,-0.810502,-1.50641,-3.48447,-0.229899
-2.14856,-1.07467,-1.50806,-2.27314,-3.12076,-0.225501,-0.12996,0.0423527,0.011775,-0.123027,0.988528,0.513717,0.617082,0.770107,2.43369,2.10743,0.628244,1.42413,1.33893,2.71578,-0.854491,-0.99108,-0.183909,0.000822426,-0.293422,-0.813745,-1.48838,-3.48784,-0.251167
-2.48044,-1.351,-1.62414,-2.46124,-3.13695,-0.114998,-0.0418116,0.102757,0.0151814,-0.061085,1.22099,0.551041,0.588408,0.579638,2.09697,2.29866,0.834833,1.42179,1.50887,2.67107,-0.920632,-1.05616,-0.227123,-0.0296402,-0.282188,-0.751159,-1.52507,-3.54889,-0.243238
-2.24774,-0.998521,-1.37232,-2.18707,-3.0389,-0.236548,-0.0224242,0.0672417,-0.0308479,-0.101513,1.13886,0.230448,0.35036,0.460489,2.04659,2.06017,0.334228,1.25426,1.31174,2.31622,-0.898822,-1.09034,-0.227009,-0.0141711,-0.347633,-0.862778,-1.51259,-3.57431,-0.254047
-2.2635,-1.0609,-1.45457,-2.09393,-2.80934,-0.207624,-0.245635,-0.00828984,-0.200585,-0.361296,1.11337,0.479723,0.568268,0.602033,2.21638,2.12098,0.559688,1.38634,1.32109,2.32297,-0.855311,-0.975505,-0.213453,-0.0301635,-0.331752,-0.820862,-1.4715,-3.42727,-0.260206
-2.34145,-1.17438,-1.67977,-2.4725,-3.32035,-0.265184,-0.155244,0.024746,-0.0535168,-0.152502,1.2762,0.544501,0.823262,0.901442,2.50245,2.07567,0.566317,1.55865,1.44547,2.75182,-0.925129,-1.06771,-0.167639,0.0320975,-0.330811,-0.828924,-1.50376,-3.52648,-0.208603
-2.37202,-1.22528,-1.5807,-2.49234,-3.10475,-0.103727,0.000111881,0.0367069,-0.0487829,-0.111845,1.3656,0.710641,0.735411,0.944415,2.47169,2.20701,0.562138,1.38932,1.53414,2.45892,-0.92903,-1.01871,-0.153947,0.0691993,-0.301866,-0.749619,-1.50174,-3.5255,-0.196244
-2.39648,-1.27977,-1.56089,-2.60895,-3.19573,-0.178048,0.0135175,0.125292,-0.0161139,-0.00540264,1.05384,0.299225,0.408823,0.817198,2.17523,2.07357,0.436863,1.27185,1.51059,2.3128,-0.91508,-1.1192,-0.16408,0.0514538,-0.376804,-0.870838,-1.55288,-3.5761,-0.203197
-2.19322,-1.07832,-1.5046,-2.31838,-3.05518,-0.40461,-0.221529,-0.118818,-0.232166,-0.136994,1.04252,0.427724,0.65917,0.908463,2.27979,2.08234,0.456234,1.46491,1.40179,2.30191,-0.900912,-1.07966,-0.208404,0.0153454,-0.336106,-0.815155,-1.4691,-3.42829,-0.25401
-2.37382,-1.1569,-1.47839,-2.44399,-2.94129,-0.247683,-0.204345,0.00724822,-0.0294016,-0.186112,1.22085,0.377586,0.579116,0.908829,1.97402,2.12103,0.551082,1.38002,1.46903,2.46042,-0.879386,-1.03454,-0.21699,-0.0369367,-0.326541,-0.845593,-1.48947,-3.46366,-0.266295
-2.28723,-1.32361,-1.56297,-2.56666,-3.29977,-0.342187,-0.0303658,0.0118104,-0.0042223,-0.0168711,1.05577,0.526332,0.494757,0.814913,2.39896,2.21217,0.690913,1.40709,1.64413,2.64321,-0.90834,-1.08867,-0.200662,-0.0458371,-0.352523,-0.828537,-1.54213,-3.52533,-0.243147
-2.51009,-1.32343,-1.55684,-2.48671,-3.33368,-0.0589458,-0.00371715,0.134215,0.13554,-0.137308,1.39771,0.722092,0.527219,0.847449,2.58734,2.36869,0.828152,1.49809,1.64527,2.94935,-0.846547,-1.01858,-0.158206,-0.0649155,-0.331983,-0.788619,-1.57128,-3.56711,-0.262206
-2.55711,-1.34654,-1.56556,-2.53842,-3.30204,-0.212567,-0.090148,-0.0277933,0.00155198,-0.121637,1.28956,0.577968,0.649294,0.834805,2.28848,2.37878,0.6496,1.43301,1.51239,2.67547,-0.877555,-1.0909,-0.1665,-0.0100463,-0.312565,-0.809277,-1.57959,-3.56434,-0.22617
-2.41266,-1.27267,-1.51954,-2.534,-3.26191,-0.125117,-0.0388165,0.088874,-0.0108944,-0.0143292,1.30058,0.572253,0.586082,0.864509,2.36514,2.15937,0.612649,1.35439,1.60576,2.61159,-0.868108,-1.03227,-0.19442,0.00849795,-0.320054,-0.796576,-1.48649,-3.46559,-0.189525
-2.36849,-1.2494,-1.39751,-2.30371,-3.05868,-0.139511,-0.0279074,0.0611104,0.0187099,0.0227596,1.12695,0.461895,0.405887,0.568493,2.06364,1.9725,0.561747,1.18013,1.35836,2.35153,-0.870523,-1.01259,-0.192619,0.00114582,-0.337446,-0.829053,-1.49176,-3.43847,-0.230086
-2.39846,-1.29831,-1.5384,-2.55284,-3.2329,-0.199897,-0.0495841,0.0914497,0.0765665,0.0682074,1.21501,0.501093,0.567667,0.977664,2.20421,2.02135,0.564302,1.2811,1.54093,2.61524,-0.895047,-1.07313,-0.175704,0.0351531,-0.382009,-0.867776,-1.52763,-3.50618,-0.207598
-2.33465,-1.26372,-1.55277,-2.3955,-3.06698,-0.243539,-0.117371,0.0883922,0.0293914,-0.269475,1.21938,0.566093,0.501123,0.660523,2.19206,2.21186,0.589805,1.31841,1.51242,2.62003,-0.855886,-1.03865,-0.157177,0.00810183,-0.386712,-0.829515,-1.51344,-3.45357,-0.237105
-2.54751,-1.44423,-1.76209,-2.69205,-3.32571,-0.070454,0.0640836,0.156149,0.117633,0.0240492,1.46396,0.778026,0.776408,0.958735,2.53161,2.17601,0.716893,1.55647,1.71829,2.74255,-0.884538,-1.01725,-0.187615,0.0234364,-0.366028,-0.813041,-1.49794,-3.47659,-0.262886
-2.33787,-1.25162,-1.60502,-2.54363,-3.1765,-0.101438,-0.00758159,0.0947522,0.061114,-0.0422054,1.37876,0.698811,0.771529,1.10976,2.4868,1.94445,0.534715,1.36679,1.46887,2.54294,-0.933339,-1.05796,-0.156276,-0.028,-0.308798,-0.789043,-1.5044,-3.49544,-0.253911
-2.34288,-1.31074,-1.5466,-2.68402,-3.15102,-0.185939,-0.0133836,-0.0131932,0.0970446,-0.301403,1.06987,0.510213,0.625115,0.937324,2.43877,2.0453,0.50318,1.40445,1.6187,2.50732,-0.893571,-1.05219,-0.188814,-0.0348578,-0.328308,-0.748604,-1.55754,-3.53186,-0.214715
-2.705,-1.5708,-1.6891,-2.70647,-3.41346,-0.155283,0.0885636,0.138457,0.045509,-0.0576698,1.08384,0.509918,0.563952,0.892198,2.31611,2.33062,0.786118,1.48336,1.59923,2.77637,-0.879467,-1.08853,-0.157283,0.0551564,-0.380852,-0.87543,-1.55043,-3.50183,-0.195366
-2.26297,-1.1835,-1.52077,-2.7049,-3.0342,-0.235633,-0.129124,0.0794037,0.227624,-0.147665,1.10748,0.535934,0.53285,1.00509,2.29259,2.02063,0.494384,1.36499,1.57311,2.40166,-0.902957,-1.06619,-0.239133,-0.0378248,-0.298601,-0.799277,-1.54367,-3.57484,-0.223144
-2.42729,-1.36887,-1.633,-2.44594,-3.12676,-0.26752,-0.119553,0.0103381,-0.0902609,0.0466026,1.35536,0.748859,0.664541,0.897795,2.27416,2.18453,0.716422,1.42753,1.53289,2.40013,-0.865476,-1.05662,-0.199015,0.0222643,-0.310123,-0.8197,-1.55032,-3.50865,-0.265942
-2.46532,-1.30548,-1.69821,-2.71673,-3.30638,-0.272246,-0.0438938,0.203791,0.125701,-0.0190011,1.22677,0.559355,0.545827,1.02292,2.38533,2.265,0.623094,1.35073,1.5789,2.75933,-0.922117,-1.05187,-0.171203,0.0497534,-0.285678,-0.769445,-1.57754,-3.54632,-0.238657
-2.20875,-1.2302,-1.54411,-2.48533,-3.26247,-0.125654,-0.0756696,0.0896081,0.0297489,-0.00312719,0.970373,0.466686,0.627391,0.850875,2.10927,1.99908,0.620638,1.36499,1.52597,2.71935,-0.886258,-0.99132,-0.149433,0.0408004,-0.363265,-0.82468,-1.4889,-3.40516,-0.189675
-2.40795,-1.31879,-1.52389,-2.58269,-3.17464,-0.187502,0.00130536,0.0331281,0.0220787,0.098353,1.29351,0.522335,0.542049,0.763446,1.97079,2.14714,0.681793,1.37407,1.40187,2.46967,-0.840154,-1.03502,-0.110177,0.0767846,-0.323577,-0.763367,-1.5089,-3.46168,-0.16658
-2.44045,-1.33562,-1.63239,-2.6358,-2.92087,-0.373467,-0.233667,-0.0401102,-0.0125662,-0.381492,1.25305,0.704886,0.707384,1.00477,2.18299,2.20894,0.647027,1.46766,1.61507,2.3296,-0.852354,-1.02042,-0.185349,0.0433171,-0.339261,-0.810332,-1.57812,-3.51348,-0.217337
-2.41863,-1.33903,-1.63599,-2.6499,-3.09905,-0.244596,0.124065,0.0997842,0.117004,0.120852,1.37816,0.60784,0.700463,0.835882,2.18224,2.01645,0.436459,1.2484,1.36878,2.23812,-0.872254,-1.06768,-0.137408,-0.00287472,-0.281253,-0.723877,-1.55765,-3.50723,-0.201467
-2.42331,-1.3155,-1.60202,-2.53296,-3.20055,-0.0748371,0.00965275,0.0963812,0.139903,-0.0548368,1.0687,0.505562,0.614047,0.705122,2.30217,2.09399,0.633367,1.40987,1.47177,2.60998,-0.884316,-1.0634,-0.169883,0.0138225,-0.357588,-0.853461,-1.50862,-3.52836,-0.223891
-2.46423,-1.42214,-1.72035,-2.59061,-3.12979,-0.113109,0.114247,0.11596,0.0833449,0.0457695,1.62324,0.832683,0.869782,0.95639,2.33989,2.14822,0.732985,1.56428,1.583,2.38939,-0.872117,-1.0342,-0.139661,0.0141184,-0.295925,-0.741008,-1.46721,-3.43356,-0.219697
-2.29955,-1.1622,-1.62478,-2.51867,-2.89264,-0.161565,-0.163105,0.176625,-0.0703949,-0.147117,1.26306,0.663054,0.660025,1.11095,2.23228,1.99755,0.574468,1.45818,1.61234,2.44573,-0.874607,-1.04304,-0.193935,-0.0540912,-0.348161,-0.85275,-1.55108,-3.50074,-0.202666
-2.383,-1.26822,-1.49406,-2.60857,-3.25355,-0.222882,-0.0736509,0.018118,-0.0381415,-0.122125,1.16124,0.334568,0.527614,0.883238,2.24772,2.20161,0.617493,1.23993,1.53865,2.57975,-0.941792,-1.06517,-0.163495,0.0826535,-0.283242,-0.773546,-1.53812,-3.51396,-0.210294
-2.63086,-1.5608,-1.69102,-2.74626,-3.4869,-0.106169,0.0227265,0.0670545,-0.100983,0.0614404,1.33581,0.705566,0.621026,1.05373,2.42599,2.24369,0.713863,1.41109,1.60618,2.71617,-0.849074,-1.05971,-0.148049,0.040183,-0.331586,-0.78672,-1.47928,-3.45063,-0.211726
-2.43362,-1.35014,-1.59716,-2.7043,-3.12165,-0.135606,0.0272109,0.179174,0.109799,-0.151015,1.35121,0.669509,0.659592,1.08265,2.36587,1.92762,0.498267,1.35148,1.49366,2.41176,-0.883882,-1.09661,-0.158324,0.0515046,-0.327342,-0.850466,-1.51175,-3.44993,-0.1925
-2.37725,-1.24272,-1.50692,-2.36243,-3.18003,-0.00607482,0.0487433,0.124725,-0.00194199,-0.0715909,1.16795,0.512118,0.505061,0.806754,2.36733,1.8569,0.406952,1.30992,1.32965,2.46342,-0.879181,-1.02311,-0.186201,-0.0489034,-0.378486,-0.880107,-1.53571,-3.49688,-0.226788
-2.2789,-1.26094,-1.60316,-2.6223,-3.11308,-0.0806049,0.0325762,0.129882,0.087503,-0.0670787,1.29728,0.682026,0.756698,1.19223,2.38863,1.96203,0.582133,1.49033,1.59013,2.44807,-0.878902,-1.03911,-0.189205,-0.0917501,-0.28896,-0.788589,-1.47614,-3.55507,-0.272923
-2.12909,-1.02997,-1.42607,-2.34962,-3.06403,-0.156601,-0.102898,-0.0247114,0.0909428,-0.116686,0.626322,0.0252999,0.409368,0.463734,1.78183,1.83281,0.348606,1.21875,1.2055,2.32572,-0.868929,-1.06468,-0.131488,-0.0744429,-0.338127,-0.858639,-1.52763,-3.53041,-0.17837
-2.43532,-1.31987,-1.5512,-2.56971,-2.98401,-0.0731252,-0.00295741,0.164345,0.0751298,-0.23528,1.23162,0.637327,0.528159,0.936263,2.25766,2.26194,0.710839,1.42787,1.80145,2.53504,-0.829364,-0.990868,-0.1905,0.00217898,-0.336688,-0.7497,-1.50896,-3.4803,-0.208864
-2.52202,-1.37789,-1.59689,-2.57045,-3.12232,-0.00873778,0.0405634,0.0428209,0.0997553,-0.00951648,1.23874,0.63476,0.560142,0.798066,2.18617,2.11445,0.635517,1.37401,1.60294,2.46467,-0.865288,-1.07599,-0.14511,0.0569511,-0.321288,-0.789223,-1.5377,-3.50125,-0.236239
-2.42427,-1.31769,-1.55958,-2.66129,-3.11879,0.0970248,0.172157,0.138724,0.0989567,0.0834974,1.05602,0.391219,0.519768,0.833794,2.00439,1.82927,0.340038,1.18073,1.49431,2.21498,-0.866772,-1.11886,-0.131474,0.0324366,-0.311452,-0.769686,-1.53872,-3.53952,-0.223257
-2.28409,-1.40728,-1.61999,-2.4058,-2.95496,-0.206098,0.12611,0.0873437,-0.00713465,0.0855521,1.28801,0.778019,0.699564,0.804046,1.98217,1.94367,0.574946,1.43493,1.346,2.16549,-0.861898,-1.06102,-0.167716,-0.019506,-0.339932,-0.803255,-1.55448,-3.51,-0.217665
-2.41773,-1.29882,-1.59357,-2.59952,-3.28748,-0.023169,0.0227198,0.0937023,0.17755,-0.00482438,1.19671,0.518934,0.52189,0.847648,2.27299,2.06838,0.538098,1.44645,1.47779,2.48547,-0.8771,-1.02059,-0.0930531,0.0699537,-0.319053,-0.801077,-1.5767,-3.53263,-0.194226
-2.42832,-1.25439,-1.60226,-2.5953,-3.11543,-0.127843,-0.0932258,0.0798473,-0.0130352,-0.135966,1.4427,0.728048,0.766055,1.15055,2.31228,2.2029,0.823688,1.51651,1.6655,2.66707,-0.911275,-1.02671,-0.228536,-0.0252495,-0.28805,-0.814398,-1.49689,-3.51511,-0.206023
-2.38857,-1.30627,-1.69626,-2.65929,-3.11954,-0.127058,-0.0275941,0.129117,0.0525876,-0.127054,1.12981,0.658947,0.597365,0.917345,2.319,2.13473,0.61494,1.43463,1.6238,2.59733,-0.880156,-1.02484,-0.177987,-0.00790119,-0.306345,-0.759647,-1.57661,-3.54502,-0.221916
-2.39815,-1.16797,-1.66902,-2.53466,-3.03666,-0.33862,-0.244214,-0.032747,-0.150185,-0.316629,1.26489,0.506989,0.599631,0.806815,2.3078,2.23813,0.631612,1.45913,1.60773,2.53394,-0.839632,-1.06216,-0.178336,-0.0557921,-0.29672,-0.795432,-1.57389,-3.52083,-0.239535
-2.37271,-1.30995,-1.67898,-2.56041,-3.18114,-0.0714621,0.0619817,0.109858,0.0638521,-0.0302979,1.21113,0.545834,0.609717,0.984301,2.24827,2.10615,0.562496,1.35489,1.43639,2.44608,-0.927471,-1.05491,-0.183364,0.0315744,-0.284098,-0.718393,-1.52465,-3.49773,-0.206514
-2.38738,-1.2405,-1.56926,-2.51166,-3.19914,-0.0254051,0.0154536,0.0463298,0.0225877,0.145851,1.12844,0.527578,0.606761,0.775213,2.18725,2.12302,0.493448,1.33357,1.38657,2.36304,-0.869454,-1.02452,-0.163784,0.0746003,-0.306222,-0.775781,-1.50886,-3.53265,-0.18977
-2.42881,-1.37413,-1.5666,-2.54416,-3.33937,-0.398587,-0.135678,-0.00149168,-0.202024,-0.230094,1.24805,0.612765,0.567381,0.837347,2.35837,2.32755,0.817498,1.40852,1.6346,3.0061,-0.952514,-1.09402,-0.192674,0.053515,-0.34225,-0.812672,-1.55223,-3.53154,-0.236056
-2.2774,-1.16068,-1.47697,-2.3971,-2.9591,-0.130425,-0.0583793,0.0261362,0.204186,-0.201668,1.06038,0.335379,0.429349,0.638147,1.91029,2.0289,0.535537,1.41558,1.39007,2.3671,-0.85314,-1.00364,-0.169025,-5.30585e-05,-0.312597,-0.820784,-1.50301,-3.44675,-0.218415
-2.38444,-1.3578,-1.69807,-2.5713,-3.3135,-0.295074,-0.048103,0.176113,0.0041659,-0.0364564,1.2294,0.622362,0.634965,0.834003,2.47024,2.1939,0.663783,1.50081,1.54709,2.55323,-0.910437,-1.06387,-0.205884,-0.0162889,-0.352439,-0.872366,-1.55282,-3.57134,-0.241016
-2.45541,-1.2888,-1.68323,-2.71248,-3.13554,-0.117627,-0.0922093,0.159533,0.0220734,-0.118186,1.06947,0.466926,0.586834,0.83425,2.11287,2.1134,0.681485,1.35964,1.72055,2.57261,-0.928174,-1.09182,-0.163365,0.0335004,-0.325989,-0.838788,-1.52875,-3.53055,-0.226889
-2.22829,-1.179,-1.52074,-2.35969,-3.00353,-0.137254,0.101241,0.126214,0.0139316,-0.0118073,1.05522,0.407167,0.582217,0.949205,2.14238,1.88556,0.497368,1.39051,1.40708,2.4583,-0.866755,-1.0118,-0.214823,-0.0267426,-0.281575,-0.754865,-1.53207,-3.51598,-0.203147
-2.36319,-1.26532,-1.49705,-2.65096,-3.2626,-0.285208,-0.176333,-0.0879977,0.115504,-0.0797864,1.32412,0.665301,0.652294,1.21546,2.39524,2.10221,0.589784,1.41794,1.64859,2.49111,-0.890339,-1.02808,-0.181958,0.0157678,-0.324645,-0.743115,-1.52808,-3.45457,-0.195176
-2.59065,-1.4418,-1.7016,-2.6913,-3.4983,-0.117694,0.0106687,-0.0481575,0.03153,-0.0217776,1.41371,0.663786,0.868242,1.1658,2.58203,2.35521,0.750005,1.57229,1.64239,2.81666,-0.906975,-1.07119,-0.214627,-0.0120254,-0.33143,-0.825379,-1.49262,-3.53367,-0.251908
-2.30462,-1.1958,-1.44268,-2.27565,-3.0748,-0.139819,0.0211774,-0.0273606,-0.00912062,0.022661,1.29553,0.569504,0.579048,0.851037,2.32283,1.99757,0.400579,1.37982,1.37612,2.38791,-0.921621,-1.09385,-0.193633,-0.00974588,-0.307066,-0.80126,-1.53004,-3.47782,-0.2752
-2.3317,-1.33978,-1.55105,-2.40004,-3.318,-0.0517402,0.194628,0.164481,0.163865,0.226964,1.00739,0.435301,0.483201,0.742599,2.29967,1.93009,0.477583,1.32509,1.38223,2.47221,-0.935271,-1.06832,-0.216049,-0.0530771,-0.371454,-0.829429,-1.56539,-3.5302,-0.245746
-2.06788,-1.11104,-1.56205,-2.52195,-2.87645,-0.171897,-0.0417118,0.0341626,0.0732062,0.061608,0.700943,0.163307,0.443581,0.631475,1.56324,1.98682,0.606263,1.45066,1.60769,2.28934,-0.931677,-1.06993,-0.185716,0.00527178,-0.296141,-0.797947,-1.53145,-3.45373,-0.221904
-2.47072,-1.34021,-1.63694,-2.50791,-3.15581,-0.190635,0.0154333,-0.0537027,-0.0331283,0.0400863,1.26672,0.621405,0.674831,0.932578,2.33426,2.263,0.704178,1.5638,1.56112,2.51816,-0.851609,-1.04466,-0.233979,-0.035334,-0.30909,-0.819511,-1.52664,-3.44147,-0.213111
-2.12129,-1.08808,-1.44739,-2.44917,-3.04144,-0.301106,-0.190433,-0.0599035,-0.0639715,-0.215976,1.01306,0.46371,0.511906,0.79927,2.19868,1.94726,0.454315,1.34435,1.48761,2.49322,-0.901021,-1.07347,-0.168402,0.00620473,-0.298815,-0.759695,-1.48356,-3.43007,-0.242727
-2.55802,-1.41822,-1.63945,-2.49102,-3.27827,-0.10351,-0.0511332,-0.0156238,-0.0484816,-0.0467238,1.41665,0.764019,0.790631,0.876127,2.35159,2.08669,0.651476,1.4186,1.34938,2.55986,-0.850358,-1.07561,-0.17874,-0.0118976,-0.319672,-0.788502,-1.51199,-3.45438,-0.210398
-2.54172,-1.37724,-1.57859,-2.54253,-3.20026,0.00127082,0.058728,0.148009,0.0733251,-0.0568664,1.21881,0.498305,0.553423,0.928958,2.25598,2.26115,0.673408,1.39074,1.54122,2.56564,-0.873879,-1.04337,-0.207905,0.0100641,-0.355357,-0.840172,-1.55512,-3.53594,-0.198001
-2.39623,-1.38127,-1.60416,-2.55723,-3.36445,-0.18866,-0.00513084,0.0605686,0.106946,-0.0274892,1.17076,0.70501,0.591773,0.951195,2.4795,2.10426,0.678104,1.44135,1.46138,2.59484,-0.908986,-1.06244,-0.192838,-0.0341808,-0.296135,-0.778155,-1.51687,-3.5079,-0.198499
-2.44694,-1.25925,-1.53521,-2.5739,-3.1812,-0.259195,-0.181193,-0.0847344,-0.0594462,-0.101536,1.42052,0.658637,0.672606,0.927699,2.31704,2.23814,0.634469,1.45264,1.56708,2.50806,-0.899889,-1.08778,-0.207112,-0.0166906,-0.308832,-0.825355,-1.54172,-3.56632,-0.256413
-2.48202,-1.27088,-1.62371,-2.58201,-3.1271,-0.0680399,0.0133609,0.0850652,0.0561295,-0.101943,1.32119,0.502363,0.605424,1.05914,2.18525,2.07725,0.537745,1.44402,1.51908,2.49764,-0.865688,-1.05065,-0.181443,-0.00971014,-0.353185,-0.824297,-1.54072,-3.533,-0.221562
-2.35888,-1.25681,-1.60677,-2.73584,-3.21368,-0.121899,-0.0391732,0.0735577,0.0871,-0.169949,1.21486,0.625842,0.641997,1.12633,2.36884,2.0012,0.566514,1.43022,1.79985,2.66511,-0.906248,-1.0768,-0.150758,0.0591251,-0.26624,-0.767606,-1.50735,-3.47906,-0.209459
-2.38535,-1.23297,-1.60924,-2.70758,-3.18932,-0.157069,-0.00750808,0.087308,0.070576,-0.0559684,1.09608,0.455229,0.690813,1.18759,2.13888,2.31298,0.603954,1.537,1.80322,2.60001,-0.887512,-1.05849,-0.126595,0.0752161,-0.319349,-0.803936,-1.52908,-3.54606,-0.226658
-2.34436,-1.16816,-1.52551,-2.34736,-3.10157,-0.413737,-0.322034,0.00630091,-0.173871,-0.276472,1.27651,0.53424,0.601762,0.847747,2.14262,2.13172,0.576437,1.31549,1.63219,2.34243,-0.906618,-1.02973,-0.206652,-0.0229024,-0.34375,-0.77206,-1.50279,-3.46253,-0.245826
-2.49607,-1.29871,-1.61533,-2.48484,-3.28826,-0.0320506,0.0917488,0.233976,0.190659,0.052455,1.16931,0.480291,0.521243,0.686996,2.28004,2.14362,0.557261,1.39784,1.43447,2.53796,-0.848394,-1.04059,-0.183976,0.0512991,-0.306567,-0.789118,-1.47445,-3.39365,-0.22123
-2.38146,-1.35002,-1.69339,-2.61629,-3.42649,0.0481279,0.0711768,0.142409,0.101528,0.246835,1.02473,0.543026,0.719253,0.938436,2.42046,2.03421,0.690367,1.4861,1.55654,2.59133,-0.879619,-1.0599,-0.165376,0.0482732,-0.32657,-0.777168,-1.52572,-3.53708,-0.218435
-2.25739,-1.15243,-1.54548,-2.39357,-3.08367,-0.0538816,0.081926,0.0624384,0.0551516,0.119956,1.05082,0.299862,0.540668,0.760879,2.13871,1.98496,0.521181,1.43787,1.42041,2.57005,-0.84752,-1.0474,-0.21355,0.00330244,-0.338531,-0.809223,-1.54955,-3.55901,-0.237252
-2.32539,-1.20731,-1.5053,-2.55102,-3.10844,-0.221598,-0.131684,-0.0240799,-0.204464,-0.116384,1.10471,0.498962,0.510997,0.870464,2.16904,2.17684,0.569642,1.40504,1.57801,2.46964,-0.815151,-1.03132,-0.181839,0.0191281,-0.302733,-0.748067,-1.5062,-3.44249,-0.167179
-2.60505,-1.39793,-1.63501,-2.75561,-3.45863,-0.069104,-0.0309943,0.0457075,0.178092,-0.0450563,1.33038,0.674255,0.729099,1.02725,2.44362,2.32782,0.893292,1.55032,1.84434,2.84281,-0.891661,-1.0291,-0.203522,0.0348758,-0.303459,-0.851951,-1.53445,-3.50193,-0.243557
-2.36606,-1.25948,-1.52716,-2.41223,-3.03788,-0.0742207,0.0860387,0.147354,0.0863285,0.103956,1.04736,0.562791,0.519075,0.752004,2.19356,1.94697,0.480034,1.26899,1.24821,2.26337,-0.889739,-1.00877,-0.177092,0.0179492,-0.321262,-0.759472,-1.54897,-3.50287,-0.236562
-2.54637,-1.31563,-1.67265,-2.56312,-3.57274,-0.232367,-0.150712,0.0826988,-0.0189135,-0.22477,1.31726,0.679728,0.651522,0.927908,2.78825,2.3769,0.76037,1.51897,1.75436,2.95166,-0.899093,-1.07628,-0.1979,0.0113293,-0.302626,-0.824828,-1.56327,-3.61008,-0.247916
-2.12956,-1.12115,-1.4677,-2.33111,-3.03222,-0.245066,-0.0376812,0.0265636,-0.157086,0.004323,0.771259,0.162911,0.415233,0.50428,1.73116,1.84136,0.415068,1.34269,1.50142,2.22988,-0.89454,-1.03695,-0.167075,-0.0279147,-0.33006,-0.82902,-1.51024,-3.46607,-0.221025
-2.36589,-1.25531,-1.50851,-2.52125,-3.177,-0.312079,-0.114054,0.0963362,0.0704535,-0.194716,1.25432,0.667714,0.646844,1.04799,2.40996,2.1738,0.633902,1.35174,1.46579,2.56501,-0.898791,-1.09841,-0.183573,-0.0334743,-0.330265,-0.84329,-1.51064,-3.55048,-0.2363
-2.46127,-1.2868,-1.49248,-2.45806,-3.15603,-0.107453,0.088965,0.0641363,0.080306,0.141322,1.20297,0.406317,0.56528,0.70529,1.91607,2.06653,0.494481,1.31503,1.41446,2.34372,-0.845295,-1.02304,-0.19195,0.0219539,-0.366577,-0.850009,-1.48986,-3.44882,-0.202404
-2.73914,-1.51919,-1.67435,-2.92022,-3.41386,-0.0248956,0.0801226,0.105741,0.204682,-0.0505122,1.46858,0.769578,0.604061,1.05846,2.48676,2.41057,0.653293,1.37168,1.60189,2.71503,-0.919643,-1.09686,-0.159327,0.0282269,-0.414167,-0.864218,-1.63476,-3.6913,-0.20586
-2.41205,-1.28934,-1.63657,-2.55655,-3.05512,-0.246595,-0.0670436,0.0672242,0.057326,-0.152292,1.08951,0.547987,0.612666,0.728291,2.24416,2.0275,0.454817,1.45837,1.48801,2.2188,-0.889141,-1.06638,-0.162757,0.0403631,-0.339235,-0.785947,-1.56051,-3.47505,-0.236481
-2.39625,-1.26146,-1.54391,-2.53036,-3.22769,-0.143579,-0.0678203,0.117081,-0.01058,0.0315844,1.13061,0.395558,0.461845,0.888444,2.11899,2.13467,0.671448,1.31201,1.5727,2.50681,-0.857163,-0.979622,-0.161498,0.0888154,-0.327472,-0.761156,-1.50064,-3.45855,-0.228743
-2.32293,-1.26296,-1.48607,-2.68444,-3.13474,-0.329785,-0.146859,-0.0346142,0.149366,-0.199408,1.09479,0.501861,0.521359,1.1114,2.25183,2.01334,0.511588,1.39702,1.5656,2.38489,-0.851598,-1.0363,-0.184561,-0.0542273,-0.366557,-0.850399,-1.46657,-3.50048,-0.186433
-2.326,-1.2293,-1.78706,-2.51661,-3.16899,-0.259645,-0.140455,0.248522,-0.163212,-0.15225,1.29709,0.568403,0.683087,1.06246,2.3085,2.20942,0.755946,1.62842,1.65572,2.71743,-0.966762,-1.04262,-0.17986,0.0305222,-0.298446,-0.767907,-1.48971,-3.47488,-0.228158
-2.3351,-1.10434,-1.57554,-2.40928,-2.99301,-0.151388,-0.0295271,-0.00364479,-0.115076,-0.0957724,1.27623,0.430042,0.653396,1.00336,2.14679,1.97944,0.312823,1.38181,1.35684,2.20676,-0.821662,-1.00917,-0.158587,0.0195264,-0.349366,-0.806859,-1.53016,-3.4813,-0.221258
-2.32994,-1.27399,-1.59772,-2.43654,-3.00852,-0.359845,-0.164618,-0.0930389,-0.205647,-0.176714,1.29572,0.604246,0.737227,0.918398,2.0554,2.27607,0.775352,1.59752,1.66868,2.47585,-0.892888,-1.07312,-0.164579,0.0209615,-0.325508,-0.824686,-1.48479,-3.41668,-0.227793
-2.46639,-1.38126,-1.52277,-2.43542,-3.42913,-0.154968,-0.0533845,0.0796181,0.000620223,0.0111036,1.33822,0.632252,0.554892,0.985653,2.37864,2.10842,0.664058,1.28348,1.49872,2.72355,-0.859103,-0.998759,-0.14727,0.0200146,-0.361765,-0.866425,-1.54121,-3.48607,-0.210883
-2.18046,-1.07525,-1.44641,-2.40112,-2.82328,-0.252164,-0.144593,-0.0449509,-0.0513287,-0.0629958,1.04552,0.329094,0.380807,0.786831,1.77952,1.95374,0.452999,1.31173,1.39955,2.08174,-0.891319,-1.05864,-0.17667,0.0631272,-0.303069,-0.714406,-1.52381,-3.50849,-0.221255
-2.20946,-1.25131,-1.5013,-2.55411,-3.01832,-0.289229,-0.261808,0.0165215,0.0275272,-0.376072,0.971148,0.576799,0.551087,0.8235,2.16594,2.13633,0.85771,1.47213,1.61813,2.66541,-0.854538,-1.02361,-0.11666,0.0193358,-0.360007,-0.804877,-1.49796,-3.5196,-0.243552
-2.53036,-1.48323,-1.58731,-2.63144,-3.60552,-0.0882861,0.0933899,0.116846,0.100627,0.154817,1.27105,0.536804,0.599165,0.94677,2.36113,2.29814,0.785468,1.40038,1.73479,2.88193,-0.887129,-1.07488,-0.164566,0.0522125,-0.352276,-0.81246,-1.5298,-3.52621,-0.260742
-2.351,-1.22629,-1.53546,-2.34035,-3.13598,-0.24705,-0.132391,-0.0137444,-0.080203,0.00734503,1.31932,0.647209,0.547165,0.777294,2.30827,2.19432,0.640797,1.4216,1.41977,2.42701,-0.867024,-1.06305,-0.177275,-0.010106,-0.276706,-0.749574,-1.50533,-3.49188,-0.239777
-2.23515,-1.06667,-1.4867,-2.39236,-2.9519,-0.159976,-0.144274,0.0238919,-0.00421636,-0.219127,1.00579,0.309474,0.490122,0.845474,2.03976,1.78791,0.336289,1.27669,1.39946,2.17732,-0.831246,-1.00331,-0.174361,-0.00889801,-0.286464,-0.789028,-1.51045,-3.40806,-0.212112
-2.26964,-1.10567,-1.44227,-2.30637,-3.19201,0.000794395,0.0373706,0.152863,0.049431,-0.0592799,1.05409,0.461617,0.413323,0.790249,2.52018,1.73571,0.324279,1.18238,1.07647,2.40552,-0.839107,-1.00817,-0.17046,-0.0175179,-0.31678,-0.801295,-1.53094,-3.53885,-0.286423
-2.6694,-1.36933,-1.62139,-2.49664,-3.16545,-0.180739,-0.129709,0.0184663,0.0407574,-0.219344,1.39078,0.785799,0.712632,0.950184,2.47042,2.40215,0.710704,1.56364,1.57491,2.63577,-0.828543,-1.03487,-0.23855,-0.0780003,-0.353361,-0.826049,-1.53428,-3.54452,-0.160923
-2.46415,-1.25345,-1.49097,-2.6968,-3.24928,-0.181964,-0.0464685,0.0422406,0.0757442,-0.0409941,1.18676,0.29265,0.458857,0.862592,2.1488,2.23541,0.499277,1.37143,1.64299,2.52448,-0.860107,-1.09655,-0.154614,-0.0424442,-0.306269,-0.805707,-1.50178,-3.49237,-0.201465
-2.49907,-1.53299,-1.60223,-2.63605,-3.60358,-0.136466,0.0402256,0.11742,0.0173514,0.0933976,1.37433,0.816551,0.698081,1.01523,2.71522,2.28821,0.827381,1.36562,1.77782,2.94188,-0.946878,-1.097,-0.139366,0.010053,-0.309763,-0.780436,-1.49461,-3.54824,-0.251872
-2.53498,-1.46924,-1.62315,-2.55327,-3.34638,-0.193097,-0.11162,-0.0437924,-0.1803,0.0312429,1.22337,0.774232,0.780973,1.09171,2.31713,2.25537,0.802651,1.54207,1.62722,2.60498,-0.879331,-1.03965,-0.205711,-0.00231679,-0.34109,-0.851167,-1.55389,-3.53165,-0.227462
-2.35744,-1.25636,-1.56095,-2.49595,-3.35236,-0.198889,0.0403401,-0.0105034,-0.077243,0.152372,0.995459,0.407972,0.589458,0.784137,2.23901,2.06061,0.469004,1.42228,1.46154,2.46256,-0.915949,-1.12642,-0.165053,0.0125036,-0.344365,-0.858064,-1.54757,-3.51621,-0.225243
-2.33727,-1.31228,-1.61347,-2.50593,-3.19959,-0.246038,-0.067225,-0.0109436,-0.0045178,-0.0479591,1.25493,0.686892,0.69084,0.943192,2.37147,2.08473,0.709104,1.50127,1.65905,2.54106,-0.863592,-1.0317,-0.21777,-0.00674071,-0.289266,-0.763841,-1.52219,-3.46134,-0.261926
-2.61269,-1.41288,-1.58469,-2.70069,-3.34241,-0.200633,-0.149007,-0.0138118,0.00195436,-0.154442,1.55005,0.90086,0.830757,1.22553,2.68873,2.34523,0.763755,1.41407,1.69907,2.64568,-0.908378,-1.03557,-0.189525,0.0249263,-0.315133,-0.817007,-1.49039,-3.46133,-0.201178
-2.39086,-1.25517,-1.36148,-2.41796,-3.08843,-0.289315,-0.153664,-0.103563,-0.17762,-0.255772,1.32389,0.522933,0.46673,0.972271,2.15676,2.16135,0.745573,1.31749,1.47638,2.68299,-0.91012,-1.0805,-0.21947,0.0144912,-0.373554,-0.863296,-1.46526,-3.45011,-0.206356
-2.29609,-1.27222,-1.61195,-2.55837,-3.18688,-0.332814,-0.113054,-0.0872562,-0.0416263,-0.0291491,1.32477,0.666719,0.724182,0.991954,2.2583,2.02721,0.536402,1.43889,1.56331,2.41524,-0.884841,-1.09863,-0.203177,0.0134327,-0.347204,-0.7927,-1.53095,-3.49463,-0.199979
-2.36317,-1.28797,-1.57329,-2.33659,-2.862,-0.0637569,-0.0100446,0.104792,-0.0105413,-0.0775392,1.11918,0.558987,0.592936,0.836506,2.07014,1.98439,0.632021,1.291,1.23653,2.19159,-0.89538,-1.08944,-0.22982,-0.0102845,-0.340294,-0.787534,-1.59148,-3.51657,-0.264353
-2.30809,-1.21637,-1.61141,-2.54984,-3.02286,-0.232521,-0.0438582,0.138804,0.13257,-0.0467004,0.900183,0.292285,0.517246,0.749063,1.83551,2.03495,0.593935,1.39505,1.4424,2.34532,-0.861508,-1.04897,-0.181581,-0.00665562,-0.325235,-0.782716,-1.51929,-3.46694,-0.250186
-2.40768,-1.27548,-1.49006,-2.56902,-3.22658,-0.163347,-0.00555303,-0.0338095,0.105599,-0.0278244,1.1303,0.468728,0.561485,0.710505,2.22941,1.95595,0.501217,1.28691,1.34194,2.46284,-0.85257,-1.04905,-0.154138,0.0911046,-0.340406,-0.842756,-1.53135,-3.45979,-0.212831
-2.38182,-1.24437,-1.57026,-2.36795,-3.19172,0.0718025,0.163008,0.268024,0.144146,0.00168643,1.15014,0.548147,0.560617,0.727083,2.36894,2.09913,0.519962,1.3446,1.3133,2.59446,-0.868072,-1.02,-0.214893,-0.0182507,-0.329042,-0.829622,-1.48677,-3.4606,-0.244907
-2.37147,-1.37317,-1.59749,-2.5546,-3.30938,-0.277323,-0.161119,0.0539063,-0.108387,-0.0930985,1.00442,0.52271,0.573558,0.763621,2.33043,2.20757,0.730998,1.3485,1.4523,2.65331,-0.860423,-1.08555,-0.173115,0.0064842,-0.324521,-0.797276,-1.59359,-3.57193,-0.23153
-2.39656,-1.27772,-1.60498,-2.56509,-3.15891,-0.0996054,0.0213069,0.0356344,0.0583242,-0.174754,1.17593,0.466779,0.611831,0.776244,2.29136,2.23689,0.727061,1.56252,1.63926,2.6518,-0.934662,-1.07297,-0.123259,0.0530686,-0.35742,-0.868849,-1.53167,-3.607,-0.205292
-2.3939,-1.21473,-1.54531,-2.44409,-3.09569,-0.117022,0.00238337,0.0977203,-0.0161338,-0.221811,1.32964,0.437742,0.575163,0.88582,1.98483,2.0821,0.534167,1.39801,1.41902,2.54208,-0.930755,-1.0774,-0.170361,0.0453993,-0.282798,-0.802587,-1.51424,-3.54247,-0.25131
-2.39574,-1.18547,-1.47213,-2.39547,-3.0234,-0.0340207,-0.0770862,-0.00973949,-0.144728,-0.155081,1.21247,0.511511,0.649599,0.841908,2.23566,2.06439,0.539531,1.3629,1.37312,2.2132,-0.901638,-1.06539,-0.168392,0.0178694,-0.371411,-0.784423,-1.44755,-3.44037,-0.208644
-2.30442,-1.1445,-1.48239,-2.41495,-2.95265,-0.0455753,0.108351,0.126874,0.129564,0.0739162,1.05281,0.396237,0.392115,0.520899,2.10435,2.06475,0.628471,1.33421,1.3511,2.30799,-0.940317,-1.04614,-0.167278,0.0714726,-0.295376,-0.771263,-1.51272,-3.48466,-0.242169
-2.67686,-1.43119,-1.73492,-2.99268,-3.37,-0.0254556,0.125861,0.166064,0.286244,0.0412566,1.54588,0.669237,0.770311,1.10396,2.50986,2.46528,0.821866,1.59602,1.80349,2.64066,-0.962317,-1.12112,-0.197968,0.0299128,-0.382988,-0.788284,-1.55051,-3.6746,-0.227453
-2.21668,-1.14237,-1.46175,-2.24203,-2.99995,-0.306588,-0.108184,-0.0336664,-0.174006,-0.337488,1.16052,0.45945,0.469834,0.916845,2.09295,2.0352,0.46876,1.28056,1.34527,2.4579,-0.883497,-1.00266,-0.142963,0.0276416,-0.323214,-0.795221,-1.52885,-3.48319,-0.244561
-2.48547,-1.43035,-1.567,-2.65851,-3.18881,-0.082097,0.0280192,-0.0367056,-0.0250092,0.0251887,1.26997,0.672487,0.658898,1.08787,2.17622,2.15411,0.770444,1.45099,1.65104,2.58768,-0.845352,-1.0382,-0.148885,-0.00946878,-0.312054,-0.755687,-1.49481,-3.43688,-0.196622
-2.15567,-0.951545,-1.44359,-2.35331,-2.65315,-0.192458,-0.098238,0.0148213,-0.175434,-0.291166,0.856714,0.127731,0.410284,0.657551,1.75811,1.83772,0.301299,1.33069,1.43244,2.11375,-0.90066,-1.07527,-0.141345,-0.00102855,-0.302681,-0.830436,-1.55057,-3.55281,-0.24517
-2.29741,-1.07581,-1.64896,-2.49758,-2.85418,-0.238927,-0.0749823,0.0295188,-0.0733154,-0.164281,1.11758,0.419306,0.659188,0.993154,1.9599,2.14816,0.486961,1.47528,1.61324,2.31312,-0.857467,-0.977484,-0.228091,0.0451246,-0.300414,-0.70793,-1.52153,-3.52453,-0.261982
-2.32745,-1.19767,-1.48163,-2.57702,-3.16029,-0.176105,-0.0864222,-0.0507622,-0.0617945,-0.0717052,1.01048,0.405803,0.538636,0.913063,2.05521,2.09532,0.631668,1.38744,1.65573,2.49411,-0.893939,-1.04131,-0.167191,0.0261669,-0.327763,-0.788509,-1.52134,-3.53327,-0.189779
-2.42375,-1.31509,-1.5336,-2.54816,-3.05703,-0.115814,-0.0653218,0.0124916,-0.0935175,-0.0691359,1.1434,0.446154,0.550773,0.760643,1.8132,1.99394,0.565278,1.27892,1.42694,2.32977,-0.923049,-1.06048,-0.140084,0.0659462,-0.294218,-0.759844,-1.55184,-3.56834,-0.242576
-2.26744,-1.34724,-1.55406,-2.5562,-3.28656,-0.282671,0.000335549,0.0204316,-0.084376,0.199742,1.1673,0.569825,0.50371,0.880065,2.21356,2.2458,0.830839,1.46118,1.76091,2.56412,-0.86969,-1.0296,-0.125308,-0.0143267,-0.305496,-0.792613,-1.5665,-3.55571,-0.247876
-2.2112,-1.16787,-1.44842,-2.28778,-3.11532,-0.232178,-0.142632,-0.0255952,-0.105198,-0.0818549,1.11862,0.546573,0.627776,0.818267,2.15525,2.04001,0.499975,1.40138,1.45602,2.52988,-0.838015,-0.998081,-0.166065,-0.0124112,-0.291037,-0.842836,-1.47656,-3.43134,-0.263439
-2.47488,-1.31845,-1.68607,-2.67243,-2.96391,-0.034499,-0.0232326,0.0313623,0.20729,-0.0904319,1.17078,0.537543,0.764248,0.775832,2.1103,1.96786,0.515327,1.48138,1.44484,2.18696,-0.823752,-1.01565,-0.151213,0.0172222,-0.33674,-0.770967,-1.545,-3.49417,-0.219686
-2.2203,-1.17965,-1.54565,-2.33233,-2.86443,-0.156056,0.0500428,0.159521,-0.0888844,-0.114918,0.937087,0.35188,0.441052,0.477752,1.88301,1.92275,0.485636,1.30587,1.3701,2.31362,-0.916722,-1.08329,-0.186303,0.0333989,-0.294902,-0.710699,-1.49231,-3.50695,-0.195311
-2.29504,-1.28644,-1.6011,-2.58266,-3.13885,-0.15015,0.0172745,-0.0145162,-0.0849694,-0.0439179,1.11493,0.587633,0.560631,0.896717,2.14103,2.07164,0.618326,1.41281,1.67043,2.53674,-0.896433,-1.04375,-0.193927,0.0599365,-0.341106,-0.766271,-1.52485,-3.50604,-0.22095
-2.43975,-1.25427,-1.66453,-2.67589,-3.24598,0.108801,0.101866,0.138339,0.193305,0.0695258,1.19399,0.559889,0.700752,0.913045,2.36346,1.97758,0.488029,1.47357,1.59603,2.55413,-0.807022,-1.03313,-0.180077,0.00308769,-0.309728,-0.850605,-1.49453,-3.485,-0.229338
-2.36071,-1.26819,-1.70779,-2.43469,-3.21206,-0.217591,-0.102265,0.0740159,-0.00530934,0.00313947,1.06061,0.45014,0.695842,0.699929,2.21055,2.08553,0.636836,1.47992,1.37016,2.62015,-0.919377,-1.07418,-0.160467,-0.00138829,-0.339175,-0.843769,-1.5023,-3.48111,-0.245726
-2.3661,-1.26742,-1.51575,-2.41401,-3.07268,-0.350078,-0.136803,-0.0433569,-0.232615,-0.178185,1.38302,0.620087,0.635362,0.953189,2.20118,2.02631,0.526309,1.29164,1.478,2.41651,-0.895852,-1.08455,-0.153512,-0.0166321,-0.338422,-0.861699,-1.51682,-3.52804,-0.211336
-2.44006,-1.31301,-1.61867,-2.62506,-3.05014,-0.194367,-0.162596,0.0181469,0.0246253,-0.32963,1.25253,0.486614,0.631466,1.07989,2.18257,2.2622,0.779306,1.45514,1.60026,2.48943,-0.879932,-1.03675,-0.189791,0.0125216,-0.320961,-0.7535,-1.48787,-3.41443,-0.220367
-2.51943,-1.35851,-1.6522,-2.63499,-3.2979,0.0469383,0.0857134,0.145734,0.1005,0.0301809,1.2276,0.60084,0.671388,0.86912,2.40125,2.07302,0.517641,1.43089,1.52333,2.46908,-0.879581,-1.1104,-0.20038,0.0395478,-0.381772,-0.845524,-1.53479,-3.46435,-0.216246
-2.26517,-1.2998,-1.54622,-2.56823,-3.20994,-0.275357,-0.0862628,-0.00963656,-0.11175,-0.18256,1.08832,0.511373,0.567881,0.913932,2.08954,2.01207,0.619089,1.33245,1.54924,2.53378,-0.88913,-1.06183,-0.132307,0.0185773,-0.333431,-0.777,-1.53238,-3.52955,-0.196666
-2.22243,-1.16309,-1.59839,-2.61196,-3.0919,-0.175984,-0.20417,0.0512439,-0.00505979,-0.20248,1.16215,0.573489,0.675537,1.07867,2.20597,1.8505,0.521822,1.36555,1.45377,2.4389,-0.87382,-1.03213,-0.191517,0.0460276,-0.335077,-0.772291,-1.46893,-3.43251,-0.237719
-2.6634,-1.52119,-1.70301,-2.94106,-3.40116,-0.00875932,0.0975814,0.17957,0.334031,0.160388,1.39776,0.737988,0.755548,1.26649,2.44271,2.39121,0.804421,1.52875,1.822,2.69609,-0.939151,-1.12291,-0.224838,0.0260466,-0.382738,-0.85499,-1.52354,-3.53566,-0.241007
-2.18973,-1.11418,-1.36981,-2.30858,-2.99657,-0.258536,-0.14945,-0.0860567,-0.123582,-0.0573624,1.04936,0.389633,0.435373,0.773339,2.01783,1.9377,0.472919,1.23615,1.48561,2.36793,-0.896714,-1.02582,-0.193421,-0.0194616,-0.353663,-0.873952,-1.53654,-3.50765,-0.239742
-2.49301,-1.37699,-1.53264,-2.48585,-3.2938,-0.111545,-0.037916,0.00931261,-0.0564224,0.0128301,1.33008,0.699285,0.699353,1.05512,2.45045,2.10527,0.601686,1.45494,1.5608,2.51373,-0.866816,-1.05273,-0.204706,-0.0283897,-0.360921,-0.888021,-1.50044,-3.4883,-0.217579
-2.50751,-1.33407,-1.56062,-2.57436,-3.21015,-0.181884,-0.0405121,-0.0293391,-0.0307142,-0.0138802,1.31521,0.619307,0.625043,0.933458,2.26584,2.24929,0.630069,1.48678,1.51373,2.49554,-0.85097,-1.07993,-0.151145,0.0258293,-0.315679,-0.81389,-1.50456,-3.47455,-0.20288
-2.28731,-1.20206,-1.49376,-2.45591,-3.02922,-0.47039,-0.332299,-0.0996014,-0.233392,-0.416572,1.28411,0.634967,0.548213,0.923104,2.28781,2.22294,0.636636,1.34002,1.518,2.50329,-0.911899,-1.0374,-0.17596,0.0414815,-0.332382,-0.75774,-1.5387,-3.52156,-0.217203
-2.29298,-1.17885,-1.57429,-2.43331,-2.97048,-0.252072,-0.118969,0.0819503,-0.0848369,-0.292368,0.99746,0.348435,0.445263,0.548671,2.03265,2.003,0.536888,1.35811,1.45282,2.48025,-0.893166,-1.08655,-0.144962,0.050171,-0.316978,-0.800052,-1.57438,-3.55,-0.218757
-2.59932,-1.40545,-1.60076,-2.6419,-3.50181,-0.0524668,0.0878029,0.0736172,0.158548,0.20888,1.32511,0.676952,0.608015,0.982118,2.56137,2.11147,0.529008,1.38109,1.49018,2.61665,-0.86378,-1.01753,-0.170253,0.0148024,-0.34136,-0.82337,-1.53779,-3.54314,-0.23022
-2.48815,-1.36058,-1.80429,-2.85453,-3.16218,-0.217898,-0.06468,0.127674,0.089198,-0.257951,1.25564,0.607541,0.675635,1.10242,2.22446,2.21451,0.655313,1.56329,1.74896,2.56922,-0.909085,-1.11853,-0.135614,0.0438894,-0.304888,-0.751488,-1.55394,-3.5562,-0.227473
-2.31628,-1.29275,-1.68401,-2.73064,-3.27079,-0.334636,-0.194873,0.10172,0.0767953,-0.341797,1.38915,0.598448,0.749706,1.31769,2.43148,1.98375,0.630482,1.50244,1.70197,2.81245,-0.916678,-1.04007,-0.141129,-0.0234692,-0.374454,-0.875069,-1.53395,-3.54589,-0.231277
-2.34179,-1.22413,-1.54162,-2.33694,-3.00354,-0.31193,-0.200644,-0.0371764,-0.0572121,-0.336931,1.31943,0.623529,0.625975,0.790998,2.24911,2.14847,0.605013,1.41344,1.43157,2.38643,-0.88492,-1.05979,-0.135404,0.0193701,-0.274995,-0.833277,-1.53122,-3.49854,-0.186739
-2.30371,-1.13811,-1.50639,-2.42452,-3.09499,-0.247867,-0.0874347,-0.0533886,-0.306062,-0.0978967,1.35339,0.48687,0.642909,0.999017,2.17875,1.79136,0.314863,1.18559,1.45442,2.45426,-0.840563,-1.0574,-0.210524,-0.0252834,-0.307501,-0.793182,-1.58067,-3.5604,-0.238783
-2.28763,-1.20057,-1.47246,-2.45256,-2.91369,-0.225761,-0.199543,-0.0188095,-0.104824,-0.255483,1.05236,0.467094,0.515356,0.931898,2.05385,2.22879,0.695538,1.40336,1.65887,2.48893,-0.87474,-1.0564,-0.211942,-0.0591648,-0.333427,-0.831978,-1.52311,-3.47643,-0.169176
-2.54445,-1.35013,-1.64744,-2.63754,-3.387,-0.0325629,-0.179273,0.0690846,-0.10075,-0.0435706,1.22888,0.594471,0.744756,1.09498,2.46083,2.26682,0.691692,1.41921,1.6513,2.68278,-0.859516,-1.02581,-0.19634,0.0211027,-0.34035,-0.78558,-1.52075,-3.48437,-0.243115
-2.31282,-1.29793,-1.65948,-2.69079,-3.1138,-0.141898,0.0512102,0.153491,0.0569368,-0.0367697,1.01272,0.324894,0.461598,0.984045,2.17911,2.18508,0.738952,1.48461,1.6078,2.67712,-0.943496,-1.10144,-0.173773,0.0448325,-0.27789,-0.779355,-1.50435,-3.47965,-0.195418
-2.40258,-1.4207,-1.70481,-2.57807,-3.37639,-0.131509,0.0736552,0.145708,0.293692,0.118168,1.23878,0.629535,0.710596,0.927628,2.30845,1.92891,0.60238,1.41661,1.32664,2.55958,-0.847319,-1.05594,-0.181374,-0.012737,-0.348258,-0.818798,-1.5536,-3.52271,-0.232185
-2.58561,-1.26976,-1.56967,-2.66307,-2.99477,0.0773024,0.144054,0.0940694,0.256302,0.037963,1.32446,0.437393,0.610066,1.07549,2.00849,2.15829,0.589851,1.44308,1.67686,2.40627,-0.862221,-1.00391,-0.235249,-0.0630194,-0.355927,-0.789002,-1.48139,-3.46153,-0.260392
-2.08621,-1.00806,-1.46682,-2.34943,-2.84782,-0.350936,-0.0386522,0.0618268,0.0552694,0.0531052,0.939965,0.185517,0.488019,0.667412,1.73407,1.97134,0.423384,1.33164,1.43549,2.18012,-0.893329,-1.02113,-0.190825,-0.00670442,-0.319789,-0.798408,-1.48243,-3.46865,-0.213594
-2.50808,-1.31242,-1.61648,-2.61324,-3.03523,0.0890465,0.124481,0.142206,0.0158126,0.0286908,1.10992,0.481607,0.556244,0.980562,2.04409,2.15557,0.569547,1.41265,1.56015,2.24221,-0.930299,-1.03592,-0.153668,0.000751819,-0.314407,-0.786916,-1.51066,-3.51544,-0.215614
-2.24222,-1.24085,-1.54765,-2.38198,-3.1337,-0.0659918,0.103572,0.0857663,0.0870872,0.0698551,1.20283,0.524595,0.626697,0.705395,2.19933,1.9577,0.472737,1.34746,1.3464,2.38664,-0.88069,-1.0039,-0.161819,-0.02223,-0.244893,-0.742072,-1.49655,-3.48002,-0.238212
-2.28239,-1.18254,-1.45395,-2.25885,-3.2222,-0.228972,-0.0611601,-0.0496795,-0.21828,0.16263,0.973634,0.390907,0.499148,0.658858,2.06783,1.95261,0.443767,1.29148,1.39927,2.48811,-0.893054,-1.05315,-0.20844,0.0706173,-0.292983,-0.802309,-1.51345,-3.44992,-0.239355
-2.29849,-1.30148,-1.62139,-2.5302,-3.1275,-0.0416653,-0.00295773,0.140236,0.117061,-0.0530086,0.918769,0.478779,0.60623,1.02915,2.20914,1.91847,0.670866,1.39197,1.39258,2.4414,-0.879774,-1.05222,-0.167079,0.00046317,-0.303296,-0.750068,-1.48806,-3.42323,-0.18147
-2.41414,-1.51616,-1.57179,-2.70806,-3.29041,-0.392977,-0.119403,-0.0467862,-0.0532755,-0.272298,1.50422,0.923524,0.80326,1.36859,2.38904,2.26729,0.957678,1.45922,1.75551,2.76355,-0.890228,-0.993838,-0.152674,-0.00957602,-0.332636,-0.855771,-1.47141,-3.44815,-0.248161
-2.37696,-1.3105,-1.57967,-2.47064,-3.12493,-0.138957,0.0193959,0.0784584,0.096817,0.0703178,1.19477,0.546983,0.564188,0.771569,2.25083,2.16537,0.696986,1.48931,1.53847,2.51687,-0.831996,-0.97146,-0.146509,-0.000732318,-0.299038,-0.794942,-1.50021,-3.45276,-0.201768
-2.31528,-1.12905,-1.48254,-2.56263,-2.88283,-0.0228725,-0.0235332,0.156294,0.298484,-0.136863,1.10895,0.281845,0.455795,0.669314,1.92441,2.0913,0.559883,1.29177,1.38488,2.47745,-0.96666,-1.05913,-0.15341,0.0640727,-0.252445,-0.741563,-1.50009,-3.50332,-0.270077
-2.29964,-1.15375,-1.42527,-2.41565,-3.0947,-0.272531,-0.144024,-0.0761804,-0.169075,-0.0980358,0.997603,0.225568,0.423471,0.802869,1.99619,2.03227,0.482358,1.37628,1.59275,2.38978,-0.850672,-1.04837,-0.174167,0.0317663,-0.328093,-0.845842,-1.51207,-3.46858,-0.181909
-2.38129,-1.28752,-1.65939,-2.77307,-3.09796,-0.146863,-0.0601984,0.0676246,0.157894,0.0568427,1.17022,0.573454,0.665782,0.986366,2.11398,2.17952,0.588792,1.54974,1.76685,2.23504,-0.910022,-1.06841,-0.152881,0.0517472,-0.318436,-0.807472,-1.49472,-3.48328,-0.245563
-2.32872,-1.36741,-1.64693,-2.50975,-3.08569,-0.107895,0.0619854,0.214787,0.0762739,-0.146852,1.25004,0.780787,0.683144,0.966657,2.34425,1.91059,0.535135,1.26183,1.35733,2.39477,-0.777778,-1.02854,-0.166116,-0.000438578,-0.298225,-0.744713,-1.5014,-3.4026,-0.190697
-2.18159,-1.04059,-1.49638,-2.4285,-2.90355,-0.0992429,-0.0199105,0.0739795,0.183243,-0.149489,0.777138,0.0544755,0.39079,0.617024,1.92208,1.94773,0.448113,1.34034,1.28223,2.33913,-0.917627,-1.10815,-0.202929,-0.050046,-0.335275,-0.786131,-1.59911,-3.59875,-0.224857
-2.16977,-1.06221,-1.48355,-2.27225,-2.85355,-0.244835,-0.0403345,0.0820325,0.0210117,-0.211073,1.02588,0.278579,0.493392,0.664554,2.00537,1.94643,0.436267,1.35201,1.23681,2.25802,-0.861639,-1.04427,-0.169707,-0.0250416,-0.305874,-0.774474,-1.55038,-3.54568,-0.235258
-2.29682,-1.30152,-1.4863,-2.69242,-3.11275,-0.288158,-0.0841634,0.0473711,0.100464,-0.102245,1.11863,0.558538,0.605323,0.952218,2.19195,2.29102,0.755204,1.50402,1.91807,2.52608,-0.884842,-1.04962,-0.196052,0.028105,-0.301301,-0.840287,-1.49012,-3.45435,-0.200147
-2.10721,-1.18475,-1.51539,-2.31481,-3.03134,-0.301301,0.00437446,0.157418,0.0622515,-0.099119,0.991944,0.553533,0.516301,0.83659,2.39804,1.97428,0.561582,1.34241,1.23797,2.38054,-0.835496,-1.0209,-0.159182,0.0135595,-0.278864,-0.753526,-1.48363,-3.47349,-0.239185
-2.52659,-1.40291,-1.72727,-2.78968,-3.33384,-0.0345006,-0.0186665,0.148878,0.211603,0.0134489,1.1932,0.589524,0.619498,0.839368,2.36355,2.12033,0.580996,1.49101,1.50614,2.41898,-0.884122,-1.10659,-0.128859,0.0313783,-0.279161,-0.739059,-1.52019,-3.5721,-0.193583
-2.43007,-1.21593,-1.66476,-2.61223,-3.15045,-0.0816716,-0.067023,0.116553,0.244726,-0.0481233,1.18293,0.4524,0.610407,0.775069,2.16432,1.92694,0.488924,1.35304,1.37179,2.33354,-0.878587,-1.04052,-0.179891,0.0167228,-0.311149,-0.818648,-1.57049,-3.57031,-0.284529
-2.43834,-1.27111,-1.59063,-2.43125,-3.2147,-0.150503,0.0255378,0.0916686,0.0457942,-0.066343,1.25209,0.495411,0.609074,0.897459,2.11674,2.15817,0.646757,1.37033,1.42291,2.50662,-0.868466,-1.06704,-0.164431,0.0250087,-0.314462,-0.80511,-1.53208,-3.47078,-0.25761
-2.36449,-1.21476,-1.52428,-2.54259,-2.77385,-0.259989,-0.0691626,0.0339643,-0.000763223,-0.160676,1.47893,0.666654,0.634705,1.1221,1.96972,2.25363,0.627616,1.43527,1.63804,2.12428,-0.819589,-1.00898,-0.207918,-0.0379763,-0.323787,-0.805206,-1.48922,-3.46783,-0.234857
-2.46212,-1.42824,-1.56384,-2.69572,-3.39432,0.0711991,0.243988,0.237534,0.35312,0.256635,1.24129,0.578437,0.554775,0.922129,2.16003,2.18619,0.786589,1.38627,1.56815,2.65092,-0.940924,-1.08444,-0.178875,-0.0103461,-0.302937,-0.782797,-1.49304,-3.50794,-0.204581
-2.28318,-1.18616,-1.49143,-2.12955,-2.9419,-0.227162,-0.154728,-0.0578526,-0.175143,-0.285762,0.938984,0.420903,0.45445,0.426156,2.03439,1.85875,0.417658,1.31419,1.18357,2.22693,-0.850986,-1.03186,-0.187069,0.0408042,-0.345014,-0.789046,-1.51976,-3.49054,-0.249899
-2.18396,-1.19325,-1.53287,-2.38769,-3.17768,-0.205287,-0.115603,0.0852663,-0.0769103,0.0458732,0.928738,0.372193,0.532847,0.753539,2.03443,1.8343,0.501298,1.36677,1.40759,2.37781,-0.946744,-1.05839,-0.225059,0.00290547,-0.3311,-0.799325,-1.49291,-3.46616,-0.214004
-2.47316,-1.24177,-1.65252,-2.5047,-3.10432,-0.318966,-0.203379,0.0806012,-0.0989399,-0.311803,1.36029,0.682083,0.666614,0.992744,2.34912,2.32259,0.645402,1.53726,1.67244,2.60248,-0.89403,-1.043,-0.180684,0.034455,-0.303644,-0.771212,-1.55616,-3.53017,-0.211941
-2.31159,-1.16325,-1.72563,-2.57894,-3.12453,-0.308448,-0.15217,0.107318,-0.00269225,0.00328981,1.31963,0.694366,0.834909,1.23775,2.36005,1.93142,0.490329,1.49769,1.45563,2.32684,-0.87774,-1.01725,-0.215133,-0.00863601,-0.348592,-0.805337,-1.59948,-3.58901,-0.247606
-2.32427,-1.23532,-1.41894,-2.51977,-3.05672,-0.057144,0.0987387,0.00940182,0.19438,0.00521237,1.165,0.418979,0.49216,0.984103,1.98614,2.06044,0.567535,1.32248,1.47468,2.2839,-0.860608,-1.01071,-0.180843,-0.053044,-0.283793,-0.794903,-1.44315,-3.40187,-0.210435
-2.36688,-1.41466,-1.45783,-2.46306,-3.38297,-0.0662262,0.158699,0.0300128,0.0236117,0.0694316,1.25136,0.56221,0.570159,0.860338,2.28193,2.09891,0.735046,1.27497,1.51725,2.8147,-0.88793,-1.02943,-0.175671,0.0361453,-0.335327,-0.815719,-1.48702,-3.40675,-0.197303
-2.28608,-1.16349,-1.56354,-2.30807,-3.02616,-0.209852,-0.132116,0.0423891,-0.0334802,-0.197485,1.115,0.5023,0.636355,0.70413,2.15267,1.91423,0.539819,1.37746,1.33308,2.37874,-0.868412,-1.03328,-0.147898,0.0050699,-0.297738,-0.759194,-1.52203,-3.4432,-0.219448
-2.12986,-1.09724,-1.3856,-2.20898,-2.92236,-0.301246,-0.0415071,-0.0458706,-0.1349,-0.128496,0.994062,0.39663,0.502463,0.71664,2.21677,1.85756,0.463989,1.32364,1.1941,2.2726,-0.935277,-1.07344,-0.185064,0.0172585,-0.311791,-0.832633,-1.53594,-3.6061,-0.252234
-2.37586,-1.24435,-1.54266,-2.46269,-3.18351,-0.151272,-0.0285629,0.0439566,0.0166014,-0.0861479,1.17804,0.429328,0.522829,0.911528,2.02399,2.01025,0.526991,1.34749,1.42218,2.55632,-0.921696,-1.07796,-0.158571,0.0436103,-0.315819,-0.800863,-1.52749,-3.55655,-0.288474
-2.41209,-1.38733,-1.64415,-2.52103,-3.05008,-0.1238,-0.0573784,0.165159,0.133417,-0.243031,1.34783,0.663209,0.603173,0.76262,2.1532,2.12926,0.69088,1.31844,1.27163,2.47908,-0.89595,-1.0875,-0.147444,0.0810183,-0.29966,-0.776136,-1.53389,-3.52397,-0.217836
-2.4057,-1.18151,-1.57701,-2.57014,-3.0712,-0.0863981,-0.0816461,-0.0207364,0.177295,-0.054732,1.28073,0.653106,0.741161,1.04803,2.3428,2.10085,0.568155,1.37523,1.5473,2.39933,-0.939082,-1.06254,-0.205723,0.0345189,-0.311051,-0.789664,-1.53954,-3.521,-0.236631
-2.61492,-1.47157,-1.70322,-2.69763,-3.39533,-0.261185,-0.126589,-0.0329487,0.0575699,-0.12468,1.47484,0.776687,0.662792,0.904732,2.53057,2.4512,0.912422,1.63257,1.57808,2.72428,-0.913252,-1.06988,-0.200454,0.0223971,-0.345084,-0.793087,-1.56786,-3.53321,-0.203108
-2.48232,-1.3785,-1.50244,-2.57271,-3.41294,-0.161664,-0.0524002,-0.0255067,0.0502272,-0.0940698,1.29083,0.668851,0.67572,1.08582,2.52481,2.21088,0.774548,1.409,1.5742,2.85275,-0.907358,-1.08749,-0.224791,-0.0476691,-0.347844,-0.898446,-1.54011,-3.54345,-0.243227
-2.41717,-1.47399,-1.5336,-2.49701,-3.23919,-0.200395,0.0611289,0.091219,0.191574,-0.0208271,1.24439,0.729555,0.589739,0.888675,2.22787,2.15808,0.786398,1.30653,1.5063,2.51293,-0.843846,-1.00321,-0.188662,0.0267871,-0.315314,-0.801731,-1.51037,-3.47494,-0.253724
-2.56443,-1.38293,-1.60258,-2.72412,-3.25365,-0.04254,-0.0559562,0.0208635,0.0387032,-0.0542128,1.5162,0.891123,0.786072,1.14367,2.5659,2.22818,0.746895,1.48682,1.73633,2.62591,-0.833737,-1.01759,-0.194654,-0.00350331,-0.309008,-0.813631,-1.48377,-3.50739,-0.176851
-2.27454,-1.15456,-1.51456,-2.59091,-3.18807,0.136862,0.0114152,0.0877631,0.136068,-0.0104864,1.00855,0.485776,0.673047,0.965322,2.35924,1.89855,0.553275,1.45147,1.69291,2.55934,-0.873502,-1.07123,-0.175522,0.0485877,-0.327109,-0.860692,-1.48361,-3.50667,-0.245707
-2.28774,-1.33431,-1.62629,-2.46281,-3.08901,-0.176694,0.0530486,0.147456,0.162657,0.170433,1.17531,0.546059,0.608083,0.828862,2.03589,1.96208,0.589314,1.31809,1.41814,2.33711,-0.846209,-1.04052,-0.146957,-0.0149649,-0.281625,-0.787893,-1.58465,-3.50125,-0.246584
-2.62884,-1.41915,-1.70868,-2.41046,-3.17039,-0.0195639,0.113625,0.093942,0.126762,0.1081,1.60234,0.848649,0.892406,0.854318,2.48572,2.25003,0.604941,1.52682,1.40021,2.48892,-0.7764,-0.969635,-0.20829,-0.0132319,-0.309495,-0.801963,-1.56771,-3.46989,-0.239085
-2.16348,-1.05534,-1.40123,-2.31971,-2.91789,-0.198073,-0.0860498,-0.0418456,-0.101806,-0.134898,0.924046,0.304208,0.321214,0.452001,1.99811,1.90159,0.360941,1.24413,1.22509,2.39549,-0.861004,-1.07069,-0.165997,0.00914752,-0.313188,-0.777795,-1.57337,-3.56076,-0.232787
-2.35552,-1.33128,-1.47711,-2.31069,-3.13106,-0.266474,-0.0899031,-0.0370517,-0.193108,-0.0285438,1.31834,0.726036,0.654262,0.940296,2.32504,2.16135,0.637624,1.33174,1.50174,2.49659,-0.895581,-1.02612,-0.138868,-0.0179073,-0.311752,-0.816811,-1.56667,-3.54201,-0.25312
-2.37156,-1.30519,-1.46856,-2.45543,-3.30345,0.016265,0.143065,0.0674201,0.158223,0.118876,1.03232,0.415647,0.490645,0.685037,2.38374,2.03741,0.546701,1.29936,1.44762,2.6195,-0.848546,-1.06527,-0.171699,0.0321923,-0.324348,-0.840075,-1.5263,-3.47908,-0.215385
-2.18221,-1.1758,-1.51172,-2.4534,-3.11471,-0.286161,-0.155931,-0.0598573,-0.163689,-0.206012,1.37925,0.834421,0.661198,1.03366,2.36884,1.88493,0.588109,1.36391,1.56656,2.40517,-0.889667,-0.992603,-0.16156,0.0396368,-0.300909,-0.768598,-1.45514,-3.44948,-0.204091
-2.28158,-1.11157,-1.46434,-2.51714,-2.94411,-0.145519,-0.00718649,0.114702,0.119704,-0.115269,1.13277,0.498587,0.537124,0.839997,2.15039,2.005,0.424566,1.28765,1.48172,2.17986,-0.84335,-0.980951,-0.173636,0.017775,-0.298405,-0.770732,-1.46945,-3.4205,-0.246387
-2.31985,-1.24679,-1.5594,-2.53261,-3.13127,-0.105187,-0.0719467,0.075518,0.11887,-0.0466803,1.08791,0.570431,0.623398,0.807981,2.23654,2.11983,0.691315,1.48279,1.64622,2.66227,-0.921474,-1.09383,-0.225845,-0.0364436,-0.295187,-0.775534,-1.46171,-3.47051,-0.25165
-2.1709,-1.15456,-1.49654,-2.39316,-3.01201,-0.246889,-0.0951676,0.0740671,0.0991261,-0.240365,0.877614,0.326916,0.505985,0.641008,1.96754,1.8231,0.462028,1.27007,1.31351,2.35586,-0.867781,-1.01957,-0.217624,-0.0180476,-0.314903,-0.778843,-1.51497,-3.40322,-0.209757
-2.6977,-1.51438,-1.68968,-2.70208,-3.42657,-0.0839789,0.078692,0.00533985,-0.171258,0.185235,1.34489,0.642843,0.745885,1.10756,2.2057,2.38232,0.818647,1.54275,1.74409,2.6289,-0.878978,-1.05182,-0.168181,0.0776408,-0.315145,-0.808181,-1.58806,-3.52663,-0.191159
-2.54246,-1.29122,-1.60901,-2.57328,-3.16489,0.0454813,0.0934909,0.126142,0.0708758,0.12522,1.18334,0.380522,0.503768,0.879404,2.16145,2.07954,0.482202,1.33332,1.54763,2.2239,-0.891762,-1.03659,-0.132824,0.0236732,-0.333248,-0.793657,-1.53302,-3.49533,-0.219778
-2.26094,-1.09275,-1.4063,-2.47367,-2.85501,-0.223495,-0.0871328,0.0266096,0.100271,-0.0282598,1.10942,0.453251,0.468458,0.720359,2.0195,1.97857,0.493425,1.31595,1.46294,2.21829,-0.906074,-1.03545,-0.252383,-0.0440728,-0.259474,-0.80003,-1.49809,-3.48517,-0.293224
-2.47501,-1.22729,-1.49341,-2.40862,-3.24653,0.0324071,0.026181,0.167401,0.148258,-0.0178781,1.20864,0.492112,0.527211,0.800688,2.33104,2.00916,0.513091,1.39889,1.37849,2.61245,-0.917212,-1.05725,-0.232706,-0.0600318,-0.30046,-0.83037,-1.54966,-3.57325,-0.279335
-2.45183,-1.35739,-1.59337,-2.49896,-3.27384,-0.175216,-0.0242383,0.0798909,0.0854744,-0.0873013,1.21238,0.540709,0.555956,0.717877,2.27655,2.26471,0.709843,1.44476,1.52495,2.68223,-0.855403,-1.06726,-0.178489,0.0449149,-0.322369,-0.860539,-1.53989,-3.48214,-0.220142
-2.50512,-1.5369,-1.63518,-2.53954,-3.55384,0.0991964,0.22287,0.136194,0.131639,0.0852222,1.08443,0.572681,0.623012,0.697402,2.32179,2.03125,0.652571,1.38253,1.43585,2.79719,-0.857492,-1.0485,-0.129143,0.0173884,-0.35538,-0.793841,-1.50249,-3.44525,-0.19337
-2.32554,-1.23387,-1.53862,-2.54584,-3.16419,-0.342971,-0.224597,-0.0613665,-0.129761,-0.129375,1.34271,0.675995,0.715818,1.0636,2.40597,2.0207,0.57866,1.4288,1.58611,2.30667,-0.907133,-0.994389,-0.184476,0.0799512,-0.367497,-0.858047,-1.45592,-3.3993,-0.236012
-2.39254,-1.33326,-1.65365,-2.57182,-3.22369,0.0664319,0.121249,0.175029,-0.023675,0.0126002,0.92509,0.319458,0.567455,0.96285,2.20075,2.0357,0.558579,1.49312,1.63326,2.43465,-0.858112,-1.04632,-0.183249,-0.00214862,-0.321647,-0.800093,-1.47164,-3.40955,-0.175663
-2.52017,-1.40398,-1.67833,-2.59957,-3.2776,-0.145801,-0.139004,0.0854948,-0.0741275,-0.138142,1.30926,0.703099,0.6854,1.1102,2.42735,2.30505,0.740565,1.45529,1.67477,2.66199,-0.904338,-1.11368,-0.206571,-0.0246099,-0.337512,-0.83119,-1.48841,-3.50438,-0.248129
-2.45268,-1.23489,-1.53423,-2.47751,-2.94404,0.0778055,0.0319783,0.16972,0.181364,-0.044898,1.24504,0.432901,0.559875,0.860589,1.91877,2.03645,0.505283,1.36059,1.44309,2.33257,-0.865745,-1.0127,-0.189851,0.0191051,-0.289897,-0.74092,-1.50123,-3.41625,-0.216371
-2.28865,-1.21339,-1.59008,-2.65207,-3.15757,-0.236464,-0.0700651,0.0277745,0.0770193,0.0456793,0.955685,0.41159,0.606446,0.870002,2.04234,2.03777,0.530941,1.3661,1.66128,2.48393,-0.874666,-1.07995,-0.162994,0.0322975,-0.310842,-0.785876,-1.50512,-3.55789,-0.228329
-2.14337,-1.24587,-1.51844,-2.30047,-3.11488,-0.230226,0.0581396,0.197363,0.220583,-0.11,0.912269,0.431936,0.504804,0.572763,2.1603,1.73105,0.415227,1.2051,1.01258,2.32688,-0.902348,-1.06555,-0.178706,-0.0141802,-0.33523,-0.818619,-1.48811,-3.46759,-0.2097
-2.50765,-1.32136,-1.686,-2.68065,-3.27957,-0.0978878,0.0337289,0.142788,0.213437,0.170131,1.24068,0.516284,0.61877,0.986606,2.19139,2.26882,0.71402,1.51237,1.60268,2.48776,-0.900862,-1.0856,-0.217629,0.0180903,-0.376396,-0.818299,-1.55213,-3.56424,-0.233683
-2.27956,-1.19428,-1.57146,-2.45586,-3.10674,-0.0823058,0.0509275,0.0713452,0.241101,-0.0241778,0.931019,0.281447,0.55481,0.716161,2.15417,1.87377,0.348897,1.27283,1.22219,2.2584,-0.890082,-1.03862,-0.186497,0.0591039,-0.340646,-0.80502,-1.52625,-3.51957,-0.240362
-2.31576,-1.07631,-1.40703,-2.4008,-3.13539,-0.126658,-0.0564701,0.0662127,0.1441,-0.158301,1.16544,0.383937,0.449868,0.656195,2.25902,2.01998,0.355675,1.2702,1.50239,2.57487,-0.855528,-1.03666,-0.204362,-0.00063857,-0.367133,-0.909026,-1.5206,-3.52505,-0.230644
-2.33682,-1.17256,-1.52574,-2.49079,-2.78526,-0.151782,-0.0558688,0.0868464,0.186026,-0.209718,1.15594,0.460704,0.605079,0.929717,1.77948,2.16437,0.630764,1.32237,1.50354,2.36832,-0.846615,-1.02178,-0.130162,0.0418371,-0.314694,-0.804818,-1.54814,-3.48082,-0.20957
-2.19114,-1.17949,-1.51041,-2.4994,-3.10294,-0.313889,-0.139073,-0.00851243,0.0548252,-0.143969,1.24237,0.578918,0.652727,0.997763,2.31791,1.91161,0.579346,1.38857,1.5582,2.56296,-0.875867,-1.08481,-0.1828,0.00371581,-0.311132,-0.804452,-1.52357,-3.55951,-0.230326
-2.61995,-1.59223,-1.73118,-2.61705,-3.46356,-0.0470303,0.104818,0.144121,-0.0190893,0.111433,1.25599,0.698581,0.698947,0.852044,2.44687,2.17443,0.728509,1.53716,1.61006,2.71018,-0.902448,-1.12651,-0.204805,-0.000770582,-0.372428,-0.858927,-1.63904,-3.60194,-0.171313
-2.43494,-1.38655,-1.68983,-2.77573,-3.24786,-0.132735,-0.0928856,0.169336,0.209564,-0.138658,1.18407,0.787973,0.698989,1.15164,2.40521,2.10482,0.759781,1.52638,1.65597,2.67219,-0.870983,-1.06165,-0.183705,-0.0531824,-0.28498,-0.786666,-1.51401,-3.54623,-0.230483
-2.41206,-1.33548,-1.58321,-2.59943,-3.21172,-0.191939,-0.0125494,0.0363507,-0.0638488,-0.112914,1.28465,0.673414,0.540809,0.940949,2.4345,2.15642,0.669721,1.37598,1.6072,2.63597,-0.897404,-1.08126,-0.162597,0.0107626,-0.267885,-0.713974,-1.56372,-3.51418,-0.23812
-2.30971,-1.21242,-1.45923,-2.31082,-3.07882,-0.239095,-0.191279,-0.0450289,-0.170988,-0.0541252,1.15849,0.503591,0.589999,0.782334,2.01961,2.01576,0.603834,1.24981,1.3584,2.35038,-0.849612,-1.03311,-0.144637,0.0241292,-0.304805,-0.803142,-1.52984,-3.48526,-0.228165
-2.67102,-1.52522,-1.80619,-2.70828,-3.41864,-0.0109544,0.0515643,0.0916995,-0.0402005,-0.00564862,1.28168,0.688165,0.755892,1.01794,2.45755,2.3877,0.813166,1.61198,1.70344,2.76875,-0.847643,-1.06053,-0.114826,0.0412033,-0.312762,-0.782505,-1.60171,-3.51382,-0.188585
-2.61151,-1.38878,-1.60726,-2.69969,-3.00676,-0.25654,-0.217325,-0.0260686,0.037309,-0.401314,1.43282,0.681734,0.695116,1.08024,2.30074,2.40144,0.872427,1.48669,1.65388,2.64341,-0.904769,-1.09264,-0.214042,0.0264067,-0.357082,-0.840043,-1.54655,-3.5436,-0.219237
-2.12103,-1.07671,-1.42194,-2.22667,-3.01403,-0.226067,-0.04981,0.0598389,-0.0660049,-0.122314,1.11006,0.382936,0.440299,0.764395,2.10547,1.78835,0.335128,1.23519,1.21824,2.26631,-0.84945,-1.04367,-0.142591,-0.0161419,-0.327902,-0.842626,-1.49267,-3.47411,-0.231375
-2.71352,-1.47502,-1.70347,-2.76097,-3.37003,-0.0809318,0.0411871,0.0314108,0.0693105,0.049179,1.37425,0.595306,0.621034,0.887885,2.42695,2.30334,0.664821,1.47027,1.58957,2.47625,-0.888433,-1.0338,-0.180875,0.07396,-0.393767,-0.836846,-1.5729,-3.55056,-0.195388
-2.14628,-1.08764,-1.50962,-2.32606,-2.92572,-0.199846,-0.133759,0.0993239,-0.0011158,-0.214415,1.04296,0.371003,0.576561,0.810098,2.0318,2.02055,0.576637,1.39375,1.59025,2.53824,-0.847252,-1.04611,-0.207758,-0.0752555,-0.310598,-0.824873,-1.4767,-3.41809,-0.210435
-2.16968,-1.12854,-1.50212,-2.62539,-3.10384,-0.15946,-0.138251,-0.0770651,-0.00756468,0.0906242,0.800911,0.380563,0.608913,1.03564,2.08235,1.69738,0.317596,1.22873,1.6736,2.08344,-0.843892,-1.03461,-0.165044,0.057648,-0.3113,-0.807772,-1.51822,-3.50557,-0.200606
-2.40863,-1.26114,-1.51024,-2.56167,-3.00624,-0.0467749,0.0887781,0.0496538,0.154606,0.0569767,1.09567,0.386987,0.502878,0.670164,1.87148,2.16331,0.576811,1.37675,1.43032,2.19058,-0.888446,-1.11729,-0.164164,0.0289824,-0.294441,-0.743817,-1.52243,-3.53205,-0.231375
-2.29227,-1.19922,-1.56307,-2.59628,-3.09196,-0.299026,-0.0790923,0.0715336,-0.0235581,-0.136997,1.07475,0.410001,0.573872,1.04375,2.21713,2.08278,0.478586,1.37813,1.42191,2.42163,-0.889349,-1.09926,-0.181458,0.0239223,-0.354901,-0.827146,-1.49617,-3.47702,-0.171679
-2.31999,-1.14923,-1.48704,-2.47788,-3.07683,-0.358152,-0.219943,-0.0323486,-0.069488,-0.179572,1.19463,0.498286,0.535946,1.01508,2.19529,1.94918,0.401193,1.28614,1.30148,2.17436,-0.838502,-1.01608,-0.200839,-0.0150771,-0.324827,-0.803024,-1.48264,-3.45864,-0.231592
-2.39787,-1.2586,-1.56873,-2.54173,-3.00041,-0.11796,0.0383303,0.2012,0.1146,-0.0971675,1.26103,0.567835,0.728391,1.01904,2.22729,2.08158,0.499137,1.29019,1.48986,2.35916,-0.878048,-1.04066,-0.180296,0.0397653,-0.343951,-0.811371,-1.51465,-3.46608,-0.207156
-2.31012,-1.18119,-1.51783,-2.60944,-3.12931,-0.283963,-0.116481,-0.00338887,0.0987772,-0.126382,1.1867,0.444464,0.522148,0.867292,2.09273,2.32474,0.699303,1.43441,1.72,2.64981,-0.882006,-0.974936,-0.184056,0.0282399,-0.306682,-0.791313,-1.4939,-3.49993,-0.250892
-2.44017,-1.35549,-1.52132,-2.46305,-3.16988,-0.0484776,0.0540752,0.120726,0.120549,-0.0919188,1.19045,0.56029,0.571252,0.793744,2.25485,2.15921,0.72518,1.34366,1.52941,2.55053,-0.847505,-1.06605,-0.180199,0.0133984,-0.337288,-0.842489,-1.49471,-3.48516,-0.214131
-2.36058,-1.26615,-1.55492,-2.56404,-3.01482,-0.0860752,-0.00632729,0.120433,0.279519,0.0108397,1.10493,0.503287,0.571793,0.760733,1.93804,1.92519,0.556691,1.36286,1.46541,2.29849,-0.873516,-1.01326,-0.139256,0.00478443,-0.36122,-0.828895,-1.52454,-3.50145,-0.211894
-2.40675,-1.31748,-1.57087,-2.49451,-3.0274,0.0446184,0.146175,0.119023,0.0959597,-0.0535132,1.36072,0.618018,0.626635,0.941559,2.22618,1.95737,0.448164,1.33197,1.48415,2.36032,-0.897254,-1.06283,-0.234173,-0.0672816,-0.371472,-0.889879,-1.55311,-3.57366,-0.238001
-2.33169,-1.24205,-1.6506,-2.51833,-3.31256,-0.286731,-0.14068,0.0720029,-0.0285279,-0.141588,1.31306,0.720078,0.730065,0.945725,2.56706,2.11793,0.585245,1.45728,1.52139,2.56782,-0.865215,-1.05004,-0.182874,0.0280403,-0.304826,-0.836614,-1.53468,-3.52347,-0.221319
-2.28798,-1.15201,-1.44224,-2.37507,-3.22854,-0.231857,-0.117822,0.0734389,0.0359877,-0.0282691,1.21279,0.399006,0.487053,0.641094,2.40738,1.97266,0.505237,1.13417,1.25772,2.59972,-0.862012,-1.03037,-0.197204,0.0361732,-0.333191,-0.798987,-1.47908,-3.46432,-0.260431
-2.24738,-1.1425,-1.42761,-2.62706,-3.131,-0.252035,-0.0976375,0.104549,0.212276,-0.266807,1.15537,0.493299,0.464376,0.903254,2.49996,2.11533,0.466042,1.18247,1.66667,2.51746,-0.857121,-1.03169,-0.178602,0.0054484,-0.327916,-0.836683,-1.54909,-3.5269,-0.206446
-2.294,-1.29702,-1.54271,-2.21424,-3.30994,-0.133314,-0.046113,0.037732,-0.124604,0.00393568,1.20835,0.58011,0.635074,0.736426,2.4277,2.21929,0.837568,1.51776,1.54295,2.78252,-0.886453,-1.06436,-0.163726,-0.0201029,-0.305175,-0.853406,-1.57399,-3.54966,-0.231507
-2.40913,-1.29391,-1.63342,-2.5256,-3.23122,-0.27379,-0.0400793,0.0597145,-0.02811,-0.130896,1.15628,0.326714,0.409309,0.539672,2.20983,2.16124,0.530574,1.38556,1.46713,2.53436,-0.871901,-1.08142,-0.178673,-0.0180543,-0.294965,-0.825212,-1.57924,-3.60261,-0.246058
-2.26925,-1.20252,-1.4896,-2.5613,-3.06476,-0.00189824,-0.0251475,0.0156057,-0.0130987,-0.00829759,0.939699,0.375418,0.564454,1.00571,2.11425,1.87663,0.509519,1.34089,1.46303,2.41719,-0.854192,-1.02703,-0.148754,0.055157,-0.357251,-0.818335,-1.45574,-3.4572,-0.228725
-2.45361,-1.27216,-1.47305,-2.35047,-2.83883,-0.215468,-0.0225824,0.120349,-0.00468312,-0.158551,1.06847,0.295059,0.378973,0.450689,1.79488,2.08696,0.462607,1.18792,1.23873,2.02096,-0.876204,-1.04894,-0.173075,0.0565866,-0.321887,-0.771622,-1.54279,-3.50703,-0.262048
-2.29149,-1.22316,-1.49056,-2.3353,-3.18252,-0.30997,-0.105406,-0.0727787,-0.208798,-0.0565737,1.10937,0.391253,0.501377,0.878834,2.08323,2.07384,0.609144,1.4574,1.55873,2.51083,-0.793831,-1.03343,-0.228098,-0.066266,-0.268366,-0.774331,-1.46426,-3.38768,-0.168941
-2.46792,-1.36924,-1.61484,-2.59015,-3.30886,-0.0352444,0.145142,0.109854,0.115305,0.116715,1.06909,0.441557,0.568293,0.8,2.35338,2.23099,0.682173,1.54528,1.54254,2.65457,-0.835237,-0.983507,-0.122866,0.0258231,-0.318458,-0.754876,-1.51838,-3.42031,-0.212921
-2.50796,-1.39241,-1.66442,-2.64518,-3.24178,-0.0347851,0.104198,0.0691995,0.0207277,-0.0778826,1.13994,0.580562,0.657094,1.09678,2.43178,2.13922,0.644028,1.49456,1.68626,2.70678,-0.840924,-1.05971,-0.202694,-0.0299263,-0.394847,-0.856134,-1.54746,-3.54684,-0.222736
-2.57196,-1.28219,-1.54468,-2.60767,-3.13405,-0.0233054,0.0261997,0.064435,0.172083,0.0347675,1.22982,0.455337,0.486046,0.810479,2.07619,2.10058,0.516489,1.47668,1.53233,2.34729,-0.877713,-1.05437,-0.203767,-0.0452429,-0.327579,-0.795416,-1.54686,-3.55115,-0.207693
-2.21748,-1.13587,-1.4268,-2.38196,-3.23152,-0.245155,-0.201378,-0.0168115,-0.0278057,-0.194869,1.17571,0.520491,0.53654,0.676829,2.46978,2.01884,0.494845,1.31536,1.29421,2.62534,-0.961024,-1.10989,-0.190559,0.00426407,-0.34309,-0.81006,-1.53195,-3.60689,-0.223981
-2.4037,-1.40847,-1.62361,-2.75505,-3.1292,-0.00985487,0.211671,0.0778861,0.154416,0.171325,1.12586,0.414665,0.569761,1.10067,1.99666,2.17874,0.789054,1.40055,1.77629,2.47775,-0.848369,-1.0097,-0.158502,0.0164678,-0.30437,-0.713236,-1.54246,-3.46194,-0.199153
-2.33355,-1.32553,-1.63487,-2.70054,-3.21604,-0.0783011,0.0757709,0.0942053,0.118499,0.0573003,0.963463,0.354383,0.535883,0.795871,2.00765,2.1099,0.6914,1.49122,1.71175,2.66977,-0.873372,-1.0478,-0.155438,0.0399827,-0.310738,-0.813654,-1.53575,-3.50221,-0.210364
-2.52994,-1.379,-1.5415,-2.36766,-3.22483,-0.0913146,-0.0644554,-0.0209623,-0.0685812,-0.110166,1.27736,0.771918,0.597625,0.727779,2.45361,2.04324,0.649155,1.45461,1.45252,2.68614,-0.89659,-1.09536,-0.177948,-0.00463246,-0.351114,-0.823441,-1.55646,-3.51021,-0.249231
-2.15374,-1.04472,-1.43158,-2.44549,-2.86007,-0.260271,-0.0507521,0.0595492,-0.100883,-0.255923,0.985752,0.336661,0.412343,0.769247,2.00988,1.92602,0.408414,1.32597,1.59153,2.33995,-0.908516,-1.0148,-0.219317,-0.0594667,-0.324086,-0.781307,-1.48301,-3.53252,-0.232153
-2.22812,-1.2023,-1.58286,-2.3681,-3.07822,-0.0288348,0.115818,0.151777,0.127863,-0.0570487,1.04434,0.396364,0.602682,0.717261,2.16885,1.81281,0.453381,1.35121,1.31634,2.48089,-0.828329,-1.00368,-0.187315,-0.013293,-0.348871,-0.772863,-1.48987,-3.47745,-0.244775
-2.33601,-1.18406,-1.48994,-2.45605,-2.9572,-0.36277,-0.123306,0.0272907,0.00873302,-0.162655,1.30261,0.467757,0.494211,0.981654,2.17676,2.11045,0.448704,1.30074,1.35295,2.32693,-0.932975,-1.04007,-0.181646,0.0360137,-0.318701,-0.785052,-1.5423,-3.4852,-0.233399
-2.23189,-1.05616,-1.44596,-2.43293,-2.79986,-0.373069,-0.208885,-0.118423,-0.158166,-0.313098,1.08132,0.332162,0.540872,0.706103,1.90715,2.01867,0.353865,1.26205,1.45111,2.14503,-0.905124,-1.12358,-0.147929,0.0280197,-0.350913,-0.775548,-1.53021,-3.51358,-0.190304
-2.42494,-1.32227,-1.62763,-2.69168,-3.11825,-0.273574,-0.162903,0.0799661,-0.0137187,-0.182741,1.34823,0.668129,0.662066,0.910014,2.18301,2.14577,0.654024,1.48268,1.75082,2.39126,-0.810099,-1.03232,-0.185703,-0.0116264,-0.306626,-0.812945,-1.50905,-3.44018,-0.172143
-2.21113,-1.27842,-1.58825,-2.4812,-3.14308,-0.206329,0.0111889,0.116424,0.174281,-0.0815173,0.97381,0.520923,0.574276,0.732341,2.17324,2.02355,0.590069,1.3813,1.37497,2.49311,-0.936462,-1.02776,-0.171739,-0.00202457,-0.302272,-0.825814,-1.513,-3.53156,-0.269854
-2.53013,-1.39997,-1.64628,-2.5667,-3.26993,-0.265616,-0.05504,0.0344948,-0.0144358,-0.214701,1.31263,0.519268,0.602504,0.74075,2.12362,2.1665,0.557323,1.45148,1.40261,2.56487,-0.855959,-1.05603,-0.127178,0.048488,-0.343128,-0.811679,-1.5704,-3.52913,-0.167263
-2.33693,-1.35261,-1.65063,-2.55422,-3.12981,-0.152431,-0.0863183,0.052326,-0.099016,-0.0827001,1.04058,0.561604,0.642308,0.745287,2.17977,2.13344,0.815513,1.54995,1.65865,2.5052,-0.893784,-1.04976,-0.146909,0.0573411,-0.312506,-0.810301,-1.54864,-3.50043,-0.212924
-2.29557,-1.18643,-1.66073,-2.40919,-3.26502,-0.19142,-0.158461,0.068586,0.0031824,-0.146417,1.13539,0.559844,0.676925,0.767187,2.33401,2.21506,0.713822,1.52568,1.49601,2.80016,-0.832621,-1.0908,-0.178736,0.0211649,-0.316328,-0.778008,-1.50736,-3.47211,-0.227871
-2.27876,-1.21116,-1.51012,-2.54393,-3.01009,-0.102544,-0.0898725,-0.0213434,-0.0154877,-0.216623,1.02016,0.441629,0.527923,0.867535,2.01976,1.95233,0.556299,1.35912,1.40931,2.30504,-0.886869,-1.06933,-0.148074,0.117416,-0.270701,-0.740237,-1.5471,-3.48773,-0.223406
-2.28688,-1.1113,-1.38071,-2.37757,-2.9912,-0.180245,-0.153498,-0.0041001,-0.0472302,-0.284701,1.1372,0.485035,0.506419,0.890284,2.23515,2.07459,0.557948,1.36782,1.55712,2.47386,-0.853113,-1.02242,-0.208055,-0.0221651,-0.34786,-0.814619,-1.46092,-3.44451,-0.221246
-2.28551,-1.30735,-1.44326,-2.26018,-3.28399,-0.313977,-0.114572,0.0056997,-0.24637,-0.186311,1.11372,0.603615,0.406352,0.641805,2.2777,2.17278,0.758742,1.35945,1.54584,2.78674,-0.915032,-1.02726,-0.182487,-0.00422833,-0.350359,-0.816696,-1.49232,-3.47785,-0.230353
-2.3694,-1.24406,-1.42089,-2.41071,-3.25412,-0.227566,-0.0258991,-0.055665,-0.0639284,-0.00809567,1.11684,0.424523,0.432176,0.707448,2.13515,1.99069,0.469578,1.29293,1.31527,2.55809,-0.878412,-1.02937,-0.16645,0.0138899,-0.322538,-0.787277,-1.50998,-3.5152,-0.214816
-2.57762,-1.42792,-1.62857,-2.7795,-3.13355,-0.11124,-0.0589468,0.0943081,-0.0491012,-0.123233,1.33709,0.667043,0.610251,1.22216,2.14094,2.31396,0.712913,1.30447,1.72098,2.48928,-0.859665,-1.02599,-0.164626,0.0506931,-0.292522,-0.813405,-1.56691,-3.51863,-0.173426
-2.49575,-1.42675,-1.61853,-2.83176,-3.20749,-0.121858,0.102256,0.00810637,0.131371,0.142379,1.27884,0.649518,0.722753,1.26012,2.25818,2.24924,0.723334,1.4918,1.77383,2.50038,-0.904652,-1.085,-0.192263,0.0155226,-0.340971,-0.812634,-1.54323,-3.55498,-0.219435
-2.4917,-1.40832,-1.59375,-2.65661,-3.51868,-0.225039,-0.0798643,-0.0346779,-0.0722422,-0.074944,1.29439,0.628831,0.752153,0.975268,2.46167,2.11393,0.715428,1.49304,1.66783,2.7365,-0.861663,-1.06593,-0.193216,-0.0194838,-0.290869,-0.818348,-1.45712,-3.48101,-0.235592
-2.44747,-1.27559,-1.60231,-2.54722,-3.13686,0.0404192,0.109938,0.0639574,0.220398,0.14965,1.19269,0.578721,0.686576,0.731219,2.37526,2.00308,0.530866,1.41394,1.40142,2.38543,-0.871527,-1.06535,-0.183468,-0.00278505,-0.329929,-0.756953,-1.51836,-3.56271,-0.26929
-2.37589,-1.30291,-1.64684,-2.72156,-3.16354,-0.0626302,0.0702605,0.204225,0.135499,-0.223004,1.11189,0.478993,0.563973,1.06475,2.22064,2.06064,0.537947,1.32105,1.65256,2.65498,-0.903403,-1.06349,-0.158397,-0.0298576,-0.351174,-0.818073,-1.5494,-3.56564,-0.225483
-2.54724,-1.53437,-1.66911,-2.69524,-3.52756,-0.113965,0.072912,0.202032,0.18932,-0.0830591,1.383,0.755217,0.607734,0.771875,2.68743,2.2593,0.724276,1.33531,1.67588,2.81567,-0.893146,-1.01724,-0.205068,0.0696952,-0.327853,-0.772765,-1.52912,-3.49732,-0.189697
-2.25588,-1.35708,-1.65341,-2.64531,-3.14314,-0.185253,0.0792336,0.117611,0.0877084,-0.0636126,1.15707,0.649591,0.666804,1.01623,2.24308,2.03801,0.624557,1.40169,1.58365,2.37727,-0.888795,-1.0908,-0.177476,0.0305571,-0.327173,-0.803409,-1.53706,-3.5207,-0.210493
-2.4337,-1.32067,-1.62122,-2.77862,-3.1521,-0.156545,0.017466,0.0781213,0.00444977,0.0617817,1.21299,0.64368,0.744468,1.13767,2.22092,2.14153,0.586916,1.45524,1.75506,2.39751,-0.913779,-1.05783,-0.203816,-0.0130399,-0.379475,-0.792293,-1.47831,-3.47791,-0.248842
-2.58577,-1.52733,-1.64282,-2.64263,-3.35958,-0.194049,-0.000969552,0.0224864,0.0731829,-0.0457456,1.25611,0.618709,0.707709,1.06871,2.42559,2.12302,0.701366,1.37891,1.54111,2.58627,-0.88753,-1.06994,-0.218389,-0.0124491,-0.361938,-0.892977,-1.54539,-3.50238,-0.240333
-2.34343,-1.23252,-1.4721,-2.54456,-3.23173,-0.140407,-0.166649,0.0356338,0.0846274,-0.0661522,1.28343,0.632976,0.51673,1.02808,2.2961,2.1234,0.683608,1.41953,1.60588,2.65064,-0.877431,-1.00799,-0.214784,-0.0339402,-0.323029,-0.855924,-1.4474,-3.46917,-0.241528
-2.35396,-1.28047,-1.65168,-2.61079,-3.22707,-0.0210327,-0.0462375,0.108002,-0.0757373,0.0235217,0.873644,0.321502,0.501841,0.933549,2.01657,1.9801,0.536284,1.34253,1.47527,2.58315,-0.869514,-1.09988,-0.202716,0.0211494,-0.400787,-0.85116,-1.58364,-3.58335,-0.219266
-2.23433,-1.1923,-1.40671,-2.47573,-3.17489,-0.284367,-0.107864,-0.0649705,-0.0326952,-0.0910713,0.96629,0.43253,0.469267,0.850651,2.03843,1.98095,0.485374,1.21448,1.4852,2.47352,-0.938999,-1.03879,-0.189553,0.0232337,-0.297054,-0.774876,-1.52258,-3.51182,-0.250122
-2.41109,-1.33172,-1.60302,-2.61411,-3.15773,-0.249749,-0.14456,-0.0276492,-0.0116112,-0.206609,1.3268,0.719287,0.545077,0.974872,2.37606,1.99731,0.670539,1.45775,1.5304,2.51043,-0.857371,-1.00054,-0.152194,0.0353164,-0.35316,-0.854819,-1.55339,-3.52036,-0.254908
-2.41023,-1.33397,-1.61518,-2.43677,-3.11082,-0.168891,0.0802033,0.0334356,0.0533793,-0.0208422,1.09643,0.494841,0.624225,0.562112,2.18872,2.17083,0.530024,1.5192,1.41204,2.45394,-0.878087,-1.05282,-0.199347,0.0300614,-0.363772,-0.831304,-1.52361,-3.49597,-0.207078
-2.37203,-1.2709,-1.54133,-2.60726,-3.08806,-0.252452,-0.192272,-0.0868618,-0.108901,-0.245895,1.07019,0.571621,0.634876,0.924941,2.26285,2.03632,0.550628,1.41164,1.5345,2.43598,-0.871063,-1.04527,-0.212336,0.030806,-0.377233,-0.750612,-1.52421,-3.478,-0.211465
-2.58929,-1.3904,-1.61953,-2.76646,-3.28069,0.111875,0.175778,0.126481,0.211611,0.126958,1.31511,0.597759,0.566423,1.11649,2.28701,2.10815,0.598436,1.45725,1.77788,2.48513,-0.901081,-1.02101,-0.166732,-0.0144489,-0.367198,-0.8085,-1.55575,-3.52129,-0.204071
-2.39029,-1.21791,-1.63092,-2.55847,-3.03844,-0.0612122,-0.0174473,0.151225,0.214347,-0.131633,1.14616,0.474027,0.563474,0.743516,2.26963,1.91413,0.437194,1.34062,1.40095,2.39484,-0.897274,-1.02635,-0.166343,0.0216317,-0.309613,-0.810398,-1.57724,-3.57437,-0.289519
-2.40367,-1.37996,-1.67707,-2.6935,-3.29422,-0.21171,-0.0265174,0.0429292,0.0527648,-0.0676597,1.29069,0.749148,0.681075,0.942474,2.46165,2.3124,0.753972,1.585,1.71862,2.70385,-0.8634,-1.06951,-0.147517,-0.0233676,-0.312601,-0.825503,-1.53643,-3.54751,-0.203798
-2.38507,-1.30916,-1.60897,-2.55384,-3.13361,-0.0693396,-0.00621609,0.209521,0.00208205,-0.131505,1.15544,0.497308,0.62364,0.814824,2.26292,2.00084,0.639424,1.37348,1.64533,2.63991,-0.882038,-1.05404,-0.185203,-0.0188821,-0.345469,-0.875265,-1.5155,-3.46936,-0.23591
-2.47921,-1.40096,-1.62044,-2.62322,-3.174,-0.244024,-0.135305,0.0196705,0.0237823,-0.103478,1.25733,0.686606,0.614743,0.843822,2.10462,2.17392,0.586823,1.29743,1.46192,2.35266,-0.885683,-1.07094,-0.156902,0.0737944,-0.325061,-0.784359,-1.55392,-3.48675,-0.187424
-2.14256,-1.1067,-1.50672,-2.34479,-2.95219,-0.248853,-0.076542,-0.00238008,-0.0981224,-0.113568,0.921124,0.322159,0.489599,0.593911,2.15958,2.05437,0.537425,1.38906,1.56992,2.4272,-0.908734,-1.06651,-0.149942,-0.00293863,-0.283622,-0.730737,-1.52498,-3.46928,-0.209792
-2.42229,-1.30134,-1.65717,-2.4974,-3.2472,-0.307429,-0.176077,-0.0214365,-0.0949424,-0.151551,1.46105,0.701864,0.656063,0.830381,2.48861,2.15621,0.735807,1.59272,1.57224,2.68001,-0.879497,-1.05547,-0.186903,0.0117361,-0.310665,-0.799678,-1.56773,-3.52706,-0.227232
-2.50813,-1.38094,-1.65781,-2.55846,-3.17127,-0.14718,-0.0343255,0.0827679,0.202021,-0.0808005,1.23427,0.657658,0.730824,0.846583,2.23045,2.23375,0.705975,1.50494,1.49857,2.61199,-0.889236,-1.02305,-0.174967,-0.00958418,-0.33068,-0.820502,-1.53341,-3.53525,-0.23375
-2.21476,-0.981451,-1.3604,-2.27856,-2.85978,-0.204924,-0.101743,0.0558728,-0.185676,-0.166389,1.20774,0.318131,0.460153,0.624005,1.85817,2.01198,0.490906,1.35361,1.62732,2.30042,-0.896606,-1.00666,-0.166608,-0.0105615,-0.296179,-0.787073,-1.45896,-3.50351,-0.232018
-2.45448,-1.26553,-1.54448,-2.4678,-3.12911,-0.291249,0.015588,-0.0247699,-0.0908839,-0.0795876,1.3219,0.52565,0.718459,0.954268,2.25114,2.19416,0.501119,1.3976,1.51391,2.37184,-0.856375,-1.0473,-0.205605,-0.0279301,-0.315959,-0.837367,-1.52532,-3.54825,-0.233327
-2.09296,-1.00046,-1.28497,-2.30586,-2.86065,-0.130542,-0.119632,-0.0441737,0.0205683,-0.2656,0.916828,0.284546,0.359056,0.739531,1.99918,1.82153,0.322247,1.21344,1.31285,2.25513,-0.858554,-0.990467,-0.181866,-0.0452781,-0.300631,-0.744559,-1.42292,-3.43454,-0.238242
-2.3725,-1.25385,-1.63243,-2.57455,-3.22843,-0.1889,0.0227597,0.0769176,-0.0532024,0.0734971,1.10696,0.477705,0.588028,0.900891,2.20482,2.10228,0.492446,1.48652,1.57709,2.42033,-0.86918,-1.02991,-0.212521,0.0659229,-0.337841,-0.821318,-1.52967,-3.48574,-0.22899
-2.47345,-1.31172,-1.55335,-2.72116,-3.1899,0.0456446,-0.00109497,0.0610365,0.375286,-0.0742192,1.03166,0.526247,0.493486,0.670234,2.06255,2.03442,0.591509,1.42067,1.60266,2.51187,-0.850845,-1.06215,-0.18513,-0.0556315,-0.330393,-0.803662,-1.5133,-3.48218,-0.223406
-2.39261,-1.36309,-1.71419,-2.71493,-3.26037,-0.145354,-0.0436186,0.155082,0.12003,0.106056,1.32093,0.749017,0.740358,1.151,2.34398,2.06984,0.676769,1.4681,1.56568,2.43024,-0.892267,-1.05379,-0.196969,0.0330242,-0.281206,-0.723665,-1.45728,-3.40711,-0.233041
-2.4113,-1.35253,-1.60246,-2.56016,-3.07318,0.0281728,0.123545,0.20207,0.232773,0.0639555,1.1578,0.501147,0.554984,0.745768,2.12595,1.96322,0.519175,1.3788,1.43323,2.19946,-0.835551,-1.01157,-0.16719,0.0594974,-0.308467,-0.828799,-1.49529,-3.4825,-0.224765
-2.43059,-1.27528,-1.66695,-2.88325,-3.16272,-0.0930406,-0.160725,0.0640552,0.0877939,-0.181627,1.22116,0.551437,0.730016,1.03645,2.17655,1.98952,0.589807,1.44528,1.78501,2.48345,-0.91116,-1.10447,-0.187092,-0.0105672,-0.278209,-0.784245,-1.52661,-3.50436,-0.228452
-2.61021,-1.4002,-1.5953,-2.52178,-3.19595,0.066004,0.154351,0.153623,0.0876946,0.0843199,1.2763,0.554889,0.595369,0.950736,2.22511,2.27101,0.708479,1.41374,1.52907,2.45741,-0.834657,-1.02208,-0.166309,0.0169774,-0.308378,-0.806118,-1.54032,-3.49643,-0.221193
-2.28621,-1.24936,-1.55943,-2.53329,-3.05255,-0.0370248,0.118266,0.115489,0.331941,-0.081959,1.20823,0.624496,0.626733,0.982559,2.20087,2.01385,0.686176,1.47946,1.49029,2.62889,-0.91714,-1.01159,-0.214058,-0.0299032,-0.31087,-0.812145,-1.50099,-3.50842,-0.257649
-2.51848,-1.46042,-1.57313,-2.54068,-3.26871,-0.379237,-0.156014,0.0128021,-0.185014,-0.155587,1.67998,0.883923,0.73562,1.28483,2.41341,2.49407,0.999794,1.48995,1.80204,2.82035,-0.874139,-1.00097,-0.147613,0.00341004,-0.303806,-0.797612,-1.48824,-3.49214,-0.229375
-2.27929,-1.23428,-1.37539,-2.61019,-3.06346,-0.350644,-0.18872,-0.0885924,-0.122407,-0.237788,1.08641,0.504676,0.371618,0.847769,2.01695,2.00513,0.418602,1.14545,1.43664,2.48703,-0.92939,-1.13718,-0.177436,0.0759072,-0.36422,-0.847493,-1.55368,-3.5806,-0.238963
-2.39457,-1.16557,-1.48156,-2.49031,-3.05348,-0.18999,-0.0705964,0.00990252,-0.0782625,-0.230685,1.15766,0.529474,0.439593,0.895466,2.31266,2.13994,0.512723,1.34333,1.64976,2.50122,-0.849924,-0.987951,-0.211477,-0.048793,-0.314197,-0.816673,-1.5254,-3.5125,-0.243071
-2.45858,-1.27457,-1.71373,-2.47273,-2.8846,0.0530713,0.138285,0.291244,0.149969,0.0767638,1.1911,0.468387,0.603852,0.69756,1.95483,1.9838,0.49643,1.44162,1.32147,2.15843,-0.878234,-1.03328,-0.209675,0.0178804,-0.352611,-0.787544,-1.52908,-3.50267,-0.24293
-2.43929,-1.42397,-1.6785,-2.5723,-3.08783,-0.274838,-0.12664,0.0739288,-0.131807,-0.205755,1.30657,0.766181,0.629865,0.980754,2.23385,2.40543,0.899478,1.53605,1.79009,2.58582,-0.890652,-1.04635,-0.138727,0.033958,-0.295647,-0.806512,-1.56567,-3.45218,-0.208292
-2.29929,-1.13137,-1.57389,-2.39836,-3.06981,-0.147739,-0.0272956,0.028975,-0.0612743,0.00681025,1.21349,0.637096,0.660677,0.841839,2.31744,1.80425,0.328697,1.28939,1.21166,2.24743,-0.809981,-1.00969,-0.140737,0.0338841,-0.325115,-0.789369,-1.54437,-3.53529,-0.203159
-2.49644,-1.42659,-1.57169,-2.76244,-3.33624,-0.195947,0.0613783,0.0531102,-0.0251168,0.0293384,1.41403,0.746998,0.568819,1.17813,2.43835,2.34311,0.684402,1.40769,1.83016,2.48739,-0.912326,-1.08984,-0.213202,-0.0130768,-0.313983,-0.805624,-1.52806,-3.53961,-0.239241
-2.34563,-1.34976,-1.48889,-2.52671,-3.4207,-0.425987,-0.195631,0.0350088,-0.105988,-0.0171182,1.62661,0.879353,0.602626,1.05556,2.6643,2.22387,0.799174,1.34525,1.51646,2.79416,-0.908633,-1.05125,-0.186172,-0.020327,-0.336911,-0.83728,-1.47001,-3.46587,-0.211273
-2.15073,-0.988087,-1.39381,-2.41515,-2.83844,-0.0967379,-0.140255,0.00433123,0.164782,-0.211944,1.05091,0.411251,0.507335,0.722125,2.17858,1.70931,0.325455,1.215,1.24379,2.18168,-0.849982,-0.97842,-0.172005,-0.0060308,-0.319495,-0.819716,-1.49746,-3.47571,-0.22568
-2.33024,-1.37646,-1.67604,-2.61076,-3.21506,-0.115741,-0.0274333,0.115543,0.191987,-0.0668209,1.07709,0.603475,0.668127,0.788057,2.29842,1.88773,0.519553,1.38159,1.34579,2.41181,-0.807955,-1.043,-0.167124,-0.00740871,-0.377625,-0.781383,-1.55883,-3.53496,-0.169122
-2.58349,-1.43416,-1.69023,-2.76758,-3.17266,-0.100524,0.00218262,0.146204,0.156553,-0.0669126,1.55303,0.860585,0.723117,1.14099,2.50132,2.19855,0.82289,1.55417,1.72992,2.59005,-0.892572,-1.03283,-0.21014,-0.00122747,-0.292758,-0.764995,-1.45293,-3.42613,-0.220731
-2.4557,-1.32924,-1.5774,-2.6361,-3.09875,-0.219921,-0.0923963,-0.0346103,0.111245,-0.154469,1.18977,0.488352,0.603282,0.783587,2.14163,2.14059,0.639428,1.40056,1.44584,2.47803,-0.90546,-1.09478,-0.164442,0.115599,-0.345302,-0.811251,-1.50879,-3.45861,-0.218738
-2.28317,-1.19051,-1.55121,-2.51762,-3.00256,-0.209935,-0.0830473,0.0744767,0.111022,-0.0286443,1.24428,0.574153,0.571708,0.867829,1.97514,2.11423,0.624776,1.41728,1.49849,2.44399,-0.858957,-1.01323,-0.166652,0.0121566,-0.277897,-0.771754,-1.4959,-3.42552,-0.24129
-2.287,-1.30541,-1.6166,-2.6043,-3.12808,-0.291616,-0.112153,-0.0138397,-0.110122,-0.260722,1.17873,0.563231,0.587863,0.953119,2.12716,2.02864,0.525563,1.41164,1.54707,2.60067,-0.808221,-1.07897,-0.138106,-0.0153166,-0.319829,-0.814187,-1.56907,-3.54499,-0.207837
-2.22651,-1.07846,-1.49465,-2.53048,-3.06149,-0.0691826,-0.0210522,0.162943,0.120224,-0.000524147,1.15521,0.487159,0.51675,1.07808,2.27642,1.97858,0.400261,1.32081,1.48789,2.50406,-0.841482,-1.04519,-0.152681,0.0480613,-0.358183,-0.840225,-1.53997,-3.48636,-0.214013
-2.32261,-1.20731,-1.51071,-2.39363,-3.1972,-0.249754,0.00847778,-0.0467194,-0.0916579,-0.095349,1.18614,0.548247,0.587742,0.998663,2.39039,1.92068,0.294155,1.37251,1.39152,2.25963,-0.895444,-1.05748,-0.165489,-0.048754,-0.377956,-0.847183,-1.52168,-3.54795,-0.244566
-2.51983,-1.33476,-1.59641,-2.55403,-2.91903,-0.0110185,-0.00812132,0.143569,-0.0104021,-0.113081,1.23252,0.595318,0.450033,0.797251,1.99261,2.22588,0.686433,1.40634,1.69212,2.49506,-0.914871,-1.06569,-0.243261,-0.0481441,-0.332741,-0.773059,-1.5719,-3.56856,-0.259081
-2.70274,-1.54484,-1.78123,-2.82112,-3.5071,-0.0214386,0.0704386,0.241417,0.226989,0.145991,1.52789,0.860764,0.7165,1.23811,2.66028,2.2897,0.832118,1.48897,1.67482,2.72222,-0.840695,-1.01679,-0.190703,0.0369494,-0.296718,-0.788661,-1.57337,-3.49204,-0.249464
-2.51101,-1.30884,-1.55906,-2.72689,-3.29534,-0.131619,-0.104944,-0.0515321,0.0212282,-0.0905347,1.39011,0.5885,0.647721,1.0963,2.27109,2.11154,0.551941,1.4364,1.52138,2.62633,-0.824937,-1.06447,-0.143469,0.0658644,-0.346758,-0.808727,-1.5377,-3.59,-0.200252
-2.0081,-0.894177,-1.33605,-2.24635,-2.89714,-0.420711,-0.327608,-0.143308,-0.180699,-0.282948,1.05475,0.441198,0.484196,0.742814,1.98548,1.8098,0.295434,1.20097,1.32823,2.19455,-0.808696,-1.02553,-0.134321,-0.00378427,-0.334904,-0.839089,-1.54535,-3.52655,-0.245831
-2.36749,-1.2576,-1.64092,-2.56058,-3.01299,-0.10859,0.0669503,0.111129,-0.0754147,-0.0201086,1.24357,0.550096,0.653952,0.742,2.13061,1.96828,0.480468,1.41727,1.52556,2.34098,-0.88387,-1.11352,-0.162104,0.0136205,-0.318382,-0.771698,-1.54275,-3.49939,-0.226994
-2.57795,-1.36788,-1.64385,-2.43361,-3.12261,-0.0398198,0.0230189,0.160162,-0.00523817,-0.0853783,1.27763,0.5199,0.522155,0.694111,2.05631,2.26253,0.605999,1.40047,1.31614,2.48066,-0.876195,-1.09766,-0.155162,0.0506644,-0.371153,-0.833605,-1.5435,-3.51976,-0.15609
-2.34298,-1.13371,-1.42132,-2.31113,-3.01171,-0.21585,-0.0232477,0.0291975,-0.074774,-0.137704,1.25406,0.459985,0.465399,0.800627,2.30854,2.20211,0.584138,1.25798,1.42795,2.42835,-0.859442,-1.00159,-0.197211,-0.0166477,-0.35702,-0.804551,-1.51678,-3.45119,-0.213051
-2.3064,-1.26757,-1.49815,-2.42554,-3.32137,-0.153972,-0.0699486,0.0216471,0.0219842,0.0043187,1.16756,0.581085,0.572028,0.883779,2.44396,2.07225,0.640295,1.4701,1.59284,2.6309,-0.879076,-1.03679,-0.205062,-0.0339866,-0.277067,-0.78874,-1.47011,-3.42104,-0.232566
-2.21457,-1.31763,-1.58729,-2.42527,-3.15908,-0.360752,-0.224834,0.0148656,-0.00193881,-0.317587,1.21585,0.786807,0.690574,0.959504,2.52614,1.99919,0.701013,1.49309,1.25437,2.64719,-0.905065,-1.03565,-0.18908,0.0334238,-0.343296,-0.786857,-1.50147,-3.49724,-0.199254
-2.42932,-1.13401,-1.43978,-2.24934,-3.0653,-0.233117,-0.150142,-0.0451511,-0.102025,-0.150443,1.17141,0.333026,0.411131,0.595875,2.05956,2.24596,0.555368,1.30709,1.36002,2.53685,-0.83742,-1.03005,-0.193476,0.0233585,-0.342959,-0.846887,-1.55481,-3.52743,-0.233577
-2.32289,-1.24688,-1.51832,-2.559,-3.26899,-0.124195,-0.0589507,-0.0107155,0.0605262,-0.0795875,0.965899,0.395399,0.541326,0.613968,2.33615,1.9157,0.544107,1.3774,1.5004,2.62904,-0.871802,-1.08662,-0.175435,0.00750213,-0.339257,-0.797165,-1.50642,-3.48861,-0.229361
-2.01522,-1.15179,-1.54075,-2.36142,-3.00484,-0.230619,-0.105108,0.0411203,-0.0551658,-0.471448,0.888881,0.433648,0.501384,0.772197,2.35166,1.80741,0.53247,1.4458,1.44498,2.53748,-0.88237,-1.04354,-0.147172,0.014876,-0.308943,-0.769005,-1.52842,-3.5219,-0.199046
-2.41862,-1.29488,-1.53327,-2.58027,-3.27974,0.0524968,0.0955164,0.0839453,0.16678,0.139608,1.01262,0.560419,0.506061,0.960168,2.3785,2.1175,0.618445,1.44643,1.51361,2.53882,-0.845579,-1.02568,-0.161112,-0.0331761,-0.32373,-0.787422,-1.51537,-3.50698,-0.256569
-2.28897,-1.10521,-1.50828,-2.44106,-2.75057,-0.358544,-0.326318,0.0503005,-0.090854,-0.478019,1.22362,0.491071,0.519717,0.854099,2.10098,2.12629,0.597592,1.28595,1.27599,2.30065,-0.873731,-1.02904,-0.18826,0.0255553,-0.287373,-0.766738,-1.52717,-3.48898,-0.248794
-2.43376,-1.25677,-1.70749,-2.58567,-2.95867,-0.11806,0.00789703,0.104561,0.0311361,-0.0702359,1.25395,0.532913,0.689609,1.06842,2.12859,2.12334,0.598506,1.46627,1.52115,2.4122,-0.949441,-1.13447,-0.175162,0.00115362,-0.323193,-0.778233,-1.54387,-3.52686,-0.245881
-2.40431,-1.27311,-1.63796,-2.56478,-3.13882,-0.101517,0.0264278,0.0757673,0.035364,0.00101984,1.12471,0.43364,0.585348,1.04768,2.13357,2.13713,0.591339,1.45457,1.37698,2.52173,-0.841523,-1.03635,-0.133522,0.0164902,-0.309941,-0.729374,-1.55317,-3.55694,-0.221886
-2.32971,-1.22161,-1.58812,-2.48082,-3.20475,-0.259946,-0.0874307,0.0761403,0.0593357,-0.130105,1.07394,0.268623,0.468909,0.658937,2.24246,2.1327,0.555295,1.38365,1.38938,2.55361,-0.8709,-1.12149,-0.218235,-0.0486721,-0.299907,-0.815463,-1.53627,-3.52562,-0.222017
-2.45237,-1.34267,-1.67829,-2.69845,-3.20398,-0.287351,-0.0820835,0.0655983,-0.0463611,-0.163074,1.50167,0.713944,0.740284,0.956227,2.45,2.25438,0.731754,1.50456,1.59646,2.62243,-0.896504,-1.06924,-0.0903282,0.0506394,-0.28605,-0.783916,-1.54387,-3.47133,-0.182628
-2.64975,-1.26606,-1.56327,-2.53354,-3.27118,-0.127823,-0.161726,0.0584235,0.0623442,-0.117057,1.36402,0.446562,0.516915,0.929231,2.04933,2.38665,0.640619,1.35779,1.41778,2.6612,-0.905151,-1.0942,-0.174816,0.0306786,-0.334958,-0.837954,-1.53544,-3.51777,-0.245892
-2.42003,-1.34109,-1.66381,-2.54058,-3.29609,-0.143845,-0.0234597,0.149138,-0.0899448,0.0648817,1.0576,0.488819,0.647534,0.841123,2.2402,2.01445,0.640427,1.38332,1.49164,2.55028,-0.880516,-1.06396,-0.176071,-0.0049284,-0.332737,-0.805379,-1.50164,-3.4179,-0.246117
-2.31556,-1.33967,-1.44751,-2.39989,-3.13781,-0.341169,-0.182845,-0.0337226,-0.110614,-0.256469,0.981707,0.490974,0.434702,0.690993,2.08077,2.1237,0.69608,1.35793,1.55277,2.54279,-0.853282,-1.09037,-0.154001,-0.00201005,-0.352189,-0.843279,-1.55569,-3.51426,-0.213839
-2.35236,-1.3118,-1.52832,-2.49595,-3.10536,-0.126417,0.0368666,-0.0212813,0.0810691,0.157032,0.933272,0.408515,0.505645,0.878766,1.93031,1.97462,0.504045,1.30979,1.35086,2.22216,-0.842792,-1.03446,-0.193907,-0.00668466,-0.336284,-0.767861,-1.54046,-3.45524,-0.15304
-2.22196,-1.10488,-1.63277,-2.50747,-3.0379,-0.190582,-0.017596,0.0907852,0.0186652,-0.117516,0.929705,0.394924,0.560333,0.826671,2.21502,1.68713,0.139206,1.30238,1.284,2.13307,-0.873231,-1.04791,-0.147033,0.0214019,-0.361918,-0.801239,-1.56798,-3.61308,-0.211356
-2.15775,-1.13516,-1.56385,-2.35067,-2.79567,-0.117357,0.0332469,0.0216554,-0.0515361,-0.0267303,0.897454,0.345698,0.546977,0.579484,1.86438,1.80649,0.414744,1.42668,1.45982,2.13764,-0.802534,-1.00412,-0.156197,-0.00433805,-0.334507,-0.772343,-1.50241,-3.41963,-0.218778
-2.36717,-1.26272,-1.45042,-2.38899,-3.21737,-0.249678,-0.183724,-0.154127,-0.178022,-0.179531,1.28767,0.609669,0.55881,0.845785,2.28073,2.22477,0.742713,1.48551,1.48874,2.6934,-0.934903,-1.0766,-0.19362,-0.0252617,-0.324501,-0.802463,-1.4543,-3.4648,-0.199413
-2.51787,-1.50086,-1.60422,-2.60158,-3.58338,-0.138836,0.12171,0.157082,0.0351072,0.0843371,1.31937,0.671972,0.606654,0.947273,2.6775,2.38889,0.904507,1.49819,1.87508,3.13272,-0.829056,-1.02658,-0.170137,0.0162357,-0.331886,-0.839955,-1.56168,-3.50534,-0.254876
-2.25927,-1.2753,-1.57212,-2.45843,-3.29258,-0.264328,-0.186215,0.0769297,-0.117105,-0.0638139,1.18228,0.666529,0.741398,0.856849,2.55741,1.99068,0.615331,1.40565,1.55726,2.65283,-0.891958,-1.04223,-0.219276,-0.0693436,-0.311977,-0.865895,-1.46201,-3.52984,-0.194491
-2.36445,-1.2514,-1.58796,-2.5024,-2.93181,-0.193283,-0.163924,0.0597366,0.0234796,-0.22934,1.42048,0.746562,0.797351,1.06535,2.30387,2.01104,0.566645,1.413,1.51327,2.33931,-0.860545,-1.01343,-0.192629,0.0360581,-0.351076,-0.769519,-1.50916,-3.40107,-0.226463
-2.26448,-1.07182,-1.45935,-2.42311,-3.22281,-0.191484,-0.112538,0.0481686,0.199054,0.0347837,0.988416,0.274287,0.371439,0.465432,2.03018,1.88408,0.336651,1.15796,1.13477,2.32779,-0.863549,-1.04281,-0.172142,0.0462104,-0.332624,-0.790306,-1.56993,-3.57558,-0.18064
-2.27864,-1.40844,-1.65261,-2.67957,-3.31307,-0.246271,-0.0976053,0.0556933,0.0962654,1.85799e-05,1.03194,0.613772,0.659642,0.942717,2.2883,2.02504,0.73813,1.45414,1.73157,2.67679,-0.899456,-1.06105,-0.120098,0.0288254,-0.301213,-0.794232,-1.50994,-3.45084,-0.247955
-2.4094,-1.29122,-1.63252,-2.70326,-3.13625,-0.385959,-0.291391,-0.0527134,-0.176465,-0.21316,1.30012,0.647118,0.53671,1.03783,2.11806,2.12518,0.645322,1.42444,1.59809,2.44472,-0.924407,-1.05321,-0.135871,0.0699078,-0.34126,-0.743736,-1.5487,-3.55265,-0.234634
-2.28698,-1.12431,-1.47947,-2.28953,-3.17611,-0.444561,-0.419621,-0.156267,-0.239916,-0.402045,1.23349,0.526016,0.606333,0.849085,2.39063,2.28936,0.626818,1.42209,1.51681,2.57866,-0.980622,-1.05892,-0.143686,0.0167522,-0.315937,-0.809836,-1.54455,-3.51738,-0.24843
-2.47261,-1.36376,-1.66182,-2.49022,-3.18094,-0.2474,0.0262278,0.071772,0.0377445,-0.0771558,1.30159,0.539257,0.648834,0.929891,2.23106,2.12411,0.574229,1.44883,1.39555,2.46448,-0.901895,-1.02144,-0.183835,0.0207943,-0.289084,-0.781028,-1.5049,-3.43135,-0.188302
-2.16988,-1.18504,-1.55243,-2.51043,-3.13219,-0.172905,-0.115638,0.0961056,0.217948,-0.210305,1.08955,0.540289,0.546021,0.73873,2.31383,1.96138,0.638036,1.39734,1.32401,2.66761,-0.872906,-1.04103,-0.151438,0.041252,-0.307646,-0.788907,-1.48312,-3.51431,-0.214486
-2.4334,-1.19008,-1.48755,-2.50673,-3.09135,0.082522,0.168099,0.132654,0.190853,0.248188,1.24393,0.50779,0.523895,0.791853,2.27875,2.08764,0.455464,1.32048,1.55703,2.39079,-0.85552,-1.0213,-0.170516,0.0167552,-0.288672,-0.777152,-1.55333,-3.47575,-0.261995
-2.61884,-1.33078,-1.61586,-2.46739,-3.37793,-0.128714,0.0036014,0.0940951,-0.0232188,0.0896723,1.56456,0.665237,0.772412,1.02932,2.52514,2.25362,0.623939,1.49351,1.57833,2.61869,-0.894736,-1.05661,-0.199134,-0.0261598,-0.348449,-0.852261,-1.51975,-3.51196,-0.266024
-2.39622,-1.31473,-1.53917,-2.46232,-3.09654,-0.0527017,0.00795624,0.148152,0.0673309,-0.00506909,1.08176,0.574608,0.584449,0.83046,2.14754,2.15241,0.70915,1.46673,1.59857,2.46723,-0.886147,-1.00664,-0.217021,0.0237001,-0.309542,-0.82093,-1.4851,-3.41062,-0.247291
-2.06535,-0.968333,-1.25607,-2.33681,-2.82113,-0.497817,-0.307285,-0.139685,-0.167752,-0.240599,1.10921,0.390938,0.32644,0.653095,2.01442,1.97692,0.422167,1.12385,1.45153,2.40259,-0.923413,-1.09981,-0.168394,-0.0158627,-0.251624,-0.769064,-1.48977,-3.49156,-0.274512
-2.20257,-1.2815,-1.51944,-2.55676,-3.25499,-0.16944,-0.00545216,0.00541286,0.0878321,0.0139717,1.19609,0.683826,0.548699,1.07465,2.49092,1.79547,0.5231,1.34803,1.51042,2.47103,-0.839354,-1.02875,-0.139531,0.0195761,-0.297599,-0.827088,-1.55248,-3.49562,-0.201805
-2.5875,-1.44273,-1.64553,-2.71157,-3.29648,-0.272349,-0.141117,0.134132,0.0762608,-0.27371,1.4226,0.752793,0.617897,0.858012,2.53792,2.25633,0.617773,1.37163,1.55228,2.53614,-0.88732,-1.04694,-0.18435,0.0170425,-0.317002,-0.814601,-1.55982,-3.52465,-0.232873
-2.42762,-1.28368,-1.55293,-2.46625,-2.93872,-0.185796,0.0249631,0.0317988,-0.0334577,0.0449216,1.07523,0.368738,0.350022,0.668449,1.82121,2.04788,0.521825,1.33099,1.41445,2.22226,-0.783895,-1.04906,-0.160486,-0.0178638,-0.34663,-0.784803,-1.56181,-3.50698,-0.164558
-2.27381,-1.23579,-1.49497,-2.4855,-3.27073,-0.216948,0.0707518,0.105895,0.275608,0.156494,1.34371,0.633658,0.595092,0.979013,2.37858,2.0781,0.513078,1.31027,1.49038,2.59523,-0.841757,-1.03578,-0.179897,-0.0281385,-0.321624,-0.834057,-1.55022,-3.5379,-0.245736
-2.41618,-1.41158,-1.65547,-2.6168,-3.35306,-0.233145,-0.0466189,-0.0570033,-0.0330141,-0.165109,1.23245,0.688806,0.739739,1.00743,2.47241,2.15019,0.695878,1.52386,1.65734,2.69331,-0.859572,-1.07052,-0.18218,-0.00448521,-0.30535,-0.805773,-1.47746,-3.46436,-0.252867
-2.43332,-1.12038,-1.61145,-2.61944,-2.79671,-0.376634,-0.263406,0.0713576,-0.0660232,-0.332338,1.38501,0.549099,0.601614,1.05532,2.02738,2.18527,0.479958,1.42164,1.62014,2.21702,-0.854295,-1.0922,-0.162554,0.0354845,-0.355473,-0.811917,-1.49889,-3.48763,-0.230608
-2.69503,-1.43527,-1.6211,-2.65813,-3.40382,-0.0832212,-0.0225708,0.074207,-0.0701282,0.0325905,1.65894,0.855628,0.664611,1.14698,2.47861,2.43043,0.733533,1.45699,1.84597,2.68528,-0.844897,-1.02495,-0.150398,-0.0169425,-0.280404,-0.820924,-1.47974,-3.43778,-0.240503
-2.61848,-1.40872,-1.66808,-2.62859,-3.25306,0.151834,0.194435,0.200432,0.215943,0.111595,1.32826,0.556735,0.692742,0.938705,2.3387,2.17718,0.652163,1.53396,1.84682,2.53766,-0.904103,-1.02985,-0.180915,9.89202e-05,-0.309393,-0.806235,-1.5416,-3.50864,-0.235418
-2.24346,-1.25163,-1.59075,-2.43991,-3.22961,-0.093418,0.0662299,0.108188,0.0624883,0.0643238,1.08863,0.480069,0.580054,0.73956,2.35438,1.93366,0.565802,1.46984,1.5535,2.63769,-0.873671,-1.04143,-0.181065,-0.0139287,-0.33523,-0.800681,-1.53347,-3.52299,-0.217157
-2.42385,-1.38684,-1.60596,-2.52032,-3.03546,-0.273611,-0.0567977,0.00869561,0.0113669,-0.203575,1.14625,0.59638,0.706797,0.921268,2.24036,2.20206,0.645482,1.47934,1.59802,2.35115,-0.892248,-1.05359,-0.171987,-0.0378219,-0.386361,-0.838028,-1.55562,-3.51794,-0.210277
-2.44621,-1.31434,-1.71431,-2.58776,-3.01883,-0.185956,-0.00455687,0.0828374,0.0272742,0.00136594,1.206,0.541106,0.701121,1.03421,2.08774,2.15355,0.521246,1.43188,1.54706,2.2917,-0.888414,-1.03974,-0.159867,0.00867111,-0.295321,-0.813852,-1.59825,-3.52655,-0.218192
-2.35497,-1.27932,-1.55834,-2.59025,-3.20292,-0.201765,0.0409832,0.0465342,0.00178544,0.0032649,0.946373,0.36778,0.538991,0.756947,2.22889,1.91568,0.40739,1.34469,1.57438,2.47052,-0.903728,-1.07291,-0.209565,-0.0115089,-0.356699,-0.801226,-1.53228,-3.47908,-0.20445
-2.23641,-1.1222,-1.48758,-2.60475,-3.11277,0.0224018,0.0638186,0.149181,0.226376,0.00730903,1.08774,0.322455,0.450395,0.996096,2.13305,1.8437,0.328716,1.22767,1.41122,2.36317,-0.881801,-1.0697,-0.155169,0.0223453,-0.299127,-0.766527,-1.52664,-3.47601,-0.258279
-2.56082,-1.4261,-1.74832,-2.88355,-3.38846,0.0404286,0.129617,0.12041,0.149674,0.195161,1.40504,0.683575,0.865824,1.39363,2.36672,2.07728,0.622808,1.52299,1.80748,2.64867,-0.825691,-0.99809,-0.194765,0.020715,-0.316184,-0.767814,-1.49511,-3.50007,-0.215018
-2.23672,-1.19933,-1.48481,-2.41196,-3.07286,-0.226654,-0.0169808,0.0832119,-0.0304136,-0.164434,1.19352,0.613225,0.638959,1.05705,2.20631,2.1015,0.61308,1.38867,1.39375,2.62214,-0.885855,-0.996671,-0.205618,0.0177455,-0.338076,-0.802049,-1.49669,-3.55246,-0.230366
-2.34305,-1.32502,-1.58089,-2.5338,-3.35542,-0.220054,0.0408283,0.13103,0.168763,0.102639,1.14257,0.572564,0.452985,0.574231,2.27914,1.86003,0.466108,1.29064,1.2141,2.52704,-0.868333,-1.02931,-0.150989,0.0510897,-0.325626,-0.801681,-1.56409,-3.54544,-0.2251
-2.13951,-1.20667,-1.51251,-2.50477,-2.94933,-0.197819,-0.0633464,-0.0289455,-0.11113,-0.175938,0.92581,0.485513,0.569951,0.707101,2.11699,1.901,0.596897,1.32819,1.48709,2.31639,-0.890779,-1.08581,-0.158968,0.0108944,-0.289628,-0.817887,-1.52136,-3.53458,-0.252338
-2.49413,-1.34206,-1.70428,-2.75201,-3.27802,-0.140738,-0.0411569,0.12612,0.0469419,0.172909,1.19265,0.426423,0.717785,1.13015,2.06937,2.37028,0.784631,1.50809,1.89532,2.67083,-0.946593,-1.06927,-0.16462,-0.00539806,-0.335449,-0.807636,-1.55937,-3.57815,-0.235438
-2.20562,-1.13887,-1.40215,-2.41567,-3.03987,-0.386578,-0.13137,-0.00699968,-0.0385756,-0.220762,1.13682,0.463162,0.518659,0.902833,2.24182,2.08141,0.447591,1.28639,1.50034,2.38443,-0.82214,-1.00702,-0.206007,0.0137008,-0.314699,-0.790807,-1.55402,-3.42873,-0.203419
-2.63184,-1.4982,-1.62353,-2.5744,-3.10609,0.127062,0.112427,0.178476,0.155244,0.0397273,1.36687,0.674785,0.617092,0.897988,2.12466,2.17772,0.708692,1.42466,1.55161,2.39347,-0.875153,-1.06693,-0.217434,-0.0333019,-0.314135,-0.829912,-1.54573,-3.5386,-0.21383
-2.58106,-1.54526,-1.71974,-2.71375,-3.19569,-0.161504,0.0392017,0.0876344,0.115444,-0.253668,1.42996,0.758732,0.56863,0.939455,2.38223,2.35074,0.922496,1.65285,1.80155,2.65653,-0.859949,-1.09643,-0.132661,0.0196684,-0.330993,-0.836493,-1.5535,-3.53986,-0.226018
-2.44979,-1.26193,-1.62168,-2.67608,-3.17749,0.141169,0.135545,0.156916,0.263677,0.0656817,1.17766,0.512545,0.527707,0.878771,2.20817,1.98958,0.498841,1.42839,1.48447,2.44008,-0.880598,-1.11113,-0.166813,0.0420975,-0.290155,-0.816657,-1.56679,-3.58094,-0.2131
-2.24314,-1.1871,-1.46364,-2.28275,-3.12365,-0.226345,-0.0693108,-0.0657057,-0.0991595,-0.115851,1.17353,0.573342,0.689236,0.799153,2.25261,2.0609,0.573119,1.30871,1.2885,2.51717,-0.836061,-1.02549,-0.189971,0.0131983,-0.249936,-0.720144,-1.44335,-3.33601,-0.189965
-2.54467,-1.3067,-1.72515,-2.51236,-3.24821,-0.29105,-0.143343,0.141415,0.00211872,-0.237781,1.33087,0.625862,0.680265,0.794134,2.32824,2.3425,0.777995,1.5981,1.43754,2.79072,-0.893824,-1.04127,-0.191034,0.0306433,-0.281777,-0.74537,-1.51143,-3.52178,-0.261407
-2.20627,-1.06515,-1.47997,-2.32492,-2.97248,-0.108651,0.0406797,0.101047,0.04025,-0.177311,0.977419,0.323787,0.497346,0.781552,2.27477,1.93907,0.245806,1.19869,1.19588,2.26289,-0.836952,-1.01856,-0.205206,-0.0456369,-0.298021,-0.769788,-1.52378,-3.48698,-0.250792
-2.24813,-1.29092,-1.57538,-2.42043,-3.1148,-0.149323,0.0610397,0.0431322,0.0742326,0.01676,1.10316,0.561724,0.670889,0.96922,2.28414,1.88599,0.584486,1.35508,1.33935,2.34023,-0.858061,-0.976505,-0.235088,-0.0166649,-0.305248,-0.74513,-1.43772,-3.41242,-0.205753
-2.38178,-1.30775,-1.64309,-2.58947,-3.30908,-0.00750539,0.115242,0.175462,0.206935,0.34473,1.19897,0.463193,0.549726,1.01463,2.19697,2.12736,0.610969,1.46895,1.54783,2.39367,-0.808325,-0.978872,-0.185377,-0.0184167,-0.3028,-0.818462,-1.46913,-3.37867,-0.219238
-2.55374,-1.38245,-1.67514,-2.59504,-3.28597,-0.120395,0.0218079,0.00798952,0.0811015,-0.055711,1.36925,0.720411,0.742037,0.902375,2.4873,2.1765,0.570526,1.43419,1.33894,2.50699,-0.921325,-1.11439,-0.130619,0.000743003,-0.286253,-0.80099,-1.58092,-3.56016,-0.218967
-2.33197,-1.39964,-1.54863,-2.4175,-3.35314,-0.210013,0.042498,0.0484698,0.0766573,0.0719783,1.13153,0.625452,0.476039,0.636848,2.2773,1.94248,0.54409,1.29034,1.46196,2.52965,-0.895608,-1.06515,-0.186549,-0.0109277,-0.357719,-0.805204,-1.49055,-3.54332,-0.206684
-2.56642,-1.47892,-1.66652,-2.61215,-3.36332,-0.257455,-0.0230628,0.0212161,-0.0883849,-0.039554,1.17046,0.581459,0.666929,0.783055,2.24615,2.40018,0.902282,1.49249,1.61521,2.77848,-0.914842,-1.08946,-0.1573,0.0692882,-0.317851,-0.770453,-1.55819,-3.5698,-0.221099
-2.51921,-1.33347,-1.68969,-2.61999,-3.2757,-0.255169,-0.165032,-0.0420433,-0.111829,-0.264015,1.47423,0.805042,0.703288,1.05044,2.51135,2.41342,0.791946,1.48374,1.75859,2.71761,-0.905715,-1.02145,-0.155254,0.0152225,-0.294999,-0.771606,-1.53701,-3.43177,-0.228886
-2.42131,-1.35768,-1.61083,-2.56992,-3.17277,-0.0179907,0.0750997,0.198669,0.0836178,0.184057,1.15272,0.492865,0.531071,0.968119,2.11796,1.93476,0.461703,1.28501,1.46708,2.22144,-0.887363,-1.06577,-0.17428,0.0293356,-0.353196,-0.79934,-1.57317,-3.44492,-0.208706
-2.32905,-1.37782,-1.58896,-2.57722,-3.30919,-0.0792169,0.135431,0.0842031,0.0419332,0.233731,1.12709,0.538709,0.673677,1.02722,2.11436,1.97926,0.597226,1.36077,1.62438,2.50734,-0.876742,-1.05636,-0.165165,0.0636699,-0.31595,-0.780652,-1.46777,-3.4606,-0.249844
-2.47771,-1.31517,-1.57966,-2.64809,-3.27167,-0.249947,-0.0942712,-0.0347409,-0.0959564,-0.103046,1.20874,0.36221,0.619728,1.13158,2.15009,2.07676,0.516798,1.42267,1.61244,2.35486,-0.829556,-1.05219,-0.20131,-0.066287,-0.356337,-0.814768,-1.46612,-3.413,-0.198035
-2.37261,-1.36192,-1.5293,-2.47892,-3.4472,-0.0338898,0.14188,0.137602,0.072688,0.0862506,1.09963,0.546489,0.52243,0.907555,2.47021,2.05771,0.527234,1.30864,1.38211,2.61302,-0.844492,-1.01722,-0.181239,-0.0170672,-0.331964,-0.799588,-1.51963,-3.55215,-0.191215
-2.62448,-1.29241,-1.6917,-2.62097,-2.89109,0.0153942,-0.143245,0.00706549,0.0716306,-0.170683,1.31187,0.625805,0.711113,0.947041,2.00819,2.29915,0.686828,1.57367,1.67409,2.27292,-0.863083,-0.995654,-0.213224,0.00967797,-0.337251,-0.761114,-1.54937,-3.52188,-0.237646
-2.145,-1.08703,-1.50745,-2.47185,-2.99137,-0.214319,0.0049033,0.0673554,0.105645,-0.0756659,1.13708,0.489537,0.608223,0.85891,2.17498,1.83559,0.349759,1.35222,1.47878,2.29166,-0.929377,-1.0845,-0.209345,-0.0122839,-0.303875,-0.839828,-1.50453,-3.50789,-0.262953
-2.56588,-1.37191,-1.57895,-2.60806,-3.42841,-0.17526,-0.0460027,0.0207031,-0.0711303,-0.0791242,1.13928,0.552608,0.598393,0.963292,2.32771,2.2771,0.722685,1.42587,1.65406,2.77601,-0.885848,-1.02779,-0.164851,0.0260523,-0.323032,-0.805049,-1.51619,-3.51846,-0.248189
-2.43121,-1.31489,-1.5463,-2.53117,-3.22286,-0.172303,-0.0398881,0.0393351,-0.0182754,-0.194257,1.16663,0.520609,0.567958,0.76824,2.2735,2.13147,0.60807,1.33538,1.50132,2.56419,-0.922139,-1.09278,-0.153527,0.00160292,-0.327885,-0.841318,-1.52765,-3.49301,-0.205389
-2.35546,-1.22068,-1.36471,-2.25828,-3.19649,-0.195172,-0.0683731,-0.0120401,-0.032164,-0.0942009,1.38151,0.636112,0.488856,0.678205,2.54005,2.09838,0.685422,1.33352,1.33832,2.7322,-0.927775,-1.06821,-0.233544,-0.034239,-0.300722,-0.823591,-1.47584,-3.48746,-0.259289
-2.25481,-1.18981,-1.56138,-2.44625,-3.23467,-0.177904,-0.0351414,0.061064,-0.00447766,-0.0605491,1.06687,0.394633,0.529955,0.690303,2.13647,1.97865,0.46588,1.3606,1.30941,2.62141,-0.858334,-1.04996,-0.137704,0.0754545,-0.314488,-0.735219,-1.50414,-3.51732,-0.190477
-2.29377,-1.22557,-1.67017,-2.42281,-2.99352,-0.325952,-0.162432,0.0300549,-0.022975,-0.129866,1.26248,0.78545,0.739108,0.616612,2.36798,2.06617,0.638569,1.51474,1.39745,2.39521,-0.892404,-1.07686,-0.220368,-0.0121934,-0.320316,-0.773265,-1.52694,-3.54895,-0.226331
-2.23855,-1.19153,-1.37347,-2.35326,-3.23323,-0.156687,0.00707984,0.00508307,-0.0458054,-0.0202178,1.03047,0.409867,0.408548,0.640934,2.44598,1.91416,0.408464,1.23609,1.40983,2.47253,-0.880265,-1.05492,-0.189979,0.0116775,-0.314593,-0.870441,-1.53257,-3.50115,-0.222288
-2.3575,-1.21415,-1.6352,-2.55101,-3.09286,-0.283585,-0.0903452,0.0726363,-0.0153125,-0.16995,1.32935,0.68772,0.724368,1.02348,2.41963,2.09733,0.538275,1.46742,1.48019,2.42939,-0.938041,-1.07926,-0.19742,-0.0002521,-0.357351,-0.852422,-1.51741,-3.62522,-0.269442
-2.62526,-1.47045,-1.66061,-2.74379,-3.25993,-0.0485933,0.0245823,0.0550394,0.208753,-0.253308,1.32543,0.737601,0.813094,1.02487,2.45735,2.22052,0.756456,1.43228,1.44683,2.62777,-0.894467,-1.05073,-0.172868,0.013487,-0.33571,-0.848051,-1.5227,-3.47158,-0.248961
-2.46529,-1.5148,-1.56532,-2.51777,-3.69989,-0.213855,0.0822863,0.104488,0.0200887,0.168316,1.28928,0.724987,0.630701,1.02486,2.67669,2.26596,0.774787,1.44211,1.64095,2.9511,-0.875386,-1.04386,-0.209195,-0.00514163,-0.372609,-0.903571,-1.5232,-3.4934,-0.257424
-2.11101,-1.05456,-1.42711,-2.45386,-3.01977,-0.301511,-0.226176,-0.0506316,-0.0264845,-0.280472,0.980573,0.472676,0.58898,0.872767,2.20388,1.9898,0.464506,1.37663,1.56883,2.43682,-0.858387,-1.04329,-0.187729,-0.0222987,-0.264393,-0.789561,-1.47793,-3.45312,-0.232756
-2.39932,-1.33866,-1.54526,-2.61359,-3.16561,-0.0609336,0.0588505,-0.0126994,0.0786165,0.254724,1.19035,0.664344,0.652152,1.16309,2.22024,2.1701,0.670066,1.44417,1.75524,2.46988,-0.875686,-1.01536,-0.184154,0.0261394,-0.351521,-0.837439,-1.51474,-3.51242,-0.226248
-2.32463,-1.18094,-1.42638,-2.34858,-3.2102,-0.26153,-0.0993913,0.0264594,-0.0613886,-0.0893562,1.01876,0.33165,0.357784,0.551283,2.14745,2.19292,0.596292,1.29928,1.51497,2.63796,-0.919498,-1.03563,-0.188178,0.00183082,-0.324796,-0.814982,-1.53766,-3.5395,-0.216127
-2.30778,-1.27277,-1.61854,-2.41672,-3.13769,-0.146599,-0.0146139,0.0354273,0.00810608,-0.183097,1.08972,0.534172,0.685594,0.877413,2.39678,2.08953,0.652398,1.57681,1.56503,2.61724,-0.875956,-1.04932,-0.185188,-0.047069,-0.335395,-0.824924,-1.47977,-3.44504,-0.253884
-2.50915,-1.36247,-1.58087,-2.76642,-3.106,-0.23287,-0.0681108,0.0348232,0.0662539,-0.0598553,1.33368,0.679736,0.71232,1.1639,2.15338,2.21219,0.677721,1.3073,1.6634,2.49122,-0.954399,-1.07435,-0.174641,0.0329286,-0.285004,-0.802789,-1.53131,-3.56011,-0.263098
-2.20691,-1.22827,-1.46337,-2.51119,-3.05743,-0.274254,-0.0791318,0.00549886,0.0312429,-0.133444,1.03662,0.386432,0.482474,0.619695,2.06366,2.08634,0.621237,1.31318,1.55101,2.42748,-0.84589,-1.04405,-0.178702,-0.00630939,-0.333363,-0.804452,-1.47576,-3.45118,-0.164033
-2.27185,-1.21745,-1.43793,-2.23329,-3.12332,0.0840127,0.132086,0.12801,0.0289266,0.0589833,0.86969,0.348123,0.475625,0.367444,2.14166,1.97368,0.565084,1.28643,1.31808,2.53602,-0.911427,-1.03529,-0.178054,0.0344144,-0.298446,-0.828126,-1.50611,-3.50853,-0.293626
-2.35064,-1.26254,-1.48057,-2.42247,-2.90754,-0.131765,0.0105421,0.00760029,-0.0216864,-0.0980772,1.06029,0.363306,0.48817,0.718278,1.90731,1.94622,0.458255,1.17947,1.33468,2.14107,-0.924548,-1.06476,-0.168745,0.0303525,-0.349423,-0.84276,-1.5116,-3.52781,-0.203524
-2.28656,-1.33663,-1.53804,-2.69792,-3.16584,-0.00760363,0.189569,0.15801,0.319728,0.112551,0.827691,0.24851,0.367245,0.7677,1.79625,1.94111,0.510188,1.31652,1.57491,2.34462,-0.853663,-1.05557,-0.139558,0.00991014,-0.311363,-0.812269,-1.49817,-3.47472,-0.21583
-2.22535,-1.1965,-1.48122,-2.48346,-3.22265,-0.358866,-0.159747,-0.0525576,-0.0923469,-0.111852,0.994762,0.367427,0.402943,0.65559,2.23258,2.01484,0.551046,1.32524,1.37883,2.61091,-0.82544,-1.04831,-0.138511,0.0448152,-0.312665,-0.811838,-1.53673,-3.54876,-0.208992
-2.3746,-1.21913,-1.46075,-2.40969,-3.13214,-0.136111,-0.0577456,-0.00139124,-0.0143112,-0.138937,1.14415,0.544937,0.508133,0.85176,2.3886,2.03311,0.447802,1.25806,1.3234,2.35435,-0.859185,-1.05144,-0.18856,0.0215969,-0.303317,-0.782792,-1.54598,-3.52336,-0.222437
-2.48646,-1.32671,-1.58803,-2.67447,-3.12042,-0.179239,-0.0780773,0.0369779,0.0806525,-0.293569,1.24006,0.546004,0.588701,0.786936,2.22311,2.19386,0.510909,1.46204,1.67766,2.4249,-0.871244,-1.04393,-0.199434,0.0368552,-0.375201,-0.797089,-1.50286,-3.45713,-0.185781
-2.32141,-1.25613,-1.50505,-2.50222,-3.02906,-0.325725,-0.175136,-0.0557631,-0.107312,-0.0859209,1.31569,0.587695,0.578271,0.834105,2.04984,1.88155,0.351565,1.27757,1.30036,2.12111,-0.916592,-1.03039,-0.143337,0.0923263,-0.340517,-0.773225,-1.52106,-3.55907,-0.224969
-2.34302,-1.18493,-1.51569,-2.57328,-3.11402,-0.141829,-0.00397072,0.15088,0.151364,0.0282547,1.17976,0.498895,0.549157,0.915601,2.14268,2.04016,0.431552,1.3142,1.61076,2.29111,-0.888478,-1.07107,-0.190468,0.0273294,-0.296321,-0.752105,-1.47715,-3.44074,-0.230927
-2.52384,-1.43432,-1.64464,-2.62787,-3.16383,-0.0545283,0.0554999,0.112345,0.086301,-0.11425,1.38066,0.743532,0.68781,0.93996,2.36427,2.19853,0.685186,1.42142,1.51793,2.57776,-0.837212,-1.06105,-0.169779,0.0101857,-0.349195,-0.802211,-1.47848,-3.45033,-0.222291
-2.46369,-1.54845,-1.68556,-2.60139,-3.44215,-0.195125,-0.129889,0.0881778,-0.0556765,-0.0353494,1.28487,0.794238,0.752486,1.06404,2.64276,2.21363,0.910067,1.47083,1.63244,2.72467,-0.844566,-1.05056,-0.206804,0.0183946,-0.330289,-0.806404,-1.51713,-3.41849,-0.187113
-2.32071,-1.1529,-1.73202,-2.65024,-3.07434,-0.113049,-0.0163715,0.0950095,0.125512,0.0623683,1.04258,0.253158,0.708701,0.7984,1.95507,1.88399,0.270735,1.45267,1.47009,2.16302,-0.876306,-1.05477,-0.137397,0.0261184,-0.336862,-0.787881,-1.57024,-3.51668,-0.184219
-2.04817,-1.10167,-1.39907,-2.34212,-3.10867,-0.155878,0.0495881,0.0259378,0.0921065,0.0612133,0.887747,0.30502,0.471623,0.699296,2.28546,1.73933,0.387306,1.20796,1.26526,2.30644,-0.965653,-1.05801,-0.164364,0.0748248,-0.359138,-0.888445,-1.49452,-3.48511,-0.231109
-2.44644,-1.49425,-1.70431,-2.70419,-3.32101,-0.0772148,0.150298,0.184028,0.191756,0.047497,1.30238,0.743758,0.631734,0.942935,2.45355,2.20799,0.756808,1.49985,1.55958,2.58127,-0.865005,-1.06052,-0.122349,0.0145243,-0.267835,-0.788679,-1.50538,-3.40508,-0.2204
-2.33281,-1.25309,-1.58056,-2.78977,-3.11909,-0.253174,-0.118322,0.00530821,0.0471408,-0.102304,1.13331,0.462129,0.551505,1.0116,2.10975,2.2353,0.604387,1.49106,1.98454,2.48098,-0.861497,-1.09199,-0.154162,0.0202653,-0.29147,-0.819594,-1.49268,-3.45315,-0.214159
-2.47295,-1.27699,-1.55586,-2.48785,-3.17292,-0.151727,-0.0731489,0.0377226,-0.0740435,-0.142369,1.35765,0.595373,0.567933,0.979916,2.30154,2.24599,0.65845,1.35783,1.58225,2.67382,-0.895697,-1.09403,-0.15982,-0.000143293,-0.321547,-0.814004,-1.50573,-3.50991,-0.242101
-2.48496,-1.34309,-1.59421,-2.61924,-3.2539,-0.034437,0.0344594,0.140352,0.382381,0.0668444,1.20167,0.53742,0.590958,0.766503,2.21456,2.13097,0.776831,1.3317,1.47089,2.81002,-0.837249,-1.05719,-0.180731,-0.0257569,-0.310684,-0.742999,-1.55716,-3.48267,-0.195564
-2.07998,-0.923051,-1.50653,-2.33372,-2.62554,-0.233724,-0.0595584,0.0793966,-0.0162651,-0.279174,0.98146,0.229085,0.567927,0.656398,1.6789,1.8235,0.307705,1.42262,1.35185,2.16117,-0.96372,-1.02007,-0.22361,0.0585712,-0.316954,-0.779603,-1.51079,-3.53569,-0.225234
-2.35598,-1.23239,-1.4698,-2.39599,-2.87691,-0.313808,-0.16093,-0.0741135,-0.0155285,-0.289055,1.15656,0.410644,0.555714,0.623637,1.87815,1.99527,0.453998,1.35129,1.24544,2.17462,-0.823369,-1.03723,-0.176992,-0.00125277,-0.358825,-0.799801,-1.51428,-3.46585,-0.222026
-2.31907,-1.35197,-1.58713,-2.84415,-3.29377,-0.108666,0.0688362,0.182385,0.396903,-0.0209127,1.05913,0.516429,0.621096,1.20736,2.2733,1.99581,0.624353,1.38808,1.80573,2.59805,-0.891061,-1.07264,-0.136575,0.019116,-0.340736,-0.829488,-1.51632,-3.48127,-0.190622
-2.34633,-1.27505,-1.56276,-2.31956,-3.14717,-0.217015,-0.119919,0.0324657,-0.00148152,-0.119691,1.15734,0.47637,0.646579,0.681755,2.03252,2.09093,0.688565,1.43912,1.30517,2.56146,-0.886006,-1.07725,-0.206183,0.00769648,-0.322771,-0.796867,-1.52976,-3.50143,-0.220644
-2.22843,-1.27248,-1.45096,-2.58224,-3.15426,-0.327831,-0.039512,0.0354626,0.061184,-0.255507,1.33653,0.737269,0.659178,1.28786,2.48936,2.0588,0.597989,1.36289,1.68572,2.51307,-0.891101,-1.01159,-0.201376,-0.0135705,-0.330689,-0.790649,-1.43393,-3.3969,-0.231882
-2.34281,-1.34164,-1.496,-2.59481,-3.17831,-0.133432,0.126282,0.121558,0.287939,0.0399992,0.996928,0.413601,0.464558,0.822801,2.06755,2.0857,0.6357,1.3483,1.52649,2.32831,-0.842985,-1.0227,-0.15147,0.0306765,-0.366484,-0.8385,-1.46479,-3.49341,-0.2182
-2.46575,-1.52878,-1.65584,-2.62798,-3.3741,-0.256084,-0.0389409,-0.0502596,-0.20296,-0.0922739,1.06337,0.560012,0.558956,0.832032,2.32389,2.19979,0.85212,1.5361,1.58283,2.71053,-0.869745,-1.08229,-0.110489,0.0583943,-0.299775,-0.748647,-1.5385,-3.55786,-0.211607
-2.40211,-1.34783,-1.58507,-2.55738,-3.10184,-0.128551,-0.000244487,0.125496,0.208562,0.0221527,1.33053,0.585759,0.505833,0.807683,2.25456,2.15898,0.69651,1.4064,1.47252,2.4529,-0.885266,-1.00431,-0.140151,0.0357148,-0.298034,-0.754755,-1.51584,-3.49026,-0.194145
-2.4709,-1.28067,-1.62286,-2.65199,-3.10349,-0.0101957,0.0574085,0.182645,0.336207,-0.0902536,1.15365,0.428503,0.572484,0.897247,2.06147,2.13314,0.53701,1.38727,1.47697,2.54565,-0.856228,-1.05545,-0.153123,-0.00154065,-0.324675,-0.825315,-1.54862,-3.48893,-0.20877
-2.41859,-1.38444,-1.59155,-2.59541,-3.17485,-0.34698,-0.201076,-0.0039869,-0.15678,-0.10896,1.26152,0.685609,0.628396,1.01497,2.09982,2.2103,0.71286,1.38744,1.57177,2.43811,-0.892011,-1.04706,-0.15706,0.0702155,-0.290321,-0.800157,-1.53345,-3.44445,-0.194867
-2.44782,-1.36095,-1.49586,-2.59339,-3.43254,-0.174721,-0.0671225,-0.0895413,-0.131602,-0.254981,1.34255,0.801881,0.769567,1.16727,2.76066,2.21056,0.723772,1.35494,1.62761,2.88529,-0.846448,-1.03677,-0.167159,-0.0207466,-0.300613,-0.79785,-1.49976,-3.49386,-0.251629
-2.30351,-1.32431,-1.57954,-2.59476,-3.29313,-0.147934,0.142063,0.188759,0.0702361,0.169842,1.13564,0.432953,0.47381,0.866151,2.22368,1.83209,0.360455,1.22494,1.44479,2.35216,-0.81852,-1.01684,-0.210514,0.00160673,-0.297103,-0.766619,-1.50582,-3.40269,-0.171904
-2.23387,-1.13143,-1.41874,-2.5005,-2.95452,-0.317454,-0.188298,-0.0107406,0.0163824,-0.191147,1.17347,0.574387,0.461844,0.855485,2.35991,2.19925,0.650719,1.24571,1.44505,2.30125,-0.810586,-1.02338,-0.158279,0.0177415,-0.340297,-0.729998,-1.54482,-3.48581,-0.205289
-2.37133,-1.40733,-1.54254,-2.5661,-3.19537,-0.184358,0.00961992,0.0291471,0.0193478,-0.10017,1.30261,0.674279,0.582396,0.913421,2.17766,2.11616,0.733633,1.38247,1.47385,2.58295,-0.896546,-1.03822,-0.189916,0.0411251,-0.308127,-0.80014,-1.47909,-3.51294,-0.212869
-2.40705,-1.30601,-1.64787,-2.49044,-3.0303,-0.0294429,0.0977732,0.207347,0.206263,0.0102603,1.4374,0.725165,0.795532,1.01806,2.33824,2.31868,0.790128,1.48438,1.52889,2.53198,-0.933323,-1.01576,-0.168575,0.0281929,-0.353354,-0.827959,-1.52352,-3.50968,-0.256786
-2.58687,-1.42659,-1.58848,-2.41888,-3.15093,-0.286134,-0.124362,-0.0111821,-0.120406,-0.113584,1.52991,0.777938,0.595065,0.776722,2.35702,2.3957,0.792825,1.50404,1.6736,2.64552,-0.868403,-1.06025,-0.205143,-0.00106337,-0.356567,-0.859757,-1.54666,-3.49697,-0.229158
-2.63328,-1.57461,-1.72187,-2.84904,-3.34952,-0.331418,-0.177003,0.0395787,0.139404,-0.350892,1.44741,0.82059,0.745816,1.0815,2.60437,2.26593,0.667674,1.48952,1.55308,2.53925,-0.863472,-1.11077,-0.140394,0.0137255,-0.392176,-0.840639,-1.53213,-3.50262,-0.190029
-2.5028,-1.28489,-1.5653,-2.63552,-3.29835,-0.00173853,0.125111,0.134141,0.135999,0.148004,1.05727,0.353257,0.568905,0.960911,2.10206,2.23319,0.640876,1.35084,1.72657,2.6004,-0.848301,-1.0277,-0.25646,-0.0518944,-0.308344,-0.78448,-1.49515,-3.50031,-0.241495
-2.44233,-1.27899,-1.55523,-2.72759,-3.03167,-0.254702,-0.15676,-0.0144291,0.00466092,-0.106998,1.23732,0.575644,0.654694,1.14894,2.13498,2.10808,0.528402,1.42133,1.77002,2.27106,-0.947255,-1.0951,-0.156769,0.0235999,-0.362363,-0.82385,-1.52736,-3.51163,-0.20986
-2.36067,-1.30478,-1.5816,-2.50957,-3.08184,-0.135885,-0.0127009,0.0594289,-0.00243313,-0.0573916,1.28311,0.726906,0.653344,0.977848,2.26512,2.19495,0.838497,1.50204,1.60193,2.66445,-0.868724,-1.02593,-0.160116,0.004615,-0.299034,-0.730814,-1.54869,-3.49763,-0.225043
-2.23747,-1.2439,-1.40222,-2.39052,-3.03116,-0.210476,-0.0654765,-0.0183816,-0.152766,-0.167724,1.03627,0.492468,0.457436,0.85669,2.08961,1.89311,0.534518,1.19129,1.37243,2.48794,-0.872673,-0.977021,-0.141074,0.0639581,-0.307972,-0.812813,-1.48716,-3.46571,-0.222059
-2.44747,-1.33332,-1.56561,-2.4844,-3.29801,-0.126902,0.0393421,0.0127607,-0.00961454,-0.0132767,1.13286,0.393543,0.603954,0.82917,2.22372,2.09249,0.514836,1.2842,1.37687,2.50282,-0.886861,-1.08986,-0.155304,0.0239112,-0.318009,-0.818631,-1.52664,-3.50489,-0.223037
-2.40999,-1.22263,-1.39169,-2.46521,-3.0327,-0.126857,-0.040194,-0.038376,-0.107922,-0.155644,0.985236,0.0836524,0.266002,0.533049,1.72979,2.09042,0.523624,1.23836,1.41362,2.49613,-0.885914,-1.09437,-0.151955,0.0850726,-0.311519,-0.821088,-1.50374,-3.44467,-0.20386
-2.23585,-1.0708,-1.41006,-2.46795,-2.95663,-0.084664,0.10049,-0.0206413,-0.0891268,0.0470259,1.06354,0.376681,0.577017,0.925238,2.0358,2.01929,0.380243,1.41493,1.58255,2.25809,-0.840024,-1.01871,-0.169731,0.0268268,-0.302916,-0.772002,-1.50709,-3.53493,-0.255298
-2.56864,-1.4055,-1.57998,-2.46461,-3.05294,-0.0357035,0.084955,0.123923,0.188893,-0.119944,1.39777,0.72031,0.62748,0.770617,2.341,2.21603,0.640956,1.38531,1.37425,2.48918,-0.898244,-1.05663,-0.205131,0.0124936,-0.373797,-0.876632,-1.51234,-3.50141,-0.233787
-2.22176,-1.16549,-1.42975,-2.39042,-3.04339,-0.387343,-0.190535,0.0965603,0.059112,-0.217275,1.00865,0.394332,0.45934,0.622071,1.90284,1.88869,0.409476,1.16548,1.28846,2.27421,-0.852474,-1.05327,-0.162297,-0.000474831,-0.29694,-0.823455,-1.53328,-3.51046,-0.187829
-2.44609,-1.32724,-1.53197,-2.6733,-3.18611,-0.207145,0.0745933,0.0442954,-0.0193878,-0.0147732,1.19878,0.469904,0.490589,0.884629,2.10694,2.14978,0.495742,1.36134,1.61974,2.37545,-0.922685,-1.08572,-0.126975,0.041308,-0.315489,-0.739738,-1.51783,-3.55386,-0.202234
-2.06691,-1.09448,-1.45541,-2.36415,-3.09866,-0.323686,-0.181032,-0.0165948,-0.131307,-0.0498568,0.942999,0.444626,0.506924,0.756362,2.16427,1.96164,0.638555,1.48546,1.62108,2.61294,-0.860116,-1.01346,-0.23015,-0.0322577,-0.339058,-0.811089,-1.47693,-3.47237,-0.25832
-2.49148,-1.37488,-1.73,-2.64639,-3.07376,-0.106969,-0.0302577,0.13974,0.0602212,-0.149638,1.06145,0.548951,0.495747,0.850337,1.88025,1.9978,0.409131,1.34896,1.2795,2.14147,-0.845436,-1.06111,-0.138401,0.0258537,-0.288643,-0.737449,-1.58489,-3.51237,-0.188781
-2.35514,-1.11747,-1.42938,-2.30519,-2.994,-0.0729835,-0.00199819,0.131821,0.144019,-0.0634803,1.20102,0.467301,0.658785,0.880986,2.33596,2.04427,0.435194,1.17088,1.19264,2.31236,-0.901249,-1.02439,-0.220512,-0.034455,-0.337784,-0.830487,-1.48856,-3.47432,-0.259902
-2.17395,-1.13228,-1.58588,-2.53979,-3.05357,-0.438119,-0.296494,-0.141812,-0.344187,-0.205808,1.12444,0.608906,0.762081,1.13846,2.20367,2.06943,0.664174,1.4814,1.78232,2.47727,-0.902323,-1.02477,-0.186275,0.0377997,-0.296772,-0.764746,-1.53272,-3.50918,-0.243434
-2.66704,-1.40561,-1.61129,-2.84326,-3.31776,0.0715759,0.0721887,0.153854,0.229156,0.158775,1.49452,0.758931,0.696462,1.1274,2.48754,2.26377,0.749516,1.42197,1.77539,2.6375,-0.940063,-1.057,-0.235552,-0.0291534,-0.308196,-0.827704,-1.49372,-3.50121,-0.246281
-2.39102,-1.32731,-1.53488,-2.66565,-3.31315,-0.0330969,0.113405,0.162387,0.249938,0.0484861,1.32728,0.684165,0.465349,0.788474,2.52164,2.00811,0.5183,1.22268,1.43827,2.56937,-0.92948,-1.10665,-0.201149,0.0320724,-0.283259,-0.758314,-1.50804,-3.52059,-0.243746
-2.71423,-1.53029,-1.72069,-2.77692,-3.38745,0.118274,0.236869,0.162619,0.126922,-0.0221571,1.45181,0.629657,0.705039,1.14162,2.48971,2.25589,0.726906,1.51099,1.73124,2.81307,-0.883635,-1.0246,-0.16364,0.0534593,-0.317906,-0.824265,-1.51901,-3.4844,-0.212253
-2.39893,-1.21341,-1.63264,-2.527,-3.29147,-0.216388,-0.0728669,0.0379674,0.0618787,0.162635,1.077,0.463871,0.681528,0.965448,2.07828,2.09407,0.471654,1.40729,1.42005,2.51009,-0.857919,-1.00987,-0.130839,0.00261883,-0.368376,-0.850228,-1.56282,-3.56893,-0.229567
-2.26467,-1.1622,-1.53718,-2.4216,-3.04194,-0.230692,0.0173918,0.174653,-0.0248125,-0.0378982,1.26894,0.494292,0.51453,0.974595,2.12031,2.04514,0.386967,1.28201,1.47625,2.3684,-0.866986,-1.02282,-0.141251,-0.00922225,-0.339724,-0.803606,-1.48337,-3.44559,-0.227507
-2.49288,-1.25864,-1.58442,-2.52782,-3.07643,-0.0818142,-0.0594119,0.0966897,0.0508582,-0.101295,1.10767,0.371077,0.537256,0.886768,1.91729,1.9696,0.411437,1.44054,1.42018,2.36401,-0.852584,-1.08127,-0.176341,-0.016894,-0.356506,-0.801926,-1.49745,-3.53686,-0.223203
-2.45368,-1.33802,-1.55171,-2.5249,-3.32868,-0.0836988,-0.0612879,-0.0851203,-0.010716,-0.0409357,1.26702,0.701921,0.69149,0.889551,2.32955,2.23462,0.761753,1.52244,1.78934,2.78983,-0.858068,-1.0137,-0.171186,0.0150053,-0.301928,-0.817065,-1.53403,-3.5384,-0.199904
-2.40935,-1.32786,-1.58081,-2.4109,-3.29134,-0.377025,-0.0464299,0.140726,-0.0407607,-0.203121,1.27313,0.65038,0.570726,0.522032,2.41502,2.2791,0.706209,1.35146,1.43291,2.79771,-0.880318,-1.00409,-0.191196,0.0754487,-0.316813,-0.846233,-1.51582,-3.49478,-0.207298
-2.26766,-1.03793,-1.4382,-2.38035,-2.93328,-0.214178,-0.136021,0.0501071,-0.0403526,-0.153185,1.22544,0.503585,0.603545,0.880208,2.14311,2.12945,0.470923,1.29963,1.56261,2.35482,-0.94645,-1.04375,-0.168591,-0.0301127,-0.271224,-0.740221,-1.49787,-3.50441,-0.239421
-2.35773,-1.34106,-1.64647,-2.53146,-3.16783,-0.0484656,0.209475,0.289278,0.0175518,0.099227,0.83766,0.29795,0.493483,0.728958,1.94519,2.06159,0.545758,1.394,1.40607,2.41052,-0.90218,-1.05833,-0.209269,0.0655223,-0.336824,-0.780867,-1.50769,-3.48761,-0.193966
-2.21206,-1.14018,-1.48899,-2.39033,-3.17349,-0.110419,0.00415864,0.155228,0.0394945,-0.112234,1.1469,0.566519,0.561354,1.03157,2.47486,1.89743,0.462257,1.34954,1.52371,2.66397,-0.871259,-1.02926,-0.203218,-0.0534915,-0.32586,-0.797389,-1.4681,-3.40709,-0.263437
-2.69021,-1.54805,-1.68199,-2.66942,-3.41102,-0.0278325,0.0205682,0.174849,0.154798,0.0663198,1.34885,0.68854,0.673622,1.01647,2.30983,2.35649,0.818877,1.36671,1.40071,2.66724,-0.859583,-1.05193,-0.199541,0.0197122,-0.302203,-0.762893,-1.50055,-3.40662,-0.165139
-2.43016,-1.26965,-1.55771,-2.45109,-3.08629,-0.153477,0.0531329,0.0391262,0.0520411,-0.100923,1.12648,0.278608,0.505368,0.711321,1.86706,1.96789,0.401186,1.30772,1.43831,2.40364,-0.915685,-1.09158,-0.161719,0.0178926,-0.359565,-0.828918,-1.59114,-3.59289,-0.209732
-2.42295,-1.26642,-1.58581,-2.61523,-2.93375,-0.0822979,-0.0761542,0.100421,0.0390202,-0.263934,1.18892,0.517666,0.467307,0.883992,2.16435,2.02916,0.517627,1.34879,1.47958,2.4197,-0.854578,-1.08789,-0.178568,-0.021577,-0.309142,-0.769909,-1.56576,-3.52251,-0.187213
-2.6135,-1.41124,-1.57182,-2.67355,-3.27843,-0.0631603,0.0150972,0.0471471,0.131828,0.107344,1.44464,0.698472,0.607691,0.846726,2.25288,2.28821,0.708313,1.34794,1.63746,2.40865,-0.874184,-1.0616,-0.149723,-0.00280256,-0.33508,-0.856389,-1.50664,-3.54925,-0.206328
-2.26666,-1.22027,-1.55854,-2.40733,-3.07758,-0.354767,-0.128054,-0.0485318,-0.161395,-0.183652,1.08192,0.475455,0.662428,0.814463,2.0679,2.08219,0.55152,1.45861,1.51574,2.41706,-0.906277,-1.08161,-0.182604,0.0122492,-0.294366,-0.829313,-1.51729,-3.49576,-0.23736
-2.2133,-1.17842,-1.48107,-2.46352,-2.97511,-0.0074815,0.109074,0.0984709,0.225391,-0.0492757,0.860214,0.222949,0.363788,0.546923,1.8338,1.96507,0.466721,1.37213,1.31916,2.34908,-0.861718,-0.998135,-0.200038,-0.00939558,-0.311961,-0.753366,-1.50439,-3.46698,-0.209109
-2.23603,-1.27361,-1.65861,-2.57145,-3.24859,-0.276476,-0.0423992,0.118173,0.00653446,-0.0549544,1.18989,0.592235,0.663478,1.12053,2.39488,1.98717,0.622624,1.49072,1.65762,2.55382,-0.917077,-1.06062,-0.195571,0.0489094,-0.395506,-0.837662,-1.56483,-3.52162,-0.225677
-2.16283,-1.01217,-1.39067,-2.26502,-2.80643,-0.329681,-0.179074,-0.0453109,-0.100472,-0.307595,1.03724,0.356702,0.41172,0.662424,2.11579,1.90411,0.362378,1.22406,1.25963,2.21562,-0.843111,-1.06371,-0.232851,-0.0553697,-0.363003,-0.802147,-1.51831,-3.52682,-0.234545
-2.33254,-1.22272,-1.57984,-2.30217,-3.12176,-0.155411,-0.0324081,0.102665,0.000637021,-0.0816536,1.13569,0.473207,0.61265,0.641656,2.09806,1.93952,0.394149,1.39685,1.36858,2.34716,-0.900266,-1.006,-0.182053,-0.00083845,-0.340509,-0.819427,-1.47254,-3.42809,-0.244143
-2.35162,-1.35981,-1.71684,-2.68087,-3.29386,-0.196378,-0.0262531,0.109965,0.0865156,0.0959621,1.12629,0.626446,0.715148,0.97101,2.41889,2.10152,0.689048,1.46684,1.60213,2.55353,-0.813172,-1.06211,-0.238408,-0.0185058,-0.316966,-0.743163,-1.50388,-3.48645,-0.167119
-2.19703,-1.09135,-1.55301,-2.45829,-3.08123,-0.475721,-0.267998,0.0794304,-0.00588661,-0.273701,1.34812,0.608304,0.502136,0.82319,2.48249,2.06619,0.52667,1.26329,1.36801,2.56478,-0.857714,-1.08082,-0.163038,0.0906374,-0.333674,-0.792539,-1.53332,-3.54622,-0.225081
-2.31404,-1.25136,-1.4895,-2.46461,-3.02967,-0.284679,-0.112995,-0.0326426,0.00282663,-0.230802,1.05719,0.47422,0.53676,0.677726,2.09341,2.20935,0.702113,1.40246,1.43575,2.46366,-0.836,-1.02157,-0.159817,0.00442844,-0.294055,-0.741435,-1.51712,-3.51598,-0.216932
-2.36594,-1.29111,-1.67058,-2.56002,-3.06424,-0.112047,0.046605,0.135598,-0.0285254,-0.0166264,1.32926,0.549255,0.608377,1.06594,2.23364,2.20443,0.636878,1.46838,1.55134,2.38418,-0.90019,-1.01761,-0.184445,0.0726057,-0.332598,-0.793026,-1.51399,-3.45853,-0.198277
-2.43859,-1.19785,-1.48589,-2.4874,-3.18276,0.0947309,-0.032664,0.0923824,0.114049,-0.148067,1.25045,0.513517,0.521216,0.848818,2.26276,2.00223,0.446027,1.20309,1.44182,2.39894,-0.880315,-1.03643,-0.18048,0.0195253,-0.320231,-0.788133,-1.49894,-3.45728,-0.223216
-2.54345,-1.40996,-1.67037,-2.64655,-3.23306,-0.0515077,-0.00427834,0.154932,0.13493,0.111668,1.39507,0.793799,0.757671,1.02193,2.39559,2.16082,0.731078,1.50908,1.6435,2.44849,-0.855192,-1.04972,-0.172242,-0.0511138,-0.347447,-0.843672,-1.51129,-3.47115,-0.260187
-2.33351,-1.10772,-1.47656,-2.47455,-2.90193,-0.230157,-0.194595,0.00356196,-0.0358002,-0.369989,1.00599,0.354644,0.396282,0.691473,1.93741,2.02763,0.445018,1.31001,1.56594,2.31093,-0.856976,-1.00369,-0.201328,-0.0123372,-0.375095,-0.871096,-1.49904,-3.51413,-0.223914
-2.04722,-1.0706,-1.4987,-2.4144,-2.98927,-0.331024,-0.157601,-0.051285,-0.0913968,-0.279073,0.849495,0.311469,0.400749,0.747041,2.03731,1.74839,0.304563,1.38402,1.27616,2.42789,-0.944913,-1.09763,-0.180224,0.029102,-0.301094,-0.796906,-1.58711,-3.54954,-0.240702
-2.16908,-1.13441,-1.38347,-2.29042,-2.97606,-0.370658,-0.16798,-0.0821817,-0.124305,-0.0834302,1.31729,0.606949,0.603311,0.795747,2.19811,1.97598,0.575827,1.35273,1.33063,2.4377,-0.906735,-1.03968,-0.228166,-0.0145777,-0.297057,-0.800076,-1.5537,-3.48306,-0.208493
-2.36595,-1.32954,-1.53532,-2.56048,-3.40585,-0.142652,0.0441053,0.0525428,-0.0759814,-0.0121636,1.33329,0.712876,0.751472,1.03692,2.45607,2.09561,0.531622,1.27976,1.617,2.6097,-0.846176,-1.01788,-0.167862,0.0498365,-0.313559,-0.807432,-1.49366,-3.47473,-0.211309
-1.99903,-0.991268,-1.5641,-2.32366,-2.86327,-0.298393,-0.118026,0.0999735,0.0565367,-0.371709,0.932606,0.271606,0.510134,0.842273,2.00736,1.83393,0.492393,1.46781,1.38908,2.42825,-0.845512,-1.01315,-0.166128,-0.0187966,-0.319405,-0.768709,-1.51731,-3.48191,-0.213265
-2.34961,-1.1387,-1.52392,-2.46277,-2.96923,-0.241334,-0.0934263,0.029642,0.0144516,0.0108059,1.04582,0.393245,0.535135,0.768745,1.99294,2.03252,0.368473,1.28153,1.50415,2.19212,-0.851349,-1.03341,-0.14355,0.0667166,-0.347761,-0.803038,-1.56903,-3.53403,-0.199386
-2.2341,-1.21522,-1.61831,-2.411,-3.19846,-0.148819,0.0649632,0.131923,0.113321,0.0851784,1.15445,0.49395,0.690148,0.825645,2.22378,2.07954,0.518934,1.42444,1.37732,2.59464,-0.872987,-1.05744,-0.167085,0.00155545,-0.320023,-0.778016,-1.51396,-3.52258,-0.222983
-2.18155,-1.22484,-1.51131,-2.2089,-3.23519,-0.242888,-0.0586858,-0.025889,-0.216608,0.0326985,1.06338,0.595702,0.559721,0.493202,2.21057,2.04936,0.650009,1.48102,1.42994,2.62798,-0.932422,-1.08471,-0.194925,-0.0303073,-0.293369,-0.773448,-1.49182,-3.53583,-0.263049
-2.2748,-1.15582,-1.4712,-2.44149,-3.18985,-0.135858,-0.127999,-0.0123168,-0.00711479,-0.0645908,1.139,0.514951,0.612375,1.02327,2.14829,2.00356,0.59792,1.27872,1.48338,2.53427,-0.861913,-1.05347,-0.169433,-0.0342187,-0.306941,-0.80992,-1.53542,-3.57917,-0.248786
-2.49981,-1.30745,-1.67732,-2.49806,-3.33215,-0.131984,-0.0979877,0.135344,0.0755541,-0.110463,1.28168,0.584712,0.697019,0.849731,2.47455,2.36959,0.713642,1.51703,1.57236,2.81946,-0.891653,-1.05662,-0.182017,-0.00540175,-0.329006,-0.847661,-1.52503,-3.50834,-0.21494
-2.48224,-1.33337,-1.50916,-2.6436,-3.19117,-0.226023,-0.00513425,0.0177998,0.0449668,-0.113776,1.36626,0.570592,0.57334,1.07348,2.33677,2.27375,0.665351,1.34423,1.58959,2.54576,-0.905836,-1.11603,-0.186944,-0.0182205,-0.338993,-0.819989,-1.50679,-3.51967,-0.229788
-2.31814,-1.20571,-1.54075,-2.52048,-3.04699,-0.183221,-0.0673436,0.0919334,0.175333,0.0582302,1.3848,0.631942,0.582685,0.906578,2.21312,2.17563,0.57967,1.41392,1.47751,2.33592,-0.912408,-1.03664,-0.196352,-0.0433715,-0.270383,-0.772905,-1.51015,-3.50928,-0.238722
-2.26353,-1.30223,-1.49067,-2.5673,-3.31058,-0.193293,-0.0135192,0.0794938,0.05465,0.141719,1.10717,0.645605,0.520982,0.925597,2.2791,2.13236,0.835436,1.50382,1.70773,2.66491,-0.858996,-1.03149,-0.171286,0.0103077,-0.258977,-0.80306,-1.51919,-3.5386,-0.262818
-2.60424,-1.51514,-1.71329,-2.81572,-3.38553,-0.196679,-0.147642,0.0381369,0.0917862,-0.255263,1.41203,0.828409,0.736273,1.07062,2.52039,2.14384,0.675019,1.36745,1.59674,2.59495,-0.864124,-1.06761,-0.171135,0.0326858,-0.358156,-0.790469,-1.53701,-3.47063,-0.153181
-2.32873,-1.28861,-1.56791,-2.33961,-3.08114,-0.0666258,-0.0479052,0.123798,0.0435642,0.0231035,1.05332,0.529494,0.632604,0.713465,2.14424,1.77577,0.390963,1.28834,1.21532,2.28919,-0.859725,-1.03818,-0.117226,-0.0173869,-0.344841,-0.830356,-1.57504,-3.54377,-0.244456
-2.31005,-1.21758,-1.51122,-2.52154,-3.28034,-0.324937,-0.284794,-0.123404,-0.153308,-0.279701,1.11387,0.555515,0.65744,0.809889,2.39925,2.07447,0.5858,1.44352,1.44813,2.51375,-0.839584,-1.02539,-0.180122,0.0801242,-0.318636,-0.769908,-1.49965,-3.46244,-0.189704
-2.14264,-1.12844,-1.5216,-2.35554,-2.98862,-0.329671,-0.17159,0.00109067,0.0517092,-0.200243,1.07896,0.456286,0.687991,0.88384,2.20487,2.17684,0.682464,1.43443,1.47002,2.48708,-0.839768,-1.04452,-0.154028,-0.0513261,-0.285711,-0.786175,-1.50478,-3.48174,-0.212897
-2.59911,-1.51228,-1.72654,-2.87878,-3.43997,-0.214881,0.0263688,0.142808,0.272472,0.167243,1.35398,0.662358,0.654103,1.04536,2.30487,2.44743,0.820538,1.53053,1.77384,2.70506,-0.848437,-1.00399,-0.141165,0.0123783,-0.356219,-0.834232,-1.52064,-3.43933,-0.200936
-2.57729,-1.35678,-1.63601,-2.60514,-3.19243,-0.282532,-0.225164,-0.103122,-0.0682751,-0.357403,1.45703,0.574146,0.685142,1.01135,2.30298,2.34697,0.784063,1.6175,1.75608,2.72104,-0.905705,-1.0067,-0.121742,0.0518297,-0.341516,-0.855995,-1.52679,-3.50765,-0.240072
-2.30586,-1.11675,-1.45319,-2.51469,-2.93838,-0.0405517,-0.055172,0.0660034,0.198447,-0.0409096,1.20662,0.451611,0.512342,0.828079,1.9525,1.84863,0.353391,1.21399,1.3906,2.23346,-0.838035,-1.05554,-0.113543,0.0773766,-0.350471,-0.781492,-1.55557,-3.4363,-0.189085
-2.35214,-1.24495,-1.36538,-2.2374,-3.34251,-0.14657,-0.0185663,0.0068448,-0.113915,-0.0770821,1.08777,0.49348,0.354262,0.645996,2.36138,2.04324,0.450399,1.26951,1.28991,2.57415,-0.882667,-1.026,-0.181313,0.0164464,-0.316556,-0.818548,-1.47161,-3.47311,-0.248696
-2.26951,-1.19091,-1.55397,-2.35405,-3.03975,-0.177027,0.0557797,0.118084,-0.134993,-0.0208418,1.0926,0.425958,0.567784,0.78834,2.01906,1.9408,0.420602,1.24143,1.39832,2.27959,-0.873624,-1.06687,-0.149228,0.0384544,-0.354298,-0.795999,-1.53489,-3.50201,-0.200194
-2.14145,-0.98715,-1.52494,-2.44241,-2.93125,-0.323072,-0.2325,0.0100155,-0.0807193,-0.193948,1.04493,0.314608,0.594284,0.878755,2.03558,1.94506,0.400766,1.33181,1.36771,2.43496,-0.852565,-1.03866,-0.149299,0.00986644,-0.319817,-0.81774,-1.56191,-3.52656,-0.215456
-2.49122,-1.22178,-1.52118,-2.38287,-3.20474,-0.105814,-0.0481939,0.0909857,0.0677421,-0.0336682,1.37012,0.566535,0.658722,0.790121,2.46863,2.36853,0.681256,1.44798,1.42421,2.63142,-0.898772,-1.0324,-0.148642,0.03788,-0.341161,-0.858847,-1.55117,-3.50121,-0.23
-2.37623,-1.25459,-1.56589,-2.53556,-3.2272,-0.250783,0.0211621,0.0884523,-0.102053,0.125309,1.20297,0.425557,0.581444,0.874846,2.11485,2.09361,0.544085,1.39591,1.55951,2.51321,-0.881997,-1.0866,-0.156666,-0.00871991,-0.251768,-0.767945,-1.55945,-3.53071,-0.214054
-2.28673,-1.21214,-1.51267,-2.42265,-3.10576,-0.191407,-0.0708274,0.0296714,0.0706695,-0.208317,1.10904,0.411456,0.427668,0.903791,2.13401,2.07843,0.555857,1.36754,1.31892,2.46777,-0.884469,-0.998224,-0.222193,-0.0480637,-0.280003,-0.76896,-1.52371,-3.4833,-0.247404
-2.64731,-1.30627,-1.66335,-2.58269,-3.11835,0.0561787,0.0152816,0.283833,-0.0942187,-0.0368967,1.40542,0.593544,0.606875,1.0263,2.12365,2.36761,0.629838,1.48461,1.76914,2.57487,-0.918501,-1.02816,-0.167164,-0.00749118,-0.325425,-0.811316,-1.53646,-3.50076,-0.204145
-2.57423,-1.34792,-1.65078,-2.59962,-3.22711,-0.0748409,0.0119601,0.0381589,0.198525,-0.112734,1.38007,0.579756,0.686531,0.793581,2.35428,2.20361,0.637645,1.40455,1.42969,2.63244,-0.82737,-1.06686,-0.177086,0.0158889,-0.324354,-0.831403,-1.50722,-3.4248,-0.232048
-2.3505,-1.29781,-1.49868,-2.60659,-3.30579,-0.127054,0.0238084,-0.0113497,-0.0351141,0.0425841,0.877921,0.32795,0.480849,0.80113,2.11336,1.82422,0.504506,1.26097,1.53113,2.445,-0.895382,-1.04261,-0.199888,0.0338429,-0.299227,-0.78543,-1.53805,-3.50889,-0.231291
-2.25921,-1.29358,-1.52148,-2.48743,-3.40653,-0.252844,0.0369545,0.0966919,0.0141014,0.0430002,1.18377,0.383778,0.4612,0.913931,2.43345,1.9286,0.390625,1.20963,1.38833,2.5276,-0.897971,-1.10082,-0.137036,0.0189168,-0.326415,-0.84848,-1.54076,-3.53343,-0.237329
-2.23318,-1.09291,-1.5466,-2.2993,-2.76819,-0.0122582,-0.0203471,0.156866,-0.0692507,0.0511946,1.018,0.275087,0.38952,0.656735,1.60011,1.8998,0.414438,1.36279,1.35319,2.03988,-0.871066,-1.04185,-0.133003,0.0126493,-0.329258,-0.754513,-1.50017,-3.46371,-0.204038
-2.33259,-1.20462,-1.48037,-2.53159,-3.15656,-0.220056,-0.104852,-0.0754723,-0.00197608,-0.12498,1.25675,0.463463,0.58027,1.17376,2.21779,2.04954,0.563843,1.37179,1.53675,2.54931,-0.91915,-1.04372,-0.188818,-0.0117567,-0.31186,-0.766117,-1.48474,-3.46566,-0.246473
-2.24719,-1.16859,-1.5216,-2.5463,-3.2034,-0.253111,0.000705976,0.0479042,0.124945,0.115272,0.968352,0.425981,0.529509,0.952878,2.22233,2.09047,0.622141,1.41901,1.49505,2.51653,-0.879012,-1.06763,-0.156186,-0.0475096,-0.336318,-0.810643,-1.52592,-3.5365,-0.228539
-2.21769,-1.05379,-1.4575,-2.28866,-2.95659,-0.361166,-0.138543,-0.0669371,-0.0207077,-0.102823,1.27614,0.52069,0.553082,0.740363,2.25906,2.04553,0.445208,1.37127,1.36085,2.30767,-0.929205,-1.06136,-0.209644,-0.010376,-0.291328,-0.828475,-1.55025,-3.54365,-0.289177
-2.14142,-1.05334,-1.53315,-2.32404,-2.85203,-0.406096,-0.338462,-0.0724862,-0.183119,-0.455773,1.08541,0.430399,0.603747,0.755093,2.15657,1.98738,0.475718,1.38491,1.51666,2.41485,-0.863893,-1.06007,-0.217229,-0.0439624,-0.301004,-0.793869,-1.52744,-3.57229,-0.237147
-2.29318,-1.1973,-1.48568,-2.34367,-3.13745,-0.601651,-0.243127,-0.141969,-0.251719,-0.182509,1.12606,0.426863,0.561942,0.8096,2.21172,2.14198,0.461868,1.36739,1.26744,2.42632,-0.841978,-1.04466,-0.188771,0.0144163,-0.370304,-0.794959,-1.54911,-3.51414,-0.217952
-2.24844,-1.16376,-1.63851,-2.45834,-3.07291,-0.259236,-0.166381,-0.0103957,-0.106907,-0.160128,1.089,0.381919,0.706351,0.596992,2.18417,2.15256,0.656942,1.58226,1.72154,2.53444,-0.816289,-1.0182,-0.164925,0.0134239,-0.362372,-0.81265,-1.53028,-3.47718,-0.226494
-2.26017,-1.29867,-1.58069,-2.64182,-3.13601,-0.306046,0.0618706,0.061686,0.0810731,0.135188,1.17017,0.560311,0.669858,1.13616,2.12572,2.18822,0.712959,1.53795,1.83543,2.47259,-0.935293,-1.0742,-0.218838,-0.0129532,-0.286904,-0.83333,-1.52696,-3.52781,-0.258973
-2.33431,-1.25958,-1.52844,-2.49032,-3.23986,-0.259356,-0.101573,0.0640812,0.0166472,-0.217373,1.26184,0.540222,0.585119,0.896951,2.43986,1.83927,0.440022,1.23248,1.33735,2.4688,-0.868085,-1.07778,-0.175718,0.0177147,-0.341488,-0.791118,-1.47736,-3.50264,-0.242975
-2.42366,-1.20064,-1.59369,-2.56546,-2.9113,-0.33535,-0.232573,-0.029078,-0.0406342,-0.312352,1.31464,0.590596,0.70867,0.918126,2.24199,2.21424,0.633341,1.48982,1.68632,2.32616,-0.899391,-1.06072,-0.236081,-0.0187278,-0.321299,-0.797816,-1.50647,-3.51709,-0.235655
-2.00306,-0.900538,-1.24922,-2.11073,-2.50523,-0.495125,-0.322059,-0.231666,-0.293781,-0.560488,1.08464,0.33873,0.44797,0.763981,1.7764,1.88801,0.373183,1.2662,1.33323,2.11885,-0.899334,-1.07688,-0.164401,0.00438685,-0.307241,-0.757049,-1.47871,-3.41222,-0.190812
-2.46826,-1.49315,-1.57968,-2.61072,-3.32641,-0.174646,0.0489271,0.0484376,0.0752508,0.186641,1.23628,0.67416,0.661231,0.87924,2.21319,2.1932,0.787295,1.37229,1.71139,2.62084,-0.849577,-1.05399,-0.174235,0.0151279,-0.371299,-0.865203,-1.48791,-3.42094,-0.246709
-2.43733,-1.46342,-1.55677,-2.33376,-3.2499,-0.223128,-0.140964,-0.0191907,-0.192222,-0.0615061,1.06459,0.603137,0.522869,0.734109,2.28828,2.13331,0.742554,1.33321,1.49665,2.52252,-0.85953,-1.02506,-0.136589,-0.00719359,-0.36453,-0.850512,-1.54921,-3.49588,-0.233762
-2.23355,-1.17761,-1.53732,-2.4617,-3.08435,-0.368076,-0.223055,-0.0834725,-0.232248,-0.352452,1.2221,0.722803,0.719744,0.934109,2.46184,2.08158,0.583745,1.43656,1.58044,2.58783,-0.854131,-1.07692,-0.149064,0.0212877,-0.335665,-0.816559,-1.54561,-3.57267,-0.193535
-2.14093,-1.085,-1.47352,-2.30494,-2.8683,-0.219021,-0.12214,-0.00035185,-0.25579,-0.327227,1.00248,0.33427,0.469364,0.826703,2.10715,1.85148,0.437558,1.26689,1.47363,2.23722,-0.837353,-1.04093,-0.169704,-0.0108986,-0.304812,-0.749543,-1.52423,-3.44767,-0.224219
-2.51085,-1.44085,-1.65492,-2.65284,-3.53858,-0.265717,-0.0610027,0.12272,0.038189,-0.0561075,1.40532,0.69505,0.632926,0.993615,2.54502,2.22759,0.768616,1.39294,1.61815,2.90811,-0.905316,-1.07352,-0.170208,-2.12482e-06,-0.299423,-0.867166,-1.48725,-3.56435,-0.225064
-2.37174,-1.24342,-1.50303,-2.25864,-3.01998,-0.0542284,-0.0560534,-0.0467534,-0.0907043,-0.141672,1.17078,0.552797,0.660823,0.913981,2.12536,2.08582,0.479651,1.361,1.27509,2.33613,-0.899959,-1.05678,-0.171683,-0.00356923,-0.369793,-0.822138,-1.45878,-3.4443,-0.199031
-2.54777,-1.45024,-1.66555,-2.58939,-3.35398,-0.210958,-0.103263,-0.0254798,-0.0576524,0.017242,1.32619,0.656681,0.762598,0.848469,2.40669,2.30723,0.838517,1.6689,1.65144,2.71047,-0.85854,-1.05266,-0.189682,-0.00740052,-0.301379,-0.758086,-1.51322,-3.49725,-0.164989
-2.46634,-1.3346,-1.57914,-2.52812,-3.19985,-0.139577,-0.052744,0.0982857,0.112186,-0.176576,1.4482,0.822016,0.685891,0.942385,2.49109,2.1381,0.603039,1.36713,1.41984,2.48238,-0.850105,-1.01692,-0.146773,0.0434841,-0.314141,-0.725863,-1.56065,-3.49841,-0.17744
-2.64357,-1.43786,-1.50503,-2.4005,-3.28071,-0.102321,0.0391217,0.0308894,-0.264638,-0.0149362,1.2362,0.543503,0.512291,0.749161,2.26345,2.13637,0.590091,1.30425,1.45517,2.51197,-0.857893,-1.0496,-0.1592,0.0236259,-0.399488,-0.865427,-1.54391,-3.49657,-0.164695
-2.37668,-1.2216,-1.48566,-2.37071,-3.24433,-0.286009,-0.125999,0.070593,0.0217756,-0.143242,1.15121,0.505946,0.567937,0.868823,2.08618,2.20657,0.590254,1.34612,1.25875,2.65383,-0.832856,-0.988389,-0.22901,-0.062491,-0.330455,-0.833726,-1.47073,-3.43919,-0.251105
-2.57809,-1.34387,-1.5755,-2.66066,-3.20072,-0.145025,-0.0476711,-0.022228,-0.106072,-0.197944,1.41922,0.657977,0.51473,1.07821,2.27908,2.41657,0.789763,1.48453,1.88881,2.73307,-0.94037,-1.07726,-0.192443,0.0123694,-0.310199,-0.786052,-1.51964,-3.5063,-0.200152
-2.28747,-1.20995,-1.60107,-2.42679,-3.07845,-0.161687,0.0262158,0.122896,0.178234,-0.0854463,1.36145,0.757621,0.706205,0.948833,2.42339,1.99732,0.430939,1.42623,1.47969,2.29124,-0.932207,-1.04443,-0.195785,-0.0292299,-0.300878,-0.853145,-1.53185,-3.51782,-0.237824
-2.48393,-1.32636,-1.52442,-2.56922,-3.29286,-0.127064,0.0126881,-0.00101624,0.0631365,-0.0876075,1.1422,0.520856,0.519026,0.833862,2.43221,2.04622,0.51874,1.34158,1.56112,2.64398,-0.842814,-1.05628,-0.201714,-0.0680257,-0.295183,-0.819259,-1.51192,-3.51812,-0.223815
-2.26385,-1.27057,-1.55579,-2.6487,-3.0455,-0.0498911,0.0739748,0.112722,0.0620184,0.0474528,1.25365,0.466622,0.551421,1.00752,1.94531,1.87909,0.47362,1.26862,1.63305,2.1909,-0.874625,-1.07157,-0.160625,0.0418537,-0.315687,-0.797058,-1.52083,-3.50129,-0.214648
-2.48772,-1.26517,-1.43726,-2.47447,-3.02792,-0.311793,-0.148408,-0.157048,-0.120581,-0.309555,1.63199,0.715038,0.67559,1.08986,2.25075,2.39761,0.811724,1.39323,1.6854,2.64488,-0.896155,-1.00933,-0.179738,-0.00570598,-0.35157,-0.80627,-1.51202,-3.50889,-0.231987
-2.43103,-1.29051,-1.67283,-2.5487,-3.07256,-0.425923,-0.215834,-0.0220105,-0.0658761,-0.339826,1.28617,0.759323,0.76375,0.986018,2.37595,2.30737,0.612639,1.53618,1.63459,2.36095,-0.839931,-1.0443,-0.20129,-0.00498586,-0.317362,-0.792481,-1.50419,-3.49821,-0.205841
-2.67866,-1.36104,-1.61315,-2.57353,-3.48299,-0.0371979,-0.0716601,0.0617503,0.00897256,-0.021236,1.63062,0.710618,0.708222,0.89255,2.67045,2.48437,0.843948,1.47646,1.65816,2.93829,-0.875742,-1.0794,-0.122382,0.0214436,-0.32769,-0.828283,-1.53883,-3.551,-0.263319
-2.24443,-1.17455,-1.50387,-2.45184,-3.06921,-0.371462,-0.226864,0.0112114,-0.0432479,-0.171866,1.01942,0.527518,0.511199,0.901084,2.26005,2.00307,0.64947,1.3157,1.32976,2.48846,-0.870243,-1.04941,-0.195578,0.0256162,-0.324645,-0.826967,-1.55732,-3.52702,-0.237717
-2.44731,-1.32504,-1.68711,-2.63389,-3.13938,-0.184658,-0.167312,0.0587861,-0.00871269,-0.0175501,1.06794,0.519055,0.596175,0.936026,2.08417,2.21006,0.723505,1.43344,1.77524,2.43276,-0.836622,-1.05264,-0.156717,-0.0412901,-0.329028,-0.779856,-1.56157,-3.51494,-0.222039
-2.19821,-1.07664,-1.37112,-2.32394,-2.95729,-0.189212,-0.0432827,-0.0486671,0.130499,-0.0910848,1.2177,0.49959,0.51884,0.8406,2.2308,1.97958,0.477586,1.27433,1.38419,2.33955,-0.847781,-1.0088,-0.173893,-0.0421194,-0.322783,-0.813218,-1.51711,-3.50214,-0.296673
-2.19444,-1.2564,-1.47958,-2.42393,-3.16088,-0.317707,-0.108537,-0.0309017,-0.034306,-0.122383,1.18067,0.603955,0.521018,0.809909,2.30589,2.05867,0.695251,1.35869,1.5787,2.56417,-0.878833,-1.02045,-0.209842,0.0176858,-0.331738,-0.830175,-1.52978,-3.42129,-0.185163
-2.22351,-1.29834,-1.6903,-2.61631,-3.2284,-0.143055,0.0859705,0.22377,0.0420751,0.244212,0.811044,0.359001,0.561953,0.77853,2.10076,1.9372,0.471261,1.38219,1.63732,2.37979,-0.868409,-1.00859,-0.211353,-0.0333326,-0.31811,-0.83106,-1.57747,-3.58496,-0.231775
-2.11499,-1.11669,-1.40468,-2.5244,-3.07856,-0.337155,-0.145019,-0.0356989,-0.0176132,-0.0331397,1.04942,0.530485,0.544252,1.06948,2.34613,2.08432,0.541863,1.36536,1.73952,2.42437,-0.945381,-1.1037,-0.212387,-0.0562829,-0.298743,-0.82087,-1.52414,-3.52508,-0.258677
-2.32505,-1.23605,-1.42659,-2.44338,-3.07297,-0.288146,-0.141791,0.0114164,-0.0911018,-0.145803,1.17699,0.535952,0.500203,0.908184,2.2222,2.09756,0.564553,1.38635,1.43559,2.57402,-0.875791,-1.04757,-0.237062,-0.011235,-0.33037,-0.824744,-1.4989,-3.46041,-0.175083
-2.37629,-1.27712,-1.55446,-2.54049,-3.12185,-0.377494,-0.301485,-0.0501516,-0.0651332,-0.169341,1.2828,0.763592,0.614382,0.787311,2.27041,2.3769,0.85061,1.50934,1.5646,2.58453,-0.881191,-1.03463,-0.197691,0.0125181,-0.303416,-0.709412,-1.52886,-3.54801,-0.179626
-2.44172,-1.18759,-1.50487,-2.69973,-3.20579,-0.127317,-0.0848662,-0.0156176,0.268479,-0.163053,1.20383,0.503761,0.518428,0.743949,2.38581,1.92486,0.306477,1.25134,1.28597,2.44947,-0.869517,-1.0438,-0.214389,-0.0560533,-0.29142,-0.78108,-1.53666,-3.53459,-0.236182
-2.28859,-1.26477,-1.40483,-2.50775,-3.09084,-0.0673477,0.106483,0.0852453,0.163271,0.0407534,1.0838,0.479554,0.511551,0.649382,2.22422,2.02938,0.57201,1.16892,1.48182,2.44304,-0.932337,-1.08104,-0.189426,0.0391098,-0.367559,-0.852794,-1.50948,-3.5645,-0.232994
-2.32163,-1.07332,-1.49456,-2.38571,-3.11203,-0.323288,-0.207881,-0.0197524,-0.141463,-0.158602,1.42635,0.685513,0.670197,0.998449,2.4553,2.08687,0.423833,1.31322,1.47163,2.47981,-0.835611,-1.0077,-0.153643,0.0086685,-0.284278,-0.765126,-1.50872,-3.51338,-0.250323
-2.43246,-1.28531,-1.56388,-2.53487,-3.09166,-0.319044,-0.0893435,-0.0128162,0.0673639,-0.172187,1.2551,0.514061,0.581121,0.729276,2.20266,2.34035,0.680623,1.43119,1.61902,2.5775,-0.88337,-1.04014,-0.21519,-0.0061356,-0.357244,-0.763215,-1.5455,-3.54489,-0.240421
-2.17175,-1.11756,-1.42834,-2.46324,-2.89213,-0.165733,-0.0850316,0.0269123,0.00132723,-0.0387739,1.15944,0.589532,0.635511,1.13017,2.16529,1.88806,0.56512,1.37274,1.56009,2.29782,-0.926872,-1.00604,-0.220878,-0.0231952,-0.31663,-0.839501,-1.48647,-3.47147,-0.260306
-2.57086,-1.45414,-1.6498,-2.55439,-3.2288,-0.153876,0.0218789,0.0744192,0.132689,0.0222875,1.51412,0.778329,0.742875,0.99337,2.18999,2.24044,0.650529,1.48969,1.51281,2.37927,-0.839807,-1.02882,-0.164097,0.0381651,-0.310217,-0.834292,-1.50909,-3.43127,-0.247047
-2.33306,-1.34819,-1.64032,-2.72012,-3.24277,-0.183955,0.00323647,0.044651,0.0736625,-0.310948,1.05738,0.601225,0.556343,0.703636,2.40341,2.08894,0.578071,1.50504,1.6057,2.65685,-0.91548,-1.1386,-0.146805,0.0999879,-0.364639,-0.819606,-1.56763,-3.5766,-0.196974
-2.34029,-1.29745,-1.60364,-2.56634,-3.02811,-0.0348171,-0.0316754,0.0707945,-0.0367198,-0.114558,1.05818,0.653549,0.65234,0.800613,2.21923,2.19615,0.694524,1.4805,1.66042,2.4534,-0.898055,-1.06179,-0.185185,0.0383776,-0.303321,-0.756305,-1.54381,-3.46376,-0.207178
-2.66751,-1.37161,-1.60343,-2.5357,-3.17794,-0.0439116,0.00792595,0.148794,0.0764717,-0.102508,1.42478,0.593922,0.673515,1.22983,2.09865,2.31033,0.685371,1.43652,1.60271,2.58317,-0.874938,-1.00574,-0.181095,-0.0470417,-0.322021,-0.815567,-1.48636,-3.45217,-0.239201
-2.24796,-1.14047,-1.37396,-2.40308,-3.10695,0.00617459,0.0829871,-0.0343985,0.100842,-0.0444627,0.8997,0.253839,0.412499,0.671074,2.08933,1.81498,0.344513,1.24008,1.34032,2.40244,-0.894853,-1.02242,-0.136627,0.0144458,-0.319072,-0.794506,-1.52091,-3.52489,-0.248652
-2.48311,-1.41139,-1.75393,-2.5603,-3.27716,-0.172247,-0.0944403,0.0483325,-0.0541406,-0.12936,1.44096,0.718296,0.759819,1.04749,2.49172,2.25901,0.836486,1.68676,1.5292,2.69111,-0.865148,-1.09266,-0.165796,-0.0396642,-0.25116,-0.842804,-1.50582,-3.51022,-0.243572
-2.25328,-1.17324,-1.54281,-2.42908,-3.04117,-0.310031,-0.236996,-0.102801,-0.0520044,-0.13612,1.019,0.361099,0.572537,0.768173,1.98516,2.04958,0.553281,1.46891,1.45578,2.41774,-0.907232,-1.03407,-0.168893,-0.00708844,-0.35915,-0.816243,-1.53713,-3.55077,-0.22394
-2.2598,-1.11847,-1.48226,-2.31604,-3.0689,-0.272539,-0.116242,0.0494438,0.0656313,-0.125424,1.15231,0.514244,0.571762,0.79633,2.08811,1.86624,0.324298,1.23943,1.1018,2.31966,-0.882272,-1.06401,-0.222913,-0.0110928,-0.352236,-0.879305,-1.54927,-3.56657,-0.225956
-2.48197,-1.33038,-1.64493,-2.46894,-3.13635,-0.136111,0.0246399,0.0884951,0.0825954,-0.0534193,1.28839,0.626995,0.681076,0.861148,2.3532,2.21655,0.656691,1.48073,1.52751,2.51907,-0.850782,-1.00717,-0.160217,0.025834,-0.321648,-0.779481,-1.50177,-3.39754,-0.212203
-2.5114,-1.4093,-1.63391,-2.61181,-3.24684,-0.291389,-0.152742,0.0897768,0.0575208,-0.112383,1.27933,0.649736,0.565323,0.856767,2.27783,2.22403,0.722551,1.33922,1.57389,2.69043,-0.858011,-1.05684,-0.159707,0.0518362,-0.332663,-0.84468,-1.51041,-3.49132,-0.219958
-2.45653,-1.28533,-1.74423,-2.76183,-3.06082,-0.0742177,0.182509,0.219311,0.25983,0.0814386,1.19776,0.453974,0.718009,1.03186,2.07159,2.0915,0.443191,1.46423,1.56586,2.17515,-0.96265,-1.06425,-0.177011,0.0601423,-0.37782,-0.774936,-1.55538,-3.53183,-0.273996
-2.23332,-1.19734,-1.59052,-2.52493,-2.87244,-0.0275591,0.0519769,0.0352599,-0.0186519,0.062696,0.961954,0.331614,0.628366,0.979714,1.80151,2.04638,0.648433,1.52222,1.55779,2.20634,-0.836981,-1.05187,-0.134185,0.00932696,-0.314523,-0.788247,-1.52004,-3.45443,-0.221371
-2.31469,-1.14659,-1.37355,-2.44563,-3.02761,-0.011469,-0.0375667,0.044884,0.0772055,0.0306757,1.12449,0.481366,0.319336,0.78678,2.25512,1.8212,0.376936,1.12139,1.46591,2.3267,-0.854588,-1.0268,-0.173417,-0.000803105,-0.353861,-0.83588,-1.48494,-3.42953,-0.194569
-2.43333,-1.36556,-1.49072,-2.34104,-3.27355,-0.237493,-0.131281,-0.0367854,-0.0748402,-0.030695,1.40602,0.682916,0.591657,0.84156,2.34553,2.21807,0.811933,1.40903,1.4027,2.69619,-0.848341,-1.05214,-0.196267,-0.0273122,-0.327996,-0.837833,-1.51947,-3.50486,-0.209257
-2.30369,-1.32033,-1.51734,-2.44383,-3.19463,-0.0815246,0.172192,0.0894694,0.154145,0.0951882,1.09834,0.501012,0.51874,0.884404,2.10649,1.99142,0.571145,1.32523,1.39214,2.4017,-0.868222,-1.00559,-0.159279,0.0082679,-0.242048,-0.716754,-1.51273,-3.4668,-0.229024
-2.34378,-1.31965,-1.55737,-2.48884,-3.19918,-0.135041,0.0728138,0.0667366,0.111141,0.136151,1.00387,0.393107,0.536995,0.638384,2.07368,2.04268,0.707826,1.40568,1.48,2.5241,-0.849801,-1.02637,-0.186095,-0.0147827,-0.293007,-0.77588,-1.48969,-3.46836,-0.230464
-2.23281,-1.17345,-1.47593,-2.46543,-2.95121,-0.205936,-0.0642134,0.00274276,0.178771,-0.127894,1.02656,0.403178,0.49305,0.682074,1.95367,2.01871,0.461511,1.29107,1.49776,2.24746,-0.917816,-1.00278,-0.171164,0.038802,-0.354567,-0.777699,-1.46148,-3.38917,-0.191659
-2.27686,-1.28644,-1.59236,-2.33765,-3.12865,-0.0788921,0.0610852,0.176134,0.0769966,-0.120482,1.04682,0.470298,0.54493,0.759387,2.18016,1.84785,0.437421,1.33411,1.22322,2.34847,-0.817933,-1.01128,-0.114066,0.0331432,-0.317169,-0.822016,-1.48403,-3.46216,-0.21867
-2.25382,-1.2554,-1.57758,-2.58731,-3.0781,-0.287736,-0.12513,0.0264537,-0.138713,0.0572779,0.969341,0.462224,0.612821,1.00668,1.94751,2.29179,0.883179,1.54606,1.85282,2.58074,-0.869461,-1.0279,-0.182098,0.00646743,-0.328082,-0.786128,-1.49408,-3.41694,-0.222616
-2.30577,-1.3218,-1.53995,-2.53408,-3.21416,-0.197137,0.0883517,0.101021,0.0962619,0.000424419,1.22712,0.624997,0.589828,0.79128,2.26535,2.01592,0.626414,1.30428,1.60285,2.72663,-0.834128,-1.04631,-0.190158,-0.0051309,-0.327665,-0.819166,-1.49882,-3.52253,-0.225058
-2.44798,-1.39528,-1.66665,-2.7756,-3.1772,-0.129331,0.130982,0.120758,0.0612172,0.0830524,1.15786,0.578169,0.705464,1.03191,2.24112,2.02391,0.479151,1.37683,1.66347,2.25798,-0.826317,-1.08833,-0.160009,-0.00607054,-0.306175,-0.848589,-1.52484,-3.49423,-0.183193
-2.27639,-1.28459,-1.61423,-2.46531,-3.03124,-0.280427,-0.0286325,0.0882743,0.157681,-0.0555994,1.19989,0.594072,0.687777,0.847203,2.21875,1.98528,0.523677,1.45178,1.46979,2.32937,-0.824787,-1.05889,-0.12358,0.0638947,-0.373283,-0.815587,-1.5516,-3.45683,-0.183658
-2.5245,-1.32146,-1.53733,-2.49977,-3.33351,-0.287674,-0.182867,-0.0376575,-0.237375,-0.144413,1.24265,0.497343,0.387016,0.753228,2.27262,2.14129,0.57959,1.43235,1.48295,2.65175,-0.866504,-1.05487,-0.158848,0.0181976,-0.353535,-0.841179,-1.50924,-3.51142,-0.188177
-2.44072,-1.46042,-1.60919,-2.62604,-3.10942,-0.379294,-0.119967,-0.0837079,-0.022758,-0.324288,1.25454,0.726917,0.583715,0.772638,2.32781,2.15546,0.758285,1.48299,1.57589,2.49474,-0.843231,-1.02252,-0.17274,0.0179319,-0.35936,-0.774074,-1.53555,-3.50026,-0.159881
-2.01088,-1.07509,-1.38157,-2.31958,-2.86211,-0.342869,-0.128688,-0.061716,-0.129174,-0.0830348,0.982832,0.365043,0.504252,0.800361,2.00194,1.9627,0.555413,1.30533,1.28365,2.29585,-0.869937,-1.06265,-0.17016,0.0208939,-0.29695,-0.751503,-1.50606,-3.43724,-0.21157
-2.5788,-1.48269,-1.61296,-2.68641,-3.12236,-0.257276,-0.0351446,0.0997859,0.0904739,-0.0734709,1.4737,0.819321,0.664749,1.08277,2.30868,2.34689,0.895123,1.46197,1.55382,2.5184,-0.929546,-1.03987,-0.205416,0.038843,-0.346726,-0.766398,-1.49962,-3.4715,-0.207387
-2.29202,-1.21266,-1.50651,-2.43166,-3.06562,-0.0639606,0.0825256,0.0151308,0.049404,-0.212118,1.17374,0.506988,0.644113,0.792105,2.14852,2.13676,0.531809,1.38925,1.46242,2.52945,-0.927517,-1.06306,-0.130877,0.00882337,-0.32207,-0.830523,-1.5171,-3.52025,-0.227008
-2.09986,-1.23435,-1.38121,-2.26841,-3.19964,-0.152211,0.103364,0.0403225,-0.142438,0.0681258,1.02914,0.495613,0.460579,0.835353,2.37693,1.78317,0.466399,1.17462,1.36135,2.41262,-0.849286,-1.02756,-0.197021,-0.058923,-0.340724,-0.814857,-1.49725,-3.50409,-0.213938
-2.50253,-1.50448,-1.71063,-2.40526,-3.29032,-0.0996152,0.136258,0.121979,-0.0190979,0.0143725,1.09142,0.486764,0.658971,0.768665,2.08479,2.16871,0.646103,1.49266,1.47475,2.50218,-0.857386,-1.08183,-0.206028,-0.0778627,-0.385362,-0.851486,-1.5453,-3.5289,-0.225711
-2.3453,-1.14383,-1.45423,-2.47459,-3.10041,0.0683207,0.126107,0.17412,0.242994,0.057241,1.01432,0.496092,0.529377,0.698658,2.16749,1.90384,0.28162,1.18545,1.32668,2.37314,-0.86838,-1.02243,-0.164005,-0.0286773,-0.323448,-0.781974,-1.53269,-3.50911,-0.223738
-2.04835,-1.10661,-1.51889,-2.43859,-3.03903,-0.24859,-0.124719,0.0745765,0.14839,-0.16601,0.967146,0.43994,0.493647,0.812169,2.08928,1.84854,0.62671,1.33469,1.36842,2.52366,-0.82577,-1.00658,-0.129733,-0.00353515,-0.316472,-0.806351,-1.52582,-3.54284,-0.217158
-2.49985,-1.39662,-1.63151,-2.58703,-3.31255,-0.335409,-0.163787,0.00619909,-0.165267,-0.200307,1.45322,0.798868,0.803285,1.16443,2.56914,2.37305,0.828566,1.47173,1.73949,2.83257,-0.8878,-1.08242,-0.217486,-0.00672829,-0.387534,-0.876453,-1.49973,-3.52048,-0.178375
-2.25509,-1.19763,-1.48018,-2.41205,-3.36686,-0.492571,-0.202048,-0.0699355,-0.197848,-0.245215,1.11654,0.55603,0.554669,0.732329,2.66208,1.99864,0.425492,1.30875,1.38612,2.57095,-0.871037,-1.06476,-0.165441,0.0239476,-0.314476,-0.803654,-1.55262,-3.54655,-0.215962
-2.32386,-1.47708,-1.59745,-2.63236,-3.33272,-0.368032,-0.0596773,-0.0082261,-0.0643421,-0.0574719,1.12543,0.598724,0.546907,0.970819,2.26785,2.14663,0.654129,1.38544,1.63718,2.51642,-0.912241,-1.06282,-0.17849,-0.0175432,-0.325345,-0.829677,-1.50333,-3.48183,-0.204107
-2.44706,-1.27207,-1.64706,-2.55722,-3.07875,-0.066054,0.046537,0.0180504,0.0769039,-0.080235,1.39677,0.619579,0.759831,1.06427,2.44558,1.89116,0.31394,1.42138,1.35346,2.06488,-0.975117,-1.11573,-0.164118,0.031053,-0.337299,-0.757769,-1.525,-3.51054,-0.222241
-2.51238,-1.37468,-1.61516,-2.42074,-3.2495,-0.0566278,-0.0396563,0.0433995,0.0252176,-0.13504,1.08421,0.502213,0.588,0.8719,2.27724,2.11371,0.649865,1.50093,1.47863,2.5447,-0.809982,-1.03953,-0.191759,0.0350357,-0.36751,-0.816785,-1.5488,-3.48501,-0.226392
-2.55057,-1.26837,-1.54537,-2.60092,-3.04077,-0.00935058,0.00801446,0.155988,0.233043,0.0167968,1.31588,0.632239,0.668291,0.965773,2.3166,2.1098,0.54095,1.3185,1.48324,2.30915,-0.915568,-1.10579,-0.182162,0.0182552,-0.35218,-0.826557,-1.48889,-3.46957,-0.247172
-2.44944,-1.3179,-1.49514,-2.57239,-3.11572,-0.266975,-0.0030524,0.0357299,-0.0440144,-0.0947976,1.31443,0.486901,0.476229,1.04177,2.23877,2.02872,0.589662,1.2538,1.64552,2.40601,-0.871617,-1.03491,-0.162732,0.0230568,-0.37602,-0.831435,-1.52992,-3.47016,-0.2446
-2.24197,-1.28935,-1.41984,-2.42215,-3.06843,-0.120614,0.0254605,-0.0237292,0.0153854,-0.143319,1.01588,0.651361,0.540244,0.78738,2.20275,1.96589,0.681025,1.31559,1.37963,2.46194,-0.859764,-1.04825,-0.163403,0.00887793,-0.296358,-0.825073,-1.49729,-3.45384,-0.213625
-2.48024,-1.26724,-1.57061,-2.44271,-3.24577,-0.0849381,-0.1085,-0.024483,-0.272779,0.0108296,1.12473,0.540653,0.573992,0.891775,2.2399,2.17936,0.735891,1.42797,1.63198,2.76012,-0.94753,-1.06101,-0.244062,0.0301107,-0.310262,-0.817858,-1.52501,-3.50962,-0.257715
-2.43126,-1.41586,-1.73021,-2.67631,-3.14135,-0.38688,-0.183622,-0.0469634,-0.186912,-0.241612,1.45456,0.853888,0.793679,1.24891,2.4943,2.21872,0.640988,1.52028,1.70226,2.53311,-0.9594,-1.05787,-0.161294,0.0489971,-0.37674,-0.848456,-1.53718,-3.52857,-0.222515
-2.53239,-1.53657,-1.60015,-2.71403,-3.38957,-0.0368092,0.167278,0.0681217,0.221935,0.10596,1.34407,0.709251,0.609126,0.987325,2.51646,2.2192,0.823234,1.44336,1.5932,2.76246,-0.847416,-1.01782,-0.17301,-0.0210841,-0.310067,-0.757013,-1.52217,-3.43639,-0.202694
-2.39622,-1.28482,-1.49251,-2.55448,-3.2109,-0.051945,0.0366758,0.100164,-0.0208365,-0.0945835,1.12629,0.450394,0.467368,0.935667,2.37341,2.13737,0.527496,1.36651,1.57211,2.53003,-0.872343,-1.0495,-0.163071,0.0449542,-0.293863,-0.795496,-1.50451,-3.47325,-0.211445
-2.40284,-1.54919,-1.75779,-2.85659,-3.36211,-0.126159,0.0483279,0.0708127,0.215635,-0.149556,1.21815,0.752947,0.803169,1.06074,2.27604,2.07872,0.862793,1.55524,1.73391,2.79069,-0.884498,-1.06475,-0.158153,0.0374473,-0.329649,-0.797929,-1.51885,-3.41158,-0.17305
-2.3025,-1.18851,-1.65775,-2.46923,-3.28781,-0.17877,-0.0654913,0.0908606,-0.0242202,-0.160566,1.03741,0.429832,0.623708,0.795302,2.36111,2.02646,0.493266,1.50761,1.54502,2.61751,-0.849882,-1.01105,-0.148232,0.0410005,-0.342643,-0.827537,-1.52498,-3.53104,-0.190425
-2.40657,-1.35169,-1.52419,-2.55343,-3.30487,-0.103656,0.11377,0.0439895,0.102479,0.0501477,1.2996,0.605989,0.526303,0.808001,2.35843,2.27421,0.809614,1.47242,1.63751,2.7292,-0.901727,-1.03897,-0.199757,0.00123513,-0.303972,-0.830068,-1.50585,-3.54191,-0.246349
-2.36394,-1.22437,-1.49285,-2.60118,-3.20224,-0.336458,-0.186402,-0.0782022,-0.117681,-0.0251448,1.25121,0.482181,0.686189,0.963199,2.24858,2.2895,0.750048,1.44455,1.79831,2.63033,-0.922945,-1.06306,-0.244204,-0.0295148,-0.371827,-0.838182,-1.50156,-3.46961,-0.265287
-2.3023,-1.29667,-1.5385,-2.40703,-3.1742,-0.26029,-0.0588932,0.115166,0.113521,-0.00817036,1.09896,0.449297,0.554038,0.881495,2.16662,2.00053,0.594698,1.28178,1.31294,2.44425,-0.876098,-1.08338,-0.152554,-0.0322103,-0.363476,-0.825514,-1.54968,-3.56087,-0.200816
-2.24799,-1.19169,-1.55676,-2.40527,-2.92795,-0.195658,-0.0988051,0.0673034,-0.0331422,-0.131986,0.886552,0.4048,0.463211,0.626572,1.79382,1.9113,0.470628,1.24771,1.3874,2.14465,-0.830326,-0.996524,-0.162511,0.0128746,-0.328718,-0.817826,-1.52816,-3.47091,-0.199459
-2.35927,-1.2875,-1.61345,-2.66924,-3.32013,-0.319483,-0.169545,-0.152931,-0.174977,-0.057987,1.3332,0.577324,0.747605,1.23464,2.32373,2.23502,0.629361,1.56777,1.90298,2.67462,-0.838797,-1.01666,-0.185465,-0.014118,-0.360342,-0.835736,-1.51461,-3.48582,-0.193707
-2.41851,-1.32824,-1.60488,-2.56651,-3.08571,-0.160651,-0.0763112,0.0449317,-0.160967,-0.232399,1.43514,0.809186,0.742201,1.37334,2.32031,2.19956,0.665415,1.52214,1.70009,2.4816,-0.834736,-1.0232,-0.156334,0.0062859,-0.298968,-0.828265,-1.50193,-3.46173,-0.251942
-2.39832,-1.22574,-1.51035,-2.40825,-3.2837,-0.206595,-0.129754,0.0661081,0.00773025,-0.249177,1.14477,0.474795,0.512156,0.81425,2.2905,2.12306,0.592237,1.25652,1.44378,2.61704,-0.916432,-1.05767,-0.155875,0.0794291,-0.320678,-0.792876,-1.56207,-3.53371,-0.198814
-2.31609,-1.10388,-1.48169,-2.31621,-2.9507,0.0568361,0.0281733,0.215501,0.108313,-0.0706019,1.19731,0.454955,0.638478,0.848625,1.98778,2.14417,0.54083,1.38768,1.38002,2.44935,-0.943605,-1.06454,-0.188699,-0.00185494,-0.297064,-0.862503,-1.48616,-3.43942,-0.272524
-2.34856,-1.31808,-1.55558,-2.48235,-3.08761,-0.211849,-0.0772345,0.0961256,0.152939,-0.149707,1.30039,0.680274,0.648623,0.736783,2.13768,2.10732,0.626869,1.28252,1.28961,2.29407,-0.812219,-1.01036,-0.194326,0.00724849,-0.321687,-0.816113,-1.49654,-3.45159,-0.21695
-2.46025,-1.39977,-1.53147,-2.55227,-3.162,-0.220631,0.028987,0.0820056,0.173139,-0.00185683,1.38932,0.640525,0.642889,0.997099,2.32929,2.12421,0.598347,1.28219,1.42323,2.40417,-0.868876,-1.02886,-0.178939,-0.0398054,-0.32646,-0.780554,-1.52276,-3.50968,-0.21922
-2.59913,-1.46627,-1.68507,-2.6922,-3.55849,-0.00341583,0.0957985,0.173262,0.134021,0.10062,1.43584,0.731494,0.675003,1.02378,2.57353,2.14425,0.633355,1.41106,1.51213,2.83541,-0.921857,-1.05981,-0.171522,0.0172439,-0.360215,-0.809573,-1.55579,-3.55023,-0.251548
-2.26807,-1.15176,-1.48016,-2.47176,-3.14815,-0.106752,-0.00936313,0.131859,0.161676,-0.0218138,1.18343,0.480696,0.489239,0.902839,2.2439,1.94512,0.422897,1.35334,1.47313,2.43742,-0.84755,-1.05283,-0.154061,-0.0258385,-0.326693,-0.883577,-1.54385,-3.55918,-0.238581
-2.36448,-1.24421,-1.56996,-2.49149,-3.08401,-0.232409,-0.150787,0.0939392,0.0430693,-0.29247,1.17503,0.570105,0.509377,0.72041,2.16585,2.10969,0.628351,1.34329,1.51231,2.60913,-0.861704,-1.02609,-0.157223,0.00934467,-0.381604,-0.843925,-1.52379,-3.46507,-0.233072
-2.13489,-1.22695,-1.46244,-2.37325,-3.04466,-0.216798,0.0597595,0.0388579,0.092693,0.0711765,1.10208,0.468069,0.506152,0.91714,2.00051,2.12882,0.623984,1.3985,1.54631,2.31025,-0.890813,-1.02534,-0.128026,0.0311845,-0.330634,-0.81705,-1.50233,-3.50125,-0.209943
-2.22841,-1.16957,-1.51532,-2.45297,-2.80414,-0.338197,-0.187862,-0.0503625,-0.0383057,-0.249657,1.16484,0.57088,0.693076,1.02112,2.0903,2.05644,0.663771,1.42922,1.4651,2.37414,-0.891603,-1.06197,-0.146578,0.0456178,-0.310639,-0.829215,-1.54712,-3.50857,-0.220545
-2.22435,-1.03898,-1.48873,-2.28769,-2.89996,-0.0503788,-0.0881432,0.0852031,0.0070793,-0.0283694,1.30684,0.567064,0.609729,0.837123,2.20087,1.85559,0.41293,1.27985,1.25205,2.28577,-0.839545,-1.03837,-0.173757,-0.00262268,-0.362159,-0.815148,-1.5233,-3.49632,-0.217552
-2.63518,-1.40991,-1.6268,-2.67619,-3.14169,0.0108113,0.0399202,0.0911515,0.0510826,-0.0787957,1.32105,0.428587,0.470927,0.928179,1.8507,2.44703,0.836585,1.47352,1.88577,2.68273,-0.906426,-1.08003,-0.155468,0.0408172,-0.343071,-0.854188,-1.53597,-3.54598,-0.240237
-2.41405,-1.29021,-1.55035,-2.65357,-3.08306,-0.195388,-0.227188,-0.016919,-0.0735869,-0.333317,1.20241,0.623009,0.627928,1.04882,2.34215,2.27882,0.86876,1.47005,1.89957,2.69488,-0.848772,-1.04929,-0.169894,0.00206362,-0.348643,-0.796504,-1.49297,-3.47996,-0.181345
-2.19963,-1.27358,-1.61108,-2.56669,-2.86967,-0.321876,-0.230804,0.094994,-0.0227741,-0.312149,1.00695,0.478404,0.588922,0.926523,1.95532,2.02351,0.636532,1.3961,1.63662,2.05087,-0.821284,-1.02066,-0.119657,0.0107537,-0.362282,-0.774016,-1.48164,-3.46233,-0.233284
-2.35097,-1.29395,-1.39386,-2.45658,-3.25042,-0.100526,0.0423064,0.0046785,0.110375,0.0615245,1.1993,0.722142,0.568863,0.865508,2.30846,2.0463,0.590924,1.30291,1.59195,2.54374,-0.870432,-1.04687,-0.168405,-0.00947611,-0.283874,-0.827772,-1.48169,-3.44952,-0.219907
-2.3539,-1.2975,-1.55456,-2.43215,-3.12365,-0.103436,-0.0137283,0.112122,0.151911,0.0309458,1.10018,0.544351,0.547923,0.865219,2.11216,2.17654,0.684986,1.4587,1.70382,2.38089,-0.90255,-0.995927,-0.217945,0.00364259,-0.301977,-0.825289,-1.47385,-3.38103,-0.266029
-2.16229,-1.07402,-1.39185,-2.14643,-3.0708,-0.269957,-0.188988,-0.0679926,-0.0247094,-0.237455,1.08946,0.459446,0.494821,0.669337,2.26149,1.90975,0.437721,1.34735,1.08862,2.52928,-0.886425,-1.04369,-0.201318,0.0209979,-0.310624,-0.809771,-1.42788,-3.39473,-0.239763
-2.46784,-1.40582,-1.55258,-2.69229,-3.33907,-0.0518954,-0.00309819,0.0312893,-0.151543,-0.1097,0.97146,0.443837,0.446257,0.834543,2.2987,2.16719,0.656772,1.28574,1.56164,2.67911,-0.80257,-1.03218,-0.13261,0.1202,-0.329062,-0.758953,-1.53812,-3.44658,-0.197992
-2.1639,-1.12209,-1.52875,-2.34153,-3.02911,-0.213408,-0.0597306,0.063168,-0.0619111,-0.0942477,1.07392,0.384146,0.575947,0.755818,2.27318,1.94777,0.395643,1.3608,1.39703,2.29141,-0.87892,-1.03594,-0.174944,-0.0441552,-0.367555,-0.78348,-1.52773,-3.52004,-0.226824
-2.57701,-1.57554,-1.7924,-2.84418,-3.48502,-0.185344,0.0485382,0.125912,0.23664,0.0895544,1.39877,0.776674,0.738378,1.12048,2.43899,2.22449,0.652842,1.52801,1.49963,2.66193,-0.852837,-1.10222,-0.151166,0.0433114,-0.310133,-0.863763,-1.56283,-3.50371,-0.192756
-2.28454,-1.25366,-1.48182,-2.4066,-3.36027,-0.248804,-0.0215163,-0.132957,-0.141117,-0.0352228,1.22964,0.61811,0.650681,0.728467,2.50209,2.05991,0.53289,1.34526,1.56363,2.5679,-0.887433,-1.09364,-0.116849,-0.0109756,-0.347588,-0.834662,-1.52024,-3.55258,-0.234972
-2.73652,-1.5169,-1.67097,-2.84091,-3.44757,-0.094825,0.130148,0.117268,0.113519,0.193715,1.51693,0.691011,0.659403,1.01184,2.33382,2.19779,0.55052,1.41257,1.53536,2.52065,-0.892838,-1.10464,-0.168485,0.0300004,-0.377905,-0.836445,-1.59713,-3.55138,-0.195837
-2.35901,-1.15818,-1.54335,-2.36631,-2.93784,-0.228084,-0.0565947,0.0848822,-0.0251745,-0.0581792,1.14404,0.350248,0.538654,0.743329,1.94944,2.14429,0.606011,1.36029,1.4739,2.31628,-0.904666,-1.04894,-0.175476,0.00552777,-0.32929,-0.817816,-1.53819,-3.43917,-0.255829
-2.08824,-1.07898,-1.50588,-2.37601,-2.88638,-0.248432,-0.178502,0.0645378,0.0152155,-0.115456,0.973855,0.551696,0.594142,0.736735,1.96603,1.8682,0.50559,1.33042,1.45789,2.30145,-0.892719,-1.09443,-0.135956,0.00346583,-0.295566,-0.710931,-1.5447,-3.50952,-0.186945
-2.1254,-1.09154,-1.52895,-2.2483,-3.12739,-0.218262,-0.0690827,0.0759712,0.0693266,-0.117069,0.963426,0.434832,0.594955,0.696453,2.26003,1.94055,0.455116,1.3347,1.23855,2.61621,-0.908626,-1.02103,-0.183721,0.0320458,-0.285766,-0.820913,-1.50864,-3.4557,-0.241469
-2.48224,-1.44426,-1.63517,-2.75019,-3.23242,0.121035,0.321245,0.28032,0.299068,0.161071,1.22386,0.622077,0.590734,0.937917,2.39828,1.97656,0.450871,1.21327,1.49342,2.28698,-0.84642,-1.01944,-0.225071,-0.037557,-0.312893,-0.712897,-1.50154,-3.45556,-0.201686
-2.42506,-1.43212,-1.70477,-2.73999,-3.43405,-0.129826,-0.062423,0.067796,0.08177,-0.168402,1.15531,0.565492,0.562526,0.897567,2.44885,2.25351,0.839044,1.57094,1.72706,2.86646,-0.91295,-1.04367,-0.213517,0.0752174,-0.319191,-0.723555,-1.51511,-3.51092,-0.197286
-2.37909,-1.40064,-1.71643,-2.6686,-3.55998,-0.0340216,0.0616051,0.174287,0.223296,0.182716,1.06333,0.765337,0.663795,0.926501,2.64018,2.00754,0.73345,1.43952,1.54172,2.80499,-0.888463,-1.06743,-0.135024,0.0206697,-0.317094,-0.79978,-1.52458,-3.51714,-0.21675
-2.38678,-1.38687,-1.57346,-2.59678,-3.2249,-0.176496,-0.0126082,0.0830519,0.0824078,-0.124529,1.11082,0.675399,0.516908,0.859844,2.44444,2.04515,0.638061,1.28293,1.37746,2.58207,-0.966831,-1.10444,-0.191285,0.00987489,-0.35472,-0.761218,-1.57397,-3.54463,-0.210665
-2.22105,-1.08051,-1.49571,-2.31133,-2.85418,-0.0109593,-0.0308255,0.00652939,0.0284398,-0.0544495,1.15744,0.647278,0.638261,0.712562,2.1229,1.88622,0.352629,1.21641,1.37968,2.12092,-0.828951,-1.02948,-0.163671,-0.041889,-0.255993,-0.820318,-1.52288,-3.49579,-0.279987
-2.20025,-1.24072,-1.58596,-2.71541,-3.06077,-0.0798202,0.0405551,0.112631,0.223133,-0.116089,1.11077,0.548314,0.505783,0.870097,2.31447,1.89803,0.523569,1.48062,1.53692,2.45491,-0.836529,-1.05551,-0.172473,0.00357283,-0.350999,-0.848113,-1.51417,-3.57419,-0.222682
-2.38921,-1.16276,-1.49125,-2.5008,-3.08979,-0.392817,-0.311625,-0.076831,-0.043105,-0.29835,1.37615,0.57894,0.596912,0.917698,2.17452,2.05567,0.486258,1.32529,1.37695,2.3527,-0.849117,-1.04552,-0.144988,0.00119318,-0.336822,-0.824381,-1.50589,-3.48525,-0.208124
-2.31038,-1.41572,-1.58868,-2.68333,-3.48064,-0.215451,-0.0665906,-0.0253965,0.00726923,-0.0278613,0.85659,0.431882,0.625125,0.875614,1.97246,2.06547,0.683434,1.41912,1.58277,2.74962,-0.910019,-1.09692,-0.144466,0.0400866,-0.295572,-0.81124,-1.51868,-3.48572,-0.21816
-2.14267,-1.06716,-1.52759,-2.31985,-3.27633,-0.245186,-0.113668,0.0810117,-0.10381,-0.0411562,1.0473,0.405629,0.651252,0.838929,2.36196,1.90748,0.428287,1.33706,1.35659,2.62837,-0.860633,-1.04369,-0.158066,-0.00648239,-0.366915,-0.841799,-1.50936,-3.49954,-0.211386
-2.65774,-1.47499,-1.68848,-2.51265,-3.43194,-0.224017,-0.0889298,-0.00909887,-0.212177,-0.185339,1.52808,0.676228,0.74011,1.04471,2.49836,2.44513,0.771754,1.51663,1.56642,2.72553,-0.814215,-1.01912,-0.0837394,0.0398711,-0.347471,-0.818409,-1.50717,-3.51312,-0.209888
-2.37387,-1.31933,-1.43221,-2.48886,-3.32198,-0.169867,-0.0327472,-0.093816,-0.152681,-0.110536,1.35016,0.665862,0.558159,1.05283,2.6045,2.16627,0.616021,1.42398,1.7644,2.67094,-0.875119,-1.03058,-0.205988,-0.0261266,-0.336223,-0.852404,-1.49396,-3.47856,-0.243821
-2.43532,-1.37168,-1.57629,-2.53731,-3.19258,-0.227598,0.0187604,0.0540732,-0.07053,-0.015831,1.06188,0.463341,0.408229,0.778401,2.06441,2.10035,0.580272,1.33097,1.45031,2.40821,-0.842985,-1.05747,-0.158539,-0.0103128,-0.349318,-0.832904,-1.61442,-3.5612,-0.212463
-2.4574,-1.31617,-1.73738,-2.56556,-2.96852,0.136314,0.140855,0.163115,0.0753601,-0.019648,1.19681,0.54831,0.676412,0.844414,2.19366,1.95271,0.52826,1.48499,1.47808,2.17601,-0.903825,-1.04684,-0.14906,0.0572635,-0.311599,-0.776252,-1.58382,-3.56794,-0.213741
-2.36637,-1.30341,-1.55366,-2.57739,-3.22973,-0.422051,-0.265578,-0.0646013,-0.173181,-0.315656,1.08101,0.630248,0.529595,0.819712,2.38051,2.24016,0.589787,1.37633,1.61175,2.50897,-0.899844,-1.07694,-0.143353,0.0518946,-0.324855,-0.795112,-1.59139,-3.54284,-0.19491
-2.59962,-1.48989,-1.69386,-2.74123,-3.29803,-0.0384252,0.0825684,0.100766,0.182509,0.0261592,1.27559,0.546577,0.655866,0.848845,2.26441,2.26501,0.639886,1.38083,1.58184,2.55091,-0.910621,-1.09565,-0.175195,0.0401929,-0.316327,-0.825995,-1.54776,-3.52188,-0.177625
-2.23399,-1.24043,-1.54192,-2.56327,-3.22471,-0.157054,-0.0918404,-0.0321226,0.0205657,0.0432771,1.0503,0.527039,0.620567,1.01279,2.2456,2.03848,0.702936,1.41234,1.64171,2.62984,-0.904832,-1.0579,-0.142503,0.011253,-0.352317,-0.78919,-1.55219,-3.56322,-0.238884
-2.27643,-1.19263,-1.53161,-2.45633,-3.01529,-0.202812,-0.143994,-0.0200364,-0.184125,-0.128721,1.16795,0.49293,0.626645,0.958394,2.10139,2.18864,0.593092,1.50995,1.71378,2.48089,-0.861634,-1.06772,-0.193789,-0.0212096,-0.314702,-0.796835,-1.54288,-3.4442,-0.238089
-2.32972,-1.35652,-1.58852,-2.68852,-3.18497,-0.19143,0.0715052,0.0458619,0.152298,0.0645188,1.15776,0.63273,0.656972,0.936681,2.3755,1.97528,0.444901,1.29482,1.6188,2.30724,-0.862229,-1.05899,-0.150695,-0.000889561,-0.276957,-0.779647,-1.55678,-3.50446,-0.20522
-2.78949,-1.66824,-1.85031,-2.73841,-3.36743,-0.0173896,0.0626912,0.0616765,-0.0272853,-0.0563462,1.50808,0.839548,0.820744,1.01412,2.4206,2.38639,0.951104,1.65894,1.84995,2.65191,-0.90373,-1.05263,-0.179951,0.00881749,-0.341855,-0.820582,-1.56013,-3.55097,-0.207
-2.10298,-1.14751,-1.52908,-2.47897,-2.90364,-0.285539,-0.0526702,0.0835919,-0.0275912,-0.24461,0.859106,0.349264,0.617147,0.798484,1.86801,2.00634,0.574522,1.41393,1.70333,2.43369,-0.87481,-1.00441,-0.172326,-0.00587943,-0.350844,-0.827618,-1.4737,-3.46479,-0.160295
-2.25387,-1.18368,-1.53024,-2.47027,-3.00543,-0.332962,-0.256208,-0.0266787,-0.171854,-0.26216,1.18717,0.614946,0.67883,0.89576,2.29702,2.07553,0.640591,1.37524,1.5145,2.45898,-0.837676,-1.02534,-0.153172,0.0325064,-0.28331,-0.767136,-1.48326,-3.40595,-0.230712
-2.1438,-0.960712,-1.56263,-2.32567,-2.62232,-0.102343,-0.00306053,0.00642313,-0.0960493,-0.149524,1.05645,0.387216,0.688824,0.801886,1.8613,1.78816,0.235283,1.36862,1.40263,1.94147,-0.845356,-1.0139,-0.183404,-0.00236433,-0.299063,-0.759188,-1.52734,-3.46946,-0.213603
-2.39479,-1.23316,-1.48586,-2.42511,-2.99976,-0.292344,-0.127263,-0.111141,-0.0215658,-0.0920081,1.38459,0.576539,0.633858,0.98183,2.08272,2.18687,0.663303,1.42396,1.43408,2.48081,-0.87598,-1.02485,-0.196927,0.00319982,-0.316422,-0.77375,-1.50654,-3.4034,-0.224816
-2.43729,-1.34842,-1.6403,-2.64035,-3.0857,-0.132231,0.000894881,0.0782466,0.0259424,-0.11146,1.21885,0.625927,0.651099,0.877274,2.12215,1.99042,0.527211,1.32382,1.53322,2.3667,-0.886733,-1.00346,-0.157411,0.0596413,-0.301179,-0.765178,-1.51654,-3.44332,-0.22633
-2.51223,-1.26375,-1.6259,-2.55203,-3.20944,-0.0961761,-0.0169535,0.0922597,-0.0336578,-0.115117,1.23565,0.355288,0.555288,0.901703,2.27881,2.21503,0.523838,1.38932,1.58268,2.47693,-0.857905,-1.03236,-0.162859,0.0340906,-0.341369,-0.806882,-1.54967,-3.52968,-0.198521
-2.34171,-1.20354,-1.57226,-2.45645,-2.95079,-0.115985,-0.0385151,0.0673548,0.0306666,-0.0556189,1.11691,0.385931,0.545685,0.561961,1.97648,2.13028,0.521617,1.35426,1.44504,2.18995,-0.86727,-1.07337,-0.138571,0.0217857,-0.276206,-0.777561,-1.51634,-3.47106,-0.183076
-2.06202,-1.03611,-1.35605,-2.25462,-2.94615,-0.329469,-0.138767,-0.101409,-0.118504,-0.0692423,1.03109,0.477323,0.445869,0.609414,2.09336,1.93737,0.455286,1.18619,1.38668,2.24383,-0.865597,-1.02771,-0.181517,0.0295629,-0.362678,-0.834494,-1.49303,-3.45788,-0.21008
-2.12349,-0.955686,-1.39162,-2.19111,-2.88675,-0.259609,-0.141898,0.031408,-0.0488713,-0.105631,1.07116,0.343926,0.574443,0.809133,2.10927,1.94552,0.319503,1.30428,1.28936,2.16469,-0.834763,-1.04159,-0.157736,-0.0144318,-0.309537,-0.77814,-1.49311,-3.43951,-0.203441
-2.41365,-1.29555,-1.61442,-2.65568,-3.04585,-0.211166,-0.134352,-0.0568729,0.0348628,-0.0985992,1.19482,0.48311,0.593847,0.937996,2.05875,2.20199,0.722356,1.49071,1.52663,2.40032,-0.864806,-1.08155,-0.184889,0.0610405,-0.257657,-0.706228,-1.52514,-3.44781,-0.219473
-2.47302,-1.45204,-1.6007,-2.68243,-3.36725,-0.161453,0.104054,0.0630056,0.196365,0.0652266,1.23313,0.656797,0.628752,1.12842,2.44535,2.02931,0.63601,1.30333,1.3882,2.71832,-0.83043,-1.01646,-0.164294,0.00322619,-0.359689,-0.796246,-1.57177,-3.48957,-0.205562
-2.47713,-1.37217,-1.55721,-2.58536,-3.28354,-0.201029,0.0955418,0.0994014,-0.0314296,0.161381,1.32662,0.603674,0.623287,0.990757,2.28115,2.50813,0.764746,1.43935,1.80808,2.60241,-0.831609,-1.02639,-0.197863,0.00108705,-0.326891,-0.776525,-1.53341,-3.45667,-0.184345
-2.46432,-1.44176,-1.68882,-2.80829,-3.25372,0.0676835,0.101117,0.168261,0.187641,0.137383,1.3395,0.825266,0.860883,1.384,2.44294,2.14444,0.792053,1.44554,1.86953,2.60916,-0.858176,-0.999182,-0.165683,-0.00331155,-0.280854,-0.739893,-1.5128,-3.4609,-0.221547
-2.32497,-1.28956,-1.61951,-2.5345,-3.22226,-0.218164,-0.0539987,0.0429679,-0.00261436,0.0088238,1.13171,0.430641,0.585381,0.760651,2.11058,2.00007,0.586174,1.42638,1.56312,2.4361,-0.915298,-1.08475,-0.186726,-0.0392081,-0.344745,-0.781482,-1.51326,-3.49444,-0.201129
-2.57369,-1.39942,-1.56246,-2.87349,-3.11412,0.072773,0.164857,0.053209,0.172331,0.148069,1.27732,0.619685,0.599126,1.13863,2.1593,2.1539,0.605636,1.40909,1.82587,2.36286,-0.881414,-1.04278,-0.220191,-0.0129446,-0.321555,-0.718137,-1.50335,-3.43597,-0.201121
-2.46249,-1.35824,-1.72372,-2.87081,-3.32577,-0.0493419,-0.00729625,0.144671,0.237537,-0.0276655,1.21905,0.697153,0.711233,0.920064,2.53258,2.14817,0.689433,1.43209,1.70457,2.6249,-0.927142,-1.0727,-0.172288,0.0408091,-0.289443,-0.808568,-1.54616,-3.593,-0.227535
-2.27622,-1.12846,-1.50273,-2.46647,-3.03055,-0.172658,-0.11328,-0.051538,0.0541005,-0.0748474,1.18236,0.506199,0.623802,0.78142,2.14119,2.03681,0.584895,1.3842,1.35896,2.50978,-0.910214,-1.05797,-0.178269,0.00193518,-0.304513,-0.764842,-1.54195,-3.55177,-0.230112
-2.33911,-1.28296,-1.76942,-2.66643,-3.1406,-0.237794,-0.0887588,0.0659955,0.0391329,-0.0299841,1.10547,0.529787,0.751707,0.945174,2.273,2.1086,0.601251,1.55734,1.57808,2.40884,-0.875079,-1.06479,-0.182028,0.0662731,-0.356506,-0.796214,-1.55777,-3.50731,-0.210529
-2.23547,-1.13189,-1.42032,-2.38229,-2.98624,-0.244022,-0.118217,-0.0780429,-0.19586,-0.285889,1.04146,0.338378,0.529185,0.933314,1.99753,2.11254,0.58369,1.33773,1.62276,2.54828,-0.853102,-1.07271,-0.180114,-0.00743962,-0.333874,-0.82758,-1.50948,-3.50458,-0.207192
-2.48593,-1.39001,-1.57016,-2.59049,-3.2589,-0.0258055,0.153031,0.104719,0.161777,0.0945419,1.10394,0.561489,0.497676,0.937435,2.2678,2.23855,0.529345,1.41031,1.59998,2.49969,-0.866591,-1.01599,-0.212389,-0.0482493,-0.385806,-0.806208,-1.54379,-3.5619,-0.229742
-2.35073,-1.27484,-1.61922,-2.67133,-3.19304,-0.0534087,0.0201061,0.130308,0.210697,-0.0876038,1.07234,0.482269,0.602011,0.787304,2.22787,2.09298,0.579006,1.47706,1.7063,2.6778,-0.8653,-1.08462,-0.156222,0.0572882,-0.301527,-0.814034,-1.56401,-3.51902,-0.177235
-2.37883,-1.33387,-1.56904,-2.71239,-3.30007,-0.147861,-0.0186702,0.122744,0.120558,0.00895743,1.11925,0.643318,0.547341,1.10432,2.39184,2.1224,0.753098,1.52902,1.75057,2.62213,-0.814596,-1.01393,-0.190546,0.0252024,-0.32312,-0.790646,-1.46292,-3.43144,-0.262729
-2.17801,-1.09423,-1.52227,-2.3837,-2.98029,-0.367814,-0.19172,-0.0703075,-0.315283,-0.205972,1.13817,0.503943,0.678437,1.01994,2.26355,1.89444,0.478128,1.34078,1.52636,2.43562,-0.880941,-1.07818,-0.235868,-0.0181408,-0.33226,-0.778586,-1.51799,-3.51732,-0.240794
-2.26843,-1.1896,-1.57345,-2.58685,-3.14201,-0.2019,-0.0614382,0.0630773,0.12457,-0.0680786,1.14804,0.423493,0.601962,0.916295,2.26149,1.95339,0.477205,1.37272,1.53075,2.38555,-0.874707,-1.036,-0.145383,0.00900953,-0.355402,-0.802225,-1.53922,-3.5154,-0.228689
-2.28151,-1.18917,-1.60669,-2.54303,-2.81215,-0.305953,-0.0471757,0.018878,0.157687,-0.157705,1.26034,0.54876,0.650037,0.735038,2.04421,2.12212,0.476812,1.46347,1.27049,2.12534,-0.930251,-1.07831,-0.132319,0.020363,-0.342008,-0.76152,-1.56954,-3.52796,-0.245365
-2.26922,-1.24114,-1.4647,-2.39607,-3.19365,-0.192264,-0.207069,-0.0342718,-0.194507,-0.302508,1.04026,0.529217,0.555425,0.900859,2.24689,2.06198,0.748518,1.4656,1.60694,2.89897,-0.844239,-1.03635,-0.162837,-0.0663611,-0.313519,-0.851094,-1.53379,-3.52969,-0.200171
-2.31512,-1.28409,-1.59342,-2.39273,-2.91305,-0.292088,-0.0657174,0.0503554,-0.113483,-0.232111,1.23003,0.586232,0.605199,0.90823,2.01361,2.06154,0.566979,1.34247,1.43812,2.33876,-0.861293,-1.03939,-0.181541,-0.024193,-0.378129,-0.822067,-1.52197,-3.50049,-0.20979
-2.58678,-1.41097,-1.59581,-2.53865,-3.13618,-0.112101,-0.0113664,0.125539,0.179419,-0.0204834,1.42013,0.723847,0.598781,0.920063,2.19203,2.22493,0.718584,1.41546,1.49231,2.4658,-0.916422,-1.00596,-0.190178,-0.00200295,-0.362278,-0.825678,-1.52354,-3.58578,-0.242427
-2.19466,-1.19423,-1.50304,-2.26784,-2.99795,-0.0863767,-0.0321232,0.0387175,-0.0762443,-0.0759935,1.11673,0.599926,0.567798,0.702988,2.21927,2.00028,0.654007,1.39798,1.52505,2.4689,-0.969354,-1.05389,-0.12879,0.053204,-0.335792,-0.863605,-1.50554,-3.49379,-0.235833
-2.3682,-1.11072,-1.47647,-2.38626,-3.03323,-0.32881,-0.287433,-0.0968329,-0.243959,-0.196536,1.3979,0.603904,0.583786,0.875444,2.27862,2.23747,0.574718,1.3674,1.61252,2.51939,-0.848333,-1.01563,-0.111735,0.0364675,-0.19764,-0.722814,-1.53435,-3.47836,-0.258994
-2.38772,-1.39506,-1.55337,-2.61735,-3.25573,0.0234784,0.0868003,0.0204621,0.163745,0.00913158,1.27121,0.692414,0.680664,1.17677,2.47112,2.17536,0.789431,1.47717,1.78088,2.76668,-0.88339,-0.991052,-0.175928,-0.0187561,-0.248482,-0.776979,-1.5039,-3.43947,-0.228134
-2.55,-1.3953,-1.59232,-2.76941,-3.32495,-0.226091,-0.128321,0.00655194,-0.10711,-0.273185,1.31046,0.690151,0.675775,1.03372,2.38509,2.22894,0.614633,1.36571,1.65938,2.62104,-0.865308,-1.03367,-0.150792,0.077435,-0.295203,-0.775128,-1.51646,-3.49294,-0.185808
-2.6001,-1.52896,-1.70346,-2.74188,-3.60398,-0.153186,0.0110374,0.101653,0.149439,0.131234,1.4299,0.818533,0.722361,0.979866,2.62374,2.38525,0.903642,1.52525,1.69149,3.08214,-0.859993,-1.03118,-0.208469,0.0285519,-0.342846,-0.793165,-1.5527,-3.5161,-0.186894
-2.34649,-1.15907,-1.47802,-2.35977,-2.9225,-0.0408781,-0.0224436,0.0468219,0.178893,-0.225752,1.19841,0.467604,0.529891,0.700218,2.20546,1.96383,0.444416,1.29621,1.30747,2.38996,-0.882231,-1.07657,-0.190916,0.0036329,-0.322979,-0.787387,-1.51073,-3.48293,-0.225329
-2.40091,-1.42724,-1.5261,-2.55444,-2.95921,-0.186696,-0.0826981,0.0171895,-0.0149236,-0.163313,1.24987,0.674775,0.509473,0.926668,1.9774,2.18366,0.799166,1.40647,1.71018,2.35728,-0.89417,-1.0318,-0.172854,0.00267258,-0.343641,-0.76924,-1.55186,-3.47644,-0.18376
-2.26216,-1.04967,-1.5052,-2.47517,-2.86445,-0.320137,-0.252838,-0.0408658,-0.00633729,-0.352915,1.29102,0.525523,0.657687,0.807415,2.03821,1.95674,0.38256,1.35281,1.34118,2.23166,-0.877709,-1.05748,-0.150159,0.0551503,-0.329802,-0.812833,-1.50611,-3.49004,-0.20846
-2.0786,-1.01312,-1.36269,-2.38359,-2.83391,-0.388284,-0.214802,-0.0611623,-0.113556,-0.209325,1.05686,0.476362,0.696646,0.966497,2.02339,1.92772,0.383316,1.27751,1.49487,2.23151,-0.873781,-1.02481,-0.195762,-0.0119327,-0.333396,-0.865577,-1.50269,-3.4804,-0.258247
-2.2715,-1.17407,-1.51687,-2.29291,-3.00637,-0.227244,-0.0834726,0.0878491,-0.170027,-0.150337,1.00251,0.344655,0.410808,0.623941,2.00953,2.07247,0.588972,1.31556,1.50016,2.65348,-0.883752,-0.996681,-0.168038,0.0230027,-0.312312,-0.761409,-1.52259,-3.46276,-0.24194
-1.95433,-0.933167,-1.39449,-2.17821,-2.84989,-0.19205,-0.0596363,0.0811828,-0.00263502,-0.238457,0.689187,0.118525,0.35445,0.620935,1.91912,1.71006,0.314145,1.20937,1.20059,2.24634,-0.894152,-1.02032,-0.212552,0.00108856,-0.313794,-0.883395,-1.49095,-3.48746,-0.211409
-2.4896,-1.30504,-1.51523,-2.47878,-3.37502,-0.0252091,0.0755859,0.0749881,0.0298604,0.117633,1.06778,0.454162,0.577513,0.709445,2.38766,2.23479,0.487491,1.29298,1.40736,2.58508,-0.911914,-1.0599,-0.19767,-0.027986,-0.282815,-0.771515,-1.49169,-3.45657,-0.2534
-2.34397,-1.29925,-1.61394,-2.5659,-3.13985,-0.279726,-0.0252533,0.0154045,0.144133,-0.0481134,1.18477,0.48795,0.688119,0.828129,2.14436,2.16274,0.547714,1.42093,1.59381,2.35362,-0.870435,-1.08861,-0.130085,-0.0268973,-0.304939,-0.755894,-1.48907,-3.48526,-0.19997
-2.46066,-1.31954,-1.63757,-2.618,-3.22509,-0.102094,0.0182996,0.0764699,0.0997216,0.0327749,1.15105,0.565446,0.616066,0.743011,2.2734,2.03426,0.463065,1.32434,1.51443,2.32502,-0.840555,-1.09243,-0.17286,-0.0155073,-0.304488,-0.802851,-1.54862,-3.53656,-0.223906
-2.03066,-1.01213,-1.37092,-2.22147,-2.87033,-0.285191,-0.0325403,-0.0196564,-0.133241,-0.279246,0.987659,0.323442,0.438085,0.795824,2.01176,2.00649,0.521446,1.3018,1.41893,2.51554,-0.864921,-1.0196,-0.162013,-0.0367057,-0.330147,-0.796876,-1.44867,-3.44008,-0.220516
-2.32541,-1.21398,-1.54009,-2.4972,-3.14607,-0.246002,-0.108802,0.0479939,0.0390321,-0.180087,0.866506,0.190589,0.379985,0.598349,1.81099,1.9393,0.481832,1.29717,1.33577,2.40011,-0.862734,-1.04998,-0.204636,-0.0158393,-0.271491,-0.747217,-1.50556,-3.4536,-0.218842
-2.33641,-1.21992,-1.35617,-2.53138,-3.18111,0.0597973,0.0824669,0.0680577,0.166617,-0.0315507,1.04443,0.451813,0.454164,0.693078,2.24888,1.95535,0.442767,1.21668,1.5214,2.28072,-0.854384,-1.0223,-0.17508,-0.0162951,-0.340518,-0.827222,-1.48776,-3.46405,-0.201357
-2.5184,-1.46196,-1.72003,-2.53054,-3.18024,0.214707,0.298944,0.350005,0.236972,0.236124,0.998729,0.550412,0.517351,0.695246,2.11612,2.11504,0.532192,1.29437,1.38389,2.32659,-0.889785,-1.04322,-0.186837,-0.000733207,-0.33749,-0.81322,-1.51917,-3.50491,-0.241606
-2.67044,-1.5251,-1.62103,-2.84642,-3.52225,-0.0450548,0.119521,0.00646167,-0.0378878,0.110094,1.29247,0.598871,0.587545,0.919232,2.39161,2.40228,0.753742,1.47508,1.8208,2.73473,-0.86401,-1.09498,-0.204302,0.0619492,-0.333278,-0.797542,-1.52292,-3.49966,-0.174253
-2.3389,-1.29943,-1.71355,-2.47865,-3.29314,-0.0183476,0.161837,0.242731,0.317481,0.19435,1.0388,0.402464,0.64342,0.487567,2.32046,2.0708,0.597738,1.47378,1.30837,2.61773,-0.963405,-1.06151,-0.211979,0.00259522,-0.328331,-0.831083,-1.57455,-3.57443,-0.221129
-2.31004,-1.18198,-1.43948,-2.47478,-3.11023,-0.266539,-0.205018,-0.0403301,-0.131335,-0.329788,1.07811,0.424863,0.580255,0.999776,2.19969,2.03174,0.528139,1.28187,1.52214,2.559,-0.8383,-1.06129,-0.189342,-0.0361071,-0.342725,-0.824173,-1.52392,-3.54719,-0.197055
-2.48192,-1.36944,-1.68799,-2.62173,-3.275,0.0275875,0.103406,0.162644,0.141704,0.0207056,1.15262,0.597018,0.623131,0.716491,2.33467,2.20681,0.602402,1.4408,1.57989,2.58134,-0.834152,-1.04221,-0.158304,0.0172385,-0.331686,-0.760497,-1.54478,-3.47537,-0.186686
-2.55426,-1.50808,-1.73751,-2.58922,-3.48726,0.0662492,0.211043,0.211895,0.231369,0.0466463,1.2252,0.587013,0.681468,0.799551,2.45101,2.17318,0.708362,1.45246,1.33815,2.72694,-0.857153,-1.02113,-0.153831,0.0635233,-0.367142,-0.857514,-1.52198,-3.50196,-0.177316
-2.24815,-1.24055,-1.57815,-2.49464,-2.8139,-0.377788,-0.216063,-0.0511246,-0.230682,-0.363821,1.29033,0.757577,0.703441,0.908619,2.30107,2.0066,0.604446,1.39929,1.44923,2.13859,-0.853029,-0.996173,-0.179113,-0.0054884,-0.346786,-0.718923,-1.5266,-3.53649,-0.206015
-2.37204,-1.22142,-1.53083,-2.79908,-3.13563,0.0516371,0.101776,0.182684,0.321367,0.0865921,1.08793,0.389627,0.484472,0.832268,2.27158,1.93708,0.39731,1.23513,1.48214,2.40357,-0.8269,-1.03482,-0.156882,0.0618917,-0.307743,-0.762534,-1.53766,-3.51715,-0.174268
-2.51954,-1.33764,-1.61557,-2.65037,-3.19076,0.0874455,0.0217634,0.0402148,0.0197817,-0.142006,1.14597,0.524605,0.638534,1.00635,2.26106,2.04672,0.585131,1.39357,1.60604,2.55842,-0.898569,-1.08411,-0.129524,0.0341959,-0.313431,-0.83186,-1.5722,-3.57654,-0.182904
-2.37907,-1.27685,-1.62617,-2.58886,-3.2152,0.029422,0.0950118,0.162235,0.105707,0.193785,0.944757,0.391053,0.544509,0.834259,1.99626,1.99857,0.50563,1.37579,1.40253,2.38807,-0.880057,-1.05109,-0.142685,0.0288705,-0.342124,-0.762814,-1.57319,-3.49824,-0.198715
-2.28245,-1.39618,-1.71199,-2.73402,-3.41486,-0.0773437,0.0862758,0.165081,0.128533,0.136671,0.852668,0.392816,0.624194,0.856481,2.22486,1.79071,0.465987,1.35315,1.49866,2.51521,-0.869448,-1.07871,-0.144304,0.0742504,-0.321801,-0.758557,-1.52079,-3.51482,-0.17182
-2.03584,-1.01658,-1.25201,-2.14517,-2.8321,-0.114359,-0.026414,-0.0196573,-0.0137365,-0.206864,1.05299,0.361278,0.442927,0.687572,2.08292,1.8977,0.46514,1.1535,1.33859,2.44988,-0.828061,-0.986106,-0.176423,-0.0294958,-0.300491,-0.787083,-1.41912,-3.35846,-0.235731
-2.43333,-1.30427,-1.56635,-2.69303,-2.99254,-0.115312,-0.00310058,0.0361697,0.252193,-0.0946928,1.35379,0.712909,0.550772,0.89586,2.17769,2.184,0.560195,1.3856,1.61239,2.33947,-0.864314,-1.03334,-0.139453,0.0652312,-0.251292,-0.770936,-1.52786,-3.42377,-0.232026
-2.28415,-1.17545,-1.5028,-2.5521,-3.09056,-0.161533,0.0244648,-0.00560461,-0.0242823,0.194262,1.19038,0.540376,0.503033,0.952313,2.15475,1.69368,0.232658,1.19996,1.25509,2.12719,-0.896952,-1.04437,-0.184107,0.0450505,-0.339978,-0.754251,-1.53009,-3.53057,-0.195889
-2.3832,-1.27997,-1.71451,-2.60272,-3.0927,0.00812574,0.0334209,0.1481,0.315492,-0.00736873,1.04003,0.445947,0.742928,0.914794,2.16918,2.09531,0.607345,1.52172,1.49581,2.53318,-0.902422,-1.07854,-0.196136,0.00676192,-0.319777,-0.798426,-1.50308,-3.49899,-0.223628
-2.35638,-1.26063,-1.66329,-2.46743,-3.05528,-0.176682,-0.181084,0.0735884,-0.0365771,-0.349448,1.25176,0.614557,0.72746,1.02856,2.32462,2.1489,0.695743,1.5439,1.51614,2.68778,-0.904638,-1.06907,-0.153371,0.0847989,-0.313057,-0.835611,-1.5329,-3.48544,-0.200509
-2.21579,-1.19121,-1.38,-2.44852,-3.17216,-0.338332,-0.126658,-0.0278143,-0.0851907,-0.160757,1.15916,0.504528,0.500521,0.822445,2.32784,2.10862,0.658585,1.30876,1.58062,2.69538,-0.891224,-1.0362,-0.169621,-0.0149629,-0.288497,-0.836089,-1.48409,-3.47911,-0.196653
-2.3264,-1.34988,-1.63822,-2.51568,-3.17139,-0.0798735,0.0052026,0.100316,0.0487832,0.0425009,1.01952,0.629782,0.727334,0.889537,2.14899,1.8844,0.533649,1.37267,1.38962,2.3224,-0.898424,-1.06937,-0.198261,0.00159511,-0.366768,-0.826579,-1.49959,-3.50121,-0.211595
-2.67746,-1.49245,-1.7652,-2.91098,-3.40984,0.13976,0.266951,0.211977,0.257577,0.248635,1.23272,0.527693,0.666934,1.11011,2.24425,2.52237,0.807588,1.6065,1.87883,2.69912,-0.893512,-1.05886,-0.164326,0.0489302,-0.29505,-0.745188,-1.5932,-3.62142,-0.223737
-2.46134,-1.32577,-1.55936,-2.53274,-3.3706,-0.0422793,0.0570458,0.150324,0.0780147,0.0498115,1.41566,0.770691,0.679166,1.10392,2.67453,2.15957,0.662085,1.4063,1.57408,2.75718,-0.878143,-1.01248,-0.217656,-0.0242393,-0.343147,-0.85486,-1.50554,-3.45714,-0.242346
-2.36026,-1.28003,-1.58911,-2.65758,-3.08814,-0.0898823,-0.0165073,0.174114,0.0564143,-0.0751584,1.00149,0.354901,0.588426,0.90812,1.83138,2.13291,0.609514,1.45212,1.59039,2.5261,-0.89411,-1.08401,-0.189503,-0.0190017,-0.316755,-0.775582,-1.52095,-3.54315,-0.191819
-2.32042,-1.31975,-1.53594,-2.78687,-3.30797,-0.116792,-0.000814164,0.0315383,0.197875,0.0841881,1.17874,0.641222,0.607992,1.09305,2.42926,2.06355,0.609796,1.35411,1.72112,2.46595,-0.883932,-1.07064,-0.16529,0.00783067,-0.271683,-0.770728,-1.50214,-3.45879,-0.199315
-2.44255,-1.25953,-1.55196,-2.57976,-3.05985,-0.110864,0.0320854,0.0325955,0.0207732,-0.106614,1.11783,0.447268,0.565153,0.953884,2.00505,2.05691,0.535716,1.40352,1.53257,2.42449,-0.892863,-1.04028,-0.231486,-0.00659455,-0.342247,-0.759665,-1.55888,-3.57776,-0.242834
-2.36118,-1.1957,-1.52892,-2.59409,-3.02557,-0.217603,-0.0136027,0.0145346,-0.100679,-0.0681213,1.11417,0.387757,0.639608,0.953647,2.02326,2.00935,0.366075,1.29032,1.39188,2.315,-0.804794,-1.06596,-0.117627,0.0550932,-0.330285,-0.843064,-1.50763,-3.44955,-0.185153
-2.42296,-1.36975,-1.63519,-2.55327,-3.37718,-0.0998354,0.121521,0.108145,0.0364303,-0.00346364,1.16419,0.581919,0.660493,0.840547,2.47829,1.98388,0.480675,1.4096,1.47327,2.65604,-0.892855,-1.07924,-0.219287,-0.0342875,-0.357603,-0.843744,-1.52456,-3.5933,-0.263551
-2.28964,-1.16016,-1.56406,-2.60583,-3.20603,-0.313842,-0.167103,0.0356263,0.0290427,-0.00331739,1.22806,0.657052,0.769785,1.07715,2.42744,2.15751,0.595238,1.39858,1.58149,2.66462,-0.892603,-1.08966,-0.159383,0.00338198,-0.31557,-0.8113,-1.5793,-3.60277,-0.275918
-2.31367,-1.217,-1.62127,-2.54277,-3.06546,-0.174116,-0.0512477,0.0440085,0.0026098,-0.0234378,1.2089,0.584036,0.707743,0.907352,2.21807,1.95755,0.45949,1.32853,1.36382,2.27804,-0.884442,-1.01765,-0.136883,0.0633776,-0.279043,-0.76,-1.48925,-3.41261,-0.216044
-2.41134,-1.27318,-1.57822,-2.59314,-3.20515,0.0183019,0.126567,0.152333,0.0185668,-0.016902,1.18669,0.436613,0.499904,0.899283,2.2486,2.14888,0.554893,1.45925,1.6909,2.55581,-0.9029,-1.05572,-0.152655,0.0161364,-0.337383,-0.816683,-1.53673,-3.56999,-0.205608
-2.26339,-1.19255,-1.42669,-2.41645,-3.02466,-0.216209,-0.0482275,-0.0281289,-0.173666,-0.125278,1.1984,0.593642,0.473224,0.879081,2.35503,1.98442,0.387694,1.18837,1.39656,2.25796,-0.905703,-1.05576,-0.171006,0.0303919,-0.322037,-0.787062,-1.54614,-3.47671,-0.193521
-2.35884,-1.42566,-1.54867,-2.48289,-3.36486,-0.277789,0.0039737,0.00319325,0.0725605,-0.0932572,1.24844,0.710182,0.685388,0.889205,2.37998,2.08437,0.726108,1.39688,1.57802,2.88266,-0.883219,-1.02199,-0.195587,-0.0148783,-0.310781,-0.858812,-1.51153,-3.45819,-0.243551
-2.48108,-1.37001,-1.52168,-2.57848,-2.9258,-0.113282,-0.0689401,0.0348546,0.114922,-0.0275106,1.35729,0.655712,0.58451,0.937584,1.99514,2.20003,0.70165,1.30218,1.45625,2.09094,-0.852042,-1.0395,-0.178526,0.00692331,-0.339907,-0.784886,-1.54345,-3.47486,-0.191602
-2.32123,-1.11036,-1.465,-2.45042,-3.21651,-0.088342,-0.148962,0.00372776,-0.0938672,-0.154187,1.05411,0.425883,0.564954,0.826658,2.33684,1.95899,0.499477,1.33849,1.50664,2.53611,-0.88802,-1.02822,-0.185973,-0.0384689,-0.379112,-0.810631,-1.53102,-3.48482,-0.2348
-2.66311,-1.32797,-1.6123,-2.55991,-3.27949,0.0173167,-0.104526,-0.00110294,-0.046392,-0.149982,1.56717,0.712157,0.660584,1.03519,2.3995,2.47091,0.745933,1.5447,1.72259,2.77103,-0.930758,-1.07493,-0.194356,0.00885283,-0.294739,-0.822957,-1.50265,-3.5169,-0.21388
-2.2635,-1.26682,-1.64976,-2.46395,-3.08391,-0.1568,0.054152,0.0959333,0.0347045,-0.226724,1.02089,0.411093,0.635466,0.710538,2.06996,1.90786,0.540976,1.36701,1.39087,2.54093,-0.846139,-1.03728,-0.116881,0.0474729,-0.275388,-0.766415,-1.53361,-3.49799,-0.235405
-2.52577,-1.28648,-1.7296,-2.59814,-3.36696,-0.281711,-0.194419,0.00354514,-0.22417,-0.0985765,1.41297,0.64677,0.805559,1.1988,2.40155,2.35318,0.722947,1.59801,1.8751,2.64664,-0.837634,-1.03766,-0.149097,0.00579987,-0.373281,-0.810906,-1.55738,-3.50414,-0.207449
-2.32447,-1.27957,-1.56841,-2.53489,-3.2597,-0.289571,-0.0417368,0.112625,-0.0707501,-0.0349721,1.30474,0.729721,0.63491,1.02092,2.52525,2.20538,0.652984,1.44852,1.6283,2.69811,-0.891821,-1.10397,-0.197997,-0.0311584,-0.279755,-0.83864,-1.47192,-3.52241,-0.235838
-2.39329,-1.33726,-1.5972,-2.51614,-3.10337,-0.229617,-0.058918,-0.0901221,-0.185881,-0.32015,1.16948,0.578231,0.549254,0.853482,2.23143,2.14537,0.660269,1.49651,1.56834,2.42781,-0.81306,-1.01611,-0.174288,0.0512557,-0.29704,-0.777265,-1.49602,-3.48768,-0.213516
-2.48769,-1.35434,-1.66197,-2.57777,-3.24167,-0.133424,-0.101782,0.0629697,0.0722701,-0.0668754,1.25279,0.713448,0.640131,0.786087,2.34202,2.14827,0.564107,1.44917,1.56483,2.3889,-0.87356,-1.06319,-0.210062,0.0109076,-0.291267,-0.788869,-1.54944,-3.54505,-0.198118
-2.31198,-1.23927,-1.57585,-2.56918,-3.22115,-0.20678,-0.0366811,0.0820722,0.0759604,0.0986575,1.01655,0.440878,0.600803,0.9116,2.17979,1.81945,0.270815,1.35143,1.28264,2.21703,-0.864084,-1.04866,-0.173673,0.00296307,-0.309112,-0.833485,-1.53797,-3.52234,-0.214813
-2.31658,-1.31564,-1.62817,-2.52426,-2.9625,-0.362647,-0.230039,-0.117434,-0.169849,-0.352468,1.31109,0.630485,0.699372,0.937261,1.94405,2.13384,0.688165,1.4608,1.63291,2.37788,-0.86359,-1.02815,-0.141595,0.0136319,-0.340772,-0.79151,-1.57917,-3.52359,-0.206077
-2.51281,-1.37191,-1.50845,-2.68413,-3.28947,0.0425089,0.060451,0.0122927,0.0937424,0.0504864,1.28419,0.603646,0.600527,0.984718,2.33991,2.15546,0.631474,1.30888,1.71407,2.55562,-0.861941,-1.07709,-0.191653,0.00555485,-0.322825,-0.730369,-1.54992,-3.52038,-0.209324
-2.43162,-1.29014,-1.60537,-2.58957,-3.37417,-0.201696,-0.15992,-0.0295344,0.0698983,-0.120593,1.38302,0.766732,0.730443,0.945492,2.72104,2.27402,0.765022,1.54603,1.51465,2.92786,-0.86381,-1.07462,-0.152299,0.0419161,-0.261716,-0.811443,-1.50271,-3.4493,-0.206686
-2.13778,-1.1942,-1.4977,-2.44069,-3.06933,-0.147847,0.0418469,0.109263,0.0661587,-0.0524617,0.990497,0.53663,0.490401,0.783435,2.18124,1.83384,0.379019,1.26998,1.29398,2.3631,-0.891495,-1.08042,-0.200389,0.00439301,-0.308444,-0.764614,-1.52677,-3.50969,-0.229803
-2.13565,-1.03468,-1.41019,-2.4567,-2.88217,-0.251984,-0.17702,-0.0432792,-0.0353507,-0.0332755,0.949601,0.376584,0.476191,0.874191,2.06833,1.91887,0.463028,1.28726,1.48923,2.32939,-0.838631,-1.05405,-0.169822,-0.0128047,-0.287926,-0.786026,-1.56516,-3.48934,-0.254705
-2.46159,-1.20128,-1.51436,-2.51887,-2.92689,-0.170705,-0.220583,-0.00375802,-0.184794,-0.25,1.23602,0.604564,0.602731,0.993105,2.13788,2.15101,0.593198,1.33504,1.68379,2.37387,-0.9027,-1.04263,-0.193472,-0.0573597,-0.357129,-0.842999,-1.53641,-3.52379,-0.208221
-2.33344,-1.34234,-1.49502,-2.47506,-3.24751,-0.0915484,0.0518406,0.106803,-0.0589655,0.121036,1.17597,0.617581,0.528393,0.855549,2.33816,2.11256,0.767271,1.36051,1.60297,2.54768,-0.899402,-1.07142,-0.173043,0.00694665,-0.268029,-0.762966,-1.50735,-3.49366,-0.231812
-2.44647,-1.30142,-1.47762,-2.40611,-3.2685,-0.116147,0.0410813,0.0733206,-0.0100552,0.0302391,1.2354,0.556923,0.563644,0.805158,2.18544,2.08236,0.554807,1.30066,1.38909,2.57091,-0.89762,-1.05788,-0.218134,0.00315911,-0.329973,-0.817331,-1.50414,-3.46807,-0.214025
-2.1404,-1.0611,-1.47223,-2.42004,-2.72139,-0.00745684,0.0858293,0.0417333,0.0949098,-0.0127578,1.04348,0.369285,0.474724,0.766848,1.98728,2.01077,0.456634,1.40888,1.49262,2.0568,-0.876484,-0.992666,-0.159623,-0.00302941,-0.311911,-0.770223,-1.5272,-3.51566,-0.227482
-2.69076,-1.63946,-1.71271,-2.63277,-3.52366,-0.13227,0.03581,0.174548,0.120303,0.0732351,1.32076,0.716067,0.619257,0.947514,2.33763,2.33782,0.86975,1.45742,1.50344,2.69284,-0.82371,-1.03974,-0.179234,0.00372129,-0.380778,-0.856541,-1.52691,-3.45771,-0.232845
-2.32035,-1.26861,-1.55932,-2.49411,-3.18426,-0.223009,-0.12069,0.026282,0.0028282,-0.184152,1.10666,0.371587,0.536068,0.741925,2.14035,1.89249,0.500462,1.30321,1.37838,2.49945,-0.906503,-1.09086,-0.162487,-0.00311237,-0.331939,-0.777442,-1.52254,-3.52683,-0.218098
-2.13857,-1.15645,-1.447,-2.38262,-3.09569,-0.180931,-0.0314434,-0.00445456,-0.0624885,-0.30907,1.05193,0.590286,0.467684,0.852642,2.37543,1.8415,0.38596,1.27876,1.42063,2.45588,-0.898647,-1.08244,-0.140521,0.0245191,-0.307792,-0.831024,-1.54524,-3.55848,-0.205832
-2.30539,-1.26742,-1.56058,-2.43419,-3.13872,-0.211365,-0.0512541,-0.0435551,-0.113607,0.101806,1.26993,0.542752,0.59259,0.746082,1.96172,2.04735,0.526709,1.42974,1.4603,2.28654,-0.857185,-1.03166,-0.159192,0.0679587,-0.317026,-0.771877,-1.43759,-3.35309,-0.200587
-2.33439,-1.21702,-1.52553,-2.47301,-3.14917,-0.192208,-0.199013,-0.0660738,-0.0754463,-0.197257,1.09137,0.46557,0.462572,0.68165,2.21011,2.00795,0.513531,1.34217,1.42232,2.39279,-0.888719,-1.04032,-0.156378,0.0125954,-0.292394,-0.742595,-1.55192,-3.54344,-0.221138
-2.38565,-1.31336,-1.57249,-2.33461,-3.03402,-0.327569,-0.138188,0.00139964,-0.138939,-0.129839,1.17637,0.615731,0.676285,0.887879,2.17313,2.25901,0.743381,1.50031,1.57401,2.70073,-0.911135,-1.08995,-0.206081,-0.0491361,-0.364964,-0.826038,-1.49724,-3.46823,-0.290701
-2.43432,-1.31869,-1.76033,-2.58016,-3.14255,0.166685,0.333836,0.257181,0.33921,0.263565,1.11562,0.339798,0.673562,0.779812,1.96064,1.99929,0.471418,1.5556,1.50558,2.42377,-0.873251,-1.05041,-0.192726,-0.0189132,-0.353507,-0.799469,-1.49851,-3.47784,-0.235358
-2.31701,-1.29953,-1.64078,-2.66536,-3.35286,-0.292355,-0.0976604,0.0300066,0.0264065,0.0686542,1.34059,0.53861,0.724669,1.08023,2.40912,1.93345,0.554221,1.4792,1.68602,2.61902,-0.893755,-1.09003,-0.170332,-0.0652465,-0.309397,-0.875032,-1.50837,-3.53219,-0.245355
-2.35317,-1.06508,-1.47395,-2.59567,-3.19517,-0.0940116,-0.146876,0.052211,0.0439339,-0.0309184,1.23978,0.439306,0.573404,1.14389,2.32366,1.87857,0.395079,1.24242,1.71242,2.4222,-0.871362,-1.01059,-0.167218,0.0144135,-0.362703,-0.821972,-1.50481,-3.46815,-0.186333
-2.44473,-1.40723,-1.58899,-2.67331,-3.18288,-0.0288984,0.201914,0.245012,0.195924,0.170709,1.38119,0.751583,0.587259,1.08441,2.20895,2.25953,0.841206,1.42717,1.82571,2.52974,-0.862695,-1.01841,-0.132234,0.0156717,-0.27989,-0.766695,-1.50141,-3.45123,-0.22831
-2.2679,-1.27829,-1.4629,-2.5397,-3.33483,-0.121425,0.017528,0.121192,0.164572,-0.0701041,1.12705,0.596978,0.550983,0.923463,2.57507,2.07713,0.622426,1.33653,1.58457,2.71976,-0.861057,-1.02616,-0.17773,-0.0126463,-0.286947,-0.80578,-1.4305,-3.39831,-0.191913
-2.04936,-0.992796,-1.43874,-2.29412,-2.89804,-0.29368,-0.184733,0.0853167,0.094759,-0.176453,0.839464,0.241054,0.439215,0.650844,1.91971,1.85274,0.404928,1.2332,1.23812,2.41134,-0.871894,-1.00245,-0.212676,-0.0231443,-0.327304,-0.775001,-1.48032,-3.4442,-0.238177
-2.16164,-1.04915,-1.42418,-2.5077,-2.9528,-0.153572,-0.0431886,-0.0192736,0.0632458,-0.009816,0.809372,0.273007,0.363081,0.605763,1.80631,1.81774,0.318247,1.3364,1.39609,2.30597,-0.903397,-1.071,-0.223149,0.0212175,-0.370826,-0.816706,-1.54189,-3.64353,-0.195403
-2.23246,-1.20565,-1.45242,-2.46426,-3.01177,-0.187771,-0.0922879,0.0914385,0.162594,-0.239178,1.10306,0.541979,0.510937,0.933241,2.33656,1.87076,0.478448,1.2035,1.34874,2.29731,-0.855227,-0.993273,-0.178191,0.0248063,-0.368415,-0.877209,-1.49502,-3.45287,-0.20289
-2.3367,-1.26871,-1.51286,-2.43896,-3.20042,-0.171858,-0.0521997,0.0214134,0.11139,-0.113549,1.35825,0.697274,0.682117,0.98733,2.35835,2.21935,0.732491,1.38313,1.51469,2.65564,-0.886353,-1.01434,-0.23285,-0.016761,-0.293268,-0.788165,-1.53028,-3.49033,-0.214381
-2.48352,-1.21321,-1.67007,-2.5485,-2.89895,-0.101322,-0.123456,0.15836,-0.0211868,-0.380403,1.28257,0.560302,0.569334,0.990859,2.21643,2.16605,0.530073,1.4769,1.5929,2.38928,-0.85799,-1.05574,-0.142578,-0.0101988,-0.386883,-0.843488,-1.54041,-3.55619,-0.215837
-2.46767,-1.40277,-1.65662,-2.59102,-3.34884,-0.00890603,0.19803,0.215436,0.154021,0.0651131,1.18776,0.533033,0.686421,0.927945,2.34211,2.1378,0.604887,1.48358,1.54588,2.54609,-0.944415,-1.05755,-0.229005,-0.00617394,-0.362175,-0.861129,-1.4876,-3.52826,-0.231817
-2.55478,-1.34986,-1.6379,-2.58442,-3.1082,-0.184417,-0.0325667,0.0284479,-0.0916662,-0.0948067,1.33482,0.573214,0.642088,0.974756,2.15513,2.27021,0.694934,1.50552,1.59861,2.4951,-0.831343,-1.03987,-0.155937,-0.0319913,-0.324787,-0.822997,-1.52655,-3.5121,-0.185293
-2.21023,-1.18074,-1.45581,-2.51256,-2.92005,-0.201492,-0.0339553,0.0488493,0.0131853,-0.117228,1.22265,0.572832,0.661696,1.11696,2.02685,1.92808,0.507331,1.33414,1.49894,2.27804,-0.901292,-1.01274,-0.203168,0.0238292,-0.300906,-0.758099,-1.45436,-3.44789,-0.24779
-2.36897,-1.22531,-1.50813,-2.49993,-3.13111,-0.209443,-0.0840943,-0.0495623,-0.0954051,-0.0213634,0.960232,0.426137,0.575001,0.808035,1.98573,2.12411,0.662349,1.47767,1.59971,2.60497,-0.903705,-1.04654,-0.206787,0.00177117,-0.301778,-0.827613,-1.51682,-3.50419,-0.214146
-2.25551,-1.08017,-1.40595,-2.41449,-2.99365,-0.265851,-0.116072,0.0388743,0.0632993,-0.184753,1.11869,0.315089,0.35167,0.776621,2.10904,2.15672,0.590999,1.28199,1.40618,2.58142,-0.912045,-1.01834,-0.185206,0.0276402,-0.312264,-0.813768,-1.51893,-3.47048,-0.228393
-2.58015,-1.3875,-1.7161,-2.79613,-3.20487,-0.0814936,0.0930275,0.134688,0.156854,0.136499,1.54125,0.803043,0.705991,1.16191,2.32831,2.32574,0.670242,1.49844,1.78244,2.53096,-0.849311,-1.0502,-0.193709,0.0255258,-0.389116,-0.830661,-1.55702,-3.5298,-0.217719
-2.12049,-1.1779,-1.42381,-2.52194,-3.12126,-0.10845,0.00240949,0.0410475,0.173834,0.0928003,0.94434,0.43091,0.521533,0.676284,2.08977,1.9023,0.57697,1.25162,1.48632,2.51369,-0.912672,-1.08726,-0.187272,-0.00681112,-0.298198,-0.764498,-1.47005,-3.45752,-0.239826
-2.16756,-1.29057,-1.50093,-2.52569,-3.07181,-0.0517354,0.0609085,0.0551096,0.193273,-0.0238353,0.975869,0.563451,0.617839,0.928294,2.23662,1.73501,0.470861,1.30231,1.42354,2.25804,-0.888984,-1.0474,-0.225256,0.00747495,-0.328545,-0.822683,-1.4697,-3.41442,-0.256896
-2.3733,-1.30656,-1.58225,-2.45251,-3.27583,-0.175032,-0.0692097,0.01065,-0.103957,-0.157476,1.27423,0.693199,0.701478,0.767515,2.50499,2.0065,0.53426,1.44779,1.30669,2.56417,-0.871993,-1.06694,-0.182891,0.0280133,-0.31406,-0.791804,-1.51613,-3.51009,-0.202631
-2.33089,-1.20228,-1.5231,-2.62921,-2.91399,-0.0242639,0.137212,0.152818,0.167078,-0.0212223,1.08306,0.5055,0.570143,0.941302,2.01529,1.92583,0.322817,1.23293,1.46135,2.15419,-0.890178,-1.0914,-0.20505,-0.0093086,-0.321823,-0.80778,-1.53777,-3.46935,-0.193768
-2.33221,-1.279,-1.487,-2.56299,-3.24252,-0.195327,-0.172391,0.0243483,0.0364958,-0.224395,1.10729,0.575221,0.45892,0.979272,2.33284,2.00622,0.648972,1.28003,1.53145,2.60252,-0.889758,-1.03907,-0.184749,0.0103749,-0.348032,-0.818631,-1.47879,-3.50949,-0.269631
-2.35118,-1.2941,-1.57408,-2.54619,-2.95078,-0.0265269,0.102804,0.0810621,0.0435982,0.0412201,1.27695,0.606474,0.673392,1.10344,2.07508,2.17114,0.76417,1.4726,1.72661,2.3539,-0.908235,-1.04913,-0.122231,0.0104996,-0.348052,-0.841074,-1.58204,-3.54657,-0.228438
-2.39136,-1.16149,-1.46362,-2.38489,-3.04646,-0.22995,-0.151046,-0.00393273,0.0208835,-0.19148,1.31074,0.571948,0.641056,0.995,2.42052,1.98297,0.446539,1.25632,1.27061,2.42845,-0.924173,-1.05614,-0.191033,-0.0161174,-0.303912,-0.858134,-1.54002,-3.50151,-0.201199
-2.10977,-1.04787,-1.5394,-2.35225,-2.74184,-0.192513,-0.0436488,0.161672,0.183205,-0.1438,0.989027,0.471244,0.521857,0.669997,2.00579,1.6777,0.265449,1.16912,1.08502,2.115,-0.83386,-1.03738,-0.178911,0.00285113,-0.355632,-0.780456,-1.50759,-3.52897,-0.22291
-2.29554,-1.17883,-1.54972,-2.56768,-3.09326,-0.385296,-0.275292,-0.0479142,-0.0711598,-0.319979,1.31193,0.642167,0.691189,0.909302,2.49152,2.17297,0.679761,1.5394,1.77086,2.56433,-0.847716,-1.06614,-0.210219,-0.0444429,-0.313066,-0.849908,-1.52317,-3.58159,-0.244065
-2.46796,-1.33461,-1.59349,-2.54236,-3.29038,-0.0209072,0.0695581,0.128969,0.0351604,-0.0212089,1.0558,0.492386,0.524303,0.817147,2.34987,2.22056,0.692713,1.38061,1.54358,2.80365,-0.856462,-1.09034,-0.133403,0.0330583,-0.288988,-0.792395,-1.56667,-3.52161,-0.241065
-2.33763,-1.32033,-1.581,-2.61527,-3.19046,-0.327848,-0.21449,-0.0738366,-0.229808,-0.255497,1.23505,0.666642,0.660005,1.02331,2.32504,1.95049,0.647158,1.51906,1.70207,2.47859,-0.869402,-1.0639,-0.156687,0.00777907,-0.367267,-0.86372,-1.51345,-3.5297,-0.213754
-2.31374,-1.4091,-1.56044,-2.47497,-3.32541,-0.013115,0.141362,0.0843167,0.151667,-0.0689807,0.947995,0.577056,0.535962,0.916714,2.38927,2.13155,0.812207,1.40407,1.59483,2.81894,-0.914294,-1.0399,-0.150182,-0.00771242,-0.310291,-0.836372,-1.49166,-3.51033,-0.216077
-2.4564,-1.38346,-1.71085,-2.51002,-3.37907,-0.194128,-0.0576921,0.14795,0.173068,-0.237932,1.3229,0.725667,0.728814,0.871022,2.57056,2.26326,0.759448,1.50997,1.50789,2.8262,-0.936721,-1.06105,-0.193219,-0.0317521,-0.353452,-0.848216,-1.62173,-3.60702,-0.214918
-2.56081,-1.36081,-1.61869,-2.67633,-3.32929,-0.124604,-0.0203245,0.0540971,0.0903446,-0.13161,1.45053,0.711675,0.787826,1.18977,2.58799,2.30185,0.805571,1.52098,1.6383,2.80313,-0.832356,-1.05882,-0.183151,-0.0332189,-0.300861,-0.792922,-1.54273,-3.52429,-0.236697
-2.19496,-1.03457,-1.55015,-2.54392,-2.88105,-0.163214,-0.0740482,0.0316384,0.091279,-0.139476,1.07623,0.349457,0.652764,0.91309,2.02116,1.77759,0.321723,1.33287,1.39532,2.20263,-0.939686,-1.03731,-0.183425,0.0126844,-0.304178,-0.735403,-1.51271,-3.50676,-0.222925
-2.43395,-1.3814,-1.7683,-2.60935,-3.37505,-0.217426,-0.0814671,0.124288,0.00246835,-0.0626578,1.23376,0.633181,0.705342,0.904106,2.3348,2.30925,0.931806,1.61326,1.80629,2.89115,-0.882557,-1.05686,-0.173591,0.0264665,-0.316999,-0.786106,-1.56976,-3.54512,-0.244873
-2.1939,-1.06341,-1.42835,-2.40752,-2.72596,-0.171736,-0.00768719,0.110594,0.0849264,-0.141944,0.96646,0.328859,0.455297,0.875416,1.8498,1.90412,0.301432,1.23427,1.33387,2.07065,-0.862699,-1.03935,-0.209979,-0.0327733,-0.379797,-0.788267,-1.48116,-3.52341,-0.260745
-2.38703,-1.40516,-1.49522,-2.37858,-3.32625,-0.0259456,0.0549664,0.123837,-0.00587759,-0.0522266,1.12284,0.568316,0.495769,0.884527,2.24081,2.12864,0.769035,1.32424,1.53597,2.79478,-0.885873,-1.0236,-0.20137,-0.0151137,-0.318264,-0.833204,-1.48567,-3.45098,-0.226767
-2.55585,-1.48262,-1.6196,-2.62601,-3.05328,-0.093443,0.0307313,0.0577135,0.111259,-0.115842,1.47612,0.78428,0.696232,1.02843,2.23075,2.20968,0.701294,1.50207,1.77221,2.28333,-0.843703,-0.972805,-0.160535,-0.00347868,-0.360374,-0.798081,-1.5306,-3.4739,-0.187581
-2.36131,-1.29771,-1.4882,-2.43944,-3.26667,-0.196663,-0.138554,0.0552416,-0.0499218,-0.0564181,1.32599,0.721572,0.571455,1.10736,2.55239,2.13875,0.707032,1.41632,1.49846,2.66061,-0.85199,-1.04539,-0.176584,-0.0437302,-0.260758,-0.821823,-1.49678,-3.47477,-0.244872
-2.28705,-1.13167,-1.41383,-2.34983,-3.25164,-0.145487,-0.0931338,-0.0395087,-0.0524987,0.0623601,1.21139,0.489165,0.551985,0.757885,2.33972,1.9074,0.473336,1.24101,1.38972,2.56342,-0.915128,-1.05727,-0.184128,0.027202,-0.338434,-0.817937,-1.55843,-3.59434,-0.2648
-2.61975,-1.49444,-1.72187,-2.64379,-3.24897,-0.119817,-0.00572091,0.0883632,0.0149573,-0.051006,1.2783,0.567693,0.528569,0.897007,2.19909,2.30423,0.769416,1.56496,1.49257,2.62038,-0.945591,-1.07087,-0.190717,0.0507738,-0.338952,-0.804816,-1.56041,-3.48576,-0.229661
-2.2994,-1.3362,-1.52097,-2.54734,-3.22034,-0.190803,-0.0381165,0.0743311,0.0560266,-0.145507,1.09866,0.572263,0.493118,0.821342,2.29557,2.33509,0.866081,1.50979,1.74571,2.8877,-0.891123,-1.09154,-0.142997,0.0406443,-0.313359,-0.848016,-1.53118,-3.51331,-0.220599
-2.2588,-1.31018,-1.56784,-2.60305,-3.26271,-0.28073,-0.0796189,-0.0359386,0.0110256,-0.0748454,1.10747,0.461427,0.62496,0.932571,2.3715,2.00311,0.590063,1.41115,1.48256,2.47416,-0.844247,-1.02586,-0.202664,0.11523,-0.295358,-0.808233,-1.50328,-3.47519,-0.195217
-2.49393,-1.35443,-1.63701,-2.61511,-3.19531,-0.0816514,-0.0217128,0.130524,0.0744068,-0.0683645,1.25224,0.629616,0.607069,0.92769,2.31279,2.16505,0.61309,1.42083,1.67943,2.37348,-0.853316,-1.02863,-0.185085,0.0211812,-0.379428,-0.85828,-1.52838,-3.49939,-0.198244
-2.48377,-1.45134,-1.63543,-2.49133,-3.07484,-0.187072,0.0118652,0.0567099,-0.0663116,0.0143276,1.24569,0.636263,0.600738,0.73093,1.99691,2.32105,0.815712,1.52583,1.6653,2.49341,-0.834181,-1.01231,-0.202744,0.0119869,-0.352454,-0.800357,-1.56653,-3.45814,-0.226362
-2.50699,-1.41606,-1.65165,-2.72795,-3.27557,-0.0501411,-0.0496442,0.0139186,-0.0150213,-0.214097,1.53955,0.909307,0.834866,1.15605,2.51367,2.2021,0.751173,1.39775,1.69808,2.68149,-0.836903,-1.06277,-0.129773,0.0367021,-0.286935,-0.727118,-1.56333,-3.55325,-0.207687
-2.0924,-0.976454,-1.44914,-2.459,-2.79503,-0.0765436,-0.036669,0.105973,0.0194103,0.0664906,1.03478,0.486027,0.604708,0.887689,2.03508,1.70066,0.395874,1.25832,1.50033,2.18975,-0.891641,-1.04573,-0.202684,-0.020406,-0.311752,-0.779448,-1.52529,-3.54023,-0.245098
-2.50269,-1.39646,-1.76038,-2.70612,-3.33292,-0.102378,0.0259634,0.0814534,0.0182043,-0.0056068,1.31801,0.669436,0.745621,1.0159,2.34585,2.23949,0.756299,1.49796,1.72995,2.59992,-0.877756,-1.01637,-0.170052,0.0589061,-0.30217,-0.744429,-1.55138,-3.4799,-0.221832
-2.24954,-1.22167,-1.4738,-2.41269,-3.06485,-0.298013,-0.181179,-0.0425129,0.0292353,0.0182388,1.02144,0.493465,0.601583,0.747235,2.03829,2.12132,0.685821,1.39147,1.47361,2.4313,-0.843817,-1.02447,-0.204796,-0.0139307,-0.338342,-0.853196,-1.5019,-3.45306,-0.210902
-2.21119,-1.15224,-1.48184,-2.36171,-2.99305,-0.0958187,0.00154632,0.142306,-0.154393,0.171962,1.10005,0.50469,0.568743,0.83915,2.15365,1.81142,0.3648,1.30772,1.53504,2.17738,-0.899686,-1.06059,-0.185278,-0.0103039,-0.294043,-0.776807,-1.43539,-3.37757,-0.196801
-2.44268,-1.26982,-1.45931,-2.39693,-3.0497,-0.203588,-0.0568824,0.0616598,-0.193097,-0.189058,1.38694,0.711925,0.564844,1.02994,2.28591,2.17533,0.569262,1.32251,1.43408,2.38923,-0.957133,-1.0638,-0.157844,0.0300007,-0.354713,-0.800554,-1.5008,-3.4961,-0.21881
-1.97267,-0.986326,-1.50422,-2.23909,-3.07043,-0.308981,-0.155748,0.0857939,-0.103361,-0.0329536,0.94654,0.436772,0.471748,0.654624,2.32841,1.8336,0.394645,1.32343,1.29834,2.34822,-0.913694,-1.05285,-0.144759,0.0383725,-0.257663,-0.771816,-1.51309,-3.49156,-0.20665
-2.4012,-1.28696,-1.59183,-2.53155,-2.96665,-0.191576,-0.132872,-0.0099466,-0.0322085,-0.185688,1.21336,0.641639,0.652055,0.965021,2.10803,2.05859,0.61251,1.42354,1.58511,2.41245,-0.89233,-1.02848,-0.191757,-0.0229613,-0.30805,-0.782832,-1.53709,-3.50399,-0.197371
-2.37447,-1.32401,-1.59324,-2.5648,-3.23613,-0.18927,-0.0933167,-0.0048538,0.061538,-0.174096,1.42126,0.766578,0.791126,1.01206,2.47539,2.11764,0.68842,1.48806,1.495,2.67088,-0.928867,-1.04276,-0.185515,0.0521975,-0.341761,-0.797075,-1.55458,-3.55392,-0.2467
-2.44875,-1.27302,-1.53461,-2.49608,-3.41613,-0.0343409,0.112496,0.116994,0.128843,0.077408,1.17215,0.437198,0.506105,0.668334,2.51453,2.18205,0.628555,1.46315,1.63328,2.76841,-0.861277,-1.06208,-0.248112,0.0115118,-0.305316,-0.774111,-1.46141,-3.44342,-0.209686
-2.22378,-1.21642,-1.36207,-2.38734,-3.10291,-0.280359,-0.177408,-0.124617,-0.0160633,-0.244905,1.07685,0.530059,0.629714,0.842333,2.28084,1.76375,0.389184,1.22099,1.23984,2.32571,-0.890834,-1.07668,-0.134959,0.0123861,-0.364409,-0.86553,-1.52579,-3.54517,-0.173808
-2.25127,-1.20041,-1.52265,-2.42297,-3.0208,-0.190177,-0.0322297,-0.0526458,-0.0591976,-0.00515851,1.182,0.701358,0.592279,0.808162,2.3911,1.9394,0.486968,1.40417,1.43437,2.28151,-0.916653,-1.01293,-0.184209,0.00725469,-0.282653,-0.783521,-1.54272,-3.50562,-0.248498
-2.25611,-1.16858,-1.48243,-2.44917,-3.08769,-0.150786,-0.0554466,-0.0146275,0.055797,-0.153402,1.15253,0.492501,0.484126,0.734757,2.31479,2.04687,0.533581,1.30003,1.50819,2.46845,-0.930346,-1.06278,-0.138591,0.0173122,-0.317664,-0.768103,-1.51874,-3.51259,-0.182153
-2.53902,-1.26846,-1.65635,-2.70806,-3.0161,-0.0685327,-0.107851,0.107639,0.243984,-0.185884,1.31003,0.649496,0.630473,0.836743,2.23234,2.16057,0.643185,1.49071,1.70668,2.42374,-0.826073,-0.98395,-0.180007,0.00467143,-0.352236,-0.816411,-1.59915,-3.5408,-0.253351
-2.63361,-1.29948,-1.69402,-2.59964,-3.30586,-0.0404482,-0.0972284,0.0611844,0.116371,-0.119909,1.41449,0.545321,0.72507,1.01052,2.44818,2.3906,0.699593,1.5262,1.5408,2.67245,-0.871885,-0.988415,-0.154149,-0.0101997,-0.292809,-0.750525,-1.55618,-3.51957,-0.237756
-2.44221,-1.32696,-1.67762,-2.67708,-3.18696,-0.0260902,0.129621,0.180078,0.328114,0.28855,1.12306,0.461412,0.602495,0.680476,2.01457,2.17537,0.608848,1.475,1.43638,2.36944,-0.889891,-1.0408,-0.105929,0.0147768,-0.325789,-0.812327,-1.51576,-3.50266,-0.249215
-2.30801,-1.25233,-1.53629,-2.47224,-3.14818,-0.0893016,0.134072,0.160228,0.23606,0.0441368,1.10901,0.463674,0.531565,0.636919,2.27127,1.98639,0.492755,1.31933,1.34884,2.43297,-0.926122,-1.07456,-0.203782,-0.0320328,-0.34772,-0.856193,-1.53362,-3.5534,-0.237147
-1.97407,-0.918676,-1.51511,-2.46759,-2.73491,-0.223077,-0.161358,0.0203928,0.0296668,-0.133548,0.781565,0.366674,0.673942,0.80076,2.0904,1.77407,0.314943,1.42075,1.38559,2.18355,-0.945984,-1.09986,-0.197027,-0.0106848,-0.28212,-0.774338,-1.51798,-3.48294,-0.22728
-2.34989,-1.30411,-1.56728,-2.44548,-2.99743,-0.0660675,0.0434472,0.166342,0.0112556,-0.0421709,1.18047,0.565199,0.563285,0.968356,2.11221,2.01224,0.549869,1.36134,1.47238,2.36113,-0.873972,-1.03555,-0.181708,-0.0203365,-0.290057,-0.795687,-1.50947,-3.46786,-0.227656
-2.34667,-1.14713,-1.34029,-2.25062,-3.03743,-0.46172,-0.336876,-0.0848621,-0.22961,-0.424862,1.24097,0.531877,0.49104,0.64831,2.42046,2.32013,0.809693,1.34239,1.50191,2.63525,-0.903322,-1.06863,-0.145906,-0.0172603,-0.353633,-0.848204,-1.49439,-3.4875,-0.25398
-2.42561,-1.25593,-1.52042,-2.72329,-3.39876,-0.322707,-0.128129,0.0275673,-0.198298,-0.158656,1.39677,0.676314,0.569049,1.23551,2.54936,2.28311,0.601201,1.39627,1.89849,2.76012,-0.858558,-1.02682,-0.162904,0.064446,-0.348734,-0.762225,-1.47786,-3.49445,-0.240046
-2.07362,-0.950385,-1.36741,-2.42051,-2.94654,-0.140173,-0.090551,0.140447,0.118033,-0.113698,0.701951,0.119431,0.279862,0.629105,1.97686,1.85974,0.379524,1.14192,1.52921,2.33541,-0.896578,-1.05743,-0.206217,0.00614302,-0.357465,-0.818271,-1.51365,-3.52915,-0.242217
-2.41596,-1.32666,-1.56775,-2.6527,-3.19917,-0.265468,-0.0786071,0.0697929,0.045346,-0.171926,1.17646,0.595574,0.59037,0.856765,2.30617,2.2398,0.711134,1.44202,1.69372,2.54684,-0.898676,-1.0785,-0.223325,0.0012391,-0.261119,-0.795385,-1.45658,-3.45075,-0.25435
-2.4999,-1.35981,-1.64136,-2.5355,-3.28402,-0.127904,0.0761825,0.112663,0.152375,0.0903837,1.42493,0.616823,0.681617,0.827967,2.28953,2.28235,0.541744,1.31849,1.39264,2.48544,-0.861274,-1.06032,-0.126344,0.0264065,-0.307253,-0.828827,-1.54002,-3.4657,-0.193639
-2.40708,-1.43275,-1.64321,-2.54903,-3.33745,-0.181895,0.11597,0.116347,0.0737893,0.107199,1.23314,0.571573,0.657804,1.09265,2.41474,2.23231,0.719311,1.48534,1.57076,2.67448,-0.876325,-1.05943,-0.237019,-0.0179253,-0.306517,-0.880375,-1.51251,-3.52818,-0.208161
-2.33884,-1.15673,-1.46501,-2.57287,-3.26893,0.00074707,-0.023309,0.0997638,0.17607,-0.0560193,1.16327,0.515834,0.568355,0.898145,2.33743,2.14653,0.638838,1.3628,1.50025,2.77218,-0.855518,-1.02794,-0.192724,-0.0553397,-0.291174,-0.823426,-1.45095,-3.4549,-0.232665
-2.53761,-1.2717,-1.56649,-2.4674,-3.03389,-0.15845,-0.0531366,0.0727339,0.012829,-0.222058,1.23465,0.51014,0.454818,0.770626,2.31732,2.22434,0.637013,1.43644,1.4736,2.49917,-0.826722,-1.05756,-0.234844,-0.00309642,-0.393256,-0.829224,-1.52174,-3.43141,-0.223878
-2.24974,-0.983036,-1.4433,-2.59714,-2.85304,-0.0721773,0.0228092,0.0729539,0.207516,-0.0428619,0.906315,0.148194,0.490241,0.718944,1.81509,1.94077,0.328326,1.24542,1.45132,2.24825,-0.896445,-1.05604,-0.202845,-0.0184097,-0.364097,-0.843525,-1.48063,-3.5093,-0.260184
-2.56316,-1.32161,-1.50759,-2.64478,-3.32161,-0.012725,0.0731512,0.0712471,0.0837529,0.00737392,1.34951,0.608341,0.588903,0.90651,2.46326,2.14443,0.574616,1.34249,1.54906,2.71678,-0.90738,-1.0965,-0.195184,-0.0159093,-0.329788,-0.744014,-1.50617,-3.48375,-0.221736
-2.51102,-1.40152,-1.58185,-2.69546,-3.03083,-0.277417,-0.0639348,-0.0714734,-0.133683,-0.246087,1.4473,0.674189,0.698801,1.12927,2.16839,2.21123,0.730951,1.48757,1.76861,2.34682,-0.842898,-1.00234,-0.179762,0.0403351,-0.285078,-0.810168,-1.52132,-3.49919,-0.222267
-2.4723,-1.25769,-1.68047,-2.72235,-3.177,-0.125719,0.00261374,0.156594,0.148735,0.227016,1.27758,0.593791,0.634786,0.953756,1.99003,2.09681,0.546128,1.35997,1.60938,2.37744,-0.872097,-0.998055,-0.225399,0.0499175,-0.290396,-0.68423,-1.49283,-3.42397,-0.247751
-2.2741,-1.25257,-1.43128,-2.4536,-3.2485,-0.0667517,0.10504,0.0679361,0.0342717,0.106763,0.844103,0.269439,0.432861,0.683061,2.15817,1.96124,0.464156,1.34784,1.59115,2.60763,-0.892046,-1.08044,-0.191608,-0.0114435,-0.328807,-0.847842,-1.50768,-3.43073,-0.264132
-2.19878,-1.13702,-1.55999,-2.43955,-2.66495,-0.139843,-0.118491,0.0466744,0.0727121,-0.191396,0.982097,0.491083,0.6589,0.68719,1.85113,2.04718,0.723184,1.53151,1.55781,2.31414,-0.884401,-0.996907,-0.223693,-0.0215801,-0.268831,-0.764644,-1.45513,-3.44607,-0.242906
-2.42201,-1.30611,-1.57378,-2.52406,-3.22202,-0.334212,-0.0990532,-0.0561383,-0.110634,-0.00594249,1.40471,0.642191,0.679661,0.970982,2.43304,2.13704,0.563126,1.38254,1.52504,2.51424,-0.875976,-1.07508,-0.1812,-0.00774114,-0.330953,-0.767141,-1.55641,-3.57977,-0.230348
-2.57375,-1.57242,-1.68021,-2.57698,-3.60797,-0.1779,0.0617765,0.139866,0.148432,0.183672,1.31585,0.673232,0.750659,0.734915,2.53757,2.45206,0.927181,1.53637,1.58549,2.94433,-0.857896,-1.03786,-0.180182,-0.0290897,-0.325199,-0.857769,-1.5057,-3.47964,-0.213719
-2.12144,-1.07601,-1.46715,-2.25762,-3.00194,-0.453982,-0.223913,0.0038173,-0.198018,-0.239668,0.914694,0.458526,0.611452,0.808873,2.16575,2.03304,0.499434,1.42451,1.54659,2.42381,-0.872648,-1.05285,-0.172716,-0.0594825,-0.375245,-0.872134,-1.55902,-3.51618,-0.236231
-2.16357,-1.0772,-1.39385,-2.37691,-3.17723,-0.58602,-0.440706,-0.164713,-0.156781,-0.450237,1.20163,0.555253,0.43843,0.818601,2.18411,2.28917,0.723431,1.33921,1.60962,2.82762,-0.879949,-1.05361,-0.156811,-0.0338722,-0.331555,-0.813276,-1.48185,-3.48899,-0.263353
-2.1811,-1.30956,-1.47906,-2.41233,-3.20124,-0.0312746,0.137879,0.116002,0.0649697,-0.0581686,1.01658,0.609198,0.542778,0.888506,2.3769,1.90327,0.578449,1.42626,1.44958,2.58633,-0.965401,-1.06198,-0.157623,0.0220851,-0.358928,-0.851433,-1.49402,-3.51951,-0.211635
-2.39663,-1.36331,-1.58837,-2.44874,-3.12923,0.00576105,0.163304,0.0768656,0.121949,0.113355,1.16356,0.625337,0.552595,0.941634,2.3103,2.01736,0.558079,1.31174,1.26063,2.29178,-0.881608,-1.0518,-0.151683,0.0269856,-0.319708,-0.746512,-1.51934,-3.50042,-0.226738
-2.62731,-1.43401,-1.62911,-2.66723,-3.34804,-0.153784,0.0119221,0.117729,0.072339,0.107654,1.41854,0.740509,0.684111,1.0896,2.53981,2.29407,0.701524,1.4546,1.65065,2.58424,-0.951147,-1.04066,-0.170209,0.0142322,-0.318954,-0.757026,-1.5332,-3.5305,-0.275167
-2.27398,-1.20404,-1.50852,-2.61927,-2.96364,-0.132992,-0.11756,0.00199957,0.0409529,-0.318142,1.04852,0.529049,0.541844,0.895973,2.29305,1.88964,0.435432,1.33762,1.48538,2.19337,-0.879326,-1.08448,-0.175364,0.033321,-0.326686,-0.820383,-1.49875,-3.50439,-0.216576
-2.22732,-1.14901,-1.53268,-2.19926,-3.07304,-0.201092,-0.0602671,0.069658,-0.14694,-0.0350565,0.983205,0.361179,0.502201,0.622034,2.10398,1.99591,0.573898,1.44221,1.41414,2.31471,-0.880104,-1.02227,-0.21779,-0.0233001,-0.341546,-0.867221,-1.52046,-3.4655,-0.239684
-2.47511,-1.33618,-1.58494,-2.40869,-3.16814,0.0306067,0.211308,0.102155,-0.0485891,0.137135,1.19848,0.527274,0.610679,0.813949,2.25938,1.98596,0.468879,1.30373,1.28612,2.39805,-0.933968,-1.0842,-0.16496,-0.00431821,-0.354254,-0.837215,-1.50037,-3.48749,-0.247083
-2.38069,-1.3324,-1.65091,-2.40381,-3.06757,-0.0412638,0.0768102,0.168856,0.145959,-0.117182,1.20791,0.620487,0.678349,0.963351,2.19667,2.01251,0.545908,1.37345,1.35366,2.42187,-0.899255,-1.06079,-0.147587,-0.026117,-0.319849,-0.793728,-1.52914,-3.53864,-0.242629
-2.38433,-1.41187,-1.67338,-2.74073,-3.04485,-0.105115,-0.0164881,0.0961634,0.0172112,-0.205552,1.02855,0.563085,0.701875,1.05544,1.93837,1.92573,0.614609,1.46424,1.72323,2.3169,-0.905424,-1.04861,-0.143132,0.0446279,-0.310684,-0.819165,-1.53047,-3.53022,-0.217447
-2.15175,-1.14275,-1.39189,-2.56794,-2.77859,-0.273978,-0.0678058,-0.0950694,-0.0285848,-0.206303,1.0849,0.510858,0.479548,0.87176,2.09906,1.86533,0.420749,1.33368,1.46096,2.09775,-0.935641,-1.06451,-0.197663,0.0203691,-0.313249,-0.761777,-1.49029,-3.49401,-0.245895
-2.43113,-1.25988,-1.64894,-2.56864,-3.15553,-0.0243368,0.0518909,0.119785,0.113368,0.0587217,1.1746,0.563632,0.661342,0.912085,2.39961,2.17462,0.588361,1.38837,1.54151,2.57831,-0.841635,-1.00893,-0.132322,-0.00625423,-0.362449,-0.790027,-1.56681,-3.53291,-0.233094
-2.31623,-1.1085,-1.41282,-2.35657,-2.88205,-0.339162,-0.153687,-0.0984056,-0.0797104,-0.290279,1.24446,0.533755,0.610227,0.702628,2.12215,1.93036,0.37001,1.15115,1.41962,2.30622,-0.798064,-1.03778,-0.202746,-0.0302925,-0.344967,-0.817236,-1.5303,-3.49162,-0.254779
-2.29375,-1.30552,-1.52728,-2.4684,-3.24044,-0.181722,-0.0505069,-0.00308449,0.0369828,-0.13687,1.1071,0.463881,0.443249,0.808686,2.27135,2.00906,0.641318,1.31478,1.39926,2.68331,-0.851931,-1.05769,-0.151053,0.000358155,-0.305646,-0.819685,-1.56307,-3.50886,-0.2571
-2.24848,-1.1035,-1.55582,-2.56106,-2.94455,-0.447191,-0.309975,-0.0795672,-0.219094,-0.343487,1.28262,0.560221,0.699284,1.07183,2.14887,2.07446,0.525223,1.37021,1.6695,2.24557,-0.872047,-1.07684,-0.176282,0.0268931,-0.348277,-0.810963,-1.53431,-3.56127,-0.190782
-2.32496,-1.23227,-1.56867,-2.43396,-2.98965,-0.150367,-0.036773,-0.00563721,0.144238,-0.0972763,1.00443,0.491282,0.580329,0.853023,2.21815,2.22601,0.737541,1.6289,1.50774,2.44025,-0.886929,-0.986215,-0.194637,-0.0456471,-0.295974,-0.760356,-1.50483,-3.46564,-0.286166
-2.66646,-1.57109,-1.69472,-2.76044,-3.58661,-0.00167513,0.0742627,0.0983727,0.216638,0.148936,1.42458,0.780941,0.695928,1.10075,2.51899,2.20364,0.796869,1.50412,1.50061,2.71417,-0.893649,-1.07192,-0.199518,0.0611593,-0.294992,-0.794218,-1.50944,-3.47489,-0.179977
-2.47201,-1.37374,-1.45807,-2.46215,-3.3001,-0.15146,-0.00798634,-0.00824213,-0.0890625,-0.00111424,1.47106,0.782526,0.634219,1.01981,2.45851,2.24086,0.636935,1.32288,1.48571,2.68606,-0.853502,-1.03181,-0.152722,-0.0187401,-0.348958,-0.839314,-1.55298,-3.51449,-0.170916
-1.86745,-0.920664,-1.39954,-2.28869,-3.13758,-0.663749,-0.483043,-0.118908,-0.315002,-0.419262,0.853543,0.341836,0.425828,0.598298,2.28248,1.82112,0.387351,1.30976,1.43449,2.53573,-0.856563,-1.00407,-0.187553,0.0210193,-0.327503,-0.83743,-1.52391,-3.51835,-0.248841
-2.42307,-1.22831,-1.46719,-2.3794,-3.1853,0.014955,0.0289833,0.00257165,0.123021,0.0512853,1.22853,0.550767,0.592458,0.807867,2.19375,2.0036,0.417924,1.34209,1.24589,2.43684,-0.903442,-1.05776,-0.182753,-0.00382638,-0.313757,-0.785936,-1.49978,-3.47963,-0.232344
-2.3448,-1.51952,-1.65036,-2.65218,-3.40474,-0.00691223,0.206814,0.0371108,0.0768183,0.242971,1.06301,0.710157,0.611433,1.02555,2.38938,1.88612,0.61211,1.37921,1.45199,2.35839,-0.860144,-1.05241,-0.119226,0.0457443,-0.353472,-0.829108,-1.49948,-3.51044,-0.255301
-2.52898,-1.4495,-1.52808,-2.44302,-3.08346,-0.0767942,0.103216,0.104271,0.118571,0.0534295,1.26642,0.696565,0.543448,0.743641,1.99707,2.18688,0.560085,1.25012,1.35844,2.27155,-0.899164,-1.08769,-0.170844,-0.000306273,-0.339239,-0.802891,-1.53533,-3.46668,-0.234886
-2.44021,-1.25671,-1.6167,-2.50343,-3.06799,-0.253179,-0.12487,0.0622243,-0.0461677,-0.247131,1.03222,0.316347,0.382458,0.603521,1.97841,2.01085,0.603588,1.36722,1.41861,2.50166,-0.807367,-1.03386,-0.187762,-0.00414512,-0.280993,-0.747444,-1.52902,-3.46657,-0.197325
-2.49301,-1.31133,-1.62636,-2.71085,-3.05858,0.0172914,0.122739,0.189697,0.204549,0.215257,1.23065,0.552105,0.550183,0.89462,1.93519,1.93222,0.47334,1.36179,1.36846,2.18787,-0.809124,-0.998959,-0.185722,0.0645947,-0.304214,-0.764207,-1.50952,-3.47483,-0.197434
-2.42931,-1.34396,-1.45999,-2.35101,-3.14439,-0.0351712,0.0761007,0.0383102,-0.0522574,0.0650798,1.24701,0.756102,0.530003,0.874816,2.33416,2.08419,0.590026,1.31586,1.29566,2.41385,-0.879721,-1.01564,-0.162009,0.0154237,-0.317482,-0.805105,-1.48967,-3.4593,-0.232043
-2.36392,-1.36497,-1.61492,-2.50265,-3.24207,-0.209225,-0.00292436,0.0583208,0.0964662,-0.126039,1.36619,0.73798,0.671953,0.983425,2.44121,2.1771,0.765316,1.44964,1.47372,2.71611,-0.87871,-1.04534,-0.153142,-0.0218486,-0.328011,-0.823048,-1.52823,-3.56517,-0.269078
-2.35754,-1.20225,-1.59313,-2.61571,-2.94699,-0.380977,-0.124215,0.145154,-0.102767,-0.293088,1.22929,0.536856,0.609173,1.10756,2.2603,2.18822,0.657065,1.50796,1.84,2.5848,-0.926926,-1.04553,-0.184363,0.0427598,-0.365144,-0.837555,-1.50384,-3.46735,-0.200012
-2.58651,-1.40836,-1.61353,-2.57598,-3.42302,-0.135971,0.0215846,0.0312569,0.0492878,-0.0631305,1.30577,0.593388,0.714352,0.889736,2.58176,2.26919,0.645983,1.44668,1.54207,2.70289,-0.889188,-1.02297,-0.145232,0.0225172,-0.334661,-0.832086,-1.52004,-3.50107,-0.232287
-2.41122,-1.52994,-1.62697,-2.80088,-3.43365,-0.126602,0.115688,-0.0339164,0.392769,0.104422,1.23615,0.744377,0.68951,0.90707,2.51489,2.08248,0.758365,1.42179,1.58358,2.70839,-0.862471,-1.07753,-0.17887,0.0378723,-0.304594,-0.806167,-1.487,-3.46934,-0.251862
-2.50758,-1.31744,-1.58959,-2.58386,-3.15634,-0.154547,-0.174767,0.000224707,-0.194952,-0.0850586,1.40126,0.619513,0.612279,1.0675,2.24523,2.16103,0.651243,1.42126,1.58652,2.45064,-0.914616,-1.09508,-0.128715,0.0699079,-0.358401,-0.823889,-1.54612,-3.48566,-0.177222
-2.43278,-1.36183,-1.58542,-2.69381,-3.19582,-0.296376,-0.0986601,0.126487,0.22131,-0.217692,1.19431,0.483496,0.497777,0.77307,2.21517,2.0472,0.6348,1.38064,1.49123,2.53544,-0.850551,-0.992692,-0.172572,0.0602554,-0.347956,-0.816709,-1.49096,-3.44659,-0.195031
-2.23043,-1.05976,-1.36309,-2.41063,-3.22518,-0.31516,-0.153348,0.0358979,-0.0520052,-0.0880328,0.94656,0.370848,0.374403,0.688149,2.25947,1.97554,0.301263,1.12343,1.27849,2.4046,-0.943419,-1.08933,-0.222844,0.0106553,-0.311217,-0.818337,-1.49917,-3.5409,-0.26001
-2.57235,-1.37952,-1.67024,-2.68973,-3.20547,0.036966,0.0654827,0.208619,0.14419,0.222455,1.36146,0.621281,0.623047,1.06987,2.21655,2.15959,0.703793,1.41033,1.7154,2.45847,-0.836921,-1.05909,-0.180959,0.00636319,-0.337726,-0.867216,-1.53707,-3.50096,-0.227897
-2.55415,-1.41027,-1.64751,-2.57422,-3.30505,-0.301095,-0.282698,-0.0983667,-0.134793,-0.303797,1.34885,0.665339,0.617673,1.00467,2.37029,2.21827,0.860412,1.49748,1.55715,2.84711,-0.888981,-1.07797,-0.138207,-0.00974622,-0.357761,-0.799759,-1.56684,-3.55885,-0.223797
-2.5491,-1.40012,-1.63169,-2.57817,-3.14899,-0.09704,0.0271063,0.150594,0.171953,0.0225359,1.34062,0.726356,0.74209,0.921896,2.28947,2.1572,0.644088,1.4306,1.44985,2.44044,-0.847677,-1.03681,-0.187347,-0.0783292,-0.324006,-0.787713,-1.57782,-3.5362,-0.250638
-2.30616,-1.14461,-1.46987,-2.2923,-3.14691,0.00159219,0.0261623,0.125734,-0.0772966,0.079114,0.869418,0.271295,0.407243,0.552708,2.14439,1.94178,0.471042,1.33895,1.49781,2.52495,-0.892964,-1.06821,-0.221283,-0.0419468,-0.320477,-0.808653,-1.51556,-3.49692,-0.238182
-2.37194,-1.28948,-1.54035,-2.5261,-3.26185,-0.113092,0.140324,0.207712,0.228389,0.153,1.25436,0.624181,0.51517,0.841043,2.24548,2.06279,0.4254,1.32059,1.47323,2.42305,-0.856358,-1.01765,-0.202689,0.0390285,-0.256015,-0.760166,-1.52626,-3.49319,-0.228988
-2.61874,-1.54584,-1.61525,-2.77721,-3.44669,-0.0840303,-0.0206526,0.0895724,0.168214,-0.00965915,1.45677,0.901653,0.700171,1.16153,2.6811,2.20981,0.783704,1.34466,1.59465,2.64131,-0.908847,-1.0583,-0.19362,0.0259727,-0.356746,-0.818285,-1.52356,-3.5158,-0.208664
-2.41547,-1.26254,-1.65665,-2.63689,-2.91424,0.0225115,0.242037,0.186881,0.0582351,0.113994,1.21447,0.389009,0.668414,1.16366,1.96214,1.97677,0.464437,1.40507,1.68348,2.28103,-0.859743,-1.05268,-0.166753,0.00801581,-0.327207,-0.755858,-1.52463,-3.4388,-0.211776
-2.17661,-1.13964,-1.53889,-2.37413,-2.993,-0.255419,-0.127375,-0.0101036,0.0216637,-0.156677,1.01877,0.362575,0.507425,0.507576,2.07629,1.98783,0.505186,1.45471,1.32992,2.50655,-0.876256,-1.03646,-0.162806,0.0280496,-0.297865,-0.765942,-1.53291,-3.46254,-0.188044
-2.22529,-1.09674,-1.52325,-2.50824,-2.96027,-0.0946609,-0.0135918,0.144921,0.21974,-0.170846,0.785411,0.314982,0.418285,0.569968,1.98714,2.06077,0.513946,1.36665,1.5216,2.48628,-0.869522,-1.00677,-0.176463,0.0279749,-0.318396,-0.780069,-1.51951,-3.49787,-0.239231
-2.05731,-0.903549,-1.44052,-2.26122,-2.84532,-0.44647,-0.295069,-0.0715883,-0.0732527,-0.446231,1.04844,0.314935,0.528588,0.584944,2.3036,1.96241,0.430896,1.386,1.30181,2.5043,-0.850733,-1.0389,-0.208505,-0.0134164,-0.303368,-0.821157,-1.46531,-3.47129,-0.234483
-2.53783,-1.35304,-1.56415,-2.53163,-3.20577,-0.0261713,0.0124868,-0.107007,-0.0077342,-0.0905954,1.17163,0.476637,0.621183,0.857848,2.32687,2.35428,0.77382,1.59333,1.65028,2.70505,-0.938841,-1.10528,-0.209922,0.018658,-0.292462,-0.779343,-1.52087,-3.51488,-0.215424
-2.5791,-1.38135,-1.61672,-2.513,-3.18818,-0.142558,-0.052493,0.122841,0.0597495,-0.250249,1.31482,0.632184,0.4851,0.692919,2.29102,2.24255,0.634987,1.30876,1.33501,2.63446,-0.848734,-1.04072,-0.18908,0.0154584,-0.377779,-0.787833,-1.52758,-3.48808,-0.188024
-2.44822,-1.47494,-1.63234,-2.49244,-3.51351,-0.0462527,0.102775,0.146347,0.124817,0.0546532,1.40482,0.916043,0.715398,1.0687,2.72544,1.9899,0.587657,1.4286,1.4221,2.4734,-0.92865,-1.05703,-0.171972,0.0160966,-0.317319,-0.845059,-1.53715,-3.57722,-0.271864
-2.45177,-1.2654,-1.51938,-2.47718,-3.03343,-0.185606,-0.0515367,0.11067,0.0980549,-0.238126,1.32911,0.569489,0.538549,0.944105,2.17496,2.28923,0.716278,1.4385,1.57297,2.52153,-0.847746,-1.01324,-0.192566,-0.0178776,-0.330342,-0.824886,-1.53375,-3.47765,-0.241367
-2.47629,-1.49775,-1.72117,-2.65384,-3.41847,-0.216987,-0.096482,0.0641876,-0.00702279,-0.106149,1.18298,0.684336,0.719339,0.939131,2.45563,2.4547,0.993134,1.62644,1.84777,2.90647,-0.87894,-1.06985,-0.155639,0.0187238,-0.326315,-0.793664,-1.53764,-3.49851,-0.233154
-2.31046,-1.23268,-1.5925,-2.76705,-3.2024,-0.118595,-0.0371654,0.0560322,0.260767,0.00815054,1.02998,0.4957,0.551882,0.938237,2.18794,1.95341,0.445838,1.31909,1.64325,2.38867,-0.848981,-1.05033,-0.140646,0.0359342,-0.335699,-0.754967,-1.56073,-3.5229,-0.220077
-2.44568,-1.29047,-1.4987,-2.45908,-3.1119,-0.252496,-0.119136,0.0710564,0.0157766,-0.259386,1.42823,0.690257,0.548849,0.919286,2.41482,2.17356,0.557149,1.332,1.59981,2.44497,-0.861142,-1.03657,-0.172472,-0.0377812,-0.362932,-0.850183,-1.54942,-3.50006,-0.201218
-2.48665,-1.40743,-1.49928,-2.72265,-3.2327,-0.210071,-0.0911316,-0.00772267,0.19684,-0.146982,1.11517,0.644969,0.40842,0.668376,2.21227,2.20761,0.811362,1.27472,1.47008,2.59321,-0.923843,-1.06779,-0.165404,0.0250852,-0.292302,-0.777933,-1.51816,-3.51513,-0.214295
-2.24787,-1.13851,-1.63778,-2.43837,-3.02876,-0.250334,-0.0875591,0.0233762,-0.097311,-0.154801,1.14173,0.467649,0.635004,0.943959,2.04633,2.05026,0.565483,1.52771,1.51706,2.46637,-0.917727,-1.09421,-0.179893,-0.00917563,-0.351572,-0.855229,-1.54677,-3.59865,-0.258039
-2.58042,-1.55647,-1.65815,-2.63616,-3.36671,-0.199715,-0.0264543,0.0171774,-0.0283428,-0.158911,1.44747,0.838426,0.587339,0.872614,2.5469,2.24908,0.773195,1.41107,1.57295,2.64615,-0.865612,-1.03157,-0.204674,-0.0196088,-0.326843,-0.79427,-1.52555,-3.47456,-0.180037
-2.44304,-1.31308,-1.64174,-2.70855,-3.16283,-0.327882,-0.211444,0.003935,-0.062907,-0.379159,1.38597,0.674666,0.77753,0.995884,2.34048,2.12194,0.636775,1.47304,1.74606,2.58066,-0.885846,-1.04502,-0.176262,0.0229805,-0.364371,-0.768235,-1.44333,-3.43908,-0.1915
-2.47226,-1.3446,-1.60684,-2.57811,-3.13561,-0.105773,0.00367426,0.150385,0.0664757,-0.12882,1.14857,0.470887,0.523127,0.902977,2.20377,2.25518,0.572985,1.41152,1.7045,2.48099,-0.870285,-1.04091,-0.193634,0.0339608,-0.341245,-0.837468,-1.51999,-3.42141,-0.236378
-2.39499,-1.35216,-1.62922,-2.69462,-3.33117,-0.149025,0.0511761,0.0616304,-0.0342066,0.0529649,1.36123,0.744393,0.641064,1.12164,2.48909,2.1446,0.718652,1.45755,1.72507,2.62584,-0.833063,-1.02649,-0.148582,0.0416896,-0.260237,-0.693129,-1.51919,-3.57602,-0.182925
-2.425,-1.42331,-1.71804,-2.64852,-3.35368,-0.0740939,-0.0493796,0.0597384,0.123099,-0.134067,1.33356,0.713714,0.815458,0.973571,2.47532,2.26205,0.823009,1.57578,1.62972,2.83532,-0.914511,-1.05856,-0.214117,-0.0168722,-0.360512,-0.820668,-1.51524,-3.52496,-0.217571
-2.07329,-1.08133,-1.25558,-2.1565,-3.04979,-0.231533,-0.167762,-0.182218,-0.049325,-0.129691,0.936882,0.37823,0.428588,0.663256,2.14103,1.76235,0.329304,1.10532,1.2119,2.34513,-0.943357,-1.06152,-0.16502,0.00373507,-0.376103,-0.87616,-1.4914,-3.52164,-0.253209
-2.44947,-1.53415,-1.63773,-2.57452,-3.52266,-0.052819,0.12781,0.171837,0.0240331,0.0985331,1.32267,0.768167,0.671409,0.968306,2.54033,2.17109,0.750489,1.42598,1.63773,2.73146,-0.885738,-1.05693,-0.117295,0.00584905,-0.408902,-0.838527,-1.55215,-3.56997,-0.207247
-2.21689,-1.11446,-1.50494,-2.37692,-3.04688,-0.264087,-0.0830868,-0.117922,-0.0436817,-0.111165,1.1526,0.419409,0.651225,0.655115,2.18479,2.12333,0.576166,1.46158,1.49156,2.43709,-0.868775,-1.02686,-0.0987435,0.0636119,-0.364724,-0.834547,-1.50395,-3.53296,-0.205499
-2.04408,-0.92664,-1.3763,-2.17167,-2.76959,-0.21659,-0.0179606,0.00202099,0.0798891,-0.018331,0.975759,0.288095,0.506441,0.684913,1.81746,1.74839,0.117118,1.09095,1.07392,2.02061,-0.848152,-1.0022,-0.173762,-0.00808754,-0.315497,-0.817122,-1.49956,-3.48648,-0.251685
-2.4481,-1.22565,-1.58703,-2.56213,-3.2249,-0.15322,-0.110337,0.0269191,0.136877,-0.116942,0.987742,0.299564,0.48113,0.577294,1.98485,2.21044,0.52633,1.2993,1.49124,2.49648,-0.797297,-1.06222,-0.175235,0.00360688,-0.339031,-0.806098,-1.54978,-3.50797,-0.202343
-2.41392,-1.33809,-1.59961,-2.51819,-3.2388,-0.105695,-0.0210165,0.0659211,0.0627834,-0.0721922,1.03182,0.465935,0.391249,0.572747,2.30722,2.26333,0.741674,1.43058,1.5498,2.60427,-0.875475,-1.03208,-0.149371,0.0245026,-0.300878,-0.736903,-1.56139,-3.49919,-0.233362
-2.4144,-1.14998,-1.44522,-2.43821,-2.99358,-0.22863,-0.20366,-0.00516182,0.145936,-0.27665,1.2218,0.526894,0.583047,0.782879,2.20312,2.18962,0.574105,1.30592,1.45715,2.46249,-0.829195,-0.982015,-0.154036,0.0356552,-0.328423,-0.840766,-1.47483,-3.39229,-0.240156
-2.30633,-1.3273,-1.65525,-2.56092,-3.38666,-0.25288,-0.0135321,0.0434446,-0.0662311,-0.0230757,1.23654,0.702256,0.742101,0.944618,2.57452,2.18703,0.721211,1.56937,1.72161,2.77227,-0.853136,-1.01313,-0.183164,-0.0310224,-0.31461,-0.809963,-1.51849,-3.49278,-0.235841
-2.30366,-1.27252,-1.53583,-2.42678,-3.26493,-0.234323,-0.0751391,-0.045829,-0.0477461,-0.142062,1.29918,0.625117,0.727847,1.02448,2.47155,2.02299,0.641573,1.40713,1.44781,2.72657,-0.852872,-1.03712,-0.161435,-0.0260298,-0.321234,-0.852466,-1.51966,-3.50251,-0.209264
-2.24246,-1.10405,-1.56869,-2.5767,-3.13647,-0.296128,-0.16543,0.111485,0.0274701,-0.127321,1.13161,0.45293,0.631959,1.01222,2.21644,1.96322,0.544109,1.42111,1.60239,2.51255,-0.888104,-1.03928,-0.135653,-0.0264051,-0.306867,-0.818581,-1.53644,-3.48733,-0.224716
-2.42089,-1.21292,-1.55391,-2.61883,-3.20641,-0.227525,-0.203458,-0.10376,-0.0908923,-0.149092,1.22433,0.614725,0.698503,1.0225,2.36229,2.16044,0.553231,1.3911,1.52652,2.46087,-0.843621,-0.985852,-0.19697,0.0364855,-0.299306,-0.79338,-1.50278,-3.39359,-0.144603
-2.1863,-1.05753,-1.33373,-2.31596,-2.76649,-0.179888,0.0171601,0.0551811,0.0114356,-0.0877533,1.06435,0.310159,0.327684,0.811444,1.8714,1.94256,0.295594,1.1515,1.18776,2.16897,-0.913074,-1.04759,-0.198086,0.0510893,-0.330221,-0.800573,-1.53224,-3.43352,-0.195704
-2.27941,-1.34985,-1.55053,-2.52951,-3.11265,-0.292239,-0.049488,-0.103197,-0.129502,-0.202018,1.19445,0.593395,0.735638,1.03475,2.16575,2.06411,0.685031,1.50118,1.55228,2.49995,-0.894121,-1.08009,-0.188708,-0.0180522,-0.344551,-0.815408,-1.53123,-3.55662,-0.230322
-2.25522,-1.15013,-1.5003,-2.49862,-3.18427,-0.24608,-0.0847081,0.11419,-0.0164709,-0.108538,1.12065,0.471072,0.401699,0.830629,2.37871,2.18391,0.59653,1.28676,1.59343,2.59527,-0.822737,-1.0222,-0.216096,0.0002811,-0.315474,-0.799697,-1.4756,-3.42382,-0.235381
-2.42362,-1.18944,-1.43438,-2.44868,-2.99197,-0.0545196,-0.02618,0.0174391,-0.00388163,-0.0831602,1.28983,0.466719,0.507441,0.909649,2.17983,2.13662,0.589515,1.30978,1.59152,2.48439,-0.902555,-1.08528,-0.182777,0.00686356,-0.353478,-0.852678,-1.52521,-3.47129,-0.20931
-2.55572,-1.26774,-1.54116,-2.55407,-3.21164,0.109802,0.0805875,0.168064,0.268463,0.00986593,1.23592,0.511025,0.505461,0.807788,2.31469,2.27175,0.61703,1.35048,1.58197,2.7332,-0.884677,-1.0216,-0.194611,-0.00211734,-0.344289,-0.873574,-1.50953,-3.48957,-0.233452
-2.42519,-1.56627,-1.6535,-2.65017,-3.67102,-0.236387,0.102341,0.107407,0.110401,0.314929,1.33849,0.862515,0.666141,1.22161,2.59963,2.11575,0.87057,1.48187,1.55267,2.85898,-0.970868,-1.08508,-0.205863,0.0103035,-0.31984,-0.822207,-1.50006,-3.50997,-0.249915
-2.22914,-1.18725,-1.37455,-2.37803,-3.15186,-0.0577423,-0.00206476,0.0153843,0.063319,-0.0215789,0.880171,0.36073,0.369043,0.69004,2.14924,1.92712,0.681487,1.31034,1.46182,2.66805,-0.882263,-1.02341,-0.159903,0.0242798,-0.299989,-0.795654,-1.47732,-3.45109,-0.211822
-2.26236,-1.1688,-1.47672,-2.48431,-2.91914,-0.263224,-0.222199,0.0225495,-0.176888,-0.263555,1.34627,0.696684,0.607547,1.07436,2.40095,1.96585,0.546697,1.32804,1.45763,2.2769,-0.888465,-1.02476,-0.175666,-0.00743931,-0.298811,-0.736002,-1.49633,-3.49613,-0.206059
-2.32461,-1.16917,-1.54738,-2.45741,-2.972,-0.134334,-0.114685,0.028009,-0.0183691,-0.1464,1.16061,0.441007,0.585799,0.985811,2.08055,1.87299,0.342054,1.34813,1.53373,2.14796,-0.858732,-1.00136,-0.167435,-0.00986464,-0.384244,-0.80482,-1.50985,-3.50018,-0.244863
-2.23351,-1.17674,-1.53713,-2.36118,-2.96786,-0.409145,-0.132409,-0.141342,-0.182374,-0.338723,1.11007,0.403371,0.611698,0.854124,2.20935,2.11872,0.660017,1.43577,1.47865,2.5995,-0.85041,-1.01132,-0.206981,0.0388595,-0.310922,-0.783645,-1.56623,-3.48501,-0.22536
-2.4377,-1.35991,-1.64063,-2.60637,-3.20116,-0.0883982,0.00580416,0.102977,-0.011771,0.0297875,1.21513,0.625793,0.655037,0.93853,2.30103,2.11629,0.686075,1.42061,1.64511,2.54329,-0.865038,-1.03851,-0.160556,0.0227653,-0.319765,-0.790456,-1.52516,-3.46722,-0.231249
-2.61718,-1.40331,-1.54663,-2.62551,-3.19969,-0.17827,-0.0481124,-0.0416714,0.0423965,-0.0572217,1.49597,0.70413,0.536826,0.881528,2.2662,2.31639,0.70589,1.34018,1.39817,2.50365,-0.858852,-1.06876,-0.116596,0.0603297,-0.334714,-0.769638,-1.58468,-3.57405,-0.228273
-2.16732,-1.18698,-1.55011,-2.31323,-3.22481,-0.230069,-0.0241229,0.0862216,-0.022463,-0.00670291,1.04671,0.527118,0.594827,0.831499,2.3576,2.03478,0.559345,1.43116,1.38761,2.5855,-0.874594,-1.05027,-0.150985,-0.023151,-0.328695,-0.823796,-1.50039,-3.50705,-0.236821
-2.42555,-1.48059,-1.71486,-2.84941,-3.26269,-0.126578,0.036603,0.142341,0.24839,-0.062514,1.16093,0.664338,0.66445,1.2108,2.28972,2.18751,0.76428,1.51147,1.61681,2.66022,-0.93836,-1.17119,-0.161966,0.0554232,-0.344476,-0.78818,-1.56402,-3.52933,-0.22495
-2.67213,-1.45337,-1.73974,-2.80695,-3.27526,0.00140505,0.0369953,0.113949,0.12624,0.0586287,1.48248,0.773082,0.767367,1.14151,2.23464,2.40649,0.804138,1.58423,1.76356,2.71205,-0.924438,-1.03633,-0.195156,-0.00822271,-0.307976,-0.759452,-1.5548,-3.54915,-0.203258
-2.13675,-1.19258,-1.45878,-2.47925,-2.91612,-0.19767,-0.0314577,-0.0657315,0.0806433,-0.143073,0.905781,0.467834,0.504024,0.689319,2.02976,1.82822,0.484424,1.29722,1.35224,2.31573,-0.875621,-1.02995,-0.189433,0.00715308,-0.300528,-0.711982,-1.51117,-3.44452,-0.208448
-2.33555,-1.2636,-1.55735,-2.54323,-3.08478,-0.244968,-0.0993641,0.0193349,-0.0747866,-0.276823,1.06884,0.448559,0.503031,0.713579,2.14143,2.17279,0.627455,1.44945,1.6388,2.51439,-0.870063,-1.10715,-0.147366,0.0356946,-0.329002,-0.775881,-1.53473,-3.53753,-0.226959
-2.43218,-1.22774,-1.53463,-2.49377,-3.2305,-0.323339,-0.183084,0.0385014,-0.19701,-0.115106,1.30024,0.524316,0.563554,1.11463,2.39357,2.21998,0.46283,1.31093,1.35623,2.46028,-0.844455,-1.06586,-0.181115,-0.0279493,-0.355163,-0.842757,-1.50851,-3.53288,-0.190878
-2.52024,-1.32519,-1.7466,-2.63358,-3.21862,-0.076215,-0.0793353,0.108988,0.0490233,-0.0747031,1.2202,0.547471,0.605808,0.815432,2.33626,2.30658,0.717953,1.51056,1.64911,2.67432,-0.888359,-1.08261,-0.154635,0.00296577,-0.331405,-0.846963,-1.60274,-3.57302,-0.239821
-2.3248,-1.35056,-1.58866,-2.77093,-3.22352,-0.1259,0.108132,0.0830415,0.0803207,-0.00358363,1.16375,0.4268,0.55052,1.04463,2.16945,2.05101,0.632102,1.42256,1.78532,2.65288,-0.869499,-1.11028,-0.208252,-0.0237755,-0.287176,-0.794615,-1.54736,-3.51057,-0.239032
-2.65051,-1.43428,-1.68222,-2.92494,-3.31479,0.038036,0.19367,0.189194,0.266383,0.125144,1.32783,0.621582,0.657609,1.06457,2.28254,2.23807,0.642603,1.37193,1.7848,2.56192,-0.914104,-1.06517,-0.168692,0.0352162,-0.356494,-0.788248,-1.55231,-3.56914,-0.212267
-2.60885,-1.46616,-1.58805,-2.71137,-3.58324,0.0480594,0.150897,0.170352,0.319631,0.163659,1.41201,0.741671,0.641018,0.894531,2.6564,2.33602,0.697617,1.42654,1.8062,2.92459,-0.849655,-1.05813,-0.201669,-0.00589587,-0.346907,-0.858113,-1.44089,-3.40464,-0.176593
-2.44487,-1.38044,-1.65838,-2.65628,-3.25611,0.0702192,0.1857,0.199128,0.22159,0.0588963,1.0638,0.320392,0.618443,0.942619,2.09895,2.08754,0.606532,1.47655,1.56245,2.47888,-0.882788,-1.04236,-0.205524,0.0379502,-0.356103,-0.822225,-1.49504,-3.43447,-0.183485
-2.54198,-1.43045,-1.64568,-2.72894,-3.49838,-0.133218,-0.00217352,0.128632,0.0293252,0.0523693,1.29649,0.549845,0.650571,1.13278,2.39339,2.22111,0.73611,1.4503,1.68268,2.70009,-0.881895,-1.0885,-0.134086,0.0141205,-0.32114,-0.792209,-1.46859,-3.42664,-0.183219
-2.59458,-1.51884,-1.5604,-2.75306,-3.33131,-0.200625,0.0253138,-0.0336416,-0.00870436,-0.0291248,1.15364,0.51661,0.606811,0.829599,2.10471,2.10166,0.54266,1.33435,1.58597,2.42561,-0.862506,-1.0592,-0.183847,0.0074454,-0.335878,-0.824545,-1.46646,-3.44336,-0.180419
-2.35708,-1.21895,-1.53555,-2.26322,-3.19642,-0.21794,-0.118325,0.0672703,-0.0685199,0.00629932,1.26758,0.655961,0.639819,0.862931,2.27369,2.00216,0.504198,1.34433,1.33446,2.51033,-0.898026,-1.07303,-0.156141,-0.00208211,-0.294802,-0.822963,-1.53108,-3.50932,-0.263325
-2.55166,-1.59717,-1.75881,-2.79506,-3.46841,-0.0677244,0.011569,0.0989003,0.284627,-0.043985,1.2503,0.728714,0.763204,0.867356,2.67179,2.33729,0.926441,1.61406,1.68091,2.82838,-0.886153,-1.08534,-0.194844,0.0344038,-0.300216,-0.744632,-1.53273,-3.44903,-0.187017
-2.22214,-1.20827,-1.56837,-2.60019,-3.09348,-0.13841,-0.00578598,0.12317,0.218461,-0.0145052,0.855022,0.294624,0.48796,0.817179,2.11044,2.18345,0.753349,1.45957,1.64916,2.59984,-0.853274,-1.02795,-0.155187,0.0404704,-0.346734,-0.837298,-1.55949,-3.47062,-0.23251
-2.30643,-1.20018,-1.48118,-2.42587,-3.12573,-0.036512,0.0997513,0.155533,0.126766,-0.0516602,1.23293,0.433362,0.648019,1.00809,2.13881,1.87575,0.406017,1.20596,1.35636,2.27453,-0.848057,-1.0239,-0.206063,-0.0514957,-0.341939,-0.861662,-1.48939,-3.45066,-0.185237
-2.28582,-1.19431,-1.56929,-2.59969,-3.1018,-0.197213,-0.0964532,0.0742386,0.0985684,0.0183289,1.06392,0.475349,0.606552,0.892481,2.13608,2.12115,0.7071,1.4918,1.67241,2.50519,-0.902208,-1.06258,-0.170635,-0.0533809,-0.237587,-0.769796,-1.52996,-3.52547,-0.23494
-2.4711,-1.42539,-1.55868,-2.63015,-3.41188,-0.232165,-0.00915057,0.0710816,0.0805249,-0.082604,1.31696,0.569943,0.458633,1.01058,2.56911,2.16548,0.702556,1.36243,1.5604,2.66589,-0.850053,-1.00206,-0.177771,0.0555492,-0.263853,-0.810471,-1.53585,-3.47949,-0.188777
-2.34284,-1.26231,-1.4438,-2.42361,-3.16977,-0.105854,-0.00879439,-0.0786953,0.0100908,0.0346265,1.15444,0.59061,0.52043,0.825561,2.26447,1.92876,0.532289,1.25246,1.40401,2.36545,-0.84787,-1.01277,-0.15639,0.0151772,-0.337655,-0.806898,-1.51657,-3.4794,-0.220659
-2.21393,-1.18753,-1.52158,-2.52802,-3.00713,-0.185414,-0.063741,0.0691918,-0.0332442,-0.0627349,1.21963,0.552707,0.545048,0.853252,2.05248,1.89864,0.446412,1.36166,1.52497,2.271,-0.827535,-1.03922,-0.1735,0.0128445,-0.295926,-0.792007,-1.53939,-3.5444,-0.183006
-2.39231,-1.30326,-1.54773,-2.48969,-3.15344,-0.289859,-0.132486,-0.0897674,-0.100184,-0.0903463,1.42017,0.671601,0.733682,1.07816,2.3184,2.14703,0.609487,1.46485,1.52696,2.52668,-0.913517,-1.07556,-0.217133,0.0021924,-0.343932,-0.851082,-1.49673,-3.51142,-0.247012
-2.39121,-1.25325,-1.58838,-2.67776,-3.17756,0.0129991,0.0195649,0.0871276,0.174559,0.158605,1.29873,0.620128,0.750421,1.06219,2.19916,1.99851,0.584333,1.4038,1.61813,2.43189,-0.881572,-1.03929,-0.146568,0.00390374,-0.338703,-0.832913,-1.53946,-3.50726,-0.191074
-2.08039,-1.10891,-1.45624,-2.49119,-2.96169,-0.17532,0.114275,0.107133,0.131349,0.0601822,0.711729,0.20887,0.340615,0.555977,1.81162,1.99956,0.559963,1.3358,1.51644,2.37335,-0.893813,-1.02852,-0.183915,-0.00502699,-0.254509,-0.733428,-1.5133,-3.52981,-0.242737
-2.42264,-1.33723,-1.47299,-2.52655,-3.23868,-0.059237,-0.0689158,-0.0826259,0.040368,-0.230049,1.14458,0.541029,0.57863,0.763235,2.28063,2.09643,0.609718,1.28464,1.52547,2.56843,-0.870481,-1.04915,-0.177698,0.0182794,-0.300857,-0.820313,-1.56785,-3.50978,-0.207713
-2.42805,-1.33126,-1.66396,-2.48496,-3.31945,-0.125931,-0.0596502,0.0897185,0.0207587,-0.140456,1.43578,0.757678,0.785394,1.07972,2.47506,2.16678,0.7803,1.57477,1.7076,2.79493,-0.886116,-1.04708,-0.167676,-0.0836375,-0.296728,-0.812467,-1.48958,-3.48471,-0.261384
-2.19205,-1.22117,-1.47325,-2.47206,-3.01076,-0.136564,0.103394,0.0110937,-0.0711317,0.127843,0.930211,0.377457,0.534317,0.851222,1.82748,1.90822,0.524983,1.39233,1.50254,2.31933,-0.879034,-1.05308,-0.167281,0.00264138,-0.361353,-0.82123,-1.48679,-3.51543,-0.207557
-2.48592,-1.42171,-1.59894,-2.48923,-3.26028,-0.349351,-0.231258,0.0446849,-0.0628216,-0.321883,1.21609,0.649847,0.553788,0.794561,2.3467,2.38614,0.853361,1.40072,1.62521,2.81745,-0.851696,-1.02287,-0.168281,-0.013301,-0.304833,-0.869868,-1.53907,-3.46315,-0.224856
-2.36283,-1.31107,-1.57017,-2.47116,-3.35586,-0.0561185,0.135922,0.0631327,0.177962,0.184001,1.19315,0.597912,0.677142,0.909259,2.4638,2.08388,0.537301,1.3762,1.44199,2.52851,-0.877298,-1.01639,-0.176648,-0.0230799,-0.29726,-0.782631,-1.50796,-3.43832,-0.205096
-2.52986,-1.31618,-1.68985,-2.63936,-3.16569,-0.180213,-0.0422431,0.0722833,0.0937258,-0.00482717,1.32492,0.7508,0.727587,0.951677,2.21326,2.12076,0.533138,1.46462,1.48084,2.4445,-0.848667,-1.05476,-0.190973,-0.00838212,-0.355146,-0.787862,-1.55982,-3.52113,-0.195883
-2.49711,-1.25518,-1.61516,-2.47436,-3.00737,-0.182531,-0.119803,0.0502354,-0.098821,-0.272382,1.33105,0.585783,0.712185,1.04554,2.09559,2.28324,0.631919,1.4412,1.69929,2.42919,-0.814759,-1.02976,-0.183041,0.0231015,-0.313305,-0.831518,-1.53335,-3.47297,-0.154356
-2.30346,-1.39851,-1.68022,-2.5569,-3.30863,-0.0814844,0.0921071,0.130366,0.0275651,0.0697995,1.02448,0.580392,0.669066,0.801468,2.23895,1.98172,0.650572,1.5141,1.58586,2.62956,-0.888862,-1.06917,-0.193833,-0.00460872,-0.285004,-0.763628,-1.48703,-3.43208,-0.214064
-2.37766,-1.26068,-1.73319,-2.59257,-3.08855,-0.314889,-0.142814,-0.00777311,-0.0328479,-0.076076,1.07585,0.415906,0.627017,0.842232,2.04143,2.28286,0.781715,1.61252,1.70205,2.57807,-0.906304,-1.07098,-0.13179,0.0563094,-0.31977,-0.778445,-1.58722,-3.54707,-0.226648
-2.57901,-1.41198,-1.58648,-2.68853,-3.32344,-0.16437,0.026776,0.0572476,0.0865786,-0.0628175,1.31065,0.48276,0.572031,0.828088,2.23491,2.17474,0.494267,1.34562,1.62235,2.55018,-0.898437,-1.08034,-0.223737,7.71105e-05,-0.375634,-0.904574,-1.50091,-3.4909,-0.230894
-2.24397,-1.11167,-1.47252,-2.52089,-3.03067,-0.302419,-0.185159,-0.0577213,-0.151316,-0.376118,1.03051,0.347782,0.421606,0.713289,2.4032,2.08473,0.629199,1.46645,1.70503,2.60834,-0.930736,-1.01352,-0.143116,0.0396589,-0.303516,-0.798763,-1.52111,-3.50354,-0.252124
-2.49667,-1.38485,-1.77686,-2.66425,-3.13097,-0.0966445,0.0694218,0.243519,0.157033,-0.0508776,1.32803,0.610615,0.766462,1.14949,2.21368,2.20345,0.723373,1.53449,1.65124,2.51652,-0.873858,-1.01979,-0.179186,-0.0417854,-0.286452,-0.750685,-1.44476,-3.42577,-0.219503
-2.25116,-1.12991,-1.42953,-2.39362,-3.10209,-0.268334,-0.109341,-0.0033078,0.132697,-0.11942,1.04803,0.476409,0.461672,0.700761,2.35984,2.02648,0.43687,1.25894,1.34227,2.43319,-0.832463,-1.03515,-0.133549,0.000336428,-0.288556,-0.815038,-1.50315,-3.41908,-0.243318
-2.54327,-1.34804,-1.55083,-2.60859,-3.26281,-0.0655609,-0.0024797,0.117285,-0.0978907,0.157709,1.23455,0.468462,0.530135,0.981884,2.11101,2.04743,0.567851,1.27225,1.4878,2.4202,-0.864873,-1.06195,-0.156793,0.0117327,-0.357738,-0.806453,-1.53743,-3.51076,-0.208862
-2.32764,-1.15217,-1.64575,-2.71938,-3.08663,-0.216324,-0.0377198,0.0936463,0.194191,0.00112711,1.18978,0.440256,0.672227,0.872546,2.19654,2.04828,0.487783,1.48556,1.54549,2.47202,-0.925218,-1.08457,-0.182292,0.0623117,-0.318074,-0.84404,-1.53093,-3.49624,-0.222207
-2.36038,-1.33873,-1.65929,-2.49121,-3.03382,-0.227855,-0.0695196,0.171333,-0.0486257,-0.206953,1.19353,0.605548,0.660881,0.872587,2.25404,2.18388,0.782333,1.45755,1.49017,2.53343,-0.890692,-1.045,-0.208031,0.0190184,-0.350744,-0.800196,-1.52871,-3.50511,-0.17432
-2.60517,-1.40118,-1.66992,-2.5662,-3.34495,0.00754877,0.080355,0.103846,0.0407819,0.123285,1.39529,0.623034,0.651727,0.93989,2.42491,2.18831,0.622261,1.53817,1.69826,2.59676,-0.927105,-1.07461,-0.139536,0.0223127,-0.349273,-0.868954,-1.55485,-3.55916,-0.248944
-2.38702,-1.30708,-1.60104,-2.64669,-3.23235,-0.237033,-0.0289471,-0.0152565,-0.0289147,-0.129453,1.28458,0.653395,0.799069,1.13383,2.50357,1.98324,0.572181,1.42068,1.58234,2.54033,-0.856555,-1.06231,-0.16481,0.00335879,-0.326015,-0.831428,-1.55961,-3.56177,-0.22314
-2.41265,-1.3222,-1.59143,-2.5693,-2.84606,-0.0441052,0.0148603,0.00220972,0.0556788,-0.109803,1.22176,0.483698,0.583804,0.779397,1.83352,2.00148,0.536735,1.40977,1.53734,2.09161,-0.867948,-1.07755,-0.229329,0.0538116,-0.369705,-0.789751,-1.50501,-3.51193,-0.205691
-2.26047,-1.20994,-1.37983,-2.33315,-3.08813,-0.173662,0.081699,0.0328508,0.0443873,0.0214938,0.968528,0.354156,0.393408,0.648322,2.0461,2.11098,0.705381,1.31806,1.38132,2.52771,-0.915964,-1.03526,-0.167229,0.0420661,-0.316178,-0.79424,-1.46454,-3.41322,-0.216919
-2.25562,-1.15557,-1.45706,-2.2579,-3.00711,-0.282134,-0.180656,0.0203334,-0.0941722,-0.174866,1.18701,0.549027,0.486422,0.625066,2.28209,2.02037,0.506568,1.27873,1.26054,2.38016,-0.879953,-1.05834,-0.21813,-0.0249515,-0.332051,-0.83594,-1.49688,-3.50339,-0.203645
-2.31985,-1.14643,-1.46438,-2.48481,-3.14828,-0.259406,-0.0346162,0.0629012,0.128293,-0.0854029,1.26447,0.507473,0.504173,0.903406,2.14791,2.05087,0.505405,1.28218,1.45122,2.49768,-0.902411,-1.0154,-0.233482,-0.00492303,-0.31548,-0.810717,-1.45861,-3.49882,-0.236086
-2.42742,-1.21671,-1.49111,-2.48764,-3.28494,-0.140624,-0.103604,-0.0117479,0.0267024,-0.092499,1.24349,0.556245,0.53817,0.934748,2.41433,2.16097,0.552934,1.39113,1.47428,2.7327,-0.926346,-1.09846,-0.200488,-0.0127582,-0.33678,-0.82894,-1.54322,-3.54447,-0.26003
-2.32441,-1.20192,-1.42522,-2.28239,-3.16033,-0.151656,-0.105157,0.0817563,0.0536962,-0.0205796,1.34643,0.666034,0.461156,0.646392,2.17144,2.14869,0.685391,1.36473,1.40966,2.63873,-0.856295,-1.02779,-0.205342,0.0378692,-0.321231,-0.797877,-1.48859,-3.45154,-0.260464
-2.2394,-1.19774,-1.46517,-2.49506,-3.04008,-0.33639,-0.147385,0.00240885,0.0519244,-0.162535,1.11445,0.565225,0.504686,0.859713,2.25832,2.06899,0.605976,1.27018,1.53996,2.42976,-0.850724,-1.02125,-0.192979,-0.0220188,-0.348428,-0.806682,-1.53122,-3.54916,-0.231124
-2.39585,-1.34202,-1.61279,-2.5444,-3.21869,-0.223606,0.0251869,0.130086,0.0588884,-0.00846287,1.36022,0.777607,0.72412,0.9691,2.47138,2.04505,0.540042,1.42279,1.43128,2.43857,-0.839256,-1.01705,-0.193755,-0.00398777,-0.318324,-0.780639,-1.49282,-3.45388,-0.22726
-2.38222,-1.28539,-1.38684,-2.32248,-3.19718,-0.148301,-0.0915835,-0.0405088,-0.00734804,-0.133912,1.18345,0.53329,0.413453,0.681638,2.19086,2.282,0.734371,1.43581,1.45341,2.65331,-0.933857,-1.04344,-0.228263,-0.0455252,-0.338881,-0.822589,-1.49819,-3.52608,-0.262899
-2.51802,-1.41079,-1.56387,-2.62492,-3.07213,-0.0074435,0.156013,0.149314,0.204736,-0.0955419,1.36702,0.583826,0.544057,0.784297,2.28684,2.25565,0.645163,1.40372,1.63311,2.33019,-0.952712,-1.0983,-0.190691,-0.0504863,-0.339826,-0.857206,-1.50557,-3.54247,-0.206586
-2.36534,-1.18692,-1.58758,-2.72529,-3.03716,-0.189663,-0.0932489,0.132534,0.0178741,0.0647721,1.24228,0.570241,0.612867,1.18123,2.17469,2.05956,0.451782,1.42709,1.72251,2.21034,-0.868329,-1.04337,-0.204657,0.00820093,-0.298198,-0.847136,-1.52608,-3.519,-0.24115
-2.45874,-1.26784,-1.76515,-2.79177,-3.30584,-0.158058,-0.142373,0.0642366,0.0404258,-0.179504,1.29194,0.597347,0.813778,1.19979,2.51577,2.29565,0.733956,1.64201,1.71166,2.7609,-0.888434,-1.05459,-0.168106,0.0934086,-0.277352,-0.76869,-1.54816,-3.56808,-0.207008
-2.12158,-1.06698,-1.37943,-2.20678,-3.14815,-0.154424,-0.00900919,0.0487757,-0.0617178,0.0668052,0.891953,0.261756,0.461091,0.542328,2.12234,1.93149,0.407872,1.23312,1.32103,2.42749,-0.906577,-1.0419,-0.14591,0.0838255,-0.342597,-0.803088,-1.50128,-3.47547,-0.182985
-2.26202,-1.17471,-1.60866,-2.34965,-2.94081,-0.182989,-0.0975197,0.133413,0.0210786,-0.353864,1.21011,0.774356,0.788263,0.99544,2.48951,2.09101,0.581465,1.42431,1.58902,2.55047,-0.912862,-1.04139,-0.162422,0.010936,-0.345428,-0.828387,-1.55967,-3.59018,-0.268377
-2.23689,-1.31681,-1.56461,-2.35899,-3.16154,-0.190878,0.0369199,0.0192909,-0.0797016,-0.075016,0.978926,0.573451,0.543781,0.621448,2.29967,1.88782,0.50154,1.33158,1.33037,2.36719,-0.850053,-1.0414,-0.136871,0.0119626,-0.303292,-0.763743,-1.50285,-3.46229,-0.192962
-2.35176,-1.24649,-1.53462,-2.49576,-3.19636,-0.205045,-0.106247,-0.00198918,-0.00601657,-0.090663,1.1856,0.569243,0.527313,0.905475,2.30331,2.09147,0.528472,1.33345,1.5068,2.47291,-0.8401,-1.00914,-0.111231,0.00941381,-0.314343,-0.770053,-1.53358,-3.4947,-0.200913
-2.39128,-1.33621,-1.62696,-2.69589,-3.00769,-0.192616,-0.141771,0.0155944,-0.0212784,-0.0861848,1.20591,0.731943,0.722466,0.994359,2.10945,1.93651,0.630135,1.47457,1.63771,2.18828,-0.863215,-1.04524,-0.196753,0.00550137,-0.312974,-0.757984,-1.54115,-3.54264,-0.245391
-2.07358,-1.17877,-1.47028,-2.42279,-3.04288,-0.203509,-0.0564154,-0.0019891,0.00255089,-0.164163,0.954199,0.33542,0.488661,0.895157,1.96892,1.85839,0.550649,1.37818,1.52387,2.51382,-0.913606,-1.0859,-0.168463,-0.0192056,-0.371836,-0.857622,-1.48838,-3.50355,-0.213774
-2.34642,-1.2067,-1.55688,-2.53848,-3.19069,-0.0887819,-0.00828062,0.0270552,0.174234,-0.00366008,1.09719,0.42764,0.606275,0.947651,2.06031,2.02354,0.529315,1.35428,1.63344,2.45407,-0.890072,-1.03435,-0.128855,0.0360991,-0.346754,-0.881268,-1.50032,-3.50021,-0.250418
-2.37108,-1.31234,-1.58682,-2.63747,-2.94994,-0.101701,0.0102306,0.104139,0.128322,-0.0981572,1.00788,0.500016,0.652854,0.939263,1.99892,2.20764,0.647307,1.35186,1.51954,2.36602,-0.9251,-1.04893,-0.142147,0.0316945,-0.326934,-0.763053,-1.51341,-3.44414,-0.228162
-2.38464,-1.42039,-1.64556,-2.62362,-3.49301,-0.402646,-0.148325,-0.00193461,-0.0626725,-0.204981,1.31958,0.754139,0.717345,1.13734,2.59643,2.24943,0.867139,1.57657,1.80792,3.00269,-0.843692,-1.05347,-0.188967,-0.0507233,-0.339857,-0.85879,-1.53224,-3.52616,-0.249945
-2.52565,-1.395,-1.6419,-2.54555,-3.13494,-0.146085,-0.0305166,0.00368757,-0.0251744,-0.19495,1.05502,0.442242,0.515187,0.755009,2.0536,2.24999,0.631214,1.48544,1.56288,2.42987,-0.907095,-1.08275,-0.134202,0.0566995,-0.32789,-0.776649,-1.58289,-3.55548,-0.233913
-2.27647,-1.21229,-1.39475,-2.41431,-3.19196,-0.0529347,-0.0173722,0.0621901,0.0627586,-0.0406091,1.10813,0.591414,0.476098,0.940835,2.42756,2.01271,0.529122,1.20912,1.53151,2.58368,-0.873697,-1.00552,-0.170131,-0.0302346,-0.366359,-0.824847,-1.52097,-3.51723,-0.223181
-2.3732,-1.23407,-1.43397,-2.32636,-3.08553,-0.0503254,0.0944058,0.102053,-0.0060989,-0.0196193,1.20929,0.543793,0.548205,0.950211,2.14274,2.1766,0.573624,1.32909,1.59745,2.42718,-0.846918,-0.982278,-0.184472,0.00684135,-0.366401,-0.853926,-1.47533,-3.4232,-0.247539
-2.44691,-1.31626,-1.59303,-2.67158,-3.39231,-0.120439,0.0539994,0.134973,0.269142,0.127089,1.30653,0.603916,0.683705,0.936595,2.45044,2.14827,0.580696,1.43152,1.66166,2.57483,-0.899357,-1.08196,-0.217275,-0.0233255,-0.338098,-0.839357,-1.57034,-3.51306,-0.248227
-2.37116,-1.35601,-1.60111,-2.50871,-3.19056,-0.0986823,0.0114086,0.132364,0.162088,-0.0556964,1.15175,0.536789,0.602331,0.705843,2.22517,2.08589,0.610134,1.37627,1.53185,2.56517,-0.817226,-1.00136,-0.177366,0.0590512,-0.311726,-0.86332,-1.49622,-3.39761,-0.201455
-2.1867,-1.03217,-1.43451,-2.35628,-2.94139,-0.294625,-0.126018,-0.0135934,-0.123621,-0.152362,1.17731,0.448521,0.537148,0.781494,1.90091,1.78265,0.195407,1.17346,1.29422,2.14635,-0.854496,-1.02582,-0.204858,0.00734228,-0.290963,-0.747179,-1.53672,-3.5046,-0.264788
-2.33955,-1.36207,-1.56773,-2.58779,-3.15289,-0.141274,0.016941,0.0743951,0.00431691,0.0408716,1.31314,0.770839,0.726803,1.1583,2.17134,2.0745,0.596389,1.36414,1.56831,2.39596,-0.872924,-1.0406,-0.138743,0.0309279,-0.343993,-0.778409,-1.53852,-3.4973,-0.189925
-2.36077,-1.24295,-1.61014,-2.46111,-3.1936,0.028162,0.0928533,0.097042,0.343022,0.169243,0.897424,0.375551,0.510979,0.526859,2.01832,2.01269,0.492164,1.42616,1.31686,2.37541,-0.890356,-1.04132,-0.170699,0.0388253,-0.321105,-0.793242,-1.5362,-3.48934,-0.234972
-2.40122,-1.38884,-1.56655,-2.58891,-3.15397,-0.157861,-0.0734622,0.0453357,0.06075,-0.0764177,1.0715,0.452264,0.498748,0.701108,1.98869,2.01103,0.666177,1.35142,1.5266,2.54724,-0.815103,-1.03685,-0.141024,0.0627998,-0.346165,-0.800024,-1.52236,-3.46219,-0.213791
-2.52597,-1.31508,-1.5908,-2.62779,-3.31216,-0.0549808,0.0174205,0.073064,0.119418,-0.0354277,1.24074,0.455709,0.458136,0.831406,2.28382,2.25551,0.733607,1.48869,1.58151,2.81224,-0.899987,-1.04101,-0.16742,0.0698241,-0.370652,-0.796345,-1.54055,-3.53235,-0.229313
-2.411,-1.20448,-1.46707,-2.59724,-3.20545,0.0646443,0.0691453,0.114508,0.0973145,0.0856483,1.16581,0.421799,0.455285,0.960264,2.21622,1.89574,0.301097,1.20757,1.41842,2.35328,-0.904524,-1.08698,-0.157578,0.0481193,-0.331136,-0.794636,-1.52758,-3.51153,-0.189257
-2.5765,-1.47214,-1.58217,-2.61469,-3.27207,-0.151731,-0.0485799,-0.00275581,-0.109653,0.0520403,1.26968,0.549953,0.556795,0.929292,2.12052,2.23345,0.728715,1.41085,1.54309,2.39037,-0.885188,-1.05206,-0.192085,0.0402477,-0.340684,-0.802527,-1.49576,-3.42292,-0.20067
-2.35236,-1.17775,-1.43183,-2.39397,-3.12908,0.173515,0.180937,0.152099,0.162564,0.155209,1.01258,0.445444,0.494754,0.877543,2.15073,1.98886,0.453622,1.27443,1.43662,2.24084,-0.931878,-1.02967,-0.219807,0.00246258,-0.335527,-0.804504,-1.4772,-3.47471,-0.250339
-2.23105,-1.24762,-1.45021,-2.40089,-2.80812,-0.0160999,0.0788142,0.0594083,0.0149749,0.0466483,0.984556,0.43076,0.490232,0.700944,1.83382,1.97529,0.567872,1.37004,1.51213,2.178,-0.836636,-1.02852,-0.205033,-0.0260309,-0.301881,-0.781768,-1.46528,-3.42012,-0.251767
-2.34383,-1.19626,-1.57888,-2.47771,-3.29287,-0.400004,-0.308688,-0.0116534,-0.173441,-0.304997,1.32703,0.517572,0.629312,0.82137,2.43697,2.0755,0.605867,1.43976,1.54668,2.6571,-0.906501,-1.05386,-0.156156,0.0014553,-0.338055,-0.809127,-1.52121,-3.50026,-0.217781
-2.25949,-1.14054,-1.35424,-2.20471,-2.80751,-0.287415,-0.115247,-0.0146928,-0.082242,-0.106001,1.18541,0.495252,0.348427,0.558591,2.14997,1.97322,0.394326,1.2197,1.17814,2.16228,-0.888819,-1.07522,-0.221962,-0.0571803,-0.370178,-0.805185,-1.55604,-3.47259,-0.221345
-2.28226,-1.41548,-1.63727,-2.48914,-3.33974,-0.276186,-0.0434396,0.0335992,-0.130753,-0.111417,1.039,0.417597,0.520125,0.788679,2.16985,1.98784,0.685389,1.48538,1.55787,2.58082,-0.894578,-1.01473,-0.183275,-0.0157009,-0.290788,-0.797198,-1.50908,-3.48577,-0.217742
-2.28197,-1.04944,-1.51423,-2.43892,-2.97828,-0.0707487,0.016149,0.042895,0.0739559,-0.191691,1.05528,0.382816,0.567157,0.804394,2.1652,1.86956,0.320692,1.34834,1.3511,2.23591,-0.851727,-0.98131,-0.152205,-0.00031109,-0.323983,-0.766285,-1.53476,-3.54148,-0.21538
-2.40132,-1.39434,-1.67649,-2.42168,-3.2695,-0.228176,-0.230362,-0.0456603,-0.0462503,-0.251005,1.29674,0.777877,0.727302,0.744508,2.49813,2.16915,0.837299,1.5515,1.47512,2.70585,-0.886622,-1.0452,-0.201544,0.0212446,-0.346399,-0.832027,-1.5436,-3.52902,-0.194344
-2.30613,-1.03049,-1.48639,-2.30777,-2.91617,-0.128202,-0.0912122,0.134919,-0.125495,-0.0156344,1.12508,0.230844,0.477405,0.701191,1.98713,1.95203,0.341895,1.21191,1.29942,2.23911,-0.879603,-1.06738,-0.196871,-0.0474295,-0.363862,-0.790406,-1.52485,-3.52721,-0.219926
-2.45884,-1.26659,-1.64885,-2.65813,-3.0263,-0.10103,-0.0569947,0.131806,0.161772,-0.0358006,1.06256,0.484711,0.565057,0.752535,1.9376,1.95566,0.3901,1.36837,1.29072,2.22202,-0.859825,-1.0855,-0.137974,0.0211336,-0.331821,-0.751242,-1.5783,-3.50834,-0.194136
-2.46767,-1.29968,-1.59032,-2.4687,-3.40484,0.0116615,0.0300124,0.145122,0.234365,0.041869,1.14967,0.55165,0.444701,0.802711,2.41515,2.17564,0.561832,1.37188,1.30295,2.60398,-0.899055,-1.08186,-0.15927,0.00909637,-0.353427,-0.808784,-1.5599,-3.49499,-0.220405
-2.44555,-1.30895,-1.59706,-2.69855,-3.16747,-0.120901,-0.068952,0.0308644,0.238006,-0.0934748,1.19426,0.556432,0.567452,0.752066,2.03983,2.03442,0.562371,1.44822,1.56526,2.47099,-0.857698,-1.06172,-0.129326,0.0169225,-0.320482,-0.798702,-1.51548,-3.49927,-0.195532
-2.31909,-1.27215,-1.43203,-2.33662,-2.96278,-0.103724,0.0983062,0.0331732,-0.0893259,-0.011689,0.957396,0.335442,0.457099,0.778217,1.96153,1.82331,0.342009,1.14122,1.15325,2.00843,-0.843937,-1.03793,-0.1615,0.0175038,-0.340963,-0.848514,-1.50771,-3.49539,-0.207502
-2.36757,-1.22115,-1.46496,-2.33727,-3.02768,-0.180527,-0.00132475,0.0189557,-0.0952795,-0.178429,1.35065,0.647476,0.606605,1.00069,2.47081,2.02427,0.49457,1.31005,1.26861,2.50726,-0.846326,-1.05554,-0.177339,-0.0188159,-0.336866,-0.812011,-1.54437,-3.52204,-0.199238
-2.40855,-1.33121,-1.57791,-2.52012,-3.02894,-0.218343,-0.121223,-0.0797503,-0.135701,-0.0917891,1.12952,0.582158,0.679547,0.762236,2.02641,1.91132,0.555405,1.43623,1.6266,2.21692,-0.813611,-1.0286,-0.221642,-0.0453776,-0.337162,-0.846099,-1.52293,-3.50384,-0.172916
-2.5709,-1.57228,-1.70334,-2.69336,-3.4563,-0.0982178,0.0958194,0.0891808,0.0707805,-0.0614207,1.22417,0.558533,0.625829,0.858189,2.13537,2.3378,0.739325,1.43289,1.61854,2.81617,-0.855585,-1.09736,-0.187379,0.0441158,-0.385448,-0.871271,-1.58228,-3.54398,-0.196831
-2.02598,-1.19561,-1.36206,-2.36389,-3.08151,-0.221317,-0.0370796,0.00546755,0.0736143,0.112379,0.913192,0.410048,0.402992,0.831768,2.04411,1.81578,0.569114,1.29679,1.33847,2.43132,-0.856111,-0.985324,-0.178953,0.0457718,-0.33569,-0.843857,-1.41683,-3.46557,-0.214405
-2.5976,-1.44969,-1.66117,-2.66898,-3.11858,-0.0975068,0.0947955,0.0554824,-0.0181097,0.0690185,1.18384,0.464659,0.660794,0.854802,1.91036,2.16092,0.644486,1.41843,1.60528,2.31947,-0.875579,-1.03252,-0.195167,0.0433822,-0.3359,-0.79587,-1.55556,-3.49559,-0.204516
-2.37258,-1.29538,-1.5324,-2.41985,-3.40368,-0.114314,0.014699,0.049757,0.0756964,0.113551,1.17822,0.655906,0.648556,0.806945,2.50474,2.00117,0.585222,1.30542,1.24989,2.61705,-0.859384,-1.01513,-0.158873,0.0707924,-0.338562,-0.837863,-1.51486,-3.50494,-0.252997
-2.30882,-1.32026,-1.45973,-2.37672,-3.19563,0.0487945,0.223919,0.0964933,0.0694451,0.0664542,1.04246,0.58043,0.574635,0.774852,2.33957,1.85006,0.44738,1.24939,1.41868,2.48485,-0.874937,-1.0637,-0.179449,0.00107882,-0.365359,-0.831967,-1.486,-3.46483,-0.202079
-2.40091,-1.28377,-1.62778,-2.66774,-3.29667,-0.119216,0.00485995,0.0771851,0.139911,-0.104015,1.11579,0.470011,0.620037,0.935021,2.22306,1.9776,0.439587,1.43503,1.46109,2.51018,-0.9307,-1.06302,-0.188671,0.0617383,-0.340016,-0.817307,-1.53677,-3.54318,-0.261987
-2.39443,-1.27833,-1.57939,-2.56107,-3.28926,-0.140508,-0.0653512,0.0913606,0.0132727,-0.0123469,1.21013,0.612838,0.505657,0.967301,2.33812,2.05706,0.520615,1.37243,1.3566,2.45684,-0.816841,-1.00446,-0.207712,0.0164224,-0.301037,-0.812957,-1.48984,-3.43067,-0.189702
-2.39614,-1.26768,-1.55304,-2.43093,-3.19541,-0.310945,-0.165103,-0.0116659,-0.101614,-0.151061,1.10837,0.414796,0.493137,0.751267,2.23508,2.35295,0.823019,1.56503,1.78476,2.80312,-0.890843,-1.05522,-0.186762,-0.0139806,-0.311137,-0.830077,-1.48461,-3.43943,-0.238797
-2.17375,-1.15297,-1.3997,-2.3115,-3.22387,-0.167167,0.11421,-0.0196076,0.0361895,0.067486,0.998346,0.384443,0.501452,0.695371,2.39103,1.98763,0.480109,1.33641,1.43227,2.63605,-0.902696,-1.06181,-0.161923,-0.0291559,-0.335069,-0.832589,-1.51484,-3.51848,-0.259359
-2.51272,-1.32994,-1.64146,-2.66092,-3.11884,-0.309011,-0.11281,0.0921672,-0.0340145,-0.231198,1.34178,0.614939,0.635194,1.04243,2.26168,2.20994,0.583344,1.32833,1.61898,2.45461,-0.821699,-1.02368,-0.166463,0.0364926,-0.349749,-0.825754,-1.55743,-3.50501,-0.245798
-2.51047,-1.43891,-1.5284,-2.54022,-3.29559,-0.0748975,0.115201,-0.00732473,0.0275346,0.168556,1.25442,0.575453,0.59007,0.785416,2.16007,2.13226,0.653801,1.43066,1.48372,2.52959,-0.857815,-1.0393,-0.152874,0.0022738,-0.357818,-0.841923,-1.55322,-3.52382,-0.207781
-2.3572,-1.34614,-1.51951,-2.63744,-3.47923,-0.12449,-0.0447342,-0.0331324,-0.0547146,-0.0962464,1.17735,0.585693,0.49557,0.861754,2.57004,2.03806,0.667955,1.36259,1.67332,2.79736,-0.86154,-1.07127,-0.164219,0.00609461,-0.338285,-0.791644,-1.58139,-3.58902,-0.203535
-2.23393,-1.05914,-1.55071,-2.36697,-2.88976,-0.238687,-0.131152,0.120308,0.07644,-0.201726,1.14999,0.39478,0.569052,0.740409,2.13536,2.14674,0.538136,1.40408,1.55342,2.54632,-0.907626,-1.05705,-0.182743,-0.0117661,-0.355486,-0.818127,-1.5281,-3.47048,-0.256934
-2.32603,-1.29275,-1.61268,-2.51541,-3.1566,-0.422815,-0.15168,-0.0339475,-0.071242,-0.251008,1.26845,0.603417,0.633014,0.91886,2.47064,2.20863,0.733266,1.49546,1.63576,2.65031,-0.916961,-1.02039,-0.19927,0.0222164,-0.382027,-0.791763,-1.5567,-3.51401,-0.221572
-2.24283,-1.10247,-1.54196,-2.59182,-2.95814,-0.405709,-0.326876,0.0140708,-0.0690254,-0.173935,1.19307,0.533645,0.678467,1.17864,2.01709,2.11505,0.627958,1.35022,1.80613,2.44302,-0.889092,-1.0095,-0.17321,0.0431717,-0.335434,-0.800513,-1.52036,-3.42001,-0.185528
-2.36487,-1.14562,-1.51258,-2.48844,-2.78409,-0.0225693,-0.0326369,0.144577,0.191833,-0.15461,1.09804,0.456143,0.502664,0.770755,1.8454,2.19149,0.708641,1.43547,1.58638,2.40907,-0.904538,-1.03914,-0.181371,-0.0491809,-0.296328,-0.833492,-1.53793,-3.57056,-0.282098
-2.46697,-1.32229,-1.65896,-2.45381,-3.2557,-0.12774,-0.0281953,0.060081,-0.0198978,-0.0573034,1.3901,0.667959,0.70397,0.861268,2.41322,2.06655,0.548435,1.49295,1.3487,2.34513,-0.864589,-1.03745,-0.184318,-0.00205356,-0.329201,-0.76732,-1.48856,-3.48251,-0.216257
-2.23192,-1.1552,-1.48707,-2.51635,-2.92625,-0.230919,-0.184725,-0.147975,-0.228214,-0.369081,1.01286,0.44981,0.622737,0.941829,2.12328,1.87586,0.414008,1.36963,1.49154,2.19185,-0.875277,-1.09994,-0.193118,-0.0224648,-0.337533,-0.827887,-1.49026,-3.54565,-0.243176
-2.31281,-1.28736,-1.53842,-2.47057,-3.25102,-0.301184,-0.062882,0.0725445,-0.018581,-0.052654,1.22326,0.581097,0.637364,0.858825,2.2948,2.05244,0.561432,1.42387,1.4794,2.62694,-0.888389,-1.12297,-0.16821,-0.0115029,-0.320849,-0.887735,-1.53207,-3.54043,-0.227187
-2.49462,-1.36561,-1.64157,-2.44376,-3.30737,-0.00672212,0.175742,0.178189,0.0938886,0.102492,1.4064,0.705826,0.658537,0.860016,2.36712,2.16833,0.663365,1.46373,1.38613,2.59692,-0.86892,-1.02829,-0.195296,0.00986917,-0.303985,-0.775142,-1.48402,-3.47838,-0.199421
-2.40427,-1.301,-1.44664,-2.48861,-3.08447,-0.068342,0.10333,0.0489952,-0.0208104,0.0104577,1.15428,0.49576,0.451254,0.84861,2.13088,2.09106,0.60317,1.23495,1.40441,2.38156,-0.930866,-1.06925,-0.198864,0.0730538,-0.360945,-0.785951,-1.49436,-3.45274,-0.240812
-2.38763,-1.31465,-1.56422,-2.43562,-3.18757,-0.0132855,0.0304636,0.126227,-0.0828543,-0.012068,1.13854,0.615434,0.531694,0.83237,2.32861,1.93881,0.415399,1.2463,1.34775,2.3548,-0.819947,-1.08739,-0.155525,-0.031094,-0.350976,-0.830222,-1.56549,-3.56053,-0.200012
-2.23724,-1.19877,-1.50005,-2.38586,-3.29162,-0.276418,-0.153885,-0.02585,-0.18635,-0.140086,0.943944,0.314535,0.465135,0.67283,2.30271,2.1046,0.661096,1.44384,1.60629,2.75171,-0.898994,-1.05469,-0.199224,-0.0166562,-0.28435,-0.820785,-1.49047,-3.49169,-0.223412
-2.17482,-1.24189,-1.64537,-2.5201,-2.9525,-0.325323,-0.0794659,0.116895,-0.0240276,-0.135283,1.08294,0.549914,0.687662,1.00837,2.17275,2.07956,0.61517,1.43848,1.61486,2.31915,-0.892914,-1.05886,-0.163036,0.00818591,-0.324326,-0.805725,-1.55073,-3.54824,-0.207851
-2.38373,-1.37496,-1.61009,-2.74747,-3.15449,-0.241126,-0.00640446,0.0036153,0.113642,0.052962,1.24456,0.630504,0.649529,1.03216,2.13236,2.12996,0.673948,1.49396,1.69633,2.42489,-0.884507,-1.07394,-0.179888,-0.0477331,-0.310031,-0.827591,-1.48683,-3.51642,-0.285286
-2.57959,-1.40187,-1.64882,-2.64603,-3.42882,-0.0257658,0.0857386,0.141798,0.189592,0.239136,1.53904,0.696398,0.679371,1.02502,2.48767,2.14621,0.562039,1.43087,1.6364,2.56744,-0.89475,-1.09977,-0.202581,-0.0365701,-0.365101,-0.880217,-1.54035,-3.51109,-0.248428
-2.26833,-1.24421,-1.52746,-2.37838,-3.23437,-0.227292,0.0246355,0.0433694,-0.0418743,-0.0335556,1.09128,0.387612,0.572577,0.758654,2.26917,2.09465,0.64118,1.44194,1.51924,2.5944,-0.912045,-1.06575,-0.20209,-0.0274082,-0.345426,-0.827004,-1.50886,-3.52571,-0.252515
-2.55459,-1.46769,-1.6534,-2.48573,-3.41288,-0.0556723,0.0608804,0.0770692,-0.188309,0.033035,1.26178,0.611588,0.6833,0.803729,2.24388,2.21272,0.808908,1.4851,1.50113,2.72386,-0.872,-1.08319,-0.105495,0.0585988,-0.335669,-0.833863,-1.52339,-3.51625,-0.231634
-2.26974,-1.28458,-1.59094,-2.47388,-3.21183,-0.240972,-0.0698539,0.035905,-0.0769587,-0.105625,1.10038,0.642378,0.68544,0.734068,2.34151,2.08279,0.73044,1.44537,1.58128,2.64518,-0.90496,-1.08038,-0.160296,0.028197,-0.278636,-0.796273,-1.54552,-3.53613,-0.222323
-2.09198,-1.13204,-1.44502,-2.39111,-2.97393,-0.292608,-0.0109074,0.101995,0.111671,-0.119745,0.983142,0.417894,0.461368,0.812306,2.04642,1.84646,0.394874,1.26666,1.28175,2.41274,-0.848639,-1.01585,-0.166185,0.0472396,-0.295251,-0.782335,-1.51137,-3.49455,-0.194333
-2.44587,-1.41907,-1.721,-2.73754,-3.24168,-0.131833,0.0477397,0.135349,-0.0193547,0.0736861,1.03544,0.466487,0.595916,1.01436,2.04481,2.21949,0.692465,1.53957,1.69546,2.49497,-0.872092,-1.05943,-0.156063,-0.0205832,-0.341354,-0.792455,-1.53313,-3.50434,-0.205951
-2.49496,-1.24773,-1.60508,-2.41685,-3.07363,-0.206271,-0.0663642,0.0165046,0.0500756,-0.095809,1.36763,0.47117,0.714055,0.950958,2.1094,2.28061,0.660663,1.53123,1.508,2.43501,-0.880434,-1.01563,-0.190991,-0.0287292,-0.329233,-0.82026,-1.53262,-3.46041,-0.211842
-2.29135,-1.17372,-1.46644,-2.37058,-3.12192,-0.187556,-0.079404,0.00348878,-0.10904,-0.0244278,1.10731,0.404136,0.527046,0.866326,1.96133,2.07636,0.644496,1.35385,1.48092,2.59021,-0.853448,-1.0166,-0.207696,-0.00987588,-0.347545,-0.796979,-1.49022,-3.48491,-0.262621
-2.23912,-1.16894,-1.48186,-2.32323,-2.96872,-0.16686,-0.038875,-0.00212334,0.0327948,-0.130828,1.07295,0.382411,0.506228,0.546226,1.8281,2.01034,0.671891,1.41325,1.26696,2.46069,-0.809978,-0.955629,-0.174983,-0.031084,-0.266966,-0.777706,-1.50879,-3.48827,-0.231417
-2.4222,-1.31245,-1.54228,-2.55847,-3.18224,-0.180916,-0.0106738,0.0612815,-0.0160536,-0.097474,1.26169,0.672088,0.692149,1.13026,2.58709,2.26628,0.698607,1.45951,1.70905,2.73657,-0.891911,-1.08458,-0.206977,-0.0268623,-0.349984,-0.834283,-1.51486,-3.53732,-0.24364
-2.4557,-1.31241,-1.52746,-2.54046,-3.25957,-0.196383,-0.102743,0.0646797,0.0131601,-0.0384103,1.22091,0.541978,0.528268,0.748401,2.21148,2.19731,0.660975,1.3515,1.5794,2.48899,-0.895546,-1.08208,-0.174421,-0.0528325,-0.374363,-0.809687,-1.52572,-3.56906,-0.252918
-2.59577,-1.49783,-1.70917,-2.74695,-3.54753,0.0213209,0.114524,0.13061,0.206606,0.155462,1.24938,0.560154,0.718567,1.08111,2.30951,2.24992,0.752247,1.59535,1.69441,2.87656,-0.927335,-1.0538,-0.139999,-0.0112376,-0.341572,-0.816088,-1.52988,-3.57164,-0.249067
-2.56772,-1.45164,-1.68832,-2.76016,-3.2992,-0.181218,-0.0452486,0.0623701,0.0112668,-0.113006,1.24761,0.710573,0.80494,1.13047,2.4989,2.18298,0.644226,1.42845,1.65268,2.5715,-0.89945,-1.08017,-0.177972,0.0160916,-0.351586,-0.82454,-1.55095,-3.51912,-0.19756
-2.53455,-1.35282,-1.57631,-2.41566,-3.28283,0.113642,0.079187,0.0701276,0.144262,0.233932,1.19052,0.508185,0.558715,0.736487,1.97802,2.05312,0.492297,1.33077,1.26079,2.41544,-0.94465,-1.11073,-0.219462,-0.0360273,-0.304333,-0.860506,-1.54424,-3.55868,-0.209937
-2.25461,-1.18228,-1.54906,-2.51803,-3.03998,-0.125353,-0.138282,-0.0825093,0.168779,-0.23514,1.05038,0.470257,0.634423,0.608989,2.13956,2.09833,0.647141,1.41192,1.38827,2.54801,-0.919701,-1.0371,-0.190908,0.0515665,-0.291984,-0.745468,-1.52251,-3.45365,-0.221655
-2.5,-1.48572,-1.6523,-2.68802,-3.48033,0.00504502,0.127448,0.224821,0.198777,0.231195,1.23883,0.705773,0.692878,0.852752,2.43087,2.01885,0.654681,1.38159,1.49554,2.59339,-0.845217,-1.02218,-0.145492,0.0310326,-0.302384,-0.783506,-1.48853,-3.45445,-0.209325
-2.32932,-1.26886,-1.47789,-2.30217,-3.29075,-0.114999,0.0219278,-0.0298933,0.0404723,0.112056,1.15732,0.540227,0.603691,0.72082,2.27842,2.19896,0.651582,1.38792,1.32552,2.63116,-0.869782,-1.06035,-0.152078,-0.00875439,-0.339601,-0.853341,-1.50136,-3.49277,-0.207602
-2.31319,-1.27971,-1.5464,-2.5835,-3.07963,-0.0942838,-0.0607996,0.0603165,0.032676,0.0272875,1.28952,0.754737,0.661624,1.07655,2.29615,1.83953,0.517179,1.34867,1.46615,2.36747,-0.895341,-1.07431,-0.110163,-0.00553745,-0.33798,-0.845226,-1.51932,-3.53363,-0.233027
-2.28313,-1.21749,-1.55139,-2.48907,-3.06338,-0.131685,-0.0472307,0.0621615,-0.0716898,-0.150577,1.24843,0.561853,0.618025,0.904706,2.152,1.8938,0.570424,1.38263,1.46113,2.32063,-0.894906,-1.05125,-0.106747,0.104006,-0.265746,-0.742646,-1.50953,-3.45999,-0.209241
-2.49026,-1.34316,-1.77552,-2.67103,-3.33978,-0.168851,-0.133088,0.0949937,-0.00777143,-0.193092,1.12993,0.495843,0.714118,0.972299,2.3397,2.20691,0.572079,1.55674,1.71157,2.58801,-0.881265,-1.05934,-0.203367,0.048401,-0.327426,-0.77388,-1.54006,-3.5533,-0.204127
-2.30616,-1.17206,-1.544,-2.50056,-2.95489,-0.305493,-0.194435,0.0431295,0.0391381,-0.246045,1.13905,0.459816,0.613568,0.819872,2.07179,2.03249,0.497528,1.3755,1.42874,2.24021,-0.855815,-1.04505,-0.195756,0.040805,-0.386809,-0.883335,-1.53515,-3.50656,-0.228953
-2.39941,-1.31542,-1.53328,-2.47359,-3.12713,-0.208723,-0.0452445,-0.0542013,-0.046946,0.0199136,1.22923,0.580062,0.606688,0.827156,2.11097,2.18379,0.633285,1.4431,1.53957,2.44544,-0.865983,-0.988242,-0.23169,-0.0298626,-0.291186,-0.825524,-1.52614,-3.48077,-0.24624
-2.45501,-1.28838,-1.56299,-2.63373,-3.20848,-0.152778,-0.0466422,0.135977,0.159058,0.0503838,1.28912,0.54959,0.560001,0.904271,2.3446,2.2058,0.769739,1.36542,1.54236,2.61442,-0.909308,-1.06627,-0.174235,0.0139033,-0.300179,-0.787963,-1.51035,-3.45139,-0.231182
-2.483,-1.31549,-1.5283,-2.49782,-3.18342,-0.24951,-0.122624,0.0186773,-0.0688564,-0.267782,1.27411,0.44733,0.571152,0.803859,2.18516,2.11328,0.592522,1.40297,1.49493,2.50488,-0.910501,-1.09947,-0.192959,-0.0181988,-0.32367,-0.873565,-1.48932,-3.51463,-0.240728
-2.33107,-1.27985,-1.62755,-2.62746,-3.27097,-0.214812,-0.110593,0.10852,0.0879292,-0.147009,1.1268,0.470162,0.576472,0.852834,2.22013,2.1054,0.71872,1.43762,1.57602,2.67299,-0.93553,-1.04924,-0.182454,0.0563763,-0.267838,-0.788257,-1.49443,-3.45859,-0.266594
-2.38834,-1.14734,-1.43014,-2.42097,-2.9506,-0.0910367,0.0216132,0.00175556,0.0448567,0.00663444,1.25577,0.473696,0.46531,0.770378,2.04759,2.16729,0.512712,1.32508,1.5271,2.28872,-0.904,-1.03337,-0.179119,0.00732013,-0.332498,-0.741716,-1.51588,-3.51616,-0.249065
-2.28507,-1.2357,-1.67232,-2.56184,-3.18143,-0.265244,-0.11048,0.112588,-0.00783604,-0.0567372,1.18728,0.498901,0.625704,0.702465,2.37309,1.9767,0.542601,1.42758,1.46386,2.45625,-0.828732,-1.03756,-0.240817,0.0584885,-0.302823,-0.750653,-1.5046,-3.43153,-0.210261
-2.20257,-1.05003,-1.42299,-2.44422,-3.02986,-0.219269,-0.0670275,-0.00377212,0.0718974,-0.146723,1.05527,0.338607,0.486866,0.862379,2.23072,2.09693,0.428987,1.29028,1.52617,2.48231,-0.945934,-1.07262,-0.171451,0.0328869,-0.31493,-0.803882,-1.5342,-3.56742,-0.262126
-2.41994,-1.30421,-1.64015,-2.68525,-3.19893,-0.183341,-0.0360727,0.143311,0.103688,0.0462503,1.27127,0.613154,0.62158,0.958126,2.20507,2.23652,0.765674,1.45422,1.71686,2.66103,-0.86325,-1.08824,-0.158597,0.0287213,-0.276896,-0.817242,-1.55212,-3.5614,-0.218578
-2.10557,-1.08719,-1.42709,-2.50495,-3.08542,-0.369656,-0.193981,-0.0550824,-0.0590471,-0.114969,0.986194,0.436879,0.472131,0.965567,2.29368,2.0958,0.598411,1.4117,1.81728,2.50269,-0.865417,-1.0169,-0.169708,-0.0137941,-0.346128,-0.794652,-1.51086,-3.49919,-0.236909
-2.41443,-1.18672,-1.57886,-2.4957,-3.01476,0.0774292,0.0908401,0.111713,0.247871,0.0146021,0.901804,0.233723,0.590109,0.833837,2.02579,2.09186,0.581164,1.49529,1.60695,2.42146,-0.88199,-1.03283,-0.205009,-0.0552146,-0.330286,-0.803594,-1.50615,-3.44345,-0.224709
-2.42497,-1.25648,-1.4162,-2.484,-3.04353,-0.168631,-0.0607464,-0.0596105,0.00442018,-0.212342,1.43606,0.731835,0.597407,1.03612,2.16029,2.35416,0.747908,1.39806,1.76713,2.56593,-0.916819,-1.03561,-0.183668,-0.0378949,-0.305469,-0.727616,-1.46246,-3.46836,-0.248458
-2.48291,-1.47575,-1.61761,-2.70601,-3.11224,-0.197984,-0.0590486,-0.0316265,0.0199916,-0.195681,1.29443,0.69925,0.662704,1.00108,2.13626,2.24208,0.748612,1.46237,1.6734,2.5075,-0.862059,-1.07173,-0.142201,0.00538254,-0.336,-0.860859,-1.536,-3.48345,-0.201945
-2.12287,-1.02152,-1.39453,-2.31174,-2.83189,-0.409998,-0.332964,-0.0473857,-0.257619,-0.35209,1.25684,0.660841,0.67661,0.98475,2.15818,1.88769,0.490055,1.25682,1.33059,2.22038,-0.890736,-1.04592,-0.195253,-0.0210478,-0.256449,-0.79123,-1.47126,-3.4443,-0.262297
-2.44526,-1.42428,-1.63819,-2.57031,-3.10886,-0.265775,-0.139093,0.0928622,-0.0778558,-0.199888,1.25872,0.769965,0.658985,0.98219,2.31784,2.41345,0.885544,1.5004,1.825,2.5912,-0.886464,-1.04495,-0.135337,0.0467691,-0.288451,-0.791624,-1.56842,-3.44431,-0.209759
-2.34325,-1.27643,-1.52933,-2.71628,-3.23874,-0.365072,-0.1543,0.027103,0.135043,-0.226906,1.29376,0.588852,0.597805,1.17546,2.64206,2.01978,0.580162,1.27814,1.42682,2.61909,-0.871637,-1.05418,-0.167958,0.00250281,-0.343723,-0.806744,-1.51489,-3.45953,-0.205528
-2.53198,-1.36112,-1.54224,-2.6399,-3.33636,-0.117712,-0.00888795,0.0883818,0.0255349,0.0780176,1.3311,0.711695,0.643785,1.14184,2.39962,2.34575,0.800714,1.43187,1.70194,2.67381,-0.882067,-1.0481,-0.179882,0.0448217,-0.360244,-0.864264,-1.56398,-3.54033,-0.25472
-2.47232,-1.29733,-1.41804,-2.4567,-3.23903,-0.139849,-0.145058,-0.0848456,0.0339678,-0.261186,1.36004,0.788686,0.645952,0.943643,2.56867,2.18185,0.660262,1.36587,1.57104,2.63845,-0.910891,-1.05903,-0.215618,-0.01501,-0.351238,-0.909509,-1.55686,-3.53116,-0.198731
-2.20259,-1.12999,-1.33015,-2.29196,-3.08558,-0.298556,-0.156702,-0.155384,-0.215811,-0.113313,1.09891,0.515687,0.427399,0.576413,2.29187,1.87824,0.523792,1.29623,1.3499,2.48247,-0.873134,-1.0473,-0.183111,-0.0238642,-0.307421,-0.781702,-1.51179,-3.48927,-0.256978
-2.61519,-1.40657,-1.59539,-2.65497,-3.48367,-0.036295,0.0254678,0.0535861,0.181041,0.147285,1.48507,0.689345,0.586292,1.02542,2.48897,2.12299,0.50443,1.27174,1.56459,2.65646,-0.857497,-1.03994,-0.162233,-0.0122489,-0.367882,-0.856495,-1.51284,-3.50717,-0.23024
-2.48859,-1.36066,-1.68124,-2.61977,-3.16764,-0.368991,-0.234006,0.0518483,-0.0820977,-0.294937,1.44962,0.702607,0.863603,1.13535,2.28595,2.29106,0.693284,1.43814,1.5938,2.48177,-0.848239,-1.0808,-0.194477,0.014018,-0.333765,-0.768048,-1.52044,-3.46832,-0.228012
-2.13844,-1.12092,-1.59181,-2.61516,-3.03759,0.0406819,0.0296473,0.222029,0.12183,0.197483,0.87948,0.380629,0.398736,0.94201,2.08998,1.78745,0.476242,1.34517,1.50182,2.38679,-0.906026,-1.07774,-0.143435,-0.0369803,-0.352725,-0.854401,-1.54418,-3.58345,-0.253846
-2.24098,-1.05862,-1.44056,-2.23896,-2.79313,-0.502508,-0.310653,-0.031332,-0.136917,-0.463878,1.39622,0.716498,0.640302,0.904081,2.24871,2.03663,0.388126,1.29162,1.37978,2.2374,-0.885712,-1.07429,-0.212566,-0.0686643,-0.362333,-0.824163,-1.54703,-3.49333,-0.239168
-2.28458,-1.15431,-1.55723,-2.45807,-3.08258,-0.180561,-0.0084886,0.14696,-0.0770149,-0.174785,1.08225,0.39705,0.499307,0.793327,1.98803,1.95819,0.397752,1.32719,1.35431,2.39146,-0.909312,-1.06721,-0.18491,0.0127531,-0.315417,-0.817968,-1.54218,-3.51642,-0.208537
-2.32112,-1.22967,-1.60944,-2.60174,-3.11656,-0.305441,-0.148922,0.074108,-0.093676,-0.167828,1.07666,0.56402,0.56962,0.886597,2.22152,1.99877,0.511012,1.27943,1.53715,2.38454,-0.893489,-1.04482,-0.112944,0.0440442,-0.29379,-0.796226,-1.5636,-3.56921,-0.195328
-2.30937,-1.2177,-1.61891,-2.32231,-3.06991,-0.13363,-0.0435759,-0.0127905,-0.0332277,0.0145536,1.03816,0.417755,0.60688,0.630932,2.15205,2.09372,0.575864,1.47801,1.41774,2.32629,-0.928423,-1.07568,-0.165822,0.0297566,-0.275626,-0.805184,-1.54661,-3.51039,-0.228684
-2.1727,-0.98494,-1.58783,-2.5901,-2.94571,-0.0725146,-0.0719961,0.206643,0.145785,-0.0196529,0.977793,0.301415,0.627903,0.991707,1.78369,1.87353,0.301812,1.35639,1.68642,2.21784,-0.88275,-1.0192,-0.223737,-0.0119132,-0.285733,-0.7731,-1.50634,-3.46373,-0.256528
-2.3979,-1.29797,-1.59512,-2.5979,-3.28026,-0.284042,-0.163347,0.0352672,0.0437855,-0.172828,1.18881,0.610044,0.6251,0.929221,2.32158,2.12608,0.575509,1.37792,1.50334,2.68316,-0.814098,-1.04328,-0.199578,0.0489447,-0.320232,-0.771552,-1.49582,-3.47979,-0.227863
-2.2816,-1.27334,-1.51855,-2.2758,-3.061,-0.151827,0.0554619,0.139098,-0.116848,0.0425243,1.04618,0.47638,0.596304,0.715496,2.08336,2.04905,0.653908,1.31564,1.45497,2.46817,-0.873131,-1.00771,-0.175332,0.0026062,-0.32051,-0.825998,-1.48711,-3.47579,-0.227505
-2.22464,-1.28788,-1.55645,-2.39514,-3.23377,-0.0231894,0.0897725,0.118509,-0.0126954,0.00991147,1.09271,0.55664,0.680266,0.951632,2.26517,1.84934,0.585695,1.39112,1.42646,2.59257,-0.85712,-1.02953,-0.174826,-0.0109466,-0.352261,-0.857828,-1.48037,-3.46421,-0.217394
-2.21718,-1.05605,-1.42118,-2.35803,-3.0122,-0.161494,-0.0896933,0.0426747,0.0500165,-0.169423,1.0735,0.46875,0.57757,0.890941,2.16681,1.92232,0.487826,1.39343,1.43167,2.48526,-0.876754,-1.01297,-0.234241,-0.0498583,-0.28025,-0.795942,-1.49953,-3.4998,-0.24989
-2.46623,-1.2869,-1.60543,-2.43681,-3.15812,-0.0283668,0.0809804,0.129013,0.102253,0.119554,1.16266,0.470102,0.632743,0.739585,2.20223,2.07926,0.564825,1.40631,1.32963,2.50362,-0.893467,-1.08386,-0.138778,0.0336036,-0.309669,-0.86191,-1.59724,-3.5785,-0.247115
-2.21562,-1.21168,-1.48883,-2.49458,-3.35427,-0.200145,-0.00595563,-0.0963855,0.0710723,0.105079,1.0708,0.443076,0.533862,0.800105,2.27644,1.87984,0.414736,1.35461,1.3445,2.52402,-0.866607,-1.03505,-0.135971,0.0537889,-0.326341,-0.813409,-1.58744,-3.52439,-0.231034
-2.2807,-1.1764,-1.57619,-2.42749,-3.12917,-0.0550307,0.00853988,-0.00499665,0.146847,-0.150543,1.17038,0.465224,0.629372,0.70973,2.29664,1.98415,0.481427,1.41318,1.18916,2.59814,-0.937444,-1.098,-0.128275,0.0535588,-0.287605,-0.77391,-1.55245,-3.54613,-0.199154
-2.36383,-1.36818,-1.6024,-2.54935,-3.25506,-0.275444,-0.108801,0.0208827,0.0846683,-0.106074,1.31798,0.737058,0.699098,0.904979,2.41583,2.10966,0.715641,1.45207,1.51236,2.69017,-0.883162,-1.03351,-0.196657,-0.0183233,-0.299657,-0.801036,-1.54176,-3.54861,-0.265419
-2.22864,-1.02818,-1.4915,-2.37689,-2.87809,-0.341962,-0.340046,-0.0861314,-0.159492,-0.437929,1.25102,0.564083,0.528372,0.748402,2.20789,2.03014,0.517221,1.35107,1.53612,2.41449,-0.917501,-1.09599,-0.133098,-0.0314052,-0.283069,-0.784404,-1.58299,-3.59482,-0.266011
-2.454,-1.25603,-1.5852,-2.724,-3.00656,-0.359733,-0.111632,-0.0607942,-0.0523414,-0.0923884,1.26153,0.452023,0.577518,1.01515,1.8591,2.31451,0.583811,1.472,1.59406,2.34141,-0.883444,-1.05772,-0.187716,0.0340515,-0.326338,-0.777284,-1.50177,-3.49418,-0.214709
-2.29619,-1.15895,-1.44408,-2.34771,-3.2444,-0.173067,-0.109908,0.0175253,0.221289,-0.026333,1.09488,0.529213,0.523593,0.572317,2.37329,2.17261,0.706486,1.36596,1.37241,2.69162,-0.858985,-1.03449,-0.224391,-0.0633809,-0.308403,-0.856266,-1.48599,-3.47438,-0.226321
-2.14216,-1.1226,-1.45579,-2.37365,-3.03156,-0.246466,-0.0472461,0.118624,0.0895875,-0.0231035,0.886227,0.314631,0.432245,0.779115,2.03032,1.8485,0.418247,1.27314,1.34677,2.22935,-0.943316,-1.14979,-0.225997,-0.00472816,-0.331825,-0.862222,-1.52566,-3.52,-0.254699
-2.53876,-1.275,-1.58741,-2.66573,-3.12267,-0.104226,-0.0654092,0.0617132,0.126128,0.11508,1.07807,0.437596,0.49427,0.840273,2.05187,2.22602,0.575748,1.35617,1.57744,2.3445,-0.843829,-1.01559,-0.184839,0.031543,-0.301848,-0.797187,-1.53197,-3.46516,-0.233417
-2.15938,-1.23002,-1.53952,-2.48123,-3.21056,-0.226146,-0.153463,0.049632,-0.00506036,-0.195258,1.20349,0.742007,0.692642,0.97411,2.50369,2.02778,0.640747,1.40178,1.62754,2.67255,-0.922318,-1.03802,-0.180018,0.0615579,-0.319353,-0.811894,-1.51185,-3.46585,-0.206949
-2.25562,-1.12896,-1.54785,-2.25983,-3.04359,-0.238356,-0.156213,-0.0418721,-0.00832047,-0.061216,0.846168,0.219446,0.528555,0.51992,1.82924,2.14608,0.622667,1.52778,1.33744,2.42515,-0.869172,-1.03026,-0.166175,0.065497,-0.333057,-0.825016,-1.55446,-3.51007,-0.202424
-2.65852,-1.47653,-1.73344,-2.83066,-3.36384,0.209951,0.176922,0.187319,0.148669,-0.0218996,1.37084,0.68774,0.756718,1.11626,2.47603,2.24781,0.801712,1.53914,1.72941,2.82214,-0.877151,-1.05198,-0.184772,0.0705603,-0.324224,-0.827773,-1.49812,-3.48847,-0.22119
-2.52894,-1.43469,-1.69052,-2.79984,-3.25061,0.0127729,0.146735,0.170977,0.24879,-0.0138478,1.2873,0.587752,0.637946,0.962551,2.32214,2.08934,0.618216,1.37392,1.57276,2.5851,-0.862342,-1.05507,-0.138098,0.0461689,-0.307987,-0.763637,-1.5051,-3.45413,-0.183189
-2.50078,-1.36374,-1.60806,-2.63933,-3.35921,-0.304567,-0.104608,-0.0497846,-0.0851808,-0.0787775,1.21888,0.521609,0.707347,1.05983,2.32987,2.14617,0.601975,1.49618,1.6151,2.54718,-0.843694,-1.04811,-0.189238,0.0155908,-0.315013,-0.831074,-1.49631,-3.50343,-0.219108
-2.37456,-1.27137,-1.47829,-2.31637,-3.12043,0.0200353,0.162759,0.170453,0.108805,0.0800509,1.07102,0.464949,0.511402,0.586432,2.16081,1.94637,0.471574,1.25503,1.35969,2.34135,-0.912291,-1.04806,-0.212725,-0.0533656,-0.321029,-0.805198,-1.49919,-3.47656,-0.211673
-2.62632,-1.44306,-1.48899,-2.72985,-3.3279,-0.194468,-0.111004,0.0678851,0.0800712,-0.0278258,1.28415,0.682723,0.511941,1.0853,2.30498,2.30755,0.812917,1.29246,1.77656,2.80387,-0.860401,-1.03372,-0.25408,-0.00110172,-0.308877,-0.816147,-1.50477,-3.4409,-0.234769
-2.33436,-1.29961,-1.6346,-2.33124,-3.20821,-0.214565,-0.138577,0.016788,-0.217978,-0.128053,1.23393,0.749532,0.783533,0.952896,2.42942,2.07247,0.705323,1.43174,1.35913,2.63242,-0.91702,-1.05416,-0.165865,-0.0109307,-0.314402,-0.865284,-1.5001,-3.52014,-0.262478
-2.11774,-1.14401,-1.50952,-2.40179,-2.91281,-0.23648,-0.0523677,-0.0629413,-0.111972,-0.104731,0.711865,0.263731,0.516131,0.844773,1.84973,1.78476,0.408204,1.38524,1.44967,2.33921,-0.86655,-1.05933,-0.183984,0.0291136,-0.305729,-0.802714,-1.58769,-3.46512,-0.229562
-2.20722,-1.17884,-1.37619,-2.57209,-3.09389,-0.187898,-0.126924,0.00396261,0.0276165,-0.0375063,1.09838,0.497993,0.460718,0.907147,2.05161,1.91376,0.529296,1.23705,1.60512,2.50166,-0.851763,-1.04142,-0.177794,0.00227821,-0.330017,-0.820581,-1.53279,-3.5317,-0.190908
-2.38935,-1.43297,-1.43651,-2.59086,-3.35867,-0.301466,-0.0856429,0.0257996,-0.0902876,-0.200394,1.20722,0.660231,0.481794,0.941799,2.57586,2.2264,0.830115,1.33116,1.79023,2.86401,-0.860732,-1.03636,-0.195704,-0.0218134,-0.354213,-0.891819,-1.54126,-3.5135,-0.217053
-2.49265,-1.43853,-1.69587,-2.64828,-3.27451,-0.222685,-0.0694442,0.0686634,0.000761676,-0.201875,1.19452,0.674342,0.670253,1.11914,2.27865,2.14514,0.711733,1.5041,1.73362,2.71871,-0.855811,-1.04302,-0.180781,-0.0164569,-0.330255,-0.831544,-1.54301,-3.47718,-0.254969
-2.14438,-1.1976,-1.4621,-2.26873,-3.01489,-0.113169,0.0270509,0.0497337,-0.0956022,-0.210341,0.948362,0.49175,0.49644,0.767624,2.19781,1.60029,0.325111,1.21591,1.16541,2.20233,-0.864403,-1.06398,-0.181226,0.0176683,-0.316047,-0.786067,-1.4982,-3.42079,-0.224673
-2.25044,-1.19096,-1.52626,-2.44638,-3.08506,-0.064039,-0.0138085,0.0911132,0.103074,0.00607247,0.92586,0.395367,0.491376,0.699623,2.19734,1.87255,0.46664,1.33893,1.35033,2.21836,-0.925821,-1.0496,-0.193058,-0.00781973,-0.319005,-0.783459,-1.44852,-3.44808,-0.260748
-2.51511,-1.43881,-1.65587,-2.78845,-3.25427,-0.0973248,0.0727494,0.174256,0.185845,-0.140909,1.31457,0.623971,0.60206,1.11223,2.34932,2.26012,0.72866,1.39886,1.73127,2.75978,-0.848804,-1.07185,-0.199672,0.0109955,-0.332901,-0.815651,-1.51352,-3.4236,-0.213954
-2.46696,-1.39565,-1.63694,-2.64505,-3.35019,-0.132984,-0.12264,0.085158,0.102124,-0.0877574,1.18343,0.608632,0.623829,0.949166,2.37326,2.14973,0.766563,1.45439,1.55295,2.74247,-0.81293,-0.999035,-0.184288,0.0405253,-0.325198,-0.74078,-1.46034,-3.37515,-0.162773
-2.49612,-1.29857,-1.54733,-2.65895,-3.18418,-0.248142,-0.173742,0.100533,0.0966824,-0.363306,1.4632,0.738645,0.591347,0.970167,2.56713,2.2155,0.585941,1.28124,1.57078,2.64835,-0.846802,-1.0595,-0.125031,0.0282985,-0.361601,-0.802914,-1.55392,-3.55446,-0.218426
-2.20346,-1.11869,-1.54728,-2.41473,-2.89392,-0.232226,-0.123539,0.0222318,0.0123546,-0.105752,0.972071,0.308215,0.533352,0.609586,1.79668,2.01189,0.467096,1.4141,1.38307,2.3015,-0.887487,-1.08975,-0.16804,0.0256725,-0.345075,-0.768996,-1.50315,-3.50416,-0.235638
-2.36946,-1.26747,-1.4869,-2.40984,-3.26257,-0.219724,-0.186901,0.0360457,-0.12042,-0.20983,1.15433,0.478587,0.587757,0.894349,2.1614,2.13871,0.630399,1.33461,1.43528,2.64846,-0.841837,-1.01252,-0.20313,-0.018182,-0.32927,-0.869248,-1.4418,-3.4357,-0.239163
-2.44717,-1.26254,-1.55052,-2.61288,-3.11408,-0.267048,-0.185097,-0.0443856,-0.0396389,-0.266413,1.39707,0.65827,0.70125,0.919503,2.4228,2.12345,0.543012,1.39402,1.54454,2.59266,-0.861226,-1.0513,-0.154206,-0.0165276,-0.337781,-0.795474,-1.53197,-3.47706,-0.211084
-2.18474,-1.078,-1.41548,-2.35635,-2.83745,-0.224605,-0.0678113,-0.054483,-0.077525,-0.134084,1.03211,0.421925,0.434865,0.834843,1.98597,1.90997,0.398319,1.37942,1.45913,2.28965,-0.894641,-1.07361,-0.202368,-0.0736984,-0.331531,-0.805749,-1.55581,-3.6048,-0.243302
-2.59973,-1.36245,-1.66491,-2.62138,-3.06305,-0.0755377,0.0160033,0.0965317,0.0516276,-0.209612,1.49557,0.737213,0.680013,0.986205,2.31358,2.17216,0.610803,1.42322,1.58732,2.32504,-0.970213,-1.10977,-0.17377,0.0024811,-0.305367,-0.800891,-1.58297,-3.58784,-0.213597
-2.34042,-1.27383,-1.67551,-2.51639,-3.06886,-0.0617876,-0.0918657,0.00943023,0.0452973,-0.0641036,1.10032,0.627918,0.710251,0.948327,2.12038,1.90631,0.547143,1.52758,1.34634,2.40948,-0.859194,-1.06113,-0.141483,-0.0199392,-0.365072,-0.777175,-1.52311,-3.47982,-0.20107
-2.55324,-1.49214,-1.73119,-2.79213,-3.3266,-0.338419,-0.118006,0.0118107,0.00228804,-0.324818,1.5156,0.905035,0.704431,1.0257,2.63874,2.41888,0.867923,1.43684,1.66874,2.88288,-0.856785,-1.06314,-0.186224,0.00338902,-0.304915,-0.740931,-1.56866,-3.59573,-0.237021
-2.51088,-1.37828,-1.60402,-2.4175,-3.32211,0.097723,0.147838,0.154664,0.169178,0.0958023,1.07497,0.462292,0.583243,0.711234,2.41991,2.03091,0.513905,1.31064,1.30549,2.56743,-0.896196,-1.0761,-0.132656,-0.0266045,-0.368114,-0.853169,-1.60018,-3.56735,-0.190197
-2.19657,-1.24389,-1.457,-2.32241,-3.05486,-0.109757,-0.00121038,0.0634062,0.00640625,-0.0349545,1.11912,0.548013,0.539348,0.75935,2.21207,1.92599,0.645586,1.26449,1.40715,2.39268,-0.936386,-1.07104,-0.205121,-0.0383742,-0.351381,-0.793096,-1.51621,-3.51972,-0.209851
-2.29864,-1.14169,-1.51611,-2.51169,-3.05763,-0.0455258,-0.0670118,0.0752992,0.04108,-0.0693565,1.07921,0.416224,0.520038,0.902112,2.20214,2.08154,0.510383,1.3663,1.4108,2.51051,-0.906,-1.08612,-0.164013,0.029786,-0.33328,-0.787587,-1.51405,-3.5354,-0.290639
-2.3416,-1.28862,-1.56686,-2.565,-2.98211,-0.197744,-0.155464,-0.0659932,-0.106151,-0.284325,1.16789,0.750868,0.620546,1.04841,2.19389,2.02366,0.634183,1.46255,1.65053,2.31134,-0.885278,-1.06625,-0.160949,-0.00246703,-0.327999,-0.79267,-1.52996,-3.60953,-0.251942
-2.17921,-1.20371,-1.51067,-2.22232,-2.95373,-0.225915,-0.0570457,-0.0431983,-0.109419,-0.0352744,1.01391,0.52464,0.590072,0.587728,2.07504,1.94248,0.540116,1.35025,1.297,2.18691,-0.900057,-1.07762,-0.171871,-0.00362981,-0.298442,-0.815403,-1.51156,-3.49294,-0.226329
-2.55583,-1.4719,-1.72462,-2.37047,-3.25645,-0.135301,0.143798,0.125276,-0.136554,0.126462,1.12192,0.513354,0.653297,0.601162,2.08786,2.22882,0.742023,1.56961,1.45993,2.55816,-0.853695,-1.07671,-0.208246,-0.0699245,-0.378185,-0.840593,-1.55118,-3.54976,-0.218363
-2.17327,-1.04425,-1.49892,-2.19379,-2.88052,-0.180965,-0.0826618,0.00405029,-0.0478501,0.0808345,1.31288,0.537789,0.660423,0.824106,1.97504,1.86757,0.394451,1.39577,1.20569,2.21913,-0.869544,-1.01883,-0.173052,0.040227,-0.321367,-0.735783,-1.46944,-3.47788,-0.238073
-2.23063,-1.1195,-1.45118,-2.30638,-2.99177,-0.220457,-0.11633,0.0075833,-0.214896,-0.149506,1.15113,0.357512,0.45793,0.873343,2.05839,1.98288,0.533255,1.33725,1.41696,2.41952,-0.840216,-1.02947,-0.17106,0.0103383,-0.296319,-0.751936,-1.51914,-3.45069,-0.249825
-2.4392,-1.25317,-1.55318,-2.53583,-3.11298,-0.0934594,-0.0141833,0.0955433,0.0421191,-0.0581664,1.23029,0.549388,0.586406,1.02919,2.0821,2.34159,0.825356,1.54975,1.82304,2.64968,-0.940862,-1.05164,-0.14309,-0.0336195,-0.318434,-0.813592,-1.49659,-3.49299,-0.242762
-2.21974,-1.28793,-1.52213,-2.38322,-3.20152,-0.30253,-0.0898108,-0.034534,0.0157971,-0.384098,1.13898,0.687885,0.70366,0.816325,2.53204,2.03043,0.632701,1.51783,1.53027,2.71114,-0.902535,-1.05444,-0.15545,-0.0441926,-0.378689,-0.853638,-1.49081,-3.51666,-0.237695
-2.6107,-1.60389,-1.72272,-2.7889,-3.47869,-0.0477016,0.0572461,0.10929,0.175226,0.0267985,1.24395,0.802653,0.732558,1.03999,2.5493,2.235,0.905213,1.42012,1.62708,2.7408,-0.860109,-1.02591,-0.124409,0.0411615,-0.339675,-0.807401,-1.53795,-3.48063,-0.221272
-2.15061,-1.09221,-1.47799,-2.227,-2.76279,-0.38343,-0.201501,-0.0172438,-0.19314,-0.255747,1.20903,0.55388,0.544667,0.67207,2.09241,2.18159,0.576608,1.43919,1.45385,2.15912,-0.867813,-1.03018,-0.215001,0.0220324,-0.27025,-0.773127,-1.49664,-3.45031,-0.222072
-2.43007,-1.26285,-1.49937,-2.60039,-3.05298,-0.0677914,0.0594282,0.0734584,0.152183,0.228697,1.23238,0.467233,0.496639,0.928066,2.24665,2.11128,0.626604,1.33684,1.65872,2.31853,-0.906848,-1.05531,-0.176878,0.0569296,-0.361614,-0.843766,-1.57671,-3.57815,-0.255155
-2.60621,-1.41331,-1.69636,-2.62462,-3.23258,-0.107295,0.0543473,0.0793379,0.0593148,-0.110395,1.32031,0.511661,0.591354,0.822277,2.28514,2.31715,0.704321,1.52318,1.55553,2.58769,-0.901233,-1.04853,-0.119456,0.0540394,-0.316604,-0.83543,-1.53327,-3.51998,-0.23904
-2.16659,-1.11248,-1.44786,-2.59939,-2.78026,-0.249353,-0.130701,0.01001,0.055758,-0.288008,0.914482,0.451482,0.440371,0.967549,1.89562,1.91156,0.481126,1.25069,1.4932,2.1723,-0.785521,-0.985452,-0.200484,0.014312,-0.288399,-0.793041,-1.51173,-3.41213,-0.206808
-2.29575,-1.19338,-1.4608,-2.35845,-3.30072,-0.400346,-0.150628,-0.000448112,-0.0256431,-0.0876563,1.28014,0.656437,0.661392,0.864454,2.39478,2.25337,0.57224,1.31299,1.43698,2.6945,-0.918133,-1.03224,-0.197444,-0.00743612,-0.278314,-0.798305,-1.48569,-3.5134,-0.250705
-2.45869,-1.34732,-1.7081,-2.75033,-3.22536,-0.132989,-0.0969131,0.14707,0.180206,-0.301078,1.10512,0.424953,0.572793,0.780338,2.18684,2.12243,0.61342,1.50113,1.5522,2.4807,-0.939423,-1.08809,-0.168056,0.0538495,-0.28852,-0.758154,-1.5561,-3.57057,-0.220761
-2.40829,-1.46715,-1.77953,-2.55404,-3.2842,-0.143934,0.0793187,0.187456,-0.0289956,0.0585608,1.09145,0.60238,0.742682,0.894075,2.24769,2.05155,0.692649,1.46934,1.49514,2.58004,-0.882539,-1.08518,-0.187277,0.000664798,-0.341878,-0.789713,-1.50613,-3.52706,-0.243435
-2.48013,-1.39714,-1.68427,-2.76247,-3.26412,-0.237973,-0.134996,0.0435694,0.141946,-0.241698,1.1879,0.560165,0.670258,0.969968,2.29335,2.20974,0.7814,1.45685,1.5643,2.79296,-0.869055,-1.02806,-0.118044,0.10101,-0.323365,-0.750139,-1.4837,-3.44052,-0.192906
-2.35913,-1.21821,-1.57404,-2.64227,-2.91501,0.00897486,0.0138157,0.15639,0.26414,-0.169428,1.20195,0.432445,0.607555,0.971133,1.97671,2.06645,0.405474,1.33008,1.50007,2.40477,-0.913254,-1.08424,-0.186465,-0.0151987,-0.329708,-0.784958,-1.54545,-3.53068,-0.234975
-2.29573,-1.30556,-1.53502,-2.52536,-3.17918,-0.260385,-0.070498,0.0527726,-0.0319252,-0.113534,1.21858,0.630529,0.475157,0.95158,2.21004,2.09259,0.597793,1.2901,1.51692,2.46146,-0.853671,-1.04624,-0.196471,-0.0162358,-0.346364,-0.78967,-1.52728,-3.4964,-0.244214
-2.17678,-1.09279,-1.55097,-2.4408,-2.80017,-0.160432,-0.0997589,0.0271286,-0.0281382,-0.0743205,1.13055,0.437456,0.574631,0.831794,1.8665,1.83026,0.395078,1.36422,1.41156,2.09808,-0.852151,-1.04138,-0.184201,-0.0185304,-0.295139,-0.712534,-1.54803,-3.53382,-0.21325
-2.40167,-1.27434,-1.57772,-2.53322,-2.89842,-0.0532748,-0.0125575,0.0408865,-0.0440236,-0.0617389,1.17496,0.610396,0.625201,0.700429,1.99184,2.12413,0.721933,1.48866,1.50967,2.33884,-0.91623,-1.06538,-0.208005,0.0267678,-0.295549,-0.74238,-1.49497,-3.51989,-0.246621
-2.17859,-1.09482,-1.51562,-2.46482,-3.1948,-0.19693,-0.105546,0.064857,-0.0223107,0.0796116,1.03978,0.472682,0.49654,0.75082,2.29332,2.03675,0.569064,1.4488,1.54302,2.50529,-0.907031,-1.04228,-0.141968,0.0456343,-0.322876,-0.76677,-1.53632,-3.52782,-0.211402
-2.27745,-1.16494,-1.47307,-2.46136,-3.14234,-0.349272,-0.129756,-0.00725456,-0.103481,-0.121301,1.25799,0.601213,0.606723,0.903159,2.233,2.06898,0.579585,1.40182,1.51172,2.58279,-0.915586,-1.05428,-0.186706,0.0105807,-0.316149,-0.786683,-1.53644,-3.53934,-0.222803
-2.30273,-1.1958,-1.55262,-2.3861,-3.17384,-0.167319,-0.0695825,0.100164,0.036422,-0.126769,1.11041,0.344645,0.574445,0.731879,2.13581,1.83867,0.345177,1.31398,1.40526,2.37857,-0.89969,-1.08378,-0.209094,0.00429327,-0.35183,-0.783584,-1.49214,-3.40371,-0.18948
-1.99378,-1.05089,-1.44944,-2.39934,-2.92773,-0.30656,-0.241703,-0.00230566,-0.106299,-0.339323,0.913186,0.3535,0.57505,0.675599,2.18683,1.80624,0.507949,1.28971,1.39969,2.3411,-0.913604,-1.08749,-0.19917,-0.0290357,-0.299025,-0.769534,-1.4916,-3.46041,-0.227105
-2.34912,-1.22276,-1.61158,-2.53838,-2.97298,-0.173262,-0.0608565,0.129682,-0.0241235,-0.251106,1.11429,0.534757,0.694729,1.02512,2.23887,2.09295,0.540728,1.38337,1.65401,2.32774,-0.880879,-1.03099,-0.171103,-0.00923976,-0.383584,-0.866542,-1.57522,-3.53991,-0.224886
-2.34786,-1.31555,-1.6369,-2.65659,-2.97624,-0.187391,0.0203526,0.0661723,0.0864159,-0.231852,1.12607,0.492697,0.576245,0.715393,2.16781,2.0999,0.585068,1.43547,1.62262,2.22282,-0.92498,-1.05365,-0.165953,0.0445447,-0.322528,-0.79831,-1.54447,-3.52791,-0.238866
-2.54685,-1.45868,-1.64683,-2.52832,-3.17159,-0.0134588,0.0728157,0.0481517,-0.149837,0.0485041,1.22791,0.620395,0.502016,0.872878,2.20034,2.0693,0.615994,1.3606,1.60077,2.3558,-0.880981,-1.02437,-0.188171,0.0406829,-0.30283,-0.743773,-1.57058,-3.44317,-0.207748
-2.1838,-1.24991,-1.54684,-2.63081,-2.91961,-0.410947,-0.235878,0.0270746,-0.159407,-0.340316,1.17469,0.626989,0.576158,1.20987,2.20528,1.95098,0.639678,1.39308,1.68265,2.4334,-0.860638,-1.04968,-0.195674,-0.0188406,-0.336773,-0.857802,-1.56738,-3.51433,-0.240498
-2.57625,-1.40792,-1.64045,-2.69779,-3.3029,-0.0807752,-0.0806857,0.11248,-0.123722,-0.186978,1.27477,0.67403,0.578927,1.07167,2.38139,2.15736,0.72142,1.46568,1.6413,2.68273,-0.862774,-1.0876,-0.158211,0.0217039,-0.340804,-0.843368,-1.51421,-3.52227,-0.203347
-2.54908,-1.27876,-1.58767,-2.72955,-3.21989,-0.0615987,0.160721,0.0829769,0.306327,0.203928,1.35901,0.417937,0.688071,1.04499,2.13723,2.18606,0.468876,1.36869,1.47585,2.36023,-0.876245,-1.02792,-0.215973,-0.00330131,-0.320938,-0.787229,-1.51223,-3.43788,-0.248307
-2.17936,-1.26963,-1.65015,-2.5991,-3.26679,-0.31797,-0.156441,0.0294959,-0.171475,-0.169172,1.28289,0.788954,0.740521,1.12093,2.47858,2.07317,0.731913,1.4809,1.74835,2.69676,-0.863551,-1.0521,-0.120484,0.0347179,-0.329231,-0.841157,-1.50071,-3.46974,-0.176042
-2.21665,-1.17433,-1.53601,-2.51531,-2.82644,-0.286167,-0.0146257,0.0380011,0.0149662,-0.132229,1.13725,0.596968,0.516303,0.851531,2.00751,2.0678,0.55465,1.41009,1.6557,2.27555,-0.881757,-1.00231,-0.21072,0.00841889,-0.306197,-0.740582,-1.52649,-3.54506,-0.223218
-2.4244,-1.11676,-1.50113,-2.44856,-2.99091,-0.221905,-0.126775,0.0773538,0.114616,-0.276166,1.34711,0.524173,0.562441,0.846793,2.21273,2.11375,0.50758,1.28049,1.50825,2.43684,-0.825921,-1.00898,-0.201983,-0.0362472,-0.315036,-0.797617,-1.50055,-3.43246,-0.228546
-2.47045,-1.37599,-1.54267,-2.72007,-3.34432,-0.200715,-0.11012,0.0304674,0.104618,-0.216856,1.15647,0.66176,0.581467,1.21514,2.50416,2.16881,0.706886,1.39548,1.62631,2.68881,-0.84452,-1.03678,-0.185133,-0.0211025,-0.337522,-0.827326,-1.53444,-3.5456,-0.228594
-2.39845,-1.3088,-1.54676,-2.64026,-3.19028,-0.171618,-0.0598232,0.010985,0.0798474,-0.0155277,1.2185,0.578746,0.566256,0.863258,2.2629,2.13693,0.67615,1.49338,1.64801,2.68365,-0.906133,-1.11034,-0.168184,-0.00210427,-0.392003,-0.827524,-1.53829,-3.5827,-0.198389
-2.44145,-1.24493,-1.56848,-2.58747,-3.28247,-0.0998728,0.0225065,0.124203,0.327496,0.143062,1.2395,0.47128,0.597964,0.900716,2.25148,2.14648,0.572075,1.37615,1.3182,2.66404,-0.91758,-1.11257,-0.200524,-0.0602868,-0.355989,-0.829924,-1.49982,-3.57264,-0.23133
-2.44677,-1.35904,-1.64818,-2.4975,-3.12788,-0.247333,-0.0202189,0.0724478,-0.108576,-0.0862831,1.24312,0.584245,0.607547,0.923943,2.1534,2.19396,0.591469,1.49769,1.56982,2.42777,-0.870835,-1.06605,-0.165645,-0.0246846,-0.363742,-0.846588,-1.5693,-3.5111,-0.212752
-2.35821,-1.31359,-1.6225,-2.47135,-3.30735,-0.27275,-0.0550029,0.00757013,-0.13018,0.0277053,1.27389,0.58482,0.736809,0.927919,2.28617,2.3017,0.634476,1.48077,1.53335,2.68318,-0.871926,-1.05138,-0.176351,0.0347994,-0.316642,-0.859616,-1.56277,-3.56041,-0.232405
-2.18182,-1.14049,-1.5528,-2.5136,-3.01191,-0.383212,-0.249253,-0.0316273,-0.0322904,-0.261921,1.0253,0.408264,0.588267,0.945773,2.16302,2.07796,0.709293,1.46636,1.5728,2.60975,-0.844966,-0.989033,-0.155188,0.0401301,-0.357676,-0.83332,-1.49743,-3.53017,-0.233402
-2.31891,-1.29281,-1.50587,-2.46465,-3.06696,-0.161018,0.0044631,0.0747681,0.125182,-0.0505559,1.01432,0.582921,0.46895,0.685173,2.22376,2.07578,0.577269,1.33183,1.4076,2.4036,-0.86305,-1.06665,-0.168485,-0.0132343,-0.314985,-0.795598,-1.52501,-3.49342,-0.229556
-2.66599,-1.41253,-1.55205,-2.67004,-3.04195,0.244739,0.131007,0.0704739,0.197049,0.062307,1.33167,0.574913,0.600593,0.868594,2.01902,2.20784,0.614288,1.40028,1.54685,2.37898,-0.869756,-1.04625,-0.185014,-0.00999361,-0.35369,-0.808264,-1.53579,-3.48447,-0.207525
-2.66249,-1.49054,-1.73446,-2.88786,-3.3176,-0.0629794,0.00155876,0.0366245,0.0693242,-0.140169,1.35119,0.657557,0.718371,1.04691,2.3298,2.40422,0.785464,1.52259,1.80092,2.7497,-0.801601,-1.05947,-0.139821,0.0550212,-0.364921,-0.835764,-1.56081,-3.49344,-0.175186
-2.46948,-1.37593,-1.70452,-2.78969,-3.15823,-0.0938473,0.012055,0.169106,0.232658,-0.0503452,1.16565,0.59242,0.543105,0.902693,2.1975,2.09829,0.614022,1.38631,1.4744,2.40315,-0.921011,-1.07593,-0.150066,0.0830518,-0.275729,-0.784968,-1.60393,-3.60031,-0.21842
-2.34583,-1.25775,-1.65412,-2.55554,-3.03557,-0.286962,-0.170232,0.0250006,0.0190517,-0.378073,1.28322,0.569203,0.566771,0.862659,2.27001,2.17188,0.587629,1.46853,1.47902,2.56199,-0.805201,-1.06001,-0.177247,-0.0155863,-0.302398,-0.734282,-1.57352,-3.5306,-0.226263
-2.37349,-1.2715,-1.53748,-2.55312,-3.03238,-0.076504,0.0555279,0.119378,0.104659,0.0650817,1.17112,0.598927,0.56835,0.893503,2.19266,1.83567,0.449031,1.29413,1.42263,2.16551,-0.853705,-0.997575,-0.189327,0.0202269,-0.333491,-0.797891,-1.48948,-3.45175,-0.227708
-2.51393,-1.439,-1.51042,-2.56872,-3.30667,0.0777452,0.147982,0.163397,0.20366,0.0746412,1.15549,0.445939,0.41397,0.818206,2.21371,2.11127,0.625943,1.41951,1.69129,2.54917,-0.865379,-1.03063,-0.199536,-0.0443662,-0.371811,-0.881957,-1.47694,-3.44279,-0.203575
-2.35065,-1.3443,-1.77545,-2.59776,-3.31976,-0.195532,0.000348279,0.141822,-0.0196279,-0.0450158,1.10505,0.537779,0.705909,0.857375,2.45744,1.88045,0.584259,1.3901,1.43541,2.69787,-0.873218,-1.09779,-0.166068,0.0694098,-0.375584,-0.803247,-1.60414,-3.59619,-0.200576
-2.26729,-1.24991,-1.55264,-2.44136,-3.18989,-0.190934,0.0574123,0.0753385,0.00508628,0.119983,1.15902,0.610741,0.700877,0.795492,2.21005,1.96374,0.46663,1.36037,1.29515,2.31345,-0.897294,-1.0276,-0.168464,0.0301429,-0.346849,-0.784778,-1.52816,-3.51192,-0.220852
-2.55196,-1.45549,-1.72569,-2.72277,-3.28027,-0.175687,-0.0555501,-0.0483038,0.0117791,-0.0416416,1.4468,0.758572,0.786168,1.13273,2.29923,2.26668,0.726555,1.4749,1.44177,2.53385,-0.859213,-1.09201,-0.144337,0.0433782,-0.297832,-0.771912,-1.52586,-3.54689,-0.182944
-2.43284,-1.31344,-1.51347,-2.50806,-3.22358,-0.258484,-0.0454547,0.0242661,-0.0714772,-0.115773,1.19943,0.612544,0.556272,0.971507,2.22271,2.25439,0.846588,1.44405,1.80922,2.86033,-0.891774,-1.00594,-0.233257,-0.0395494,-0.330292,-0.773555,-1.50771,-3.51981,-0.234293
-2.41288,-1.33461,-1.49649,-2.55664,-3.33286,-0.121129,0.0615525,0.0527673,0.15299,0.112257,1.25055,0.592193,0.609626,1.05122,2.3721,2.05024,0.5514,1.29377,1.5487,2.51359,-0.881903,-1.01456,-0.216979,-0.0309638,-0.312879,-0.837505,-1.54661,-3.50138,-0.215263
-2.37215,-1.35771,-1.73606,-2.59484,-3.20759,-0.293316,-0.0398233,0.0295117,-0.0337825,-0.0821209,1.23791,0.658832,0.686168,0.834834,2.36762,2.12394,0.60169,1.5822,1.6092,2.50636,-0.820777,-1.05576,-0.219366,5.49497e-05,-0.294172,-0.760964,-1.50136,-3.45066,-0.21755
-2.16452,-1.14552,-1.48845,-2.45669,-3.08379,-0.302779,-0.202861,-0.00617782,-0.0440969,-0.209114,1.17095,0.612227,0.633638,0.959043,2.18038,1.84353,0.404237,1.33102,1.4452,2.39496,-0.877602,-1.0624,-0.200522,-0.0440316,-0.343293,-0.815268,-1.4857,-3.48809,-0.210343
-2.44406,-1.41545,-1.61181,-2.5428,-3.12181,-0.0925921,-0.0292401,0.0631219,-0.0733479,-0.1591,1.20497,0.638206,0.64319,0.912494,2.25489,2.06605,0.703254,1.4063,1.52229,2.55767,-0.845553,-1.03161,-0.210832,0.00249747,-0.303547,-0.791713,-1.51518,-3.45219,-0.241842
-2.37935,-1.35864,-1.48658,-2.58009,-3.17398,-0.0975368,-0.0423157,0.0306169,0.1377,-0.119405,1.1783,0.67953,0.555897,0.910102,2.23515,2.27841,0.761816,1.39946,1.57194,2.73796,-0.883363,-1.09836,-0.150316,0.0242416,-0.307182,-0.819442,-1.523,-3.52109,-0.215292
-2.30989,-1.28558,-1.50815,-2.47216,-3.21169,-0.162931,-0.0899919,0.0190137,0.0326861,-0.170231,1.0513,0.485486,0.447861,0.81123,2.25225,2.0893,0.809339,1.41134,1.47869,2.71357,-0.875539,-1.01914,-0.112982,0.0729886,-0.325575,-0.781671,-1.54396,-3.48754,-0.23007
-2.51134,-1.37968,-1.54392,-2.46874,-3.19655,-0.0962627,-0.0429636,-0.0128293,0.00826052,0.0386661,1.35813,0.689799,0.558232,0.863318,2.21368,2.21668,0.646797,1.44413,1.50726,2.48632,-0.883397,-1.01446,-0.184715,0.00927206,-0.339808,-0.839687,-1.48963,-3.42021,-0.232782
-2.35871,-1.1991,-1.48773,-2.50705,-2.95866,-0.350109,-0.127256,-0.115724,-0.314593,-0.231812,0.992546,0.321958,0.542732,0.888214,2.01055,2.02296,0.471778,1.33916,1.51102,2.32123,-0.890788,-1.04443,-0.1886,0.0215812,-0.265287,-0.794203,-1.5301,-3.51052,-0.223939
-2.48382,-1.38715,-1.65169,-2.65787,-3.25057,-0.267713,-0.0183608,0.127415,0.027575,-0.139854,1.39867,0.693778,0.596981,0.956986,2.37732,2.34723,0.695235,1.45688,1.55238,2.62621,-0.899268,-1.0647,-0.176554,0.0357372,-0.349082,-0.828238,-1.56044,-3.55851,-0.207452
-2.40124,-1.18077,-1.55576,-2.45618,-2.89298,-0.0928368,-0.0317153,0.163884,0.16977,-0.210917,1.09648,0.403149,0.523349,0.759567,2.07026,2.08973,0.531664,1.34706,1.4,2.39787,-0.87474,-0.973829,-0.184139,-0.0103671,-0.34846,-0.796826,-1.48619,-3.43269,-0.228529
-2.27935,-1.17603,-1.46347,-2.21649,-3.04146,-0.172177,0.0281701,0.0584514,0.0068268,-0.0442579,1.14714,0.41459,0.500492,0.565739,2.0899,2.16759,0.542226,1.29227,1.20098,2.48891,-0.9117,-1.04701,-0.178882,0.014919,-0.330547,-0.781186,-1.55413,-3.47472,-0.213246
-2.53274,-1.37006,-1.65703,-2.56838,-3.38316,-0.0769174,-0.000815767,0.0639164,-0.104457,0.0540626,1.396,0.718753,0.754212,1.11064,2.46891,2.45962,0.95408,1.52004,1.8859,2.90795,-0.881701,-1.02469,-0.145717,0.0379518,-0.279207,-0.775768,-1.5333,-3.46748,-0.261302
-2.24931,-1.11897,-1.43827,-2.42149,-2.93024,-0.128757,0.0675266,0.0805108,0.033396,0.0214246,1.18008,0.425067,0.489353,0.757236,1.79515,1.93434,0.372541,1.2374,1.2892,2.19223,-0.893314,-1.00992,-0.149366,0.0203992,-0.249158,-0.747896,-1.48798,-3.497,-0.218869
-2.42426,-1.32164,-1.58969,-2.60051,-3.27316,-0.0954662,0.053815,0.035308,0.0809585,0.00853658,1.23145,0.557669,0.663316,1.14778,2.38297,2.03702,0.636229,1.34164,1.41026,2.70854,-0.961162,-1.09015,-0.183274,0.0195731,-0.362904,-0.80473,-1.54609,-3.59088,-0.26365
-2.25395,-1.25417,-1.49891,-2.39698,-2.95235,-0.00907257,0.174647,0.146138,0.135755,0.166656,1.08561,0.468446,0.506091,0.865438,1.91377,1.97256,0.53504,1.35757,1.45433,2.1548,-0.862434,-1.02998,-0.17503,-0.0353269,-0.283953,-0.777042,-1.53659,-3.50452,-0.264519
-2.42813,-1.28671,-1.52042,-2.54829,-3.13915,-0.0624843,0.0247062,0.0409136,0.20507,0.0533004,1.18881,0.581562,0.624656,0.863061,2.38095,2.18612,0.489239,1.35702,1.52412,2.257,-0.893058,-1.07153,-0.198546,-0.0145122,-0.34347,-0.824849,-1.46125,-3.46635,-0.225163
-2.24595,-1.18174,-1.59195,-2.33581,-3.09157,-0.319599,-0.189001,-0.05716,-0.23129,-0.201322,1.01112,0.510605,0.56449,0.719301,2.26673,2.03034,0.527152,1.39463,1.34375,2.43307,-0.797761,-1.00262,-0.131437,0.052397,-0.35173,-0.798891,-1.49835,-3.50415,-0.234809
-2.41001,-1.37363,-1.66809,-2.42776,-3.32636,-0.233011,0.0429542,0.0234815,-0.0752677,0.154036,1.2187,0.538312,0.647299,0.765745,2.18713,2.12451,0.623249,1.41761,1.46475,2.42586,-0.836225,-1.05758,-0.142365,-0.00487611,-0.347462,-0.79215,-1.56582,-3.57854,-0.201442
-2.2894,-1.13765,-1.49209,-2.68559,-2.9793,-0.136625,0.0397027,0.124566,0.0358521,-0.0915535,0.944157,0.171265,0.376013,0.827419,1.94588,2.004,0.464069,1.31415,1.71743,2.35891,-0.858326,-0.985853,-0.181931,0.0235015,-0.32821,-0.74934,-1.49212,-3.5122,-0.220671
-2.41372,-1.28515,-1.46617,-2.34368,-3.12201,-0.179066,0.0082469,0.0319907,-0.0167257,-0.0131811,1.30138,0.660896,0.543069,0.892655,2.1611,2.06257,0.529314,1.39372,1.45419,2.3583,-0.862995,-1.00683,-0.206596,-0.030429,-0.360031,-0.834754,-1.49555,-3.41483,-0.211043
-2.37738,-1.27087,-1.59479,-2.34053,-3.09506,-0.2283,-0.0257609,0.00873555,-0.232115,-0.15366,1.08564,0.397003,0.606298,0.704732,2.14187,2.19783,0.62905,1.43244,1.61278,2.59861,-0.85132,-0.984254,-0.196538,-0.00563181,-0.342735,-0.806249,-1.50807,-3.48446,-0.225401
-2.49122,-1.4442,-1.54571,-2.79396,-3.33952,-0.0985351,0.0360722,0.129824,0.240026,-0.00409797,1.20664,0.764157,0.657704,1.02378,2.5399,1.94666,0.640962,1.33685,1.51907,2.52076,-0.938492,-1.08602,-0.240006,0.00720283,-0.328774,-0.804287,-1.46033,-3.49992,-0.222026
-2.52997,-1.42539,-1.64583,-2.72869,-3.28513,-0.102826,0.0294257,0.0423461,0.0433443,0.0172114,1.3041,0.647534,0.697939,0.935164,2.32319,2.34455,0.746422,1.60917,1.68513,2.59286,-0.897286,-1.06068,-0.198174,0.0117517,-0.317144,-0.787139,-1.53204,-3.55427,-0.217603
-2.3322,-1.15459,-1.62069,-2.47001,-3.03397,0.0546142,0.249605,0.185354,0.194376,0.184833,1.01488,0.264393,0.654702,0.666464,1.95439,2.12551,0.487322,1.47896,1.51875,2.336,-0.878623,-1.02746,-0.158647,0.0385979,-0.292668,-0.855551,-1.45347,-3.48558,-0.269793
-2.22738,-1.15917,-1.48287,-2.39475,-3.15582,-0.163183,0.0423289,0.098639,-0.00124198,-0.176425,1.14419,0.533711,0.562408,0.912847,2.46389,1.77147,0.333465,1.27668,1.29343,2.54481,-0.879627,-1.06415,-0.201032,-0.0228982,-0.337027,-0.824622,-1.48802,-3.47469,-0.18276
-2.27915,-1.14888,-1.54041,-2.4493,-2.90079,-0.181271,-0.115083,0.0339952,0.0925947,-0.12299,1.09047,0.465486,0.572793,0.798792,2.18163,2.02592,0.503742,1.35274,1.44337,2.39741,-0.876461,-1.08344,-0.17803,0.00384418,-0.346836,-0.841417,-1.5458,-3.49262,-0.234524
-2.04615,-1.04873,-1.39211,-2.26915,-3.10177,-0.12111,-0.0340246,0.0566914,0.201643,-0.0542622,0.978733,0.37687,0.444814,0.590944,2.05408,1.7572,0.352884,1.1807,1.15831,2.31532,-0.806501,-1.00575,-0.172639,-0.0307342,-0.287995,-0.746639,-1.46876,-3.47642,-0.209197
-2.55768,-1.4396,-1.71972,-2.75879,-3.37174,-0.043458,0.118795,0.092736,0.149921,-0.144185,1.44121,0.673782,0.776397,1.0334,2.56235,2.19761,0.743996,1.49681,1.61811,2.74453,-0.869107,-1.06085,-0.171967,-0.0304639,-0.309253,-0.781023,-1.53013,-3.49794,-0.18737
-2.49987,-1.38919,-1.60505,-2.64936,-3.13734,-0.202821,-0.0622309,-0.0195961,0.133408,0.0273316,1.26875,0.637386,0.628358,0.910753,2.10336,2.28675,0.846414,1.60663,1.64324,2.53926,-0.876839,-1.00157,-0.218962,-0.00273462,-0.31059,-0.802385,-1.50035,-3.4514,-0.226757
-2.42941,-1.29256,-1.60029,-2.50956,-3.18133,-0.0656235,0.125331,0.135507,0.0892608,0.060972,1.34024,0.527631,0.612596,0.814538,2.2429,2.11758,0.621174,1.38296,1.5723,2.64999,-0.87416,-1.07798,-0.179232,0.00600263,-0.30172,-0.757155,-1.53039,-3.5273,-0.228511
-2.58353,-1.27917,-1.58596,-2.70178,-3.15355,-0.248632,-0.0917133,0.00104419,0.0100597,-0.0959574,1.43474,0.557486,0.575811,1.00674,2.32527,2.34088,0.642193,1.42526,1.81916,2.47754,-0.833248,-1.06714,-0.218264,-0.00187862,-0.362424,-0.844611,-1.55574,-3.56791,-0.230418
-2.41208,-1.26282,-1.59262,-2.48169,-3.23274,-0.108496,0.0587052,0.0887814,-0.00637229,0.155939,0.993779,0.20568,0.466165,0.508222,2.05337,1.97219,0.509455,1.36185,1.43174,2.51699,-0.905658,-1.07286,-0.189573,0.00241821,-0.317261,-0.813477,-1.57664,-3.57092,-0.24488
-2.31511,-1.36665,-1.6295,-2.52796,-3.16093,-0.337176,-0.0534721,0.0215202,-0.0339111,-0.158201,1.11394,0.560914,0.575518,0.820251,2.28147,2.08819,0.661126,1.44748,1.60074,2.53014,-0.87033,-1.08777,-0.176832,-0.0052293,-0.325684,-0.792786,-1.58591,-3.59274,-0.201096
-2.33287,-1.194,-1.50764,-2.37955,-2.96405,-0.100263,-0.015695,0.047973,-0.131013,-0.0949799,0.953377,0.238402,0.425952,0.626413,1.92426,2.02789,0.574222,1.36196,1.59005,2.48561,-0.844266,-1.0515,-0.198919,-0.0565212,-0.342622,-0.799987,-1.54995,-3.4973,-0.226404
-2.32028,-1.26456,-1.53621,-2.44249,-3.17118,-0.421909,-0.215683,-0.0405724,-0.216042,-0.230191,1.21819,0.551123,0.514009,0.726027,2.28338,2.16454,0.64087,1.35436,1.5064,2.55436,-0.912959,-1.06949,-0.142506,0.0226879,-0.317955,-0.807904,-1.50776,-3.49656,-0.245112
-2.36558,-1.40282,-1.57267,-2.56748,-3.27263,-0.32809,-0.0742578,-0.0464572,0.030007,-0.0100595,1.37205,0.81584,0.650416,1.02755,2.48099,1.9759,0.627143,1.43241,1.53763,2.61289,-0.847433,-1.05758,-0.178082,-0.0030485,-0.363955,-0.804793,-1.55608,-3.50515,-0.188805
-2.38738,-1.25824,-1.39096,-2.41883,-3.00241,-0.0794602,0.144374,0.107029,0.115662,-0.00972699,1.14169,0.439751,0.341132,0.878644,1.99275,2.07719,0.428823,1.12638,1.42173,2.33937,-0.827749,-1.00985,-0.201903,-0.0254683,-0.368302,-0.820285,-1.5274,-3.48699,-0.220498
-2.11715,-1.05205,-1.46961,-2.37752,-2.91254,-0.266871,-0.17678,-0.0428147,-0.182307,-0.249202,0.852266,0.265831,0.517182,0.794827,1.97487,1.81369,0.449395,1.34085,1.49319,2.35433,-0.911566,-1.03289,-0.166556,0.0105966,-0.335363,-0.824598,-1.50958,-3.49101,-0.231793
-2.29459,-1.14809,-1.53399,-2.628,-3.17215,-0.245519,-0.149743,-0.0741724,-0.0147389,-0.157707,1.317,0.625883,0.710763,1.09521,2.43342,1.97682,0.474309,1.39592,1.58672,2.53326,-0.921083,-1.05971,-0.180408,-0.0320801,-0.309309,-0.773317,-1.52508,-3.52232,-0.243243
-2.39647,-1.35509,-1.57996,-2.66844,-3.33296,-0.0629572,-0.0352689,0.0366306,0.171946,0.00267318,1.16592,0.683624,0.579579,0.824369,2.32706,2.29939,0.75861,1.43149,1.58317,2.6815,-0.896245,-1.08589,-0.152052,0.0101373,-0.304105,-0.784899,-1.50801,-3.48883,-0.218397
-2.65889,-1.45942,-1.75378,-2.70071,-3.22249,0.126857,0.182982,0.219314,0.230806,0.215078,1.39586,0.581357,0.791964,1.12676,2.128,2.30631,0.788516,1.5421,1.67697,2.55782,-0.911484,-1.07037,-0.193345,-0.0532825,-0.373794,-0.88335,-1.51221,-3.5696,-0.257861
-2.34879,-1.29951,-1.54698,-2.64803,-3.13791,-0.0897698,-0.0189269,0.017338,0.15665,-0.0750815,0.938749,0.514314,0.525597,0.803699,2.10608,2.15145,0.662503,1.41872,1.6011,2.4748,-0.845593,-1.0064,-0.192237,0.0639586,-0.367312,-0.802948,-1.5113,-3.48461,-0.200752
-2.55883,-1.42261,-1.54054,-2.52363,-3.41725,-0.00374376,0.0452407,0.103898,0.110348,0.108584,1.12983,0.5001,0.459658,0.634923,2.39914,2.14414,0.626711,1.33728,1.53896,2.72851,-0.875765,-1.0576,-0.198951,-0.00932384,-0.349176,-0.804691,-1.50454,-3.50409,-0.206839
-2.32742,-1.27754,-1.60247,-2.68558,-3.19503,-0.218002,-0.191425,0.0705923,0.221763,-0.152665,1.17953,0.547102,0.622562,0.822349,2.13306,1.89044,0.498849,1.44208,1.50501,2.46369,-0.861948,-1.10209,-0.179205,0.0121592,-0.347776,-0.835719,-1.52445,-3.49882,-0.145715
-2.13393,-1.00938,-1.38412,-2.20353,-2.88259,-0.285616,-0.157315,-0.0150509,-0.171685,-0.210414,1.20408,0.474894,0.458826,0.629581,2.19539,1.81216,0.342846,1.18701,1.04266,2.23902,-0.862571,-1.01156,-0.165912,0.0865249,-0.332858,-0.772569,-1.52896,-3.51234,-0.202958
-2.29965,-1.3055,-1.487,-2.49174,-3.24306,-0.049504,0.109387,0.0572651,0.0885191,0.202084,1.14929,0.601289,0.502558,0.867464,2.27609,1.87218,0.49833,1.2656,1.32976,2.31941,-0.867349,-1.03734,-0.186017,-0.00393489,-0.31237,-0.758616,-1.50734,-3.51201,-0.258786
-2.39691,-1.38163,-1.47895,-2.6532,-3.16073,-0.332247,-0.0895175,-0.0358116,0.0102725,-0.132607,1.51164,0.816932,0.690088,1.21307,2.4062,2.10866,0.676941,1.38625,1.65017,2.43418,-0.861927,-1.03404,-0.186644,-0.0203024,-0.350062,-0.838771,-1.53386,-3.50586,-0.21095
-2.37248,-1.17078,-1.45538,-2.43133,-3.16969,-0.0663642,-0.0122968,0.149002,0.185443,-0.0348988,1.20259,0.524066,0.553725,0.777988,2.27458,2.12286,0.558018,1.40521,1.5377,2.51091,-0.901302,-1.04257,-0.213498,-0.0329707,-0.329074,-0.863989,-1.48482,-3.4868,-0.240217
-2.25738,-1.1745,-1.56369,-2.3772,-3.0302,-0.0787683,-0.0160015,0.15369,-0.00865103,-0.0361261,0.818125,0.273966,0.48917,0.567442,2.02362,1.84323,0.36271,1.2631,1.29626,2.20285,-0.888537,-1.05873,-0.197913,0.00855075,-0.374867,-0.868809,-1.49704,-3.44915,-0.161363
-2.48596,-1.38621,-1.56038,-2.40782,-3.23025,-0.117643,0.0343316,0.0733459,-0.0523611,-0.152235,1.16067,0.617453,0.619903,0.662416,2.31659,2.31444,0.699874,1.46254,1.68439,2.59266,-0.898087,-1.04774,-0.174137,0.00606739,-0.392036,-0.892093,-1.51626,-3.49725,-0.210709
-2.42761,-1.21292,-1.58017,-2.42229,-3.08734,-0.100977,-0.0835466,0.0212633,0.0827898,-0.0612048,1.19493,0.461931,0.59411,0.674984,2.232,2.17156,0.538058,1.41049,1.38586,2.3511,-0.867848,-1.0765,-0.188221,-0.00790834,-0.370535,-0.828356,-1.53085,-3.46869,-0.20603
-2.40716,-1.20048,-1.45445,-2.50701,-3.02777,-0.20694,-0.0493884,0.149149,0.160361,-0.0154172,1.17456,0.416692,0.391899,0.836259,1.93956,2.15732,0.54682,1.24099,1.43138,2.24118,-0.859843,-1.01496,-0.226847,-0.000894165,-0.340013,-0.809878,-1.5006,-3.4419,-0.238068
-2.44624,-1.36239,-1.56116,-2.54733,-3.11773,-0.136759,-0.0393786,0.0458021,-0.122857,-0.144532,1.35987,0.676814,0.660703,1.08965,2.09247,2.21723,0.738871,1.43602,1.53062,2.47888,-0.842018,-1.01469,-0.173577,-0.00814489,-0.277794,-0.794581,-1.47741,-3.45661,-0.182402
-2.2063,-1.17084,-1.39026,-2.44916,-3.10858,-0.382014,-0.296446,-0.0570517,-0.190857,-0.356901,1.36035,0.757997,0.629317,0.987591,2.38478,1.96373,0.533892,1.26345,1.55857,2.56827,-0.90758,-1.05027,-0.190531,-0.0476988,-0.355636,-0.836829,-1.53607,-3.6121,-0.264068
-2.34116,-1.25431,-1.53448,-2.44917,-3.10353,-0.195649,-0.117562,0.12342,0.032013,-0.258538,1.2025,0.50966,0.560249,0.783278,2.26382,1.95651,0.570007,1.22012,1.36934,2.44594,-0.907345,-1.03441,-0.185084,0.0282964,-0.365608,-0.822431,-1.52185,-3.55499,-0.24878
-2.38844,-1.29266,-1.5432,-2.37319,-2.99557,-0.0366567,-0.005731,0.00127822,-0.0707399,0.0586287,1.08511,0.425039,0.564886,0.709488,1.85224,2.19759,0.636332,1.44641,1.5416,2.49031,-0.798242,-1.06689,-0.192442,2.7343e-05,-0.361221,-0.882644,-1.51353,-3.48759,-0.228224
-2.35809,-1.33201,-1.51311,-2.62215,-3.06303,-0.313939,-0.145473,0.096613,-0.106307,-0.203723,1.42352,0.794649,0.6552,1.067,2.41283,2.26709,0.803994,1.43455,1.79304,2.54866,-0.862032,-1.02018,-0.19241,-0.0449874,-0.293126,-0.817502,-1.44785,-3.43988,-0.261547
-2.19253,-1.18776,-1.48588,-2.47182,-3.14096,-0.136099,-0.0437332,0.0332987,0.09148,0.0335199,1.06262,0.390368,0.490855,0.854931,1.92215,1.93782,0.535413,1.30148,1.40541,2.51149,-0.851294,-1.019,-0.177017,0.0289956,-0.307105,-0.794088,-1.50407,-3.42933,-0.229104
-2.35392,-1.28128,-1.59909,-2.47894,-3.16929,-0.0570778,-0.0431201,0.13999,0.135097,-0.048512,1.11031,0.630825,0.554411,0.806941,2.39073,2.09473,0.677422,1.43492,1.48704,2.3713,-0.834231,-1.01181,-0.204481,-0.0521688,-0.307998,-0.826389,-1.46688,-3.4675,-0.257168
-2.30591,-1.25508,-1.52655,-2.52541,-3.17625,-0.296357,-0.0342277,0.124872,-0.14208,-0.0464413,1.1921,0.485352,0.573001,0.958566,2.27761,2.04931,0.525371,1.30664,1.42841,2.50889,-0.910707,-1.08975,-0.16173,0.0266964,-0.303575,-0.828531,-1.54336,-3.54132,-0.188308
-2.36688,-1.39833,-1.50207,-2.36673,-3.29445,-0.431101,-0.0969701,-0.0401484,-0.18807,-0.13561,1.07934,0.605861,0.484871,0.777579,2.34486,2.12313,0.669085,1.27008,1.28685,2.6134,-0.906567,-1.07198,-0.211809,0.0290304,-0.295757,-0.780216,-1.5434,-3.52728,-0.189684
-2.28093,-1.19904,-1.4804,-2.38753,-3.08286,-0.276922,-0.0273616,-0.0237384,-0.103904,-0.0106148,1.26764,0.523681,0.62474,0.938196,1.93302,2.09237,0.641259,1.40477,1.49167,2.46026,-0.891934,-1.00268,-0.202579,-0.0344057,-0.319652,-0.757646,-1.4317,-3.43607,-0.219313
-2.48493,-1.34148,-1.57254,-2.56414,-3.03178,-0.20612,-0.110979,-0.0796515,0.0255036,-0.101474,1.19244,0.519847,0.712737,0.935362,1.97034,2.15268,0.608961,1.42581,1.54511,2.32467,-0.859881,-1.00954,-0.192762,0.0195647,-0.339826,-0.782625,-1.50497,-3.4484,-0.216478
-2.45732,-1.50056,-1.60803,-2.41398,-3.27298,-0.245079,-0.07572,-0.0473351,-0.131411,-0.321081,1.23367,0.716662,0.707247,0.726717,2.27319,2.0516,0.74614,1.44686,1.34981,2.73853,-0.921862,-1.09492,-0.197895,-0.00658528,-0.291778,-0.835057,-1.53684,-3.48213,-0.204591
-2.35086,-1.32185,-1.62113,-2.79742,-3.19973,-0.069537,0.043255,0.0392934,0.121696,0.131311,0.982184,0.359998,0.54357,0.942851,1.86626,1.97154,0.575394,1.30146,1.48005,2.37897,-0.817161,-1.02205,-0.157347,0.0169784,-0.354172,-0.710403,-1.55953,-3.51773,-0.191569
-2.27875,-1.20938,-1.45835,-2.48968,-3.1287,-0.433976,-0.193279,-0.0512114,-0.150268,-0.176012,0.925242,0.3584,0.395684,0.641167,2.11112,2.10512,0.610392,1.38985,1.70484,2.48437,-0.829227,-1.03464,-0.145432,0.0419355,-0.320474,-0.811874,-1.53077,-3.45737,-0.187607
-2.23975,-1.18958,-1.42248,-2.20989,-2.93946,-0.151148,-0.0562179,0.0696946,-0.00476268,-0.22719,0.831981,0.333787,0.501016,0.51758,2.18792,1.94565,0.565058,1.2978,1.2663,2.34184,-0.872244,-1.03397,-0.20784,-0.00772664,-0.339582,-0.856141,-1.51454,-3.51944,-0.262839
-2.2468,-1.10293,-1.569,-2.49987,-3.09002,-0.232216,-0.306677,-0.008254,-0.0925809,-0.102622,1.21035,0.658257,0.616222,1.11641,2.34719,1.98059,0.570103,1.4081,1.52812,2.42227,-0.837581,-1.02794,-0.166351,-0.0301566,-0.321164,-0.766845,-1.57254,-3.57009,-0.212193
-2.40945,-1.24351,-1.58997,-2.4491,-3.29963,-0.253535,-0.107175,0.0236753,-0.227715,0.0640267,1.08798,0.486295,0.610786,0.803394,2.25038,2.36427,0.727272,1.53075,1.78248,2.80107,-0.873826,-1.06619,-0.195767,-0.0162659,-0.348626,-0.823612,-1.56012,-3.51948,-0.212145
-2.42785,-1.30362,-1.6428,-2.49158,-3.07156,-0.120864,-0.0368603,0.0551544,0.0373648,-0.104689,1.09197,0.477034,0.796463,0.780162,1.89778,2.26962,0.778402,1.56078,1.69288,2.51155,-0.827615,-0.968531,-0.183904,0.0413243,-0.317872,-0.762998,-1.48182,-3.41382,-0.235188
-2.39085,-1.25031,-1.48758,-2.4565,-3.17376,-0.0602631,-0.0519584,-0.0677623,-0.115081,-0.234991,1.18494,0.503228,0.489381,0.745753,2.34752,2.08545,0.560108,1.3407,1.42423,2.48194,-0.884923,-1.07564,-0.149306,0.00756934,-0.344738,-0.770915,-1.52482,-3.46982,-0.214469
-2.37716,-1.34413,-1.61588,-2.58978,-3.32668,-0.208509,-0.127289,0.0189849,0.0642401,-0.0723011,1.11691,0.488386,0.624804,0.817568,2.21486,2.11437,0.745237,1.46274,1.62981,2.74008,-0.909467,-1.01678,-0.153316,0.0365249,-0.32943,-0.806235,-1.52215,-3.49174,-0.243835
-2.31123,-1.09283,-1.40305,-2.51982,-3.1734,-0.18062,-0.114524,0.0630935,0.00191839,-0.186655,1.09424,0.346478,0.467076,0.76392,2.24817,2.2046,0.633688,1.2934,1.68226,2.74958,-0.911568,-1.04989,-0.160442,0.0284765,-0.298717,-0.80999,-1.49984,-3.49394,-0.249541
-2.35994,-1.1846,-1.54152,-2.48386,-2.97841,-0.0957841,-0.0267948,-0.0163168,-0.02286,0.033353,1.15784,0.50017,0.597052,0.790127,1.96332,2.15323,0.546446,1.44776,1.59112,2.28376,-0.879155,-1.08735,-0.192453,-0.0562014,-0.308804,-0.827263,-1.56303,-3.52986,-0.220221
-2.28926,-1.15037,-1.56631,-2.36753,-2.9606,-0.321036,-0.234635,0.0300641,-0.201649,-0.285342,1.35176,0.664712,0.64576,0.838556,2.21831,2.28452,0.810994,1.51698,1.71933,2.64027,-0.831519,-1.01305,-0.172658,-0.0469984,-0.293959,-0.814201,-1.55716,-3.5047,-0.258594
-2.39965,-1.25188,-1.53987,-2.46243,-3.17266,-0.363575,-0.303861,-0.0940745,-0.19309,-0.290384,1.2221,0.563165,0.554628,0.913762,2.18705,1.93521,0.523658,1.31856,1.37939,2.3593,-0.801534,-1.02503,-0.146932,0.0491233,-0.393555,-0.833774,-1.52084,-3.51114,-0.219143
-2.52757,-1.28223,-1.57534,-2.71626,-3.21404,-0.187218,-0.0794674,-0.0879816,0.082116,-0.0295345,1.4368,0.665477,0.699881,1.13022,2.28493,2.25666,0.620225,1.47664,1.66806,2.48533,-0.89548,-1.02468,-0.191251,0.0462237,-0.321077,-0.784247,-1.50362,-3.50861,-0.206489
-2.43598,-1.35662,-1.59181,-2.95448,-3.47281,-0.078164,0.0213062,0.0620109,0.245014,0.0792349,1.24421,0.613026,0.678286,1.26997,2.56155,2.14851,0.710916,1.44015,1.8095,2.75089,-0.906755,-1.01879,-0.174887,0.0265715,-0.299857,-0.754178,-1.47814,-3.4959,-0.188997
-2.46372,-1.38564,-1.58446,-2.61892,-2.98729,-0.100415,0.0834565,0.0846469,0.158554,-0.0218972,1.12394,0.593404,0.510096,0.837145,2.09629,2.13784,0.70254,1.35765,1.46299,2.38801,-0.886284,-1.07846,-0.177584,0.0520575,-0.346642,-0.750824,-1.55025,-3.53095,-0.217386
-2.38263,-1.20221,-1.566,-2.67404,-2.95804,-0.183409,-0.126639,-0.0452202,-0.0218446,-0.288603,1.14637,0.514687,0.635856,1.09668,2.08637,2.13213,0.601248,1.4237,1.58223,2.39657,-0.908259,-1.03434,-0.163432,-0.0194946,-0.330208,-0.774978,-1.50036,-3.48079,-0.239168
-2.36169,-1.33729,-1.6195,-2.51635,-3.27428,0.0401667,0.149962,0.112661,0.141274,0.0970429,1.14357,0.624811,0.762088,0.940266,2.3293,1.92825,0.552464,1.38156,1.47437,2.496,-0.881518,-1.05049,-0.16356,-0.0108001,-0.350343,-0.863226,-1.53942,-3.55015,-0.219424
-2.13568,-0.985192,-1.3324,-2.41397,-2.57375,-0.203331,-0.129729,0.0238651,0.0170954,-0.226761,0.826744,0.139134,0.300541,0.680507,1.56756,1.90369,0.440911,1.20257,1.44163,2.12667,-0.904977,-1.07326,-0.178027,-0.00223332,-0.317894,-0.824354,-1.51314,-3.54161,-0.237647
-2.17468,-1.14595,-1.54993,-2.66494,-3.10132,-0.24952,-0.233907,-0.0454442,0.0538127,-0.310512,0.919765,0.480739,0.61175,0.964361,2.09726,2.16112,0.719427,1.59275,1.84454,2.70838,-0.923563,-1.02561,-0.132135,0.120407,-0.319421,-0.777938,-1.5166,-3.501,-0.215531
-2.41154,-1.2667,-1.60427,-2.50933,-3.16577,-0.180328,0.00550515,0.113057,0.0918596,-0.069601,1.32395,0.489018,0.638051,0.930392,2.25752,2.31164,0.692895,1.51416,1.61135,2.55563,-0.830242,-1.03833,-0.161185,-0.0293795,-0.353018,-0.820847,-1.51568,-3.46299,-0.2577
-2.3838,-1.2306,-1.42603,-2.46433,-3.08813,0.00886853,-0.0461942,-0.0172479,0.134796,-0.0405531,1.13398,0.429083,0.359729,0.72463,2.04604,2.1022,0.6143,1.31566,1.34877,2.40914,-0.898809,-1.07421,-0.230516,-0.00854971,-0.318547,-0.748345,-1.56412,-3.4698,-0.183651
-2.49346,-1.21507,-1.53242,-2.44653,-3.1491,-0.0212482,0.0557874,0.12095,-0.140488,-0.0995081,1.31972,0.541369,0.592139,0.89782,2.2196,2.03604,0.438169,1.26363,1.47734,2.54398,-0.907108,-1.03545,-0.145105,0.0205257,-0.31974,-0.816689,-1.59155,-3.58945,-0.251846
-2.29805,-1.17039,-1.39559,-2.53898,-3.20475,-0.218905,-0.0266551,0.00501106,-0.00994372,0.100927,1.33126,0.547384,0.51512,1.08206,2.22596,1.9215,0.347471,1.144,1.51845,2.41666,-0.834458,-1.07045,-0.167364,-0.024221,-0.336275,-0.830203,-1.51327,-3.499,-0.204943
-2.2343,-1.24286,-1.41121,-2.47911,-3.16683,-0.108967,0.00129897,0.0195291,-0.0517478,-0.0909921,0.940348,0.427048,0.447194,0.815875,2.19408,2.02073,0.626058,1.37679,1.53177,2.56148,-0.83536,-1.03276,-0.187028,-0.00598693,-0.318034,-0.745041,-1.50804,-3.45478,-0.22059
-2.37851,-1.26022,-1.66177,-2.47429,-3.28078,-0.196398,-0.0391342,0.122835,0.105243,0.0659834,1.20154,0.591786,0.600142,0.781458,2.28873,2.04049,0.5181,1.45015,1.40624,2.48043,-0.832352,-1.03254,-0.172384,0.0285876,-0.332636,-0.856102,-1.57269,-3.5503,-0.203919
-2.2466,-1.2834,-1.51578,-2.48137,-3.26665,-0.266341,-0.0195484,0.090352,0.000575997,-0.173735,1.16108,0.514908,0.632452,1.0758,2.35648,2.117,0.609097,1.38456,1.60573,2.674,-0.887368,-1.05424,-0.175917,-0.00070602,-0.287824,-0.842028,-1.4382,-3.39139,-0.242186
-2.32484,-1.20124,-1.62419,-2.60131,-3.29826,-0.31034,-0.317848,-0.0683331,-0.116458,-0.129139,1.17068,0.587929,0.61113,1.01104,2.27187,2.11785,0.598605,1.52818,1.69269,2.52926,-0.830798,-1.04628,-0.164417,-0.0166862,-0.323554,-0.846404,-1.52472,-3.54286,-0.234707
-2.61769,-1.57113,-1.66922,-2.66232,-3.44703,0.148852,0.252402,0.134991,0.276321,0.319104,1.24537,0.610921,0.583603,0.745689,2.21937,2.09028,0.613973,1.44801,1.50419,2.51187,-0.945934,-1.09614,-0.158417,0.0242832,-0.300769,-0.859859,-1.57888,-3.5149,-0.225278
-2.66052,-1.50932,-1.68185,-2.73753,-3.58603,-0.0259792,0.0730681,0.134286,0.143401,0.145866,1.40938,0.773644,0.676686,0.984918,2.509,2.38737,0.723865,1.45454,1.67496,2.81808,-0.914969,-1.07862,-0.136525,-0.0116823,-0.334552,-0.758162,-1.57047,-3.60339,-0.18519
-2.17383,-1.05856,-1.45638,-2.34155,-2.94012,-0.169684,-0.0298104,0.0666952,-0.1758,-0.16766,0.779547,0.176894,0.381292,0.667219,1.81663,1.79852,0.302665,1.20214,1.26993,2.2393,-0.896419,-1.03882,-0.156658,0.0314476,-0.26476,-0.720097,-1.53,-3.51614,-0.189451
-2.3477,-1.30611,-1.62952,-2.62273,-3.25215,-0.0971231,0.0608341,0.0168754,0.0467862,-0.108289,1.12051,0.533989,0.568454,0.803196,2.42085,2.0032,0.575626,1.46173,1.3968,2.64957,-0.881196,-1.03787,-0.19629,0.0371222,-0.334747,-0.746652,-1.4918,-3.50515,-0.218834
-2.08505,-0.992541,-1.38558,-2.38554,-2.74229,-0.130633,-0.0814837,0.00412064,0.068999,-0.0995504,0.708616,0.152481,0.38333,0.364881,1.68045,1.74161,0.245502,1.27062,1.32589,2.09242,-0.91142,-1.0767,-0.198907,-0.0563466,-0.334845,-0.780036,-1.50702,-3.55565,-0.217432
-2.30988,-1.1988,-1.47147,-2.62565,-3.15647,-0.268204,-0.12486,-0.0388391,0.0812468,-0.000816415,1.01611,0.379793,0.518077,0.809309,2.12537,2.04893,0.485424,1.3379,1.60856,2.41856,-0.840689,-1.0198,-0.156475,0.0515065,-0.363396,-0.849639,-1.53068,-3.45659,-0.193498
-2.40544,-1.34965,-1.61234,-2.7628,-3.5867,-0.163143,-0.00964401,0.0607758,0.079505,0.102679,1.14238,0.568847,0.609289,0.938961,2.53293,2.04267,0.627296,1.40025,1.54062,2.80111,-0.868981,-1.05506,-0.133061,0.0734174,-0.295095,-0.78638,-1.51523,-3.52465,-0.186743
-2.26764,-1.29117,-1.67803,-2.51877,-3.02564,-0.2611,0.046148,0.135505,-0.0998121,-0.0727787,1.17022,0.510164,0.706118,0.927203,2.17406,2.06173,0.549671,1.35465,1.61557,2.35416,-0.844023,-1.03266,-0.145427,0.0597794,-0.334365,-0.779358,-1.55056,-3.51396,-0.18088
-2.52838,-1.46014,-1.65224,-2.55189,-3.2342,-0.0674146,0.178416,0.141387,0.208245,0.0646116,1.39837,0.747688,0.643261,0.953735,2.41655,2.23687,0.756249,1.48683,1.51462,2.59136,-0.867896,-1.01406,-0.212698,0.0257305,-0.278987,-0.76393,-1.52926,-3.4577,-0.24279
-2.45563,-1.23414,-1.58448,-2.4637,-3.35013,-0.165737,-0.100641,-0.02057,-0.0735096,-0.178145,1.54801,0.686826,0.627903,1.13183,2.5851,2.22965,0.710326,1.46237,1.50524,2.78185,-0.916077,-1.04921,-0.155494,0.00770511,-0.302372,-0.829603,-1.59538,-3.62399,-0.219973
-1.96793,-0.915868,-1.39623,-2.34057,-2.78902,-0.276774,-0.0781047,0.00371609,0.0336794,-0.0600969,0.884035,0.192766,0.460961,0.738558,1.94743,1.93302,0.471473,1.29477,1.45802,2.41772,-0.91955,-1.03147,-0.198128,-0.026799,-0.332053,-0.812241,-1.49859,-3.51122,-0.239705
-2.5288,-1.48676,-1.61195,-2.5572,-3.44289,-0.186907,-0.0277696,-0.0003568,-0.0322441,-0.0194138,1.33985,0.722146,0.707682,1.02734,2.44511,2.13807,0.787591,1.37075,1.44294,2.88191,-0.851167,-0.999638,-0.207955,0.0292246,-0.349377,-0.797801,-1.49398,-3.41614,-0.204077
-2.51065,-1.23449,-1.70477,-2.55653,-3.0728,0.0210887,-0.0552315,0.0567665,0.0776736,-0.0919957,1.20121,0.479015,0.693634,0.979441,2.0498,2.10781,0.475875,1.45506,1.51353,2.44742,-0.811811,-1.01158,-0.178572,-0.00585573,-0.307334,-0.754014,-1.5756,-3.49933,-0.212116
-2.24453,-1.19455,-1.57596,-2.6068,-3.0481,-0.289217,-0.110159,0.0900779,-0.00323042,-0.225895,0.936384,0.271875,0.468344,0.720138,2.02268,1.921,0.434772,1.32187,1.48942,2.49537,-0.936409,-1.11453,-0.206781,0.0113548,-0.373571,-0.824923,-1.51928,-3.54467,-0.186889
-2.41601,-1.29704,-1.54869,-2.57841,-3.13314,-0.210312,-0.0498215,0.0890504,0.1232,-0.216051,1.07198,0.38693,0.369158,0.715191,2.15084,2.24986,0.686847,1.39792,1.54835,2.67771,-0.86779,-1.05973,-0.208866,-0.0519443,-0.344539,-0.844514,-1.5675,-3.53213,-0.232501
-2.4331,-1.36655,-1.55686,-2.58026,-3.13752,-0.112467,0.0911641,0.0822587,0.208647,0.0114463,1.37172,0.745696,0.74739,1.01831,2.40933,2.17283,0.624252,1.47029,1.44145,2.35672,-0.901721,-1.00281,-0.183009,0.0389477,-0.296358,-0.771526,-1.51044,-3.47131,-0.217236
-2.30776,-1.23635,-1.53509,-2.30481,-3.26689,-0.396836,-0.141936,-0.0602887,-0.21991,-0.0509616,1.14344,0.542251,0.644642,0.870242,2.34667,2.2085,0.744458,1.47572,1.63788,2.74887,-0.897618,-1.04472,-0.156376,-0.0112666,-0.329165,-0.847549,-1.49311,-3.44264,-0.223254
-2.35321,-1.27868,-1.53884,-2.36278,-3.29897,-0.336289,-0.160633,-0.0782831,-0.0547685,-0.196266,1.20167,0.597857,0.675224,0.582649,2.58967,2.14442,0.65502,1.44834,1.35757,2.74886,-0.915036,-1.07133,-0.159568,0.0546956,-0.335731,-0.799907,-1.53664,-3.49162,-0.239524
-2.36911,-1.27849,-1.59141,-2.46186,-3.15162,-0.105739,-0.0309327,0.141175,-0.0343768,-0.183867,1.1333,0.502971,0.54233,0.736945,2.28513,2.07071,0.599859,1.459,1.57058,2.51989,-0.868124,-1.02706,-0.174356,0.0372865,-0.330505,-0.755189,-1.47558,-3.43196,-0.233031
-2.39799,-1.39574,-1.64739,-2.57185,-3.28273,-0.283952,-0.182926,0.0361471,-0.0402054,-0.196149,1.25565,0.722649,0.679274,1.00944,2.3394,2.0884,0.72679,1.41459,1.66259,2.50824,-0.911104,-1.04735,-0.173702,0.0085808,-0.320192,-0.794814,-1.51839,-3.44004,-0.195032
-2.30202,-1.24815,-1.60974,-2.37982,-3.20244,-0.348236,-0.131362,-0.0839073,-0.153286,-0.230735,1.22316,0.606776,0.652707,0.793478,2.43924,2.06428,0.550972,1.3834,1.18369,2.61921,-0.879946,-1.09767,-0.142209,0.0352125,-0.350144,-0.798672,-1.6139,-3.55951,-0.216841
-2.43344,-1.35635,-1.56949,-2.51224,-3.36991,-0.140482,-0.0685141,0.0390159,0.0288886,-0.0506527,1.20663,0.625888,0.638757,0.781331,2.43105,2.10304,0.668153,1.35129,1.34291,2.77179,-0.870393,-1.05219,-0.1057,0.0689694,-0.311802,-0.831709,-1.54274,-3.47218,-0.187092
-2.42257,-1.34898,-1.6445,-2.51036,-3.31449,-0.00797267,0.0982138,0.0542274,-0.0992481,-0.0146672,1.2309,0.664837,0.678277,0.855619,2.46521,2.03699,0.572136,1.52264,1.40585,2.65208,-0.886526,-1.10758,-0.141053,0.0170301,-0.314817,-0.803045,-1.52404,-3.5376,-0.241206
-2.40549,-1.22304,-1.50558,-2.25412,-2.99591,-0.0964292,0.0875259,0.090288,0.204952,0.0802815,1.12946,0.360713,0.463775,0.399177,1.93655,1.91767,0.299792,1.2493,1.03907,2.04628,-0.857647,-1.0181,-0.14675,-0.0478724,-0.335602,-0.806885,-1.6015,-3.59618,-0.240508
-2.6164,-1.52405,-1.78365,-2.8978,-3.16566,-0.0375969,0.0728701,0.19712,0.199375,-0.0880493,1.47187,0.802847,0.69618,1.12645,2.25402,2.29399,0.831806,1.52007,1.88031,2.62848,-0.93135,-1.09854,-0.196981,0.0633586,-0.362681,-0.774775,-1.58989,-3.57472,-0.225057
-2.18009,-0.921599,-1.52755,-2.30075,-2.77359,-0.252708,-0.168174,-0.0606879,-0.150559,-0.31849,1.16807,0.437356,0.597325,0.745524,2.05382,1.98041,0.348762,1.31839,1.33522,2.30985,-0.880755,-1.04387,-0.183613,0.0206736,-0.258325,-0.692253,-1.56377,-3.55667,-0.24744
-2.36369,-1.21371,-1.61776,-2.58025,-3.15424,-0.535675,-0.391408,-0.00017636,-0.172708,-0.437129,1.38335,0.768559,0.748065,1.03191,2.35343,2.26049,0.568087,1.33788,1.53832,2.45441,-0.910612,-1.07732,-0.112502,0.0162685,-0.32738,-0.838214,-1.62229,-3.62357,-0.187889
-2.38562,-1.37441,-1.4755,-2.56085,-3.1438,-0.231988,-0.114593,0.0127659,-0.0750454,-0.153203,1.1973,0.657109,0.530953,0.889935,2.22625,2.20485,0.830829,1.38801,1.70977,2.55302,-0.86876,-1.03758,-0.175253,0.0245559,-0.339111,-0.735989,-1.53944,-3.43639,-0.188748
-2.47088,-1.37909,-1.58538,-2.65408,-2.96632,-0.218372,-0.0900444,0.0216522,-0.107618,-0.255881,1.32345,0.709387,0.734127,1.1869,2.37887,2.13355,0.573223,1.46832,1.61479,2.42551,-0.907321,-1.1103,-0.204019,-0.0217751,-0.378119,-0.837445,-1.52254,-3.48476,-0.201046
-2.51343,-1.3361,-1.62759,-2.62676,-3.29995,0.0802632,0.0213474,0.186219,0.195466,0.00312275,1.39166,0.681131,0.748761,1.04416,2.28787,2.14787,0.675612,1.41921,1.6296,2.53664,-0.868689,-0.988582,-0.160975,-0.00963169,-0.285733,-0.803468,-1.47275,-3.46604,-0.256749
-2.20282,-1.08871,-1.55123,-2.35124,-2.99979,-0.168704,-0.12132,0.0278114,0.0349752,-0.0635834,0.909919,0.328663,0.629831,0.635703,1.97305,1.79887,0.331795,1.35445,1.31928,2.253,-0.832653,-1.03181,-0.185685,0.0305885,-0.326905,-0.815849,-1.53083,-3.5101,-0.244967
-2.45115,-1.4002,-1.69363,-2.75631,-3.22168,-0.0958617,0.0640679,0.10242,0.0821891,-0.0280254,1.20383,0.557745,0.653485,0.924729,2.23302,2.10661,0.663546,1.55669,1.62554,2.53299,-0.901181,-1.03946,-0.193477,0.037026,-0.265046,-0.739397,-1.51883,-3.43015,-0.204761
-2.36033,-1.22709,-1.52032,-2.55726,-2.87691,-0.344103,-0.205379,-0.147617,-0.0816939,-0.357232,1.14009,0.477346,0.700864,0.928841,1.92528,2.18491,0.658472,1.55133,1.60804,2.3514,-0.903278,-1.07805,-0.1561,0.0389807,-0.337856,-0.771324,-1.50644,-3.51632,-0.22625
-2.41108,-1.30039,-1.55683,-2.48086,-3.19472,-0.120491,-0.0538346,0.000866059,-0.108351,-0.161467,1.1454,0.552411,0.655672,0.933802,2.19805,2.17294,0.653837,1.44843,1.45842,2.72881,-0.86261,-1.05522,-0.165676,0.0601453,-0.358697,-0.836113,-1.50588,-3.46491,-0.217351
-2.45942,-1.30486,-1.61571,-2.4889,-3.09722,-0.0552179,0.00265535,0.139142,0.0809912,-0.0100143,1.22138,0.580739,0.624051,0.857216,2.13929,2.27192,0.73906,1.46266,1.45275,2.58945,-0.826239,-1.01656,-0.222382,0.00069639,-0.275884,-0.709441,-1.48155,-3.43044,-0.188296
-2.43783,-1.32553,-1.57998,-2.81688,-3.28271,-0.197232,0.0331637,0.0980793,0.136121,-0.0768824,1.20953,0.398125,0.538276,0.985456,2.0695,2.29317,0.714995,1.46119,1.91613,2.66293,-0.869386,-1.02773,-0.122923,0.00969095,-0.322883,-0.853512,-1.48795,-3.48414,-0.252415
-2.36759,-1.22626,-1.50264,-2.61018,-3.11037,-0.189344,-0.214851,-0.112902,-0.165083,-0.0716622,1.16189,0.571916,0.502101,0.966862,2.02103,2.23083,0.747926,1.37735,1.67163,2.56603,-0.921644,-1.04589,-0.162942,0.055245,-0.29372,-0.711278,-1.49069,-3.44608,-0.220691
-2.30217,-1.20539,-1.46773,-2.40883,-3.11475,-0.188225,-0.0128233,0.0455203,-0.0435322,-0.0513226,1.22956,0.580669,0.512958,0.852559,2.31873,2.13443,0.733647,1.34798,1.48724,2.67728,-0.830555,-1.0088,-0.199876,0.0350215,-0.290938,-0.782342,-1.48335,-3.46074,-0.243417
-2.10898,-1.0841,-1.5011,-2.4872,-3.0226,-0.167645,-0.00176742,0.122542,0.0711004,0.0452791,1.11521,0.509773,0.550652,0.951913,2.24366,1.91168,0.39181,1.32348,1.41408,2.2653,-0.918029,-1.02843,-0.153125,0.107806,-0.337304,-0.720939,-1.50137,-3.4371,-0.190246
-2.46389,-1.39101,-1.67178,-2.61817,-3.2741,-0.189206,-0.0368273,0.179003,0.127343,-0.172337,1.46055,0.820874,0.665605,0.921975,2.66281,2.20054,0.690468,1.38025,1.462,2.67064,-0.859647,-1.04278,-0.174355,0.0364155,-0.297662,-0.808004,-1.5876,-3.62148,-0.211518
-2.56802,-1.45029,-1.67153,-2.79294,-3.27825,-0.122406,-0.103321,-0.0428264,0.116048,-0.285335,1.3894,0.699297,0.757349,0.931954,2.3266,2.1112,0.65922,1.50088,1.6626,2.70263,-0.872893,-1.07788,-0.163209,0.038464,-0.342811,-0.746859,-1.50953,-3.46638,-0.202581
-2.60902,-1.31813,-1.61583,-2.72,-3.25919,-0.141961,-0.0904924,-0.00135647,0.046041,-0.124652,1.4666,0.687989,0.621816,1.11674,2.37631,2.26745,0.618147,1.41023,1.59402,2.55559,-0.892602,-1.03222,-0.157189,0.0079337,-0.34277,-0.745981,-1.56703,-3.5476,-0.2282
-2.37039,-1.3359,-1.63042,-2.63563,-3.10583,-0.135043,0.01178,0.143265,0.16868,-0.127723,1.32053,0.701789,0.695291,0.996105,2.27577,2.13524,0.570897,1.41845,1.49421,2.3984,-0.88648,-1.01372,-0.188669,0.0143412,-0.314228,-0.826874,-1.50944,-3.44496,-0.226681
-2.23957,-1.22861,-1.45961,-2.54657,-3.20162,-0.251334,-0.18947,-0.15866,-0.127758,-0.176164,1.11416,0.51877,0.588247,1.17831,2.45359,2.16357,0.738414,1.50235,1.79903,2.7077,-0.844833,-1.06794,-0.182011,0.013051,-0.372628,-0.817255,-1.53126,-3.49843,-0.196625
-2.16315,-1.21016,-1.5163,-2.33448,-3.03735,-0.248731,-0.0993095,0.0585833,0.0559046,-0.226625,0.926778,0.425804,0.535483,0.672815,2.00226,1.82588,0.543207,1.39836,1.42054,2.40814,-0.858432,-1.00344,-0.218216,-0.0476286,-0.302125,-0.802453,-1.50498,-3.49519,-0.259982
-2.45602,-1.35706,-1.72816,-2.54811,-3.35083,0.00866054,0.023588,0.110258,0.100208,0.0486603,1.17912,0.622388,0.840125,0.853981,2.31824,2.18934,0.822101,1.62781,1.69791,2.61859,-0.888752,-0.991433,-0.211697,-0.0152781,-0.31751,-0.764683,-1.45066,-3.43188,-0.243335
-2.29419,-1.12189,-1.39245,-2.42502,-2.9541,-0.299666,-0.195436,-0.0957781,-0.117272,-0.245575,1.29916,0.479328,0.514838,0.714084,2.25167,1.93606,0.354057,1.15217,1.34608,2.23408,-0.78202,-1.02886,-0.189444,-0.0130046,-0.350145,-0.803517,-1.533,-3.47022,-0.256371
-2.25869,-1.23654,-1.43551,-2.21694,-3.02768,0.010474,0.0596052,0.140459,0.0255282,0.110532,1.00397,0.450362,0.470276,0.626814,2.09937,1.95319,0.564936,1.1777,1.27914,2.29983,-0.881577,-0.957326,-0.220103,-0.0278838,-0.324667,-0.797846,-1.49233,-3.43632,-0.222953
-2.56726,-1.44098,-1.72663,-2.66025,-3.36747,0.0304682,0.150187,0.215919,0.0916873,0.112953,1.27578,0.587813,0.600081,0.875614,2.33557,2.38883,0.86969,1.54466,1.79387,2.76385,-0.855068,-1.00049,-0.168065,0.0340156,-0.267776,-0.758315,-1.52374,-3.49056,-0.207233
-2.44942,-1.28745,-1.68502,-2.45151,-3.10493,-0.0512157,-0.00105554,0.132654,0.0392003,-0.00770506,1.15792,0.59988,0.662447,0.677496,2.16191,2.09013,0.584979,1.42763,1.27369,2.43432,-0.860056,-1.06239,-0.157838,0.0442409,-0.326036,-0.79823,-1.51031,-3.47838,-0.218624
-2.56501,-1.53152,-1.6657,-2.67189,-3.51723,-0.104337,0.0753637,0.11097,0.124624,0.205766,1.29008,0.690363,0.606137,0.922914,2.44541,2.30162,0.78645,1.60877,1.78117,2.69438,-0.908799,-1.10385,-0.178063,-0.00558264,-0.331188,-0.839435,-1.5547,-3.53908,-0.233173
-2.35839,-1.26107,-1.44033,-2.43733,-3.08332,-0.00453546,0.0324026,0.118558,0.116848,-0.0281211,0.974827,0.322607,0.419558,0.657968,1.92496,2.08683,0.61335,1.29385,1.52741,2.49243,-0.866332,-1.01669,-0.182108,0.0181456,-0.368297,-0.801841,-1.49275,-3.4657,-0.211857
-2.25358,-1.1738,-1.44683,-2.53065,-3.16766,-0.304599,-0.156443,-0.178658,-0.0599925,-0.177944,1.21,0.607731,0.599046,1.07873,2.29337,2.18484,0.705503,1.52357,1.70825,2.70928,-0.873902,-1.04236,-0.185574,0.00600869,-0.350613,-0.800029,-1.51914,-3.52185,-0.183518
-2.43227,-1.29993,-1.51341,-2.52216,-3.29451,-0.169383,-0.178031,0.0558831,-0.0940327,-0.14174,1.46438,0.87507,0.718322,1.0756,2.61654,2.28781,0.836173,1.42898,1.64959,2.82045,-0.880116,-1.03087,-0.179863,0.0102001,-0.275633,-0.861977,-1.46045,-3.48157,-0.236906
-2.41798,-1.3303,-1.63235,-2.73474,-3.25017,-0.0908181,0.0545406,0.0680498,0.118851,0.0497678,1.16017,0.594023,0.547087,1.0275,2.33975,2.20532,0.714522,1.53173,1.71437,2.6725,-0.843138,-1.05854,-0.117038,0.0287888,-0.272715,-0.739118,-1.57307,-3.50545,-0.216977
-2.35631,-1.28969,-1.64546,-2.53063,-3.33325,-0.347228,-0.120431,-0.0456923,-0.133018,-0.00153479,1.25137,0.50999,0.603613,0.707867,2.32669,2.24004,0.799451,1.60141,1.6034,2.69328,-0.918166,-1.08188,-0.181516,0.0587678,-0.331468,-0.774048,-1.47274,-3.49524,-0.211149
-2.76501,-1.56773,-1.76057,-2.95678,-3.37741,-0.0852804,0.0527729,0.144545,0.146227,0.0343506,1.26604,0.635427,0.669898,0.967281,2.04671,2.23133,0.667675,1.44169,1.82123,2.50865,-0.910196,-1.10424,-0.12997,0.0358603,-0.359198,-0.849951,-1.58921,-3.58788,-0.199197
-2.51196,-1.25857,-1.51721,-2.45175,-3.17623,-0.111184,-0.0132659,0.0190651,0.0906464,-0.18098,1.27394,0.493442,0.665463,0.885441,2.38974,2.28142,0.615507,1.43776,1.62163,2.65812,-0.80031,-0.997626,-0.163869,-0.031307,-0.323905,-0.881257,-1.49,-3.44553,-0.239987
-2.37381,-1.41583,-1.62225,-2.77258,-3.32211,-0.164264,-0.00382989,0.0816499,0.00162379,0.00113439,1.23348,0.725177,0.547715,1.16915,2.41286,2.03459,0.677268,1.50708,1.71598,2.44598,-0.844819,-1.01794,-0.175455,0.0557706,-0.31466,-0.747022,-1.47549,-3.46032,-0.200472
-2.43698,-1.24606,-1.5385,-2.43749,-3.05283,0.0247438,0.0165547,0.00011475,-0.00859747,-0.0461469,1.14966,0.498907,0.641014,0.908504,1.99215,2.22476,0.571715,1.41568,1.4832,2.50043,-0.972635,-1.11134,-0.183628,9.14325e-05,-0.370981,-0.834883,-1.52709,-3.6247,-0.27662
-2.48914,-1.36825,-1.64363,-2.71736,-3.38222,-0.209927,-0.21706,-0.0671931,0.0106665,-0.248247,1.2646,0.702221,0.77551,1.07573,2.63026,2.2551,0.785715,1.52217,1.81677,2.71948,-0.882912,-1.0882,-0.21678,-0.0101587,-0.334024,-0.828067,-1.53091,-3.49755,-0.238259
-2.54834,-1.2696,-1.53341,-2.61117,-3.29849,-0.0928333,-0.0930875,0.0355871,0.0951657,-0.145283,1.23683,0.557287,0.548939,1.00113,2.48896,2.12965,0.575755,1.3422,1.47955,2.61012,-0.879767,-1.06425,-0.184218,-0.0322481,-0.295339,-0.778352,-1.50347,-3.48299,-0.214414
-2.34541,-1.20081,-1.50548,-2.20046,-2.98726,-0.225358,0.0147945,0.0555984,-0.0699396,-0.0835897,1.32108,0.575417,0.621498,0.793142,2.26233,2.08023,0.549753,1.38493,1.33595,2.51894,-0.952355,-1.03238,-0.223689,-0.0669327,-0.325214,-0.797488,-1.51181,-3.44614,-0.27484
-2.45673,-1.19751,-1.50878,-2.44194,-2.96759,0.0907287,0.11011,0.193397,0.179333,0.0941083,1.19327,0.475985,0.596415,0.827465,2.18939,2.18083,0.520098,1.41072,1.47247,2.37631,-0.926754,-1.02183,-0.22095,-0.0437699,-0.358896,-0.837553,-1.47238,-3.51116,-0.220634
-2.28555,-1.15201,-1.55886,-2.58443,-3.10633,-0.0654447,0.0258661,0.0961473,-0.0498937,0.0832718,1.0435,0.398584,0.64688,1.13448,2.16343,1.93876,0.407533,1.22571,1.48001,2.3912,-0.8907,-1.05511,-0.177819,0.00620755,-0.366314,-0.836272,-1.55189,-3.58103,-0.213744
-2.26614,-1.2708,-1.48385,-2.43995,-3.13714,-0.154551,0.00130866,0.0763423,0.119998,-0.0244909,1.19597,0.677641,0.61952,1.04361,2.35019,2.09768,0.587229,1.32993,1.50609,2.35677,-0.85,-1.02079,-0.130968,-0.0483045,-0.279262,-0.840453,-1.50612,-3.44575,-0.251032
-2.33089,-1.18197,-1.54573,-2.29598,-3.0722,-0.200895,-0.111517,0.0311818,-0.110532,-0.144803,1.16468,0.463214,0.609156,0.88243,2.20447,2.13457,0.677437,1.54997,1.58849,2.63397,-0.89766,-1.10668,-0.208602,-0.0430038,-0.343231,-0.847889,-1.4945,-3.47421,-0.218295
-2.39523,-1.32282,-1.69528,-2.60444,-3.09836,-0.00627296,0.0634256,0.217557,0.0803819,-0.0762434,1.24949,0.553025,0.637602,0.847041,2.19305,1.95165,0.473866,1.42804,1.54488,2.34781,-0.90505,-1.03145,-0.165972,0.0498633,-0.36366,-0.774548,-1.54036,-3.48344,-0.194354
-2.39636,-1.36441,-1.57794,-2.44562,-3.15032,-0.135686,0.0622892,-0.0440204,-0.167409,-0.123496,1.38402,0.652599,0.649936,1.03504,2.32219,2.15842,0.71459,1.49133,1.64446,2.69539,-0.867107,-1.04913,-0.217925,-0.0617522,-0.3725,-0.802883,-1.54289,-3.51723,-0.20094
-2.36722,-1.33065,-1.60004,-2.48798,-3.24914,-0.302635,-0.236659,0.0231189,-0.0647212,-0.2479,1.32343,0.829709,0.65182,0.833471,2.61273,2.10368,0.665065,1.42104,1.35805,2.63252,-0.917121,-1.11228,-0.150178,0.00808609,-0.358509,-0.810631,-1.57464,-3.61054,-0.199358
-2.62632,-1.47803,-1.64172,-2.73916,-3.48231,-0.0129234,0.180344,0.127088,0.195937,0.0662574,1.22847,0.558259,0.700075,0.917771,2.31862,2.29029,0.757614,1.44366,1.68451,2.86698,-0.919112,-1.02022,-0.201578,0.0433442,-0.366395,-0.866517,-1.51042,-3.54883,-0.253028
-2.48555,-1.30509,-1.64351,-2.58182,-3.4788,0.0429362,0.143935,0.254306,0.204018,0.114006,1.38689,0.604181,0.691506,0.891593,2.42801,2.04798,0.504128,1.32138,1.48968,2.75786,-0.879021,-1.04487,-0.125935,0.0543665,-0.373615,-0.827013,-1.49346,-3.52538,-0.22721
-2.32303,-1.25183,-1.55044,-2.54186,-3.11705,-0.2003,-0.0499328,0.0216108,-0.0256652,-0.111256,1.07108,0.373628,0.588475,0.946821,1.94464,1.96039,0.396307,1.283,1.4989,2.2665,-0.810458,-1.06856,-0.120593,0.0549801,-0.329646,-0.831303,-1.50097,-3.45577,-0.202771
-2.44752,-1.17173,-1.52634,-2.41764,-2.91377,-0.0931505,-0.127231,0.138086,0.0755704,-0.426831,1.15159,0.330081,0.50314,0.619739,1.99335,2.13092,0.616412,1.28443,1.35797,2.47523,-0.88995,-1.06735,-0.1334,0.0442853,-0.333627,-0.870308,-1.57408,-3.53782,-0.220168
-2.24939,-1.17723,-1.49082,-2.41914,-3.28279,-0.249204,-0.0718128,0.140224,-0.0888804,0.0666561,1.01854,0.508499,0.471249,0.848987,2.27897,2.01793,0.530231,1.26888,1.45796,2.58275,-0.880496,-1.07545,-0.22526,-0.0576721,-0.337317,-0.815184,-1.53409,-3.52737,-0.25408
-2.24566,-1.14011,-1.48196,-2.46575,-3.04115,-0.293401,-0.168824,-0.0512416,-0.0129991,-0.238166,1.02814,0.489065,0.50112,0.744029,2.25838,1.94387,0.513279,1.4022,1.57542,2.266,-0.90194,-1.05638,-0.190242,-0.0111896,-0.319365,-0.805182,-1.51056,-3.50676,-0.259231
-2.55546,-1.47844,-1.644,-2.81862,-3.44369,-0.0725089,0.067473,0.0300257,0.0679964,-0.0154983,1.34279,0.704345,0.649666,0.994679,2.50822,2.06147,0.682755,1.43265,1.63816,2.72749,-0.906422,-1.03825,-0.193428,0.0109146,-0.350792,-0.757524,-1.52876,-3.47768,-0.230602
-2.28214,-1.28903,-1.60052,-2.70246,-3.15964,-0.211673,-0.029707,0.0386219,0.0607534,-0.0956109,1.08285,0.456913,0.605573,1.08849,2.25134,2.11329,0.626897,1.57673,1.75699,2.52382,-0.936867,-1.10839,-0.186425,-0.0185557,-0.322308,-0.840347,-1.4927,-3.51939,-0.231684
-2.26106,-1.13224,-1.51521,-2.54101,-3.08784,-0.137103,-0.0935253,0.0550924,0.086035,-0.154838,1.23245,0.578389,0.621131,1.04494,2.20645,1.91106,0.468446,1.37312,1.48091,2.30303,-0.82184,-0.990396,-0.214585,0.0299604,-0.364003,-0.829549,-1.44569,-3.45857,-0.20469
-2.4301,-1.26594,-1.51235,-2.67368,-3.04606,-0.163685,-0.049292,0.0899694,0.136276,0.0133148,1.21251,0.615809,0.508898,0.962014,2.19016,2.15781,0.576438,1.36585,1.63932,2.31056,-0.880327,-1.05847,-0.21113,0.0428379,-0.309838,-0.777674,-1.48237,-3.46004,-0.250997
-2.35244,-1.30466,-1.43587,-2.37144,-3.1918,-0.36368,-0.188517,-0.0585048,-0.11181,-0.161647,1.08846,0.476107,0.453998,0.71945,2.14322,2.10899,0.617899,1.29491,1.44963,2.53882,-0.858969,-1.03608,-0.204707,-0.0167231,-0.323707,-0.837265,-1.5162,-3.46226,-0.220577
-2.36159,-1.28458,-1.56166,-2.40229,-3.21151,-0.201592,0.000162356,0.0233485,-0.160346,0.0653916,1.26503,0.623324,0.634157,1.01426,2.21871,2.02679,0.484573,1.36207,1.39927,2.48943,-0.844362,-1.00207,-0.210763,0.0135406,-0.343745,-0.792048,-1.53244,-3.48076,-0.231507
-2.5619,-1.38206,-1.59625,-2.87983,-3.05317,0.0889569,0.214763,0.0771779,0.15655,0.202419,1.34864,0.608729,0.59782,1.23,2.14103,2.15496,0.546012,1.39902,1.85372,2.23089,-0.874483,-1.04151,-0.209015,0.000352321,-0.321064,-0.726403,-1.51509,-3.47144,-0.20231
-2.50802,-1.26186,-1.55709,-2.59209,-3.1125,-0.0940301,-0.0686514,0.124168,0.140704,-0.0425476,1.50188,0.591489,0.641741,1.12768,2.12565,2.10265,0.546696,1.31053,1.42514,2.3478,-0.932613,-1.03757,-0.155117,-0.00242028,-0.298286,-0.779686,-1.44437,-3.44538,-0.260894
-2.07523,-0.926493,-1.351,-2.23921,-2.99392,-0.293079,-0.214864,0.0199346,-0.0527374,-0.0629281,1.01223,0.410807,0.534233,0.850337,2.17865,1.87302,0.444639,1.30658,1.29633,2.41074,-0.85581,-1.04222,-0.190958,-0.0338308,-0.305418,-0.773986,-1.49087,-3.48608,-0.246909
-2.31078,-1.18166,-1.54597,-2.62638,-2.90355,-0.221805,-0.0120395,0.128329,0.105727,-0.0704075,0.952115,0.283321,0.517195,0.831062,1.87782,2.01151,0.387037,1.26732,1.60185,2.17513,-0.88489,-1.04953,-0.188881,-0.0356749,-0.315582,-0.806491,-1.489,-3.36145,-0.188399
-2.45218,-1.3454,-1.6446,-2.70173,-3.25248,0.0118474,0.0615931,0.276774,0.319521,-0.036614,1.24773,0.579635,0.643158,0.952358,2.21089,2.16675,0.669852,1.39526,1.47615,2.63154,-0.875728,-1.0421,-0.188554,0.0446434,-0.301296,-0.78544,-1.49574,-3.43344,-0.21531
-2.52269,-1.36273,-1.67758,-2.5177,-3.21106,-0.298819,-0.253339,-0.0837859,-0.231553,-0.362569,1.42642,0.747854,0.786916,0.939793,2.61581,2.20131,0.679433,1.50647,1.46524,2.61013,-0.842926,-1.05127,-0.216382,0.0186981,-0.370887,-0.844924,-1.51888,-3.50941,-0.224158
-2.38563,-1.35311,-1.58421,-2.57067,-3.1163,-0.214389,-0.00189278,0.00929325,0.037988,-0.154265,1.21978,0.538193,0.664228,0.984691,2.14956,2.20718,0.646847,1.4272,1.52463,2.49915,-0.909855,-1.04981,-0.162914,-0.0249634,-0.351674,-0.897039,-1.51444,-3.53711,-0.197576
-2.38656,-1.26328,-1.58977,-2.6252,-3.04672,-0.16924,-0.0668438,0.102353,0.0706853,-0.031595,1.11453,0.464367,0.476248,0.923765,2.03233,2.09326,0.533133,1.36621,1.62399,2.21004,-0.83106,-1.0233,-0.160001,-0.020025,-0.331806,-0.818458,-1.50397,-3.54065,-0.203939
-2.42945,-1.41246,-1.60329,-2.49651,-3.43727,-0.14752,-0.0444682,0.075292,-0.00997799,-0.180756,1.27084,0.724116,0.549227,0.936698,2.64856,2.22585,0.828424,1.53085,1.54406,2.97271,-0.895757,-1.04171,-0.128018,0.0158007,-0.332766,-0.825772,-1.4792,-3.4952,-0.207145
-2.183,-1.03128,-1.59183,-2.58164,-2.98916,-0.290887,-0.0531243,0.109225,-0.109589,-0.0752613,0.899124,0.179551,0.515516,0.861784,1.94223,2.06072,0.462111,1.34097,1.68535,2.28478,-0.872222,-1.0348,-0.192401,-0.0180249,-0.336386,-0.778523,-1.57264,-3.58688,-0.224072
-2.29166,-1.26952,-1.38017,-2.40848,-3.07886,-0.103773,-0.0483671,0.0343936,-0.0511832,-0.142516,1.25783,0.623302,0.488287,0.874584,2.31821,2.03309,0.650751,1.2987,1.50537,2.47603,-0.918683,-1.05148,-0.179634,0.00236863,-0.318914,-0.841167,-1.46576,-3.47688,-0.212532
-2.23351,-1.16912,-1.46637,-2.5615,-3.0562,-0.355862,-0.169227,-0.0837679,-0.0375329,-0.231816,1.25612,0.585286,0.590984,0.809746,2.31524,2.04144,0.523424,1.30902,1.62261,2.36384,-0.823767,-1.01065,-0.170796,0.0189958,-0.304881,-0.796507,-1.53582,-3.51581,-0.203578
-2.4616,-1.41923,-1.59267,-2.4711,-3.38143,-0.182694,0.0711083,-0.00352766,-0.0279409,-0.0447584,1.27963,0.593644,0.561218,0.793323,2.43139,2.17315,0.718583,1.44575,1.48465,2.73806,-0.892707,-1.05478,-0.165292,0.0517608,-0.286272,-0.76043,-1.50657,-3.48864,-0.226807
-2.30938,-1.14166,-1.55901,-2.52,-2.68172,-0.21538,-0.213134,0.0853093,-0.0073952,-0.340466,1.13113,0.521423,0.62206,0.93921,1.8895,2.14824,0.574845,1.56963,1.80559,2.09342,-0.873235,-1.02849,-0.202006,-0.00596851,-0.350649,-0.799026,-1.51198,-3.47769,-0.21687
-2.30024,-1.16568,-1.45048,-2.4691,-3.30703,-0.480815,-0.358989,-0.104992,-0.178289,-0.284405,1.37654,0.678061,0.585771,1.01162,2.63882,2.12598,0.584188,1.32307,1.57207,2.71429,-0.849181,-1.08322,-0.185869,-0.0261301,-0.30987,-0.830654,-1.56265,-3.57959,-0.206083
-2.14874,-0.956737,-1.45352,-2.38136,-2.94651,-0.294888,-0.23895,-0.0702275,-0.118859,-0.316059,1.08146,0.324095,0.573502,0.815885,2.18633,2.09324,0.455096,1.42187,1.61994,2.32488,-0.864472,-1.00067,-0.202421,-0.0410932,-0.334978,-0.814955,-1.51243,-3.52615,-0.197213
-2.16819,-1.14187,-1.5578,-2.57822,-3.2228,-0.523819,-0.217448,0.0499265,-0.0492988,-0.241382,1.19241,0.608223,0.587195,1.03718,2.29185,2.08091,0.478251,1.2836,1.39202,2.53306,-0.853184,-1.01746,-0.119593,0.0436505,-0.337944,-0.822269,-1.55663,-3.59635,-0.236568
-2.56008,-1.43115,-1.66328,-2.68808,-3.13673,-0.108307,-0.00716214,0.104013,-0.0443846,-0.0915688,1.37439,0.802664,0.700177,1.14071,2.48825,2.24236,0.774015,1.45375,1.73427,2.49097,-0.871712,-1.01347,-0.146069,-0.0184708,-0.327423,-0.81841,-1.53451,-3.4787,-0.237053
-2.31853,-1.34882,-1.65813,-2.65724,-3.06266,-0.196905,-0.0101279,0.0750496,0.0920644,0.0493269,1.21299,0.563801,0.71781,0.864007,1.97617,2.07245,0.619105,1.44083,1.8352,2.34314,-0.901923,-1.04942,-0.163676,0.0316325,-0.319721,-0.823487,-1.52205,-3.48423,-0.185644
-2.38046,-1.20387,-1.60448,-2.47653,-3.06906,-0.449552,-0.25465,-0.0474627,-0.14741,-0.312364,1.16351,0.421548,0.580163,0.54317,2.21419,2.3907,0.64954,1.4693,1.54966,2.61446,-0.919183,-1.07848,-0.156173,0.0677489,-0.378906,-0.824091,-1.55819,-3.58997,-0.22531
-2.39287,-1.25761,-1.59884,-2.47154,-3.11756,-0.0991321,-0.0567306,0.136394,0.125356,0.0160469,1.07113,0.502539,0.600392,0.657966,2.01017,2.09572,0.633472,1.37724,1.3882,2.48453,-0.905666,-1.03822,-0.228222,-0.0150149,-0.361809,-0.860599,-1.47087,-3.48545,-0.225821
-2.26943,-1.09479,-1.42025,-2.31332,-2.84807,-0.114479,-0.0677504,0.11586,0.0596318,-0.0783974,1.19369,0.394923,0.417648,0.590585,1.832,1.92854,0.401913,1.17868,1.12451,2.15321,-0.872678,-1.07431,-0.133953,0.0605483,-0.291129,-0.780775,-1.51975,-3.50502,-0.197426
-2.55452,-1.27312,-1.58816,-2.64445,-3.23406,0.0724414,0.0816669,0.0915907,0.20207,0.22235,1.29959,0.532285,0.629808,0.991258,2.11768,2.22574,0.58314,1.41096,1.70624,2.51498,-0.845199,-1.05262,-0.24059,-0.0445507,-0.336721,-0.773772,-1.49487,-3.45401,-0.239848
-2.37122,-1.18423,-1.50529,-2.48565,-2.96767,-0.482716,-0.282817,-0.0868988,-0.247675,-0.300078,1.346,0.627079,0.571212,0.974779,2.27321,2.22734,0.685644,1.33129,1.46537,2.45079,-0.886376,-1.02984,-0.164679,0.0503922,-0.325257,-0.750711,-1.53887,-3.53549,-0.215495
-2.19324,-1.18306,-1.50503,-2.43537,-3.07793,-0.286418,-0.236599,-0.0333134,-0.15629,-0.282518,0.880191,0.423802,0.552027,0.672358,2.18264,1.86082,0.561938,1.29549,1.47984,2.46937,-0.895481,-1.04192,-0.229096,-0.0105794,-0.315982,-0.737983,-1.51205,-3.4551,-0.22231
-2.46194,-1.32661,-1.55361,-2.40744,-3.25621,-0.0104188,-0.009436,0.129982,0.0930728,0.0486329,1.18043,0.583943,0.552628,0.839262,2.31482,2.05754,0.615692,1.37837,1.39508,2.54837,-0.863601,-1.03693,-0.181885,-0.0385682,-0.314512,-0.786568,-1.5365,-3.5564,-0.236621
-2.28731,-1.26871,-1.54297,-2.50173,-3.09732,-0.141575,-0.0848522,0.0522183,0.0865849,-0.232639,0.999016,0.52304,0.46556,0.86976,2.11826,1.97466,0.530053,1.36067,1.54013,2.40034,-0.859501,-1.00171,-0.166246,0.00969169,-0.317553,-0.841944,-1.4846,-3.45386,-0.241804
-2.36636,-1.35191,-1.41228,-2.50581,-3.15008,-0.306137,-0.189076,-0.0752879,-0.0999768,-0.305866,1.19133,0.633836,0.412573,0.732154,2.28961,2.20027,0.754478,1.26093,1.5356,2.61472,-0.912615,-1.05386,-0.144439,0.0100839,-0.338306,-0.797959,-1.53036,-3.50415,-0.209347
-2.34463,-1.23376,-1.52926,-2.48637,-3.15056,-0.297045,-0.166742,-0.0830284,-0.0181384,-0.280351,1.22979,0.624072,0.639185,0.88137,2.41635,2.26584,0.683247,1.56446,1.57831,2.53069,-0.827844,-0.965038,-0.216629,-0.051602,-0.328393,-0.761601,-1.4574,-3.47313,-0.240027
-2.22553,-1.15659,-1.51355,-2.40288,-3.06547,-0.217728,-0.0594621,0.0617764,0.060515,-0.114398,1.08885,0.481714,0.611588,0.785949,2.27555,2.02245,0.528077,1.36329,1.36973,2.39915,-0.880637,-1.03557,-0.183471,0.00311033,-0.303509,-0.833801,-1.46488,-3.45412,-0.251197
-2.41113,-1.2829,-1.5079,-2.4482,-3.19253,-0.164587,-0.0735339,-0.00450597,-0.0919227,-0.131903,1.34518,0.706671,0.648499,0.828529,2.389,2.23806,0.754758,1.43685,1.5944,2.65473,-0.897969,-1.03872,-0.175643,-0.0121036,-0.307548,-0.810273,-1.49355,-3.46769,-0.247335
-2.56223,-1.42174,-1.6521,-2.68504,-3.04952,-0.0310661,0.115173,0.158606,0.165135,0.0815056,1.2195,0.619563,0.666267,0.991315,1.97876,2.15828,0.573459,1.37503,1.43281,2.28116,-0.923702,-1.03866,-0.203128,0.0245011,-0.360015,-0.842586,-1.48441,-3.50582,-0.234018
-2.19321,-1.14444,-1.57532,-2.34108,-3.18508,-0.259778,-0.195338,-0.0201134,-0.212288,-0.171421,0.772842,0.354308,0.549387,0.612818,2.26879,1.92346,0.479537,1.47827,1.38904,2.50444,-0.898537,-1.08162,-0.143595,0.0406274,-0.304263,-0.767977,-1.53379,-3.50039,-0.257701
-2.45415,-1.3679,-1.56063,-2.6012,-3.34734,-0.436014,-0.372157,-0.131603,-0.463803,-0.365117,1.46111,0.766099,0.696536,1.1462,2.45892,2.29119,0.822378,1.42666,1.6789,2.77485,-0.904717,-1.12668,-0.152288,0.0428503,-0.316499,-0.818093,-1.56116,-3.57716,-0.212289
-2.2482,-1.11231,-1.58559,-2.72422,-3.01986,-0.364148,-0.160192,0.00237791,0.0267384,-0.282732,1.44144,0.626491,0.660117,1.20008,2.42307,2.14293,0.504648,1.47128,1.7675,2.52902,-0.875021,-1.03039,-0.206612,0.00319704,-0.315517,-0.825701,-1.57562,-3.55607,-0.225805
-2.41798,-1.24624,-1.51331,-2.54302,-2.99452,-0.0872954,-0.0796392,0.0452114,0.0493971,-0.221236,1.29404,0.542427,0.445839,0.865587,2.31061,2.28111,0.726885,1.42466,1.68118,2.61531,-0.843555,-1.01542,-0.187012,-0.0110192,-0.345478,-0.813986,-1.50308,-3.4936,-0.238141
-2.1456,-1.04481,-1.44948,-2.26861,-2.97591,-0.31968,-0.113821,0.0226461,-0.0236743,-0.0110925,1.06906,0.388801,0.551495,0.740796,2.08994,1.87564,0.370539,1.32357,1.28388,2.21015,-0.888192,-1.06229,-0.18648,0.0101138,-0.309208,-0.819417,-1.52581,-3.52823,-0.234064
-2.38889,-1.17067,-1.38598,-2.28698,-3.01424,-0.12017,-0.0749072,-0.0613209,-0.0941853,-0.067243,1.19078,0.361061,0.372599,0.580386,1.9926,2.20801,0.595379,1.35899,1.4679,2.47948,-0.887569,-1.04135,-0.193079,0.0260839,-0.358994,-0.818526,-1.5529,-3.53678,-0.225767
-2.26397,-1.32106,-1.55548,-2.4297,-3.17325,-0.221886,0.018248,0.119519,0.0557163,-0.0531338,1.0758,0.553526,0.585306,0.697085,2.17415,1.98425,0.571435,1.30659,1.31698,2.47267,-0.911681,-1.05042,-0.174536,-0.0414655,-0.398719,-0.83319,-1.55338,-3.51827,-0.213728
-2.42495,-1.27377,-1.54864,-2.51827,-3.25422,-0.0645242,-0.0248402,0.167644,0.10554,0.0494853,1.11646,0.426496,0.582304,0.802494,2.0963,2.05881,0.505896,1.27287,1.3215,2.54923,-0.935976,-1.05769,-0.19906,0.0403393,-0.265517,-0.778239,-1.48176,-3.4206,-0.231933
-2.24487,-1.22258,-1.54977,-2.55937,-3.19333,-0.144392,-0.106128,0.0659633,0.0546344,-0.134261,1.0813,0.525832,0.552139,1.07822,2.18436,2.04703,0.602458,1.35949,1.59897,2.59275,-0.818701,-1.02818,-0.102785,0.0420143,-0.320902,-0.786388,-1.51834,-3.43798,-0.200594
-2.15403,-1.20475,-1.56128,-2.35193,-3.12841,-0.183452,-0.0187115,0.0495463,-0.0404412,0.0183206,1.09751,0.570521,0.622468,0.820257,2.23219,1.80182,0.422587,1.38597,1.34213,2.50691,-0.875105,-1.05303,-0.205545,-0.0624731,-0.353681,-0.800336,-1.57653,-3.6065,-0.225333
-2.48309,-1.35312,-1.61121,-2.50541,-3.08722,-0.0135796,-0.0138685,0.0588934,0.0325402,-0.00339297,1.26342,0.628707,0.684096,0.889776,2.04938,2.11109,0.758601,1.35996,1.51526,2.42628,-0.875467,-1.0314,-0.167357,0.0469744,-0.324313,-0.789258,-1.52834,-3.45197,-0.230385
-2.48324,-1.30758,-1.53608,-2.35894,-3.16584,-0.316174,-0.138953,-0.0330345,-0.10456,-0.107102,1.29362,0.579928,0.666495,0.759378,2.18817,2.12601,0.588376,1.35999,1.36795,2.52939,-0.900458,-1.11078,-0.204114,-0.0224245,-0.337626,-0.897566,-1.53203,-3.51568,-0.244137
-2.30825,-1.26862,-1.52303,-2.54822,-3.01593,-0.156331,-0.156301,0.0843707,0.00537852,-0.113297,1.21628,0.599904,0.63025,0.993869,2.02136,1.96104,0.587047,1.37493,1.50716,2.43637,-0.891227,-1.00956,-0.175874,0.0335616,-0.33779,-0.829445,-1.42744,-3.40905,-0.220996
-2.65138,-1.56632,-1.7252,-2.73259,-3.38352,-0.135581,0.0321069,0.084699,-0.0166711,0.0736633,1.45221,0.850747,0.776917,1.24042,2.48441,2.38858,0.804636,1.40996,1.77849,2.57299,-0.890253,-1.02611,-0.181034,0.0132173,-0.29817,-0.784132,-1.54576,-3.45134,-0.195619
-2.33383,-1.08383,-1.63893,-2.4445,-2.73862,-0.22933,-0.170863,0.074264,-0.0582738,-0.369109,1.03142,0.171266,0.494392,0.654467,1.74648,2.05448,0.458832,1.43058,1.46254,2.15287,-0.808872,-0.992576,-0.183227,-0.00332598,-0.329285,-0.789166,-1.48065,-3.38128,-0.195962
-2.42185,-1.29361,-1.56231,-2.53408,-3.12599,-0.277626,-0.178375,0.0514174,-0.0579582,-0.295656,1.28887,0.483043,0.548733,0.952021,2.21413,2.14038,0.710975,1.44223,1.50978,2.61243,-0.865851,-1.04258,-0.161781,0.0771276,-0.348575,-0.832924,-1.45272,-3.42731,-0.202241
-2.09177,-1.17353,-1.60567,-2.22489,-2.98421,-0.267942,-0.0891032,0.0197577,-0.150402,-0.213483,0.88547,0.592918,0.659372,0.808313,2.41911,1.95582,0.516227,1.45211,1.47853,2.46108,-0.87113,-1.04139,-0.22312,-0.0785052,-0.352245,-0.83366,-1.54932,-3.50511,-0.226802
-2.26507,-1.2779,-1.58717,-2.56972,-3.00928,-0.175787,-0.0225722,0.120889,0.0852455,-0.078229,1.13036,0.544875,0.616911,0.802758,2.0636,1.98656,0.524881,1.31825,1.41371,2.31072,-0.908995,-1.05991,-0.166858,0.0363611,-0.298836,-0.757172,-1.48675,-3.41519,-0.236077
-2.27957,-1.20283,-1.54853,-2.45739,-3.18317,-0.270177,-0.0957187,0.117268,-0.0618753,-0.125399,1.32435,0.606644,0.618613,0.984692,2.43063,2.04193,0.543361,1.38509,1.51323,2.65415,-0.911727,-1.01619,-0.242795,-0.0248087,-0.298482,-0.833815,-1.50996,-3.51821,-0.274515
-2.43245,-1.46348,-1.6644,-2.76753,-3.34336,-0.194966,0.0304064,0.100416,0.0430524,0.0150835,1.23811,0.614366,0.641127,1.04365,2.28183,2.13446,0.682855,1.41722,1.64221,2.65955,-0.861673,-1.04722,-0.184947,0.0257354,-0.394636,-0.813619,-1.5409,-3.48276,-0.199436
-2.1533,-1.15599,-1.43559,-2.34333,-3.163,-0.151257,0.085522,0.0613343,-0.0288422,0.0527966,1.18754,0.47176,0.463328,0.68305,2.19626,1.93738,0.493831,1.32203,1.43507,2.43125,-0.897787,-1.03495,-0.141224,0.0298571,-0.297922,-0.758989,-1.51646,-3.52359,-0.209851
-2.19537,-1.19916,-1.55265,-2.63024,-2.98827,-0.0685966,-0.048921,0.0685859,0.10928,-0.129458,1.07972,0.578625,0.510595,1.00585,2.29217,1.77735,0.457958,1.24651,1.45143,2.50709,-0.872861,-1.03605,-0.152843,0.0600626,-0.329961,-0.831457,-1.56677,-3.50906,-0.243114
-2.63627,-1.48138,-1.71371,-2.76638,-3.42397,-0.120948,0.0921783,0.185728,0.342858,0.0955792,1.47154,0.766307,0.690959,0.996182,2.42413,2.39536,0.760995,1.58916,1.78843,2.76622,-0.906404,-1.04988,-0.220521,-0.0656155,-0.372411,-0.856717,-1.52373,-3.55049,-0.248915
-2.67587,-1.4799,-1.77486,-2.73385,-3.3114,0.0176038,0.0973155,0.0701536,-0.0253587,0.159193,1.25395,0.510767,0.695146,0.837677,2.20621,2.20095,0.692841,1.53827,1.64822,2.5774,-0.866983,-1.08994,-0.192239,0.0313998,-0.277005,-0.786568,-1.56251,-3.50328,-0.229766
-2.49543,-1.37329,-1.69293,-2.50373,-3.15347,-0.209772,-0.116123,0.0566837,-0.027843,-0.155968,1.21613,0.705724,0.673522,0.811799,2.29432,2.16239,0.700984,1.53678,1.42514,2.41856,-0.850642,-1.03309,-0.207445,0.0358649,-0.346248,-0.807174,-1.53454,-3.48522,-0.199264
-2.20803,-1.13069,-1.58153,-2.50117,-3.15603,-0.287931,-0.0936295,0.0375636,0.130215,-0.155704,1.0303,0.448518,0.566673,0.877246,2.25956,1.92593,0.43038,1.38601,1.3779,2.43939,-0.887931,-1.07331,-0.146741,-0.0473022,-0.289373,-0.817132,-1.54325,-3.5547,-0.218319
-2.29159,-1.12392,-1.49282,-2.45189,-3.09091,-0.212741,-0.160065,-0.044341,-0.12987,0.0461087,1.2025,0.502955,0.469101,0.774089,2.20856,1.93308,0.328047,1.30069,1.44169,2.25364,-0.933362,-1.11153,-0.159373,0.0371273,-0.356187,-0.814071,-1.5381,-3.58151,-0.217768
-2.35918,-1.2273,-1.59091,-2.586,-3.12975,-0.0962318,-0.110501,0.128507,0.0581944,-0.255153,1.3509,0.646426,0.573922,0.95835,2.38846,2.2516,0.714814,1.47516,1.80914,2.66011,-0.896935,-1.06827,-0.157656,-0.000885764,-0.317461,-0.755675,-1.47982,-3.47811,-0.233081
-2.28779,-1.23911,-1.55441,-2.57348,-3.03351,-0.295032,-0.0803532,0.0231152,-0.0429442,-0.269403,1.2062,0.618792,0.647292,0.988936,2.35175,1.91238,0.491235,1.30561,1.40581,2.46746,-0.857103,-1.07096,-0.166311,0.0673618,-0.376043,-0.827889,-1.46027,-3.45943,-0.189761
-2.19873,-1.22596,-1.56374,-2.51962,-2.88431,-0.139845,0.126558,0.0565019,0.14047,0.0339311,1.06041,0.435254,0.583409,0.874743,1.99572,1.91902,0.419643,1.39953,1.43464,2.09508,-0.875415,-1.03223,-0.1972,0.00635987,-0.290956,-0.783792,-1.47346,-3.44383,-0.240215
-2.58233,-1.27481,-1.58187,-2.59719,-3.12858,-0.143456,-0.103126,0.0482041,-0.067107,-0.0163499,1.209,0.397516,0.573926,0.98081,1.91907,2.25637,0.650685,1.41377,1.66973,2.49696,-0.83594,-1.0211,-0.183267,-0.0202956,-0.325968,-0.860924,-1.54981,-3.54107,-0.222216
-2.32695,-1.42214,-1.60031,-2.58871,-3.207,-0.285387,-0.0758639,-0.122652,-0.128548,-0.0648849,1.14675,0.712358,0.715547,0.9516,2.47746,1.98803,0.631087,1.59468,1.55608,2.33691,-0.905063,-1.06017,-0.17206,0.000941409,-0.33728,-0.79068,-1.52588,-3.52685,-0.224003
-2.34823,-1.36059,-1.49757,-2.65725,-3.27514,-0.103286,0.0864952,0.129214,0.17999,0.0623164,1.15215,0.630961,0.533307,0.846556,2.30833,1.9734,0.52216,1.14522,1.48103,2.5222,-0.879067,-1.11382,-0.142117,0.000605463,-0.324589,-0.799211,-1.56269,-3.51964,-0.185409
-2.37078,-1.18253,-1.56604,-2.70576,-3.15183,-0.00218242,-8.56047e-05,0.115866,0.347705,-0.0793875,1.15007,0.507212,0.657092,1.03676,2.17862,2.04308,0.464488,1.29656,1.53026,2.45619,-0.819724,-0.982768,-0.127327,0.00410229,-0.331744,-0.816302,-1.53552,-3.57752,-0.257728
-2.28248,-1.28464,-1.55249,-2.53088,-3.07681,-0.21446,-0.089102,0.0112657,-0.0634043,-0.0969923,1.16001,0.667105,0.642055,0.86514,2.19892,2.02152,0.606137,1.41756,1.69218,2.49142,-0.868826,-1.06487,-0.178298,-0.00582307,-0.333843,-0.798711,-1.48898,-3.45839,-0.240063
-2.22152,-1.158,-1.51207,-2.41971,-2.93282,0.0100396,0.116521,0.0684525,0.156826,-0.0103584,0.845704,0.261378,0.355008,0.595644,1.83999,1.92519,0.4821,1.36894,1.38411,2.32819,-0.855838,-1.00807,-0.21339,-0.00208595,-0.330617,-0.75798,-1.51808,-3.46576,-0.21326
-2.41585,-1.29785,-1.57142,-2.50908,-3.21984,-0.214248,-0.129641,-0.00780516,-0.0436779,-0.0917736,1.41257,0.75821,0.700139,0.944955,2.52084,2.16007,0.672914,1.4028,1.59866,2.62891,-0.884934,-1.07791,-0.212757,-0.018109,-0.291688,-0.806906,-1.50316,-3.46314,-0.248763
-2.29483,-1.22574,-1.47152,-2.37663,-2.92725,-0.0776623,0.0604801,0.0122725,0.0170862,0.13277,1.24577,0.627345,0.598792,0.969687,2.08297,1.79864,0.351248,1.2307,1.24602,1.93816,-0.862595,-1.03473,-0.141919,-0.0122359,-0.311448,-0.762369,-1.50259,-3.46458,-0.25323
-2.48279,-1.38836,-1.56087,-2.54373,-3.08797,-0.165151,-0.0494994,0.0354929,-0.0117044,-0.0675153,1.37675,0.695448,0.62636,0.968471,2.35125,2.11873,0.576507,1.40518,1.62759,2.29954,-0.851735,-1.01843,-0.177911,-0.0263054,-0.340714,-0.858178,-1.48048,-3.44445,-0.188974
-2.3948,-1.26162,-1.6539,-2.68341,-3.13593,-0.429694,-0.301479,-0.0746687,0.00287413,-0.241705,1.16572,0.538466,0.646382,0.910823,2.10553,2.23829,0.72728,1.49098,1.55428,2.63996,-0.888567,-1.03016,-0.164838,0.029093,-0.333074,-0.762067,-1.57716,-3.4966,-0.221318
-2.40329,-1.32825,-1.59757,-2.59962,-3.20918,-0.287617,-0.0266036,0.0555965,-0.0814003,0.0080479,1.24577,0.474935,0.582843,0.816892,2.09363,2.29264,0.770795,1.44519,1.54238,2.67041,-0.828094,-1.0124,-0.112949,0.0705522,-0.332664,-0.791913,-1.54927,-3.53469,-0.226923
-2.60598,-1.26409,-1.5654,-2.73307,-3.13639,-0.273062,-0.09723,0.0119916,-0.0154126,-0.0794897,1.43462,0.537008,0.590147,1.05374,2.36949,2.36825,0.653327,1.4329,1.78774,2.49246,-0.828109,-1.05981,-0.225545,0.00745352,-0.369085,-0.844705,-1.56372,-3.55379,-0.229003
-2.39163,-1.38976,-1.57713,-2.41301,-3.2159,-0.389353,-0.129107,-0.0366424,-0.181321,-0.155469,1.26327,0.673271,0.561895,0.853819,2.27439,2.18204,0.817099,1.56172,1.60529,2.65614,-0.812668,-0.990951,-0.179647,-0.00157546,-0.351345,-0.804879,-1.50624,-3.46284,-0.242372
-2.35384,-1.19043,-1.68223,-2.61044,-3.14796,-0.177547,-0.187288,0.0325555,-0.0235342,-0.155233,1.08674,0.482469,0.566065,0.937027,2.22244,2.12682,0.518335,1.49061,1.5096,2.34722,-0.884278,-0.974331,-0.172952,-0.0138372,-0.28008,-0.780103,-1.56889,-3.57161,-0.225438
-2.51517,-1.37897,-1.61521,-2.58552,-3.22529,-0.147868,-0.165351,-0.00392269,-0.103789,-0.249594,1.29923,0.626544,0.625492,0.953144,2.2746,2.16419,0.636363,1.39448,1.71629,2.68556,-0.859579,-1.05177,-0.194226,0.031743,-0.415316,-0.837165,-1.49582,-3.45143,-0.160021
-2.39541,-1.34095,-1.5678,-2.53426,-3.2943,-0.154427,-0.0234525,0.0316659,-0.111388,-0.0434773,1.02548,0.453485,0.559308,0.904031,2.27328,2.1393,0.633401,1.39457,1.60975,2.61898,-0.880414,-1.05423,-0.20959,0.00786242,-0.360293,-0.845291,-1.49426,-3.48573,-0.198152
-2.19192,-1.18307,-1.56635,-2.4496,-3.17394,-0.113586,0.0732585,0.098179,0.0116762,0.0359321,1.03256,0.468927,0.564599,0.883077,2.2302,1.85946,0.445992,1.31239,1.37298,2.35195,-0.887906,-1.00287,-0.195626,-0.0205462,-0.295536,-0.785504,-1.55642,-3.58383,-0.248244
-2.4298,-1.3291,-1.58613,-2.50268,-2.95509,-0.0511576,0.217581,0.127433,0.0930896,0.0630979,1.12993,0.482099,0.634718,0.882554,1.88642,2.09455,0.485676,1.28969,1.43289,2.17219,-0.858312,-1.03764,-0.153659,-0.0150123,-0.323558,-0.813442,-1.54925,-3.49691,-0.208247
-2.55339,-1.48822,-1.76267,-2.61895,-3.28255,-0.127132,0.0416818,0.179647,0.130003,-0.0309038,1.30696,0.743487,0.651973,0.841961,2.39909,2.29911,0.770515,1.56988,1.56314,2.70394,-0.895958,-1.08473,-0.178459,0.0278258,-0.320054,-0.82237,-1.56232,-3.51924,-0.270504
-2.26463,-1.24449,-1.5221,-2.39631,-2.95186,-0.19167,-0.128936,0.0761859,-0.0548091,-0.216816,1.02869,0.440353,0.548625,0.877113,2.0231,1.94259,0.577755,1.32357,1.44391,2.31984,-0.830743,-1.07866,-0.18187,-0.065542,-0.389492,-0.857743,-1.49342,-3.46074,-0.216459
-2.33886,-1.17047,-1.52709,-2.6111,-2.99595,-0.180621,-0.147256,0.0057672,0.092409,-0.0281723,1.03428,0.40577,0.504743,0.898613,1.94156,2.0374,0.508916,1.33624,1.40227,2.40222,-0.924291,-1.09722,-0.181605,0.0554284,-0.323544,-0.775675,-1.53776,-3.46316,-0.219421
-2.54714,-1.41931,-1.68841,-2.71282,-3.24303,-0.0295901,0.0198871,0.143461,-0.0288619,0.0506849,1.18311,0.568344,0.620459,1.15829,2.25686,2.27491,0.721525,1.46204,1.62473,2.46728,-0.864308,-1.0599,-0.172114,0.0357806,-0.311292,-0.789356,-1.501,-3.46265,-0.174727
-2.37417,-1.31709,-1.62638,-2.62421,-3.25868,-0.235313,-0.0297437,0.154162,-0.0210819,-0.119931,1.25387,0.517479,0.57725,0.915653,2.37894,2.15262,0.631999,1.3796,1.58271,2.63887,-0.890136,-1.04244,-0.140242,0.0358773,-0.314891,-0.819525,-1.50984,-3.51818,-0.214346
-2.38689,-1.27076,-1.50391,-2.45673,-3.12879,-0.138683,-0.0627908,0.0607022,0.0574755,0.0132713,1.22546,0.5992,0.552141,0.924748,2.11133,1.97135,0.515382,1.31064,1.36859,2.38761,-0.870353,-1.02016,-0.227896,-0.0194063,-0.313095,-0.79741,-1.50343,-3.4475,-0.251189
-2.34192,-1.14392,-1.39968,-2.39412,-3.13261,-0.0386405,7.37353e-05,0.0645004,0.0406171,0.0596183,1.11177,0.5084,0.563967,1.01228,2.18858,2.06186,0.335928,1.25682,1.37604,2.377,-0.776007,-1.06118,-0.17523,-0.0651798,-0.32797,-0.908896,-1.52748,-3.49936,-0.18079
-2.28836,-1.17159,-1.57591,-2.59711,-2.87806,-0.244008,-0.0301985,0.0605656,0.130814,-0.125574,1.05516,0.377081,0.526306,0.779589,1.89915,2.07757,0.446398,1.39158,1.65402,2.30369,-0.831919,-1.00966,-0.19185,0.0072308,-0.28351,-0.76568,-1.53676,-3.46895,-0.228955
-2.26469,-1.28158,-1.61913,-2.45321,-3.33302,-0.236294,-0.156306,0.000260837,-0.146054,-0.0307452,1.23344,0.741873,0.75429,0.883839,2.53682,2.10905,0.740204,1.51438,1.60558,2.75919,-0.837939,-1.01752,-0.16329,0.0468315,-0.307648,-0.769094,-1.51092,-3.46075,-0.196132
-2.46106,-1.20443,-1.53902,-2.60116,-3.0468,-0.108452,-0.0291442,0.0934237,0.153673,-0.0426351,1.48625,0.680227,0.660149,1.12707,2.23039,2.12908,0.520388,1.30985,1.49567,2.38549,-0.929107,-1.01703,-0.142397,-0.00931996,-0.273538,-0.764881,-1.43914,-3.43848,-0.267508
-2.02398,-0.953807,-1.33201,-2.31455,-2.89837,-0.535842,-0.319636,-0.178538,-0.258564,-0.427226,0.931206,0.332115,0.473883,0.882206,2.15812,2.0673,0.494473,1.265,1.46378,2.53459,-0.845824,-1.02948,-0.149566,0.0325779,-0.314025,-0.77471,-1.52967,-3.52947,-0.208804
-2.35417,-1.25383,-1.56066,-2.2903,-3.06268,-0.107442,0.016784,0.107877,-0.142801,-0.161084,1.00526,0.328826,0.462537,0.538659,1.97614,2.14261,0.57959,1.41349,1.42735,2.54206,-0.851305,-1.08869,-0.193117,-0.0190885,-0.285494,-0.820056,-1.56315,-3.52606,-0.231608
-2.66653,-1.51713,-1.78691,-2.85231,-3.40407,-0.197455,0.0838357,0.111016,-0.0502705,-0.0796432,1.31324,0.490778,0.774126,1.031,2.25257,2.33274,0.745362,1.57229,1.90647,2.52971,-0.871443,-1.10292,-0.162671,0.0198696,-0.324351,-0.786272,-1.55786,-3.5999,-0.222066
-2.38242,-1.26239,-1.49048,-2.36247,-2.81547,-0.232068,-0.147019,-0.101623,-0.209111,-0.331092,1.12186,0.419551,0.44512,0.766627,1.9483,2.12873,0.583488,1.37369,1.46935,2.28171,-0.837374,-1.04765,-0.16499,0.0077635,-0.377,-0.855176,-1.53567,-3.44968,-0.196956
-2.48158,-1.44118,-1.79247,-2.67995,-3.23261,-0.127559,-0.0112893,0.142499,0.131957,-0.164039,1.31081,0.798732,0.798711,0.908832,2.49072,2.19448,0.747064,1.52348,1.49788,2.60919,-0.850079,-1.01802,-0.148314,0.0148137,-0.346291,-0.784748,-1.52373,-3.46551,-0.145066
-2.76298,-1.58875,-1.58861,-2.71854,-3.51922,0.0359004,0.0688935,0.0843083,0.0726128,-0.066405,1.49469,0.791379,0.535721,0.941593,2.58085,2.34916,0.771037,1.39924,1.71002,2.71696,-0.945905,-1.11653,-0.163992,-0.0217225,-0.404971,-0.960229,-1.60958,-3.63239,-0.198369
-2.23653,-1.24225,-1.48286,-2.79333,-3.09184,-0.314799,-0.0360047,-0.0552717,0.1862,0.0768502,1.18617,0.483042,0.527113,1.09724,2.09011,1.86909,0.434735,1.18723,1.52557,2.21032,-0.884653,-1.08715,-0.127999,0.0541707,-0.323079,-0.818316,-1.5598,-3.47101,-0.160522
-2.35201,-1.40672,-1.5935,-2.61649,-3.28534,-0.12741,0.152347,0.11511,0.149514,0.153574,0.991734,0.473753,0.557791,0.76815,2.12833,2.01832,0.648867,1.30227,1.44449,2.54643,-0.904562,-1.07994,-0.197611,0.00111119,-0.348046,-0.772422,-1.49741,-3.43973,-0.192231
-2.30644,-1.2447,-1.48936,-2.47386,-3.18763,-0.109098,0.0935142,0.0804912,0.151435,0.163963,1.14613,0.529869,0.54521,0.958168,2.07315,1.87723,0.498303,1.36355,1.44988,2.41537,-0.963364,-1.0466,-0.131495,0.0165453,-0.355649,-0.82295,-1.48388,-3.49978,-0.241233
-2.22581,-1.15594,-1.4296,-2.4311,-3.06192,-0.279958,-0.208963,0.00949324,-0.0569401,-0.347923,1.17942,0.522016,0.532825,0.993567,2.29863,2.19087,0.704396,1.35248,1.58126,2.61024,-0.918278,-1.05113,-0.16455,0.0203472,-0.367228,-0.842456,-1.50891,-3.54501,-0.227492
-2.32322,-1.22868,-1.67288,-2.72295,-3.24227,-0.108973,-0.0260466,0.164162,0.408864,0.142835,1.22351,0.499296,0.679007,0.944865,2.19647,1.79415,0.394195,1.25699,1.37623,2.37299,-0.883857,-1.06687,-0.10488,-0.0128861,-0.322886,-0.855956,-1.53756,-3.59682,-0.253105
-2.54877,-1.27378,-1.62021,-2.69133,-3.19123,-0.236899,-0.15154,0.0840065,0.151183,-0.313423,1.46113,0.762306,0.597865,1.08611,2.49555,2.3006,0.529765,1.3337,1.56706,2.52908,-0.861976,-1.07873,-0.141527,0.0275731,-0.344317,-0.781762,-1.56526,-3.55334,-0.20932
-2.35665,-1.29113,-1.6012,-2.59528,-3.20758,-0.22776,-0.172753,0.0749106,0.0243568,-0.170466,1.24474,0.609321,0.592825,0.874678,2.33403,2.02444,0.519562,1.39638,1.43934,2.53275,-0.872856,-1.083,-0.182798,0.0514305,-0.346563,-0.789673,-1.51739,-3.51446,-0.209623
-2.22163,-1.15557,-1.4019,-2.3522,-3.08491,-0.227081,0.00815157,0.0167143,0.0686799,-0.108582,1.09915,0.499344,0.551478,0.899239,2.24784,1.8939,0.449579,1.26521,1.34112,2.53724,-0.894031,-1.0395,-0.184215,0.0171345,-0.34078,-0.87683,-1.47223,-3.47705,-0.25422
-2.25253,-1.13704,-1.48876,-2.50942,-2.89526,-0.395889,-0.279953,-0.0989752,-0.0635753,-0.175383,1.14299,0.491395,0.590369,0.9031,1.97834,2.03907,0.527818,1.31408,1.52519,2.19347,-0.893892,-1.04423,-0.156042,-0.0141271,-0.345508,-0.787317,-1.52907,-3.53739,-0.214558
-2.5109,-1.42079,-1.64677,-2.58069,-3.21151,-0.143019,0.044582,0.0184572,-0.00678589,-0.130384,1.40043,0.74483,0.722232,0.871469,2.3687,2.18746,0.705392,1.50791,1.56305,2.52751,-0.821435,-1.00453,-0.232088,-0.0190883,-0.314213,-0.731283,-1.52801,-3.42281,-0.193977
-2.27923,-1.21296,-1.50172,-2.32037,-3.0465,-0.138903,0.0322263,0.0505279,-0.0577041,0.0906607,1.12078,0.579662,0.62851,0.843547,2.24852,1.95008,0.443392,1.3415,1.39909,2.28035,-0.871045,-1.04729,-0.194715,0.00937497,-0.35827,-0.799164,-1.51413,-3.42683,-0.236097
-2.18882,-1.14246,-1.54189,-2.57723,-2.91951,-0.367084,-0.137964,-0.0760956,0.00950951,-0.0879944,1.10832,0.441489,0.596627,0.825948,1.9791,1.88123,0.390096,1.38306,1.5394,2.085,-0.872554,-1.04099,-0.259133,-0.0344333,-0.350273,-0.757258,-1.49875,-3.42366,-0.207832
-2.39345,-1.31513,-1.50283,-2.36615,-3.09731,-0.0706112,0.0440386,0.21646,0.143234,0.0170044,1.11769,0.600958,0.47709,0.57685,2.232,2.15516,0.624111,1.30033,1.34445,2.42785,-0.885525,-1.08054,-0.122984,0.025554,-0.328603,-0.810315,-1.54174,-3.49124,-0.215311
-2.41275,-1.29288,-1.59255,-2.6286,-3.4396,-0.170553,-0.0274115,0.117076,0.200378,-0.14927,1.26472,0.654925,0.590285,0.90139,2.59806,2.26544,0.670138,1.48902,1.53418,2.75849,-0.897009,-1.07074,-0.211112,-0.0210061,-0.274752,-0.834635,-1.49081,-3.47096,-0.252874
-2.35607,-1.26168,-1.56482,-2.54082,-2.97865,-0.0562893,0.0137713,0.0903168,0.156135,-0.182881,1.27962,0.736539,0.646134,0.97272,2.2192,2.18457,0.726904,1.44056,1.7031,2.45979,-0.8376,-0.972825,-0.159989,0.0244838,-0.313651,-0.816508,-1.51904,-3.51006,-0.249173
-2.10133,-1.00465,-1.39313,-2.39517,-3.06628,-0.355145,-0.208778,0.0242442,-0.13849,-0.277687,1.1532,0.436595,0.532611,0.903341,2.21279,1.90315,0.317235,1.2501,1.59768,2.52701,-0.871747,-1.02776,-0.185446,0.0219994,-0.332742,-0.817359,-1.46971,-3.51779,-0.262142
-2.34202,-1.31544,-1.64276,-2.73653,-3.50855,-0.181218,-0.0764239,-0.0156477,0.0389406,-0.213915,1.20704,0.573326,0.673306,1.22247,2.63819,2.11064,0.665228,1.52891,1.76524,2.90177,-0.92105,-1.10539,-0.144016,0.0231701,-0.344695,-0.864481,-1.52674,-3.56232,-0.257224
-2.36074,-1.33627,-1.55029,-2.5299,-3.2319,-0.323738,-0.199157,-0.0848786,-0.170974,-0.3241,1.08958,0.525825,0.571323,0.844682,2.27731,2.12726,0.685808,1.35395,1.5351,2.72752,-0.909283,-1.10336,-0.148445,0.0479296,-0.287989,-0.79443,-1.59075,-3.53189,-0.190142
-2.45406,-1.45077,-1.73486,-2.80046,-3.44857,-0.225087,0.0265615,0.0788778,0.171062,-0.00197218,1.36938,0.785684,0.889012,1.18497,2.63759,2.26515,0.732936,1.58007,1.73724,2.72135,-0.855954,-1.04367,-0.222028,0.00363913,-0.295505,-0.801538,-1.51564,-3.49724,-0.203924
-2.25391,-1.29369,-1.59669,-2.441,-3.10318,-0.328919,-0.263127,-0.0622756,-0.212759,-0.267488,1.05357,0.688017,0.587409,0.944061,2.20682,1.94436,0.705859,1.48234,1.59666,2.50005,-0.85798,-1.06724,-0.155774,0.000436588,-0.370965,-0.886474,-1.53555,-3.49974,-0.211502
-2.47746,-1.49895,-1.6902,-2.55925,-3.22999,-0.131718,0.0979271,0.0837612,0.025895,-0.0873546,1.30802,0.655504,0.625535,0.846635,2.40844,2.13523,0.667664,1.45241,1.54713,2.73356,-0.82886,-1.04439,-0.2109,0.0150625,-0.341416,-0.774888,-1.57691,-3.48805,-0.233491
-2.48709,-1.28556,-1.57963,-2.6668,-3.14275,-0.198856,-0.102509,-0.0242162,0.062988,-0.0542332,1.43247,0.771354,0.85792,1.36026,2.30465,2.13437,0.569747,1.36086,1.70057,2.40553,-0.846006,-1.03106,-0.150813,-0.0479884,-0.350435,-0.839946,-1.52381,-3.50911,-0.236768
-2.33581,-1.18808,-1.60195,-2.47038,-3.01252,-0.0867309,0.0345446,0.0960873,0.0385454,-0.0509943,1.04784,0.371149,0.604377,0.692031,2.09231,1.8668,0.404877,1.3904,1.40669,2.26245,-0.838909,-1.04995,-0.18238,0.0129387,-0.312491,-0.799758,-1.54176,-3.52641,-0.248221
-2.35044,-1.28328,-1.54967,-2.52453,-3.11347,-0.347544,-0.194551,-0.0562842,0.0826328,-0.250276,1.15809,0.532223,0.570709,0.641811,2.22981,2.03659,0.548364,1.31516,1.35224,2.56597,-0.911951,-1.06731,-0.180486,0.0224234,-0.321059,-0.803287,-1.52711,-3.58153,-0.20901
-2.52716,-1.40285,-1.6246,-2.51626,-3.25353,-0.276155,-0.17784,-0.0187618,-0.207677,-0.267768,1.20934,0.617703,0.759097,0.959214,2.42833,2.35907,0.847501,1.46166,1.48546,2.67062,-0.912588,-1.0697,-0.190899,0.0430114,-0.338027,-0.817747,-1.48795,-3.47449,-0.200552
-2.45622,-1.38588,-1.54232,-2.66798,-3.39925,-0.252711,0.01608,0.0609779,0.0608961,-0.140911,1.32227,0.639014,0.477572,1.00626,2.31892,2.26935,0.6697,1.38707,1.58015,2.77185,-0.858225,-1.00506,-0.182826,0.062045,-0.266488,-0.809856,-1.5151,-3.48804,-0.198252
-2.28725,-1.25046,-1.51999,-2.53947,-3.13835,-0.118869,-0.0733125,-0.0568902,0.00782479,-0.0567665,0.988893,0.479387,0.495476,0.837315,2.24867,2.03087,0.572761,1.33708,1.50871,2.45918,-0.929176,-1.08153,-0.188134,0.0556269,-0.304985,-0.743068,-1.52024,-3.48823,-0.209044
-2.48271,-1.38105,-1.56814,-2.57369,-3.19237,-0.152933,-0.0418917,0.0645012,0.0531487,-0.175915,1.44399,0.826279,0.709261,0.943557,2.4245,2.31404,0.818181,1.44277,1.78388,2.76322,-0.876283,-1.04979,-0.183992,0.00869859,-0.323227,-0.802858,-1.55093,-3.48112,-0.205729
-2.35764,-1.28768,-1.45193,-2.41896,-3.08239,-0.109125,0.0535504,0.0991171,0.0558268,0.0111064,1.06584,0.477603,0.460947,0.837113,2.09474,1.87121,0.404677,1.16128,1.3634,2.29799,-0.87015,-1.0821,-0.213632,0.0296429,-0.320432,-0.780287,-1.47289,-3.42789,-0.244203
-2.23877,-1.11875,-1.54459,-2.57088,-2.96559,-0.27676,-0.132536,-0.00156319,0.0636984,-0.109604,1.22148,0.607612,0.596218,0.933505,2.13489,1.87864,0.344165,1.294,1.38548,2.26553,-0.814595,-1.03991,-0.207299,-0.00819867,-0.325786,-0.761239,-1.55092,-3.54655,-0.208827
-2.35868,-1.25888,-1.49205,-2.35273,-3.02318,0.15456,0.139171,0.119389,0.0258436,-0.0330445,0.960509,0.347819,0.49962,0.750179,2.09108,1.80653,0.386129,1.21325,1.12602,2.37927,-0.897557,-1.10718,-0.201228,-0.0264454,-0.352937,-0.826759,-1.49136,-3.40463,-0.241339
-2.32295,-1.2104,-1.55346,-2.52099,-3.15898,-0.19517,-0.0303558,0.0472798,-0.0258658,-0.0546386,0.98131,0.354911,0.425201,0.737031,2.21929,2.02648,0.501621,1.51309,1.67052,2.4497,-0.815747,-0.977251,-0.210071,-0.0268253,-0.329146,-0.800711,-1.50829,-3.44274,-0.178536
-2.34568,-1.22749,-1.48234,-2.54014,-3.06195,-0.059554,0.12542,0.13308,0.155519,0.0657102,0.987291,0.435315,0.437246,0.904825,2.10398,1.89049,0.385077,1.19806,1.35772,2.29888,-0.900839,-1.02719,-0.183046,0.0367487,-0.352491,-0.807647,-1.50575,-3.49396,-0.235884
-2.3073,-1.27308,-1.60761,-2.64548,-3.07506,-0.325905,-0.166569,-0.0616152,0.0785326,-0.109189,1.13483,0.5175,0.652554,0.958527,2.14154,1.92117,0.509802,1.39571,1.29665,2.30522,-0.847384,-1.08273,-0.160884,-0.0215941,-0.347007,-0.822171,-1.55826,-3.53534,-0.224082
-2.40917,-1.21412,-1.54036,-2.47899,-3.06207,-0.17114,0.014418,0.0932428,-0.0111493,-0.0905235,1.04661,0.407063,0.517022,0.854559,2.12994,2.10279,0.446376,1.43409,1.57099,2.36701,-0.837259,-1.01241,-0.191611,-0.0326663,-0.309218,-0.796855,-1.49397,-3.46778,-0.224477
-2.10475,-1.06256,-1.47211,-2.50503,-2.93673,-0.264916,-0.206087,0.0200866,-0.120236,-0.149839,1.0723,0.482331,0.537413,1.02216,2.10073,1.75633,0.33108,1.26651,1.44611,2.1853,-0.871272,-1.06382,-0.139095,0.0820162,-0.284149,-0.742345,-1.49625,-3.38665,-0.201451
-2.62734,-1.47225,-1.6843,-2.78595,-3.3488,-0.0190743,0.158723,0.0716744,0.279992,0.163578,1.30798,0.601368,0.683909,0.869744,2.33368,2.32201,0.733765,1.54966,1.71566,2.52002,-0.878421,-1.05851,-0.150589,0.0299069,-0.32724,-0.811993,-1.54424,-3.50573,-0.211895
-2.3841,-1.35746,-1.73596,-2.68659,-3.26704,-0.334605,-0.205915,-0.017403,0.0827529,-0.190093,1.44416,0.887685,0.860178,1.04196,2.58842,2.20155,0.741195,1.64841,1.68715,2.61274,-0.908767,-1.04686,-0.219572,0.00355789,-0.341253,-0.805678,-1.52848,-3.53139,-0.213497
-2.45491,-1.21972,-1.54231,-2.45086,-3.0897,-0.132247,0.0154607,0.0281658,-0.00986199,-0.0929629,1.19619,0.420231,0.509377,0.754174,2.3401,2.01485,0.406186,1.30076,1.42167,2.33208,-0.880137,-1.08351,-0.191202,-0.0105225,-0.301818,-0.789381,-1.55691,-3.51408,-0.223937
-2.40453,-1.42208,-1.68506,-2.72468,-3.16258,-0.232723,-0.0343638,0.0602101,-0.042918,-0.150191,1.25133,0.824055,0.786946,1.05697,2.40185,2.15919,0.669347,1.51796,1.73189,2.54182,-0.941661,-1.06704,-0.15531,-0.0170513,-0.358612,-0.818121,-1.57603,-3.6077,-0.237062
-2.50295,-1.38285,-1.68264,-2.63593,-3.31561,-0.0281091,0.0287592,0.0760822,-0.0193459,-0.00199556,1.33015,0.707947,0.693609,1.11187,2.52778,2.15955,0.717758,1.45898,1.58721,2.65711,-0.890573,-1.04697,-0.159657,0.0688353,-0.305753,-0.696131,-1.55604,-3.50567,-0.22098
-2.50974,-1.40617,-1.4794,-2.55642,-3.31979,-0.093917,0.0303604,-0.0154313,0.0462921,0.0428046,1.28991,0.630949,0.536084,0.791721,2.31706,2.13151,0.629973,1.30182,1.42089,2.61566,-0.887547,-1.07579,-0.222815,-0.0195467,-0.339794,-0.783032,-1.52444,-3.53511,-0.207516
-2.44876,-1.08237,-1.49515,-2.65374,-3.18307,-0.369623,-0.311264,-0.0774513,-0.0157623,-0.242758,1.14702,0.358803,0.465575,0.84355,2.08053,2.23561,0.464631,1.33634,1.63334,2.48752,-0.867028,-1.10381,-0.179465,0.0122847,-0.369486,-0.817141,-1.56689,-3.59923,-0.197252
-2.26647,-1.2602,-1.62042,-2.45499,-3.15651,-0.233444,-0.017789,0.142761,0.0601516,-0.0424846,1.17597,0.509653,0.586012,0.743994,2.15442,2.03953,0.454498,1.42143,1.37825,2.43641,-0.905318,-1.08514,-0.156908,0.0117279,-0.305041,-0.814109,-1.48459,-3.47265,-0.221858
-2.44885,-1.13171,-1.59194,-2.65482,-2.82896,-0.0836625,-0.125375,0.0132225,0.0239739,-0.165584,1.30614,0.514071,0.601451,1.08796,2.00914,2.07835,0.447698,1.36306,1.5819,2.0431,-0.910349,-1.02275,-0.0854087,0.0286469,-0.298786,-0.755691,-1.53212,-3.50507,-0.228562
-2.42138,-1.18555,-1.45978,-2.53122,-3.04669,-0.248348,-0.176837,0.00103772,-0.0679023,-0.151144,1.48619,0.699432,0.619045,1.04261,2.38218,2.29241,0.730049,1.31793,1.6311,2.6173,-0.895727,-1.07843,-0.168584,-0.0499763,-0.324586,-0.785491,-1.55615,-3.5521,-0.20763
-2.31761,-1.40313,-1.67703,-2.7323,-3.17931,-0.338156,-0.214839,-0.0703333,-0.0726772,-0.305191,1.20328,0.614695,0.710006,1.08827,2.16584,1.95526,0.586034,1.45542,1.55257,2.46035,-0.816537,-1.07318,-0.146793,0.0481711,-0.328027,-0.805368,-1.4964,-3.42956,-0.216042
-2.27251,-1.21005,-1.59331,-2.58035,-3.12117,-0.225406,-0.0749588,0.112347,-0.00379636,-0.0907016,1.11799,0.522849,0.559236,0.917784,2.06429,1.83905,0.371063,1.32693,1.40398,2.45694,-0.866935,-1.06155,-0.149278,0.0124331,-0.333398,-0.798813,-1.49049,-3.48545,-0.263275
-2.51398,-1.41326,-1.50801,-2.47005,-3.31236,-0.171324,0.0297662,-0.0316504,-0.05269,-0.0478414,1.31504,0.496518,0.599381,0.90151,2.27802,2.14254,0.533292,1.36228,1.61529,2.47995,-0.814991,-1.01748,-0.156484,0.00822132,-0.348104,-0.823929,-1.50165,-3.48384,-0.217615
-2.3078,-1.06947,-1.50078,-2.44236,-3.03857,-0.0798583,-0.0550151,0.063551,0.0578288,0.0161018,0.927214,0.271868,0.414004,0.676517,2.09081,1.93193,0.300403,1.24251,1.26266,2.17042,-0.828671,-1.04068,-0.136855,0.0238768,-0.312042,-0.807119,-1.54761,-3.51948,-0.190478
-2.32762,-1.17055,-1.60216,-2.6396,-3.17175,-0.150779,0.0077861,0.143709,0.0405136,-0.012334,0.982473,0.31302,0.554121,1.03448,2.25175,2.11081,0.518335,1.44279,1.76418,2.61134,-0.850768,-1.04481,-0.213166,-0.0181518,-0.387844,-0.87667,-1.50187,-3.51335,-0.235248
-2.31588,-1.23458,-1.57481,-2.55082,-3.07506,-0.210603,-0.0349545,0.136398,0.0678329,-0.124619,1.09545,0.442797,0.520696,0.85074,2.22349,2.18387,0.607802,1.40496,1.51296,2.5302,-0.919784,-1.06962,-0.163777,0.0370295,-0.295121,-0.848282,-1.51549,-3.53006,-0.254775
-2.54889,-1.31349,-1.51873,-2.46507,-3.16168,-0.109951,-0.0637862,0.0530573,-0.122476,-0.115945,1.22097,0.570409,0.489388,0.678831,2.13575,2.17152,0.683991,1.35071,1.55764,2.52752,-0.878352,-1.03212,-0.192505,0.0244133,-0.300351,-0.772722,-1.52644,-3.56743,-0.200099
-2.43892,-1.32822,-1.58477,-2.61446,-3.16052,-0.24359,-0.128763,-0.0131872,0.0890395,-0.178172,1.38142,0.655288,0.679283,1.04043,2.33749,2.15885,0.65448,1.3763,1.50156,2.40462,-0.906199,-1.05746,-0.149455,0.0382918,-0.294566,-0.74616,-1.52958,-3.4736,-0.200392
-2.4466,-1.17522,-1.54987,-2.44987,-3.27359,-0.0803614,-0.126936,0.083436,0.0645132,-0.112295,1.22851,0.472679,0.624882,0.834119,2.23466,2.13443,0.53652,1.37809,1.49206,2.69968,-0.847996,-1.04418,-0.194842,-0.0440857,-0.291553,-0.801755,-1.48964,-3.43496,-0.214449
-2.25606,-1.25486,-1.50814,-2.32984,-3.14414,-0.283905,-0.0165801,0.0438654,-0.149626,0.0519911,1.07453,0.517142,0.591349,0.762397,2.11763,1.9891,0.486173,1.43273,1.47045,2.23806,-0.938973,-1.0412,-0.131107,0.0221585,-0.384962,-0.885072,-1.49938,-3.53571,-0.224778
-2.45503,-1.44951,-1.62381,-2.68124,-3.30524,-0.0935637,0.00859016,0.0848746,0.0354599,-0.137155,1.14838,0.707694,0.541037,1.01838,2.42512,2.08995,0.768283,1.3391,1.58829,2.71921,-0.804156,-1.01609,-0.149264,-0.0163293,-0.34489,-0.776135,-1.53679,-3.51541,-0.201206
-2.14353,-1.12509,-1.43011,-2.32627,-3.10776,0.0527594,0.161746,0.0775276,0.0800826,0.11246,0.704965,0.215161,0.390941,0.686547,2.05877,1.687,0.253304,1.17316,1.14531,2.23003,-0.846086,-1.06301,-0.13101,-0.011284,-0.33397,-0.84304,-1.51382,-3.50658,-0.203715
-2.37499,-1.22041,-1.53742,-2.54272,-2.80446,-0.381111,-0.312625,-0.102087,-0.0839974,-0.512813,1.28881,0.489634,0.619266,0.8694,1.89722,2.27382,0.769538,1.51183,1.62786,2.50262,-0.836168,-1.02057,-0.177411,-0.0298574,-0.348637,-0.799991,-1.5765,-3.53471,-0.196554
-2.45147,-1.22232,-1.62798,-2.50362,-3.10135,0.0868708,0.0102706,0.102935,0.103299,-0.0802409,1.10765,0.395475,0.557006,0.642122,2.16594,2.0689,0.54709,1.4274,1.51814,2.579,-0.892582,-1.04449,-0.2313,0.0121313,-0.331713,-0.823129,-1.56734,-3.52771,-0.222722
-2.31866,-1.28142,-1.67283,-2.5637,-3.33152,-0.067067,-0.028281,0.156797,0.151066,-0.0545221,1.07952,0.542036,0.612544,0.904699,2.41368,2.02658,0.667523,1.44831,1.50924,2.73351,-0.857589,-1.03658,-0.151347,0.0121491,-0.2818,-0.825024,-1.5494,-3.52527,-0.218232
-2.46118,-1.37147,-1.64484,-2.76414,-3.21546,-0.213195,-0.0979304,0.149333,0.00861262,-0.213959,1.17081,0.560507,0.497044,1.01026,2.20921,2.17087,0.625962,1.32288,1.68005,2.65275,-0.881308,-1.03723,-0.226378,0.0431072,-0.337414,-0.796582,-1.52336,-3.4354,-0.187724
-2.50417,-1.47259,-1.57719,-2.52063,-3.38464,-0.208965,-0.0991706,-0.160315,0.0235256,-0.0765696,1.31944,0.733748,0.805433,1.017,2.50234,2.22715,0.792216,1.49198,1.61114,2.71232,-0.882208,-1.10061,-0.197765,-0.0245046,-0.335892,-0.845019,-1.57496,-3.5299,-0.248672
-2.13411,-1.12246,-1.46888,-2.43665,-3.02936,-0.409319,-0.226913,0.0166544,-0.0772375,-0.138735,1.27369,0.607557,0.516653,0.806838,2.27573,2.02834,0.638485,1.32902,1.50632,2.43523,-0.837435,-0.997209,-0.14924,0.0246757,-0.326667,-0.845299,-1.47962,-3.4614,-0.171587
-2.24007,-1.15403,-1.43608,-2.54457,-3.00191,-0.29367,-0.0516774,-0.0469026,0.0251342,-0.312784,1.20875,0.520273,0.472256,1.05271,2.19351,1.96401,0.477983,1.29989,1.49384,2.61711,-0.826473,-1.01384,-0.16652,0.0587643,-0.32023,-0.762581,-1.5274,-3.49856,-0.20409
-2.28861,-1.21626,-1.54163,-2.41929,-3.24088,-0.190848,-0.0698818,0.0494725,0.0030426,-0.0839111,1.20825,0.617752,0.612392,1.03578,2.48195,2.02031,0.478249,1.48658,1.58803,2.52203,-0.889063,-1.08661,-0.174487,-0.0414379,-0.365812,-0.851125,-1.53172,-3.53633,-0.229085
-2.22432,-1.33207,-1.5625,-2.54753,-3.31144,-0.0354511,0.131754,0.143552,0.192386,0.314468,0.918737,0.423041,0.479295,0.729808,2.0957,1.88302,0.627581,1.35736,1.50694,2.63914,-0.838083,-1.04434,-0.152773,-0.00395293,-0.380158,-0.900562,-1.49771,-3.50387,-0.224686
-2.44267,-1.39206,-1.59837,-2.63706,-3.33073,-0.206418,0.0983903,0.191805,0.164102,0.0456077,1.32489,0.577059,0.530665,1.06443,2.31746,2.03278,0.51454,1.26418,1.41697,2.44458,-0.851251,-1.00458,-0.155442,-0.0192554,-0.309765,-0.775813,-1.54174,-3.49758,-0.204893
-2.28597,-1.18139,-1.49457,-2.45619,-2.96653,0.0623555,0.0894376,0.204441,0.215267,0.0714097,1.01007,0.443209,0.494789,0.69909,2.00575,1.91547,0.393061,1.22702,1.28556,2.16521,-0.83931,-1.05653,-0.163351,-0.00299654,-0.358346,-0.833425,-1.46732,-3.46151,-0.182963
-2.48257,-1.553,-1.70028,-2.70947,-3.24646,-0.319486,0.024028,-0.00420135,-0.116726,-0.0332626,1.42652,0.834886,0.820031,1.13858,2.33271,2.11769,0.710799,1.45917,1.71137,2.51484,-0.837942,-1.03139,-0.250001,-0.00932137,-0.323025,-0.786751,-1.53804,-3.43113,-0.219927
-2.37192,-1.21043,-1.49183,-2.4228,-3.02307,-0.119833,-0.0362287,0.0341265,0.135466,-0.142566,1.23535,0.545515,0.670758,0.775201,2.23118,2.09332,0.584609,1.286,1.3496,2.59241,-0.93571,-1.05409,-0.164371,-0.0408109,-0.344514,-0.889877,-1.53615,-3.50958,-0.228861
-2.16297,-1.163,-1.54796,-2.54711,-3.28516,-0.1831,-0.109626,0.166852,0.160892,0.02913,1.0294,0.545967,0.610584,0.880599,2.34858,1.85514,0.389304,1.23138,1.21408,2.36675,-0.857502,-1.00989,-0.146428,0.0320266,-0.328939,-0.8063,-1.51567,-3.46344,-0.227629
-2.20269,-1.16699,-1.45459,-2.35208,-3.00918,-0.204117,-0.0590568,-0.00147031,-0.0165065,-0.0728177,1.19809,0.607007,0.688981,0.909168,2.29856,1.87227,0.380298,1.3485,1.37973,2.30203,-0.863473,-1.00251,-0.166988,-0.00506942,-0.326427,-0.820918,-1.43509,-3.37987,-0.203267
-2.1583,-1.08741,-1.55315,-2.3555,-3.03656,-0.125344,-0.0343018,0.190235,0.0919541,-0.0747261,1.08543,0.445557,0.553378,0.633052,2.23073,1.74657,0.306868,1.22549,1.18543,2.28369,-0.832803,-1.02664,-0.160161,0.0252769,-0.28507,-0.749959,-1.52899,-3.4792,-0.229353
-2.23733,-1.19379,-1.50002,-2.42417,-3.03574,-0.141244,0.114224,0.0745028,0.0405185,-0.0133785,0.983235,0.316295,0.415132,0.797712,2.01771,2.0691,0.460761,1.42455,1.49043,2.37836,-0.918741,-1.0441,-0.121321,-0.0211907,-0.322996,-0.819042,-1.51234,-3.50926,-0.24026
-2.30188,-1.2499,-1.61077,-2.73369,-2.96758,-0.0403054,0.135161,0.185411,0.167499,0.170277,0.839411,0.281986,0.462175,0.902187,1.74662,2.1162,0.519821,1.46371,1.72833,2.17245,-0.881548,-1.05263,-0.196552,0.00119787,-0.296309,-0.798018,-1.52318,-3.47468,-0.228717
-2.56723,-1.31901,-1.67413,-2.65344,-3.3663,-0.15313,-0.0923796,0.0745261,0.143302,-0.17435,1.04109,0.404248,0.61647,0.712175,2.32026,2.21024,0.645988,1.42999,1.53511,2.7796,-0.881586,-1.03923,-0.181603,0.0372524,-0.288967,-0.773422,-1.53639,-3.54019,-0.242544
-2.39931,-1.37703,-1.60305,-2.66366,-3.02125,-0.212633,-0.0956208,0.0441493,-0.0544393,-0.214106,1.2382,0.659389,0.63285,1.01922,2.17862,2.00544,0.640671,1.34009,1.54379,2.30699,-0.896421,-1.06151,-0.148979,0.032328,-0.342504,-0.824968,-1.52833,-3.49616,-0.232313
-2.3943,-1.21039,-1.62166,-2.54116,-2.97886,-0.132457,-0.0292198,0.0744287,-0.00504443,-0.0602881,1.42281,0.59179,0.807423,1.17777,2.16143,2.19565,0.574002,1.43828,1.68486,2.31295,-0.850104,-1.00023,-0.173137,-0.0538599,-0.310864,-0.818619,-1.53943,-3.42457,-0.233269
-2.08527,-0.924668,-1.39025,-2.1481,-2.75525,-0.331721,-0.212964,0.0580899,-0.0841432,-0.391634,0.986172,0.296125,0.506518,0.754862,1.94082,1.83728,0.257819,1.21341,1.25281,2.13939,-0.872107,-0.985165,-0.224947,-0.0405428,-0.321778,-0.848116,-1.41885,-3.43306,-0.273331
-2.12468,-0.961503,-1.39543,-2.24585,-2.95986,-0.2912,-0.198066,-0.0768989,-0.173154,-0.120157,1.15049,0.383899,0.563199,0.712041,2.07293,1.89978,0.332459,1.34935,1.41561,2.2966,-0.871517,-1.03706,-0.225319,0.0243244,-0.279622,-0.774965,-1.47262,-3.40819,-0.254879
-2.36933,-1.16703,-1.4862,-2.38713,-2.99682,-0.173683,-0.128898,0.0282362,-0.122095,-0.214459,1.14846,0.427848,0.494585,0.685915,2.12445,2.039,0.56665,1.35107,1.40912,2.45766,-0.857924,-1.04195,-0.140176,0.0263537,-0.302212,-0.804013,-1.49909,-3.45088,-0.19493
-2.55917,-1.33075,-1.61125,-2.72013,-3.06816,-0.150015,-0.0332723,0.177044,-0.00952656,-0.0952996,1.36237,0.620705,0.588253,0.970432,2.16286,2.46802,0.713718,1.53538,1.85132,2.51306,-0.914724,-1.07886,-0.210367,0.00694203,-0.270106,-0.779439,-1.53424,-3.52732,-0.20031
-2.39971,-1.3335,-1.50372,-2.66846,-3.18343,-0.116867,-0.0810698,0.0746735,-0.0354751,-0.141345,1.34339,0.758651,0.552216,1.24198,2.51414,2.1116,0.640265,1.23787,1.55934,2.66464,-0.907399,-1.11446,-0.198849,-0.0494089,-0.34502,-0.811601,-1.50511,-3.49746,-0.246052
-2.25114,-1.20366,-1.65685,-2.54047,-3.11949,-0.00637115,0.167475,0.185237,0.202589,0.0143721,0.839593,0.3063,0.512747,0.634323,2.26626,1.95332,0.352763,1.40445,1.41254,2.44421,-0.870223,-1.12157,-0.155691,0.00064215,-0.315855,-0.777654,-1.57852,-3.52328,-0.195043
-2.12592,-1.0462,-1.39536,-2.34535,-2.84089,-0.195948,-0.0433341,-0.0943441,-0.038879,0.0283677,1.1157,0.383828,0.514932,0.840711,1.89596,1.8237,0.335407,1.29925,1.31452,2.24494,-0.899965,-1.0815,-0.174531,0.0197497,-0.330208,-0.790179,-1.51777,-3.51,-0.240924
-2.34859,-1.24697,-1.64611,-2.42743,-2.93253,-0.362241,-0.0895535,0.11558,0.0722279,-0.220501,1.40072,0.688353,0.630459,0.882931,2.1541,2.1174,0.542153,1.4745,1.36774,2.14085,-0.894296,-1.02826,-0.176964,-0.00340605,-0.300338,-0.77903,-1.5469,-3.5093,-0.222616
-2.54077,-1.51003,-1.70869,-2.71708,-3.58632,-0.0653648,0.0850157,0.102166,0.0394187,0.201216,1.28517,0.726731,0.690319,1.07342,2.57171,2.07178,0.676252,1.48582,1.6251,2.71018,-0.865357,-1.05836,-0.190507,0.0565557,-0.328453,-0.852221,-1.49871,-3.43991,-0.21841
-2.23549,-1.2078,-1.55253,-2.6107,-3.10667,-0.263343,-0.0882239,0.055454,0.0599089,-0.226199,1.04925,0.515972,0.622828,0.9576,2.23005,1.78898,0.33331,1.22522,1.45019,2.27581,-0.833702,-1.02247,-0.16663,0.000835765,-0.312731,-0.797231,-1.52567,-3.47693,-0.218918
-2.51669,-1.35173,-1.53855,-2.73251,-3.44977,-0.00175946,-0.0011825,0.0199162,0.123748,0.0202227,0.979902,0.348725,0.475905,0.725703,2.17473,2.18876,0.648525,1.36828,1.56098,2.74429,-0.897835,-1.08525,-0.155015,0.071478,-0.306716,-0.766628,-1.50572,-3.47518,-0.21956
-2.40518,-1.17694,-1.52046,-2.54629,-3.21911,-0.0374166,0.0572138,0.11798,0.136975,0.142205,1.14913,0.316347,0.4272,0.766891,2.08242,2.08812,0.402227,1.35232,1.42575,2.36652,-0.941782,-1.11258,-0.156962,0.0271497,-0.345645,-0.82464,-1.50269,-3.57193,-0.214967
-2.31652,-1.29051,-1.60472,-2.69643,-3.079,-0.264151,-0.0559533,0.0567336,0.0461891,-0.198717,1.20487,0.600117,0.705104,1.06262,2.31453,2.03602,0.473686,1.35477,1.63861,2.42389,-0.889185,-1.08331,-0.220574,-0.0330431,-0.35127,-0.806856,-1.56478,-3.52801,-0.215539
-2.37741,-1.30021,-1.50175,-2.47986,-3.18013,-0.0775412,0.111283,0.131509,0.0906002,0.0263222,0.956392,0.510476,0.541391,0.630675,2.02373,2.1322,0.649979,1.34578,1.61681,2.54549,-0.941712,-1.05336,-0.193629,0.0381625,-0.298008,-0.809604,-1.51024,-3.58125,-0.257595
-2.42979,-1.19222,-1.57369,-2.46045,-2.95817,-0.130878,0.0643207,0.0801765,0.135574,-0.0241107,1.31862,0.567676,0.606925,0.854746,2.00207,2.06313,0.405911,1.38785,1.44753,2.2589,-0.895952,-1.00449,-0.163915,0.0299391,-0.351338,-0.799523,-1.54565,-3.54175,-0.234883
-2.30128,-1.36804,-1.58472,-2.48798,-3.21985,-0.316805,-0.0352856,-0.0261582,-0.196274,-0.0295153,1.10949,0.621189,0.634212,0.901549,2.2646,2.06299,0.711505,1.47967,1.76826,2.54445,-0.868089,-1.03518,-0.154137,0.000931582,-0.349092,-0.80865,-1.51156,-3.47747,-0.205862
-2.32167,-1.22331,-1.56824,-2.46901,-3.03526,-0.0574933,0.0581095,0.0742216,0.257241,-0.102691,0.936466,0.306673,0.544685,0.461044,2.07889,1.92831,0.427292,1.31264,1.24376,2.41389,-0.909237,-1.06658,-0.18324,-0.00112205,-0.324067,-0.812125,-1.56654,-3.53644,-0.227377
-2.49623,-1.30348,-1.64427,-2.63365,-3.13709,-0.158549,-0.0878731,0.149295,0.245473,-0.116827,1.3495,0.652668,0.62464,0.919279,2.42788,2.17557,0.645122,1.46596,1.56026,2.45079,-0.863152,-1.02337,-0.202255,-0.00484346,-0.357846,-0.771176,-1.51968,-3.47585,-0.214467
-2.37955,-1.33088,-1.47957,-2.57294,-3.30669,-0.0916343,-0.0135681,-0.021352,-0.00409958,-0.0853564,1.22065,0.58308,0.5732,0.857994,2.40854,2.1011,0.607834,1.34207,1.51228,2.51209,-0.854237,-1.04245,-0.197805,-0.0571994,-0.308569,-0.808483,-1.50455,-3.50633,-0.219187
-2.2937,-1.31274,-1.7136,-2.55209,-3.19043,-0.266228,-0.064281,0.0547872,-0.0295984,-0.18042,1.06735,0.463829,0.596216,0.787973,2.24204,1.9972,0.451979,1.47081,1.42518,2.46264,-0.838166,-1.00463,-0.103124,0.000858544,-0.357459,-0.792487,-1.54497,-3.48921,-0.202207
-2.34113,-1.23515,-1.47566,-2.43951,-3.14173,-0.203457,-0.0395452,0.0209197,-0.000847109,-0.0961121,1.2308,0.59857,0.530165,0.902591,2.45826,1.93484,0.489642,1.31303,1.47968,2.46915,-0.928009,-1.04357,-0.173457,-0.0295577,-0.321132,-0.767053,-1.51184,-3.51687,-0.244022
-2.59085,-1.42868,-1.67928,-2.60243,-3.38506,-0.137345,-0.12109,-0.0206189,-0.0372353,-0.221423,1.38837,0.699873,0.761062,0.8698,2.60795,2.38531,0.858803,1.46406,1.58685,2.85753,-0.918189,-1.06207,-0.0819041,0.063342,-0.342072,-0.854875,-1.53183,-3.5601,-0.220878
-2.37719,-1.31036,-1.49257,-2.59963,-3.21945,-0.219893,0.00371644,0.0768006,0.100052,0.0717956,1.16126,0.606807,0.499792,0.855415,2.14822,2.12668,0.661344,1.28784,1.5155,2.46846,-0.879042,-1.07741,-0.165414,0.0082478,-0.320587,-0.825604,-1.52371,-3.59538,-0.221765
-2.4397,-1.3527,-1.52364,-2.41057,-3.17972,-0.0994223,0.116398,0.17352,-0.0850859,0.0251439,1.27062,0.634249,0.54373,0.947626,2.20848,2.05529,0.51165,1.19917,1.35759,2.33021,-0.840031,-1.0491,-0.134854,0.0268113,-0.372908,-0.844891,-1.51928,-3.53853,-0.213533
-2.36765,-1.2705,-1.61075,-2.39308,-3.21315,-0.153532,-0.0118186,0.0721289,-0.0764732,0.102511,1.0921,0.47206,0.605626,0.917835,2.14813,2.18513,0.645047,1.48513,1.6074,2.57955,-0.892594,-1.01294,-0.179509,-0.00312886,-0.321503,-0.752462,-1.48092,-3.47511,-0.199533
-2.18046,-1.18843,-1.50256,-2.40806,-3.05508,-0.169786,0.068073,0.00526779,0.0567117,-0.0296876,1.01321,0.488558,0.59844,0.892525,2.30265,1.9083,0.531946,1.35763,1.34631,2.45274,-0.858216,-1.01837,-0.163269,0.00623599,-0.31281,-0.745394,-1.57014,-3.51777,-0.220733
-2.33241,-1.24668,-1.58004,-2.5336,-3.00745,-0.241234,-0.0482902,0.00421262,0.0808442,-0.0400138,1.20613,0.527942,0.644393,0.951785,1.98806,1.96227,0.436586,1.38534,1.36586,2.26435,-0.846194,-1.07046,-0.2119,-0.0291582,-0.298547,-0.793399,-1.50479,-3.49336,-0.182882
-2.51578,-1.22694,-1.47951,-2.4502,-2.88286,-0.150771,-0.252088,-0.0559826,-0.172719,-0.397275,1.25596,0.58365,0.496208,0.89141,2.17658,2.07116,0.427995,1.27183,1.526,2.15859,-0.892217,-1.09828,-0.163216,-0.0295437,-0.34376,-0.855753,-1.56538,-3.52924,-0.211983
-2.63414,-1.37681,-1.66923,-2.67262,-3.41841,-0.0317941,-0.0642481,0.101883,0.217791,-0.205037,1.33638,0.686517,0.691084,0.903342,2.64475,2.07249,0.580289,1.37774,1.40991,2.65107,-0.946198,-1.05693,-0.211682,0.0462849,-0.346763,-0.766604,-1.47742,-3.47029,-0.19957
-2.4337,-1.39879,-1.74485,-2.66291,-3.36351,0.0256453,0.0254192,0.125296,0.084772,-0.0177889,1.12902,0.701829,0.863351,0.964541,2.37558,2.01157,0.627248,1.57267,1.56072,2.59685,-0.879077,-1.04233,-0.185062,0.0779685,-0.333109,-0.795249,-1.47904,-3.49053,-0.253937
-2.29745,-1.22127,-1.57715,-2.51621,-2.90418,-0.0823801,-0.0598305,0.0527867,-0.151357,-0.0739713,0.905127,0.363755,0.558021,0.782664,1.84449,1.9441,0.433404,1.31396,1.57693,2.17476,-0.871245,-1.10003,-0.150495,-0.0227646,-0.353648,-0.804323,-1.59068,-3.53403,-0.221823
-2.41534,-1.25888,-1.55841,-2.54606,-3.1106,-0.326287,-0.0922407,-0.00629018,-0.0062061,-0.225973,1.30818,0.563548,0.680951,0.737999,2.32593,2.17798,0.676818,1.3775,1.58901,2.61135,-0.87649,-1.04716,-0.198007,-0.0135623,-0.352223,-0.785249,-1.52118,-3.52401,-0.21821
-2.26393,-1.271,-1.49418,-2.55921,-3.12067,-0.16293,0.0555575,0.0764109,0.0806951,-0.168028,1.20116,0.610438,0.674137,1.06531,2.31701,2.01075,0.667879,1.36872,1.6399,2.68136,-0.896605,-1.04752,-0.186906,-0.0742995,-0.34257,-0.794329,-1.52221,-3.54591,-0.248201
-2.33051,-1.20087,-1.5676,-2.75312,-3.16305,-0.146273,-0.140668,0.0989566,0.134558,-0.132795,1.11306,0.506009,0.593858,1.06476,2.2358,1.85194,0.26942,1.23483,1.47414,2.3314,-0.86219,-1.08842,-0.145748,0.0353633,-0.328706,-0.80115,-1.53899,-3.55965,-0.188621
-2.43329,-1.35275,-1.69874,-2.53999,-3.12282,0.00374371,0.0866276,0.23772,0.187082,0.109783,1.0851,0.563335,0.621187,0.911894,2.27481,2.05001,0.596245,1.48707,1.50693,2.4315,-0.849189,-1.02741,-0.185758,0.00472159,-0.335014,-0.788844,-1.5506,-3.50171,-0.237851
-2.52717,-1.48506,-1.64789,-2.59706,-3.33189,-0.0273381,0.0490202,0.149035,0.0254299,0.0595819,1.27031,0.597028,0.603215,0.988215,2.24394,2.10102,0.685448,1.35681,1.51942,2.62491,-0.865839,-1.06682,-0.140819,0.00965747,-0.348822,-0.851083,-1.54366,-3.5655,-0.228638
-2.26794,-1.25828,-1.61826,-2.6982,-3.27975,-0.266991,-0.0961682,0.0237415,-0.020088,-0.0338297,1.30714,0.605384,0.723727,1.0228,2.48085,1.94794,0.558479,1.45197,1.68474,2.65828,-0.879351,-1.10021,-0.163404,-0.0416414,-0.315158,-0.869703,-1.52157,-3.5446,-0.235283
-2.39836,-1.20145,-1.56228,-2.4265,-3.2214,-0.281721,-0.136974,0.0532029,-0.312819,-0.0775405,1.50867,0.74217,0.640877,1.11587,2.4142,2.21475,0.669151,1.35178,1.6655,2.64766,-0.873639,-1.00847,-0.210629,0.016609,-0.267497,-0.786676,-1.5148,-3.53081,-0.237555
-2.34924,-1.18844,-1.62337,-2.57816,-2.87734,-0.256098,-0.230456,-0.0403945,-0.269791,-0.257051,1.29682,0.626402,0.755638,1.08898,2.07071,2.16186,0.612127,1.447,1.64267,2.25399,-0.920419,-1.09406,-0.173069,-0.0413784,-0.338727,-0.823399,-1.52418,-3.58316,-0.257042
-2.16523,-1.08546,-1.56008,-2.43831,-2.81312,-0.236943,-0.161766,0.0690657,0.14296,-0.132924,1.05536,0.488191,0.659111,0.725947,2.08954,2.02974,0.602361,1.48729,1.48477,2.23607,-0.894198,-1.02892,-0.180505,-0.0402671,-0.337473,-0.814422,-1.49218,-3.48171,-0.239322
-2.39386,-1.20796,-1.59623,-2.5231,-3.02673,-0.0605985,-0.0441406,-0.100955,-0.0908805,-0.0731141,1.36948,0.583706,0.72124,0.959052,2.18199,1.97754,0.546788,1.53296,1.61461,2.37061,-0.88572,-1.01861,-0.165381,-0.0308937,-0.315058,-0.794628,-1.52153,-3.54481,-0.210983
-2.66,-1.51317,-1.68772,-2.66646,-3.27372,-0.159495,0.144066,0.188341,0.11944,0.0732665,1.52215,0.791187,0.795323,1.02085,2.33018,2.22221,0.605543,1.36678,1.59913,2.5098,-0.810332,-1.07272,-0.177171,-0.0636534,-0.354317,-0.844944,-1.56932,-3.51977,-0.181065
-2.26512,-1.17882,-1.43068,-2.27924,-2.84545,-0.195439,-0.108655,-0.0419797,-0.0881397,-0.299646,1.00541,0.409284,0.514426,0.796572,2.0211,2.01374,0.364712,1.21667,1.25221,2.19251,-0.864417,-1.04688,-0.198592,-0.0366884,-0.360487,-0.811903,-1.54466,-3.54263,-0.22116
-2.1227,-1.11212,-1.4093,-2.28555,-3.17089,-0.451524,-0.199227,0.0141785,-0.0787186,-0.143669,0.929492,0.331167,0.375017,0.625103,2.24117,1.89219,0.335445,1.19162,1.1813,2.36115,-0.882241,-1.07151,-0.205841,0.0221218,-0.322219,-0.804472,-1.49045,-3.40824,-0.216908
-2.44557,-1.27671,-1.58415,-2.48998,-3.15752,-0.00574132,0.011574,0.181143,0.168251,-0.0679588,1.15554,0.463179,0.633786,0.892174,2.17462,2.03389,0.535353,1.42542,1.3716,2.56644,-0.873108,-1.0668,-0.221802,-0.0134341,-0.316344,-0.826812,-1.52881,-3.51114,-0.242143
-2.23083,-0.96799,-1.35289,-2.31269,-2.88593,-0.306055,-0.190218,0.0217632,-0.0202674,-0.273705,1.24854,0.392675,0.422685,0.716376,2.11795,1.98993,0.389495,1.18381,1.27318,2.27375,-0.866238,-1.04132,-0.173068,-0.0203084,-0.33334,-0.776354,-1.48252,-3.53746,-0.1982
-2.23955,-1.25057,-1.46102,-2.41062,-3.13854,-0.143218,-0.0273348,-0.00924344,0.046911,-0.187317,1.08046,0.50642,0.564902,0.681315,2.09052,1.95308,0.545781,1.32474,1.34457,2.55175,-0.858746,-0.992024,-0.143187,0.0145475,-0.355767,-0.835702,-1.5158,-3.4476,-0.146156
-2.27306,-1.29495,-1.55932,-2.44204,-3.25794,-0.27063,-0.183935,-0.0297804,-0.191537,-0.109276,1.06822,0.589347,0.601493,0.930729,2.35703,1.99851,0.589594,1.49637,1.62216,2.70091,-0.837643,-1.06709,-0.198914,0.00877152,-0.320999,-0.846133,-1.51815,-3.49069,-0.237615
-2.32351,-1.15045,-1.40166,-2.40242,-3.0833,-0.330957,-0.180703,-0.0268915,-0.086313,-0.0844584,1.26948,0.565862,0.492228,0.870379,2.22797,2.12492,0.623197,1.2881,1.41529,2.62717,-0.90785,-1.07109,-0.182559,-0.0193935,-0.326069,-0.818882,-1.54428,-3.54484,-0.257641
-2.54582,-1.38559,-1.63347,-2.54211,-3.09361,-0.26125,-0.138883,-0.0934367,-0.212502,-0.156994,1.46111,0.794266,0.785211,1.21276,2.34664,2.16403,0.56892,1.44268,1.69143,2.3214,-0.834851,-1.02143,-0.170459,-0.0269241,-0.334861,-0.799225,-1.55583,-3.51061,-0.187204
-2.54815,-1.59774,-1.69163,-2.67171,-3.32005,-0.107766,0.206152,0.072836,0.124485,0.0665185,1.24401,0.690427,0.701227,0.96572,2.34656,2.19151,0.709399,1.48174,1.5692,2.54681,-0.91847,-1.08776,-0.184252,-0.00975159,-0.295172,-0.789678,-1.52737,-3.48689,-0.225647
-2.22534,-1.11842,-1.48106,-2.3352,-2.93017,-0.242532,-0.0676922,0.0402762,-0.0458449,-0.1531,1.33778,0.509092,0.592774,0.993388,2.01786,2.13944,0.522288,1.2882,1.40813,2.45094,-0.887447,-1.02208,-0.20411,-0.00426154,-0.285183,-0.778658,-1.48875,-3.44046,-0.214426
-2.56407,-1.35415,-1.70213,-2.66374,-3.16874,-0.180773,-0.100941,0.109756,0.0308983,-0.180095,1.41137,0.664826,0.790403,1.19135,2.40074,2.27352,0.691892,1.59897,1.69985,2.44941,-0.839639,-1.01001,-0.215416,-0.0708907,-0.355711,-0.749853,-1.49224,-3.47686,-0.219898
-2.24335,-1.1154,-1.37373,-2.30584,-3.02675,-0.256711,-0.169996,-0.0810022,-0.0920625,-0.107515,1.07542,0.391668,0.389081,0.698309,2.14462,2.04654,0.483826,1.30272,1.4864,2.34316,-0.831307,-1.00979,-0.181376,-0.0562045,-0.312852,-0.788965,-1.48052,-3.47007,-0.210236
-2.45788,-1.39796,-1.63138,-2.51478,-3.10159,-0.118322,0.0157671,0.15526,0.0438581,-0.0892887,1.13099,0.553697,0.710977,0.929552,1.9904,2.25987,0.797281,1.49243,1.60298,2.62462,-0.862368,-1.01638,-0.209313,0.00905623,-0.337153,-0.848796,-1.5422,-3.49592,-0.231717
-2.18886,-1.1888,-1.53977,-2.36863,-3.02025,-0.249234,-0.0648714,0.063873,-0.119116,-0.0891316,1.15601,0.595963,0.55873,0.811825,2.22999,1.94122,0.469184,1.47144,1.54799,2.38167,-0.857279,-0.995309,-0.172815,0.0126294,-0.343056,-0.830687,-1.47319,-3.53241,-0.254587
-2.26586,-1.02254,-1.3982,-2.21099,-2.73451,-0.10377,-0.118821,-0.0935371,-0.127825,-0.179376,1.24237,0.458789,0.575097,0.912859,2.03688,2.1113,0.476884,1.32808,1.34465,2.12371,-0.879874,-1.0043,-0.167272,0.00705023,-0.315,-0.798629,-1.5199,-3.43715,-0.234239
-2.49389,-1.41739,-1.62299,-2.63211,-3.43737,-0.0287087,0.0962433,0.0457837,0.0837515,0.232075,1.29567,0.656172,0.703588,0.98481,2.31005,2.16969,0.687145,1.49385,1.60774,2.69101,-0.859156,-1.02305,-0.179012,0.0198603,-0.319584,-0.823022,-1.52407,-3.51847,-0.225991
-2.3289,-1.19703,-1.56238,-2.47171,-2.8122,-0.288848,-0.00833512,0.0235995,0.198098,-0.193611,1.23486,0.506526,0.648732,0.772797,2.00362,2.11019,0.479204,1.4516,1.37908,2.1797,-0.944203,-1.07594,-0.142024,0.0207672,-0.333055,-0.73265,-1.55417,-3.52128,-0.240891
-2.25646,-1.16412,-1.50366,-2.37508,-3.1122,-0.0500801,-0.00277295,0.114287,-0.00638143,-0.0176069,1.15895,0.46691,0.524025,0.718997,2.26802,1.90016,0.488904,1.24757,1.25195,2.36378,-0.934737,-1.10159,-0.132262,0.0049119,-0.329626,-0.785813,-1.51441,-3.58068,-0.258494
-2.51038,-1.3334,-1.61592,-2.66032,-3.29063,-0.157797,-0.0595474,0.00868512,-0.0155384,-0.0646907,1.03738,0.32233,0.552725,0.872706,2.10093,2.09035,0.540135,1.45685,1.50039,2.5073,-0.89725,-1.09884,-0.253056,0.0225342,-0.333803,-0.820494,-1.51143,-3.48697,-0.209149
-2.35653,-1.28,-1.42109,-2.38346,-3.27178,-0.0597225,-0.0210791,0.0111358,-0.0852661,-0.0423865,1.18732,0.60504,0.577948,0.888879,2.37189,2.07498,0.547457,1.24768,1.4381,2.5321,-0.908663,-1.0464,-0.183035,0.0284738,-0.272678,-0.711517,-1.45482,-3.42776,-0.186936
-2.44186,-1.27822,-1.56397,-2.50408,-3.0901,-0.2481,-0.107122,-0.0250957,-0.0991082,-0.0786309,1.49451,0.728001,0.75987,1.03146,2.39961,2.09156,0.637059,1.42613,1.50477,2.46776,-0.908796,-1.08144,-0.207256,-0.0510013,-0.316531,-0.813945,-1.4947,-3.5021,-0.278447
-2.35715,-1.27417,-1.54713,-2.74564,-3.09252,-0.0385065,0.10514,0.167703,0.228836,-0.0682206,1.05521,0.481189,0.503327,0.975078,2.31844,2.04884,0.636298,1.37011,1.70637,2.48478,-0.884961,-1.08004,-0.157677,-0.0220311,-0.36664,-0.841442,-1.54528,-3.60909,-0.256811
-2.29546,-1.29002,-1.58606,-2.6007,-3.06455,-0.105556,0.0180749,0.118389,0.0412023,-0.108216,1.14701,0.648867,0.552709,0.932742,2.22181,2.04165,0.569147,1.38174,1.42683,2.38719,-0.892395,-1.06251,-0.159665,0.0397073,-0.293479,-0.737669,-1.49993,-3.43059,-0.182904
-2.43813,-1.45075,-1.4983,-2.4169,-3.28558,-0.253183,0.0233903,-0.0391335,-0.07823,0.0621771,1.29557,0.623541,0.502348,0.705652,2.26553,2.18047,0.638248,1.38638,1.41711,2.50743,-0.867738,-1.05392,-0.157766,-0.0166174,-0.332555,-0.84881,-1.54877,-3.52655,-0.21732
-2.07899,-1.04002,-1.5803,-2.41674,-2.83136,-0.404498,-0.272014,0.0238956,-0.123888,-0.272417,1.01512,0.472814,0.607514,0.986292,1.97274,2.13776,0.563151,1.43874,1.62021,2.34272,-0.890419,-1.04684,-0.130052,0.00460207,-0.295519,-0.773022,-1.52151,-3.46793,-0.232027
-2.09903,-1.1399,-1.43323,-2.26851,-2.80672,-0.152398,0.0639313,0.096691,0.0159037,0.0317433,0.920806,0.376969,0.5333,0.738005,1.84614,1.95348,0.540477,1.30226,1.56539,2.31425,-0.866084,-1.0297,-0.185096,-0.0141241,-0.2781,-0.773669,-1.5012,-3.43425,-0.229083
-2.50863,-1.39492,-1.66534,-2.40939,-3.31315,-0.115822,-0.0585427,0.00836656,-0.15608,-0.0649614,1.31436,0.627689,0.676006,0.698332,2.26863,2.1768,0.61493,1.49884,1.45233,2.55304,-0.916789,-1.12086,-0.173437,-0.0589183,-0.341921,-0.81445,-1.59405,-3.59405,-0.161347
-2.31343,-1.18509,-1.49805,-2.50292,-3.11596,-0.171025,-0.0329711,-0.0418642,-0.0394116,-0.0916416,1.1878,0.3206,0.581979,0.897336,2.09158,2.08364,0.470256,1.37453,1.55445,2.6003,-0.903017,-1.04868,-0.166407,0.0151388,-0.333181,-0.765039,-1.5493,-3.51582,-0.19683
-2.45622,-1.31028,-1.62863,-2.6395,-3.04186,-0.215875,-0.152057,0.00701536,-0.0641578,-0.155166,1.36414,0.759704,0.768445,1.21592,2.13035,2.3023,0.731325,1.4584,1.7463,2.47555,-0.874463,-1.00632,-0.189257,-0.00431863,-0.30196,-0.77731,-1.49977,-3.45277,-0.215263
-2.22255,-1.05871,-1.37427,-2.20912,-3.07547,-0.0898722,-0.0220397,0.00608939,-0.115579,0.0572561,1.24109,0.460631,0.536506,0.815296,2.1964,1.97511,0.397592,1.25618,1.38237,2.34911,-0.894875,-1.04294,-0.175452,-0.0141789,-0.292659,-0.810825,-1.45731,-3.41199,-0.23539
-2.49521,-1.41159,-1.6172,-2.55664,-3.33926,-0.097133,0.00924195,0.0891946,0.0122816,-0.0474405,1.32296,0.702964,0.712381,1.26582,2.5724,2.25444,0.899981,1.53263,1.59953,2.87434,-0.878013,-0.999765,-0.219212,-0.00301638,-0.33577,-0.805978,-1.50292,-3.41999,-0.261207
-2.32353,-1.19792,-1.51196,-2.55079,-3.17804,-0.134317,-0.0752871,0.0794642,0.152007,-0.112659,1.11257,0.438057,0.441872,0.830567,2.15799,2.12944,0.584768,1.32804,1.5633,2.55903,-0.880929,-1.05383,-0.153369,0.000673427,-0.280672,-0.785254,-1.478,-3.46293,-0.250999
-2.2914,-1.34479,-1.52683,-2.45208,-3.26278,-0.114036,-0.0630602,0.0478486,0.0145303,-0.0827775,1.1987,0.763193,0.644374,1.07465,2.53068,1.87939,0.542195,1.34013,1.55443,2.55345,-0.85799,-1.02312,-0.218841,-0.0274292,-0.307738,-0.84617,-1.49872,-3.40721,-0.242281
-2.4008,-1.23972,-1.58023,-2.48794,-3.17442,-0.227598,-0.049927,-0.0142307,-0.130655,-0.151572,1.36868,0.564242,0.638104,0.937701,2.12619,2.13098,0.545963,1.5305,1.58474,2.52986,-0.895489,-1.07507,-0.131512,0.00728714,-0.336488,-0.848317,-1.51656,-3.49568,-0.25194
-2.56459,-1.4499,-1.52199,-2.793,-3.0944,-0.0928113,-0.0257582,0.0813956,0.167304,-0.231127,1.53065,0.849426,0.612207,1.1815,2.48616,2.17314,0.647674,1.29888,1.58251,2.40391,-0.882531,-1.0772,-0.206254,0.024242,-0.334328,-0.792046,-1.51624,-3.4613,-0.234586
-2.39342,-1.38135,-1.60856,-2.68309,-3.32499,-0.338246,-0.0358869,0.0642967,-0.057406,-0.0355132,1.39318,0.733595,0.607927,1.11133,2.37219,2.25152,0.725325,1.45156,1.72121,2.65576,-0.886935,-1.07316,-0.128581,0.0184658,-0.277565,-0.769652,-1.53262,-3.47762,-0.208284
-2.44081,-1.31211,-1.51233,-2.33815,-3.31138,-0.0598246,0.0934029,0.0612791,0.00656588,0.154952,1.26165,0.586262,0.654751,0.766883,2.28143,2.2009,0.523222,1.37491,1.28892,2.47279,-0.909715,-1.04487,-0.22102,0.0265528,-0.302154,-0.785845,-1.49154,-3.45359,-0.194466
-2.38866,-1.23097,-1.54165,-2.57933,-3.05473,0.00667699,0.091837,0.152966,0.238619,0.0630703,1.14674,0.435813,0.584235,0.874078,1.91794,2.03512,0.427408,1.30109,1.30867,2.35149,-0.862786,-0.968962,-0.174492,0.0441255,-0.305798,-0.818906,-1.47407,-3.49568,-0.226289
-2.17385,-1.05146,-1.56367,-2.51048,-3.06042,-0.139277,-0.0862532,0.103588,0.182909,0.0572205,1.05248,0.449345,0.633273,0.865727,2.07914,1.95028,0.515147,1.35371,1.48109,2.44247,-0.92192,-1.04148,-0.182268,0.0099839,-0.316923,-0.76869,-1.50124,-3.49501,-0.243219
-2.27674,-1.25334,-1.51527,-2.31333,-3.17988,-0.0500558,0.115784,0.149586,0.0448964,0.208995,1.20432,0.597284,0.596908,0.817283,2.35889,1.85297,0.471015,1.30512,1.21703,2.39325,-0.848219,-1.03293,-0.182664,-0.0193117,-0.354373,-0.823618,-1.48117,-3.48458,-0.23015
-2.15921,-1.09944,-1.42135,-2.37416,-2.81653,-0.247781,-0.216092,0.00832975,-0.145693,-0.294072,1.08749,0.393389,0.492917,0.712643,2.10869,1.87827,0.45402,1.22869,1.3229,2.36335,-0.926368,-1.07329,-0.222357,-0.00792487,-0.338039,-0.804428,-1.51575,-3.50165,-0.206431
-2.43457,-1.35319,-1.55064,-2.61337,-3.17657,-0.0909164,-0.000354688,0.0832239,0.0650204,-0.103392,1.13296,0.441482,0.502131,0.756638,2.10658,2.1517,0.63826,1.32282,1.55778,2.60703,-0.890835,-1.06183,-0.172251,0.000983739,-0.312747,-0.789694,-1.52396,-3.47556,-0.197971
-2.21051,-1.15516,-1.49944,-2.52114,-2.75529,-0.0541595,-0.00983517,-0.00057707,0.100771,-0.0590665,1.06886,0.319331,0.549322,0.881806,1.79361,1.77737,0.364999,1.37512,1.43735,2.01377,-0.902598,-1.06682,-0.186475,0.0250495,-0.355892,-0.89428,-1.52022,-3.50202,-0.256097
-2.48221,-1.26733,-1.56081,-2.61696,-2.90831,-0.0672261,-0.0249882,0.0249876,0.055536,-0.0269005,1.33446,0.721743,0.629166,1.178,2.0629,2.25517,0.673706,1.48143,1.70892,2.29971,-0.886213,-1.02918,-0.147346,0.013207,-0.356791,-0.801997,-1.54795,-3.49155,-0.254252
-2.31398,-1.15843,-1.50874,-2.55917,-3.19689,-0.272922,-0.146491,0.00265264,-0.0656053,-0.0823658,1.26478,0.616584,0.702278,1.07567,2.27344,1.92869,0.464156,1.30347,1.53046,2.55427,-0.864367,-1.06534,-0.24127,-0.0222904,-0.313461,-0.794366,-1.49555,-3.50773,-0.211061
-2.19334,-1.01469,-1.40069,-2.26638,-2.88167,-0.0908608,-0.0709399,0.0764036,-0.00608048,0.00215848,1.23469,0.57242,0.516923,0.967988,2.19878,1.89478,0.383913,1.28099,1.35527,2.2472,-0.924995,-1.10222,-0.210799,-0.069314,-0.298413,-0.810666,-1.51342,-3.52332,-0.240757
-2.18763,-1.26306,-1.509,-2.14151,-3.27255,-0.290954,-0.09633,-0.044796,-0.141376,-0.104906,1.25577,0.692098,0.689924,0.661964,2.40159,2.10938,0.704833,1.47463,1.33087,2.76581,-0.909776,-1.09603,-0.190292,-0.00125186,-0.329479,-0.888013,-1.48872,-3.51537,-0.233697
-2.31532,-1.25604,-1.48519,-2.56155,-3.0615,-0.107789,-0.0443488,-0.0425373,-0.0247659,0.0337745,1.09372,0.497392,0.541556,0.948477,1.95422,2.17955,0.682927,1.46424,1.76185,2.44459,-0.870916,-1.02162,-0.210334,-0.00256213,-0.343647,-0.799764,-1.46101,-3.42628,-0.258368
-2.65026,-1.42005,-1.7244,-2.80117,-3.05555,-0.0966381,-0.0537112,0.0954993,0.195405,-0.173591,1.25927,0.593367,0.686251,1.01591,1.993,2.33575,0.818985,1.55831,1.74448,2.52908,-0.82559,-1.02258,-0.217536,-0.0185937,-0.287852,-0.791732,-1.46909,-3.35735,-0.199882
-2.17588,-1.1787,-1.4658,-2.50012,-2.99544,0.025625,0.177804,0.0802261,0.242301,0.098975,0.888614,0.26795,0.431087,0.719976,1.9737,1.92738,0.483521,1.32035,1.47088,2.27186,-0.835728,-1.05191,-0.125065,0.0350918,-0.333037,-0.822895,-1.53152,-3.50673,-0.243693
-2.39444,-1.34289,-1.52858,-2.5014,-3.24978,-0.0659158,0.0794911,0.0195082,-0.0194085,0.132403,1.10247,0.569464,0.602716,0.945567,2.12946,2.02728,0.584418,1.33119,1.52384,2.54333,-0.854562,-1.05416,-0.164868,0.025346,-0.323275,-0.855526,-1.54498,-3.50681,-0.204868
-2.76518,-1.66011,-1.8334,-2.86665,-3.28539,-0.0391595,0.123911,0.0745417,0.122791,0.00913627,1.60574,0.883371,0.854795,1.17142,2.45897,2.40131,0.914293,1.63643,1.95098,2.62627,-0.83268,-1.06538,-0.169622,0.00472692,-0.328844,-0.789616,-1.5461,-3.47766,-0.242023
-2.14674,-1.34999,-1.70413,-2.64104,-3.11764,-0.177768,0.125295,0.164367,0.139033,0.125716,0.872838,0.439737,0.63107,0.733567,2.01036,1.8461,0.606053,1.44276,1.51451,2.40376,-0.868977,-1.05845,-0.154585,0.0407385,-0.324427,-0.755282,-1.5003,-3.44184,-0.233285
-2.21846,-1.14871,-1.60448,-2.52413,-3.14314,-0.122051,0.0408177,0.0976943,0.0333072,0.110892,0.949518,0.376668,0.483803,0.678643,2.22165,2.06554,0.514923,1.47048,1.63015,2.4412,-0.882202,-1.08695,-0.142435,0.0464835,-0.256331,-0.767263,-1.51945,-3.53149,-0.232243
-2.18675,-1.2637,-1.56571,-2.55449,-3.21063,-0.164033,0.00482044,0.0584288,0.247726,0.0254463,0.988353,0.552336,0.536511,0.635159,2.26901,1.96341,0.580505,1.2875,1.33791,2.42062,-0.822772,-1.03061,-0.138506,0.0526168,-0.291979,-0.763959,-1.53839,-3.50165,-0.198637
-2.41911,-1.39146,-1.56064,-2.67203,-3.0858,-0.081954,0.0947468,0.0726311,0.0460618,-0.0260688,1.00654,0.512488,0.4845,0.889017,2.11451,2.0933,0.618139,1.37507,1.68744,2.31015,-0.859048,-1.07416,-0.192024,0.0197889,-0.337432,-0.824926,-1.53743,-3.46049,-0.178961
-2.2117,-1.13047,-1.55476,-2.64519,-2.91448,-0.312922,-0.143861,0.00388805,-0.12234,-0.282373,1.29541,0.586222,0.579044,1.21637,2.08853,1.97098,0.555889,1.41413,1.687,2.3314,-0.84372,-1.06226,-0.132237,0.0106048,-0.317722,-0.748015,-1.50293,-3.45628,-0.21638
-2.35294,-1.1573,-1.42152,-2.50522,-3.2021,-0.0923985,-0.0341446,0.151974,0.205341,-0.183661,1.03266,0.454875,0.457937,0.742821,2.32993,2.2578,0.628391,1.32232,1.60929,2.7804,-0.835946,-1.0513,-0.24842,-0.0505093,-0.352062,-0.840853,-1.49118,-3.54451,-0.229674
-2.32535,-1.26088,-1.56496,-2.39909,-3.10142,-0.215071,0.0456173,0.101159,0.0480075,-0.126398,1.17301,0.600343,0.613464,0.831586,2.32446,1.97897,0.564517,1.36736,1.37301,2.50142,-0.922902,-1.10491,-0.221926,-0.0137332,-0.342063,-0.871955,-1.53706,-3.56923,-0.226087
-2.29162,-1.29822,-1.52307,-2.51798,-3.07813,-0.233737,-0.114185,0.0561391,0.00515314,-0.193574,1.19184,0.64011,0.556099,0.856227,2.27122,1.93555,0.486483,1.33828,1.55494,2.28995,-0.863035,-1.0483,-0.155044,0.0413846,-0.334366,-0.801991,-1.5137,-3.49544,-0.196399
-2.45806,-1.39002,-1.65912,-2.51781,-3.26695,-0.108717,0.0860603,0.082873,0.103161,-0.0584194,1.32045,0.625389,0.786883,0.977475,2.39013,2.20459,0.669408,1.49411,1.61068,2.63276,-0.917483,-1.01869,-0.170185,-0.0169316,-0.368487,-0.865278,-1.50642,-3.46282,-0.239596
-2.3324,-1.32887,-1.52473,-2.7114,-3.05675,-0.0625437,0.154566,0.219253,0.126756,0.136813,1.16017,0.538906,0.562099,1.1592,2.0856,1.76095,0.385971,1.20632,1.4324,2.2157,-0.948275,-1.07062,-0.198039,0.0158237,-0.327986,-0.805642,-1.44477,-3.5027,-0.21218
-2.35427,-1.20612,-1.48619,-2.64725,-3.1254,-0.175014,-0.0944745,-0.00813188,0.078953,-0.264367,1.1464,0.453833,0.529134,0.945309,2.32638,2.10862,0.588969,1.42166,1.63412,2.53729,-0.821957,-0.977336,-0.15477,0.0281128,-0.302576,-0.818432,-1.48811,-3.48127,-0.227339
-2.11639,-1.15038,-1.49476,-2.49055,-3.27353,-0.20806,-0.0851837,0.143268,0.0198608,-0.0964713,1.15072,0.651943,0.571299,0.822911,2.63111,1.93415,0.591912,1.38876,1.68419,2.63144,-0.879405,-1.04164,-0.162238,-0.0174464,-0.320858,-0.844321,-1.4755,-3.47253,-0.201988
-2.47725,-1.34268,-1.62594,-2.51004,-3.20628,-0.232616,-0.0677871,0.0367475,-0.0898204,-0.0694653,1.30969,0.623478,0.710592,0.660083,2.41024,2.35045,0.776242,1.50365,1.56327,2.64286,-0.869046,-1.02404,-0.18197,-0.00133469,-0.326112,-0.746823,-1.49388,-3.50767,-0.244108
-2.26421,-1.2258,-1.59672,-2.48943,-3.18919,-0.280424,-0.107282,0.040085,0.0730037,-0.0335791,1.03259,0.420568,0.54344,0.719813,2.23804,1.99589,0.594033,1.33887,1.33311,2.43509,-0.817513,-1.05044,-0.145809,0.0260341,-0.334844,-0.802748,-1.54237,-3.51815,-0.177922
-2.27256,-1.40392,-1.72464,-2.57978,-3.42487,-0.082179,0.178851,0.144724,0.246301,0.14757,1.05315,0.481924,0.722081,0.886616,2.30257,1.93216,0.671606,1.50607,1.44636,2.67157,-0.858062,-1.02977,-0.148439,0.0415016,-0.259676,-0.784036,-1.4539,-3.36424,-0.199952
-2.22149,-1.23349,-1.51685,-2.24846,-3.22552,-0.257116,-0.10199,0.0259574,-0.0807628,-0.0529607,1.09527,0.645987,0.637526,0.672261,2.42556,2.09573,0.664733,1.44202,1.61987,2.58777,-0.861297,-1.04239,-0.199068,-0.0444145,-0.297969,-0.792491,-1.47256,-3.42407,-0.235298
-2.45537,-1.39725,-1.58366,-2.67476,-3.49344,-0.102195,0.0891192,0.134505,0.0524486,0.157825,1.08048,0.47127,0.471932,0.680224,2.30811,2.16153,0.701754,1.40249,1.65489,2.9108,-0.831375,-1.06211,-0.16955,0.050878,-0.299161,-0.791965,-1.58016,-3.59382,-0.221271
-2.45093,-1.30759,-1.68106,-2.4975,-3.22983,-0.144308,-0.0474496,0.105592,0.10134,-0.0670054,1.18954,0.547361,0.652283,0.780603,2.33489,2.14493,0.643163,1.52832,1.35619,2.67527,-0.887059,-1.08756,-0.182433,-0.00494702,-0.372578,-0.841275,-1.52567,-3.59345,-0.228805
-2.25051,-1.31287,-1.54711,-2.61027,-3.26114,-0.2949,-0.0642186,-0.0153953,0.00461342,-0.111324,0.917456,0.513547,0.582403,0.993299,2.29313,1.8975,0.457055,1.24348,1.42197,2.37167,-0.850933,-1.07372,-0.160569,-0.0248446,-0.315147,-0.801682,-1.56359,-3.45285,-0.232761
-2.27785,-1.26504,-1.52862,-2.83293,-3.22288,-0.460977,-0.381602,-0.141234,-0.047609,-0.281146,1.10416,0.593057,0.650972,1.16726,2.25067,2.12406,0.800601,1.46115,1.85502,2.8087,-0.890539,-1.08373,-0.222475,-0.0141999,-0.367228,-0.840395,-1.54874,-3.54359,-0.245885
-2.4564,-1.3028,-1.58813,-2.58143,-3.35841,-0.189894,-0.109922,-0.0561215,-0.10087,-0.0786287,1.22287,0.594037,0.595338,0.98729,2.4374,2.04908,0.487388,1.44137,1.58709,2.511,-0.882737,-1.08694,-0.18809,-0.0363531,-0.364139,-0.855966,-1.559,-3.54003,-0.243526
-2.28644,-1.25654,-1.52635,-2.41803,-3.11047,-0.0889332,0.0993337,0.095743,-0.00422607,0.119823,1.18279,0.449452,0.52915,0.689798,2.13203,1.88457,0.471419,1.30831,1.4362,2.31151,-0.910512,-1.04631,-0.147351,0.0365588,-0.331811,-0.79943,-1.49071,-3.49561,-0.236121
-2.2486,-1.18992,-1.48399,-2.43943,-2.97699,-0.213477,-0.146011,0.0164105,0.000703355,-0.262151,1.00961,0.408453,0.511921,0.671438,1.98298,2.01584,0.607988,1.38996,1.51366,2.50062,-0.84918,-1.13078,-0.207713,0.00263341,-0.333324,-0.837511,-1.49311,-3.48445,-0.219006
-2.49987,-1.40508,-1.60607,-2.57432,-3.21769,-0.206202,-0.0433413,0.0284634,0.00327213,-0.146721,1.22006,0.634394,0.53037,0.733002,2.1103,2.05838,0.656117,1.3139,1.33642,2.42254,-0.893668,-1.07292,-0.17308,0.0623215,-0.306046,-0.737166,-1.52671,-3.5345,-0.221428
-2.49186,-1.31233,-1.637,-2.74045,-3.15801,-0.174363,-0.00707141,0.141642,0.110597,-0.215189,1.33256,0.495435,0.624427,0.983618,2.19822,2.18695,0.559678,1.41494,1.54217,2.47328,-0.834691,-1.06928,-0.139814,0.0153043,-0.269024,-0.758388,-1.57516,-3.53167,-0.211151
-2.44234,-1.39703,-1.58369,-2.42535,-3.14549,-0.16626,-0.0398961,0.0844446,-0.0964052,-0.201039,1.22281,0.635949,0.59738,0.789896,2.10373,2.35154,0.9327,1.53122,1.63948,2.74655,-0.913343,-1.03065,-0.193057,0.00561086,-0.294001,-0.786075,-1.50651,-3.47753,-0.242446
-2.34072,-1.25119,-1.48692,-2.55878,-3.31472,-0.106193,0.0312417,0.0224804,0.0990825,0.0747647,1.2588,0.433756,0.490903,0.903923,2.43839,1.95814,0.460268,1.35955,1.53923,2.57982,-0.869586,-1.11154,-0.195456,-0.0289484,-0.325967,-0.839026,-1.50176,-3.48404,-0.2061
-2.52791,-1.46127,-1.65296,-2.63268,-3.22386,-0.0451469,0.104092,0.162922,0.157551,-0.0092869,1.20934,0.59011,0.545748,0.863622,2.2324,2.14064,0.674805,1.45044,1.66931,2.59472,-0.88435,-1.03335,-0.185164,-0.0161658,-0.344775,-0.84748,-1.51474,-3.46406,-0.219446
-2.01706,-0.977028,-1.43705,-2.44476,-2.87042,-0.321135,-0.113289,0.0278846,0.169725,-0.12745,0.778253,0.145887,0.373032,0.606752,1.95571,1.91231,0.388597,1.37592,1.50297,2.29236,-0.946747,-1.07958,-0.215019,0.0256616,-0.349809,-0.824286,-1.49998,-3.5696,-0.255674
-2.27694,-1.17914,-1.39653,-2.45485,-3.05456,-0.249847,-0.059847,0.0273985,0.0815461,-0.041552,1.15389,0.408867,0.472296,0.771878,2.12571,2.06354,0.39142,1.14779,1.49716,2.3084,-0.850147,-1.05522,-0.198798,-0.0709685,-0.354883,-0.803756,-1.52743,-3.46273,-0.165992
-2.52761,-1.24726,-1.64146,-2.59334,-2.96233,-0.170611,-0.0858438,0.163594,-0.0556132,-0.310157,1.39835,0.439073,0.493087,0.973373,2.21219,2.14823,0.553857,1.42912,1.65955,2.37924,-0.854261,-1.05443,-0.12633,-0.0109317,-0.38295,-0.852148,-1.53614,-3.54634,-0.225272
-2.48501,-1.62279,-1.67582,-2.46896,-3.6422,-0.0397954,0.10878,0.172344,0.14233,0.149025,1.14772,0.734355,0.576109,0.718727,2.53132,2.23774,0.885875,1.4543,1.45123,2.95708,-0.847168,-1.02218,-0.155075,-0.0404238,-0.328241,-0.822508,-1.52349,-3.46816,-0.209182
-2.34942,-1.25829,-1.57339,-2.57294,-3.13166,-0.123675,0.0433207,0.182952,-0.0113657,0.0423896,1.23659,0.596857,0.535319,1.08546,2.28309,2.05118,0.567621,1.38139,1.50527,2.47535,-0.860697,-1.04646,-0.115029,0.085597,-0.362802,-0.850272,-1.50735,-3.53197,-0.278344
-2.50093,-1.28656,-1.56987,-2.59585,-3.25439,0.0374443,0.125668,0.112575,0.123084,0.054653,1.37668,0.623053,0.673702,0.953289,2.21882,2.2073,0.565585,1.36042,1.59852,2.67468,-0.904712,-1.04568,-0.0965337,0.0956501,-0.364196,-0.83658,-1.57594,-3.60227,-0.23098
-2.44962,-1.4677,-1.70122,-2.56637,-3.39278,-0.196636,-0.0220577,0.0165,-0.0738952,-0.0592242,1.09617,0.631391,0.690342,0.754172,2.38848,2.17541,0.748683,1.45451,1.61539,2.73668,-0.874652,-1.0535,-0.17561,-0.00272774,-0.324146,-0.81159,-1.55126,-3.56997,-0.254272
-2.42491,-1.31979,-1.60171,-2.57643,-3.30578,-0.00305353,0.0583438,0.112164,0.162039,0.120639,1.31201,0.680106,0.698428,0.961556,2.48102,2.1673,0.625115,1.4543,1.43995,2.52558,-0.934713,-1.09305,-0.193167,0.025046,-0.324999,-0.805989,-1.50115,-3.51514,-0.226428
-2.57144,-1.45964,-1.60987,-2.57922,-3.24507,-0.101219,-0.0343456,-0.0048317,0.0553358,0.00792682,1.13502,0.545233,0.656867,0.801558,2.33517,2.2751,0.865386,1.5061,1.62665,2.75015,-0.878367,-1.07852,-0.174847,0.0401896,-0.38386,-0.857494,-1.5353,-3.49185,-0.228549
-2.43269,-1.25304,-1.45584,-2.2951,-3.00741,-0.220664,-0.0909726,-0.0169093,-0.228586,-0.231909,1.52571,0.707457,0.588502,0.821514,2.29374,2.03415,0.529866,1.24477,1.47084,2.34002,-0.929705,-1.04736,-0.1947,-0.0168689,-0.335052,-0.840353,-1.50453,-3.50941,-0.217532
-2.40067,-1.32753,-1.48192,-2.4276,-3.19302,-0.193975,-0.0339134,-0.018963,-0.102768,-0.0336355,1.09644,0.597743,0.55046,0.76781,2.26335,2.09742,0.546034,1.33735,1.44171,2.42843,-0.854977,-0.978826,-0.203073,0.00299202,-0.356311,-0.798722,-1.50396,-3.44003,-0.189075
-2.30317,-1.3039,-1.40826,-2.42725,-3.1341,-0.229559,-0.0101323,-0.0207888,0.097293,-0.230473,1.17226,0.463159,0.467547,0.597729,2.30284,1.90043,0.529741,1.12368,1.24809,2.57957,-0.89516,-1.10639,-0.183228,0.0283711,-0.349873,-0.833379,-1.54877,-3.52543,-0.238172
-2.34304,-1.18562,-1.60597,-2.60046,-2.99663,-0.239793,-0.143233,-0.0110228,-0.00381847,-0.246346,1.40596,0.686647,0.769381,1.14195,2.3459,2.18081,0.604214,1.33903,1.60217,2.40085,-0.844521,-1.06469,-0.154962,0.00923351,-0.31549,-0.799577,-1.54422,-3.5192,-0.211084
-2.03358,-1.06875,-1.44886,-2.37133,-3.04835,-0.357799,-0.117582,-0.0316514,-0.0839732,-0.111853,0.790606,0.392543,0.501404,0.80668,2.1269,1.9277,0.475785,1.28896,1.39013,2.3374,-0.92079,-1.03558,-0.169208,-0.00476177,-0.269846,-0.785503,-1.52767,-3.49743,-0.198248
-2.37198,-1.28096,-1.54539,-2.5805,-3.20618,-0.244422,-0.104317,-0.0450567,-0.0680502,-0.0591345,1.2043,0.50287,0.530164,0.908103,2.33683,2.04588,0.533287,1.40869,1.43292,2.48225,-0.878255,-1.03744,-0.175623,0.0377362,-0.310259,-0.805721,-1.5051,-3.47583,-0.202245
-2.41168,-1.31291,-1.65279,-2.55765,-3.15023,-0.172555,0.0456497,0.130273,-0.0105949,-0.0242525,1.31979,0.555167,0.613969,1.05603,2.23683,2.16831,0.628489,1.50788,1.49425,2.3854,-0.892809,-1.00204,-0.179635,0.0625668,-0.340163,-0.789134,-1.50353,-3.4424,-0.185727
-2.16234,-1.3071,-1.66261,-2.62844,-3.06293,-0.135837,0.076411,0.188144,0.175145,0.0660659,0.802471,0.431837,0.627508,0.791242,2.0374,1.7715,0.472589,1.40583,1.38508,2.15897,-0.817225,-1.07044,-0.182458,0.0150427,-0.317115,-0.797509,-1.53138,-3.46904,-0.228629
-2.40556,-1.3377,-1.57147,-2.55896,-3.15233,-0.136551,0.0115251,0.211901,0.143101,-0.0430247,1.17322,0.472256,0.355661,0.734198,2.12658,2.13443,0.570523,1.26002,1.35203,2.39226,-0.877718,-1.04603,-0.100493,0.0283691,-0.293179,-0.752863,-1.56683,-3.56478,-0.236252
-2.3221,-1.20137,-1.57352,-2.42622,-3.09032,-0.157102,-0.0618292,-0.0325141,-0.176533,-0.167994,1.24174,0.465042,0.68267,0.979386,2.16727,1.98975,0.537585,1.43872,1.55151,2.47573,-0.864371,-1.04305,-0.141711,-0.0118397,-0.331164,-0.816763,-1.50235,-3.4856,-0.217284
-2.33015,-1.2639,-1.53679,-2.57725,-3.03638,-0.248479,-0.105959,-0.0503103,-0.0895242,-0.15794,0.96772,0.384609,0.54062,0.853046,2.02358,2.15627,0.6276,1.49646,1.75322,2.40249,-0.872317,-1.08758,-0.222903,0.00512987,-0.355189,-0.830698,-1.51726,-3.4703,-0.234754
-2.42374,-1.31191,-1.62064,-2.55539,-3.15081,-0.198123,-0.0425977,0.0264452,-0.117751,-0.228149,1.10699,0.45491,0.482608,0.857954,2.15879,1.98363,0.541944,1.35599,1.55796,2.41609,-0.863419,-1.06575,-0.122533,0.0312659,-0.332466,-0.762107,-1.54957,-3.49848,-0.202182
-2.35386,-1.33478,-1.59526,-2.63476,-3.08411,-0.0649254,0.0875888,0.0638229,0.172721,0.0724723,1.03067,0.492153,0.576239,0.834807,2.07952,2.02806,0.645514,1.44905,1.6065,2.43307,-0.985548,-1.11706,-0.172796,-0.0272273,-0.324482,-0.80147,-1.54357,-3.57596,-0.231515
-2.37869,-1.32962,-1.63686,-2.64151,-3.20573,-0.0941597,0.0174082,-0.00372683,0.168047,-0.0188274,0.999874,0.486604,0.610712,0.779497,2.20869,2.07667,0.743122,1.37236,1.49943,2.64927,-0.864384,-1.07354,-0.132792,0.0898719,-0.328541,-0.741675,-1.5448,-3.52451,-0.234282
-2.49939,-1.47349,-1.69707,-2.75438,-3.19966,0.106973,0.318794,0.232052,0.269451,0.272078,1.02943,0.437617,0.597782,0.869423,1.98228,2.10868,0.619077,1.53916,1.72237,2.44411,-0.908288,-1.09323,-0.195644,0.0421131,-0.354634,-0.865138,-1.496,-3.48976,-0.19613
-2.75338,-1.51398,-1.78503,-2.74424,-3.5182,0.0210535,0.090957,0.164327,0.0961864,0.0971903,1.51793,0.754151,0.803793,0.99985,2.55253,2.20292,0.482517,1.52063,1.65453,2.52884,-0.922131,-1.07357,-0.21955,-0.0228144,-0.339215,-0.841147,-1.58219,-3.63843,-0.196824
-2.27325,-1.22414,-1.60429,-2.50089,-3.04321,-0.199526,-0.0683551,0.166602,0.181818,-0.115931,1.23977,0.593224,0.638732,0.812894,2.3256,2.10222,0.709673,1.4032,1.49991,2.55119,-0.88674,-1.03617,-0.18405,0.0367276,-0.293601,-0.756972,-1.512,-3.43764,-0.21465
-2.3852,-1.38654,-1.60812,-2.55727,-3.35447,-0.106424,0.133561,0.10716,0.109531,0.216162,0.934179,0.442335,0.574605,0.707306,2.13443,1.98277,0.581892,1.40781,1.46088,2.54136,-0.859596,-1.0104,-0.185139,0.00271753,-0.324419,-0.754267,-1.51822,-3.48405,-0.201795
-2.52048,-1.41829,-1.54903,-2.57824,-3.46261,-0.133539,0.0294583,0.100998,-0.0327235,0.180701,1.29602,0.649928,0.492761,0.998942,2.40125,2.35298,0.682011,1.23346,1.4903,2.69067,-0.867312,-1.05794,-0.142321,0.0219225,-0.321775,-0.800464,-1.54003,-3.52923,-0.227887
-2.36461,-1.29535,-1.57616,-2.67341,-3.12847,-0.135179,0.0106434,0.0973683,0.0875408,-0.137761,1.07191,0.496077,0.491119,0.8436,2.18045,1.9799,0.480455,1.3715,1.53283,2.46934,-0.94141,-1.11433,-0.155489,0.0136386,-0.342253,-0.777548,-1.5526,-3.53399,-0.194178
-2.39754,-1.34715,-1.64393,-2.51626,-3.31641,-0.13024,-0.0396385,0.0810949,0.133004,0.0535529,1.09972,0.522671,0.652673,0.836332,2.16906,2.01603,0.578315,1.40617,1.37785,2.56675,-0.86806,-1.05339,-0.146639,-0.0119535,-0.357635,-0.83473,-1.56535,-3.51401,-0.22869
-2.23467,-1.232,-1.61861,-2.57183,-3.02789,-0.0534013,0.0673358,0.124897,0.0295837,-0.0788092,1.04364,0.318965,0.512668,0.752798,2.08164,2.1254,0.717802,1.46687,1.68395,2.52224,-0.938718,-1.058,-0.165812,0.059315,-0.254807,-0.779035,-1.55998,-3.49113,-0.216256
-2.29867,-1.07715,-1.53381,-2.54081,-2.95508,-0.208792,-0.124875,0.00886213,0.154977,-0.13578,1.02068,0.258142,0.424548,0.666257,1.85382,2.14731,0.52836,1.39881,1.46157,2.43748,-0.85244,-1.04091,-0.148928,0.0265093,-0.29813,-0.806183,-1.54103,-3.51678,-0.201504
-2.35564,-1.34604,-1.61402,-2.71902,-3.20735,-0.333949,-0.220718,-0.0976348,-0.104186,-0.280325,1.227,0.688885,0.6799,1.15819,2.34458,2.20649,0.767402,1.45701,1.76154,2.64474,-0.849537,-1.07788,-0.161688,0.0126546,-0.359043,-0.821996,-1.51237,-3.49997,-0.17917
-2.24072,-1.25847,-1.51633,-2.51007,-3.30788,-0.34715,-0.123586,-0.0643804,-0.026096,-0.0285769,1.02766,0.564789,0.496865,0.855624,2.3615,2.04724,0.631979,1.44082,1.50198,2.58674,-0.862972,-1.05832,-0.159984,-0.00737757,-0.254563,-0.729943,-1.4925,-3.43972,-0.229064
-2.40604,-1.28917,-1.636,-2.51453,-3.33955,-0.060096,0.125124,0.181046,0.0199914,0.068479,1.25088,0.514528,0.649532,0.874522,2.36531,2.12643,0.547004,1.38781,1.52361,2.69122,-0.924877,-1.03745,-0.191889,0.04372,-0.302988,-0.807385,-1.4691,-3.53878,-0.267457
-2.57612,-1.41745,-1.66172,-2.80711,-3.13258,-0.224972,-0.0922779,-0.040338,0.044122,-0.129051,1.44041,0.751581,0.774882,1.2479,2.23467,2.40561,0.77634,1.4753,1.75938,2.55163,-0.917958,-1.0266,-0.195513,0.0059064,-0.302031,-0.780012,-1.53612,-3.51182,-0.226319
-2.40058,-1.25674,-1.5499,-2.68132,-3.01393,-0.156664,-0.0126176,0.0468087,0.00549892,-0.204298,1.46441,0.740847,0.760408,1.12966,2.34854,1.95603,0.434135,1.21429,1.61506,2.20681,-0.896796,-1.05013,-0.180972,0.070806,-0.319401,-0.74425,-1.50835,-3.48902,-0.214077
-2.22788,-1.33659,-1.58306,-2.56555,-3.34814,-0.119449,-0.0299637,0.0963532,0.0973254,0.0724465,1.08413,0.700104,0.666638,1.04323,2.66616,1.88751,0.614947,1.41207,1.58606,2.72818,-0.932736,-1.07028,-0.195262,0.00730573,-0.285134,-0.812229,-1.53472,-3.52708,-0.270171
-2.34932,-1.2992,-1.50812,-2.59353,-3.20781,-0.117319,-0.0878554,-0.0957573,0.0294255,-0.120194,1.09125,0.586589,0.650107,0.941419,2.20485,1.97609,0.554462,1.41273,1.44954,2.5139,-0.858537,-1.03392,-0.244108,-0.00474382,-0.306179,-0.789447,-1.51538,-3.46744,-0.197727
-2.34668,-1.2113,-1.43589,-2.53709,-3.11807,-0.226371,-0.0141068,0.0147004,0.243736,-0.0401091,1.06223,0.410709,0.479371,0.857393,2.13103,2.27464,0.668327,1.40014,1.638,2.57181,-0.911306,-0.997031,-0.207571,-0.0175802,-0.34597,-0.794829,-1.47959,-3.45431,-0.257786
-2.22081,-1.22413,-1.42079,-2.32885,-3.07044,-0.179353,-0.0347282,-0.0995336,-0.154117,-0.105105,1.24225,0.558182,0.618703,1.07571,2.24872,2.13544,0.636735,1.45235,1.5195,2.51414,-0.905534,-1.03624,-0.188894,0.0366526,-0.354735,-0.8701,-1.45644,-3.45395,-0.20465
-2.51858,-1.32292,-1.65617,-2.56016,-3.36723,-0.171074,0.029534,0.0372225,0.142575,0.0349102,1.4041,0.663855,0.791769,0.842469,2.41553,2.22575,0.586335,1.46583,1.35924,2.6759,-0.9077,-1.08352,-0.172633,-0.0188588,-0.317128,-0.865048,-1.54858,-3.55209,-0.233625
-2.49143,-1.35646,-1.53417,-2.6141,-3.23723,-0.286065,-0.190035,-0.0792266,-0.0838416,-0.293289,1.34968,0.69984,0.619407,1.02056,2.36139,2.18162,0.671762,1.38496,1.64548,2.684,-0.871736,-1.04214,-0.213913,0.0095718,-0.340012,-0.834948,-1.55489,-3.53574,-0.221881
-2.13736,-1.15864,-1.47423,-2.22297,-3.11451,-0.102582,0.141999,0.0778201,0.124885,0.176149,0.852158,0.29882,0.380047,0.497211,1.95927,1.94703,0.396831,1.25894,1.10134,2.26383,-0.866433,-0.992266,-0.173108,-0.0286628,-0.31423,-0.752749,-1.50621,-3.47509,-0.237685
-2.22347,-1.09723,-1.42519,-2.29375,-2.8639,-0.311956,-0.153616,0.00203726,-0.118067,-0.243429,1.0677,0.363141,0.454297,0.667292,1.94546,2.04382,0.532051,1.26178,1.33204,2.35884,-0.851602,-1.06703,-0.183597,-0.00556733,-0.297264,-0.800506,-1.56391,-3.47762,-0.186918
-2.24777,-1.27762,-1.5176,-2.57249,-3.07578,-0.452357,-0.132578,-0.028657,-0.0580351,-0.0817521,1.40292,0.741225,0.597149,1.18,2.26847,2.23443,0.721029,1.48169,1.8119,2.45003,-0.831727,-1.00729,-0.228677,-0.0145064,-0.296939,-0.799513,-1.48576,-3.4736,-0.268747
-2.44233,-1.30525,-1.62873,-2.52272,-2.99367,-0.119712,-0.034824,0.106032,0.0352841,-0.177533,1.24208,0.610809,0.721823,0.900099,2.02864,2.1655,0.658937,1.46542,1.5403,2.46007,-0.939096,-1.06064,-0.202458,0.0283341,-0.335007,-0.823985,-1.54884,-3.6017,-0.212485
-2.38084,-1.24743,-1.56171,-2.41898,-3.04437,-0.164305,-0.0431249,0.0879014,-0.0756091,-0.21377,1.1496,0.426629,0.543071,0.663197,2.06897,2.06325,0.55841,1.40759,1.49782,2.40703,-0.920245,-1.08783,-0.236601,0.0235175,-0.401553,-0.87902,-1.49558,-3.56154,-0.243855
-2.1535,-1.04576,-1.45271,-2.36227,-2.96043,-0.23731,-0.0660188,-0.0115215,-0.0477578,-0.0552324,1.09699,0.410886,0.535603,0.753808,2.26874,1.87142,0.270754,1.15598,1.38746,2.18202,-0.851213,-1.0903,-0.172119,-0.0228851,-0.3145,-0.788864,-1.56124,-3.53978,-0.229826
-2.31603,-1.32136,-1.47954,-2.58167,-3.31601,-0.243507,-0.0161707,-0.0478155,-0.0153279,-0.219329,1.09728,0.542117,0.494771,0.937963,2.29807,2.06727,0.700378,1.50242,1.64465,2.85085,-0.883453,-1.06089,-0.184631,-0.0164038,-0.296011,-0.793527,-1.47778,-3.48057,-0.258042
-2.1769,-1.00518,-1.54191,-2.37882,-3.01249,-0.257827,-0.126446,-0.000350175,-0.00846541,-0.116527,1.02281,0.363407,0.645049,0.817148,2.21054,2.05967,0.485953,1.45063,1.49055,2.59531,-0.853192,-1.07581,-0.208542,-0.0410467,-0.312736,-0.835766,-1.54185,-3.5508,-0.283189
-2.19467,-1.13243,-1.53694,-2.40188,-2.85866,-0.121385,0.03745,0.0795571,0.0221414,0.0458304,0.888132,0.297597,0.593246,0.676327,1.76655,1.8939,0.352821,1.31498,1.41852,2.01815,-0.861698,-1.07223,-0.176513,0.00568717,-0.32148,-0.795595,-1.50694,-3.47032,-0.208871
-2.45739,-1.34502,-1.57481,-2.45128,-3.36595,-0.144689,0.0167204,-0.0053913,-0.0990119,0.0715435,1.19519,0.612118,0.581774,0.822896,2.34778,2.16601,0.651668,1.42967,1.6101,2.70188,-0.893495,-1.0487,-0.175621,-0.00896487,-0.300224,-0.731577,-1.55272,-3.53406,-0.254932
-2.24818,-1.33478,-1.4855,-2.50917,-3.1925,-0.220057,-0.0115975,0.0228089,0.0851905,-0.184268,1.09227,0.541039,0.528709,0.812028,2.11547,1.98769,0.556695,1.34653,1.44053,2.54736,-0.915599,-1.05799,-0.148298,0.0278935,-0.271183,-0.705845,-1.49861,-3.44993,-0.203239
-2.49646,-1.36514,-1.63679,-2.46632,-3.27076,0.0130183,0.0442826,-0.00900721,-0.115237,0.0868392,1.19335,0.679134,0.659976,0.872483,2.25795,2.06934,0.623522,1.44362,1.40937,2.42268,-0.829955,-1.08049,-0.131752,-0.0206964,-0.307087,-0.795964,-1.54179,-3.54116,-0.219203
-2.14211,-1.09555,-1.46542,-2.38126,-2.99665,-0.0691621,0.0115009,0.0518681,-0.0122604,-0.124409,1.05078,0.488778,0.542269,0.848026,2.16201,1.77688,0.396583,1.42095,1.32719,2.30194,-0.885224,-1.05618,-0.197832,-0.013077,-0.336351,-0.861728,-1.50809,-3.49871,-0.232932
-2.23429,-1.1685,-1.58987,-2.53505,-2.96182,-0.0725964,0.0192316,0.140502,0.15875,-0.0780798,0.860335,0.279271,0.54857,0.767629,1.98957,1.90794,0.396554,1.35868,1.49836,2.32899,-0.851486,-1.03591,-0.199662,-0.00729353,-0.289553,-0.774601,-1.4937,-3.44593,-0.236046
-2.36849,-1.31594,-1.64341,-2.63839,-3.20143,-0.204941,-0.0372194,0.154809,0.0141818,-0.0950198,1.35506,0.723941,0.743961,0.965623,2.31176,2.06778,0.586793,1.32905,1.70518,2.51882,-0.856852,-1.04813,-0.129204,0.0278495,-0.317418,-0.775135,-1.53262,-3.47319,-0.198752
-2.68094,-1.64221,-1.83112,-2.93944,-3.63386,-0.109081,0.0176225,0.112649,0.0456918,-0.01527,1.39043,0.842389,0.790371,1.29228,2.70492,2.43412,0.983377,1.56633,1.92794,2.87579,-0.841916,-1.08834,-0.182001,-0.00948677,-0.33884,-0.817703,-1.53866,-3.54132,-0.240018
-2.40255,-1.22993,-1.56717,-2.68208,-2.90275,-0.11692,-0.055113,0.0641548,0.182605,-0.191682,1.01514,0.417493,0.533936,0.775494,2.03664,2.09457,0.529488,1.42308,1.59323,2.29852,-0.840033,-1.07812,-0.139157,0.00590408,-0.339219,-0.82861,-1.49142,-3.50717,-0.22291
-2.5077,-1.36316,-1.60534,-2.55336,-3.32216,-0.127513,-0.0625807,0.0729007,-0.106759,-0.0910543,0.939061,0.400844,0.573642,0.85016,2.20166,2.12455,0.62264,1.38789,1.62936,2.63161,-0.861744,-1.03106,-0.198938,-0.0117637,-0.371757,-0.903568,-1.51939,-3.50515,-0.222946
-2.24935,-1.17577,-1.50539,-2.4144,-2.86506,-0.391208,-0.335573,-0.0362241,-0.174225,-0.224112,1.13911,0.547177,0.426244,0.700913,2.05942,2.13655,0.701249,1.33098,1.52683,2.25999,-0.837179,-1.01335,-0.13704,-0.0316855,-0.325912,-0.774369,-1.55474,-3.55275,-0.216124
-2.11737,-1.10495,-1.6385,-2.33347,-3.20405,-0.189639,-0.0278711,0.147743,-0.0924286,-0.0143825,0.954517,0.390076,0.623801,0.621145,2.3331,1.83664,0.406295,1.396,1.31233,2.59285,-0.916099,-1.05976,-0.175812,0.00576565,-0.286889,-0.788333,-1.51673,-3.51305,-0.272588
-2.39342,-1.21273,-1.61658,-2.42917,-3.13,0.00970467,0.0467711,0.0880703,0.0658341,0.0315684,1.28799,0.546152,0.567345,0.998825,2.27263,2.0696,0.610114,1.43456,1.46195,2.50552,-0.917981,-1.03082,-0.125928,0.0327338,-0.336728,-0.80171,-1.56395,-3.52162,-0.278966
-2.34303,-1.18373,-1.40981,-2.47988,-3.06712,-0.222539,-0.147967,0.0300066,0.126719,-0.198929,1.15771,0.541818,0.494527,0.776269,2.25071,1.95741,0.525238,1.14025,1.5123,2.45435,-0.824187,-1.04696,-0.199166,-0.0278589,-0.333634,-0.821456,-1.53747,-3.45515,-0.222944
-2.3983,-1.33114,-1.49612,-2.39592,-3.1486,-0.121565,0.0647761,0.0626656,-0.0202964,-0.246844,1.07946,0.520468,0.457113,0.726606,2.1167,2.28168,0.682605,1.32989,1.50219,2.70839,-0.911576,-1.02169,-0.238554,-0.0217898,-0.349246,-0.852608,-1.53983,-3.54788,-0.203059
-2.66773,-1.51368,-1.72285,-2.78719,-3.185,0.062963,0.0187299,0.066104,0.139999,-0.000856199,1.4287,0.760219,0.607567,0.889269,2.33099,2.28044,0.825447,1.51387,1.66267,2.45281,-0.922555,-1.06353,-0.129546,0.0226298,-0.326835,-0.731423,-1.54234,-3.50852,-0.207885
-2.3575,-1.22595,-1.5433,-2.71663,-3.07817,-0.143153,-0.196746,0.0283119,0.0839041,-0.156958,1.08262,0.566955,0.585655,0.924197,2.07884,2.05313,0.675799,1.34403,1.61695,2.50805,-0.841242,-1.00528,-0.121889,0.0754025,-0.288984,-0.722938,-1.52616,-3.46138,-0.199982
-2.35486,-1.3767,-1.50319,-2.52214,-3.22904,-0.191695,-0.0790815,-0.108851,-0.123967,0.033271,1.28671,0.718969,0.633945,0.943829,2.20974,1.93371,0.615106,1.30178,1.39072,2.29645,-0.871369,-1.04425,-0.125604,0.139129,-0.312247,-0.818892,-1.52952,-3.47969,-0.165171
-2.33913,-1.19702,-1.5134,-2.42799,-3.23628,-0.133147,-0.111551,0.0683929,-0.173186,-0.00619513,1.14049,0.543795,0.505908,0.844987,2.21024,1.93583,0.511042,1.25669,1.5044,2.49507,-0.809171,-1.05403,-0.18341,-0.0293944,-0.310802,-0.766315,-1.49213,-3.47644,-0.231291
-2.50409,-1.35961,-1.64052,-2.68455,-3.25433,-0.0486155,0.0575207,0.10546,0.109818,0.0290658,1.14509,0.479787,0.54885,0.799072,2.1935,2.22118,0.708787,1.46858,1.58266,2.52911,-0.888221,-1.07127,-0.187897,0.0713112,-0.285362,-0.747022,-1.51863,-3.47936,-0.213916
-2.2821,-1.1702,-1.5152,-2.38335,-3.06671,-0.111043,-0.0510037,-0.00827938,-0.0484072,-0.00161054,1.25978,0.719997,0.724235,0.935014,2.38728,2.04795,0.622173,1.42559,1.52145,2.45723,-0.876429,-1.01567,-0.189998,0.0120542,-0.27932,-0.761135,-1.48344,-3.48664,-0.253465
-2.41563,-1.3845,-1.60993,-2.71992,-3.22234,-0.202657,-0.0487295,0.0319668,0.0215221,-0.141832,1.03659,0.550454,0.536089,0.808741,2.25206,2.14632,0.75557,1.48972,1.67721,2.67277,-0.89945,-1.05759,-0.195563,0.0543146,-0.304287,-0.741999,-1.51392,-3.50642,-0.188474
-2.38984,-1.27245,-1.52965,-2.57825,-2.90233,-0.10337,0.126846,0.0480142,0.0207795,0.0496996,1.20727,0.443504,0.525092,0.875619,1.90631,2.09615,0.482269,1.38524,1.69673,2.1687,-0.935106,-1.09573,-0.184168,0.000935978,-0.306346,-0.798772,-1.51336,-3.53592,-0.244997
-2.30089,-1.32235,-1.63873,-2.65433,-3.14611,-0.143541,0.0183245,0.183197,0.182304,-0.0206605,1.14569,0.578068,0.623994,0.949915,2.11445,1.87997,0.610311,1.38148,1.47749,2.53183,-0.844461,-1.04151,-0.178473,-0.0191713,-0.317282,-0.82719,-1.48714,-3.46903,-0.224197
-2.24053,-1.1276,-1.54508,-2.49079,-3.03219,-0.206449,-0.148519,0.0551071,0.0959393,-0.125602,1.03247,0.421464,0.567385,0.935669,2.14827,1.97703,0.572898,1.40519,1.55334,2.46525,-0.898779,-1.02446,-0.159138,-0.00370495,-0.374729,-0.828974,-1.56578,-3.57494,-0.207954
-2.58751,-1.50422,-1.61069,-2.70689,-3.63477,-0.265293,-0.155856,0.02971,0.0119081,-0.0669565,1.21311,0.622127,0.564265,0.869513,2.57161,2.26552,0.801826,1.44532,1.7459,2.82912,-0.917115,-1.12054,-0.198144,0.00357145,-0.365784,-0.819507,-1.51155,-3.50397,-0.238433
-2.61375,-1.4556,-1.59164,-2.6176,-3.36993,-0.136927,-0.0566373,0.00415383,-0.0657644,-0.14656,1.33763,0.580584,0.526189,0.964582,2.4112,2.37442,0.788227,1.48082,1.83578,2.65567,-0.86615,-1.00011,-0.208315,0.0154117,-0.3408,-0.796335,-1.5549,-3.43274,-0.197659
-2.29192,-1.07138,-1.45897,-2.54652,-2.7437,-0.225043,-0.333264,-0.0337426,-0.0661317,-0.558286,1.06678,0.418276,0.487513,0.867937,1.76763,1.94039,0.486795,1.26129,1.42308,2.25112,-0.819018,-1.0177,-0.152576,0.0258668,-0.325147,-0.768518,-1.49609,-3.49253,-0.224518
-2.34651,-1.33503,-1.7066,-2.70823,-3.01411,-0.201198,-0.0299145,0.159736,0.165034,-0.153723,1.23812,0.663574,0.673069,1.11619,2.11995,1.99948,0.652311,1.45358,1.4989,2.41748,-0.880486,-1.06083,-0.163895,0.0385718,-0.307604,-0.790089,-1.48199,-3.47207,-0.227588
-2.19294,-1.24418,-1.47762,-2.31796,-3.16722,-0.262921,-0.0962654,0.0259569,-0.0996867,-0.22509,1.1361,0.625267,0.518022,0.90596,2.40096,1.91536,0.584131,1.34417,1.44001,2.54365,-0.867734,-1.01096,-0.162102,0.0379871,-0.308135,-0.781367,-1.51853,-3.48773,-0.22617
-2.21945,-1.1815,-1.58345,-2.63541,-3.07096,-0.197658,0.00597843,0.0462102,-0.0462674,-0.0648965,1.20257,0.479374,0.672399,1.15289,2.07029,1.92182,0.451667,1.30736,1.49268,2.40261,-0.904771,-1.07376,-0.135346,-0.00171563,-0.309468,-0.776151,-1.50478,-3.44257,-0.209591
-2.51245,-1.41583,-1.70773,-2.76699,-3.3615,-0.0558664,0.126019,0.15704,0.240651,0.0383322,1.18273,0.46725,0.451201,0.831639,2.2511,2.27175,0.615971,1.4833,1.69914,2.70535,-0.88654,-1.05922,-0.176852,0.00315073,-0.290976,-0.774739,-1.60027,-3.58096,-0.212809
-2.42544,-1.22185,-1.61008,-2.51159,-2.96632,-0.205512,-0.039884,0.0146421,0.0887854,-0.0817479,1.11057,0.466584,0.661776,0.734253,2.00021,2.19349,0.623538,1.44815,1.56624,2.41185,-0.886818,-1.05558,-0.1694,0.0267059,-0.323557,-0.782785,-1.54402,-3.53764,-0.207529
-2.34325,-1.26776,-1.63418,-2.39062,-3.21357,-0.210298,-0.0469325,0.113199,0.0579638,-0.206857,1.18727,0.475982,0.657454,0.773415,2.28308,2.10433,0.595332,1.47197,1.45526,2.62122,-0.867274,-1.03172,-0.211969,-0.0485541,-0.354444,-0.824963,-1.5034,-3.47546,-0.239074
-2.43877,-1.24888,-1.58699,-2.67637,-2.92323,-0.046301,0.0388798,0.0955007,0.135026,0.0238789,1.30227,0.665216,0.719314,1.20727,2.17798,2.10561,0.495496,1.45022,1.63381,2.27702,-0.911105,-1.08883,-0.207581,-0.0561209,-0.331581,-0.861722,-1.56215,-3.54995,-0.241869
-2.28277,-1.33436,-1.46853,-2.49914,-2.9988,-0.376153,-0.124237,-0.0328098,-0.144664,-0.06758,1.01336,0.443288,0.461133,0.881878,1.93347,2.07149,0.660052,1.38758,1.61564,2.41509,-0.874316,-1.0511,-0.2259,0.0144172,-0.33632,-0.79091,-1.53125,-3.51921,-0.174933
-2.0881,-1.04092,-1.39445,-2.37278,-2.74909,-0.164131,-0.0610223,0.0312292,0.0127625,0.0446759,0.878242,0.336977,0.40094,0.787568,1.71687,1.77098,0.414516,1.08489,1.25223,1.94371,-0.815542,-0.998581,-0.198098,-0.0047974,-0.328158,-0.760965,-1.5537,-3.48583,-0.168763
-2.17076,-1.09116,-1.54386,-2.51769,-2.87022,-0.175499,-0.139087,-0.00396884,-0.0842152,-0.257104,1.06516,0.534192,0.705289,1.03462,2.07585,2.03946,0.606017,1.41117,1.62958,2.26487,-0.85704,-1.03706,-0.174472,0.0297163,-0.282934,-0.762131,-1.49184,-3.47669,-0.221638
-2.2646,-1.27157,-1.56477,-2.43758,-3.1098,-0.320907,-0.124201,0.00695688,-0.168087,-0.210755,1.18285,0.522722,0.612658,0.89323,2.13875,2.03614,0.52793,1.39637,1.43484,2.44713,-0.838238,-1.04332,-0.1805,0.0316906,-0.345474,-0.802066,-1.54862,-3.54091,-0.230949
-2.11361,-1.16196,-1.40487,-2.35149,-2.918,-0.175378,0.0344853,0.0037408,0.17471,-0.112568,1.01962,0.452092,0.469275,0.576831,2.15811,1.7878,0.43695,1.27695,1.22672,2.33471,-0.90252,-1.05238,-0.187811,-0.0158691,-0.284933,-0.865231,-1.5362,-3.52385,-0.261793
-2.37264,-1.11858,-1.58303,-2.57141,-3.04129,-0.116625,-0.18813,0.0598529,0.00490965,-0.310392,1.00136,0.413942,0.448553,0.61646,2.14171,2.06242,0.515086,1.38454,1.5555,2.53648,-0.838805,-0.999301,-0.113598,0.0838445,-0.32044,-0.773047,-1.61017,-3.5708,-0.200257
-2.35546,-1.21653,-1.43951,-2.25727,-3.28976,0.044049,0.0451617,0.0866085,0.127236,0.0770474,0.942692,0.412574,0.473433,0.55523,2.30727,2.08137,0.628371,1.30725,1.36677,2.69971,-0.87706,-1.04498,-0.188959,-0.0199928,-0.340762,-0.826735,-1.49087,-3.4889,-0.240617
-2.36928,-1.18762,-1.49679,-2.42479,-3.06521,-0.111204,-0.0671462,0.115274,0.165229,-0.220706,1.24928,0.730848,0.548616,0.67626,2.46049,2.03002,0.499982,1.31139,1.26171,2.42468,-0.917834,-1.06283,-0.183265,0.0143165,-0.325917,-0.76917,-1.51415,-3.55366,-0.216522
-2.35628,-1.30964,-1.54504,-2.49742,-3.06251,-0.253557,-0.100298,-0.0146778,-0.106003,-0.308226,1.32665,0.669795,0.628274,1.0923,2.32622,2.01109,0.498314,1.39035,1.54968,2.41005,-0.871683,-1.036,-0.172719,0.0392121,-0.317436,-0.785214,-1.54122,-3.5041,-0.203264
-2.30944,-1.17653,-1.52461,-2.45551,-3.01115,-0.241114,-0.0818852,0.0438785,0.0271265,-0.143867,1.18055,0.511096,0.637246,0.835324,2.19346,1.99623,0.451776,1.34681,1.40724,2.28618,-0.8891,-1.09296,-0.195141,-0.00663639,-0.326023,-0.85512,-1.55599,-3.54094,-0.229891
-2.23577,-1.15439,-1.50867,-2.4777,-2.90648,-0.307538,-0.211269,0.00985149,-0.134682,-0.21622,1.09578,0.50978,0.456761,0.833835,2.10658,2.13247,0.66399,1.36702,1.49126,2.43835,-0.889924,-1.01545,-0.148292,0.0501365,-0.290318,-0.749137,-1.50413,-3.45383,-0.204023
-2.20327,-1.23041,-1.53187,-2.40876,-3.06834,-0.430343,-0.162854,-0.0173741,-0.0567951,-0.361411,1.19645,0.666541,0.58437,0.791654,2.50426,2.18058,0.700681,1.51688,1.54401,2.65095,-0.882448,-1.05312,-0.188441,-0.0168628,-0.31084,-0.758729,-1.52839,-3.48618,-0.244511
-2.31731,-1.24394,-1.59449,-2.49322,-3.23006,-0.201179,-0.0633739,0.0210708,-0.0407324,0.0237307,1.34811,0.652386,0.686665,0.930453,2.36456,2.12502,0.713663,1.47547,1.5289,2.63225,-0.818143,-1.05864,-0.131746,0.0219559,-0.344752,-0.821306,-1.52457,-3.50846,-0.197262
-2.6193,-1.41057,-1.6281,-2.81712,-3.19945,-0.0725903,0.00292027,0.0766394,0.137786,-0.00986452,1.43372,0.751458,0.714176,1.22932,2.33813,2.50873,0.793298,1.52906,1.87417,2.67819,-0.89369,-1.04035,-0.20456,-0.0388343,-0.343017,-0.813385,-1.50881,-3.47677,-0.235864
-2.15751,-1.0992,-1.31695,-2.39918,-3.06778,-0.228095,-0.202277,-0.0602172,-0.0113029,-0.187898,1.03363,0.440489,0.40193,0.690295,2.34682,1.91437,0.609304,1.29166,1.53695,2.55511,-0.880429,-1.02399,-0.22348,-0.0286675,-0.351219,-0.840405,-1.47337,-3.46304,-0.215014
-2.38085,-1.30365,-1.60306,-2.61023,-3.01564,0.0289655,0.138522,0.134295,0.00930137,0.0831738,0.99744,0.369193,0.587687,0.745042,1.87493,1.8484,0.427744,1.26772,1.4951,2.21126,-0.841663,-1.02587,-0.16807,0.0374385,-0.316512,-0.756417,-1.49961,-3.4786,-0.191981
-2.13961,-1.13948,-1.43937,-2.26082,-2.95526,-0.324077,-0.0421684,0.0122114,0.044047,-0.229697,1.03153,0.435215,0.585563,0.755646,2.08909,1.95198,0.516213,1.28145,1.20159,2.41404,-0.922731,-0.996083,-0.216735,-0.00899271,-0.299019,-0.719038,-1.52812,-3.48929,-0.240668
-2.1574,-1.23574,-1.51395,-2.48204,-2.97996,-0.208434,-0.0651994,-0.0310344,-0.13316,-0.151711,0.94046,0.468926,0.592676,0.69715,2.1226,1.9163,0.605795,1.33316,1.42356,2.30679,-0.882467,-1.083,-0.154705,0.0126795,-0.28649,-0.813308,-1.51999,-3.53023,-0.252689
-2.02734,-1.08854,-1.52058,-2.45915,-3.11509,-0.26398,-0.0945512,0.037292,0.0482366,-0.104394,0.940873,0.43363,0.533252,0.845436,2.42353,1.93592,0.481106,1.41101,1.61043,2.56828,-0.894964,-1.04753,-0.159407,0.025401,-0.341098,-0.859637,-1.53674,-3.51429,-0.230128
-2.19901,-1.17417,-1.4726,-2.40217,-3.2749,-0.262551,-0.176501,-0.064318,-0.233238,-0.189354,1.13148,0.599928,0.66098,1.00993,2.56807,1.84549,0.451435,1.18997,1.41961,2.56053,-0.867772,-1.07327,-0.147549,0.0338366,-0.26776,-0.832592,-1.51458,-3.47265,-0.255016
-2.23802,-1.20882,-1.56433,-2.44482,-3.24461,-0.199541,-0.00968628,0.192236,0.0650845,-0.0710769,1.15714,0.515202,0.62827,1.0094,2.41912,2.04075,0.473145,1.34996,1.4825,2.47117,-0.883382,-1.0577,-0.14833,0.0622772,-0.360766,-0.824537,-1.51836,-3.52171,-0.254406
-2.19518,-1.27726,-1.71688,-2.39503,-3.17054,-0.374225,-0.107818,0.0589977,-0.0337208,-0.0906461,1.29348,0.755179,0.795805,0.890815,2.31567,1.94698,0.714374,1.55473,1.34635,2.54183,-0.868006,-1.03201,-0.176839,-0.000187828,-0.323336,-0.765781,-1.48174,-3.44444,-0.243646
-2.53963,-1.36994,-1.55393,-2.57618,-3.24095,-0.137737,0.0133211,0.0178575,-0.0305394,0.063735,1.2249,0.393353,0.495264,0.902796,2.10761,2.16279,0.635919,1.43146,1.54651,2.52695,-0.895814,-1.07025,-0.202839,0.0145219,-0.344829,-0.833477,-1.52566,-3.52071,-0.22714
-2.26363,-1.12598,-1.47899,-2.51637,-2.99985,-0.212233,-0.0393723,0.00195403,-0.0636657,-0.0523868,1.18222,0.505075,0.592275,1.08395,2.17643,2.0948,0.556894,1.3327,1.67995,2.39323,-0.897918,-1.06601,-0.165032,0.00786066,-0.330807,-0.815846,-1.55289,-3.5983,-0.226585
-2.43542,-1.32407,-1.59044,-2.56049,-3.35489,-0.0986926,-0.0705591,0.0801315,-0.100168,-0.0948952,0.973449,0.399395,0.583611,0.858362,2.18732,2.21561,0.618393,1.35928,1.61812,2.62749,-0.865119,-1.0499,-0.204722,-0.0079046,-0.368828,-0.888803,-1.50485,-3.50537,-0.214716
-2.25865,-1.15975,-1.521,-2.40267,-3.05864,-0.191257,-0.0457147,0.070366,-0.160331,-0.138539,1.12911,0.479997,0.661606,1.10361,2.22576,1.97917,0.528664,1.38507,1.56157,2.64991,-0.79171,-1.05736,-0.21196,-0.0661778,-0.354044,-0.800122,-1.4905,-3.51325,-0.248969
-2.15857,-1.20334,-1.48413,-2.44056,-3.24533,-0.168829,-0.0335929,0.0553125,0.0471121,0.0878968,1.0645,0.482923,0.556449,0.771103,2.1722,1.77485,0.417361,1.2482,1.24313,2.44043,-0.894928,-1.04366,-0.186267,-0.00146185,-0.318084,-0.842644,-1.4679,-3.47558,-0.252214
-2.39017,-1.28658,-1.57107,-2.58596,-3.35204,-0.178906,-0.0226403,0.038515,-0.0107747,0.0708657,1.06355,0.326386,0.502176,0.967055,2.17805,1.96409,0.455187,1.37496,1.40767,2.45214,-0.869907,-1.04516,-0.152551,0.0224791,-0.331343,-0.77235,-1.55452,-3.518,-0.208523
-2.46335,-1.31251,-1.67246,-2.56109,-3.25501,-0.170495,-0.0464529,0.0327712,-0.0737633,-0.0308361,1.17519,0.441099,0.759017,1.00458,2.2302,2.0144,0.485316,1.42262,1.50063,2.35182,-0.816942,-1.0155,-0.138937,-0.030645,-0.35152,-0.792459,-1.55001,-3.51188,-0.213379
-2.31288,-1.14631,-1.47051,-2.53977,-3.04331,-0.0394502,0.0308045,0.0355083,0.168358,-0.0148501,1.17171,0.435426,0.640549,0.977792,2.2414,2.0154,0.490884,1.36527,1.50797,2.36774,-0.906762,-1.05355,-0.163266,-0.0477513,-0.290208,-0.786319,-1.47951,-3.51023,-0.230193
-2.51319,-1.35587,-1.58323,-2.5157,-3.2301,-0.160821,-0.0270843,0.0302333,0.0608839,-0.0651022,1.28509,0.614157,0.564384,0.913591,2.36644,2.20641,0.684404,1.46751,1.56165,2.63973,-0.879544,-1.04398,-0.192157,-0.00207147,-0.368174,-0.884987,-1.56266,-3.5282,-0.259474
-2.4192,-1.37012,-1.41111,-2.54624,-3.22801,-0.28437,-0.11562,-0.081393,-0.0221976,-0.0473369,1.29666,0.751749,0.48079,0.91943,2.3181,2.28243,0.834342,1.42898,1.6111,2.75718,-0.894127,-1.04868,-0.164942,0.0362637,-0.307149,-0.749297,-1.54247,-3.4674,-0.21175
-2.15084,-1.05851,-1.51412,-2.43893,-2.9914,-0.261792,-0.0730581,0.0709498,-0.0763998,-0.103126,0.862835,0.254902,0.426977,0.77345,2.0454,1.96528,0.396864,1.3249,1.55764,2.30317,-0.867419,-1.06764,-0.164246,-0.025282,-0.319532,-0.778198,-1.62395,-3.61554,-0.198394
-2.2756,-1.05133,-1.3141,-2.1746,-2.9459,-0.278334,-0.186108,-0.0323824,-0.125268,-0.100719,1.36874,0.694663,0.547541,0.835658,2.29771,1.97953,0.330628,1.16592,1.18486,2.22733,-0.897132,-1.01271,-0.226459,-0.059041,-0.301576,-0.795918,-1.50267,-3.54245,-0.26073
-2.42236,-1.26787,-1.61557,-2.7454,-2.95309,0.0117459,0.0499705,0.158279,0.287457,0.0928699,0.989341,0.411187,0.499167,0.894978,1.7788,2.15348,0.580627,1.39381,1.71025,2.09844,-0.88242,-1.01645,-0.131565,0.0625485,-0.292494,-0.742435,-1.54314,-3.49895,-0.250393
-2.66783,-1.6408,-1.6525,-2.84643,-3.51933,0.169565,0.187762,0.118908,0.188893,0.148112,1.38219,0.89385,0.702806,1.05365,2.51417,2.06216,0.724006,1.41532,1.71768,2.52971,-0.849615,-1.06409,-0.191346,-0.0342779,-0.333453,-0.767778,-1.51405,-3.48246,-0.22206
-2.6503,-1.38846,-1.66162,-2.68553,-3.11668,-0.141504,-0.0332353,0.0780983,0.0536462,-0.193622,1.55573,0.73882,0.747143,1.18972,2.34433,2.29255,0.664112,1.37497,1.63293,2.39623,-0.872015,-1.03431,-0.178596,0.00947116,-0.340119,-0.830269,-1.53092,-3.53287,-0.227287
-2.41316,-1.29814,-1.58502,-2.43939,-3.45733,-0.221362,-0.0956244,0.0739978,-0.157845,-0.078034,1.28801,0.670182,0.687684,0.808177,2.59773,2.10287,0.560766,1.41445,1.37349,2.67699,-0.805502,-1.03701,-0.194643,0.0317815,-0.351457,-0.841236,-1.47022,-3.45282,-0.196735
-2.56391,-1.59517,-1.61711,-2.65049,-3.55502,-0.298794,0.00195841,-0.0981328,-0.088704,0.104871,1.4641,0.82405,0.706051,1.05149,2.43129,2.43637,0.916435,1.50379,1.77224,2.78343,-0.876773,-1.09047,-0.122667,0.00866436,-0.349341,-0.810714,-1.53257,-3.47595,-0.218661
-2.36324,-1.2784,-1.47941,-2.31684,-3.02066,-0.121211,0.00885561,0.0227209,-0.0656377,-0.0833861,1.35078,0.67407,0.5416,0.91105,2.15541,2.02762,0.611746,1.33512,1.43782,2.43268,-0.861944,-1.0196,-0.221888,-0.0525161,-0.36388,-0.80304,-1.50054,-3.45898,-0.219085
-2.18834,-1.06901,-1.45585,-2.52419,-2.86256,-0.287246,-0.165167,0.0494932,-0.024486,-0.253283,1.20826,0.508753,0.516571,0.838779,2.14336,2.10144,0.571573,1.33849,1.65104,2.37107,-0.913361,-0.993393,-0.195732,0.00657138,-0.306978,-0.7368,-1.52704,-3.54141,-0.251228
-2.26488,-1.24966,-1.51776,-2.33522,-3.04793,0.0775127,0.214089,0.246895,0.126739,0.0560121,0.809557,0.231187,0.425375,0.483338,1.84723,1.95335,0.465865,1.29137,1.36435,2.57434,-0.866755,-1.03565,-0.191254,-0.0296705,-0.351857,-0.78402,-1.53452,-3.47231,-0.195468
-2.37864,-1.32648,-1.60652,-2.53511,-3.18557,-0.219178,-0.084819,0.0700723,-0.0645701,-0.135207,1.28374,0.676493,0.718573,0.989325,2.3314,1.97671,0.578102,1.34499,1.47445,2.5049,-0.889901,-1.08062,-0.163983,0.0261214,-0.341158,-0.848296,-1.55942,-3.54607,-0.245907
-2.28329,-1.19105,-1.59912,-2.66047,-2.98922,-0.162979,-0.0380246,0.170007,0.137795,-0.00944185,1.17604,0.46595,0.65011,0.95643,2.02415,2.14635,0.66874,1.42409,1.69112,2.50498,-0.944118,-1.10558,-0.227216,-0.0482208,-0.282411,-0.784111,-1.50757,-3.53508,-0.273441
-2.18632,-1.15421,-1.52858,-2.3644,-2.97148,-0.129904,-0.0361318,-0.0114815,-0.0581571,-0.184762,0.853944,0.409919,0.617731,0.715983,2.06152,2.12527,0.655815,1.49712,1.56097,2.51098,-0.801505,-0.986162,-0.12492,0.0228748,-0.28526,-0.769281,-1.52264,-3.43637,-0.192269
-2.4754,-1.33231,-1.73368,-2.61101,-3.3027,-0.111103,0.026956,0.0538089,0.00735388,-0.0342224,1.15388,0.481744,0.789707,0.966819,2.19065,2.14372,0.645899,1.53873,1.65933,2.69677,-0.860054,-1.06582,-0.131398,-0.00257995,-0.34272,-0.823908,-1.51861,-3.5185,-0.227656
-2.27046,-1.15039,-1.48132,-2.42685,-2.90153,-0.351593,-0.23433,0.0210086,-0.0153341,-0.312484,1.276,0.642872,0.579005,1.08525,2.45807,2.00973,0.510189,1.22432,1.39113,2.45969,-0.932954,-1.0939,-0.196556,-0.0172019,-0.337271,-0.821559,-1.54459,-3.57374,-0.265795
-2.52779,-1.38415,-1.68192,-2.75886,-3.19927,-0.0709436,-0.010019,0.11208,0.171468,0.0479018,1.15654,0.467211,0.602089,0.904732,2.008,2.22384,0.650589,1.42558,1.59805,2.55728,-0.890516,-1.09631,-0.181818,0.0667789,-0.321494,-0.824433,-1.53835,-3.44822,-0.20111
-2.12128,-1.1742,-1.58177,-2.5315,-3.03988,-0.181329,-0.0125649,0.0435783,0.0618423,-0.179569,0.980424,0.520742,0.599383,0.825371,2.26008,1.96958,0.580051,1.44181,1.56009,2.46428,-0.859482,-1.01891,-0.120516,0.0644223,-0.280549,-0.77706,-1.56032,-3.53154,-0.216746
-2.30197,-1.18987,-1.52249,-2.392,-3.06732,-0.0944362,0.020786,0.130967,-0.0165139,-0.0192549,1.29032,0.656132,0.635479,0.902638,2.41052,1.95491,0.440031,1.32245,1.36571,2.34,-0.849349,-1.04162,-0.211261,-0.0149684,-0.35324,-0.802385,-1.50817,-3.47629,-0.240545
-2.42917,-1.38198,-1.57843,-2.46768,-3.14361,-0.107957,0.050053,0.107044,0.0413095,-0.0527186,1.12199,0.477369,0.561251,0.804376,2.06954,2.26705,0.6258,1.38482,1.57346,2.38718,-0.802478,-1.01514,-0.197757,-0.0152271,-0.334563,-0.802088,-1.53794,-3.48842,-0.215136
-2.25134,-1.31833,-1.58983,-2.63819,-3.20923,-0.206429,-0.0240239,0.0499314,0.105413,-0.113665,1.00829,0.471571,0.639209,0.921783,2.19445,2.05662,0.751864,1.42467,1.61045,2.56908,-0.909132,-1.04736,-0.165498,0.0620664,-0.34316,-0.797928,-1.52737,-3.4976,-0.217359
-2.31518,-1.32524,-1.63714,-2.43067,-3.20539,-0.114624,0.0875559,0.160332,-0.0045589,-0.00470136,1.05665,0.494278,0.647964,0.659338,2.34822,1.97627,0.578267,1.45538,1.28868,2.48939,-0.849098,-1.0636,-0.170658,0.0492313,-0.361404,-0.852272,-1.55878,-3.52881,-0.245874
-2.30551,-1.09712,-1.46692,-2.16489,-3.00841,-0.15909,-0.147677,0.138797,-0.0774848,-0.0421545,1.09777,0.402879,0.398364,0.623015,2.1022,2.15644,0.564473,1.3654,1.41024,2.483,-0.837912,-1.03424,-0.197017,-0.0587386,-0.344642,-0.841844,-1.54129,-3.48416,-0.239607
-2.10924,-0.992496,-1.29846,-2.12578,-2.89974,-0.243847,-0.208409,0.0006347,0.0461023,-0.105477,1.02843,0.505276,0.409764,0.652897,2.11449,1.83867,0.349531,1.20589,1.2192,2.09237,-0.858194,-1.00437,-0.226213,-0.00124387,-0.284469,-0.778911,-1.46317,-3.40143,-0.213673
-2.35014,-1.09405,-1.51012,-2.61816,-3.01961,-0.336929,-0.255746,0.0260538,0.0848214,-0.0802398,1.1334,0.380328,0.427831,0.871706,1.96439,2.09211,0.410725,1.34153,1.52247,2.23655,-0.892099,-1.09471,-0.180884,-0.005748,-0.286151,-0.738149,-1.54817,-3.51026,-0.234638
-2.45606,-1.3448,-1.63829,-2.64257,-3.19545,-0.106845,0.0785789,0.167764,-0.0235218,0.246033,1.24787,0.610329,0.590039,1.13846,2.10215,2.19685,0.541619,1.4215,1.67982,2.27946,-0.933114,-1.05635,-0.182922,-0.0175228,-0.324754,-0.811542,-1.55657,-3.58491,-0.216752
-2.35821,-1.26972,-1.55602,-2.42013,-3.30855,-0.248842,-0.1396,0.0231631,-0.0499486,-0.104897,1.38243,0.725147,0.700706,1.01487,2.28476,1.94533,0.458825,1.35772,1.28309,2.58016,-0.835594,-1.06939,-0.213716,-0.06376,-0.360204,-0.838199,-1.54201,-3.51057,-0.184569
-2.34833,-1.39967,-1.6471,-2.62295,-3.13036,-0.0706495,-0.0182366,0.118845,0.158494,0.0423453,1.3072,0.906421,0.8151,1.03402,2.41275,2.07689,0.892809,1.52676,1.72456,2.54908,-0.916387,-1.06424,-0.228313,-0.0126443,-0.333995,-0.758747,-1.47325,-3.47006,-0.270212
-2.32688,-1.25283,-1.51203,-2.48221,-3.20212,-0.243425,-0.0401906,0.00558177,-0.138699,-0.0257211,1.15332,0.54972,0.542403,1.03504,2.25218,2.18479,0.659988,1.4349,1.72986,2.6964,-0.850321,-1.04247,-0.134914,0.0124322,-0.341681,-0.825053,-1.5104,-3.50477,-0.206205
-2.37163,-1.30564,-1.59002,-2.55926,-3.0639,-0.0604506,0.133549,0.0618449,0.0494554,0.274224,1.27747,0.511392,0.654244,0.784878,2.05982,2.09701,0.616077,1.39243,1.52695,2.30732,-0.819644,-1.05755,-0.185949,0.0124087,-0.310654,-0.797827,-1.46185,-3.45068,-0.239986
-2.24598,-1.0898,-1.51553,-2.60786,-2.99138,-0.246891,-0.0918737,0.111361,0.23214,-0.111388,1.11676,0.449229,0.479317,0.797445,2.11636,2.0268,0.474748,1.31407,1.541,2.33245,-0.807327,-1.01235,-0.112459,0.0384205,-0.305673,-0.73691,-1.4928,-3.44057,-0.224192
-2.48229,-1.29603,-1.58097,-2.46527,-3.25981,0.050048,0.055019,0.11464,0.0898941,-0.0757246,1.25126,0.615064,0.616189,0.810803,2.39534,2.18865,0.695307,1.48832,1.49092,2.67075,-0.878549,-1.00421,-0.184708,-0.0162488,-0.299075,-0.765271,-1.4836,-3.51492,-0.192494
-2.32305,-1.26671,-1.53245,-2.48829,-3.24814,-0.177328,-0.12943,0.0633998,-0.161056,-0.202287,1.32327,0.620049,0.548148,1.04618,2.27545,2.05114,0.647642,1.41138,1.49741,2.63291,-0.895182,-0.989501,-0.171011,0.0626929,-0.294047,-0.767555,-1.4985,-3.51987,-0.215633
-2.15563,-1.09299,-1.43391,-2.4073,-3.23739,-0.214421,-0.0669591,0.0150243,0.0903228,-0.0921186,0.990515,0.454559,0.41836,0.746165,2.39398,1.80866,0.402483,1.23178,1.38259,2.53029,-0.885724,-1.01134,-0.155291,0.0857904,-0.307564,-0.814504,-1.52993,-3.47679,-0.222168
-2.25909,-1.24245,-1.54785,-2.53318,-3.12393,-0.0537004,0.0168996,0.162772,0.145515,0.14648,1.05241,0.485931,0.494277,0.737495,2.12535,1.95619,0.56396,1.35396,1.55563,2.44444,-0.840177,-1.01224,-0.168285,0.0164469,-0.361523,-0.829436,-1.48376,-3.44682,-0.210895
-2.7088,-1.51743,-1.59619,-2.6886,-3.38604,-0.124065,-0.0550613,0.0810786,0.0569387,-0.188641,1.42512,0.806877,0.615053,1.06333,2.5767,2.48649,0.847739,1.49687,1.74723,2.79988,-0.899104,-1.07013,-0.232747,-0.0273982,-0.353044,-0.847913,-1.52784,-3.59159,-0.217561
-2.28797,-1.21019,-1.57956,-2.56215,-3.03618,-0.162372,-0.0404652,0.0187665,0.0713192,-0.0318689,1.0794,0.392115,0.590367,0.937939,2.06155,2.00371,0.574206,1.40733,1.47456,2.39635,-0.838796,-1.03078,-0.16288,0.043945,-0.304458,-0.758014,-1.52368,-3.43621,-0.204345
-2.33385,-1.1594,-1.47869,-2.27756,-3.08077,-0.135714,-0.0244721,0.0243937,-0.115154,-0.0873432,1.26373,0.588119,0.565424,0.820205,2.30612,2.16494,0.616377,1.43466,1.57018,2.50934,-0.913677,-1.02413,-0.217421,-0.0448199,-0.326402,-0.831839,-1.54457,-3.47796,-0.276071
-2.36086,-1.16697,-1.56578,-2.37907,-2.9889,-0.145265,-0.108425,0.0600947,-0.0252773,-0.173616,1.1425,0.460713,0.593606,0.728904,2.17622,1.98749,0.496174,1.40585,1.44148,2.28384,-0.870092,-1.04055,-0.166657,0.0405788,-0.350742,-0.774065,-1.48695,-3.41501,-0.214132
-2.25284,-1.27538,-1.59248,-2.72817,-3.10411,-0.164171,0.0148357,0.11343,0.0644159,-0.095615,1.09534,0.577877,0.565206,1.06178,2.22653,2.02373,0.618541,1.44314,1.81477,2.4699,-0.975559,-1.11718,-0.156068,0.0445203,-0.29945,-0.766986,-1.46875,-3.49094,-0.226735
-2.24255,-1.26956,-1.42759,-2.36418,-3.15835,-0.123905,-0.0332335,0.00875734,-0.0231483,-0.0634601,1.03052,0.520255,0.544895,0.756976,2.05505,1.80713,0.428168,1.16014,1.35866,2.37958,-0.897828,-1.05744,-0.18063,0.0307338,-0.328574,-0.838681,-1.48235,-3.51624,-0.224933
-2.23482,-1.23948,-1.46052,-2.34796,-3.23854,-0.151629,-0.113522,0.0919256,0.109805,-0.232644,0.966296,0.522415,0.540186,0.749695,2.28448,1.93792,0.568379,1.33197,1.30231,2.54967,-0.865963,-1.02518,-0.141548,0.0275309,-0.288345,-0.860012,-1.48402,-3.47374,-0.264272
-2.22032,-1.13578,-1.47537,-2.63628,-2.93056,-0.307463,-0.188731,-0.212626,-0.0925399,-0.446646,1.11092,0.470666,0.554409,1.02275,2.30967,1.94204,0.43576,1.41713,1.57885,2.3739,-0.85998,-1.05722,-0.180101,0.0382012,-0.274549,-0.726347,-1.44822,-3.47359,-0.236672
-1.95819,-0.937886,-1.33639,-2.13267,-3.00345,-0.510275,-0.211738,-0.1119,-0.278869,-0.173662,0.998042,0.386597,0.519656,0.689625,2.36594,1.81609,0.456026,1.26555,1.30121,2.36267,-0.912261,-1.03157,-0.176794,-0.0164345,-0.298499,-0.851584,-1.47194,-3.45832,-0.258348
-2.2577,-1.14274,-1.44444,-2.25301,-3.11355,-0.048296,0.0694959,0.120806,0.200263,0.120167,1.11696,0.512101,0.48423,0.791761,2.20865,1.97997,0.429444,1.40554,1.28717,2.48318,-0.952452,-1.06213,-0.176445,-0.0176139,-0.354362,-0.829937,-1.51419,-3.48269,-0.252006
-2.32784,-1.14762,-1.61948,-2.75014,-3.07579,-0.296968,-0.209961,0.106324,0.049178,-0.115178,1.20925,0.451351,0.605271,1.13365,2.20849,2.1932,0.541766,1.38822,1.77071,2.45187,-0.850795,-1.05685,-0.20131,0.0201407,-0.318157,-0.752734,-1.55644,-3.58955,-0.245052
-2.28627,-1.24505,-1.46192,-2.38175,-2.95655,-0.036473,0.0579962,-0.0145755,0.0176444,0.128297,1.01985,0.382716,0.481064,0.719305,1.78443,1.97497,0.533399,1.3993,1.59946,2.22258,-0.888297,-1.00035,-0.212583,-0.0457781,-0.303188,-0.756608,-1.45344,-3.4118,-0.253153
-2.33098,-1.12912,-1.50788,-2.48724,-2.9086,-0.109073,0.0653982,0.13246,0.206677,-0.0279092,1.17141,0.522075,0.482593,0.813678,2.13267,2.16272,0.389568,1.37634,1.40687,2.17088,-0.915,-1.09831,-0.127274,-0.0155085,-0.327435,-0.758757,-1.54204,-3.49676,-0.235192
-1.95351,-0.917794,-1.44844,-2.312,-2.79471,-0.235059,-0.223653,-0.00668503,-0.102337,-0.318812,0.780764,0.265599,0.522327,0.777913,1.89441,1.95228,0.503681,1.41398,1.5354,2.50513,-0.92472,-0.990616,-0.209925,0.0315623,-0.297106,-0.776842,-1.48675,-3.46503,-0.236523
-2.24721,-1.19465,-1.5082,-2.51267,-3.12748,-0.223416,-0.115931,-0.0446762,0.0299954,-0.249139,1.18867,0.47723,0.644439,0.973532,2.25178,1.99951,0.657691,1.41014,1.50847,2.58831,-0.883123,-1.07187,-0.138807,-0.0443919,-0.324718,-0.801136,-1.54976,-3.5702,-0.214868
-2.31428,-1.221,-1.50738,-2.45843,-2.97649,-0.0577532,0.111924,0.139537,0.215984,-0.0441617,1.14573,0.410362,0.411177,0.689645,2.15078,1.77076,0.397594,1.22897,1.20042,2.0778,-0.894889,-1.03012,-0.164762,-0.0206066,-0.302429,-0.772483,-1.51733,-3.50768,-0.224622
-2.31801,-1.21351,-1.53403,-2.43044,-3.05234,-0.141663,0.0618817,0.0331808,0.107337,-0.0807897,1.13759,0.462495,0.623119,0.896802,2.10456,2.08641,0.483949,1.5274,1.42676,2.34016,-0.883717,-1.05089,-0.224377,-0.00195743,-0.373612,-0.864024,-1.49118,-3.49839,-0.177101
-2.0589,-1.13163,-1.49819,-2.5112,-2.96543,-0.2227,-0.100882,0.135907,0.0198838,-0.070083,0.883691,0.350507,0.419659,0.823965,2.01542,1.65606,0.377729,1.23976,1.49448,2.19881,-0.883777,-1.1066,-0.112811,0.020734,-0.364874,-0.812417,-1.53785,-3.54459,-0.232019
-2.16336,-1.03432,-1.45128,-2.27618,-2.95189,-0.121785,-0.0864396,0.119359,0.046617,-0.0652415,1.21346,0.528648,0.593004,0.816725,2.26457,1.82377,0.415952,1.33511,1.26714,2.35964,-0.850382,-1.04732,-0.180118,-0.0144805,-0.35623,-0.839777,-1.54767,-3.51256,-0.217801
-2.25198,-1.12073,-1.52529,-2.24317,-3.23842,-0.172418,-0.0762817,0.0577416,-0.103203,0.0563182,1.03776,0.399811,0.517321,0.634316,2.18048,1.92812,0.399344,1.28906,1.2,2.51357,-0.869299,-1.03259,-0.21917,0.00250824,-0.320065,-0.808703,-1.51392,-3.45656,-0.221566
-2.18752,-1.16584,-1.45677,-2.62299,-3.08766,-0.0767134,0.0412783,0.0528958,0.28775,0.041178,0.946759,0.384498,0.506121,1.00279,2.16392,1.76432,0.377063,1.33335,1.39662,2.2954,-0.867433,-1.02603,-0.220038,0.00953735,-0.307994,-0.815121,-1.47389,-3.41429,-0.209213
-2.28236,-1.26471,-1.61863,-2.50545,-3.27689,-0.159204,-0.0619342,0.191516,-0.00241701,0.024481,1.27591,0.698847,0.697082,1.08798,2.32379,2.12564,0.799628,1.49781,1.61475,2.85219,-0.925352,-1.02474,-0.179431,0.0225183,-0.319565,-0.799561,-1.50084,-3.509,-0.246167
-2.40792,-1.17076,-1.58641,-2.22893,-3.24911,-0.0184278,-0.0187771,0.107323,-0.0115235,0.00448271,1.19543,0.555486,0.708971,0.723368,2.4014,2.09757,0.462822,1.41691,1.171,2.53458,-0.881139,-1.01629,-0.165746,0.00170647,-0.27361,-0.789393,-1.50956,-3.46758,-0.229286
-2.28341,-1.17599,-1.46788,-2.17625,-3.0657,-0.322725,-0.208833,-0.166206,-0.426783,-0.144987,0.939073,0.365187,0.42435,0.530867,2.00262,2.00747,0.533848,1.40767,1.38912,2.42226,-0.886493,-1.04494,-0.124389,0.0519711,-0.319885,-0.763257,-1.62305,-3.5802,-0.209979
-2.29252,-1.17409,-1.46508,-2.50775,-2.92727,-0.26668,-0.101482,-0.00574574,-0.0787123,-0.125986,1.11122,0.525904,0.477728,0.988165,2.04769,1.95721,0.440858,1.30102,1.56368,2.18211,-0.899236,-1.0091,-0.204646,-0.0577592,-0.349095,-0.848233,-1.55132,-3.56236,-0.232883
-2.23093,-1.13215,-1.51464,-2.45911,-2.94061,-0.290487,-0.199356,-0.053901,-0.0646817,-0.165516,1.18414,0.440327,0.564109,0.805743,2.00977,1.99637,0.620192,1.37274,1.49918,2.36122,-0.844842,-1.0242,-0.157971,0.0561076,-0.302466,-0.775571,-1.52816,-3.44573,-0.248777
-2.19922,-1.21124,-1.47197,-2.43654,-3.13593,-0.440368,-0.172279,-0.00791817,-0.10593,-0.293549,1.13724,0.580755,0.409812,0.898055,2.45743,2.25812,0.710413,1.34952,1.58332,2.7595,-0.804036,-1.0031,-0.169574,0.0116036,-0.302233,-0.822735,-1.52984,-3.45497,-0.219602
-2.48164,-1.38859,-1.63227,-2.80609,-3.29055,-0.329765,-0.150034,-0.0325216,-0.00500674,-0.253989,1.22197,0.615551,0.617681,1.12211,2.3216,2.41894,0.834963,1.53561,1.93339,2.72133,-0.891272,-1.05458,-0.146135,0.051465,-0.337189,-0.813758,-1.52894,-3.52172,-0.247212
-2.56262,-1.49401,-1.66719,-2.80473,-3.40141,0.0684867,0.157709,0.308807,0.352927,0.0791593,1.14573,0.51175,0.422074,0.778408,2.07497,2.10675,0.683181,1.36847,1.62866,2.67179,-0.883065,-1.09042,-0.173148,0.0833829,-0.295461,-0.783697,-1.49916,-3.47199,-0.227038
-2.41504,-1.25069,-1.42228,-2.51455,-3.0949,-0.259291,-0.157488,-0.112983,-0.0900503,-0.138013,1.02257,0.394427,0.464016,0.870518,2.05811,2.1017,0.569991,1.29093,1.45321,2.4213,-0.878994,-1.05224,-0.199995,0.0205073,-0.346202,-0.821081,-1.50648,-3.42604,-0.184738
-2.50431,-1.33303,-1.61291,-2.61087,-3.04133,-0.157613,-0.0816908,-0.00335916,-0.0402702,-0.217841,1.18156,0.563897,0.482083,0.826455,2.19178,2.2973,0.725661,1.47218,1.52764,2.49825,-0.912785,-1.06575,-0.14654,0.0395911,-0.318479,-0.778004,-1.58869,-3.5599,-0.233396
-2.54586,-1.50894,-1.68321,-2.72735,-3.26762,0.0852764,0.209417,0.166108,0.268524,0.0650389,1.14857,0.596933,0.561391,0.837618,2.24386,2.34096,0.841114,1.50505,1.74092,2.67239,-0.849076,-1.00683,-0.129464,0.065702,-0.332303,-0.754318,-1.52506,-3.45096,-0.216747
-2.42283,-1.22516,-1.68722,-2.64283,-3.03859,0.0571685,0.154492,0.291275,0.261999,0.0248879,1.32848,0.565912,0.669713,1.06212,2.17472,1.98558,0.445984,1.41387,1.57958,2.34165,-0.813297,-1.03075,-0.191387,0.0126682,-0.366045,-0.73856,-1.51087,-3.47515,-0.213608
-2.52935,-1.31513,-1.6082,-2.73972,-3.18219,-0.070895,-0.0847226,0.0594013,0.160537,-0.0213323,1.48856,0.801054,0.757202,1.21818,2.35792,2.18867,0.727004,1.47665,1.8062,2.58046,-0.845646,-1.04733,-0.137332,0.0211302,-0.280886,-0.788873,-1.5224,-3.48017,-0.207963
-2.21835,-1.20025,-1.44423,-2.23163,-3.16314,-0.0227688,0.106597,0.095257,0.101519,0.231949,0.819548,0.283111,0.398749,0.437156,1.78891,1.77343,0.486049,1.25042,1.16195,2.30847,-0.9054,-1.07844,-0.140347,0.0346055,-0.293031,-0.780453,-1.48932,-3.51345,-0.215295
-2.48924,-1.28258,-1.65265,-2.54575,-3.18611,-0.16779,-0.0350492,0.0970466,0.0166729,-0.185347,1.20687,0.451309,0.655319,0.892396,2.08143,2.15524,0.528082,1.36398,1.59053,2.46333,-0.867634,-1.0306,-0.135865,-0.00858083,-0.344907,-0.845933,-1.5375,-3.57484,-0.239306
-2.31695,-1.35231,-1.68506,-2.46475,-3.11661,-0.134918,-0.0606594,0.0704104,-0.0482627,-0.195721,1.18309,0.603559,0.746352,0.900811,2.18278,2.10036,0.809506,1.57538,1.68287,2.68439,-0.91399,-1.0418,-0.20789,0.00585282,-0.278641,-0.761532,-1.44996,-3.40737,-0.21494
-2.32772,-1.27312,-1.56929,-2.57955,-3.19735,-0.118336,-0.0385378,0.0418567,0.0229501,-0.17882,0.982797,0.42515,0.51353,0.652667,2.27131,1.92374,0.552371,1.31042,1.38127,2.51639,-0.845911,-1.06532,-0.156201,0.067268,-0.364396,-0.76933,-1.47843,-3.47845,-0.183743
-2.4556,-1.4755,-1.48757,-2.5552,-3.23845,-0.0699106,0.117159,0.0385196,0.10886,0.0451275,1.20474,0.745933,0.57021,0.877925,2.38613,2.17106,0.810277,1.35031,1.47276,2.55916,-0.839194,-1.01906,-0.207588,0.0410145,-0.347413,-0.830666,-1.49962,-3.46785,-0.231241
-2.18613,-1.251,-1.42826,-2.45724,-3.33395,-0.0710244,0.103702,0.0522232,0.0589777,0.0360911,0.877399,0.423992,0.449387,0.66131,2.29033,1.94745,0.558287,1.28972,1.44002,2.64989,-0.930931,-1.05341,-0.209005,-0.0219033,-0.274186,-0.815417,-1.44847,-3.49486,-0.289198
-2.16014,-1.12772,-1.56315,-2.47997,-2.79264,-0.381449,-0.105381,0.120135,-0.146679,-0.329901,1.05961,0.511852,0.687774,1.05485,2.11014,1.94205,0.540519,1.35708,1.54719,2.31069,-0.907568,-1.04414,-0.148943,0.0190211,-0.323806,-0.717743,-1.49489,-3.51225,-0.263679
-2.39116,-1.22001,-1.51704,-2.37236,-3.10401,-0.187203,-0.000175056,0.0902467,-0.0938611,-0.117682,1.11726,0.430118,0.548541,0.82426,2.28402,1.95385,0.370126,1.20686,1.21913,2.3286,-0.85366,-1.04845,-0.153953,0.0211173,-0.341384,-0.770117,-1.55025,-3.49437,-0.226331
-2.34821,-1.21647,-1.58099,-2.54559,-3.20914,-0.158528,-0.0509171,0.024183,0.0584524,-0.0521512,0.946461,0.379171,0.534378,0.728953,2.12677,2.20821,0.719548,1.56283,1.61243,2.66776,-0.898753,-1.06228,-0.219129,0.014892,-0.327849,-0.783478,-1.50931,-3.47132,-0.225723
-2.39537,-1.27747,-1.5746,-2.52986,-3.12859,-0.203705,-0.143413,0.10138,0.0858256,-0.179244,1.27599,0.597726,0.713241,1.03328,2.31295,2.14949,0.730848,1.39358,1.64282,2.5499,-0.87879,-1.0175,-0.205041,-0.00277353,-0.296566,-0.809575,-1.49266,-3.47256,-0.243111
-2.48528,-1.36743,-1.57316,-2.58085,-3.12329,-0.275486,-0.0926682,-0.0274643,-0.0169398,-0.126775,1.42469,0.669342,0.694069,0.873212,2.23646,2.32085,0.676462,1.43515,1.52222,2.39007,-0.847244,-1.03423,-0.15245,0.0104304,-0.370218,-0.787422,-1.52481,-3.5196,-0.217831
-2.36517,-1.38177,-1.61325,-2.54112,-3.17318,-0.126258,0.0574946,0.152929,0.0947851,-0.00916853,1.13449,0.620429,0.683762,0.913898,2.11195,2.03319,0.628988,1.33567,1.50179,2.47579,-0.886773,-1.06523,-0.188772,0.0173278,-0.31561,-0.825811,-1.53108,-3.47786,-0.23041
-2.39752,-1.41528,-1.66765,-2.69644,-3.23628,-0.0982946,-0.0164017,0.148919,0.065027,0.0443048,1.22874,0.733523,0.776751,1.18199,2.35476,2.00481,0.719213,1.45454,1.54308,2.485,-0.896426,-1.05219,-0.19767,0.00473596,-0.288623,-0.726488,-1.4634,-3.40057,-0.216958
-2.37321,-1.2449,-1.48957,-2.38375,-3.00072,-0.0532838,-0.00200348,-0.0596025,-0.0432474,-0.100323,1.08887,0.467874,0.631968,0.706196,2.17646,2.13668,0.582626,1.37975,1.55725,2.42219,-0.825938,-1.01116,-0.228181,-0.0114596,-0.294346,-0.80158,-1.52267,-3.39818,-0.248473
-2.42781,-1.39594,-1.64227,-2.75999,-3.30366,-0.0692677,0.139444,0.0981895,0.0413119,0.0712998,1.11324,0.506203,0.554719,0.802822,2.32535,1.99425,0.495056,1.40346,1.57286,2.6008,-0.869744,-1.07104,-0.176332,0.0620125,-0.325361,-0.772008,-1.55752,-3.58594,-0.192208
-2.45736,-1.40517,-1.69314,-2.68501,-3.22739,-0.16508,0.0632569,0.142483,-0.130922,-0.123104,1.1202,0.539775,0.57679,0.958063,2.17376,2.26867,0.762999,1.5237,1.74856,2.6479,-0.883195,-1.03856,-0.192173,0.0631738,-0.287812,-0.731073,-1.50046,-3.44951,-0.176884
-2.36533,-1.3039,-1.56777,-2.46911,-3.14383,-0.217036,-0.00789754,0.118801,0.0296495,-0.241939,1.16792,0.527438,0.590671,0.791975,2.25856,2.13692,0.570796,1.3985,1.54405,2.61047,-0.951255,-1.03396,-0.197685,0.0216169,-0.333236,-0.883544,-1.54385,-3.4853,-0.239337
-2.25939,-1.08169,-1.64545,-2.34697,-3.15385,-0.217231,-0.109275,0.0826062,0.0575387,-0.202148,1.06606,0.471879,0.716355,0.725202,2.52319,2.13795,0.523615,1.49588,1.3694,2.72764,-0.87595,-1.11701,-0.203659,-0.0135731,-0.335955,-0.821947,-1.53997,-3.54034,-0.236317
-2.4603,-1.4049,-1.62112,-2.57829,-3.40883,-0.236771,-0.0835984,0.00192906,-0.136245,0.0796577,1.25537,0.560617,0.636657,0.889991,2.35599,2.06455,0.635397,1.40765,1.55611,2.56861,-0.863925,-1.04598,-0.150862,0.0243448,-0.355996,-0.823224,-1.51205,-3.46461,-0.20438
-2.36277,-1.28987,-1.4879,-2.44111,-3.11813,-0.227381,-0.148411,-0.0381444,-0.20649,-0.120733,1.40373,0.718758,0.751626,1.12075,2.27003,2.2004,0.833354,1.51358,1.67499,2.56892,-0.844426,-0.998168,-0.180619,-0.0274851,-0.32143,-0.840148,-1.45031,-3.50111,-0.259155
-2.40624,-1.21098,-1.47252,-2.49461,-3.30918,-0.252147,-0.116425,0.0105189,-0.123397,0.0353555,1.42451,0.687919,0.549845,1.16989,2.44323,2.19059,0.556774,1.28349,1.66746,2.54259,-0.903625,-1.07944,-0.178027,0.0119362,-0.299896,-0.784128,-1.52476,-3.49218,-0.259133
-2.47782,-1.28533,-1.66796,-2.60577,-3.13291,0.0692649,0.0263524,0.112128,0.13343,-0.131921,1.14716,0.554775,0.700771,0.950436,2.23683,2.06529,0.621716,1.49476,1.6544,2.57629,-0.863654,-1.07084,-0.177624,-0.0197492,-0.326425,-0.741248,-1.49252,-3.48115,-0.238062
-2.20399,-1.11785,-1.47815,-2.36794,-2.95939,-0.222705,-0.0248114,0.0577397,0.0045136,-0.0079536,1.17618,0.592662,0.658384,0.656933,2.2222,2.06398,0.625159,1.42989,1.52841,2.40184,-0.911446,-1.08378,-0.203898,-0.0579389,-0.298476,-0.794628,-1.52624,-3.53997,-0.226333
-2.36199,-1.16708,-1.39521,-2.25328,-3.1434,-0.300984,-0.130812,0.0415115,-0.133834,-0.069511,1.27461,0.404408,0.486785,0.648897,2.2804,2.00675,0.450502,1.17489,1.32191,2.41209,-0.894085,-1.05807,-0.191029,-0.0715434,-0.354931,-0.856352,-1.5127,-3.56508,-0.229045
-2.15057,-1.16244,-1.38665,-2.29879,-3.149,-0.252016,-0.0201612,0.000822536,-0.205257,-0.151749,0.90068,0.294857,0.345889,0.739241,2.11628,1.87304,0.391317,1.20057,1.43036,2.57914,-0.857963,-1.05623,-0.189321,0.0200772,-0.288558,-0.853708,-1.50882,-3.52539,-0.217704
-2.51575,-1.33178,-1.64279,-2.73157,-3.00345,-0.145959,-0.120408,-0.0203712,0.0131275,-0.231849,1.07695,0.485773,0.550571,0.984426,2.06818,2.19882,0.666008,1.47329,1.65088,2.32012,-0.799434,-1.01188,-0.17995,0.0798997,-0.317335,-0.781285,-1.57164,-3.44871,-0.199813
-2.45032,-1.40762,-1.57461,-2.50762,-3.37841,0.00169453,0.0699604,0.0876809,0.087904,0.00486348,1.30104,0.72687,0.612858,0.864383,2.57118,2.03649,0.61855,1.4311,1.49995,2.59955,-0.902975,-1.06567,-0.200029,0.0100462,-0.354373,-0.838995,-1.51016,-3.5209,-0.194319
-2.45276,-1.43414,-1.68121,-2.54273,-3.36076,-0.340822,-0.111374,0.0924911,-0.018065,-0.340511,1.34711,0.636005,0.666439,0.909682,2.29739,2.17348,0.686319,1.38027,1.4304,2.79474,-0.926099,-1.1231,-0.17356,0.067773,-0.345446,-0.876008,-1.56911,-3.55081,-0.223703
-1.98582,-0.939608,-1.45085,-2.42958,-2.93172,-0.154232,-0.0346825,0.159251,0.209331,-0.0573962,0.932707,0.181419,0.478895,0.868832,1.96845,1.69183,0.312988,1.21832,1.29303,2.30303,-0.884441,-1.00126,-0.188791,0.00322786,-0.29621,-0.796108,-1.47935,-3.47021,-0.233144
-2.4054,-1.32885,-1.54004,-2.54217,-3.12663,-0.355545,-0.208983,-0.005632,-0.172503,-0.17278,1.42202,0.747675,0.662248,1.13257,2.18159,2.22946,0.791552,1.53699,1.64161,2.61163,-0.832318,-1.06581,-0.203661,-0.0247654,-0.283242,-0.813274,-1.49026,-3.46588,-0.201355
-2.40139,-1.31067,-1.52287,-2.78358,-3.33295,-0.303868,-0.223176,-0.00718115,0.0488086,-0.141787,1.41764,0.667288,0.535516,1.14037,2.46357,2.15727,0.676456,1.33864,1.75122,2.68266,-0.859972,-0.988064,-0.157817,0.0557263,-0.338609,-0.827063,-1.49864,-3.4804,-0.259513
-2.15384,-1.15376,-1.47907,-2.47097,-3.04468,-0.260217,-0.130825,0.0526225,-0.0128511,-0.0752343,1.17561,0.615844,0.637945,0.974994,2.34337,1.94781,0.504956,1.39371,1.53272,2.4172,-0.873098,-1.05212,-0.190239,-0.00412919,-0.368743,-0.864133,-1.48496,-3.45207,-0.206742
-2.13721,-1.07039,-1.37983,-2.2829,-3.06843,-0.167251,-0.047056,0.10356,0.0306978,0.140893,1.08922,0.48679,0.476608,0.641702,2.06004,1.90498,0.458664,1.18683,1.1707,2.26587,-0.85981,-0.960656,-0.135941,0.00761652,-0.276291,-0.767181,-1.48311,-3.45196,-0.242068
-2.2282,-1.1156,-1.53298,-2.33868,-3.04911,-0.206264,-0.0974439,-0.0238122,0.0168323,0.0387674,1.12124,0.384565,0.545184,0.570064,1.9613,1.80292,0.29208,1.30534,1.13217,2.20307,-0.923934,-1.08885,-0.18781,0.0149004,-0.355255,-0.769029,-1.50557,-3.52884,-0.2131
-2.39242,-1.28362,-1.60573,-2.58784,-3.23341,-0.0673872,0.105791,0.0659364,0.0178224,0.200643,1.24635,0.624405,0.689876,1.0349,2.36926,2.09763,0.607838,1.47643,1.5988,2.57734,-0.91987,-1.06503,-0.134679,0.0403409,-0.306115,-0.8371,-1.55905,-3.55912,-0.267989
-2.41951,-1.39763,-1.65268,-2.66885,-3.24459,-0.361009,-0.176485,-0.012039,-0.0756794,-0.190448,1.24751,0.692799,0.723611,0.98223,2.3681,2.26392,0.767471,1.50931,1.68539,2.50602,-0.901144,-1.03702,-0.189216,-0.0240075,-0.36332,-0.86539,-1.52178,-3.53378,-0.242404
-2.51164,-1.36347,-1.46185,-2.4348,-3.1204,-0.0142214,0.0683527,0.119579,-0.0447596,0.0528536,1.25155,0.567408,0.532875,0.882271,2.05556,2.18533,0.670233,1.32806,1.45942,2.3886,-0.877929,-1.03217,-0.182962,0.00950931,-0.345508,-0.858629,-1.46775,-3.44485,-0.277796
-1.9814,-0.951372,-1.4222,-2.15774,-2.85774,-0.22299,-0.0191315,0.0518906,-0.133004,-0.0557446,0.626551,0.100502,0.379691,0.406822,1.88978,1.71338,0.272194,1.29742,1.30265,2.22079,-0.884682,-1.05642,-0.223259,-0.0287656,-0.333947,-0.807954,-1.53762,-3.59621,-0.236653
-2.29882,-1.19616,-1.55936,-2.54066,-3.08537,-0.234967,0.0207633,0.0599956,0.0623922,0.14223,1.26859,0.556544,0.614359,0.865637,2.07791,2.05683,0.442008,1.29504,1.54645,2.25589,-0.824943,-1.03443,-0.145621,-0.0249987,-0.333296,-0.792508,-1.51876,-3.473,-0.223229
-2.52251,-1.20101,-1.52455,-2.46741,-3.03433,-0.0226393,-0.0134756,0.0317029,-0.0249368,0.0297903,1.24909,0.460383,0.51143,0.703921,2.06934,2.18183,0.597916,1.40344,1.45018,2.43083,-0.932243,-1.03062,-0.181659,0.0841479,-0.337924,-0.778934,-1.53128,-3.48578,-0.249255
-2.24339,-1.10613,-1.58595,-2.4706,-2.88785,-0.277773,-0.155943,0.00662096,-0.0325305,-0.373575,1.01979,0.364928,0.677638,0.925418,2.01168,2.04709,0.565666,1.53152,1.51677,2.47285,-0.881821,-1.03558,-0.183801,0.023614,-0.30906,-0.750424,-1.5024,-3.51439,-0.215887
-2.20156,-1.2129,-1.38571,-2.31626,-3.22822,-0.227188,-0.090932,0.00502051,0.0938874,-0.0665789,1.10551,0.529283,0.605886,0.610176,2.35047,2.13768,0.645551,1.45078,1.44225,2.70327,-0.828719,-1.03057,-0.209616,-0.0523759,-0.318042,-0.866654,-1.48206,-3.43036,-0.220756
-2.253,-1.23586,-1.56793,-2.49909,-3.37155,-0.269972,-0.121892,0.0386125,-0.0414534,-0.159055,1.05313,0.550534,0.59748,0.802116,2.46752,1.93778,0.515578,1.39419,1.46079,2.82022,-0.903265,-1.11228,-0.208863,0.002786,-0.323012,-0.836827,-1.54692,-3.51849,-0.204155
-2.40282,-1.2535,-1.56376,-2.56306,-3.13963,-0.334646,-0.105702,0.0172655,-0.0459163,-0.0337068,1.34644,0.595931,0.678609,1.03349,2.28203,2.20701,0.569912,1.43003,1.59185,2.39533,-0.861651,-1.06373,-0.148359,-0.0310596,-0.343661,-0.823342,-1.52259,-3.49644,-0.211134
-2.28286,-1.16731,-1.47372,-2.45874,-3.12999,-0.248504,-0.132012,-0.0792071,-0.100942,-0.0346516,1.08934,0.386567,0.530459,0.773384,2.21735,1.93353,0.434023,1.30094,1.39947,2.39417,-0.879614,-1.09384,-0.114344,0.00908572,-0.394841,-0.865987,-1.59123,-3.53996,-0.21851
-2.52054,-1.32003,-1.57435,-2.51323,-3.03605,-0.107738,-0.0148069,0.0688456,0.0386099,-0.168438,1.3435,0.536566,0.546842,0.607045,2.09887,2.04419,0.432017,1.26986,1.35734,2.19455,-0.932799,-1.08727,-0.15593,0.0832566,-0.335453,-0.830361,-1.51902,-3.52178,-0.217939
-2.43682,-1.26102,-1.45092,-2.53031,-3.11944,-0.0653153,-0.107393,0.113141,-0.00570014,-0.184502,1.28673,0.648974,0.568682,0.972075,2.33255,2.13955,0.706782,1.38252,1.71067,2.54538,-0.906081,-1.05254,-0.195305,-0.0396228,-0.294025,-0.810255,-1.47147,-3.40995,-0.221094
-2.18458,-1.05058,-1.36999,-2.43664,-2.92317,-0.313516,-0.15156,-0.0730776,-0.169677,-0.283369,1.34967,0.722692,0.677406,1.04849,2.53432,2.1722,0.612827,1.34959,1.77654,2.53805,-0.879331,-1.03139,-0.188493,-0.00570233,-0.316003,-0.767163,-1.48792,-3.50991,-0.250422
-2.42086,-1.28236,-1.52219,-2.45804,-3.16815,-0.218187,-0.126754,0.0473196,-0.0810214,-0.0694822,1.44986,0.623525,0.530285,0.961719,2.27827,2.10496,0.544674,1.35646,1.45304,2.35355,-0.88476,-1.04046,-0.208425,-0.00956995,-0.294344,-0.824732,-1.43283,-3.41895,-0.261827
-2.26324,-1.15687,-1.4824,-2.44593,-2.99375,-0.0579699,0.0868376,-0.0416359,0.0532162,0.0672924,1.115,0.535236,0.62255,0.860915,2.06334,1.9301,0.423469,1.36404,1.3343,2.25657,-0.920564,-1.05426,-0.207943,0.00696239,-0.32586,-0.732334,-1.52539,-3.5289,-0.223777
-2.52074,-1.45433,-1.70924,-2.60969,-3.21249,0.000575078,0.119127,0.159891,0.243705,0.136938,1.38273,0.839396,0.795519,1.0639,2.35719,2.02686,0.579709,1.36299,1.38611,2.3499,-0.889704,-1.02499,-0.179719,0.0111526,-0.347133,-0.824132,-1.52462,-3.44103,-0.242643
-2.48169,-1.26678,-1.68844,-2.60475,-3.16747,-0.04315,-0.120065,0.0148572,-0.13202,-0.173901,1.1298,0.384321,0.665341,0.819313,2.15175,2.09684,0.565848,1.41009,1.45804,2.62063,-0.941506,-1.06794,-0.184552,0.0919685,-0.390871,-0.795861,-1.56834,-3.54599,-0.163091
-2.59523,-1.34515,-1.63401,-2.73172,-3.17695,-0.0236908,0.0775522,0.107594,-0.0101856,0.0622107,1.45942,0.722159,0.657353,1.21424,2.38844,2.32687,0.646601,1.4173,1.86869,2.39615,-0.880248,-1.02437,-0.130188,0.0401467,-0.320159,-0.813511,-1.58477,-3.50498,-0.240009
-2.35207,-1.29008,-1.58014,-2.49916,-3.14625,-0.19649,-0.00596703,0.0757752,0.0673609,-0.114524,1.07275,0.492707,0.476397,0.81795,2.19855,2.08088,0.675233,1.37937,1.54948,2.53325,-0.906672,-1.02902,-0.193333,0.0488475,-0.322951,-0.811422,-1.50529,-3.44504,-0.237829
-2.26937,-1.07109,-1.49207,-2.35673,-2.71308,-0.404653,-0.252041,-0.0863657,-0.309158,-0.236344,1.42218,0.616162,0.676444,0.982008,2.0612,1.98555,0.353908,1.38148,1.43641,1.96897,-0.852101,-1.00824,-0.211937,-0.0216654,-0.333184,-0.80061,-1.48126,-3.48775,-0.220937
-2.16683,-1.24424,-1.38743,-2.35281,-3.0624,-0.279928,0.022192,-0.0285463,-0.106436,-0.0407,1.02127,0.531793,0.458087,0.680801,2.08948,1.9015,0.467918,1.25113,1.43486,2.45379,-0.929031,-1.06582,-0.187375,-0.0337667,-0.379442,-0.893546,-1.51133,-3.49376,-0.232094
-2.35643,-1.24671,-1.54037,-2.32752,-3.10185,-0.231099,-0.17096,-0.0020474,-0.10983,-0.246897,1.26986,0.585366,0.664244,0.66625,2.31373,2.08936,0.661541,1.36356,1.49746,2.59277,-0.871572,-1.07824,-0.177763,0.054799,-0.356524,-0.803255,-1.52271,-3.44288,-0.259319
-2.61789,-1.58464,-1.73951,-2.75313,-3.17558,-0.119102,-0.00778763,-0.0107084,-0.0574775,-0.123586,1.36282,0.743798,0.775052,1.08022,2.2919,2.35059,0.876957,1.60194,1.82986,2.42659,-0.905057,-1.03132,-0.176128,0.0218741,-0.312343,-0.770354,-1.51409,-3.41119,-0.23068
-2.14321,-1.06272,-1.34049,-2.42483,-2.79607,-0.285477,-0.25811,-0.1211,0.0108885,-0.300225,1.05761,0.327823,0.458869,0.800334,1.83197,2.04209,0.528204,1.27287,1.44624,2.17801,-0.85142,-1.04751,-0.173416,-0.00257925,-0.343787,-0.80291,-1.5456,-3.48717,-0.195517
-2.46194,-1.3872,-1.58405,-2.60703,-3.39331,-0.311761,-0.0947699,0.0504089,-0.0178728,-0.0168249,1.26133,0.558232,0.655283,0.896497,2.25173,2.29608,0.676895,1.3549,1.61409,2.71694,-0.888424,-1.04282,-0.190964,-0.00351222,-0.291805,-0.791358,-1.44742,-3.4445,-0.196378
-2.32448,-1.23583,-1.49147,-2.39468,-3.34914,-0.410133,-0.151228,-0.0498956,-0.201656,-0.162014,1.30376,0.572149,0.516977,0.797097,2.43622,2.0566,0.577752,1.2965,1.37829,2.59717,-0.856123,-1.03942,-0.171807,0.0392548,-0.326078,-0.781019,-1.52422,-3.49918,-0.201304
-2.4142,-1.30165,-1.6039,-2.41242,-3.19588,-0.331329,-0.194277,-0.043843,-0.244132,-0.300546,1.36087,0.701741,0.724493,0.989846,2.3569,2.15404,0.62554,1.49837,1.52478,2.59928,-0.826474,-1.03179,-0.214611,-0.0119476,-0.374961,-0.81065,-1.50886,-3.46375,-0.206446
-2.49988,-1.43532,-1.6684,-2.64761,-3.37376,-0.22911,-0.0472707,0.0701231,-0.0730319,-0.0811081,1.47239,0.811004,0.676779,1.0674,2.51322,2.17074,0.621073,1.42304,1.57572,2.47098,-0.887268,-1.07201,-0.1469,0.043121,-0.33561,-0.797018,-1.49904,-3.50542,-0.222993
-2.47226,-1.35979,-1.65514,-2.80024,-3.31625,-0.179677,0.00986149,0.0832182,0.439376,0.0347953,1.28593,0.594736,0.685893,0.895554,2.24618,2.24525,0.776199,1.48806,1.62826,2.61453,-0.832936,-0.998083,-0.170768,-0.0574085,-0.32251,-0.769161,-1.54576,-3.57198,-0.257866
-2.3223,-1.31727,-1.54029,-2.64657,-3.18337,-0.234301,-0.0247611,0.0944891,0.0949949,0.0209226,1.2801,0.606543,0.505509,1.03229,2.23226,2.00055,0.571488,1.29929,1.45557,2.448,-0.87572,-1.04642,-0.120545,0.0311396,-0.350275,-0.809358,-1.49549,-3.49867,-0.204941
-2.48201,-1.38261,-1.69834,-2.60805,-3.26639,-0.191209,-0.0760506,0.0899026,0.0321098,-0.00839294,1.11314,0.493897,0.599395,0.783595,2.26815,2.29894,0.765193,1.53353,1.63912,2.62617,-0.877816,-1.05597,-0.206698,0.0297853,-0.337935,-0.794395,-1.49595,-3.47452,-0.203624
