respondent_id,Age,Sex,Religion,MaritalStatus,LivingWithChildren,CovidExperience,assigned_block,ideology_id,ideology_name,sampling_seed,b_phmvac_basic_notavail,b_phmvac_rsc_avail,b_phmvac_rsc_notavail,b_phmvac_lockdown_avail,b_phmvac_lockdown_notavail,b_phmvac_basic_notavail_male,b_phmvac_rsc_avail_male,b_phmvac_rsc_notavail_male,b_phmvac_lockdown_avail_male,b_phmvac_lockdown_notavail_male,b_phmvac_basic_notavail_age3554,b_phmvac_rsc_avail_age3554,b_phmvac_rsc_notavail_age3554,b_phmvac_lockdown_avail_age3554,b_phmvac_lockdown_notavail_age3554,b_phmvac_basic_notavail_age55p,b_phmvac_rsc_avail_age55p,b_phmvac_rsc_notavail_age55p,b_phmvac_lockdown_avail_age55p,b_phmvac_lockdown_notavail_age55p,b_vacdisc,b_econ20,b_econ40,b_inc50,b_inc90,b_mor100,b_mor150,b_edu10
1,28,Female,Christian,Single,Yes,None,4,NA,,20260909002,-9.60195,-1.14355,-8.79923,-2.01437,-10.1892,-0.094205,-0.113494,-0.0223872,-0.054517,-0.19239,1.46801,0.840603,0.636818,0.890595,2.14038,2.14872,0.847206,1.31647,1.27554,2.29748,7.40343,-0.183489,-0.0787542,-0.263961,-0.662134,-1.40521,-3.13411,-0.18379
2,52,Female,Christian,Married,No,Had COVID,1,NA,,20260909002,-10.8566,-0.977526,-10.3182,-1.94698,-11.5381,-0.424092,-0.275508,-0.113098,-0.151724,-0.431677,1.28477,0.697402,0.593368,0.853416,1.93019,2.04993,0.791643,1.39252,1.31079,2.21311,9.00577,-0.181183,-0.0916994,-0.195132,-0.621305,-1.38683,-3.12593,-0.142332
3,39,Male,Christian,Married,Yes,None,2,3,Communitarianism,20260909002,-9.42508,-0.992711,-8.85756,-1.87517,-10.4231,-0.459615,-0.23996,-0.0281019,-0.145115,-0.239953,1.19254,0.560956,0.486244,0.799304,1.92906,1.94532,0.710052,1.36789,1.39454,2.42725,7.54193,-0.16277,-0.0965704,-0.2693,-0.651635,-1.4152,-3.12255,-0.167645
4,28,Male,Christian,Single,No,Had COVID,3,NA,,20260909002,-10.6682,-0.776272,-9.99849,-1.86661,-11.3691,-0.208456,-0.118909,0.00240084,0.13489399999999999,-0.241539,0.963092,0.368638,0.307862,0.512237,1.72547,1.71716,0.400271,1.09847,1.11617,1.98013,8.89494,-0.148998,-0.059082,-0.251244,-0.707555,-1.40965,-3.13934,-0.172953
5,41,Male,No religion,Single,Yes,None,2,NA,,20260909002,-10.1976,-0.809763,-9.66715,-1.88919,-10.9444,-0.298834,-0.134152,-0.0503774,0.0407236,-0.184735,0.964388,0.410696,0.388046,0.725965,1.5959700000000001,1.64707,0.443569,1.10957,1.23268,1.96028,8.54233,-0.183101,-0.105079,-0.251293,-0.627757,-1.36158,-3.07624,-0.215093
6,69,Female,No religion,Married,Yes,None,3,NA,,20260909002,-11.6944,-0.806786,-11.2429,-1.86863,-12.4037,-0.373241,-0.207241,-0.0979668,-0.00211022,-0.273951,1.00729,0.556517,0.642571,0.662919,1.8174,1.85547,0.585555,1.36976,1.31915,2.13891,10.0096,-0.183713,-0.134738,-0.254676,-0.630402,-1.39272,-3.10114,-0.183592
7,69,Female,No religion,Married,No,Had COVID,3,NA,,20260909002,-10.1076,-0.915352,-9.58473,-2.06644,-10.7857,-0.424584,-0.30959,0.0767804,0.00323062,-0.393224,1.2278,0.653598,0.692895,0.854533,2.09235,1.916,0.512768,1.4155,1.4891,2.22448,8.13602,-0.245689,-0.117545,-0.22909,-0.680555,-1.41883,-3.1259,-0.192192
8,19,Male,No religion,Single,No,None,4,NA,,20260909002,-9.42449,-0.684561,-8.89687,-1.88259,-10.084,-0.271022,-0.189778,-0.0635338,0.0649707,-0.364748,1.2054,0.55275,0.631184,0.828532,1.92548,1.64708,0.29248,1.23609,1.25082,1.84163,7.70347,-0.145504,-0.126283,-0.197232,-0.622589,-1.39129,-3.13386,-0.207142
9,24,Male,Christian,Single,No,Bereaved,4,NA,,20260909002,-9.52117,-0.801164,-8.92006,-1.82934,-10.1411,-0.202492,-0.182754,0.081867,0.0266032,-0.235777,1.11926,0.508741,0.634626,0.750803,1.68272,1.79598,0.445224,1.20468,1.2845,1.93463,7.65721,-0.188727,-0.134686,-0.314957,-0.643197,-1.39251,-3.13556,-0.178006
10,54,Female,No religion,Divorced,No,Had COVID,3,NA,,20260909002,-10.0909,-0.913951,-9.59418,-2.0295,-10.8781,-0.20079,-0.135737,0.0444121,0.0131425,-0.0499774,1.06412,0.653573,0.62177,0.982316,1.92942,1.78859,0.589518,1.38178,1.45171,2.11454,8.2868,-0.184734,-0.0759118,-0.252823,-0.630282,-1.37465,-3.1006,-0.193529
11,51,Female,Muslim,Married,No,None,1,NA,,20260909002,-10.24,-0.859807,-9.73026,-1.99735,-10.94,-0.352609,-0.224691,0.0178792,-0.0599495,-0.302853,1.10722,0.632499,0.616001,0.836944,1.96518,1.85517,0.53904,1.31893,1.33729,2.02477,8.42004,-0.175706,-0.0582183,-0.210405,-0.627989,-1.35875,-3.07696,-0.205436
12,73,Male,Christian,Single,No,None,4,4,Conspiracy Ideation,20260909002,-9.20607,-0.903635,-8.55195,-2.03952,-9.80587,-0.122757,-0.0510389,0.173966,0.100049,-0.00220636,1.45674,0.696247,0.648309,1.05266,1.91466,2.03184,0.619941,1.31087,1.42777,2.10513,7.19856,-0.185457,-0.109073,-0.238165,-0.654901,-1.34135,-3.07519,-0.195662
13,62,Male,Christian,Divorced,No,Bereaved,1,NA,,20260909002,-8.57684,-0.70814,-7.98853,-1.73284,-9.15786,-0.337763,-0.339169,-0.0636733,-0.0628613,-0.386575,1.15556,0.570614,0.603164,0.625535,1.7805,1.73341,0.46817,1.26171,1.11267,1.9723,6.7937,-0.151971,-0.115997,-0.300177,-0.704502,-1.39209,-3.13317,-0.199177
14,47,Male,No religion,Separated,No,Had COVID,2,NA,,20260909002,-10.5021,-0.979923,-9.76274,-1.98163,-10.9472,-0.263745,-0.214316,0.0222503,0.165276,-0.253106,1.19264,0.600388,0.500097,0.790774,1.72493,2.00371,0.582806,1.24768,1.1948,1.9233,8.46184,-0.155994,-0.123851,-0.262136,-0.683041,-1.39313,-3.11969,-0.169953
15,34,Male,Hindu,Single,No,Had COVID,3,NA,,20260909002,-9.86504,-0.76902,-9.24661,-1.86369,-10.5254,-0.44724,-0.197585,-0.0281106,-0.126789,-0.466498,1.01262,0.34287,0.436836,0.740598,1.73515,1.79786,0.460033,1.1527,1.37636,2.02128,8.13114,-0.185554,-0.116519,-0.277568,-0.655025,-1.3714,-3.0885,-0.190128
16,48,Female,Christian,Single,Yes,Had COVID,1,NA,,20260909002,-9.70898,-1.01241,-8.94023,-1.87944,-10.4779,-0.369711,-0.274941,-0.0954794,-0.251036,-0.477441,1.15383,0.715843,0.542769,0.827853,2.05897,1.86509,0.537154,1.27048,1.32138,2.1364899999999998,7.73741,-0.179879,-0.0998308,-0.282179,-0.74006,-1.39338,-3.18109,-0.141753
17,50,Female,Christian,Married,No,Bereaved,4,NA,,20260909002,-8.57694,-0.606452,-8.23527,-1.65202,-9.23035,-0.261566,-0.0774692,0.00851624,-0.0223759,-0.147439,0.843154,0.30336,0.653483,0.64627,1.48128,1.45411,0.180672,1.26145,1.10993,1.64824,7.00986,-0.168429,-0.115272,-0.254581,-0.671424,-1.40162,-3.05618,-0.188939
18,52,Female,Christian,Married,No,Had COVID,1,NA,,20260909002,-10.3434,-0.773539,-9.94027,-1.766,-11.0483,-0.400482,-0.145684,0.00482308,-0.202308,-0.445968,0.999555,0.481287,0.68903,0.708315,1.77967,1.78157,0.473325,1.29936,1.25904,2.02552,8.65881,-0.144164,-0.0642631,-0.220038,-0.668428,-1.42343,-3.11557,-0.210323
19,33,Male,Christian,Married,No,Had COVID,3,NA,,20260909002,-11.6925,-0.901512,-10.9668,-1.95303,-12.2614,-0.244913,-0.109018,-0.0423354,0.118712,-0.352267,1.1299,0.589998,0.572138,0.860339,1.96357,1.86687,0.547719,1.26536,1.34146,2.19234,9.75666,-0.231753,-0.200808,-0.275952,-0.698236,-1.38273,-3.13514,-0.216936
20,89,Female,Christian,Married,No,None,1,NA,,20260909002,-8.82707,-0.700279,-8.38329,-2.01066,-9.8308700000000009,-0.205048,-0.0499944,0.0730301,0.166519,0.0375167,1.01126,0.444951,0.513642,0.908079,2.05019,1.51461,0.272143,1.13529,1.22962,1.93346,7.19826,-0.124229,-0.118191,-0.235752,-0.663,-1.4285,-3.20724,-0.179746
21,38,Male,No religion,Married,No,Had COVID,3,NA,,20260909002,-11.3455,-0.920321,-10.7335,-1.86534,-11.943,-0.185781,-0.152629,0.0127775,-0.0782155,-0.338657,0.993929,0.474843,0.510662,0.67026,1.63589,1.81612,0.624782,1.24726,1.35433,2.04375,9.5093,-0.170657,-0.153675,-0.264056,-0.712512,-1.37963,-3.11441,-0.207967
22,46,Female,Christian,Single,Yes,Long COVID,4,NA,,20260909002,-9.42897,-0.893798,-8.74129,-1.86868,-10.0514,-0.15466,-0.0171353,0.0945623,0.148483,-0.113368,1.04728,0.615143,0.406965,0.648409,1.77128,1.88079,0.501483,1.23271,1.23239,1.9238,7.55001,-0.232017,-0.17749,-0.252618,-0.713079,-1.39074,-3.13254,-0.192326
23,38,Female,No religion,Widowed,Yes,None,1,NA,,20260909002,-8.85561,-1.05118,-8.11689,-1.8835,-9.57184,-0.250343,-0.0280271,-0.00938077,-0.0566106,-0.238565,1.0516,0.58152,0.441966,0.571777,1.8133,1.86898,0.554873,1.23043,1.33241,2.09549,6.85373,-0.138734,-0.15093,-0.282489,-0.691474,-1.39079,-3.14185,-0.19812
24,34,Female,No religion,Married,Yes,None,1,NA,,20260909002,-9.82989,-0.638332,-9.19828,-1.76727,-10.5195,-0.262368,-0.195221,0.0403012,-0.0786313,-0.351556,1.1413,0.493483,0.385452,0.793493,1.88896,1.83486,0.391801,1.05665,1.32261,2.03825,8.14837,-0.133169,-0.111204,-0.234584,-0.65948,-1.35119,-3.07077,-0.176966
25,75,Male,Christian,Single,No,Had COVID,4,NA,,20260909002,-9.81198,-0.877816,-9.13153,-1.87854,-10.6335,-0.138354,-0.02395,0.0723516,0.106367,0.0104491,0.970144,0.474473,0.49278,0.573673,1.85909,1.78342,0.448435,1.13212,1.11399,2.00603,7.93378,-0.204065,-0.104418,-0.23062,-0.71021,-1.39685,-3.14822,-0.191273
26,48,Male,Christian,Divorced,No,Bereaved,2,NA,,20260909002,-10.3677,-0.895083,-9.81023,-2.13394,-10.973,-0.0847784,-0.0536772,0.118777,0.158779,-0.0788506,0.994006,0.392327,0.662869,0.912278,1.77642,1.85147,0.574213,1.29598,1.34067,2.06341,8.40666,-0.1695,-0.112681,-0.279964,-0.712943,-1.41283,-3.1842800000000002,-0.199124
27,59,Female,No religion,Married,No,Bereaved,2,2,Libertarianism,20260909002,-11.9238,-0.750589,-11.3735,-1.83938,-12.7205,-0.403857,-0.265408,-0.082899,-0.191583,-0.143553,0.937245,0.393359,0.592859,0.63888,1.60923,1.67081,0.46409,1.24621,1.30284,2.0135,10.2012,-0.193323,-0.106647,-0.276804,-0.675152,-1.36999,-3.08511,-0.209034
28,31,Male,No religion,Single,Yes,Had COVID,2,NA,,20260909002,-9.24087,-0.674658,-8.72955,-1.91628,-9.77931,-0.30269,-0.199491,0.0972642,0.0716179,-0.313221,0.972465,0.343244,0.437831,0.712095,1.572,1.53195,0.262533,1.02634,1.13108,1.76161,7.49779,-0.160443,-0.112985,-0.230343,-0.613597,-1.37562,-3.10055,-0.209612
29,68,Male,No religion,Married,No,Had COVID,4,NA,,20260909002,-10.3986,-0.997506,-9.82328,-1.94218,-11.3463,-0.238547,-0.063192,-0.0245934,-0.0559885,-0.244454,0.892265,0.465272,0.564852,0.699284,2.1116,1.92043,0.65487,1.4053,1.55063,2.2498,8.55903,-0.121726,-0.0940369,-0.267788,-0.691737,-1.3746,-3.11866,-0.187747
30,42,Female,No religion,Married,Yes,None,2,NA,,20260909002,-10.8566,-0.977526,-10.3182,-1.94698,-11.5381,-0.424092,-0.275508,-0.113098,-0.151724,-0.431677,1.28477,0.697402,0.593368,0.853416,1.93019,2.04993,0.791643,1.39252,1.31079,2.21311,9.00577,-0.181183,-0.0916994,-0.195132,-0.621305,-1.38683,-3.12593,-0.142332
31,46,Female,Not answered,Married,No,Had COVID,1,NA,,20260909002,-10.4706,-0.716745,-10.0706,-1.78729,-11.1277,-0.238564,-0.116591,0.108388,-0.0333024,-0.252421,0.917305,0.416794,0.523892,0.850057,1.66405,1.6584700000000001,0.433444,1.24018,1.25181,1.9306,8.82262,-0.198852,-0.128288,-0.226149,-0.635962,-1.38715,-3.11772,-0.210403
32,23,Female,No religion,Single,No,Had COVID,2,NA,,20260909002,-10.5018,-1.01601,-9.91295,-1.9456,-11.2731,-0.194061,-0.0593055,0.0922335,0.0193315,-0.177382,1.32549,0.824108,0.713154,0.951866,2.33133,1.94863,0.668326,1.31863,1.45471,2.25687,8.5583,-0.15877,-0.100612,-0.264333,-0.716214,-1.4314,-3.19081,-0.251028
33,42,Male,No religion,Single,Yes,Had COVID,4,NA,,20260909002,-9.25188,-0.734389,-8.79261,-1.89308,-10.0542,-0.267779,-0.114344,-0.0582246,-0.127899,-0.248942,0.708672,0.25591,0.461566,0.726529,1.5757,1.61475,0.343022,1.23586,1.16863,2.12745,7.54047,-0.160814,-0.132099,-0.304682,-0.756958,-1.45473,-3.24911,-0.16956
34,48,Female,Hindu,Married,Yes,Bereaved,3,NA,,20260909002,-11.0205,-0.859257,-10.2675,-1.81605,-11.411,-0.372738,-0.279225,-0.0534724,-0.0595134,-0.279316,1.14847,0.619209,0.496969,0.761833,1.81348,1.94473,0.484964,1.12784,1.15019,1.71968,9.12798,-0.193858,-0.152388,-0.300576,-0.687935,-1.43041,-3.09817,-0.172556
35,36,Male,Christian,Single,No,Bereaved,4,1,Scientific Rationalism,20260909002,-9.23964,-0.625817,-8.62483,-1.7053,-9.91553,-0.411731,-0.292112,-0.0402007,-0.083603,-0.350987,0.789452,0.328395,0.394821,0.596061,1.73083,1.92314,0.382782,1.17461,1.21366,1.93752,7.51995,-0.196747,-0.174954,-0.286271,-0.709193,-1.40121,-3.17219,-0.208514
36,31,Female,Jewish,Single,Yes,Had COVID,1,4,Conspiracy Ideation,20260909002,-9.39906,-0.683082,-8.99962,-1.79986,-10.0477,-0.183566,-0.151122,0.0607963,-0.135369,-0.0314862,1.02077,0.489268,0.534335,0.878743,1.57474,1.47867,0.322545,1.25704,1.18865,1.77134,7.73322,-0.182941,-0.122299,-0.271309,-0.729898,-1.40263,-3.11625,-0.224352
37,40,Female,No religion,Married,Yes,Had COVID,4,NA,,20260909002,-9.15393,-0.81285,-8.49596,-1.86056,-9.82007,-0.261095,-0.18397,0.0257245,-0.0046285400000000004,-0.198597,1.09626,0.521985,0.521591,0.783767,1.84301,1.77711,0.397019,1.11274,1.25404,1.99401,7.26925,-0.173721,-0.162767,-0.306989,-0.677225,-1.42407,-3.20228,-0.163238
38,58,Female,Christian,Divorced,No,Had COVID,4,3,Communitarianism,20260909002,-8.96372,-0.850678,-8.31399,-1.80011,-9.59976,-0.399167,-0.286687,-0.0701793,-0.117651,-0.531399,1.12052,0.574459,0.519786,0.830585,1.83637,1.76847,0.500226,1.15034,1.15427,2.04462,7.14827,-0.152488,-0.107004,-0.226063,-0.658096,-1.36526,-3.07537,-0.156728
39,29,Male,Christian,Divorced,Yes,Had COVID,4,NA,,20260909002,-9.08911,-0.794569,-8.63044,-1.89329,-9.56824,-0.390735,-0.0614533,0.064786,-0.0703285,-0.203401,1.03693,0.456204,0.443579,0.729632,1.58605,1.64026,0.425328,1.04727,1.05805,1.57515,7.3393,-0.123942,-0.0576792,-0.261001,-0.600403,-1.43899,-3.18023,-0.18717
40,55,Female,Not answered,Married,No,None,1,NA,,20260909002,-10.5317,-1.16531,-9.72568,-1.91753,-11.3118,-0.031912,0.0119287,0.103983,-0.0393869,0.108096,1.30319,0.740157,0.620399,0.825311,2.07846,2.02337,0.79969,1.3125,1.34596,2.43393,8.39142,-0.184187,-0.128243,-0.285448,-0.714757,-1.42335,-3.1674,-0.240381
41,73,Female,Not answered,Single,No,None,3,NA,,20260909002,-10.7452,-0.882361,-10.2121,-1.95514,-11.3555,-0.101342,-0.0593296,0.202616,0.082024,-0.198885,0.914848,0.355391,0.446714,0.602876,1.63713,1.62219,0.299634,1.24918,1.26858,1.81208,8.85498,-0.162813,-0.0563261,-0.315142,-0.720362,-1.40271,-3.14249,-0.164392
42,73,Female,No religion,Widowed,No,Bereaved,2,NA,,20260909002,-10.1506,-1.02171,-9.44295,-2.18091,-10.8067,-0.255484,-0.107325,-0.045202,-0.0923279,-0.181899,1.06929,0.424613,0.495938,0.994485,1.74351,2.06794,0.661343,1.2899,1.55522,2.11743,8.14216,-0.122564,-0.0922249,-0.216831,-0.618093,-1.42842,-3.15747,-0.139854
43,29,Female,Christian,Single,No,None,1,NA,,20260909002,-10.0795,-0.855329,-9.41738,-1.86792,-10.6843,-0.313176,-0.141683,0.00611845,0.0345537,-0.279605,1.10298,0.493778,0.624117,0.812075,1.77767,1.71064,0.426879,1.15451,1.23159,1.8998,8.1706,-0.165791,-0.118237,-0.22779,-0.674062,-1.43155,-3.18745,-0.187856
44,74,Female,Christian,Married,No,Had COVID,4,NA,,20260909002,-9.45353,-0.663644,-8.84664,-1.80884,-9.92686,-0.557035,-0.410551,-0.0105251,-0.120811,-0.542232,1.29068,0.531682,0.450139,0.785558,1.76966,1.72149,0.353524,1.09181,1.09777,1.74304,7.70984,-0.238402,-0.198773,-0.253772,-0.702955,-1.38021,-3.13404,-0.21429
45,29,Female,Christian,Married,No,None,4,NA,,20260909002,-9.12125,-0.651214,-8.6582,-1.72524,-9.71021,-0.491748,-0.337976,-0.0133296,-0.361552,-0.41942,0.989497,0.441287,0.470929,0.74381,1.85085,1.67163,0.408757,1.2458,1.19762,1.83119,7.41832,-0.20298,-0.138386,-0.263097,-0.681582,-1.41417,-3.1869,-0.203972
46,18,Male,Christian,Single,No,None,4,1,Scientific Rationalism,20260909002,-9.09158,-0.986408,-8.33298,-1.74044,-9.74507,-0.188815,-0.0142089,-0.0346764,-0.083219,-0.0759794,1.0397,0.465133,0.41167,0.454988,1.74789,1.87514,0.523227,1.22612,1.15366,1.99204,7.0927,-0.19021,-0.134014,-0.306259,-0.73493,-1.40248,-3.1121,-0.204198
47,60,Female,Muslim,Single,No,Had COVID,2,NA,,20260909002,-9.02616,-0.741912,-8.44074,-1.86215,-9.54023,-0.274676,-0.23388,0.0652253,-0.0368775,-0.339521,1.13628,0.504457,0.568661,0.770603,1.79703,1.71864,0.433912,1.23663,1.28256,1.91504,7.16912,-0.187589,-0.144563,-0.299687,-0.661193,-1.38184,-3.11718,-0.207375
48,41,Female,Not answered,Single,Yes,None,1,NA,,20260909002,-9.29254,-0.854568,-8.76158,-1.77219,-10.0051,-0.151723,-0.0331717,0.00512442,-0.00639041,-0.081344,0.857655,0.378751,0.523549,0.575641,1.59945,1.67747,0.367005,1.2252,1.14344,1.97927,7.49196,-0.164283,-0.0998667,-0.289904,-0.687351,-1.42854,-3.17502,-0.149316
49,29,Female,Muslim,Single,Yes,Bereaved,3,NA,,20260909002,-9.10576,-0.824145,-8.66194,-1.7718,-10.1285,-0.393767,-0.28692,0.016900600000000002,-0.153864,-0.192244,0.881162,0.595644,0.528779,0.652174,1.91585,1.61665,0.544968,1.13447,1.20457,2.06711,7.48648,-0.163644,-0.141255,-0.241687,-0.669481,-1.34538,-3.13125,-0.186404
50,50,Female,Christian,Married,No,Had COVID,1,NA,,20260909002,-11.465,-0.945246,-10.823,-2.14297,-12.0938,-0.0904602,0.0013832,0.174311,0.153097,-0.0698425,1.2315,0.546939,0.550374,0.976947,1.91588,1.71644,0.392766,1.19349,1.48845,1.95483,9.5167,-0.18665,-0.12951,-0.271578,-0.656054,-1.3488,-3.08298,-0.200373
51,36,Male,No religion,Single,Yes,Long COVID,4,NA,,20260909002,-9.27679,-0.962717,-8.78002,-2.0883,-9.80964,-0.201541,0.0164505,0.116239,0.123082,-0.189455,0.94617,0.477934,0.480201,0.675409,1.62169,1.7244,0.470201,1.28053,1.33799,1.75709,7.40767,-0.163714,-0.105885,-0.267565,-0.632909,-1.43553,-3.1426,-0.177399
52,35,Male,No religion,Married,No,None,4,NA,,20260909002,-10.1018,-0.608331,-9.64827,-1.72344,-10.8172,-0.403706,-0.218233,-0.0733362,-0.161731,-0.252339,0.846846,0.316968,0.481147,0.667993,1.72683,1.60465,0.301235,1.14424,1.13768,1.7528,8.54503,-0.160165,-0.0648515,-0.267675,-0.695735,-1.41506,-3.14916,-0.206886
53,61,Female,Christian,Married,No,None,4,NA,,20260909002,-10.4365,-0.942511,-9.6924,-1.68922,-11.1047,-0.31092,-0.213479,0.0253842,-0.110177,-0.20604,1.23261,0.555369,0.430719,0.501011,1.769,1.9402,0.646898,1.20285,1.12103,2.04561,8.5344,-0.187392,-0.150535,-0.26124000000000003,-0.708353,-1.35116,-3.02886,-0.188389
54,41,Male,No religion,Married,Yes,Had COVID,3,NA,,20260909002,-10.4322,-0.965696,-9.7506,-1.81722,-11.155,-0.315528,-0.0850841,-0.0144333,-0.0550671,-0.214799,0.886504,0.402554,0.412301,0.55574,1.64183,1.80162,0.55772,1.224,1.28391,2.02619,8.57975,-0.219314,-0.145125,-0.243128,-0.671921,-1.39013,-3.08741,-0.168412
55,67,Male,No religion,Married,No,Had COVID,3,NA,,20260909002,-10.1997,-1.00383,-9.61227,-1.89618,-11.0361,-0.0943472,0.166572,0.138979,0.0921291,0.0811435,0.781211,0.332736,0.452615,0.623997,1.75667,1.77728,0.521755,1.27496,1.35691,2.18807,8.32964,-0.189318,-0.202302,-0.294939,-0.765106,-1.42228,-3.16748,-0.198075
56,35,Male,Not answered,Single,No,None,1,NA,,20260909002,-8.67194,-0.940294,-7.99327,-1.85473,-9.479,-0.116206,-0.0294988,0.0872868,0.104777,-0.0734028,0.991736,0.526568,0.459574,0.810532,1.94633,1.65023,0.458346,1.18432,1.1502,2.03254,6.78176,-0.184698,-0.158051,-0.254932,-0.652048,-1.35424,-3.05568,-0.202106
57,61,Female,No religion,Married,No,None,2,NA,,20260909002,-9.63119,-0.619828,-9.21449,-1.65506,-10.2507,-0.396457,-0.270211,-0.0242396,-0.149081,-0.342684,0.841946,0.370133,0.429488,0.581624,1.51472,1.71829,0.361823,1.2416,1.18832,1.83213,7.9801,-0.188174,-0.153111,-0.219146,-0.629711,-1.40714,-3.1009,-0.216089
58,20,Female,No religion,Single,No,None,4,NA,,20260909002,-9.13937,-0.807942,-8.58624,-1.82337,-9.90535,-0.213246,-0.0822182,0.0636638,0.0891597,-0.136985,1.19316,0.588066,0.581476,0.776902,1.76348,1.76088,0.539088,1.11999,1.18616,2.09003,7.37798,-0.153973,-0.113594,-0.232427,-0.637835,-1.42591,-3.14735,-0.214933
59,46,Male,No religion,Single,Yes,Had COVID,4,NA,,20260909002,-11.2884,-0.633612,-10.6729,-1.84335,-11.8049,-0.113757,-0.108557,0.0785302,0.145627,-0.210172,1.14284,0.382153,0.445333,0.642753,1.84515,1.77982,0.315121,1.1583,1.21813,1.81488,9.47279,-0.150318,-0.0532347,-0.261003,-0.66899,-1.4669,-3.22109,-0.219487
60,27,Female,Christian,Single,No,Had COVID,2,NA,,20260909002,-10.0502,-0.77139,-9.52918,-1.75555,-10.6182,-0.237167,-0.0901949,0.0213302,0.109425,-0.199609,0.972836,0.318154,0.394079,0.55081,1.46945,1.49057,0.324871,1.15342,1.01096,1.80891,8.30196,-0.214426,-0.0952535,-0.258004,-0.634449,-1.36252,-3.08042,-0.215342
61,52,Female,Christian,Married,No,None,2,NA,,20260909002,-9.75512,-0.926974,-9.20396,-1.82895,-10.5366,-0.197939,-0.047678,0.132237,-0.00730364,-0.113356,1.13879,0.524348,0.655599,0.570741,1.87333,1.98385,0.624279,1.374,1.36197,2.28765,7.83525,-0.190293,-0.108836,-0.258523,-0.668431,-1.39094,-3.12978,-0.171732
62,58,Female,No religion,Married,No,Bereaved,2,NA,,20260909002,-8.63346,-0.992403,-8.0279,-1.99883,-9.41769,-0.251411,0.00323485,0.12181,0.115215,-0.0321412,1.15095,0.669454,0.602033,0.927734,1.91714,1.88476,0.584664,1.27455,1.33351,2.09913,6.68782,-0.201349,-0.14405,-0.256217,-0.656573,-1.39169,-3.14359,-0.197989
63,53,Male,Christian,Married,No,None,3,NA,,20260909002,-10.5733,-0.788843,-9.97668,-1.95298,-11.0725,-0.229181,-0.0677029,0.0329546,0.0120555,-0.219877,1.04341,0.391514,0.448327,0.756632,1.53579,1.84164,0.375386,1.19392,1.38253,1.91787,8.69845,-0.21031,-0.126291,-0.240631,-0.597095,-1.42187,-3.13011,-0.226807
64,61,Male,Christian,Married,No,None,4,1,Scientific Rationalism,20260909002,-10.9361,-0.925839,-10.3357,-1.78488,-11.4612,-0.326248,-0.19936,0.0321082,-0.0618825,-0.336641,1.19748,0.621962,0.637114,0.65687,1.80175,1.93359,0.605567,1.28131,1.21346,2.06557,9.04476,-0.163669,-0.11411,-0.293607,-0.737073,-1.41665,-3.16066,-0.206698
65,26,Female,Christian,Single,No,Long COVID,3,NA,,20260909002,-8.13903,-0.869459,-7.64989,-1.98122,-8.83029,-0.103375,0.0126498,0.07962,0.204512,-0.15009,0.728202,0.377262,0.580282,0.678275,1.65245,1.56846,0.478835,1.25036,1.22835,2.09678,6.31495,-0.204608,-0.132132,-0.270915,-0.682026,-1.40076,-3.11896,-0.161197
66,28,Female,No religion,Separated,Yes,None,2,NA,,20260909002,-8.44922,-0.871068,-7.83087,-1.81286,-9.20036,-0.267997,-0.0808771,0.0155331,-0.0542396,-0.0286909,0.978911,0.431128,0.452239,0.662391,1.72908,1.73461,0.486085,1.10752,1.19403,2.09197,6.59889,-0.21152,-0.161735,-0.268336,-0.662907,-1.40144,-3.11383,-0.193213
67,18,Female,No religion,Single,No,Bereaved,2,NA,,20260909002,-8.83442,-0.788476,-8.22407,-1.67352,-9.57191,-0.148719,-0.0225087,0.143425,0.104367,-0.170368,1.00642,0.448113,0.432292,0.429009,1.82228,1.73485,0.380095,1.09243,1.01397,1.9958,7.05322,-0.156562,-0.122901,-0.292019,-0.676836,-1.37704,-3.13797,-0.170325
68,44,Female,Christian,Married,No,None,3,NA,,20260909002,-8.63346,-0.992403,-8.0279,-1.99883,-9.41769,-0.251411,0.00323485,0.12181,0.115215,-0.0321412,1.15095,0.669454,0.602033,0.927734,1.91714,1.88476,0.584664,1.27455,1.33351,2.09913,6.68782,-0.201349,-0.14405,-0.256217,-0.656573,-1.39169,-3.14359,-0.197989
69,72,Female,Muslim,Widowed,No,None,3,NA,,20260909002,-8.62344,-0.824967,-7.91908,-1.94615,-9.17539,-0.17713,-0.0771555,0.0226244,0.02955,-0.149538,1.0257,0.514307,0.44971,0.840628,1.81696,1.83075,0.500523,1.15664,1.31618,1.96495,6.72994,-0.174288,-0.139827,-0.259391,-0.665071,-1.4046400000000001,-3.12257,-0.19033
70,19,Male,Hindu,Single,No,None,4,2,Libertarianism,20260909002,-9.60234,-0.863602,-8.86093,-1.79706,-10.3118,-0.211858,-0.045213,-0.0108594,0.0413953,-0.108754,1.00402,0.462691,0.344572,0.639691,1.72356,1.9246,0.555211,1.19053,1.27074,2.0845,7.75036,-0.179023,-0.152936,-0.196504,-0.684155,-1.3881,-3.13959,-0.218877
71,18,Male,No religion,Single,No,None,4,NA,,20260909002,-11.3284,-0.779319,-10.8881,-1.87608,-12.0769,-0.273104,-0.0691837,0.0204715,-0.0657599,-0.146499,0.857071,0.427309,0.470953,0.698349,1.57309,1.62235,0.461799,1.28594,1.33453,1.86267,9.73275,-0.160785,-0.127704,-0.252356,-0.626942,-1.31691,-3.0475,-0.158179
72,33,Female,No religion,Married,Yes,Bereaved,4,5,Institutional Trust and Technocratic Governance,20260909002,-8.93299,-0.742195,-8.37828,-1.89745,-9.59496,-0.36448,-0.228637,-0.0175998,-0.0647912,-0.258914,1.0712,0.565992,0.543757,0.805116,1.81035,1.73266,0.469211,1.13078,1.25986,2.02971,7.17275,-0.207945,-0.0564127,-0.255182,-0.628807,-1.41174,-3.11636,-0.215131
73,59,Male,Muslim,Married,No,Bereaved,2,NA,,20260909002,-10.558,-0.876128,-9.97345,-1.91154,-11.1945,-0.108395,0.0275125,0.0963735,0.00816614,-0.0697142,1.04383,0.402504,0.447836,0.736947,1.64572,1.87453,0.414351,1.28159,1.20325,1.89427,8.64713,-0.175242,-0.107708,-0.23178,-0.626305,-1.40219,-3.16143,-0.185687
74,54,Female,Christian,Married,Yes,None,3,NA,,20260909002,-9.51865,-1.0055,-8.80796,-1.77621,-10.1737,-0.194131,-0.118742,-0.0553602,-0.102624,-0.0977568,1.04812,0.645587,0.518938,0.75241,1.96765,1.8848800000000001,0.655459,1.30248,1.15033,2.05587,7.54057,-0.18545,-0.143481,-0.278719,-0.679053,-1.406,-3.12923,-0.180922
75,46,Female,No religion,Single,No,Had COVID,4,NA,,20260909002,-9.42508,-0.992711,-8.85756,-1.87517,-10.4231,-0.459615,-0.23996,-0.0281019,-0.145115,-0.239953,1.19254,0.560956,0.486244,0.799304,1.92906,1.94532,0.710052,1.36789,1.39454,2.42725,7.54193,-0.16277,-0.0965704,-0.2693,-0.651635,-1.4152,-3.12255,-0.167645
76,67,Female,Christian,Widowed,No,Long COVID,4,3,Communitarianism,20260909002,-11.3906,-1.00659,-10.7092,-2.03221,-12.0109,-0.279541,-0.108936,0.057387,-0.0670669,-0.284432,1.28044,0.733648,0.618799,1.07441,2.11248,1.94892,0.681436,1.19168,1.28536,2.28811,9.3927,-0.139575,-0.0923669,-0.292809,-0.708549,-1.39669,-3.15031,-0.218195
77,90,Male,Muslim,Married,No,Had COVID,3,NA,,20260909002,-8.95183,-0.971063,-8.36426,-2.03815,-9.55982,-0.0191919,0.0478759,0.215451,0.308906,-0.156561,1.17878,0.632082,0.546849,0.794728,1.92534,1.61562,0.425163,1.13958,1.08127,1.81338,7.03367,-0.227368,-0.175102,-0.266038,-0.674967,-1.40516,-3.13129,-0.224496
78,21,Female,Christian,Single,No,None,4,NA,,20260909002,-11.65,-0.989256,-10.9167,-2.01875,-12.3646,-0.28381,-0.228683,0.0197472,0.00357301,-0.305961,1.15336,0.627108,0.576548,0.867663,1.89149,1.67997,0.553601,1.12359,1.29817,2.16842,9.74066,-0.192924,-0.118625,-0.308422,-0.723016,-1.41748,-3.18138,-0.191563
79,52,Male,No religion,Married,No,Had COVID,4,NA,,20260909002,-10.1032,-0.611689,-9.55611,-1.70865,-10.887,-0.145225,-0.0362885,-0.0316634,-0.181937,-0.151759,0.592181,0.101175,0.38682,0.689392,1.39463,1.25442,0.0384021,0.941146,0.858493,1.66332,8.54241,-0.164852,-0.134917,-0.249157,-0.642747,-1.32077,-3.03854,-0.18584
80,54,Female,Christian,Married,No,Had COVID,2,NA,,20260909002,-10.1902,-0.957386,-9.53127,-1.85122,-11.0183,-0.345467,-0.0907402,0.0279198,-0.0813619,-0.139454,1.1009,0.58546,0.496086,0.726284,2.01522,1.9037,0.569393,1.18545,1.30272,2.10253,8.32242,-0.183737,-0.161479,-0.246342,-0.621922,-1.41515,-3.11355,-0.183092
81,31,Male,Christian,Single,Yes,Had COVID,3,NA,,20260909002,-8.10608,-0.788628,-7.70917,-1.7682,-9.16577,-0.411155,-0.122018,-0.0195674,-0.0278298,-0.138642,0.882189,0.49095,0.565933,0.753976,1.91681,1.58292,0.474373,1.19889,1.16834,2.22128,6.49107,-0.148233,-0.112606,-0.276829,-0.670482,-1.42488,-3.18886,-0.183265
82,19,Male,No religion,Single,No,Had COVID,2,NA,,20260909002,-10.2864,-0.984363,-9.50283,-1.98343,-11.0133,-0.180434,-0.159047,-0.0631732,-0.127394,-0.120284,1.14247,0.599326,0.586794,0.939791,1.99194,1.88676,0.559408,1.25034,1.34215,2.36279,8.21028,-0.160973,-0.115412,-0.319613,-0.69909,-1.43544,-3.16786,-0.185573
83,53,Female,Christian,Single,No,Had COVID,1,NA,,20260909002,-10.3138,-1.06274,-9.66047,-2.14947,-10.8243,-0.123294,-0.175006,0.0579117,-0.051493,-0.234686,1.19845,0.750246,0.711819,1.02827,1.90102,1.81666,0.616896,1.36612,1.40609,1.91939,8.20868,-0.166252,-0.0624375,-0.236955,-0.639753,-1.39693,-3.11069,-0.169747
84,43,Male,Christian,Single,No,Long COVID,4,NA,,20260909002,-9.63961,-0.877109,-9.2078,-1.85952,-10.298400000000001,-0.396036,-0.166104,0.038643,-0.138111,-0.366218,1.11184,0.503152,0.62361,0.723917,1.77749,1.92348,0.567172,1.42169,1.17284,2.15286,7.77301,-0.157595,-0.0763865,-0.324769,-0.72261,-1.44261,-3.15679,-0.159255
85,61,Female,No religion,Married,No,Had COVID,3,NA,,20260909002,-11.1186,-1.0263,-10.4249,-1.94133,-11.8404,-0.374281,-0.165536,-0.153705,-0.243703,-0.26523,1.11332,0.721554,0.471171,0.879617,1.90036,1.90855,0.712229,1.21575,1.42559,2.19048,9.27091,-0.168021,-0.0695139,-0.280428,-0.651388,-1.39696,-3.11184,-0.185258
86,24,Male,Christian,Single,No,None,3,1,Scientific Rationalism,20260909002,-10.2851,-1.06653,-9.58671,-2.24375,-11.0346,-0.135677,-0.0316571,-0.060327,0.0470272,-0.0147359,1.22439,0.68511,0.564664,1.07104,1.92758,1.88629,0.617414,1.30582,1.49578,2.21831,8.28199,-0.111272,-0.0359474,-0.280005,-0.66873,-1.38511,-3.105,-0.154016
87,59,Female,Christian,Single,No,Had COVID,4,4,Conspiracy Ideation,20260909002,-10.4308,-0.988465,-9.85244,-1.8546,-11.0859,-0.118872,0.0376083,0.172201,-0.0036175,0.0155512,1.17577,0.502996,0.540702,0.658318,1.67383,1.78316,0.588894,1.25159,1.34632,2.06614,8.50121,-0.184732,-0.0811393,-0.246869,-0.660347,-1.36881,-3.09144,-0.194255
88,90,Female,Christian,Divorced,No,Bereaved,1,NA,,20260909002,-9.69242,-0.678185,-9.25365,-1.95997,-10.5391,-0.347112,-0.235886,0.104855,-0.0317968,-0.161999,1.14826,0.492181,0.63515,0.971657,1.81027,1.70155,0.339265,1.12881,1.20406,2.03768,7.98233,-0.183369,-0.100005,-0.228515,-0.63011,-1.39143,-3.15937,-0.188255
89,67,Female,Christian,Widowed,No,Had COVID,3,NA,,20260909002,-10.959,-0.736297,-10.4445,-1.83477,-11.5893,-0.486253,-0.314461,-0.097976,-0.177935,-0.321996,0.870532,0.328102,0.514808,0.565819,1.55144,1.79532,0.541474,1.28854,1.3779,1.94303,9.26342,-0.130871,-0.0462555,-0.231223,-0.630349,-1.43042,-3.13778,-0.165304
90,58,Female,Not answered,Divorced,No,Bereaved,3,NA,,20260909002,-8.86977,-0.887221,-8.16812,-2.02858,-9.45038,-0.259184,-0.168942,-0.0217997,-0.107163,-0.233889,1.2644,0.657801,0.589737,0.978545,1.83412,1.82508,0.523062,1.34064,1.50211,2.09718,6.86706,-0.187642,-0.113556,-0.254261,-0.670423,-1.39243,-3.08847,-0.207293
91,63,Male,Christian,Married,No,Had COVID,2,NA,,20260909002,-9.1254,-0.690704,-8.63245,-1.69166,-9.86188,-0.497635,-0.416808,-0.00517704,-0.185148,-0.355959,0.870192,0.398967,0.41978,0.632935,1.82236,1.61917,0.386562,1.17842,1.11924,1.82929,7.4357,-0.189943,-0.217187,-0.243761,-0.659643,-1.39452,-3.14307,-0.188555
92,54,Female,Christian,Widowed,No,None,4,NA,,20260909002,-9.48752,-0.792809,-8.83419,-1.89614,-10.2275,-0.288832,-0.151551,-0.0739079,-0.0219551,-0.23835,0.990367,0.491991,0.365063,0.852206,1.83082,1.99496,0.688858,1.24964,1.45545,2.24027,7.72703,-0.151387,-0.125326,-0.25227,-0.674336,-1.38064,-3.11308,-0.169878
93,35,Male,Christian,Married,Yes,Bereaved,2,NA,,20260909002,-10.6553,-1.01014,-10.079,-1.99006,-11.543,-0.553423,-0.240127,0.0564867,-0.0714451,-0.309488,1.07211,0.550453,0.448147,0.740891,1.98394,1.97088,0.648366,1.23544,1.30195,2.34739,8.78479,-0.162846,-0.0694019,-0.297659,-0.693238,-1.41285,-3.13668,-0.189108
94,40,Male,Not answered,Married,No,Had COVID,2,NA,,20260909002,-8.85561,-1.05118,-8.11689,-1.8835,-9.57184,-0.250343,-0.0280271,-0.00938077,-0.0566106,-0.238565,1.0516,0.58152,0.441966,0.571777,1.8133,1.86898,0.554873,1.23043,1.33241,2.09549,6.85373,-0.138734,-0.15093,-0.282489,-0.691474,-1.39079,-3.14185,-0.19812
95,23,Male,Christian,Single,Yes,None,1,NA,,20260909002,-10.7471,-0.823227,-10.3101,-1.95881,-11.3343,-0.389866,-0.333108,0.0794494,-0.0378961,-0.465487,1.0685500000000001,0.5996,0.561751,0.901763,1.82409,1.80098,0.478846,1.17039,1.34337,1.96956,8.97442,-0.165319,-0.108673,-0.240242,-0.583991,-1.41228,-3.0491,-0.203069
96,53,Female,Christian,Married,No,Had COVID,4,5,Institutional Trust and Technocratic Governance,20260909002,-9.11026,-0.686215,-8.36449,-1.71266,-9.6731,-0.147619,-0.130318,-0.00175591,-0.0252596,-0.0421544,0.994443,0.312821,0.345792,0.606806,1.44511,1.82439,0.346112,1.04037,1.07817,1.82894,7.26837,-0.18046,-0.179419,-0.237708,-0.64459,-1.36998,-3.10075,-0.142145
97,44,Male,Christian,Single,No,None,1,NA,,20260909002,-10.3138,-1.06274,-9.66047,-2.14947,-10.8243,-0.123294,-0.175006,0.0579117,-0.051493,-0.234686,1.19845,0.750246,0.711819,1.02827,1.90102,1.81666,0.616896,1.36612,1.40609,1.91939,8.20868,-0.166252,-0.0624375,-0.236955,-0.639753,-1.39693,-3.11069,-0.169747
98,60,Female,Christian,Divorced,No,None,1,3,Communitarianism,20260909002,-10.9533,-1.12208,-10.1971,-2.04215,-11.6215,-0.361373,-0.173907,-0.0128432,-0.195761,-0.219746,1.36265,0.710937,0.717207,0.878646,2.14593,2.10413,0.705694,1.40193,1.30301,2.23709,8.802,-0.160883,-0.0609556,-0.319541,-0.691445,-1.4081,-3.11251,-0.170692
99,29,Male,Christian,Single,No,Had COVID,2,NA,,20260909002,-9.37236,-0.957445,-8.80867,-1.93686,-10.007,-0.220462,-0.060124,0.072299,-0.0877281,-0.156686,0.907662,0.435109,0.594005,0.690208,1.70394,1.95331,0.658769,1.37785,1.37973,2.16236,7.45533,-0.182243,-0.138436,-0.279839,-0.654287,-1.38571,-3.08005,-0.169121
100,31,Male,No religion,Married,No,Had COVID,3,2,Libertarianism,20260909002,-9.07593,-0.80609,-8.52884,-1.9426,-9.52398,-0.178261,-0.133893,0.0916915,-0.0341124,-0.283007,0.938901,0.367033,0.598227,0.676045,1.52381,1.73861,0.332111,1.22674,1.35419,1.79005,7.17926,-0.121309,-0.11455,-0.229247,-0.624782,-1.45115,-3.15594,-0.144093
101,56,Female,No religion,Married,No,Had COVID,1,NA,,20260909002,-9.03141,-0.611534,-8.45113,-1.80112,-9.74676,-0.345472,-0.253657,0.019927,-0.029637,-0.354377,0.718836,0.205741,0.432574,0.784171,1.57048,1.74122,0.490086,1.18255,1.42951,2.07866,7.3508,-0.163607,-0.129827,-0.27172,-0.744647,-1.34158,-3.054,-0.200103
102,51,Female,No religion,Divorced,No,None,3,NA,,20260909002,-10.7899,-0.881058,-10.1365,-1.83085,-11.4968,-0.282468,-0.160181,0.0206645,-0.0236422,-0.350927,1.211,0.681019,0.543485,0.816156,2.11075,1.81323,0.514827,1.15518,1.18992,2.18568,8.93135,-0.162243,-0.117259,-0.204073,-0.639916,-1.43132,-3.14083,-0.21193
103,62,Male,Christian,Married,No,Had COVID,4,4,Conspiracy Ideation,20260909002,-10.2745,-0.892714,-9.67328,-1.91792,-11.0784,-0.215558,-0.148056,0.0350911,-0.019327,-0.121939,1.01567,0.525127,0.503867,0.886382,1.75301,1.77491,0.522567,1.263,1.33445,2.11677,8.40968,-0.185631,-0.0966019,-0.257757,-0.674725,-1.3934,-3.13,-0.195381
104,75,Male,Christian,Widowed,No,None,2,NA,,20260909002,-11.1397,-0.913386,-10.3045,-1.87767,-11.6745,-0.255225,-0.201259,-0.0706197,-0.162917,-0.217525,0.940458,0.586446,0.297908,0.705876,1.90729,1.93912,0.688355,1.13594,1.41919,2.08427,9.2176,-0.205452,-0.119768,-0.301833,-0.706227,-1.41137,-3.15951,-0.1816
105,57,Male,No religion,Married,No,Bereaved,2,NA,,20260909002,-9.7047,-0.869604,-9.16271,-1.75167,-10.4958,-0.173669,-0.0574612,0.107427,-0.20998,-0.156047,1.05447,0.588372,0.54095,0.687589,1.83923,1.63805,0.378701,1.13652,1.09231,2.11338,7.88276,-0.149526,-0.0940344,-0.205817,-0.659254,-1.39312,-3.14586,-0.179061
106,42,Female,No religion,Married,No,Had COVID,4,NA,,20260909002,-10.2028,-1.07628,-9.54789,-2.04818,-10.8383,-0.090314,0.125529,0.0534012,-0.00790512,-0.00823825,0.985057,0.499337,0.537079,0.704148,1.71654,1.99642,0.687897,1.31114,1.36041,2.04973,8.19993,-0.172841,-0.101141,-0.248469,-0.640843,-1.39909,-3.10412,-0.171472
107,85,Female,No religion,Widowed,No,None,1,NA,,20260909002,-8.49116,-0.680462,-7.98936,-1.6098,-9.27072,-0.219523,-0.136156,0.0220861,-0.0411266,-0.1513,0.993726,0.526593,0.480018,0.718337,1.71535,1.58024,0.356113,1.09381,1.08046,1.9392,6.87515,-0.184631,-0.15204,-0.238388,-0.699566,-1.38258,-3.17075,-0.204052
108,40,Female,No religion,Married,Yes,None,4,NA,,20260909002,-9.76173,-0.888601,-9.02783,-1.92013,-10.439,-0.198165,-0.239159,-0.0219032,-0.191818,-0.321251,1.10654,0.613677,0.600027,0.866342,2.07741,1.91009,0.465449,1.25342,1.30384,2.05331,7.74482,-0.136236,-0.107182,-0.278431,-0.675001,-1.40079,-3.19533,-0.193433
109,52,Male,No religion,Married,No,Had COVID,3,NA,,20260909002,-12.2924,-0.827643,-11.642,-1.94125,-12.9088,-0.107089,-0.0650907,0.0282498,0.0789226,-0.023316,0.892994,0.419755,0.608287,0.706971,1.67961,1.90335,0.594939,1.33278,1.38522,2.06842,10.3886,-0.196709,-0.145129,-0.231921,-0.632977,-1.37828,-3.13586,-0.18057
110,80,Female,Christian,Widowed,No,Bereaved,4,NA,,20260909002,-11.2461,-0.761813,-10.7032,-1.75974,-11.99,-0.327952,-0.204382,-0.0278361,-0.175972,-0.298531,0.930174,0.350677,0.437322,0.538675,1.83809,1.6923,0.406595,1.27394,1.28473,2.03909,9.50728,-0.186303,-0.135897,-0.245149,-0.649539,-1.41675,-3.14804,-0.195715
111,60,Female,No religion,Married,No,Had COVID,1,2,Libertarianism,20260909002,-10.6918,-0.737905,-10.3368,-1.74409,-11.5532,-0.22496,-0.0109488,0.0364886,-0.200606,-0.108685,0.880733,0.420697,0.500962,0.69337,1.76611,1.5067,0.402363,1.18256,1.21307,1.93331,9.12816,-0.163033,-0.0607995,-0.22811,-0.645724,-1.38695,-3.06768,-0.227852
112,65,Male,Christian,Married,No,Had COVID,4,NA,,20260909002,-9.8582,-0.713175,-9.1855,-1.76734,-10.8535,-0.29161,-0.160589,-0.105342,-0.181263,-0.0734857,0.886471,0.298573,0.357444,0.694334,1.60656,1.68394,0.295497,1.05055,1.28975,2.03101,8.17108,-0.158801,-0.122332,-0.21413,-0.680175,-1.3603,-3.07425,-0.223157
113,56,Female,Christian,Married,No,Had COVID,2,NA,,20260909002,-9.32751,-0.845057,-8.77533,-1.90704,-9.99251,-0.383937,-0.198279,0.0177288,-0.11836,-0.349685,0.969371,0.453165,0.605069,0.856662,1.7566,1.92991,0.599595,1.28258,1.35044,2.0344,7.51678,-0.136517,-0.110952,-0.22296,-0.662756,-1.36938,-3.096,-0.178563
114,68,Male,Christian,Married,No,Had COVID,1,1,Scientific Rationalism,20260909002,-8.40412,-0.781995,-7.74755,-1.80327,-8.77903,-0.357749,-0.166155,-0.119631,-0.0486832,-0.414504,1.10277,0.46352,0.579807,0.745843,1.65441,1.98422,0.537202,1.28724,1.20937,1.80321,6.53176,-0.187259,-0.0628234,-0.29928,-0.692416,-1.37742,-3.12779,-0.212675
115,55,Female,Christian,Divorced,No,None,2,NA,,20260909002,-8.43736,-0.711005,-7.93193,-1.71092,-9.0172,-0.16764,-0.10306,0.0751692,-0.0400499,-0.105401,1.05111,0.399203,0.52988,0.57064,1.63359,1.68955,0.366825,1.23389,1.1991,1.7257,6.65211,-0.136098,-0.0896537,-0.235941,-0.612569,-1.39646,-3.09735,-0.187856
116,25,Female,No religion,Single,No,Had COVID,3,NA,,20260909002,-8.97743,-0.690236,-8.49172,-1.6605,-9.79744,-0.440051,-0.288562,-0.0609276,-0.181205,-0.211362,1.06623,0.545107,0.640533,0.696744,2.01016,1.69765,0.399928,1.21272,1.15542,1.90317,7.30951,-0.151876,-0.104148,-0.260168,-0.711832,-1.39286,-3.15336,-0.16665
117,19,Male,Christian,Single,No,None,4,NA,,20260909002,-11.4694,-0.779342,-10.8022,-1.9505,-12.0373,-0.186885,-0.112155,-0.0301682,0.0599418,-0.129487,1.09797,0.498971,0.453962,0.893556,1.77253,1.6422,0.289736,1.15607,1.26828,1.77345,9.66318,-0.180188,-0.144252,-0.235625,-0.650741,-1.35438,-3.0923,-0.20666
118,63,Female,Muslim,Married,No,Had COVID,4,NA,,20260909002,-10.2578,-0.963354,-9.69903,-1.91024,-11.1131,-0.430325,-0.226264,0.00811448,-0.131235,-0.420492,1.06175,0.536756,0.531304,0.779706,2.12415,2.19061,0.725227,1.45138,1.39992,2.50779,8.33146,-0.176549,-0.149667,-0.266147,-0.695868,-1.41722,-3.19248,-0.199222
119,67,Female,No religion,Divorced,No,Had COVID,3,NA,,20260909002,-9.70524,-0.963175,-9.18056,-2.04063,-10.6681,-0.21762599999999999,-0.0921178,0.122663,0.0217228,-0.0121866,1.06817,0.589023,0.58905,0.892691,2.04391,1.79969,0.594807,1.32377,1.43225,2.29367,7.79406,-0.188332,-0.12616,-0.247337,-0.647697,-1.34752,-3.07016,-0.172301
120,44,Female,No religion,Divorced,Yes,None,3,NA,,20260909002,-10.4322,-0.839205,-9.92434,-1.98815,-11.0712,-0.16684,-0.0959738,0.0691308,-0.107274,-0.164793,1.0871,0.508521,0.66192,0.928383,1.86081,1.70518,0.394497,1.26982,1.3432,2.02627,8.5717,-0.159462,-0.0436314,-0.267399,-0.671664,-1.39433,-3.12228,-0.185719
121,54,Male,Christian,Married,Yes,None,3,NA,,20260909002,-9.48887,-0.99877,-8.85997,-2.01191,-10.3539,-0.21779,-0.0404633,0.0728719,0.0826876,-0.119676,1.15168,0.593741,0.631889,0.972045,1.93628,1.74978,0.491607,1.29473,1.44449,2.15239,7.55607,-0.175487,-0.128134,-0.255437,-0.65978,-1.37503,-3.08342,-0.197203
122,37,Male,Christian,Married,Yes,Had COVID,3,NA,,20260909002,-9.1482,-0.990388,-8.54327,-2.11206,-9.92076,-0.208649,-0.105194,0.0765337,0.120597,-0.200401,1.25241,0.670817,0.617345,1.05735,1.88558,1.89301,0.646575,1.25058,1.56043,2.01164,7.2439,-0.177977,-0.147853,-0.215928,-0.651929,-1.37095,-3.07621,-0.182312
123,57,Female,Christian,Married,No,Had COVID,3,NA,,20260909002,-10.3185,-1.02585,-9.58105,-2.11146,-10.8848,-0.145899,-0.0596566,0.0511615,0.073857,-0.20035,1.30016,0.646268,0.575157,0.98291,1.8853,1.98626,0.714073,1.31307,1.28786,2.1645,8.23971,-0.154124,-0.138433,-0.265558,-0.673436,-1.40157,-3.18431,-0.21803
124,50,Female,Sikh,Divorced,Yes,Had COVID,2,NA,,20260909002,-9.67999,-0.614323,-9.22921,-1.94121,-10.4173,-0.452888,-0.415152,-0.14264,-0.0733459,-0.485479,0.944772,0.34986,0.519177,0.837295,1.62262,1.82185,0.488419,1.27907,1.45062,2.05497,8.06668,-0.186862,-0.171264,-0.260947,-0.638918,-1.39235,-3.16575,-0.196223
125,79,Female,No religion,Widowed,No,None,3,NA,,20260909002,-9.14168,-0.75657,-8.46207,-1.65821,-9.75821,-0.363877,-0.19871,-0.112523,-0.207172,-0.239089,0.865641,0.264979,0.390898,0.428709,1.47536,1.74372,0.46958,1.12132,1.02135,1.84903,7.35722,-0.196579,-0.153581,-0.2306,-0.672214,-1.39281,-3.13564,-0.217844
126,49,Female,Christian,Married,Yes,Had COVID,4,NA,,20260909002,-10.5213,-0.793782,-9.94746,-1.8421,-11.2924,-0.348383,-0.142134,-0.0402941,-0.115961,-0.19646,1.1188,0.59702,0.481442,0.794199,1.86921,1.95354,0.591042,1.30858,1.50367,2.18834,8.79142,-0.14077,-0.106058,-0.247468,-0.650406,-1.39792,-3.22654,-0.187804
127,41,Male,No religion,Single,Yes,Had COVID,3,2,Libertarianism,20260909002,-7.45603,-0.885252,-7.00514,-1.7675,-8.20563,-0.432028,-0.196774,0.00231224,-0.132662,-0.166214,0.999298,0.553059,0.539406,0.712118,1.65221,1.74701,0.522664,1.21816,1.18229,1.94642,5.73629,-0.167018,-0.082928,-0.230778,-0.618519,-1.35744,-3.05389,-0.196132
128,60,Male,Christian,Divorced,No,Bereaved,1,NA,,20260909002,-11.7244,-1.00399,-11.1944,-2.17878,-12.4524,-0.246306,-0.136442,0.0521658,0.0249399,-0.271219,1.00873,0.591925,0.630745,0.990819,1.90574,1.91832,0.666765,1.31402,1.5398,2.11053,9.87025,-0.150048,-0.14075,-0.23666,-0.627014,-1.35571,-3.06425,-0.186997
129,90,Male,Christian,Married,No,None,1,NA,,20260909002,-8.51626,-0.675598,-8.01632,-1.66493,-9.25313,-0.322665,-0.104085,0.0494974,-0.0342551,-0.297007,0.841378,0.359061,0.431458,0.455502,1.70349,1.74688,0.317085,1.11316,1.09244,1.95976,6.86036,-0.16222,-0.0735449,-0.27076,-0.750474,-1.42663,-3.15611,-0.191368
130,68,Female,No religion,Divorced,No,Bereaved,4,NA,,20260909002,-11.1541,-0.921777,-10.6332,-1.96236,-11.8382,-0.142094,-0.0841288,0.075078,0.0403243,-0.165488,0.991856,0.504906,0.559726,0.75958,1.68711,1.92563,0.720467,1.36191,1.44901,2.20656,9.34531,-0.154929,-0.106164,-0.225511,-0.638672,-1.39332,-3.1025,-0.216015
131,45,Male,No religion,Married,Yes,Had COVID,3,NA,,20260909002,-10.5345,-0.743354,-9.71201,-1.69031,-11.0724,-0.461296,-0.294727,-0.15702,-0.33766,-0.231064,1.10276,0.347327,0.468143,0.766374,1.51907,1.80585,0.294266,1.09071,1.08906,1.70434,8.64976,-0.190795,-0.155516,-0.266792,-0.721908,-1.36134,-3.10389,-0.20907800000000001
132,36,Male,Christian,Married,No,None,3,NA,,20260909002,-10.3228,-0.843569,-9.809,-1.73193,-11.1099,-0.28857,-0.233061,0.00289809,-0.295464,-0.223868,1.04488,0.566722,0.617843,0.64724,1.95682,1.89472,0.488942,1.28597,1.20873,2.04766,8.49477,-0.164721,-0.0413601,-0.267058,-0.708523,-1.39462,-3.10894,-0.181435
133,65,Male,Not answered,Married,No,None,2,NA,,20260909002,-11.6445,-0.866161,-11.0038,-1.84693,-12.4163,-0.409615,-0.194251,-0.0724183,-0.11456,-0.336824,1.06127,0.50932,0.463908,0.689835,1.74661,1.89713,0.593625,1.21454,1.23965,2.25148,9.87585,-0.192922,-0.134027,-0.238616,-0.65429,-1.3906,-3.11505,-0.208845
134,20,Male,Not answered,Single,No,None,2,NA,,20260909002,-10.0387,-0.9207,-9.31668,-1.61109,-10.8469,-0.236504,0.00815279,0.00514774,-0.0612585,-0.0635272,1.23683,0.55173,0.527146,0.55176,1.78005,1.87428,0.516016,1.26781,1.1584700000000001,2.10228,8.16052,-0.216556,-0.20483,-0.23978,-0.720855,-1.3422,-3.11779,-0.224889
135,33,Female,Muslim,Separated,Yes,Bereaved,1,NA,,20260909002,-11.7913,-1.07726,-11.1134,-2.1812,-12.5665,-0.290104,-0.096887,0.0523798,0.0644718,-0.12877,1.08253,0.640114,0.501146,0.936419,1.88368,1.94324,0.648488,1.23488,1.45737,2.25323,9.8122,-0.220114,-0.133102,-0.252987,-0.658567,-1.46589,-3.11208,-0.175903
136,65,Male,Muslim,Widowed,No,Had COVID,3,5,Institutional Trust and Technocratic Governance,20260909002,-10.1281,-0.786611,-9.61446,-1.84299,-10.8413,-0.444861,-0.173164,-0.0686658,-0.0699873,-0.248929,1.06178,0.508398,0.490829,0.572105,1.758,1.70654,0.368446,1.15718,1.09951,1.71445,8.43056,-0.153986,-0.0883817,-0.22341,-0.624684,-1.35853,-3.10457,-0.203437
137,81,Female,Christian,Widowed,No,Long COVID,1,NA,,20260909002,-9.42996,-1.06683,-8.65028,-2.10384,-9.92932,0.0203316,0.0894672,0.125665,0.113448,-0.00589285,1.2387,0.542646,0.63959,1.00048,1.66766,2.00791,0.708035,1.41645,1.54174,2.1251,7.27592,-0.156973,-0.117978,-0.261476,-0.654031,-1.42746,-3.17102,-0.175566
138,61,Female,Muslim,Married,No,Had COVID,2,NA,,20260909002,-10.4919,-0.732677,-10.0117,-1.73093,-11.2234,-0.318737,-0.120648,0.046397,0.0848864,-0.395762,0.828752,0.26576,0.481868,0.567252,1.61046,1.62811,0.392669,1.15894,1.22693,1.92281,8.89638,-0.168216,-0.14915,-0.237232,-0.661981,-1.34467,-3.0864,-0.168141
139,42,Female,No religion,Married,Yes,Had COVID,3,NA,,20260909002,-9.95326,-0.757286,-9.50619,-1.82804,-10.7314,-0.297732,-0.184642,0.061833,0.01545,-0.200941,0.905956,0.376105,0.461218,0.507905,1.69329,1.68666,0.411085,1.11302,1.13367,1.89827,8.29332,-0.154981,-0.0964833,-0.226862,-0.624192,-1.38468,-3.09035,-0.163828
140,48,Male,Christian,Married,No,Had COVID,3,NA,,20260909002,-10.0795,-0.855329,-9.41738,-1.86792,-10.6843,-0.313176,-0.141683,0.00611845,0.0345537,-0.279605,1.10298,0.493778,0.624117,0.812075,1.77767,1.71064,0.426879,1.15451,1.23159,1.8998,8.1706,-0.165791,-0.118237,-0.22779,-0.674062,-1.43155,-3.18745,-0.187856
141,69,Male,Christian,Married,No,Had COVID,2,NA,,20260909002,-10.4078,-0.951,-9.84785,-2.05769,-11.0667,-0.106346,0.0910742,0.139298,0.225193,0.00489553,1.18728,0.627066,0.621452,0.947509,2.00667,1.77612,0.509707,1.2337,1.37058,2.01646,8.54758,-0.134761,-0.116435,-0.282251,-0.708147,-1.3755,-3.13588,-0.180414
142,71,Female,No religion,Married,No,None,3,NA,,20260909002,-11.2306,-0.906548,-10.5522,-1.82682,-11.8785,-0.183763,-0.0655657,0.0732889,-0.0615472,-0.173383,1.13766,0.480189,0.508901,0.783397,1.9193,1.85996,0.430465,1.23523,1.20082,2.08189,9.28649,-0.20175,-0.159598,-0.269342,-0.689487,-1.38134,-3.1002,-0.198429
143,26,Male,Christian,Married,No,Had COVID,3,NA,,20260909002,-10.188,-0.844172,-9.67168,-2.0317,-10.8167,-0.312057,-0.242099,-0.00809139,-0.0129588,-0.295196,0.931992,0.425958,0.501239,0.812207,1.7721,1.707,0.462244,1.25816,1.36638,1.8108,8.39087,-0.167442,-0.134387,-0.274759,-0.682159,-1.42539,-3.17153,-0.145494
144,27,Male,No religion,Single,No,Had COVID,4,5,Institutional Trust and Technocratic Governance,20260909002,-8.93836,-0.958243,-8.24801,-1.92529,-9.50268,-0.298603,-0.215582,0.00336205,-0.0721026,-0.309957,1.14732,0.615575,0.552044,0.917637,1.9074,2.03138,0.69011,1.26968,1.35158,1.98858,6.93763,-0.173842,-0.182508,-0.263294,-0.701975,-1.3927,-3.10674,-0.211508
145,60,Female,Christian,Married,No,Had COVID,3,NA,,20260909002,-9.81424,-1.08272,-9.04097,-2.01583,-10.6395,-0.150212,-0.0978619,-0.00448794,-0.0074393,-0.0517307,1.14061,0.645069,0.616713,0.940198,2.01997,1.80603,0.564162,1.23108,1.28741,2.21544,7.73989,-0.195945,-0.132563,-0.202824,-0.624502,-1.36309,-3.11177,-0.171079
146,27,Male,No religion,Single,No,Had COVID,3,NA,,20260909002,-10.2397,-0.927304,-9.63359,-1.99056,-10.9559,0.0214944,0.155551,0.192035,0.111434,0.127333,1.01032,0.482552,0.477352,0.832414,1.6894,1.67478,0.404028,1.17197,1.22127,1.93296,8.37228,-0.205835,-0.168642,-0.202164,-0.653843,-1.37741,-3.11398,-0.206534
147,33,Male,No religion,Single,Yes,None,4,NA,,20260909002,-9.21779,-0.897733,-8.60793,-1.80547,-10.022,-0.281702,-0.136155,0.0868992,-0.0803939,-0.16428,1.08026,0.632497,0.596815,0.798865,2.1363,1.73694,0.466831,1.27428,1.13981,1.88343,7.34971,-0.202917,-0.148335,-0.280636,-0.786622,-1.41008,-3.18998,-0.193876
148,40,Male,No religion,Married,No,Bereaved,1,NA,,20260909002,-9.78623,-0.97531,-9.04063,-1.92054,-10.4233,-0.123357,-1.15457e-4,0.0497188,-0.108935,-0.00575024,1.13614,0.507901,0.449647,0.837848,1.8374,2.05281,0.643622,1.23711,1.37453,2.0619,7.74976,-0.124895,-0.0645234,-0.257863,-0.627577,-1.44024,-3.12319,-0.191409
149,66,Female,No religion,Widowed,No,Bereaved,1,NA,,20260909002,-8.4546500000000009,-0.812966,-7.82024,-1.82727,-8.98563,-0.366943,-0.182551,-0.113403,-0.0895694,-0.39499,1.06546,0.463885,0.565775,0.685482,1.70334,1.85794,0.483299,1.26376,1.20596,1.80018,6.60023,-0.184284,-0.0600624,-0.28368,-0.69202,-1.36595,-3.13944,-0.216041
150,54,Female,Christian,Married,No,Had COVID,1,NA,,20260909002,-8.8319,-0.795227,-8.31882,-1.63572,-9.4508,-0.229287,-0.191023,-0.0553639,-0.129194,-0.183211,1.03551,0.555298,0.571576,0.678466,1.82189,1.71354,0.504283,1.35769,1.12181,1.80269,7.08819,-0.20225,-0.119279,-0.210265,-0.659686,-1.35581,-3.10923,-0.223368
151,55,Female,No religion,Single,No,Long COVID,4,NA,,20260909002,-10.0469,-0.817694,-9.63282,-1.81474,-10.9972,-0.328027,-0.141493,0.0257155,-0.124111,-0.255569,0.921258,0.4108,0.494864,0.723244,2.03831,1.86397,0.634949,1.34441,1.24866,2.36779,8.34642,-0.164604,-0.109119,-0.272225,-0.651332,-1.44078,-3.20365,-0.165301
152,40,Female,Christian,Single,No,Bereaved,3,NA,,20260909002,-10.823,-0.865591,-10.32,-1.86396,-11.8075,-0.161399,-0.100126,0.064258,0.0931242,-0.0643635,1.13976,0.677518,0.619323,0.714275,2.06095,1.68435,0.505647,1.29234,1.36651,2.16705,9.0545,-0.14891,-0.117556,-0.287163,-0.693286,-1.38949,-3.16025,-0.218148
153,23,Male,Christian,Single,No,Had COVID,1,NA,,20260909002,-10.8696,-0.619572,-10.3517,-1.7015,-11.7389,-0.34015,-0.216732,-0.0488813,-0.064323,-0.190423,1.07746,0.427607,0.678603,0.725921,1.92437,1.72736,0.307556,1.17418,1.06595,1.94897,9.21952,-0.188705,-0.0837612,-0.216719,-0.661529,-1.3665,-3.09905,-0.180183
154,25,Female,Christian,Single,No,None,4,NA,,20260909002,-10.6849,-1.25671,-9.78329,-2.13396,-11.3957,-0.336848,-0.180853,-0.0222334,-0.123061,-0.165172,1.43946,0.759339,0.551312,0.998807,2.06524,2.23692,0.970762,1.3496,1.47007,2.51501,8.42232,-0.189097,-0.0841083,-0.297049,-0.699902,-1.37469,-3.09799,-0.191171
155,82,Female,Christian,Divorced,No,None,3,NA,,20260909002,-9.98355,-1.08226,-9.16343,-2.01145,-10.66,-0.129441,-0.0428643,0.0948957,0.105812,-0.113753,1.25495,0.621531,0.542581,0.72532,2.01664,2.20598,0.763222,1.33713,1.34747,2.38177,7.80886,-0.176421,-0.171295,-0.211183,-0.665261,-1.40342,-3.10847,-0.177596
156,30,Female,No religion,Married,Yes,Had COVID,1,5,Institutional Trust and Technocratic Governance,20260909002,-10.5021,-0.979923,-9.76274,-1.98163,-10.9472,-0.263745,-0.214316,0.0222503,0.165276,-0.253106,1.19264,0.600388,0.500097,0.790774,1.72493,2.00371,0.582806,1.24768,1.1948,1.9233,8.46184,-0.155994,-0.123851,-0.262136,-0.683041,-1.39313,-3.11969,-0.169953
157,32,Male,Christian,Single,No,None,4,NA,,20260909002,-11.2929,-0.828564,-10.7514,-1.74528,-12.0371,-0.222407,-0.0439657,-0.0145771,-0.100048,-0.147552,0.919502,0.50847,0.599765,0.728068,1.6154,1.77466,0.532496,1.32028,1.36325,1.97927,9.60066,-0.153661,-0.138715,-0.265872,-0.690355,-1.38397,-3.1068,-0.187835
158,40,Male,Christian,Widowed,Yes,Had COVID,3,NA,,20260909002,-10.5968,-0.80629,-10.1351,-1.91839,-11.635,-0.332334,-0.153137,0.0700617,-0.046032000000000003,-0.184554,1.17122,0.601695,0.519703,0.984957,2.11145,1.66376,0.438091,1.11782,1.22615,2.24207,8.93272,-0.16075,-0.0870556,-0.255118,-0.674633,-1.40453,-3.10776,-0.177085
159,24,Female,Muslim,Single,No,Had COVID,3,NA,,20260909002,-9.7273,-0.834072,-9.06362,-1.77367,-10.434,-0.0978563,-0.0574878,0.111833,0.0746399,-0.179774,1.04442,0.563702,0.397613,0.776755,2.09852,1.72802,0.424727,1.15891,1.06565,1.93241,7.84765,-0.20233,-0.152055,-0.255351,-0.674185,-1.41921,-3.18671,-0.192823
160,78,Male,Christian,Separated,No,None,1,NA,,20260909002,-8.94099,-0.794754,-8.40148,-1.86982,-9.70168,-0.17587,-0.157879,0.101745,-0.0597539,-0.203783,0.960269,0.323757,0.423076,0.728909,1.65965,1.72999,0.512251,1.19593,1.34876,2.15024,7.11003,-0.194255,-0.181953,-0.273131,-0.694876,-1.40629,-3.22413,-0.168661
161,37,Female,No religion,Divorced,No,Had COVID,2,NA,,20260909002,-10.7464,-0.864735,-10.197,-1.92551,-11.481,-0.115458,0.101533,0.089172,0.11167,0.0663823,0.976863,0.451403,0.415407,0.61418,1.64468,1.60671,0.349043,1.19514,1.18899,1.99956,8.94742,-0.176872,-0.133205,-0.263118,-0.673252,-1.40972,-3.16961,-0.165318
162,34,Female,Other religion,Married,Yes,None,4,NA,,20260909002,-9.91717,-1.04902,-9.16209,-1.97745,-10.6102,-0.292608,-0.11964,-0.0680406,-0.135174,-0.253879,1.2162,0.748362,0.567789,0.808397,2.08467,2.17867,0.786355,1.34631,1.63935,2.27168,7.87888,-0.14559,-0.131332,-0.23707,-0.713063,-1.43083,-3.21945,-0.210855
163,26,Male,Christian,Single,No,Had COVID,4,NA,,20260909002,-9.93681,-0.909413,-9.27383,-1.99095,-10.6328,-0.0750341,0.0263791,0.196563,0.131072,-0.13595,1.25684,0.639806,0.503928,0.880264,1.91066,1.8242,0.505611,1.23603,1.27528,2.09785,7.99996,-0.194431,-0.170413,-0.239144,-0.621155,-1.33784,-3.1144,-0.222518
164,50,Male,Christian,Married,Yes,Had COVID,4,NA,,20260909002,-9.64412,-0.737356,-9.05619,-1.76016,-10.3193,-0.394561,-0.215333,-0.10087,-0.177969,-0.277122,1.16469,0.56957,0.601729,0.904255,1.81358,1.65226,0.270415,1.16198,1.18184,1.83786,7.86869,-0.153224,-0.142394,-0.266616,-0.640675,-1.42044,-3.15756,-0.214503
165,63,Male,Christian,Divorced,No,Had COVID,3,NA,,20260909002,-9.43146,-0.79736,-8.75544,-1.79553,-10.0813,-0.151704,-0.149096,-0.0439446,-0.111425,-0.115286,0.912365,0.403112,0.29219,0.688234,1.58891,1.75505,0.490203,1.25421,1.31621,1.95293,7.622,-0.155582,-0.113482,-0.277989,-0.668856,-1.39302,-3.19606,-0.186453
166,76,Female,Christian,Married,No,None,4,NA,,20260909002,-8.95759,-0.966782,-8.31596,-1.92151,-9.7177,-0.178726,-0.0181948,0.0206217,0.172602,-0.0757397,0.945919,0.421817,0.467188,0.673652,1.73082,1.73438,0.499149,1.22543,1.22926,1.9887,7.04213,-0.181881,-0.157846,-0.195082,-0.583549,-1.39392,-3.10431,-0.168634
167,20,Female,Christian,Single,No,Bereaved,2,NA,,20260909002,-10.7897,-0.809722,-10.1422,-1.73003,-11.4778,-0.204718,-0.0824688,0.104468,0.0332241,-0.205177,0.967006,0.427045,0.409017,0.49797,1.86527,1.83946,0.465087,1.17198,1.02462,1.98103,9.00026,-0.214545,-0.122455,-0.273304,-0.684168,-1.28411,-3.05958,-0.171703
168,63,Female,No religion,Married,No,Bereaved,3,NA,,20260909002,-11.0589,-0.897384,-10.5248,-1.95264,-11.7642,-0.151546,-0.0372836,0.0699181,0.0543481,-0.326327,0.825738,0.329741,0.373241,0.470327,1.70862,1.7133100000000001,0.463153,1.11238,1.19883,2.10508,9.29501,-0.157682,-0.0863901,-0.260257,-0.650353,-1.42095,-3.13946,-0.143429
169,64,Male,No religion,Married,No,None,3,NA,,20260909002,-8.58191,-0.808057,-8.11018,-1.76629,-9.45665,-0.154398,-0.19434,0.0415282,0.0156067,-0.257802,0.890797,0.456858,0.553499,0.593207,1.85098,1.64222,0.546111,1.32444,1.23828,2.29764,6.80689,-0.231213,-0.132637,-0.2619,-0.750585,-1.38737,-3.13129,-0.195516
170,32,Male,Christian,Single,No,Bereaved,2,NA,,20260909002,-10.4376,-0.718586,-9.89758,-1.76252,-11.0441,-0.417192,-0.336226,-0.0613093,0.0133975,-0.439593,0.848545,0.249247,0.460862,0.43816,1.48341,1.58239,0.219416,1.14939,1.04459,1.74571,8.72151,-0.16476,-0.145242,-0.247381,-0.675366,-1.38213,-3.06087,-0.18375
171,30,Male,Christian,Single,No,Bereaved,3,NA,,20260909002,-8.7581,-1.07421,-8.13757,-2.07714,-9.55379,-0.243392,0.0472081,0.213454,0.237314,-0.136631,1.13863,0.689898,0.508047,0.790573,2.13526,1.94361,0.624767,1.21412,1.3451,2.28797,6.77503,-0.123134,-0.0960989,-0.246633,-0.649404,-1.39302,-3.12955,-0.180286
172,30,Female,Not answered,Married,Yes,Had COVID,2,NA,,20260909002,-10.7124,-0.793405,-9.96598,-1.79333,-11.2317,-0.237763,-0.191548,0.0344585,-0.0833741,-0.230581,1.00169,0.41325,0.413664,0.607295,1.74517,1.86745,0.553855,1.1817,1.4105,2.08503,8.84029,-0.210564,-0.141272,-0.215235,-0.624546,-1.41089,-3.13609,-0.189292
173,33,Female,Christian,Single,Yes,None,3,NA,,20260909002,-11.4507,-0.76425,-10.6897,-1.85788,-11.862,-0.226215,-0.157908,0.0496182,0.0373709,-0.247375,1.08875,0.380731,0.37831,0.810218,1.62418,1.84976,0.360864,1.14942,1.21545,1.85173,9.55161,-0.200745,-0.163541,-0.291057,-0.704896,-1.41107,-3.11759,-0.232275
174,43,Male,Christian,Married,Yes,None,4,NA,,20260909002,-9.23964,-0.625817,-8.62483,-1.7053,-9.91553,-0.411731,-0.292112,-0.0402007,-0.083603,-0.350987,0.789452,0.328395,0.394821,0.596061,1.73083,1.92314,0.382782,1.17461,1.21366,1.93752,7.51995,-0.196747,-0.174954,-0.286271,-0.709193,-1.40121,-3.17219,-0.208514
175,58,Female,Christian,Divorced,No,Had COVID,1,NA,,20260909002,-11.4795,-0.773579,-10.9388,-1.86393,-12.2097,-0.191568,-0.223771,0.0758681,-0.0312833,-0.207175,1.10373,0.563533,0.632253,0.797428,1.69285,1.79447,0.500723,1.20029,1.11001,2.04924,9.68483,-0.150761,-0.0679948,-0.25829,-0.650454,-1.40331,-3.1263,-0.164168
176,67,Male,No religion,Single,No,Had COVID,2,NA,,20260909002,-10.8835,-1.00863,-10.0085,-2.08646,-11.733,0.143966,0.158345,0.142767,0.336953,0.10938,0.988428,0.373733,0.410892,0.722272,1.89498,1.90543,0.577852,1.14465,1.29859,2.32009,8.8031,-0.155712,-0.0480591,-0.24391,-0.641752,-1.4078,-3.13851,-0.180891
177,57,Male,No religion,Divorced,Yes,Had COVID,4,NA,,20260909002,-9.66692,-0.657247,-9.24847,-1.61245,-10.3221,-0.407531,-0.263788,-0.0249499,-0.0790834,-0.378561,0.816573,0.33332,0.442816,0.474792,1.39722,1.61032,0.307891,1.17084,1.07061,1.65031,8.12928,-0.1261,-0.158356,-0.232633,-0.658529,-1.40443,-3.09382,-0.190519
178,74,Female,Christian,Widowed,No,Bereaved,3,NA,,20260909002,-10.654,-0.990839,-10.0254,-2.12567,-11.2603,-0.19491,-0.126453,0.155447,0.108179,-0.236388,1.30457,0.750563,0.658721,1.02311,2.02654,2.09711,0.773391,1.32634,1.56216,2.17231,8.66935,-0.126231,-0.108946,-0.256545,-0.706405,-1.39089,-3.10704,-0.170546
179,62,Male,No religion,Married,No,Bereaved,1,NA,,20260909002,-9.10576,-0.824145,-8.66194,-1.7718,-10.1285,-0.393767,-0.28692,0.016900600000000002,-0.153864,-0.192244,0.881162,0.595644,0.528779,0.652174,1.91585,1.61665,0.544968,1.13447,1.20457,2.06711,7.48648,-0.163644,-0.141255,-0.241687,-0.669481,-1.34538,-3.13125,-0.186404
180,29,Female,Muslim,Single,No,None,3,NA,,20260909002,-10.2287,-0.8327,-9.46561,-1.89217,-10.9608,-0.205238,-0.154673,0.117646,0.063743,-0.15465,0.994127,0.442102,0.303131,0.810213,1.86401,1.89262,0.527655,1.1328,1.28868,2.1219,8.34713,-0.190293,-0.152515,-0.313994,-0.718556,-1.41366,-3.19757,-0.164417
181,42,Male,Not answered,Divorced,No,None,4,NA,,20260909002,-10.0604,-0.634055,-9.55075,-1.52554,-10.5997,-0.499811,-0.321576,0.0153906,-0.243565,-0.454751,1.11147,0.424472,0.499482,0.472912,1.64437,1.80904,0.376748,1.09541,0.953156,1.73586,8.42014,-0.150914,-0.108795,-0.275565,-0.682796,-1.34836,-3.03318,-0.197571
182,33,Female,Christian,Divorced,No,None,1,NA,,20260909002,-9.44859,-0.851151,-8.71144,-1.77309,-10.0711,-0.20279,-0.0368062,-0.00279994,-0.128018,-0.040567,1.07254,0.53464,0.502438,0.747396,1.70643,2.03583,0.619691,1.22366,1.29602,2.11996,7.51546,-0.183079,-0.165593,-0.276328,-0.676226,-1.41733,-3.1675,-0.204044
183,84,Female,Other religion,Married,No,Bereaved,1,NA,,20260909002,-12.3523,-0.896063,-11.8472,-2.00733,-12.892,-0.334525,-0.193105,0.0203288,-0.0837401,-0.417369,0.91454,0.479059,0.509594,0.76775,1.63165,1.79803,0.601905,1.26105,1.1882,2.0643,10.5952,-0.155265,-0.07113,-0.243866,-0.675928,-1.42048,-3.13108,-0.183131
184,29,Male,Christian,Single,No,Bereaved,2,NA,,20260909002,-9.6232,-0.919806,-8.9985,-1.93251,-10.5267,-0.161746,-0.0913308,0.118655,0.0701904,-0.158202,1.09793,0.644389,0.546984,0.792863,2.01993,1.74253,0.51564,1.10172,1.29049,2.09815,7.77738,-0.166222,-0.13907,-0.292,-0.701089,-1.35872,-3.16042,-0.180873
185,34,Female,Muslim,Single,No,None,3,NA,,20260909002,-10.2028,-1.07628,-9.54789,-2.04818,-10.8383,-0.090314,0.125529,0.0534012,-0.00790512,-0.00823825,0.985057,0.499337,0.537079,0.704148,1.71654,1.99642,0.687897,1.31114,1.36041,2.04973,8.19993,-0.172841,-0.101141,-0.248469,-0.640843,-1.39909,-3.10412,-0.171472
186,68,Female,Christian,Married,No,None,1,NA,,20260909002,-10.3156,-0.87802500000000006,-9.75353,-1.82539,-11.0765,-0.345856,-0.2188,-0.0766312,-0.141663,-0.388616,1.10299,0.622686,0.540512,0.831705,1.90768,1.72427,0.45979,1.24596,1.16573,2.16635,8.52632,-0.140141,-0.168902,-0.238448,-0.616589,-1.40256,-3.12794,-0.151825
187,39,Male,Christian,Married,Yes,None,1,NA,,20260909002,-9.31837,-0.771635,-8.79277,-1.7763,-9.99679,-0.254689,-0.124428,-0.0275083,-0.177665,-0.258806,0.800921,0.261299,0.455182,0.619764,1.47838,1.67885,0.399347,1.18379,1.28033,1.98341,7.57192,-0.1623,-0.13095,-0.259172,-0.671126,-1.42721,-3.15501,-0.174765
188,19,Female,No religion,Single,No,None,3,NA,,20260909002,-10.9628,-0.819091,-10.3625,-1.7693,-11.6674,-0.249212,-0.0939012,-0.0597231,-0.0590242,-0.179157,0.812842,0.391536,0.471024,0.604428,1.70674,1.81358,0.456568,1.23656,1.32565,2.08292,9.17284,-0.186402,-0.119485,-0.262021,-0.639508,-1.43844,-3.07876,-0.167695
189,71,Female,No religion,Widowed,No,None,4,NA,,20260909002,-9.00851,-0.817506,-8.60717,-1.83973,-9.80575,-0.288667,-0.157412,0.0261455,-0.087255,-0.317098,0.846242,0.440169,0.457768,0.584083,1.79593,1.70013,0.485854,1.21441,1.34009,1.92274,7.32786,-0.127456,-0.0945532,-0.269258,-0.660036,-1.42342,-3.15566,-0.173334
190,30,Female,Christian,Single,No,Bereaved,1,NA,,20260909002,-9.8582,-0.713175,-9.1855,-1.76734,-10.8535,-0.29161,-0.160589,-0.105342,-0.181263,-0.0734857,0.886471,0.298573,0.357444,0.694334,1.60656,1.68394,0.295497,1.05055,1.28975,2.03101,8.17108,-0.158801,-0.122332,-0.21413,-0.680175,-1.3603,-3.07425,-0.223157
191,90,Male,Christian,Widowed,No,None,3,2,Libertarianism,20260909002,-10.0753,-0.922499,-9.39707,-1.84637,-10.8371,-0.156446,-0.0482126,0.126512,-0.0985423,-0.0468135,1.18806,0.631662,0.517869,0.868671,1.88983,1.86241,0.574471,1.27063,1.14004,2.15534,8.14058,-0.209401,-0.183439,-0.267305,-0.696235,-1.36332,-3.12272,-0.209565
192,79,Male,Christian,Widowed,No,Had COVID,2,NA,,20260909002,-9.21779,-0.897733,-8.60793,-1.80547,-10.022,-0.281702,-0.136155,0.0868992,-0.0803939,-0.16428,1.08026,0.632497,0.596815,0.798865,2.1363,1.73694,0.466831,1.27428,1.13981,1.88343,7.34971,-0.202917,-0.148335,-0.280636,-0.786622,-1.41008,-3.18998,-0.193876
193,54,Male,No religion,Married,No,Had COVID,4,NA,,20260909002,-9.86536,-0.662156,-9.36271,-1.8607,-10.6701,-0.327322,-0.243236,0.00552912,-0.0488859,-0.230144,0.851943,0.387138,0.351548,0.5952,1.74153,1.62892,0.340095,1.04228,1.28199,1.92222,8.24626,-0.209787,-0.120501,-0.253646,-0.595171,-1.38292,-3.11752,-0.167149
194,54,Female,Sikh,Married,No,Bereaved,1,NA,,20260909002,-10.0277,-0.639313,-9.57074,-1.72652,-10.7708,-0.370427,-0.190103,-0.0275207,-0.1882,-0.333466,0.702724,0.208462,0.382631,0.679895,1.47985,1.66408,0.327611,1.12906,1.25899,1.84178,8.47005,-0.1781,-0.17914,-0.216438,-0.620635,-1.37972,-3.12841,-0.193686
195,75,Female,No religion,Widowed,No,Had COVID,4,NA,,20260909002,-10.2882,-1.00909,-9.58052,-1.88627,-11.1342,-0.385762,-0.165213,0.00593315,-0.109949,-0.113857,1.03711,0.611488,0.483386,0.802973,1.87064,2.00072,0.753552,1.22714,1.21658,2.42925,8.34309,-0.162926,-0.120215,-0.229792,-0.664503,-1.44029,-3.1352,-0.162629
196,66,Female,Christian,Married,No,None,3,NA,,20260909002,-10.7642,-0.89073,-10.1847,-2.01802,-11.2975,-0.365562,-0.196144,0.0545126,-0.0516684,-0.339821,1.2619,0.639759,0.591814,0.828078,1.9263,2.02616,0.62753,1.3521,1.44426,2.06754,8.85724,-0.221088,-0.117649,-0.209626,-0.609327,-1.34351,-3.07274,-0.204134
197,23,Female,Christian,Single,No,Had COVID,4,NA,,20260909002,-10.3885,-0.941482,-9.78011,-1.83958,-11.175,-0.283708,-0.0820955,-0.0163361,-0.124417,-0.184876,0.892607,0.365677,0.378083,0.528122,1.7138,1.77879,0.537896,1.2638,1.29009,2.06431,8.55549,-0.212752,-0.147883,-0.246801,-0.678156,-1.38772,-3.10723,-0.170656
198,40,Female,Christian,Single,Yes,None,4,NA,,20260909002,-9.86781,-0.674127,-9.40671,-1.7165,-10.7094,-0.288595,-0.0986596,0.0446875,-0.228243,-0.147964,0.864441,0.34421,0.445234,0.832456,1.73607,1.66713,0.430799,1.17739,1.29848,1.90969,8.30039,-0.169416,-0.109272,-0.225655,-0.656629,-1.36541,-3.03926,-0.21487
199,49,Male,Christian,Married,No,Bereaved,4,NA,,20260909002,-8.87136,-0.993534,-8.08165,-1.83847,-9.6947,-0.0479907,0.0235635,0.00922966,-0.0307741,-0.131679,1.28719,0.814392,0.615706,1.01072,2.14313,1.83726,0.569629,1.14968,1.2984,2.24256,6.8839,-0.140665,-0.155591,-0.274231,-0.702835,-1.38386,-3.08419,-0.181643
200,39,Male,No religion,Married,Yes,Had COVID,3,NA,,20260909002,-9.61493,-0.966573,-8.90644,-1.88508,-10.2105,-0.151896,0.043202,0.0877617,0.124003,0.0122288,1.11064,0.523425,0.495469,0.52087,1.68982,1.92143,0.557322,1.11795,1.16761,1.91651,7.62793,-0.159286,-0.108902,-0.244195,-0.647784,-1.41657,-3.14837,-0.18835
201,83,Male,Christian,Married,No,Had COVID,1,NA,,20260909002,-10.4322,-0.965696,-9.7506,-1.81722,-11.155,-0.315528,-0.0850841,-0.0144333,-0.0550671,-0.214799,0.886504,0.402554,0.412301,0.55574,1.64183,1.80162,0.55772,1.224,1.28391,2.02619,8.57975,-0.219314,-0.145125,-0.243128,-0.671921,-1.39013,-3.08741,-0.168412
202,50,Female,No religion,Divorced,No,Had COVID,3,NA,,20260909002,-9.85961,-0.770028,-9.33492,-1.88864,-10.4918,-0.19464,-0.134609,-0.00930991,0.0442421,-0.234738,1.03213,0.47264,0.503744,0.833069,1.71898,1.77946,0.469404,1.24572,1.10947,1.92842,8.06854,-0.120481,-0.0838749,-0.282518,-0.686644,-1.4373,-3.20738,-0.169389
203,51,Female,Christian,Married,No,Long COVID,1,2,Libertarianism,20260909002,-8.83794,-0.797448,-8.32021,-1.79783,-9.52969,-0.248964,-0.129139,0.0904108,-0.0317905,-0.248371,0.884472,0.382823,0.470719,0.600564,1.74075,1.59671,0.273992,1.02512,1.07966,1.69204,7.05637,-0.178275,-0.0845864,-0.236868,-0.618164,-1.40727,-3.06911,-0.208633
204,73,Female,Christian,Married,No,None,2,NA,,20260909002,-9.29513,-0.723221,-8.7667,-1.7362899999999999,-10.0516,-0.43874,-0.317385,-0.103979,-0.143869,-0.261767,1.00446,0.515313,0.526934,0.676635,1.9402,1.8699,0.451471,1.26336,1.18996,2.01994,7.53591,-0.219981,-0.154592,-0.249528,-0.668493,-1.42484,-3.13221,-0.208671
205,23,Female,No religion,Single,No,Had COVID,2,NA,,20260909002,-11.0329,-0.814851,-10.415,-1.88609,-11.7424,-0.330319,-0.18654,-0.117641,-0.0617489,-0.365027,0.944989,0.59755,0.337074,0.748036,1.72958,1.71942,0.472478,1.21743,1.24841,1.9364,9.32291,-0.177679,-0.0826657,-0.251916,-0.653978,-1.38825,-3.13828,-0.159578
206,33,Male,Christian,Single,Yes,Had COVID,2,NA,,20260909002,-9.44749,-0.966605,-8.72868,-1.85186,-10.0127,-0.283068,-0.21597,-0.0785199,-0.204971,-0.320141,1.18648,0.618672,0.601082,0.75164,1.81927,1.88152,0.539351,1.23703,1.20854,1.92964,7.43621,-0.133106,-0.0767804,-0.300322,-0.635324,-1.44757,-3.11854,-0.15389
207,82,Male,Christian,Widowed,No,None,3,NA,,20260909002,-9.39416,-0.892197,-8.71517,-1.80843,-9.97092,-0.19367,-0.0424879,-0.0431175,-0.0896293,-0.127479,0.977585,0.435582,0.476041,0.5539,1.81708,1.90369,0.596436,1.37399,1.25629,2.00479,7.47918,-0.185699,-0.130019,-0.276106,-0.663256,-1.39607,-3.0965,-0.161592
208,55,Male,No religion,Married,No,Bereaved,4,NA,,20260909002,-10.6418,-0.91884,-10.0629,-1.78707,-11.3436,-0.234307,-0.104443,0.074236,-0.114853,-0.274686,0.961765,0.545312,0.457888,0.815885,1.71492,1.78067,0.639296,1.31819,1.26848,1.95869,8.84615,-0.14807,-0.157765,-0.249732,-0.712102,-1.35185,-3.07314,-0.203379
209,61,Male,Christian,Single,No,None,1,2,Libertarianism,20260909002,-10.1705,-1.02259,-9.49098,-1.83491,-10.8852,-0.20241,-0.0986103,0.0526554,-0.103155,-0.0453648,1.16304,0.658944,0.567642,0.68433,1.86936,1.90682,0.679087,1.32181,1.30603,2.22083,8.18332,-0.197098,-0.132641,-0.245302,-0.693785,-1.41686,-3.11731,-0.200793
210,39,Female,Christian,Single,No,None,3,NA,,20260909002,-10.2102,-0.892039,-9.7531,-1.83702,-10.9331,-0.13569,-0.0343043,0.0546347,-0.0728794,-0.109264,0.994178,0.453323,0.58846,0.667708,1.87223,1.76308,0.526467,1.40125,1.33424,1.99022,8.39444,-0.154848,-0.0932445,-0.295277,-0.693191,-1.37483,-3.15629,-0.206132
211,88,Female,Christian,Married,No,Bereaved,1,1,Scientific Rationalism,20260909002,-11.0109,-0.789397,-10.5602,-1.9006,-11.8328,-0.375876,-0.205204,0.105328,-0.0215195,-0.271556,1.02301,0.496754,0.451984,0.718199,1.83664,1.69262,0.409922,1.20456,1.16074,2.10513,9.32354,-0.192154,-0.0671692,-0.245489,-0.677917,-1.35531,-3.08693,-0.169684
212,61,Female,Christian,Married,No,Long COVID,1,4,Conspiracy Ideation,20260909002,-9.33705,-0.76053,-8.79608,-1.70682,-9.932,-0.240185,0.00853528,-0.00640741,-0.0575166,-0.173364,0.958645,0.470927,0.51767,0.725048,1.64624,1.55493,0.358175,1.21312,1.24737,1.80391,7.63156,-0.218085,-0.158237,-0.291187,-0.723052,-1.3687,-3.06731,-0.175408
213,57,Male,No religion,Married,Yes,Had COVID,3,NA,,20260909002,-10.8782,-1.10458,-10.2009,-2.30043,-11.5063,-0.196625,-0.112889,0.0480371,0.188993,-0.341126,1.22264,0.743816,0.712125,1.11503,2.05021,2.00246,0.760097,1.38779,1.63975,2.36587,8.79796,-0.194127,-0.156029,-0.286932,-0.662574,-1.4208,-3.1501,-0.170831
214,60,Female,Christian,Married,No,Had COVID,1,NA,,20260909002,-10.0637,-0.833927,-9.37375,-1.79536,-10.5635,-0.334276,-0.239618,-0.101191,-0.111426,-0.682216,1.29837,0.617897,0.531655,0.673092,1.95273,1.90033,0.489983,1.22565,1.07405,2.12975,8.12978,-0.199145,-0.0685474,-0.22488,-0.6043,-1.41779,-3.05576,-0.188272
215,80,Male,Christian,Married,No,None,3,NA,,20260909002,-9.88507,-0.76946,-9.37506,-1.94281,-10.6502,-0.339754,-0.216534,0.0227017,-0.0991581,-0.245713,0.970381,0.481552,0.476965,0.736626,1.68737,1.80459,0.638155,1.35141,1.41456,2.05551,8.17433,-0.149345,-0.0598094,-0.218804,-0.620003,-1.37251,-3.11879,-0.183218
216,55,Female,Christian,Married,No,Long COVID,2,NA,,20260909002,-9.48397,-0.864923,-8.79111,-1.77202,-10.1128,-0.328292,-0.253251,-0.0903383,-0.213618,-0.269009,0.95117,0.496344,0.392681,0.645194,1.64644,1.83161,0.518875,1.12901,1.23938,2.01848,7.63401,-0.158804,-0.158167,-0.259157,-0.651617,-1.4074,-3.1211700000000002,-0.181759
217,50,Female,No religion,Divorced,No,Had COVID,1,NA,,20260909002,-8.36523,-0.692388,-7.82751,-1.78495,-9.24121,-0.398385,-0.231805,-0.0501409,-0.156757,-0.257242,1.06187,0.495565,0.427706,0.817091,2.02833,1.6828,0.457809,1.12282,1.17283,1.92021,6.73425,-0.151008,-0.124645,-0.232268,-0.67997,-1.35098,-3.07045,-0.147464
218,35,Male,Christian,Married,Yes,None,1,NA,,20260909002,-9.91568,-1.0164,-9.32603,-2.06449,-10.7652,-0.268958,-0.101122,0.0485418,0.110536,-0.25528,1.28019,0.784978,0.795177,1.01809,2.34991,1.86991,0.586372,1.36412,1.30619,2.1876,7.95447,-0.197364,-0.155227,-0.233258,-0.71514,-1.37088,-3.18123,-0.211315
219,56,Female,No religion,Married,No,Had COVID,2,NA,,20260909002,-10.4121,-0.65293,-9.99314,-1.66899,-11.1842,-0.344481,-0.212899,-0.092549,-0.247341,-0.314277,0.885076,0.486222,0.400087,0.728799,1.78395,1.54236,0.381803,1.13309,1.28634,1.86208,8.93856,-0.197257,-0.132931,-0.212063,-0.609241,-1.38519,-3.09969,-0.177353
220,66,Male,Christian,Single,No,Had COVID,4,NA,,20260909002,-10.9963,-0.904942,-10.5453,-1.84772,-11.5808,-0.292697,-0.0889271,0.0453732,0.0354104,-0.220174,0.941208,0.473051,0.482223,0.726968,1.54756,1.66382,0.489239,1.24395,1.12857,1.80134,9.31538,-0.165061,-0.103559,-0.265621,-0.644415,-1.38694,-3.11227,-0.184694
221,29,Female,Christian,Widowed,Yes,None,2,NA,,20260909002,-11.3284,-0.779319,-10.8881,-1.87608,-12.0769,-0.273104,-0.0691837,0.0204715,-0.0657599,-0.146499,0.857071,0.427309,0.470953,0.698349,1.57309,1.62235,0.461799,1.28594,1.33453,1.86267,9.73275,-0.160785,-0.127704,-0.252356,-0.626942,-1.31691,-3.0475,-0.158179
222,19,Male,Christian,Single,No,None,2,NA,,20260909002,-9.46907,-0.833896,-8.83018,-1.82942,-10.0378,-0.146832,-0.135823,0.102959,0.037859,-0.148514,0.86788,0.254692,0.493924,0.551846,1.53839,1.78886,0.416842,1.21562,1.12736,1.92682,7.52143,-0.239063,-0.169813,-0.255542,-0.685949,-1.39303,-3.13536,-0.200852
223,49,Male,Muslim,Divorced,No,None,1,NA,,20260909002,-10.043,-0.648996,-9.54958,-1.62215,-10.6172,-0.437861,-0.328362,-0.0737512,-0.148563,-0.540248,0.948647,0.534904,0.515631,0.670376,1.63735,1.71338,0.516591,1.20217,1.12209,1.90296,8.46404,-0.180322,-0.108263,-0.269964,-0.699643,-1.35974,-3.06993,-0.187419
224,73,Female,Christian,Widowed,No,None,1,NA,,20260909002,-12.8153,-0.94096900000000006,-12.2379,-1.85962,-13.2655,-0.318082,-0.0804934,0.079261,-0.0288085,-0.28063,1.07126,0.542017,0.603909,0.887836,1.49076,1.97676,0.589522,1.27053,1.3465,1.92285,10.9984,-0.191362,-0.175457,-0.243512,-0.638322,-1.38265,-3.09106,-0.172255
225,48,Male,Christian,Separated,Yes,Had COVID,3,NA,,20260909002,-11.16,-0.850336,-10.7608,-1.95864,-11.8438,-0.165579,0.0549481,0.202844,0.275843,-0.0366169,0.919688,0.461661,0.480312,0.727933,1.54448,1.72154,0.475718,1.29302,1.23625,1.76523,9.45916,-0.115411,-0.0873225,-0.230551,-0.619865,-1.43653,-3.17315,-0.184337
226,81,Female,Christian,Widowed,No,None,1,NA,,20260909002,-10.1194,-1.04558,-9.31662,-1.99146,-10.8549,-0.124788,0.00879742,0.0876335,0.179248,0.0291101,1.11871,0.462487,0.471436,0.788704,1.80009,2.13567,0.765235,1.34839,1.46837,2.30175,8.04813,-0.232165,-0.152147,-0.213126,-0.675573,-1.35155,-3.10503,-0.20785
227,35,Male,Jewish,Married,Yes,Had COVID,2,NA,,20260909002,-10.1215,-0.960441,-9.58779,-2.04464,-10.9533,-0.353996,-0.141132,0.0769892,0.0335648,-0.152774,1.22193,0.748864,0.640902,0.862017,2.22834,2.23863,0.926796,1.4586,1.50198,2.46662,8.22382,-0.168797,-0.0947128,-0.185307,-0.604462,-1.46142,-3.21175,-0.201624
228,45,Male,No religion,Divorced,No,None,4,NA,,20260909002,-11.0636,-1.06355,-10.4247,-2.04854,-11.7912,-0.147071,-0.0414101,0.105047,-0.00885492,-0.235363,1.26969,0.718447,0.696277,0.851027,2.12755,1.8241,0.577986,1.28269,1.42128,2.18437,9.05825,-0.168011,-0.0789505,-0.211946,-0.646138,-1.34867,-3.05445,-0.195456
229,20,Female,Christian,Single,No,Had COVID,1,NA,,20260909002,-10.9246,-0.794858,-10.3166,-1.77823,-11.5316,-0.0860605,-0.0145863,0.0371313,-0.0581317,-0.200394,0.939261,0.360568,0.572814,0.617428,1.65247,1.75203,0.393584,1.18564,1.11478,1.93286,9.12976,-0.166424,-0.121184,-0.295231,-0.709826,-1.38338,-3.17359,-0.175035
230,70,Male,Not answered,Married,No,None,2,NA,,20260909002,-8.69991,-0.854069,-8.09723,-1.80902,-9.43102,-0.153934,-0.0799257,0.0408604,0.064392,-0.159448,0.879594,0.338459,0.444802,0.598957,1.71587,1.78339,0.505114,1.21471,1.19915,1.9634,6.87064,-0.135593,-0.103274,-0.29067,-0.752729,-1.34776,-3.13032,-0.186704
231,30,Male,No religion,Single,No,None,3,NA,,20260909002,-10.6418,-0.91884,-10.0629,-1.78707,-11.3436,-0.234307,-0.104443,0.074236,-0.114853,-0.274686,0.961765,0.545312,0.457888,0.815885,1.71492,1.78067,0.639296,1.31819,1.26848,1.95869,8.84615,-0.14807,-0.157765,-0.249732,-0.712102,-1.35185,-3.07314,-0.203379
232,33,Male,No religion,Married,No,Had COVID,4,NA,,20260909002,-9.48479,-0.766101,-8.88688,-1.9799,-10.2468,-0.370604,-0.210228,8.16928e-4,-0.070798,-0.258404,0.754191,0.259147,0.403547,0.730117,1.5707,1.63055,0.389933,1.22673,1.34343,1.9425,7.74959,-0.19298,-0.0891373,-0.251563,-0.657,-1.36067,-3.13905,-0.206344
233,24,Female,No religion,Single,No,Had COVID,1,NA,,20260909002,-8.47167,-0.864039,-7.88797,-1.78472,-9.17062,-0.254855,-0.131658,-0.0484746,-0.205305,-0.25848,1.01191,0.471029,0.538038,0.695674,1.83654,1.83986,0.589405,1.22864,1.27958,1.98111,6.63407,-0.165971,-0.107563,-0.260124,-0.668325,-1.41912,-3.11868,-0.177288
234,58,Male,Christian,Married,No,Had COVID,3,NA,,20260909002,-10.6227,-1.19644,-9.92578,-2.29197,-11.3175,0.0748661,0.11714,0.159025,0.27673,0.0418985,1.03276,0.53674,0.62611000000000006,0.92791,1.74315,2.06272,0.763147,1.46018,1.47643,2.27375,8.43963,-0.165357,-0.0859083,-0.271732,-0.688491,-1.43244,-3.17808,-0.181323
235,79,Male,Christian,Widowed,Yes,Had COVID,3,NA,,20260909002,-8.49562,-0.871034,-8.03035,-2.01049,-9.16399,-0.285698,-0.161989,0.160914,-0.0441786,-0.224835,1.35634,0.74437,0.557441,0.959929,1.96168,1.823,0.658747,1.27148,1.35391,2.07754,6.64468,-0.193187,-0.111038,-0.22477,-0.571922,-1.40295,-3.07434,-0.174947
236,31,Female,No religion,Married,No,None,1,NA,,20260909002,-10.7306,-0.728841,-10.1088,-1.80434,-11.4005,-0.334519,-0.161613,-0.0303631,0.0574647,-0.230151,1.0668,0.452261,0.628271,0.842144,1.715,1.83568,0.398874,1.24421,1.35404,2.00823,8.9322,-0.2444,-0.195317,-0.238763,-0.650254,-1.38974,-3.09565,-0.192733
237,76,Male,No religion,Single,No,Had COVID,1,NA,,20260909002,-9.48479,-0.766101,-8.88688,-1.9799,-10.2468,-0.370604,-0.210228,8.16928e-4,-0.070798,-0.258404,0.754191,0.259147,0.403547,0.730117,1.5707,1.63055,0.389933,1.22673,1.34343,1.9425,7.74959,-0.19298,-0.0891373,-0.251563,-0.657,-1.36067,-3.13905,-0.206344
238,68,Female,Christian,Single,No,None,1,NA,,20260909002,-8.20075,-0.736797,-7.65142,-1.65452,-9.25224,-0.305952,-0.142324,-0.0801124,-0.0479332,-0.171918,0.909855,0.373306,0.457466,0.535242,1.96672,1.67043,0.405984,1.18937,1.03432,2.16426,6.47854,-0.184015,-0.121519,-0.268671,-0.699503,-1.38796,-3.13634,-0.159463
239,82,Male,Muslim,Married,No,None,1,NA,,20260909002,-9.44344,-0.943249,-8.69515,-1.8967,-9.9866,-0.0616145,-0.0482062,0.0170597,0.0376289,-0.0857996,0.906982,0.42408,0.453833,0.711424,1.65145,1.79316,0.446183,1.07981,1.18993,1.96587,7.48052,-0.209761,-0.101066,-0.332268,-0.71749,-1.37958,-3.16508,-0.217593
240,39,Female,No religion,Married,Yes,Had COVID,4,NA,,20260909002,-12.5879,-0.75567,-12.0827,-1.82712,-13.3142,-0.325034,-0.100901,0.170002,-0.0105629,-0.205282,1.14499,0.512441,0.530412,0.754155,1.68279,1.88967,0.530051,1.25366,1.30319,2.04704,10.9252,-0.162016,-0.140894,-0.167476,-0.637798,-1.38598,-3.15243,-0.183245
241,47,Female,Christian,Married,Yes,None,2,NA,,20260909002,-10.2682,-1.00787,-9.8669,-2.15766,-11.0085,-0.215952,0.0162252,0.193077,0.0731509,-0.11037,1.00368,0.621831,0.755832,0.887644,1.87993,1.82801,0.648781,1.43998,1.49177,2.10628,8.36209,-0.155739,-0.0985689,-0.275081,-0.649074,-1.41317,-3.11087,-0.185543
242,26,Male,No religion,Married,No,Had COVID,1,4,Conspiracy Ideation,20260909002,-11.465,-0.945246,-10.823,-2.14297,-12.0938,-0.0904602,0.0013832,0.174311,0.153097,-0.0698425,1.2315,0.546939,0.550374,0.976947,1.91588,1.71644,0.392766,1.19349,1.48845,1.95483,9.5167,-0.18665,-0.12951,-0.271578,-0.656054,-1.3488,-3.08298,-0.200373
243,62,Male,No religion,Married,No,Had COVID,3,NA,,20260909002,-9.15393,-0.81285,-8.49596,-1.86056,-9.82007,-0.261095,-0.18397,0.0257245,-0.0046285400000000004,-0.198597,1.09626,0.521985,0.521591,0.783767,1.84301,1.77711,0.397019,1.11274,1.25404,1.99401,7.26925,-0.173721,-0.162767,-0.306989,-0.677225,-1.42407,-3.20228,-0.163238
244,30,Female,No religion,Single,No,Bereaved,3,NA,,20260909002,-10.5735,-0.937587,-10.0037,-1.8995,-11.2714,-0.280799,-0.117101,0.0314069,0.0558111,-0.140255,1.25531,0.642024,0.61729,0.736671,1.87171,1.84989,0.561094,1.33328,1.27798,1.94406,8.72113,-0.161662,-0.105327,-0.262264,-0.676236,-1.3854,-3.15798,-0.178579
245,41,Female,Christian,Married,No,None,4,4,Conspiracy Ideation,20260909002,-10.1269,-0.978372,-9.375,-1.9004,-10.6274,-0.309839,-0.150803,-0.035915,-0.204879,-0.258354,1.30825,0.734727,0.684035,1.10247,1.84289,1.92972,0.557297,1.2899,1.40309,1.9088,8.12961,-0.232246,-0.12227,-0.254261,-0.644456,-1.37823,-3.14411,-0.174041
246,34,Male,No religion,Single,Yes,Had COVID,1,NA,,20260909002,-9.65314,-0.949692,-9.11975,-2.10784,-10.3901,-0.256865,-0.0804936,0.054965,0.12524,-0.0717587,1.16597,0.644096,0.60023,0.904979,1.84941,1.83817,0.523641,1.40874,1.51001,2.02078,7.73446,-0.219715,-0.192972,-0.211813,-0.662621,-1.40938,-3.108,-0.22088
247,85,Male,No religion,Married,No,None,3,NA,,20260909002,-9.99851,-0.61328,-9.38638,-1.61289,-10.6429,-0.235531,-0.138239,0.062502,-0.0948076,-0.154804,1.0297,0.384927,0.365543,0.658331,1.66974,1.58757,0.196499,0.967218,0.927955,1.72915,8.29245,-0.179272,-0.0922357,-0.256794,-0.686918,-1.39873,-3.15044,-0.221213
248,23,Male,Christian,Single,No,Had COVID,2,NA,,20260909002,-9.53663,-0.910209,-8.98706,-1.9817,-10.4419,-0.246919,-0.134764,0.124344,0.0715741,-0.231039,1.19455,0.617477,0.571893,0.974828,1.97237,1.75412,0.56065,1.20739,1.28926,2.18528,7.71949,-0.178236,-0.118401,-0.246922,-0.703654,-1.37471,-3.14681,-0.176248
249,30,Female,Christian,Single,Yes,None,1,NA,,20260909002,-9.31208,-0.842953,-8.86817,-1.93517,-10.064,-0.377761,-0.289723,-0.0230142,-0.10756,-0.242599,0.962727,0.481238,0.530875,0.778509,1.75354,1.82953,0.567579,1.22774,1.14873,1.98508,7.56389,-0.142095,-0.0584105,-0.236949,-0.615638,-1.37319,-3.04817,-0.146386
250,24,Female,Christian,Single,No,None,1,NA,,20260909002,-10.5821,-0.974223,-9.90158,-1.79669,-11.3502,-0.00546086,-0.00313337,0.139331,0.0245082,-0.102059,1.03744,0.60576,0.52043,0.744575,2.02377,1.90934,0.532364,1.27296,1.22952,2.12141,8.63009,-0.144946,-0.0784443,-0.302614,-0.732767,-1.37941,-3.14706,-0.182209
251,45,Female,Not answered,Single,No,Had COVID,2,NA,,20260909002,-11.8906,-0.83004,-11.2996,-1.87984,-12.7596,-0.315652,-0.113115,0.018223,0.00900434,-0.0522988,1.27483,0.630345,0.605831,0.90489,2.10246,1.81792,0.429808,1.26876,1.24112,2.07223,10.0935,-0.220233,-0.0799056,-0.249462,-0.670975,-1.40657,-3.12627,-0.227195
252,58,Female,No religion,Married,No,None,3,NA,,20260909002,-10.8817,-0.891055,-10.3197,-1.87195,-11.4745,-0.433368,-0.312846,-0.0168761,-0.225874,-0.324059,1.08988,0.54395,0.577557,0.789231,1.75403,1.83715,0.559607,1.31822,1.31362,2.03521,9.02985,-0.151154,-0.0620212,-0.320934,-0.691258,-1.43225,-3.16255,-0.17726
253,90,Female,No religion,Divorced,No,Had COVID,1,NA,,20260909002,-9.55333,-0.813539,-8.84126,-1.75021,-10.0654,-0.25082,-0.189681,-0.0163417,-0.0900497,-0.282483,1.13805,0.529969,0.463067,0.678098,1.67097,1.90472,0.504326,1.17592,1.27609,1.93959,7.6799,-0.172734,-0.15848,-0.288849,-0.670018,-1.42598,-3.14696,-0.199699
254,52,Male,No religion,Married,Yes,Had COVID,3,NA,,20260909002,-9.36676,-0.89883,-8.7424,-1.86295,-10.1009,-0.297294,-0.20397,-0.0128227,-0.00523782,-0.292693,1.05902,0.578,0.517937,0.814552,1.83146,1.77323,0.607349,1.28747,1.27216,2.08864,7.51343,-0.137843,-0.0868112,-0.24339,-0.649406,-1.38086,-3.07546,-0.190854
255,42,Female,Christian,Married,Yes,Had COVID,2,NA,,20260909002,-10.082,-0.881941,-9.52205,-1.87734,-10.7908,-0.206523,-0.171435,0.0296955,-0.0292618,-0.253317,1.04702,0.507147,0.459308,0.819875,1.73516,1.59286,0.427679,1.21898,1.1935500000000001,1.7785,8.26282,-0.17947,-0.156024,-0.241639,-0.660563,-1.34925,-3.08762,-0.193829
256,22,Male,Christian,Single,No,Had COVID,4,NA,,20260909002,-9.73911,-0.856511,-9.19868,-1.90142,-10.4356,-0.321948,-0.200014,-0.0297858,0.0910301,-0.346734,1.06992,0.439467,0.505633,0.736964,1.82893,1.83218,0.639485,1.27969,1.2866,2.00762,7.94132,-0.20049,-0.133555,-0.221065,-0.6497,-1.41449,-3.11201,-0.190134
257,22,Female,No religion,Single,No,None,3,NA,,20260909002,-10.9363,-0.972892,-10.2022,-1.85314,-11.5831,-0.193411,-0.1719,-0.0307542,-0.0514549,-0.260714,1.1003,0.586358,0.48904,0.707232,1.96663,1.77993,0.50663,1.18428,1.11523,2.10492,8.97102,-0.141401,-0.0886517,-0.220478,-0.649531,-1.41012,-3.10088,-0.181423
258,51,Female,Christian,Married,No,None,2,NA,,20260909002,-9.32334,-0.832737,-8.81125,-1.9674,-10.1942,-0.364389,-0.39008,-0.0852321,-0.192514,-0.289144,1.22574,0.599807,0.637474,1.00504,1.90769,1.89673,0.573891,1.32111,1.41882,2.06687,7.44721,-0.181393,-0.103262,-0.240566,-0.689333,-1.45051,-3.17876,-0.174077
259,58,Male,No religion,Married,No,Bereaved,1,NA,,20260909002,-10.9676,-0.888046,-10.3389,-1.92498,-11.7249,-0.066292,0.0271973,0.123693,0.151007,-0.114994,1.12403,0.540498,0.503007,0.66319,1.86601,1.82625,0.532353,1.27617,1.22379,2.11747,9.09031,-0.157634,-0.107497,-0.291521,-0.6718,-1.37945,-3.11242,-0.185875
260,48,Male,Buddhist,Single,Yes,None,2,NA,,20260909002,-9.39514,-0.816349,-8.74532,-1.9812,-9.77915,-0.31176,-0.282485,0.0592284,3.92768e-4,-0.458936,1.33201,0.581915,0.651125,0.932625,1.69835,1.78862,0.42272,1.24642,1.28537,1.88127,7.45031,-0.215133,-0.125583,-0.218235,-0.671467,-1.42562,-3.17402,-0.177694
261,64,Male,Christian,Divorced,No,Bereaved,2,NA,,20260909002,-10.8845,-0.997105,-10.2616,-1.93736,-11.533,-0.0857629,0.0231558,0.122359,0.15868,-0.159777,1.01961,0.594685,0.571016,0.73499,1.98155,1.77245,0.565085,1.23753,1.24068,2.08887,8.95447,-0.179948,-0.168357,-0.253521,-0.679483,-1.41596,-3.1551,-0.191771
262,54,Male,Christian,Married,Yes,Had COVID,3,NA,,20260909002,-11.0002,-0.82308,-10.4429,-2.03387,-11.5549,-0.174689,-0.112322,0.0553082,0.0455199,-0.145777,1.10029,0.614625,0.635407,0.967799,1.77736,1.88654,0.553337,1.326,1.41708,2.01207,9.12427,-0.175259,-0.0575578,-0.269595,-0.684058,-1.45567,-3.15912,-0.197609
263,37,Female,Christian,Married,No,Long COVID,2,3,Communitarianism,20260909002,-9.38887,-0.787188,-8.78491,-1.70128,-9.94863,-0.270763,-0.232825,-0.0204598,-0.156671,-0.299766,1.03259,0.582044,0.558427,0.859123,1.60843,1.8264,0.578236,1.23892,1.27104,1.97039,7.56205,-0.19414,-0.173352,-0.254792,-0.679047,-1.41419,-3.13014,-0.212591
264,25,Male,Jewish,Single,No,Had COVID,1,NA,,20260909002,-9.57502,-0.661106,-9.23431,-1.8154,-10.2134,-0.507859,-0.280897,-0.033238,-0.110638,-0.542533,0.921112,0.49076,0.586118,0.708111,1.7467,1.49579,0.245571,1.12266,1.18597,1.75571,8.02103,-0.179706,-0.0710394,-0.22751,-0.65106,-1.43009,-3.11659,-0.209958
265,87,Female,No religion,Married,No,None,3,NA,,20260909002,-10.48,-0.887846,-10.0378,-1.71344,-11.3449,-0.27479,-0.00874293,0.0567217,-0.100442,0.0176138,1.08567,0.602569,0.652741,0.705801,1.97235,2.00749,0.636485,1.38106,1.27324,2.14886,8.68969,-0.168598,-0.120669,-0.278211,-0.643168,-1.40649,-3.15567,-0.234584
266,78,Female,Christian,Married,No,Had COVID,2,NA,,20260909002,-10.5366,-0.881839,-9.95902,-2.01369,-11.2421,-0.198776,-0.0294369,0.00921337,0.0429513,-0.0217768,0.973585,0.446393,0.577197,0.968702,1.65106,1.70239,0.416027,1.1909,1.32199,1.79737,8.72303,-0.155559,-0.130999,-0.268205,-0.677833,-1.37841,-3.12644,-0.174988
267,45,Male,Christian,Single,No,Had COVID,2,NA,,20260909002,-11.9836,-0.909959,-11.4068,-2.07611,-12.5008,-0.309758,-0.299394,-0.0362567,-0.067627,-0.507044,1.1647,0.60718,0.615051,0.82697,1.94931,2.02383,0.679492,1.50813,1.59827,2.15248,10.0349,-0.176083,-0.0623794,-0.276836,-0.674265,-1.35198,-3.12125,-0.233587
268,41,Female,Christian,Married,No,None,4,NA,,20260909002,-10.4183,-0.972869,-9.72082,-2.18781,-11.1086,-0.0481769,0.107063,0.175507,0.219711,0.0546115,1.13396,0.631265,0.541564,1.14132,1.85666,1.52841,0.359409,1.05158,1.29202,1.83868,8.46923,-0.198831,-0.141022,-0.235949,-0.652529,-1.40753,-3.09793,-0.214839
269,27,Female,No religion,Married,Yes,None,4,NA,,20260909002,-9.33496,-0.784358,-8.70324,-1.84059,-10.0111,-0.165642,-0.0983489,-0.0677049,-0.0282609,-0.271118,0.809134,0.328004,0.430805,0.699325,1.59243,1.70497,0.402223,1.22365,1.21616,2.14908,7.57106,-0.176931,-0.126946,-0.28165,-0.693416,-1.36009,-3.1095,-0.17243
270,73,Female,Not answered,Married,No,Bereaved,2,NA,,20260909002,-8.42825,-0.901232,-7.8097,-2.00414,-9.12815,-0.121762,-0.0368199,0.0518605,0.0657304,-0.160946,0.847934,0.349887,0.438105,0.687682,1.5491,1.7914,0.513507,1.28976,1.525,2.02852,6.56336,-0.192436,-0.149507,-0.248127,-0.697788,-1.37603,-3.11613,-0.165472
271,45,Male,No religion,Married,No,None,3,NA,,20260909002,-10.1705,-1.02259,-9.49098,-1.83491,-10.8852,-0.20241,-0.0986103,0.0526554,-0.103155,-0.0453648,1.16304,0.658944,0.567642,0.68433,1.86936,1.90682,0.679087,1.32181,1.30603,2.22083,8.18332,-0.197098,-0.132641,-0.245302,-0.693785,-1.41686,-3.11731,-0.200793
272,70,Male,Christian,Married,No,None,3,NA,,20260909002,-11.1255,-0.983328,-10.5092,-1.91402,-11.9106,-0.147133,-0.00353151,0.10568,0.128189,-0.0762974,1.09421,0.587618,0.563874,0.842525,1.88551,1.83367,0.708491,1.30767,1.38994,2.22066,9.25788,-0.157978,-0.15686,-0.262068,-0.678905,-1.40581,-3.19002,-0.213473
273,70,Female,No religion,Married,No,None,2,NA,,20260909002,-10.5022,-0.746369,-9.9636,-1.95144,-11.1732,-0.227561,-0.0847668,0.0180612,0.0603582,-0.111485,0.72036,0.20921,0.402619,0.664547,1.4156,1.76049,0.38519,1.15548,1.31329,1.95468,8.76299,-0.18382,-0.090489,-0.218187,-0.598141,-1.35775,-3.13306,-0.205377
274,77,Male,Christian,Married,No,Had COVID,3,NA,,20260909002,-9.60195,-1.14355,-8.79923,-2.01437,-10.1892,-0.094205,-0.113494,-0.0223872,-0.054517,-0.19239,1.46801,0.840603,0.636818,0.890595,2.14038,2.14872,0.847206,1.31647,1.27554,2.29748,7.40343,-0.183489,-0.0787542,-0.263961,-0.662134,-1.40521,-3.13411,-0.18379
275,31,Male,Christian,Married,Yes,None,2,NA,,20260909002,-10.6049,-0.795319,-10.0035,-1.94786,-11.1582,-0.188486,-0.147943,0.112058,0.10817,-0.334331,0.806982,0.337563,0.499178,0.681841,1.59213,1.87242,0.469511,1.23431,1.46412,1.94299,8.77224,-0.131193,-0.145099,-0.28854,-0.783862,-1.39144,-3.13865,-0.226101
276,27,Male,Christian,Single,No,None,1,NA,,20260909002,-9.21779,-0.897733,-8.60793,-1.80547,-10.022,-0.281702,-0.136155,0.0868992,-0.0803939,-0.16428,1.08026,0.632497,0.596815,0.798865,2.1363,1.73694,0.466831,1.27428,1.13981,1.88343,7.34971,-0.202917,-0.148335,-0.280636,-0.786622,-1.41008,-3.18998,-0.193876
277,31,Male,Jewish,Divorced,Yes,Had COVID,4,NA,,20260909002,-10.6918,-0.737905,-10.3368,-1.74409,-11.5532,-0.22496,-0.0109488,0.0364886,-0.200606,-0.108685,0.880733,0.420697,0.500962,0.69337,1.76611,1.5067,0.402363,1.18256,1.21307,1.93331,9.12816,-0.163033,-0.0607995,-0.22811,-0.645724,-1.38695,-3.06768,-0.227852
278,47,Male,Christian,Married,No,Had COVID,2,NA,,20260909002,-11.1057,-0.87766,-10.5129,-1.93472,-11.9992,-0.172084,-0.1055,0.0338254,0.0820591,-0.0831555,1.0334,0.539185,0.502681,0.782813,1.92284,1.62121,0.48254,1.21198,1.25869,2.21875,9.29136,-0.175387,-0.153758,-0.312054,-0.663782,-1.36492,-3.1104,-0.181577
279,60,Female,No religion,Married,No,None,4,NA,,20260909002,-9.74715,-1.00275,-9.08877,-1.95787,-10.5874,-0.338849,-0.249002,-0.0574147,-0.185512,-0.226218,1.10954,0.633175,0.508412,0.927736,1.96378,2.00726,0.741947,1.30519,1.5144,2.3173,7.82875,-0.17648,-0.0773671,-0.205993,-0.65816,-1.37165,-3.05994,-0.183946
280,36,Male,Hindu,Single,No,None,1,NA,,20260909002,-9.16966,-0.716917,-8.81955,-1.62993,-10.0066,-0.332266,-0.207435,5.39332e-5,-0.0277188,-0.233637,0.867216,0.43638,0.554727,0.648404,1.8462,1.45032,0.217929,1.19099,0.892474,1.9278,7.56359,-0.243982,-0.161306,-0.255588,-0.710508,-1.37899,-3.12292,-0.204611
281,72,Female,Christian,Married,No,None,3,NA,,20260909002,-11.7244,-1.00399,-11.1944,-2.17878,-12.4524,-0.246306,-0.136442,0.0521658,0.0249399,-0.271219,1.00873,0.591925,0.630745,0.990819,1.90574,1.91832,0.666765,1.31402,1.5398,2.11053,9.87025,-0.150048,-0.14075,-0.23666,-0.627014,-1.35571,-3.06425,-0.186997
282,21,Male,Christian,Single,No,Had COVID,1,NA,,20260909002,-9.52534,-0.902544,-9.06883,-1.7914,-10.3576,-0.318488,-0.096854,0.0126804,-0.129304,-0.166434,0.932448,0.420486,0.506676,0.598185,1.57138,1.53886,0.251043,1.18781,1.07648,1.88399,7.76056,-0.129427,-0.11161,-0.288806,-0.685115,-1.39891,-3.14463,-0.175714
283,34,Female,Christian,Single,No,None,2,NA,,20260909002,-9.70143,-0.702713,-9.20422,-1.6466,-10.5367,-0.217046,-0.0339351,0.0424294,0.0552241,-0.0246039,1.03175,0.405663,0.545266,0.664989,1.74617,1.54053,0.301654,1.17582,0.915317,1.89485,8.05826,-0.181059,-0.175649,-0.259657,-0.686008,-1.34138,-3.07433,-0.182763
284,28,Female,Christian,Separated,Yes,None,3,NA,,20260909002,-11.8008,-1.08465,-11.1535,-2.04548,-12.4462,-0.249826,-0.068246,0.0755437,0.0236432,-0.227047,1.12602,0.614304,0.535984,0.710669,1.9077,2.01287,0.740225,1.34123,1.35313,2.27942,9.80868,-0.157004,-0.0830945,-0.257034,-0.665819,-1.40971,-3.16065,-0.152348
285,26,Female,No religion,Single,No,Bereaved,4,2,Libertarianism,20260909002,-9.93417,-0.881387,-9.4104,-1.84535,-10.646,-0.512012,-0.268698,-0.0980769,-0.205349,-0.457491,0.94633,0.520994,0.486496,0.710787,1.8262100000000001,1.78229,0.475894,1.2708,1.3124,2.01239,8.19401,-0.18616,-0.0887922,-0.306388,-0.712474,-1.40471,-3.16729,-0.187947
286,48,Male,No religion,Married,No,None,1,NA,,20260909002,-7.56821,-0.758604,-7.02275,-1.83739,-8.30003,-0.145597,-0.0637349,0.0551765,5.62985e-4,0.057888,1.05174,0.502178,0.393082,0.771335,1.70321,1.57129,0.412635,1.14159,1.21657,1.7167,5.81037,-0.226064,-0.17442,-0.249211,-0.691445,-1.39546,-3.15709,-0.226838
287,81,Male,Christian,Married,No,Bereaved,3,NA,,20260909002,-11.0398,-0.778559,-10.3421,-1.98117,-11.4481,-0.147248,-0.205162,0.0602916,-0.0185241,-0.503559,0.976974,0.386481,0.434995,0.851534,1.56555,1.77966,0.361156,1.14913,1.36578,1.76449,9.18155,-0.182646,-0.152912,-0.235147,-0.615374,-1.36989,-3.11393,-0.169641
288,40,Male,Muslim,Single,Yes,Had COVID,1,NA,,20260909002,-11.476,-0.787085,-10.6449,-1.92832,-12.0384,-0.202616,-0.185315,-0.0282104,0.034206,-0.319682,1.18199,0.529587,0.50557,0.865797,1.91464,1.93827,0.539864,1.229,1.43295,2.12247,9.54323,-0.211224,-0.154807,-0.246331,-0.613053,-1.33965,-3.06951,-0.188707
289,38,Male,No religion,Divorced,Yes,Had COVID,4,NA,,20260909002,-8.5509,-0.876753,-7.87472,-1.98331,-9.06895,-0.296541,-0.208006,-0.0140897,0.0289413,-0.306321,1.35492,0.782404,0.688066,0.966937,1.86873,1.73014,0.391904,1.09372,1.1783,1.72426,6.63163,-0.168587,-0.129821,-0.278594,-0.685733,-1.37054,-3.08756,-0.175961
290,32,Male,Christian,Single,No,Had COVID,2,NA,,20260909002,-9.23927,-1.05424,-8.49477,-1.89242,-10.0073,-0.102062,-0.00288773,0.0164176,-0.026823,-0.120403,1.13018,0.590227,0.483654,0.708241,1.92922,1.84907,0.564338,1.24312,1.22809,2.14801,7.25054,-0.141095,-0.0978156,-0.292503,-0.677477,-1.43286,-3.1457,-0.178268
291,43,Female,Christian,Married,Yes,None,4,NA,,20260909002,-10.6451,-0.742219,-10.0983,-1.7022,-11.2176,-0.36823,-0.232305,0.00996191,-0.109114,-0.417662,1.12415,0.601447,0.594851,0.709306,1.86075,1.84369,0.589009,1.27071,1.19769,2.10126,8.90872,-0.215857,-0.146547,-0.281841,-0.71337,-1.39719,-3.25187,-0.23789
292,75,Male,Christian,Married,No,None,2,NA,,20260909002,-11.4643,-0.791874,-10.7657,-1.84736,-11.9701,-0.314968,-0.26407,0.0368715,-0.105987,-0.344939,1.21291,0.505023,0.456118,0.880007,1.64264,1.89947,0.523255,1.23328,1.24092,2.00544,9.56396,-0.193165,-0.133919,-0.267692,-0.669594,-1.37858,-3.11301,-0.216713
293,54,Female,Christian,Married,No,Had COVID,4,NA,,20260909002,-9.60369,-0.769727,-9.17845,-1.886,-10.5069,-0.319898,-0.090282,0.118867,0.0586835,-0.122981,0.868591,0.371931,0.378606,0.744445,1.78687,1.77185,0.42616,1.12622,1.19848,2.13337,7.94173,-0.172754,-0.15748,-0.272269,-0.620271,-1.41364,-3.16167,-0.185825
294,79,Male,Not answered,Married,No,Had COVID,3,2,Libertarianism,20260909002,-11.4694,-0.779342,-10.8022,-1.9505,-12.0373,-0.186885,-0.112155,-0.0301682,0.0599418,-0.129487,1.09797,0.498971,0.453962,0.893556,1.77253,1.6422,0.289736,1.15607,1.26828,1.77345,9.66318,-0.180188,-0.144252,-0.235625,-0.650741,-1.35438,-3.0923,-0.20666
295,46,Male,No religion,Single,No,Had COVID,1,NA,,20260909002,-8.10838,-0.849197,-7.58127,-2.04676,-8.80875,-0.151369,0.0558905,0.135388,0.282019,-0.0461734,0.884677,0.402794,0.510244,0.914096,1.69435,1.82047,0.52331,1.30072,1.39858,1.95757,6.28453,-0.178388,-0.134498,-0.231206,-0.647869,-1.38467,-3.12197,-0.154749
296,44,Female,Christian,Single,No,Had COVID,1,NA,,20260909002,-9.10654,-0.98714,-8.61014,-1.94515,-9.85732,-0.117966,0.0483385,0.114134,-0.00501521,-0.0942098,0.984696,0.466716,0.54243,0.603466,1.82252,1.68971,0.345447,1.31022,1.24391,1.9228,7.21528,-0.142526,-0.0820548,-0.29206,-0.688498,-1.37709,-3.12429,-0.123534
297,56,Female,No religion,Married,Yes,Had COVID,4,NA,,20260909002,-9.93681,-0.909413,-9.27383,-1.99095,-10.6328,-0.0750341,0.0263791,0.196563,0.131072,-0.13595,1.25684,0.639806,0.503928,0.880264,1.91066,1.8242,0.505611,1.23603,1.27528,2.09785,7.99996,-0.194431,-0.170413,-0.239144,-0.621155,-1.33784,-3.1144,-0.222518
298,26,Female,Not answered,Married,No,None,1,NA,,20260909002,-9.81706,-0.821779,-9.25579,-2.20703,-10.4052,-0.0462872,-0.0502402,0.086898,0.0942902,-0.135073,1.0417,0.432984,0.612192,0.889589,1.59034,1.75846,0.512526,1.27187,1.65917,2.04461,7.91413,-0.173469,-0.0767701,-0.254191,-0.63265,-1.42058,-3.14674,-0.221437
299,44,Male,No religion,Divorced,No,None,4,NA,,20260909002,-10.4248,-0.826038,-9.82829,-1.97045,-11.0544,-0.220481,-0.12841,0.00560435,-0.0608166,-0.219303,1.08299,0.447928,0.599623,0.958377,1.81771,1.67314,0.343973,1.21752,1.29014,1.70911,8.55685,-0.143534,-0.0887969,-0.28474,-0.678429,-1.44653,-3.19953,-0.171613
300,19,Female,No religion,Single,No,Bereaved,1,NA,,20260909002,-7.59296,-0.908805,-6.91646,-1.96472,-8.45159,-0.188123,-0.051467,-0.00344533,-0.111981,0.0276434,1.18009,0.592324,0.582026,0.963384,1.99872,1.99124,0.61114,1.29955,1.58076,2.23149,5.63594,-0.210791,-0.142969,-0.241794,-0.670439,-1.35528,-3.10391,-0.195692
301,68,Female,No religion,Married,No,Bereaved,3,4,Conspiracy Ideation,20260909002,-10.1313,-0.857931,-9.62751,-2.00739,-10.8264,-0.400555,-0.325576,0.0313718,-0.0935883,-0.396361,1.12531,0.686284,0.717106,0.934758,2.10908,1.89456,0.631003,1.29233,1.40396,2.08722,8.27861,-0.224936,-0.145731,-0.256893,-0.645868,-1.41559,-3.12469,-0.203946
302,35,Female,Christian,Single,No,Bereaved,1,NA,,20260909002,-10.0684,-0.98698,-9.18867,-1.97793,-10.5688,-0.192825,-0.101864,0.0207144,0.0388145,-0.110757,1.21863,0.562773,0.461613,0.969382,1.79235,1.92743,0.586782,1.19245,1.33735,1.95811,7.97338,-0.126796,-0.126344,-0.259753,-0.668787,-1.38707,-3.09869,-0.187471
303,60,Male,Christian,Married,No,None,3,NA,,20260909002,-8.46019,-0.736992,-8.01287,-1.73201,-9.19018,-0.332999,-0.201248,0.0879928,0.112153,-0.187537,1.01665,0.435809,0.54055,0.548512,1.58842,1.72347,0.415869,1.23343,0.902639,1.91213,6.66691,-0.157972,-0.138216,-0.25603,-0.660017,-1.44269,-3.19068,-0.201664
304,62,Male,Christian,Married,No,None,4,NA,,20260909002,-10.0287,-0.773602,-9.4035,-1.66393,-10.878,-0.210827,-0.179738,-0.0709759,-0.12742,-0.373093,0.724713,0.445131,0.266056,0.695301,1.95469,1.54547,0.475094,1.03067,1.09353,2.11849,8.43229,-0.163647,-0.121395,-0.24033,-0.687077,-1.41377,-3.11974,-0.190937
305,41,Female,No religion,Married,Yes,Had COVID,2,NA,,20260909002,-9.21779,-0.897733,-8.60793,-1.80547,-10.022,-0.281702,-0.136155,0.0868992,-0.0803939,-0.16428,1.08026,0.632497,0.596815,0.798865,2.1363,1.73694,0.466831,1.27428,1.13981,1.88343,7.34971,-0.202917,-0.148335,-0.280636,-0.786622,-1.41008,-3.18998,-0.193876
306,27,Female,No religion,Married,No,None,4,NA,,20260909002,-10.5021,-0.979923,-9.76274,-1.98163,-10.9472,-0.263745,-0.214316,0.0222503,0.165276,-0.253106,1.19264,0.600388,0.500097,0.790774,1.72493,2.00371,0.582806,1.24768,1.1948,1.9233,8.46184,-0.155994,-0.123851,-0.262136,-0.683041,-1.39313,-3.11969,-0.169953
307,22,Male,No religion,Single,No,None,3,3,Communitarianism,20260909002,-10.5526,-0.911089,-10.0411,-1.76729,-11.3583,-0.453775,-0.175223,0.0190834,-0.11972,-0.231738,0.996223,0.496963,0.531442,0.63126,1.81203,1.88963,0.589893,1.24835,1.29524,2.08214,8.78925,-0.182137,-0.141821,-0.288647,-0.662342,-1.34847,-3.08815,-0.191718
308,75,Male,Christian,Single,No,Bereaved,4,NA,,20260909002,-9.49185,-0.781586,-8.93068,-1.68349,-10.2175,-0.209674,-0.060814,0.0852677,0.00234868,-0.157922,1.03083,0.45711,0.48853,0.592084,1.79638,1.73161,0.454503,1.21278,1.04415,1.92963,7.75178,-0.222889,-0.11318,-0.219476,-0.675859,-1.34601,-3.10685,-0.236765
309,73,Male,Not answered,Married,No,Had COVID,1,NA,,20260909002,-11.0427,-0.866033,-10.4186,-2.04229,-11.4994,-0.236881,-0.238114,-0.106235,-0.122251,-0.40606,1.19477,0.649099,0.568642,0.895463,1.90601,1.99011,0.632929,1.32858,1.47531,2.0329,9.14274,-0.185085,-0.0542997,-0.288884,-0.643426,-1.40829,-3.08918,-0.185462
310,31,Female,No religion,Single,No,Bereaved,1,4,Conspiracy Ideation,20260909002,-10.0826,-0.958219,-9.40675,-1.85458,-10.9328,-0.0950625,-0.0518725,0.0153979,-3.77818e-4,-0.0373923,0.932069,0.465719,0.430448,0.641514,1.77341,1.68862,0.364423,1.14136,1.14301,1.95991,8.2158,-0.168286,-0.154513,-0.208313,-0.603664,-1.42895,-3.12593,-0.182301
311,50,Male,No religion,Married,No,None,2,NA,,20260909002,-9.70588,-0.754887,-9.22442,-1.97191,-10.4662,-0.392561,-0.144277,-0.0306005,-0.036164,-0.150013,0.919486,0.403781,0.39677,0.750786,1.70376,1.65574,0.377892,1.18606,1.35397,1.89157,8.04764,-0.135831,-0.0926511,-0.256315,-0.611172,-1.41189,-3.18436,-0.149537
312,33,Female,No religion,Married,Yes,Bereaved,2,NA,,20260909002,-8.48566,-0.715766,-8.17268,-1.90632,-9.65558,-0.304308,-0.0838293,0.0128051,-0.0368712,0.00634186,0.886872,0.464604,0.56334,0.979295,1.91072,1.43945,0.19027,1.10981,1.22711,1.94703,6.94454,-0.140141,-0.0791336,-0.219396,-0.661314,-1.38121,-3.17244,-0.190038
313,27,Male,Christian,Single,No,Had COVID,1,NA,,20260909002,-11.2884,-0.633612,-10.6729,-1.84335,-11.8049,-0.113757,-0.108557,0.0785302,0.145627,-0.210172,1.14284,0.382153,0.445333,0.642753,1.84515,1.77982,0.315121,1.1583,1.21813,1.81488,9.47279,-0.150318,-0.0532347,-0.261003,-0.66899,-1.4669,-3.22109,-0.219487
314,68,Male,Christian,Married,No,Had COVID,1,NA,,20260909002,-10.2122,-0.796772,-9.79827,-1.86419,-10.8775,-0.343848,-0.152064,0.00752948,-0.0894374,-0.267087,1.01328,0.711738,0.598589,0.80445,1.94798,1.67984,0.447731,1.28973,1.32166,1.90396,8.50719,-0.157293,-0.10922,-0.295822,-0.674575,-1.44286,-3.20064,-0.235626
315,90,Female,No religion,Divorced,No,None,3,NA,,20260909002,-9.62811,-0.807467,-9.08544,-1.9405,-10.3348,-0.403792,-0.245272,-0.0410587,-0.259735,-0.473313,1.31869,0.704987,0.638447,1.0502,2.00555,2.00169,0.624651,1.32237,1.61939,2.21202,7.84073,-0.130662,-0.108893,-0.233639,-0.661178,-1.37287,-3.19616,-0.203796
316,67,Female,Christian,Widowed,No,Had COVID,2,NA,,20260909002,-9.33739,-0.854468,-8.7040400000000009,-1.87089,-9.99107,-0.0542669,0.0182971,0.0921081,-0.00511422,0.109632,1.05576,0.556618,0.498049,0.760635,1.60739,1.7246,0.518006,1.26356,1.35315,1.80016,7.4817,-0.126285,-0.0880488,-0.270259,-0.717625,-1.36872,-3.14199,-0.183756
317,77,Female,Muslim,Divorced,No,Bereaved,2,NA,,20260909002,-10.2397,-0.927304,-9.63359,-1.99056,-10.9559,0.0214944,0.155551,0.192035,0.111434,0.127333,1.01032,0.482552,0.477352,0.832414,1.6894,1.67478,0.404028,1.17197,1.22127,1.93296,8.37228,-0.205835,-0.168642,-0.202164,-0.653843,-1.37741,-3.11398,-0.206534
318,78,Female,Christian,Married,No,None,3,NA,,20260909002,-9.52318,-0.918753,-8.93821,-2.0074,-10.2167,-0.320254,-0.183542,-0.0178981,-0.00541253,-0.286578,1.1013,0.573144,0.600749,0.938491,1.96315,1.8423,0.499353,1.28416,1.38282,2.0592,7.62004,-0.166336,-0.157293,-0.287575,-0.687013,-1.38689,-3.17316,-0.210898
319,82,Male,Christian,Single,No,None,1,NA,,20260909002,-11.9897,-0.69922,-11.4225,-1.62244,-12.7449,-0.281137,-0.145869,-0.0354336,-0.23186,-0.216916,0.771784,0.28037,0.32016,0.517515,1.4878,1.55224,0.252305,1.07181,1.03561,1.84581,10.3811,-0.122341,-0.0780049,-0.242801,-0.673176,-1.41601,-3.14099,-0.180363
320,77,Male,Not answered,Single,No,None,1,NA,,20260909002,-9.65852,-0.774652,-8.9809,-1.76791,-10.3178,-0.305611,-0.267112,-0.0380716,-0.206108,-0.459445,1.11448,0.462747,0.437442,0.614228,1.90109,1.83584,0.520463,1.12216,1.17843,2.2058,7.80556,-0.130374,-0.0982998,-0.299643,-0.67865,-1.3909,-3.11625,-0.173616
321,25,Male,No religion,Married,No,None,3,NA,,20260909002,-10.2362,-0.887949,-9.53052,-1.7643,-10.9976,-0.13252,0.0453429,0.117015,-0.00473682,-0.059,1.05374,0.46757,0.491041,0.5647,1.93823,1.78948,0.483741,1.16181,1.17619,2.14586,8.31353,-0.19671,-0.14241,-0.284839,-0.678937,-1.4267,-3.12109,-0.165438
322,51,Male,Christian,Married,No,Had COVID,1,1,Scientific Rationalism,20260909002,-8.72191,-0.649132,-8.26741,-1.70869,-9.50971,-0.448102,-0.293485,-0.0603138,-0.155703,-0.332823,1.07593,0.641462,0.493636,0.767237,1.88611,1.86048,0.522457,1.2347,1.3268,1.88594,7.17174,-0.167629,-0.149882,-0.216644,-0.593705,-1.34052,-3.06889,-0.189013
323,43,Female,Christian,Married,Yes,None,4,NA,,20260909002,-9.72786,-0.835523,-9.08853,-1.82978,-10.4497,-0.144189,-0.055242,0.0259318,-0.0472251,4.8513e-5,1.0122,0.517425,0.465937,0.586996,1.62019,1.70047,0.330026,1.06843,1.12825,1.90263,7.88188,-0.158854,-0.0976655,-0.2192,-0.65117100000000006,-1.3635,-3.08602,-0.173372
324,75,Male,No religion,Married,No,None,4,NA,,20260909002,-8.47243,-0.854754,-7.96992,-1.88462,-9.13899,-0.0711049,0.0421076,0.107822,-0.101859,0.00669467,1.11924,0.516941,0.593397,0.954615,1.69151,1.65685,0.396394,1.26403,1.39584,1.77713,6.60102,-0.18277,-0.173224,-0.286263,-0.666535,-1.40741,-3.1466,-0.205624
325,19,Female,Christian,Single,No,Had COVID,4,NA,,20260909002,-8.39582,-0.937292,-7.81043,-1.90067,-9.11685,-0.16115,-0.165433,-0.0209721,-0.0219061,-0.26072,1.07822,0.723766,0.547298,0.86476,1.90689,1.72613,0.596837,1.25355,1.29169,1.98418,6.57228,-0.154379,-0.133757,-0.281828,-0.679984,-1.37542,-3.0918,-0.164726
326,27,Female,No religion,Single,No,Had COVID,3,NA,,20260909002,-9.82626,-0.756176,-9.20354,-1.72612,-10.5862,-0.144869,-0.0669617,0.0617023,-0.0303154,-0.188797,1.00164,0.458624,0.398838,0.539051,1.72444,1.5191,0.269065,1.02322,0.965757,1.88832,8.09995,-0.18469,-0.105574,-0.26402,-0.681629,-1.36712,-3.145,-0.174457
327,22,Male,No religion,Single,No,Had COVID,3,NA,,20260909002,-10.8147,-0.984348,-10.1944,-1.69601,-11.6009,-0.266535,-0.0374513,0.073947,-0.0407747,-0.131774,1.15221,0.630222,0.584883,0.632842,2.00696,1.92392,0.677914,1.25778,1.18587,2.22257,8.95511,-0.159911,-0.193095,-0.253775,-0.735826,-1.37883,-3.11075,-0.202588
328,65,Male,Christian,Married,No,Bereaved,4,NA,,20260909002,-10.0717,-1.13055,-9.53833,-2.08551,-10.7771,-0.329239,-0.105776,0.034018,-0.110756,-0.222849,1.23748,0.837015,0.686418,0.975795,2.05703,1.98665,0.799244,1.44541,1.45722,2.27646,8.10395,-0.182651,-0.0925747,-0.204905,-0.602927,-1.40607,-3.09575,-0.156377
329,55,Male,Christian,Married,No,None,3,NA,,20260909002,-10.7409,-0.754661,-10.2355,-1.70685,-11.5135,-0.282687,-0.242812,-0.0743662,-0.211518,-0.343517,0.8992,0.540767,0.58531,0.7295,1.92015,1.69326,0.527968,1.30153,1.27363,2.11837,9.07687,-0.189782,-0.18923,-0.28412,-0.736564,-1.39984,-3.13651,-0.189543
330,85,Male,Christian,Widowed,No,None,3,NA,,20260909002,-10.1486,-0.879405,-9.60377,-1.81623,-11.0842,-0.252678,-0.0646705,0.0403216,0.0225749,-0.204208,0.94744,0.504812,0.591043,0.722323,1.84715,1.63309,0.366224,1.08327,1.08249,2.06863,8.44722,-0.148355,-0.12221,-0.238408,-0.686489,-1.35049,-3.10666,-0.167816
331,49,Female,No religion,Single,No,None,3,NA,,20260909002,-11.2367,-0.828204,-10.4112,-1.8344,-11.8946,-0.188327,-0.0929691,0.0368577,-0.014948,-0.19981,1.3057,0.542531,0.457248,0.799288,1.95878,1.86206,0.383513,1.0614,1.08847,1.99,9.29482,-0.118918,-0.0778598,-0.233167,-0.648494,-1.3962,-3.14991,-0.169633
332,57,Male,Christian,Single,No,None,1,NA,,20260909002,-9.78623,-0.97531,-9.04063,-1.92054,-10.4233,-0.123357,-1.15457e-4,0.0497188,-0.108935,-0.00575024,1.13614,0.507901,0.449647,0.837848,1.8374,2.05281,0.643622,1.23711,1.37453,2.0619,7.74976,-0.124895,-0.0645234,-0.257863,-0.627577,-1.44024,-3.12319,-0.191409
333,64,Male,Not answered,Married,No,Had COVID,4,NA,,20260909002,-11.4471,-0.845713,-10.9723,-1.88219,-12.3481,-0.471879,-0.326714,-0.112101,-0.206011,-0.35723,1.20895,0.704839,0.736354,0.878884,2.20999,1.79277,0.552706,1.35482,1.24968,2.2697600000000002,9.67367,-0.152631,-0.10618,-0.236424,-0.646837,-1.39506,-3.17962,-0.195369
334,87,Female,Christian,Married,No,None,4,NA,,20260909002,-9.69538,-0.813584,-9.10346,-1.69658,-10.5322,-0.394527,-0.198105,-0.00333089,-0.223671,-0.242922,0.857302,0.404771,0.351858,0.470095,1.69451,1.79162,0.554881,1.08607,1.1841,2.11851,7.98388,-0.179011,-0.135488,-0.219488,-0.647617,-1.42084,-3.15383,-0.168628
335,26,Male,No religion,Divorced,Yes,Had COVID,3,NA,,20260909002,-10.0717,-1.13055,-9.53833,-2.08551,-10.7771,-0.329239,-0.105776,0.034018,-0.110756,-0.222849,1.23748,0.837015,0.686418,0.975795,2.05703,1.98665,0.799244,1.44541,1.45722,2.27646,8.10395,-0.182651,-0.0925747,-0.204905,-0.602927,-1.40607,-3.09575,-0.156377
336,49,Male,Christian,Married,No,None,3,NA,,20260909002,-9.7047,-0.869604,-9.16271,-1.75167,-10.4958,-0.173669,-0.0574612,0.107427,-0.20998,-0.156047,1.05447,0.588372,0.54095,0.687589,1.83923,1.63805,0.378701,1.13652,1.09231,2.11338,7.88276,-0.149526,-0.0940344,-0.205817,-0.659254,-1.39312,-3.14586,-0.179061
337,34,Female,Christian,Single,No,Long COVID,3,NA,,20260909002,-10.0279,-0.911357,-9.27279,-1.78213,-10.8085,-0.165727,0.0157983,0.0821541,0.0542572,-0.0309776,1.04802,0.514953,0.43429,0.80005,1.80473,1.89055,0.590981,1.07316,1.2209700000000001,2.09799,8.18774,-0.190715,-0.19605,-0.237443,-0.671374,-1.33989,-3.12965,-0.206166
338,35,Male,Christian,Married,Yes,Had COVID,1,NA,,20260909002,-10.0671,-0.757833,-9.37806,-1.98687,-10.7481,-0.269721,-0.177847,-0.0318417,-0.13345,-0.268659,1.16056,0.482362,0.474597,0.920979,1.90501,1.80137,0.494984,1.13595,1.3981,2.0666,8.29007,-0.222001,-0.173728,-0.171668,-0.625912,-1.36525,-3.10224,-0.193716
339,47,Female,No religion,Married,Yes,None,4,NA,,20260909002,-9.86674,-0.925552,-9.29053,-2.14144,-10.5445,-0.307986,-0.161672,0.0437306,0.0428422,-0.138768,1.0933,0.518217,0.716106,0.983273,1.89241,2.12789,0.735223,1.52027,1.68222,2.26959,7.86972,-0.218948,-0.155115,-0.258821,-0.63089,-1.38251,-3.08881,-0.203437
340,53,Female,No religion,Married,No,None,1,NA,,20260909002,-10.2584,-0.783574,-9.84599,-1.87656,-11.0055,-0.233294,-0.0883618,0.00909296,0.019463,-0.326036,1.00809,0.465039,0.639515,0.848394,1.87417,1.71947,0.41535300000000003,1.24644,1.12849,1.9512100000000001,8.57089,-0.162002,-0.16509,-0.253582,-0.637232,-1.37971,-3.15082,-0.164084
341,77,Female,Christian,Married,No,None,2,NA,,20260909002,-12.104,-0.646634,-11.5313,-1.62814,-12.7186,-0.31097,-0.145365,0.0263102,-0.0837845,-0.251032,0.825265,0.274005,0.357206,0.477569,1.66385,1.5879,0.29644,1.06235,0.951298,1.81233,10.4606,-0.209654,-0.143445,-0.274413,-0.665088,-1.39352,-3.14875,-0.169255
342,75,Male,Christian,Married,No,None,1,1,Scientific Rationalism,20260909002,-9.83392,-0.859298,-9.26709,-1.8393,-10.6203,-0.41814,-0.214088,-0.0501617,-0.154618,-0.456637,1.19349,0.645759,0.554407,0.799443,2.1283,1.67174,0.418449,1.21496,1.23345,2.04732,8.06089,-0.146007,-0.0737438,-0.258074,-0.675096,-1.356,-3.15431,-0.176606
343,21,Male,Hindu,Single,No,None,1,NA,,20260909002,-9.94889,-0.888496,-9.49149,-1.73359,-10.8247,-0.124725,0.0423777,0.0687151,0.0150098,-0.0674527,0.860536,0.432803,0.49458,0.608029,1.86227,1.59604,0.444469,1.22429,1.04479,1.97221,8.23073,-0.183948,-0.125916,-0.215217,-0.628057,-1.31349,-3.07809,-0.200888
344,28,Male,No religion,Married,No,Bereaved,3,NA,,20260909002,-8.93299,-0.742195,-8.37828,-1.89745,-9.59496,-0.36448,-0.228637,-0.0175998,-0.0647912,-0.258914,1.0712,0.565992,0.543757,0.805116,1.81035,1.73266,0.469211,1.13078,1.25986,2.02971,7.17275,-0.207945,-0.0564127,-0.255182,-0.628807,-1.41174,-3.11636,-0.215131
345,72,Male,Christian,Married,No,Bereaved,2,1,Scientific Rationalism,20260909002,-11.8512,-0.909077,-11.2088,-2.06197,-12.4963,-0.253001,-0.240617,0.0404946,-0.0895688,-0.229285,1.22015,0.594599,0.670877,1.05455,1.85355,2.00451,0.657046,1.34927,1.54572,2.21504,9.87803,-0.214572,-0.175643,-0.189416,-0.649216,-1.34968,-3.05252,-0.18906
346,67,Female,No religion,Widowed,No,None,1,NA,,20260909002,-10.2202,-0.932643,-9.56946,-1.96019,-10.9374,-0.372466,-0.185635,-0.0182113,-0.014539,-0.189948,1.40132,0.686583,0.597832,0.946115,1.74288,2.0576,0.755642,1.32302,1.45828,2.21029,8.32287,-0.178171,-0.133349,-0.205854,-0.641668,-1.35031,-3.08391,-0.191146
347,22,Male,No religion,Single,No,None,1,NA,,20260909002,-10.0161,-0.660953,-9.42832,-1.97432,-10.4741,-0.440492,-0.368209,-0.126394,-0.18773,-0.380873,1.0079,0.523837,0.515596,1.08637,1.62976,1.82902,0.534106,1.22938,1.4594,1.90334,8.30723,-0.190515,-0.1155,-0.229998,-0.65811,-1.39937,-3.13746,-0.201435
348,66,Female,Christian,Married,No,None,3,NA,,20260909002,-9.69587,-0.884047,-9.09932,-1.90122,-10.5608,-0.286942,-0.14414,0.0335852,-0.0659668,-0.0586599,1.25916,0.746713,0.720764,1.08549,2.0945,2.02852,0.653169,1.20828,1.35483,2.26433,7.79625,-0.145723,-0.135615,-0.232168,-0.71195,-1.37604,-3.15418,-0.190109
349,53,Female,Christian,Divorced,No,Had COVID,4,1,Scientific Rationalism,20260909002,-11.6557,-0.75171,-11.2728,-1.76232,-12.5055,-0.244013,-0.045915,0.0674089,-0.0781701,-0.286572,0.599519,0.264153,0.407928,0.560616,1.7388,1.44511,0.249786,1.11502,1.11039,1.87998,10.1173,-0.185566,-0.0814346,-0.268611,-0.701289,-1.40198,-3.16137,-0.190067
350,22,Male,Christian,Single,No,None,4,NA,,20260909002,-9.19882,-0.864098,-8.5878,-2.1073,-9.90493,-0.30464,-0.281646,-0.0496083,-0.0090526,-0.441855,1.08632,0.51349,0.524083,0.862327,1.96887,1.95281,0.580041,1.24343,1.50973,2.17348,7.29456,-0.157006,-0.0717968,-0.170994,-0.573558,-1.40822,-3.12165,-0.187399
351,87,Female,Christian,Married,No,None,1,NA,,20260909002,-9.77667,-0.74356,-9.15481,-1.66049,-10.4674,-0.26443,-0.0597143,0.00411127,-0.264232,-0.061018,0.902357,0.436558,0.372589,0.597626,1.75957,1.88687,0.52505,1.14727,1.17274,2.00567,8.03338,-0.132018,-0.146395,-0.238114,-0.616522,-1.41924,-3.13432,-0.147964
352,46,Female,No religion,Single,Yes,Had COVID,2,NA,,20260909002,-9.98342,-1.01987,-9.40421,-2.04861,-11.0649,-0.297873,-0.153122,0.0126128,-0.145118,-0.191961,1.05645,0.650661,0.695472,1.03351,2.22334,1.98991,0.702975,1.3557,1.47903,2.41027,8.0651,-0.195351,-0.127929,-0.220053,-0.658605,-1.35369,-3.15771,-0.184126
353,62,Female,Christian,Married,No,None,3,NA,,20260909002,-11.0064,-0.910642,-10.3695,-1.79118,-11.7622,-0.35259,-0.194745,0.056233,0.0241737,-0.208083,1.02683,0.608166,0.488706,0.546286,1.85573,1.91661,0.61267,1.23397,1.27973,2.03248,9.22335,-0.18373,-0.133648,-0.291006,-0.709146,-1.40032,-3.12553,-0.142309
354,51,Female,No religion,Widowed,Yes,Had COVID,3,NA,,20260909002,-10.9085,-0.927122,-10.4229,-2.06462,-11.5239,-0.424133,-0.204733,-0.00989971,-0.129222,-0.253256,0.829769,0.487545,0.577127,0.860138,1.60317,1.68901,0.540272,1.28311,1.49144,1.86551,9.12196,-0.180432,-0.114709,-0.28123,-0.708047,-1.40375,-3.15639,-0.172786
355,48,Female,No religion,Married,No,None,4,NA,,20260909002,-10.185,-0.742908,-9.65598,-1.73423,-10.8741,-0.474264,-0.399414,-0.0647011,-0.217614,-0.445766,1.02877,0.468998,0.505001,0.688368,1.80076,1.67633,0.415962,1.23415,1.19664,2.04803,8.47875,-0.177578,-0.110504,-0.303615,-0.672185,-1.40719,-3.12279,-0.189515
356,21,Female,Christian,Single,No,None,3,NA,,20260909002,-9.33496,-0.784358,-8.70324,-1.84059,-10.0111,-0.165642,-0.0983489,-0.0677049,-0.0282609,-0.271118,0.809134,0.328004,0.430805,0.699325,1.59243,1.70497,0.402223,1.22365,1.21616,2.14908,7.57106,-0.176931,-0.126946,-0.28165,-0.693416,-1.36009,-3.1095,-0.17243
357,21,Male,Christian,Single,No,None,4,NA,,20260909002,-11.2387,-0.696171,-10.9024,-1.71563,-11.9866,-0.309139,-0.0931149,0.0741148,-0.0573355,-0.146582,0.757753,0.199984,0.340279,0.326812,1.3568,1.53541,0.208494,1.17177,1.05804,1.68849,9.66099,-0.135336,-0.103518,-0.232476,-0.608287,-1.41721,-3.17192,-0.203449
358,53,Male,Muslim,Widowed,No,Had COVID,4,NA,,20260909002,-12.6737,-0.884014,-11.9894,-1.99525,-13.3254,-0.216394,-0.0341002,0.116087,0.0469683,-0.0213669,1.06446,0.30339699999999997,0.539099,0.820488,1.52735,1.87788,0.523158,1.26546,1.28872,2.09944,10.7793,-0.194047,-0.11381,-0.229701,-0.646957,-1.38674,-3.11349,-0.180544
359,57,Female,No religion,Single,No,Had COVID,4,NA,,20260909002,-11.6236,-0.931139,-11.0766,-1.9428,-12.2171,-0.0509118,0.110922,0.130392,-0.0387321,-0.149427,1.1179,0.642138,0.580789,0.916059,1.92504,1.72485,0.467666,1.23411,1.36739,1.92708,9.74915,-0.160417,-0.0875284,-0.264468,-0.673514,-1.44593,-3.17631,-0.18027
360,37,Male,Not answered,Married,No,Had COVID,4,NA,,20260909002,-9.52346,-1.03144,-8.83093,-1.89163,-10.1975,-0.0675881,0.0136646,0.0957046,-0.00238685,-0.059644,1.23641,0.663771,0.609563,0.884028,1.75626,1.91259,0.624487,1.19617,1.31525,2.09158,7.535,-0.167169,-0.136726,-0.230399,-0.662334,-1.39064,-3.12378,-0.215349
361,74,Male,No religion,Widowed,No,None,1,NA,,20260909002,-11.1269,-0.752855,-10.668,-1.94305,-11.9494,-0.176872,-0.144234,0.0497408,0.0811692,-0.0940058,0.773623,0.341945,0.510614,0.735042,1.61911,1.56002,0.453772,1.32628,1.26206,2.07213,9.44285,-0.179146,-0.0938343,-0.246233,-0.652202,-1.34165,-3.06327,-0.18135
362,85,Female,Hindu,Single,No,None,2,NA,,20260909002,-7.56821,-0.758604,-7.02275,-1.83739,-8.30003,-0.145597,-0.0637349,0.0551765,5.62985e-4,0.057888,1.05174,0.502178,0.393082,0.771335,1.70321,1.57129,0.412635,1.14159,1.21657,1.7167,5.81037,-0.226064,-0.17442,-0.249211,-0.691445,-1.39546,-3.15709,-0.226838
363,41,Female,Christian,Separated,No,Had COVID,3,NA,,20260909002,-10.9087,-0.915243,-10.3422,-1.8904,-11.6847,-0.451259,-0.13941,0.0597729,-0.0689894,-0.188218,1.03473,0.500848,0.506606,0.717505,1.82168,1.85404,0.549225,1.2527,1.34193,2.08223,9.10797,-0.186213,-0.0938016,-0.257892,-0.655998,-1.39195,-3.11823,-0.185842
364,59,Female,Christian,Divorced,No,Had COVID,2,NA,,20260909002,-11.5218,-0.744753,-10.908,-1.71656,-12.1552,-0.327474,-0.194471,0.00764048,-0.189409,-0.264465,0.848889,0.271237,0.434777,0.74731,1.61623,1.68008,0.354018,1.12322,1.21939,1.83478,9.82742,-0.184917,-0.182211,-0.280876,-0.684986,-1.384,-3.07593,-0.159922
365,42,Male,Christian,Single,Yes,Had COVID,2,NA,,20260909002,-10.1498,-0.781162,-9.4561,-1.78523,-10.6305,-0.246498,-0.136059,0.0349538,-0.0280666,-0.293895,1.21662,0.502397,0.549397,0.757678,1.59564,1.87907,0.484523,1.20023,1.34155,1.8974,8.28024,-0.179114,-0.143551,-0.27849,-0.726773,-1.41399,-3.1517,-0.168592
366,76,Female,Christian,Divorced,No,None,4,NA,,20260909002,-10.8676,-0.906663,-10.2039,-1.86879,-11.524,-0.166043,-0.109119,0.0133418,-0.0899692,-0.14962,0.877628,0.365958,0.497566,0.661319,1.69707,1.74091,0.41079,1.20114,1.35133,1.95621,8.9597,-0.181921,-0.124613,-0.22627,-0.677535,-1.37998,-3.0402,-0.18585
367,76,Female,No religion,Widowed,No,None,2,NA,,20260909002,-8.80554,-0.837356,-8.34228,-1.88174,-9.56694,-0.212976,-0.066485,0.184627,0.0166735,-0.155526,0.784917,0.322486,0.468121,0.690654,1.6938,1.80007,0.495396,1.20588,1.19974,2.08554,7.01596,-0.204766,-0.106848,-0.280302,-0.690621,-1.40399,-3.21568,-0.18369
368,52,Female,Hindu,Married,No,Had COVID,2,NA,,20260909002,-9.89986,-0.937587,-9.25541,-2.10114,-10.4703,-0.219172,-0.0944623,0.0242792,-0.00600099,-0.378296,1.04618,0.521677,0.564774,0.802687,1.86661,1.89897,0.628111,1.36122,1.41361,2.21096,7.90515,-0.170694,-0.0613437,-0.260146,-0.631627,-1.44625,-3.18112,-0.194567
369,25,Female,Hindu,Married,Yes,Had COVID,3,NA,,20260909002,-10.1999,-0.972737,-9.62153,-2.00833,-11.1394,-0.052183,0.0344953,0.103928,0.0148818,0.0406388,1.22973,0.637466,0.673898,0.920113,1.94072,1.73645,0.551184,1.26604,1.41017,2.04425,8.32345,-0.10185,-0.108164,-0.208942,-0.636606,-1.37033,-3.14446,-0.179987
370,68,Male,No religion,Married,No,None,1,NA,,20260909002,-9.47451,-0.916826,-8.95905,-1.96983,-10.2815,-0.131886,0.00398834,0.100394,0.0165132,-0.0823908,0.932658,0.573825,0.571861,1.05536,1.7256,1.61288,0.496967,1.1544,1.35372,1.95109,7.75559,-0.129849,-0.111869,-0.251651,-0.684576,-1.35021,-3.0444,-0.186147
371,54,Female,Christian,Married,No,Bereaved,3,NA,,20260909002,-9.62968,-0.733835,-9.16943,-1.71649,-10.4184,-0.247439,-0.175501,0.0579043,-0.0567048,-0.0929713,1.0829,0.41344,0.446216,0.583127,1.51543,1.74931,0.478411,1.22436,1.07091,1.98632,7.93364,-0.182782,-0.14272,-0.179342,-0.609366,-1.35326,-3.06573,-0.160253
372,54,Female,No religion,Married,No,Bereaved,2,NA,,20260909002,-9.90218,-1.05909,-9.22213,-1.96507,-10.6793,0.0357312,0.179656,0.190819,0.172014,-0.0285414,1.05162,0.631167,0.509813,0.744159,2.01541,1.83092,0.563257,1.26761,1.31198,2.21406,7.9022,-0.153332,-0.0546351,-0.266516,-0.644642,-1.40112,-3.18625,-0.204324
373,52,Female,No religion,Married,No,None,4,NA,,20260909002,-11.295,-0.819409,-10.7195,-1.62253,-11.9854,-0.272853,-0.156931,0.120165,-0.203491,-0.0813169,0.973022,0.525686,0.396934,0.636356,1.78945,1.74052,0.495064,1.15128,1.11708,1.99865,9.58044,-0.204215,-0.158947,-0.209391,-0.650833,-1.33222,-3.05506,-0.180078
374,42,Female,No religion,Divorced,Yes,Had COVID,1,NA,,20260909002,-9.28458,-1.00823,-8.62758,-1.88908,-9.94931,-0.303453,-0.239769,-0.121678,-0.270498,-0.139938,1.10886,0.619683,0.630461,0.867059,1.79301,1.91418,0.727988,1.41193,1.39396,2.11781,7.30197,-0.182115,-0.0608085,-0.273638,-0.66231,-1.42119,-3.13108,-0.192044
375,18,Male,Christian,Single,No,None,3,NA,,20260909002,-10.4376,-0.718586,-9.89758,-1.76252,-11.0441,-0.417192,-0.336226,-0.0613093,0.0133975,-0.439593,0.848545,0.249247,0.460862,0.43816,1.48341,1.58239,0.219416,1.14939,1.04459,1.74571,8.72151,-0.16476,-0.145242,-0.247381,-0.675366,-1.38213,-3.06087,-0.18375
376,66,Female,No religion,Married,No,Had COVID,2,4,Conspiracy Ideation,20260909002,-10.7546,-1.05354,-10.1369,-1.98926,-11.4823,0.0489519,0.0535524,0.184999,0.208933,-0.0489597,1.00772,0.586215,0.583714,0.69524,1.76666,1.82024,0.558427,1.27425,1.1289,2.10728,8.77638,-0.146011,-0.100526,-0.241161,-0.63704,-1.41496,-3.14168,-0.178671
377,34,Female,Christian,Married,No,None,2,NA,,20260909002,-9.1254,-0.690704,-8.63245,-1.69166,-9.86188,-0.497635,-0.416808,-0.00517704,-0.185148,-0.355959,0.870192,0.398967,0.41978,0.632935,1.82236,1.61917,0.386562,1.17842,1.11924,1.82929,7.4357,-0.189943,-0.217187,-0.243761,-0.659643,-1.39452,-3.14307,-0.188555
378,82,Male,No religion,Single,No,Bereaved,3,NA,,20260909002,-9.94025,-0.814586,-9.30437,-1.76274,-10.5241,-0.292908,-0.116198,0.023508,-0.0181867,-0.194335,0.944001,0.401814,0.502374,0.506957,1.56028,1.85117,0.432744,1.10296,1.08636,1.79446,8.16835,-0.191156,-0.170959,-0.221874,-0.659375,-1.40462,-3.10635,-0.222081
379,53,Male,No religion,Divorced,No,Had COVID,2,NA,,20260909002,-7.59296,-0.908805,-6.91646,-1.96472,-8.45159,-0.188123,-0.051467,-0.00344533,-0.111981,0.0276434,1.18009,0.592324,0.582026,0.963384,1.99872,1.99124,0.61114,1.29955,1.58076,2.23149,5.63594,-0.210791,-0.142969,-0.241794,-0.670439,-1.35528,-3.10391,-0.195692
380,47,Female,Christian,Separated,Yes,Long COVID,4,NA,,20260909002,-11.3859,-0.813642,-10.7451,-1.85581,-12.2696,-0.247172,-0.132184,-0.0103733,-0.0744573,-0.146426,1.2194,0.679062,0.502534,0.911665,2.1114,1.92455,0.650424,1.30402,1.42837,2.18739,9.63195,-0.111653,-0.126021,-0.258988,-0.692598,-1.35994,-3.15743,-0.202098
381,90,Male,Christian,Married,No,None,1,NA,,20260909002,-9.24491,-1.08014,-8.75961,-1.94596,-10.1572,-0.259402,-0.0224249,0.0778441,0.0436159,-0.153257,1.08774,0.789508,0.605219,0.982166,2.12552,1.73021,0.635961,1.33376,1.2479,2.09466,7.43004,-0.214911,-0.137627,-0.220677,-0.612241,-1.36535,-3.09026,-0.177714
382,40,Male,Christian,Divorced,No,None,2,NA,,20260909002,-9.9886,-0.969396,-9.38603,-2.02327,-10.6094,0.00638371,0.0322251,0.113841,0.195839,-0.121481,1.26756,0.694241,0.642372,0.917988,1.83752,1.77109,0.447348,1.22261,1.22319,1.85301,8.06325,-0.147726,-0.0903492,-0.220471,-0.617447,-1.40757,-3.1168,-0.173836
383,43,Male,Christian,Married,Yes,None,1,2,Libertarianism,20260909002,-10.0845,-1.06877,-9.53267,-2.22216,-10.8779,0.0612524,0.126884,0.179515,0.123053,0.0970886,1.21638,0.573018,0.764554,1.04058,2.00319,1.87931,0.576884,1.35875,1.50784,1.98786,8.04345,-0.109813,-0.0843628,-0.239171,-0.664703,-1.39954,-3.08206,-0.187772
384,47,Female,No religion,Married,Yes,Long COVID,3,NA,,20260909002,-9.88031,-0.796492,-9.2421,-2.02845,-10.7284,-0.218632,-0.0779516,0.088904,0.229239,-0.187402,1.20847,0.60961,0.450092,0.827165,1.97193,1.68219,0.413829,1.11903,1.34717,2.08412,8.08052,-0.173165,-0.105883,-0.235817,-0.633532,-1.39454,-3.1723,-0.20068
385,58,Male,No religion,Married,No,None,4,NA,,20260909002,-9.47413,-0.805417,-8.88496,-1.83968,-10.2369,-0.0452104,-0.0457778,0.0786451,0.147653,-0.0890917,0.68787,0.294134,0.388538,0.43525,1.69076,1.70229,0.511935,1.25132,1.34301,2.12743,7.64583,-0.161501,-0.168296,-0.244579,-0.660517,-1.41452,-3.21308,-0.192492
386,70,Female,No religion,Married,No,Had COVID,3,NA,,20260909002,-10.1759,-0.834262,-9.54526,-1.79853,-10.6843,-0.236012,-0.00178152,0.120374,0.0701725,-0.115277,1.01792,0.480763,0.440539,0.669367,1.6562,1.89242,0.528625,1.30928,1.40994,1.99021,8.326,-0.176189,-0.176334,-0.263421,-0.704825,-1.44783,-3.14334,-0.197476
387,43,Female,No religion,Single,No,None,1,NA,,20260909002,-9.8634,-0.806714,-9.30559,-1.91107,-10.6961,-0.267316,-0.0989999,0.0853926,0.0457372,-0.0997291,0.989567,0.49015,0.512402,0.847894,2.01959,1.72241,0.400868,1.15356,1.25002,1.97859,8.05445,-0.206444,-0.144452,-0.29708,-0.731627,-1.38929,-3.15832,-0.218044
388,53,Male,Christian,Married,No,None,1,NA,,20260909002,-11.2367,-0.828204,-10.4112,-1.8344,-11.8946,-0.188327,-0.0929691,0.0368577,-0.014948,-0.19981,1.3057,0.542531,0.457248,0.799288,1.95878,1.86206,0.383513,1.0614,1.08847,1.99,9.29482,-0.118918,-0.0778598,-0.233167,-0.648494,-1.3962,-3.14991,-0.169633
389,45,Male,No religion,Married,Yes,Had COVID,4,NA,,20260909002,-12.0873,-0.834705,-11.5184,-1.96929,-12.6214,-0.259002,-0.133394,0.0945575,0.097015,-0.195475,1.13097,0.470978,0.490504,0.731227,1.77709,1.85529,0.575557,1.27194,1.39203,1.93771,10.2482,-0.165531,-0.121619,-0.234468,-0.659889,-1.413,-3.09812,-0.207437
390,62,Male,Christian,Divorced,No,Had COVID,1,NA,,20260909002,-10.4394,-0.769699,-9.79593,-1.74722,-11.1657,-0.280057,-0.0918735,0.0177899,0.0603187,-0.130583,1.05642,0.379122,0.46461,0.589964,1.82995,1.80403,0.410913,1.15493,1.20729,2.08527,8.67666,-0.197095,-0.132395,-0.219673,-0.711586,-1.38389,-3.04416,-0.215268
391,63,Female,Buddhist,Single,No,Had COVID,2,NA,,20260909002,-10.4358,-0.880858,-9.66433,-1.88762,-11.1931,-0.360561,-0.234012,-0.0656395,-0.150186,-0.293691,1.07515,0.538631,0.465258,0.826821,2.01417,1.8739,0.485259,1.05867,1.34431,2.2495,8.52253,-0.212165,-0.124981,-0.244115,-0.678799,-1.41684,-3.0751,-0.228753
392,72,Female,No religion,Widowed,No,None,2,NA,,20260909002,-9.21283,-0.788634,-8.40498,-1.86058,-9.8427,-0.174464,-0.0348659,-0.0573896,-0.00837887,-0.0888292,1.20892,0.519224,0.397816,0.668947,1.87139,1.91727,0.444482,1.13785,1.15267,2.05814,7.28763,-0.193865,-0.176606,-0.198133,-0.604452,-1.38901,-3.11516,-0.211536
393,68,Female,Christian,Divorced,No,None,1,NA,,20260909002,-11.465,-0.945246,-10.823,-2.14297,-12.0938,-0.0904602,0.0013832,0.174311,0.153097,-0.0698425,1.2315,0.546939,0.550374,0.976947,1.91588,1.71644,0.392766,1.19349,1.48845,1.95483,9.5167,-0.18665,-0.12951,-0.271578,-0.656054,-1.3488,-3.08298,-0.200373
394,72,Female,Christian,Widowed,No,None,3,5,Institutional Trust and Technocratic Governance,20260909002,-9.29522,-0.650998,-8.81443,-1.7546,-9.98032,-0.485935,-0.372022,-0.134119,-0.237562,-0.320626,1.04323,0.546568,0.622997,0.777366,1.56271,1.63821,0.433953,1.18472,1.30077,1.73342,7.7031,-0.16418,-0.14489,-0.226527,-0.65706,-1.36145,-3.13536,-0.203518
395,34,Male,Christian,Divorced,Yes,None,1,NA,,20260909002,-8.82806,-0.994432,-8.25117,-2.04226,-9.65524,-0.372319,-0.102831,0.192371,0.110577,-0.2024,1.26948,0.685525,0.632195,0.836781,2.08535,2.06046,0.777184,1.29914,1.26888,2.29042,6.85889,-0.165386,-0.174999,-0.246432,-0.671364,-1.35114,-3.14292,-0.1971
396,63,Male,No religion,Married,No,Had COVID,4,NA,,20260909002,-9.88031,-0.796492,-9.2421,-2.02845,-10.7284,-0.218632,-0.0779516,0.088904,0.229239,-0.187402,1.20847,0.60961,0.450092,0.827165,1.97193,1.68219,0.413829,1.11903,1.34717,2.08412,8.08052,-0.173165,-0.105883,-0.235817,-0.633532,-1.39454,-3.1723,-0.20068
397,29,Female,Christian,Married,No,None,4,NA,,20260909002,-9.36661,-0.681665,-8.65411,-1.81993,-9.81685,-0.221068,-0.167492,0.0329199,-0.100825,-0.232439,1.17806,0.488991,0.648001,0.93747,1.76363,1.77542,0.218943,1.12033,1.2684,1.94912,7.40765,-0.203151,-0.192364,-0.245917,-0.679919,-1.39007,-3.16927,-0.188663
398,58,Male,No religion,Married,No,Had COVID,4,NA,,20260909002,-9.04696,-0.719486,-8.72434,-1.89628,-9.81111,-0.175653,-0.011392,0.173255,0.0746607,-0.127633,0.956381,0.406683,0.678179,0.700219,1.83137,1.66673,0.263552,1.29887,1.115,1.98068,7.323,-0.159114,-0.136,-0.197596,-0.585187,-1.44446,-3.20395,-0.18162
399,26,Female,Christian,Married,No,None,1,NA,,20260909002,-10.2768,-0.788521,-9.82439,-1.88122,-11.135,-0.392859,-0.277307,0.0923227,-0.0843749,-0.457401,1.03526,0.45237,0.531185,0.821305,1.83563,1.95184,0.619341,1.30467,1.31702,2.34741,8.54723,-0.19684,-0.12437,-0.247822,-0.673692,-1.33494,-3.04879,-0.16392
400,75,Male,No religion,Divorced,No,None,4,5,Institutional Trust and Technocratic Governance,20260909002,-9.85961,-0.770028,-9.33492,-1.88864,-10.4918,-0.19464,-0.134609,-0.00930991,0.0442421,-0.234738,1.03213,0.47264,0.503744,0.833069,1.71898,1.77946,0.469404,1.24572,1.10947,1.92842,8.06854,-0.120481,-0.0838749,-0.282518,-0.686644,-1.4373,-3.20738,-0.169389
401,34,Female,No religion,Single,Yes,Had COVID,4,NA,,20260909002,-9.41735,-1.00877,-8.63592,-2.04556,-10.0115,-0.0789792,-0.0231959,0.173173,0.0765997,0.0063126,1.44036,0.666756,0.684748,0.985085,1.9688,2.07967,0.627538,1.22511,1.5067,2.14515,7.25466,-0.169694,-0.140142,-0.244606,-0.661236,-1.34922,-3.05687,-0.192266
402,66,Female,Muslim,Single,No,None,1,NA,,20260909002,-9.82589,-0.874758,-9.12395,-1.88968,-10.5563,-0.190931,-0.117045,0.0252385,-0.149921,-0.220438,0.914736,0.376801,0.512946,0.63176,1.79416,1.85101,0.525348,1.28033,1.35058,2.05303,7.89658,-0.16603,-0.101088,-0.268416,-0.648613,-1.40443,-3.15694,-0.131273
403,38,Female,Christian,Single,No,None,3,NA,,20260909002,-9.72787,-0.969312,-9.05501,-1.85743,-10.177,-0.305247,-0.26514,-0.0957614,-0.223499,-0.44672,1.25684,0.704013,0.673846,0.905753,1.83781,2.07589,0.732463,1.42068,1.51277,2.22692,7.72513,-0.186247,-0.117072,-0.208627,-0.654166,-1.41007,-3.09673,-0.213935
404,32,Female,Christian,Single,No,None,2,NA,,20260909002,-10.0717,-0.8787,-9.50962,-1.99835,-10.7888,-0.372675,-0.282064,0.00510732,-0.0553959,-0.35426,0.939482,0.447263,0.523099,0.892703,1.85675,1.73407,0.54798500000000006,1.24303,1.48174,1.95664,8.23069,-0.181506,-0.121077,-0.217904,-0.720087,-1.40226,-3.11448,-0.200922
405,58,Female,No religion,Married,No,Had COVID,2,2,Libertarianism,20260909002,-11.1541,-0.921777,-10.6332,-1.96236,-11.8382,-0.142094,-0.0841288,0.075078,0.0403243,-0.165488,0.991856,0.504906,0.559726,0.75958,1.68711,1.92563,0.720467,1.36191,1.44901,2.20656,9.34531,-0.154929,-0.106164,-0.225511,-0.638672,-1.39332,-3.1025,-0.216015
406,80,Male,Not answered,Married,No,Had COVID,4,NA,,20260909002,-10.7329,-0.768292,-10.071,-1.82407,-11.384,-0.0858985,0.0431615,0.022248,-0.12884,-0.175647,0.785257,0.248609,0.344066,0.694001,1.51088,1.48129,0.182461,1.08443,1.12757,1.78053,8.97319,-0.188808,-0.161549,-0.228831,-0.635322,-1.33119,-3.04358,-0.201386
407,44,Male,Christian,Divorced,No,Long COVID,2,NA,,20260909002,-8.69378,-0.704648,-8.07184,-1.75164,-9.28745,-0.377231,-0.155601,-0.00799525,-0.0847763,-0.33922,1.07159,0.371347,0.467104,0.67499,1.5301,1.94507,0.491101,1.1077,1.18472,1.99869,6.92685,-0.186075,-0.17197,-0.244125,-0.647092,-1.37929,-3.11312,-0.249623
408,19,Male,No religion,Married,No,None,2,NA,,20260909002,-10.7819,-0.890652,-10.153,-1.88538,-11.3895,-0.00914316,0.163625,0.140522,0.145917,0.00212597,0.776035,0.308837,0.577884,0.701778,1.62484,1.68319,0.318859,1.20223,1.14694,1.79665,8.87386,-0.21288,-0.148,-0.305892,-0.708471,-1.36293,-3.09787,-0.204417
409,61,Female,No religion,Widowed,No,Had COVID,3,NA,,20260909002,-10.9085,-0.927122,-10.4229,-2.06462,-11.5239,-0.424133,-0.204733,-0.00989971,-0.129222,-0.253256,0.829769,0.487545,0.577127,0.860138,1.60317,1.68901,0.540272,1.28311,1.49144,1.86551,9.12196,-0.180432,-0.114709,-0.28123,-0.708047,-1.40375,-3.15639,-0.172786
410,41,Female,Christian,Married,No,None,2,NA,,20260909002,-9.18488,-0.817407,-8.47854,-1.82051,-9.8136,-0.391703,-0.27241,0.00164533,-0.162786,-0.224457,1.10228,0.473362,0.457584,0.70008,1.69878,1.84407,0.515645,1.19798,1.28574,1.96644,7.31293,-0.150236,-0.182896,-0.264283,-0.637246,-1.36785,-3.11501,-0.19273
411,48,Female,Christian,Divorced,Yes,Had COVID,4,NA,,20260909002,-12.6737,-0.884014,-11.9894,-1.99525,-13.3254,-0.216394,-0.0341002,0.116087,0.0469683,-0.0213669,1.06446,0.30339699999999997,0.539099,0.820488,1.52735,1.87788,0.523158,1.26546,1.28872,2.09944,10.7793,-0.194047,-0.11381,-0.229701,-0.646957,-1.38674,-3.11349,-0.180544
412,83,Male,No religion,Divorced,No,None,3,NA,,20260909002,-7.75073,-0.762508,-7.2531,-1.73008,-8.48431,-0.39537,-0.0827652,0.00699054,-0.0419053,-0.0564162,0.826891,0.315555,0.430765,0.59026,1.44805,1.7146,0.478704,1.1514,1.2077,1.87196,6.07017,-0.179525,-0.109301,-0.259041,-0.672348,-1.39768,-3.04999,-0.205078
413,56,Female,Christian,Married,No,Had COVID,2,NA,,20260909002,-10.6494,-0.830797,-10.237,-2.18117,-11.4986,-0.155071,-0.00767209,0.183041,0.173107,-0.0626892,0.964307,0.489082,0.519189,0.967927,1.79682,1.72841,0.472893,1.23408,1.4663,2.02548,8.97506,-0.182719,-0.0778547,-0.218272,-0.586977,-1.36535,-3.11335,-0.210663
414,67,Female,No religion,Widowed,No,None,2,NA,,20260909002,-10.0104,-0.978761,-9.34363,-1.92731,-10.6752,-0.120816,-0.0048227,0.0880193,0.0822347,-0.103065,1.09263,0.463645,0.557047,0.640702,1.80182,2.06495,0.606522,1.30241,1.30133,2.15045,7.97746,-0.17972,-0.13633,-0.238427,-0.672699,-1.42981,-3.16274,-0.22984
415,26,Female,Christian,Single,No,Bereaved,2,NA,,20260909002,-10.1325,-0.914715,-9.64798,-2.19006,-10.8071,-0.170491,-0.125109,0.227571,0.226381,-0.253789,1.21605,0.696171,0.698262,1.03072,2.01703,1.78619,0.576919,1.30739,1.32575,2.03898,8.21206,-0.134672,-0.0667904,-0.230249,-0.632078,-1.40558,-3.14189,-0.213561
416,65,Female,Christian,Married,No,None,3,NA,,20260909002,-10.9492,-1.02633,-10.1164,-1.98518,-11.6631,-0.0962369,-0.10323,0.0792016,0.0424051,-0.251984,1.22739,0.705681,0.617472,0.918094,2.12355,1.98199,0.620435,1.22671,1.33626,2.33821,8.83479,-0.181564,-0.124554,-0.292823,-0.725656,-1.41212,-3.17566,-0.19914
417,22,Female,No religion,Single,No,Bereaved,3,NA,,20260909002,-9.503,-0.803473,-8.97419,-1.92269,-10.0101,-0.205962,-0.127901,0.0938026,0.0980582,-0.260432,1.08249,0.436964,0.591445,0.713246,1.58888,1.66467,0.344653,1.23763,1.1174,1.73839,7.63159,-0.152574,-0.0817014,-0.307775,-0.616569,-1.43634,-3.1905,-0.149792
418,58,Male,No religion,Widowed,No,None,3,3,Communitarianism,20260909002,-9.06068,-0.832975,-8.57396,-1.99008,-9.97027,-0.283376,-0.0580918,0.0896037,0.0270676,-0.0875266,0.796418,0.277523,0.40242,0.651298,1.66117,1.7393,0.443153,1.1595,1.32365,2.19181,7.30223,-0.179752,-0.0645416,-0.231939,-0.682072,-1.40838,-3.13985,-0.180498
419,37,Male,Christian,Widowed,Yes,Had COVID,3,NA,,20260909002,-11.0127,-0.871491,-10.2902,-1.83271,-11.8197,-0.365936,-0.331256,-0.0857511,0.00323735,-0.289629,1.09212,0.656904,0.549251,0.826275,1.92207,1.73516,0.586447,1.15091,1.19158,2.11349,9.16236,-0.201871,-0.145617,-0.260535,-0.72807,-1.34639,-3.14764,-0.213029
420,75,Female,Christian,Widowed,No,Bereaved,2,NA,,20260909002,-8.10838,-0.849197,-7.58127,-2.04676,-8.80875,-0.151369,0.0558905,0.135388,0.282019,-0.0461734,0.884677,0.402794,0.510244,0.914096,1.69435,1.82047,0.52331,1.30072,1.39858,1.95757,6.28453,-0.178388,-0.134498,-0.231206,-0.647869,-1.38467,-3.12197,-0.154749
421,73,Male,Christian,Widowed,No,Bereaved,3,NA,,20260909002,-8.49028,-0.874329,-8.03813,-1.89794,-9.15928,-0.105988,0.0228875,0.0639647,0.084161,-0.047568,0.78692,0.334364,0.52100900000000006,0.605398,1.66751,1.6478,0.39983,1.29547,1.1734,1.86771,6.63144,-0.185606,-0.117757,-0.315222,-0.691654,-1.47309,-3.20824,-0.188746
422,56,Female,Christian,Married,No,Had COVID,4,NA,,20260909002,-10.3247,-0.955821,-9.86137,-2.02761,-11.1077,0.0999036,0.22054,0.210137,0.209222,0.033943,0.85841,0.424101,0.616534,0.721587,1.96921,1.71389,0.537807,1.33932,1.50204,2.19139,8.43149,-0.160152,-0.111665,-0.253495,-0.654616,-1.4345,-3.15057,-0.224389
423,23,Male,Sikh,Single,No,Had COVID,4,3,Communitarianism,20260909002,-8.83409,-0.848617,-8.2383,-1.87246,-9.55565,-0.160148,-0.00984485,-0.025867,0.0925659,-0.241284,0.870643,0.400227,0.419482,0.831446,1.75335,1.60783,0.39856,1.18961,1.25351,1.94223,7.04057,-0.205254,-0.175219,-0.273706,-0.664652,-1.38441,-3.13025,-0.241873
424,28,Female,No religion,Single,No,None,1,NA,,20260909002,-11.0109,-0.789397,-10.5602,-1.9006,-11.8328,-0.375876,-0.205204,0.105328,-0.0215195,-0.271556,1.02301,0.496754,0.451984,0.718199,1.83664,1.69262,0.409922,1.20456,1.16074,2.10513,9.32354,-0.192154,-0.0671692,-0.245489,-0.677917,-1.35531,-3.08693,-0.169684
425,26,Male,Christian,Single,No,Bereaved,4,NA,,20260909002,-11.3594,-1.11915,-10.5489,-2.09087,-11.9149,-0.130553,-0.0711725,-0.00250945,0.0729927,-0.195896,1.05249,0.497807,0.597712,0.90128,1.68813,2.11643,0.819576,1.30842,1.41226,2.3934,9.20372,-0.17449,-0.118629,-0.263149,-0.638595,-1.39489,-3.05879,-0.180961
426,63,Male,Christian,Married,No,Had COVID,2,NA,,20260909002,-9.80793,-1.00337,-9.26716,-2.13552,-10.391,-0.258542,-0.156963,0.0365827,-0.106887,-0.32025,1.07477,0.508138,0.586108,0.91102,1.73269,2.08445,0.736191,1.38133,1.64962,2.20589,7.81108,-0.177784,-0.0895434,-0.278616,-0.665484,-1.42052,-3.16127,-0.185784
427,75,Male,No religion,Married,No,Bereaved,2,NA,,20260909002,-10.0989,-0.953553,-9.52747,-1.96202,-10.9089,-0.160024,0.0361189,0.0895327,0.0958534,0.0215241,0.880132,0.563241,0.585629,0.771504,1.95076,1.758,0.449156,1.12292,1.25508,1.95371,8.26434,-0.180572,-0.139992,-0.27416,-0.694544,-1.39015,-3.10961,-0.168022
428,55,Male,No religion,Divorced,No,Had COVID,1,NA,,20260909002,-10.5363,-0.564929,-10.0143,-1.61434,-11.3255,-0.526337,-0.366025,-0.117057,-0.218065,-0.57603,0.916913,0.377127,0.425464,0.509172,1.93651,1.81935,0.404718,1.18255,1.23577,2.07152,8.97271,-0.135708,-0.100781,-0.208439,-0.674661,-1.3776,-3.13874,-0.173868
429,31,Female,Christian,Single,Yes,None,4,NA,,20260909002,-8.53752,-0.829029,-8.07047,-1.85869,-9.43255,-0.210361,-0.155724,0.00480263,-0.034638,-0.21829,0.855756,0.470879,0.50123,0.798729,1.90344,1.71521,0.504111,1.21324,1.2824,2.13428,6.81729,-0.156096,-0.141938,-0.278648,-0.665819,-1.39862,-3.13158,-0.173305
430,65,Male,Christian,Married,No,None,1,NA,,20260909002,-10.9522,-0.84192,-10.3757,-2.06687,-11.5888,-0.245386,-0.118071,0.111596,0.0867503,-0.0815545,1.04626,0.487343,0.49979,0.877998,1.78942,1.74187,0.446427,1.26183,1.10223,2.00158,9.01807,-0.168767,-0.0731945,-0.246901,-0.638278,-1.41788,-3.14547,-0.223052
431,50,Female,Christian,Single,No,Had COVID,1,NA,,20260909002,-12.1001,-0.8368,-11.4266,-1.81229,-12.7095,-0.315105,-0.163265,-0.0309856,-0.178714,-0.327771,1.15726,0.441302,0.44599,0.81369,1.70395,1.73679,0.406701,1.22059,1.26437,1.94879,10.2478,-0.209172,-0.195539,-0.261206,-0.666323,-1.38947,-3.1032,-0.184903
432,60,Male,No religion,Single,No,Had COVID,1,NA,,20260909002,-10.6261,-0.709036,-10.1252,-1.78044,-11.3934,-0.439919,-0.233413,-0.0283884,-0.242322,-0.26271,1.10248,0.539662,0.520165,0.546467,1.77979,1.85846,0.579233,1.23925,1.35864,2.06601,8.93064,-0.159972,-0.0706898,-0.283277,-0.688309,-1.38207,-3.14035,-0.153638
433,80,Female,Christian,Widowed,No,None,1,NA,,20260909002,-10.8198,-1.09926,-10.1543,-2.14196,-11.4386,-0.103701,0.0276252,0.1517,0.125947,-0.184287,1.20928,0.755446,0.6197,0.981025,1.99811,1.981,0.65004,1.21891,1.59226,2.01222,8.80166,-0.177863,-0.106491,-0.293001,-0.671217,-1.40083,-3.1359,-0.189258
434,56,Male,No religion,Married,No,Had COVID,3,5,Institutional Trust and Technocratic Governance,20260909002,-9.47413,-0.805417,-8.88496,-1.83968,-10.2369,-0.0452104,-0.0457778,0.0786451,0.147653,-0.0890917,0.68787,0.294134,0.388538,0.43525,1.69076,1.70229,0.511935,1.25132,1.34301,2.12743,7.64583,-0.161501,-0.168296,-0.244579,-0.660517,-1.41452,-3.21308,-0.192492
435,58,Female,Christian,Widowed,No,None,4,NA,,20260909002,-9.46033,-0.741001,-9.01892,-1.89546,-10.1394,-0.540963,-0.304694,0.00355177,-0.292786,-0.461385,0.853538,0.234116,0.390975,0.716792,1.64516,1.78727,0.444043,1.23658,1.38168,2.04891,7.72096,-0.132967,-0.0261859,-0.311203,-0.691575,-1.4269,-3.19005,-0.158479
436,18,Male,Christian,Single,No,None,4,NA,,20260909002,-10.4326,-1.01026,-9.7281,-2.14747,-11.1658,-0.268869,-0.104118,0.146745,0.0856779,-0.153859,1.24104,0.531734,0.539816,0.975773,1.99304,2.12857,0.787968,1.38473,1.6368,2.40069,8.3626,-0.179492,-0.107892,-0.253557,-0.640629,-1.36989,-3.09762,-0.196418
437,61,Male,Christian,Married,No,Had COVID,4,3,Communitarianism,20260909002,-9.05608,-0.711926,-8.6941,-1.77769,-9.64374,-0.332522,-0.232809,0.124844,-0.0422654,-0.389981,0.948292,0.447447,0.615738,0.698605,1.64005,1.69881,0.392203,1.32182,1.24061,1.85209,7.37486,-0.191355,-0.149778,-0.281146,-0.691689,-1.39218,-3.14715,-0.213366
438,57,Female,Christian,Married,No,Bereaved,2,NA,,20260909002,-8.73966,-0.788599,-8.25124,-1.58638,-9.34556,-0.286877,-0.0646776,0.0484058,-0.110988,-0.264329,0.91934,0.416567,0.462219,0.520731,1.56399,1.60931,0.318967,1.1251,0.932329,1.69528,7.08538,-0.183978,-0.12807,-0.214835,-0.64084,-1.38666,-3.10259,-0.178059
439,74,Male,No religion,Divorced,No,None,3,NA,,20260909002,-10.4945,-0.636969,-10.1524,-1.85272,-11.1334,-0.491578,-0.233346,0.0520119,-0.069142,-0.343135,0.890639,0.362814,0.520239,0.61077,1.56087,1.76719,0.400563,1.22306,1.34939,1.81872,8.92984,-0.188193,-0.0923703,-0.230537,-0.657471,-1.38697,-3.13265,-0.22438
440,29,Male,Christian,Single,Yes,Had COVID,4,NA,,20260909002,-10.1104,-1.08275,-9.38082,-2.03976,-10.6872,-0.0411186,0.0316524,0.100207,0.0400988,0.0719238,1.31611,0.738222,0.647705,0.983563,1.86682,1.9711,0.710733,1.27681,1.48848,2.14417,7.99337,-0.145528,-0.113051,-0.245863,-0.59034,-1.42029,-3.13184,-0.186443
441,25,Female,Christian,Single,No,None,3,NA,,20260909002,-9.38317,-0.782745,-8.79037,-1.82976,-10.2892,-0.211904,-0.216574,-0.0675186,-0.11932,-0.350095,0.845115,0.379794,0.442826,0.681095,1.91793,1.67035,0.436212,1.13444,1.21774,2.16605,7.62118,-0.16658,-0.0979256,-0.276722,-0.678176,-1.39527,-3.13312,-0.208197
442,74,Male,Christian,Widowed,No,Long COVID,1,NA,,20260909002,-10.1902,-0.957386,-9.53127,-1.85122,-11.0183,-0.345467,-0.0907402,0.0279198,-0.0813619,-0.139454,1.1009,0.58546,0.496086,0.726284,2.01522,1.9037,0.569393,1.18545,1.30272,2.10253,8.32242,-0.183737,-0.161479,-0.246342,-0.621922,-1.41515,-3.11355,-0.183092
443,29,Male,Christian,Single,Yes,None,2,NA,,20260909002,-9.48752,-0.792809,-8.83419,-1.89614,-10.2275,-0.288832,-0.151551,-0.0739079,-0.0219551,-0.23835,0.990367,0.491991,0.365063,0.852206,1.83082,1.99496,0.688858,1.24964,1.45545,2.24027,7.72703,-0.151387,-0.125326,-0.25227,-0.674336,-1.38064,-3.11308,-0.169878
444,33,Male,Not answered,Single,No,Had COVID,1,NA,,20260909002,-6.77683,-0.788968,-6.19947,-1.74203,-7.6,-0.259049,-0.0723734,0.0306359,-0.0444891,-0.248035,0.915811,0.502734,0.379446,0.694014,1.88086,1.54557,0.337454,1.07303,1.10988,1.84089,5.10073,-0.172197,-0.127957,-0.26547,-0.691548,-1.32639,-3.12266,-0.201192
445,55,Female,Christian,Married,Yes,Bereaved,4,NA,,20260909002,-9.33107,-1.06168,-8.58602,-2.03812,-9.85421,-0.108148,0.0176335,0.144911,0.0787602,-0.0842931,1.24327,0.5825,0.623428,0.842378,1.67801,1.96063,0.588714,1.30666,1.38646,2.17755,7.18678,-0.220622,-0.140436,-0.298336,-0.672379,-1.39859,-3.16235,-0.213294
446,55,Female,No religion,Married,No,Had COVID,4,NA,,20260909002,-10.6094,-0.887727,-9.95641,-1.99388,-11.2568,-0.0426335,0.0896502,0.104506,0.257009,0.0988248,1.0143,0.413456,0.539469,0.842671,1.62546,1.76954,0.438254,1.17201,1.23337,2.00571,8.69279,-0.166995,-0.16014,-0.288686,-0.70144,-1.4445,-3.1913,-0.215371
447,57,Male,No religion,Married,No,Bereaved,3,NA,,20260909002,-9.18602,-0.807647,-8.51049,-1.97585,-9.94073,-0.419187,-0.282534,-0.0728352,0.00186017,-0.402088,1.33641,0.678542,0.661591,0.873908,2.08207,1.70942,0.358473,1.24586,1.2807,1.88024,7.32562,-0.162258,-0.140577,-0.259281,-0.710214,-1.34615,-3.15051,-0.157053
448,41,Male,No religion,Married,Yes,None,2,5,Institutional Trust and Technocratic Governance,20260909002,-8.06645,-0.976346,-7.34477,-1.93799,-8.76081,-0.354109,-0.240324,0.0696493,-0.0477888,-0.20931,1.47004,0.858291,0.637959,0.94046,2.09185,2.02296,0.787408,1.30824,1.2987,2.26813,6.01779,-0.189295,-0.176508,-0.27828,-0.739154,-1.37699,-3.08242,-0.194421
449,61,Male,No religion,Married,No,None,2,4,Conspiracy Ideation,20260909002,-10.5402,-0.992955,-9.96277,-1.79293,-11.2271,-0.207493,-0.0390952,0.0221524,-0.0725923,0.0335103,1.10099,0.614893,0.513691,0.629082,1.78848,1.82495,0.572652,1.32793,1.17211,1.98446,8.63554,-0.185576,-0.111584,-0.217491,-0.56727,-1.38616,-3.06075,-0.182439
450,70,Female,No religion,Divorced,No,Had COVID,4,4,Conspiracy Ideation,20260909002,-10.3408,-0.882523,-9.78774,-2.01949,-11.12,-0.267305,-0.144998,0.00547811,0.103125,-0.217722,1.1603,0.619515,0.621739,0.820685,1.89987,1.87131,0.570874,1.2806,1.33566,2.17555,8.5325,-0.148809,-0.1457,-0.205467,-0.620987,-1.35433,-3.09582,-0.16204
451,48,Female,Not answered,Married,No,Had COVID,3,NA,,20260909002,-9.46355,-0.943508,-8.88677,-1.94246,-10.117,-0.356628,-0.202805,-0.0360029,-0.0908996,-0.310037,1.2523,0.761763,0.595804,0.807102,1.9631,1.83515,0.478126,1.26773,1.28252,1.95258,7.55867,-0.192284,-0.144747,-0.275589,-0.685125,-1.43699,-3.20107,-0.204028
452,53,Female,No religion,Married,No,Bereaved,4,NA,,20260909002,-10.318,-0.820338,-9.5546,-1.69365,-10.8879,-0.309317,-0.292001,-0.201989,-0.207467,-0.313077,1.08851,0.482108,0.484542,0.647807,1.7207,1.86469,0.607843,1.24816,1.17094,1.88665,8.47002,-0.225303,-0.138421,-0.222808,-0.643016,-1.41457,-3.16119,-0.19593
453,68,Female,No religion,Widowed,No,None,3,NA,,20260909002,-10.082,-0.881941,-9.52205,-1.87734,-10.7908,-0.206523,-0.171435,0.0296955,-0.0292618,-0.253317,1.04702,0.507147,0.459308,0.819875,1.73516,1.59286,0.427679,1.21898,1.1935500000000001,1.7785,8.26282,-0.17947,-0.156024,-0.241639,-0.660563,-1.34925,-3.08762,-0.193829
454,31,Male,Christian,Single,No,Had COVID,3,NA,,20260909002,-9.38588,-0.956974,-8.74976,-1.899,-10.3197,-0.325691,-0.121952,0.0534557,0.0808363,-0.210785,1.01481,0.57422,0.47668,0.640514,1.92972,1.90656,0.647202,1.18395,1.39804,2.25387,7.56701,-0.206951,-0.15334,-0.221226,-0.650132,-1.35229,-3.11382,-0.1901
455,44,Male,Christian,Married,No,None,1,NA,,20260909002,-9.96838,-0.873016,-9.46485,-1.97765,-10.5197,-0.325874,-0.222032,-0.0263127,0.020309,-0.179975,1.13233,0.572901,0.694827,0.926088,1.70563,1.83017,0.535886,1.39885,1.37381,2.03221,8.10482,-0.17187,-0.156339,-0.248177,-0.699681,-1.37442,-3.06852,-0.242486
456,42,Male,No religion,Married,No,None,2,NA,,20260909002,-9.88731,-0.946955,-9.25473,-2.03328,-10.7025,-0.278671,-0.0803137,0.0370133,0.0655808,-0.13688,1.11029,0.488779,0.508384,0.876744,1.89682,1.78951,0.494896,1.14901,1.24027,2.08478,7.95663,-0.164165,-0.106474,-0.238978,-0.678122,-1.39077,-3.0435,-0.169546
457,84,Male,Christian,Married,No,None,4,NA,,20260909002,-10.1066,-0.887901,-9.49737,-1.82189,-10.7473,-0.207513,-0.0962607,0.056687800000000003,-0.0248763,-0.09702,1.04568,0.482932,0.543361,0.625055,1.72117,1.76672,0.461025,1.18287,1.06365,1.89516,8.21904,-0.217301,-0.163405,-0.265298,-0.682495,-1.42332,-3.12651,-0.185399
458,31,Male,No religion,Single,No,None,1,NA,,20260909002,-11.1038,-0.770505,-10.6713,-1.70108,-11.9401,-0.344551,-0.170443,0.0033594,-0.168805,-0.213144,0.804392,0.39993,0.488133,0.496166,1.82738,1.77575,0.477032,1.34471,1.22395,2.03851,9.42786,-0.217914,-0.124969,-0.243287,-0.675625,-1.41538,-3.12924,-0.200947
459,67,Female,No religion,Married,No,None,3,NA,,20260909002,-11.434,-0.731833,-10.822,-1.58438,-12.0915,-0.347421,-0.128138,0.0443837,-0.0936116,-0.125141,0.941083,0.350891,0.327185,0.533415,1.59185,1.73597,0.417846,1.10006,1.06664,1.85338,9.75268,-0.203052,-0.202469,-0.261939,-0.700331,-1.39371,-3.17285,-0.200075
460,53,Male,Christian,Divorced,No,Bereaved,3,NA,,20260909002,-9.92654,-0.939256,-9.35842,-1.76433,-10.6116,-0.283703,-0.13367,0.0404525,-0.212172,-0.228404,1.15549,0.675543,0.68507,0.651876,1.86495,1.74361,0.539613,1.26058,1.15435,2.07108,7.98947,-0.196998,-0.135494,-0.207954,-0.638156,-1.41839,-3.17173,-0.199693
461,56,Male,No religion,Married,No,Bereaved,4,NA,,20260909002,-12.5206,-1.14921,-11.8771,-2.03355,-13.2835,0.0323694,0.142428,0.179591,0.275887,0.111612,1.19922,0.716493,0.737879,0.859171,1.91154,1.82877,0.575386,1.30886,1.26052,2.18307,10.4814,-0.152644,-0.10021,-0.226204,-0.721596,-1.36189,-3.0233,-0.229644
462,37,Male,Christian,Married,No,None,2,NA,,20260909002,-10.1486,-0.879405,-9.60377,-1.81623,-11.0842,-0.252678,-0.0646705,0.0403216,0.0225749,-0.204208,0.94744,0.504812,0.591043,0.722323,1.84715,1.63309,0.366224,1.08327,1.08249,2.06863,8.44722,-0.148355,-0.12221,-0.238408,-0.686489,-1.35049,-3.10666,-0.167816
463,75,Female,Not answered,Widowed,No,None,2,NA,,20260909002,-9.50818,-0.84796,-8.89984,-1.91173,-10.2086,-0.375837,-0.17139,0.00831149,-0.0501292,-0.204873,0.955103,0.3654,0.376951,0.655011,1.60455,1.89018,0.627058,1.22262,1.40798,1.93706,7.7542,-0.153459,-0.0692428,-0.171011,-0.584246,-1.36769,-3.0594,-0.165488
464,21,Female,Muslim,Single,No,None,1,NA,,20260909002,-10.3575,-0.803102,-9.7882,-1.87515,-11.0286,-0.430093,-0.260948,-0.0370074,-0.2059,-0.397493,1.00437,0.582198,0.483241,0.790486,1.82694,1.8663,0.557957,1.30379,1.42001,2.08379,8.57242,-0.172329,-0.088268,-0.259496,-0.723954,-1.39282,-3.1347,-0.213363
465,18,Female,Christian,Single,No,Had COVID,1,2,Libertarianism,20260909002,-10.5236,-0.915516,-9.75612,-1.89124,-11.1249,-0.299475,-0.141559,-0.0192828,0.035911,-0.335576,1.0528,0.42478900000000003,0.453415,0.623415,1.83345,1.92397,0.414157,1.2287,1.2529,2.12978,8.51582,-0.202568,-0.146299,-0.286864,-0.719219,-1.4342,-3.20649,-0.185498
466,58,Male,Hindu,Married,No,Had COVID,1,NA,,20260909002,-11.0148,-0.757899,-10.4041,-1.82303,-11.5139,-0.290178,-0.154909,-0.0211009,-0.0566091,-0.348761,0.742909,0.22731,0.24031,0.462887,1.35955,1.75659,0.418969,1.102,1.25886,1.72249,9.3053,-0.179026,-0.0881582,-0.248626,-0.654487,-1.41182,-3.10183,-0.200352
467,85,Male,Christian,Single,No,Had COVID,4,NA,,20260909002,-8.9606,-0.871783,-8.27836,-1.80928,-9.71949,-0.204566,-0.171941,-0.0551963,-0.102273,-0.213114,0.909008,0.586423,0.475893,0.632223,2.01229,1.79299,0.523538,1.2572,1.15352,2.05269,7.10812,-0.197417,-0.200917,-0.251625,-0.624906,-1.40646,-3.15275,-0.174975
468,34,Male,Christian,Married,Yes,Had COVID,1,NA,,20260909002,-9.92654,-0.939256,-9.35842,-1.76433,-10.6116,-0.283703,-0.13367,0.0404525,-0.212172,-0.228404,1.15549,0.675543,0.68507,0.651876,1.86495,1.74361,0.539613,1.26058,1.15435,2.07108,7.98947,-0.196998,-0.135494,-0.207954,-0.638156,-1.41839,-3.17173,-0.199693
469,55,Male,Christian,Married,No,Had COVID,2,NA,,20260909002,-8.84808,-0.809474,-8.47083,-1.93464,-9.57603,-0.313856,-0.0683348,0.0861211,0.120168,-0.0423889,1.09416,0.597263,0.671523,0.964564,1.70991,1.74633,0.504498,1.31367,1.39251,2.09569,7.131,-0.22076,-0.128336,-0.259042,-0.637772,-1.44051,-3.14396,-0.232207
470,31,Male,No religion,Single,Yes,Had COVID,2,NA,,20260909002,-9.44162,-0.842071,-8.84453,-1.84681,-10.3726,-0.541718,-0.339994,-0.0962179,-0.220165,-0.332869,0.991136,0.645681,0.51369,0.774087,2.00857,1.69443,0.521454,1.1563,1.23611,2.19681,7.66381,-0.177053,-0.0910974,-0.225924,-0.661182,-1.40782,-3.06015,-0.207463
471,33,Female,Christian,Married,Yes,None,4,NA,,20260909002,-9.50084,-1.02798,-8.83388,-1.886,-10.253,-0.0216355,0.0249177,0.177617,0.171442,-0.00564188,0.883494,0.469755,0.497146,0.728644,1.69368,1.75489,0.610341,1.16202,1.30054,2.0817,7.59006,-0.17015,-0.176363,-0.312937,-0.702444,-1.32989,-3.07554,-0.173206
472,80,Male,Christian,Widowed,No,None,2,NA,,20260909002,-9.35731,-1.12114,-8.63591,-1.86,-10.0293,-0.161387,7.78114e-4,0.0921147,0.131101,-0.138184,1.25523,0.62675,0.611292,0.715448,1.86394,2.04182,0.76768,1.3473,1.23752,2.21252,7.29599,-0.151929,-0.127154,-0.282087,-0.768574,-1.39124,-3.07082,-0.210134
473,45,Male,Christian,Married,Yes,Long COVID,1,NA,,20260909002,-10.0113,-0.909468,-9.47263,-1.86674,-10.8865,-0.19026,-0.00816075,0.119599,-0.142182,-0.0646341,1.18536,0.575735,0.624682,0.851499,2.09974,1.811,0.561621,1.1471,1.29563,2.20211,8.17518,-0.151494,-0.151737,-0.228488,-0.713067,-1.41741,-3.22878,-0.180173
474,85,Male,Christian,Married,No,Had COVID,2,NA,,20260909002,-10.8122,-0.989186,-10.126,-1.81976,-11.463,-0.185049,-0.0168573,-0.0779188,-0.0864768,-0.17645,1.01116,0.447873,0.531949,0.681919,1.63566,1.87894,0.613652,1.23141,1.2512,2.17003,8.90978,-0.15999,-0.157435,-0.25908,-0.650869,-1.40628,-3.13143,-0.190108
475,19,Female,No religion,Single,No,None,4,1,Scientific Rationalism,20260909002,-9.54652,-0.844595,-8.90222,-1.74376,-10.3294,-0.154345,0.0594897,0.0922378,0.0552836,0.0101199,1.05951,0.395492,0.38432500000000003,0.569331,1.7576,1.7136,0.368047,1.15855,1.08462,1.9868,7.69596,-0.211037,-0.184784,-0.206546,-0.657234,-1.38996,-3.12265,-0.190698
476,55,Male,No religion,Married,No,Had COVID,2,NA,,20260909002,-10.1874,-0.747331,-9.63099,-1.93657,-10.6393,-0.400331,-0.279536,-1.6097e-4,-0.149,-0.438977,1.28487,0.508341,0.50293,0.814559,1.77049,1.9108,0.524763,1.27483,1.25549,1.93131,8.35888,-0.15986,-0.07399,-0.246218,-0.604057,-1.3845,-3.09031,-0.193412
477,67,Male,No religion,Married,No,Bereaved,3,NA,,20260909002,-11.0221,-0.808142,-10.5861,-1.74297,-11.871,-0.342176,-0.142089,0.0304794,-0.0400619,-0.301602,0.832882,0.401727,0.626088,0.667611,1.901,1.81848,0.614891,1.21445,1.14597,2.26734,9.35393,-0.192528,-0.187081,-0.232972,-0.687779,-1.41007,-3.15224,-0.250346
478,70,Male,Christian,Married,No,Bereaved,3,NA,,20260909002,-9.49425,-0.828883,-8.86375,-2.02446,-9.88564,-0.356824,-0.260938,0.0473918,-0.0293587,-0.4497,1.32154,0.581744,0.667733,0.908359,1.70591,1.80686,0.436555,1.20864,1.28513,1.85784,7.53328,-0.216107,-0.133659,-0.219216,-0.655757,-1.42529,-3.17437,-0.181362
479,34,Male,Christian,Married,Yes,None,3,NA,,20260909002,-9.44859,-0.851151,-8.71144,-1.77309,-10.0711,-0.20279,-0.0368062,-0.00279994,-0.128018,-0.040567,1.07254,0.53464,0.502438,0.747396,1.70643,2.03583,0.619691,1.22366,1.29602,2.11996,7.51546,-0.183079,-0.165593,-0.276328,-0.676226,-1.41733,-3.1675,-0.204044
480,82,Male,Christian,Married,No,None,2,NA,,20260909002,-9.96066,-1.00268,-9.58235,-2.233,-10.6622,-0.275211,-0.0241543,0.138821,-0.0210654,-0.180879,1.14965,0.532616,0.74285,1.05033,1.76284,1.9185,0.615629,1.40957,1.63763,2.0693,8.04737,-0.134679,-0.0759428,-0.224613,-0.590051,-1.39331,-3.14809,-0.175516
481,25,Female,Muslim,Single,No,Long COVID,2,NA,,20260909002,-8.80554,-0.837356,-8.34228,-1.88174,-9.56694,-0.212976,-0.066485,0.184627,0.0166735,-0.155526,0.784917,0.322486,0.468121,0.690654,1.6938,1.80007,0.495396,1.20588,1.19974,2.08554,7.01596,-0.204766,-0.106848,-0.280302,-0.690621,-1.40399,-3.21568,-0.18369
482,57,Male,Christian,Married,Yes,None,1,NA,,20260909002,-9.33393,-0.854304,-8.66805,-1.9643,-9.97659,-0.182542,-0.0696654,0.0161564,0.0648641,-0.21892,0.863433,0.333559,0.459946,0.763864,1.56235,1.96708,0.558697,1.28823,1.38216,2.07541,7.46407,-0.148137,-0.108771,-0.266583,-0.686252,-1.36644,-3.1145,-0.208961
483,54,Male,Christian,Separated,No,None,3,NA,,20260909002,-10.6203,-0.919031,-10.0287,-1.95111,-11.374,-0.278199,-0.141135,0.0360032,-0.0507457,-0.296248,1.28702,0.675702,0.656545,0.683068,2.17467,1.83917,0.548488,1.18657,1.17182,2.23765,8.69008,-0.156814,-0.0817761,-0.281539,-0.633409,-1.42269,-3.16684,-0.202163
484,63,Female,No religion,Widowed,No,None,4,NA,,20260909002,-9.73512,-0.800599,-9.09728,-1.72318,-10.4419,-0.284397,-0.269218,-0.0392633,-0.149853,-0.428928,0.923185,0.478881,0.51084,0.625707,2.05385,1.74377,0.499336,1.15482,1.21434,2.08691,7.92262,-0.152517,-0.0943757,-0.219529,-0.606964,-1.4061,-3.14895,-0.201955
485,37,Female,Not answered,Married,Yes,Had COVID,4,NA,,20260909002,-9.2179,-0.746003,-8.80125,-1.85227,-10.0548,-0.217281,-0.11475,0.0684617,-0.0797789,-0.179875,0.83102,0.41553,0.584902,0.805326,1.81984,1.42727,0.314118,1.10303,1.11778,1.85054,7.55637,-0.197828,-0.11828,-0.28666,-0.619164,-1.38727,-3.07657,-0.188455
486,65,Male,Christian,Married,No,None,2,NA,,20260909002,-7.92397,-0.919211,-7.39121,-2.03671,-8.62141,-0.161293,-0.240009,0.0364603,-0.0185197,-0.320265,1.00361,0.499756,0.53633,0.680107,1.83163,1.85039,0.655934,1.38186,1.4471,2.22601,5.99341,-0.174444,-0.134644,-0.249369,-0.635995,-1.37224,-3.11651,-0.145159
487,31,Male,No religion,Single,No,None,2,NA,,20260909002,-12.2077,-0.818417,-11.5704,-1.90328,-12.8306,-0.217219,-0.130781,0.0622056,0.018853,-0.181962,1.07746,0.418314,0.606609,0.711586,1.76814,1.69056,0.344396,1.15325,1.22763,1.90263,10.3538,-0.187217,-0.149343,-0.300694,-0.680772,-1.3935,-3.1105,-0.186284
488,50,Female,Buddhist,Single,No,None,3,NA,,20260909002,-9.07257,-0.786357,-8.52828,-2.04487,-9.75988,-0.248566,-0.161202,0.105928,0.0392774,-0.172396,1.05051,0.541356,0.464529,0.943003,1.84971,1.68373,0.356744,1.14717,1.44544,1.98976,7.24554,-0.208894,-0.0978163,-0.25527,-0.602801,-1.37455,-3.05966,-0.200671
489,30,Male,No religion,Married,Yes,None,1,NA,,20260909002,-10.5022,-0.746369,-9.9636,-1.95144,-11.1732,-0.227561,-0.0847668,0.0180612,0.0603582,-0.111485,0.72036,0.20921,0.402619,0.664547,1.4156,1.76049,0.38519,1.15548,1.31329,1.95468,8.76299,-0.18382,-0.090489,-0.218187,-0.598141,-1.35775,-3.13306,-0.205377
490,37,Male,No religion,Divorced,No,Had COVID,2,NA,,20260909002,-11.041,-0.899875,-10.3604,-1.8857,-11.6922,-0.162181,-0.0915111,0.0767491,0.0801073,-0.177279,0.93671,0.38094,0.456737,0.569224,1.65456,1.90129,0.599755,1.24754,1.29229,2.1152,9.09881,-0.140273,-0.10458,-0.262776,-0.639924,-1.38033,-3.09438,-0.178443
491,74,Female,Muslim,Single,No,Bereaved,1,NA,,20260909002,-11.1971,-0.778681,-10.4866,-1.70507,-11.7004,-0.149176,-0.0558726,0.040627,0.0458684,-0.265385,0.959801,0.327622,0.363583,0.519613,1.63377,1.80207,0.394432,1.1333,1.09909,1.90765,9.34251,-0.223546,-0.180962,-0.239388,-0.680974,-1.38347,-3.10468,-0.186947
492,53,Male,Christian,Divorced,Yes,Had COVID,1,NA,,20260909002,-9.18488,-0.817407,-8.47854,-1.82051,-9.8136,-0.391703,-0.27241,0.00164533,-0.162786,-0.224457,1.10228,0.473362,0.457584,0.70008,1.69878,1.84407,0.515645,1.19798,1.28574,1.96644,7.31293,-0.150236,-0.182896,-0.264283,-0.637246,-1.36785,-3.11501,-0.19273
493,56,Male,Christian,Married,No,Had COVID,3,NA,,20260909002,-10.7452,-0.882361,-10.2121,-1.95514,-11.3555,-0.101342,-0.0593296,0.202616,0.082024,-0.198885,0.914848,0.355391,0.446714,0.602876,1.63713,1.62219,0.299634,1.24918,1.26858,1.81208,8.85498,-0.162813,-0.0563261,-0.315142,-0.720362,-1.40271,-3.14249,-0.164392
494,53,Male,Christian,Divorced,No,None,2,NA,,20260909002,-10.1999,-0.972737,-9.62153,-2.00833,-11.1394,-0.052183,0.0344953,0.103928,0.0148818,0.0406388,1.22973,0.637466,0.673898,0.920113,1.94072,1.73645,0.551184,1.26604,1.41017,2.04425,8.32345,-0.10185,-0.108164,-0.208942,-0.636606,-1.37033,-3.14446,-0.179987
495,31,Female,Christian,Married,Yes,Had COVID,2,NA,,20260909002,-11.0947,-0.880744,-10.5487,-1.94548,-11.6557,-0.191489,-0.178965,0.0317992,0.023794,-0.246833,0.92567,0.493734,0.58365,0.757783,1.87789,1.80552,0.535376,1.29301,1.31511,1.94318,9.26446,-0.153745,-0.131635,-0.288691,-0.696632,-1.38255,-3.04487,-0.191217
496,65,Male,No religion,Divorced,No,Long COVID,1,NA,,20260909002,-7.59562,-0.796547,-6.94448,-1.74569,-8.50478,-0.236802,-0.0666997,-0.0462711,-0.0174223,-0.0252115,1.01348,0.549738,0.429959,0.648362,1.99301,1.57273,0.266304,0.945344,1.01281,1.90918,5.82457,-0.169022,-0.116971,-0.255124,-0.704543,-1.38635,-3.11798,-0.195279
497,59,Male,Muslim,Single,No,Had COVID,2,NA,,20260909002,-9.36003,-0.864958,-8.60122,-1.85759,-9.91711,-0.210157,-0.123515,-0.0890915,-0.143127,-0.238901,1.23958,0.540034,0.551608,0.840521,1.813,1.78409,0.363111,1.18569,1.22816,1.87172,7.39977,-0.192549,-0.0914614,-0.233069,-0.669436,-1.42963,-3.16391,-0.210564
498,33,Male,Christian,Single,Yes,Had COVID,4,NA,,20260909002,-8.88537,-0.899266,-8.32227,-1.81682,-9.66822,-0.158208,-0.0854285,0.0977059,0.179368,-0.182815,0.887644,0.470794,0.420029,0.654749,1.85152,1.81429,0.623515,1.29421,1.22007,2.24091,7.03842,-0.206282,-0.130392,-0.265676,-0.705465,-1.38968,-3.13924,-0.201654
499,38,Male,No religion,Divorced,No,None,3,NA,,20260909002,-10.0811,-0.756009,-9.42912,-1.93716,-11.0163,-0.491522,-0.378178,-0.0506445,-0.155956,-0.419121,1.13925,0.580727,0.585387,0.869001,2.14945,2.00065,0.632898,1.25609,1.43827,2.45561,8.27641,-0.209083,-0.161517,-0.239193,-0.73294,-1.37988,-3.14391,-0.193918
500,45,Male,No religion,Single,Yes,None,4,NA,,20260909002,-9.84138,-0.654877,-9.41102,-1.63225,-10.6222,-0.496622,-0.305256,-0.0501799,-0.227928,-0.386098,1.0196,0.37884,0.545212,0.485811,1.92034,1.66941,0.382208,1.191,1.11495,1.95032,8.23625,-0.165267,-0.114184,-0.304266,-0.705453,-1.41337,-3.13569,-0.157371
501,70,Female,No religion,Widowed,No,None,2,NA,,20260909002,-10.8383,-0.76174,-10.1795,-1.68504,-11.4073,-0.338129,-0.293927,-0.0129706,-0.147758,-0.277553,1.22692,0.697431,0.5384,0.774705,1.77584,1.78831,0.403141,1.11139,1.02435,1.86466,9.05388,-0.195129,-0.102372,-0.234479,-0.65237,-1.39708,-3.08295,-0.199238
502,67,Female,No religion,Married,No,Had COVID,1,NA,,20260909002,-9.31496,-0.9004,-8.57866,-2.00413,-9.87641,-0.351771,-0.243891,-0.0714087,-0.0605435,-0.305805,1.45151,0.8387,0.599664,0.972614,2.12745,2.09014,0.657529,1.30491,1.41673,2.11903,7.34584,-0.157254,-0.0645862,-0.229721,-0.600276,-1.38314,-3.11107,-0.198834
503,47,Female,Christian,Married,Yes,Had COVID,1,NA,,20260909002,-10.9081,-0.970516,-10.2345,-1.90875,-11.476,-0.372996,-0.168886,-0.0709694,-0.290937,-0.309029,1.2785,0.697446,0.662363,0.88471,1.98392,1.8624,0.420725,1.22759,1.30535,1.89201,8.90519,-0.230083,-0.111341,-0.250029,-0.615349,-1.41412,-3.14947,-0.176321
504,60,Male,No religion,Married,No,Long COVID,2,NA,,20260909002,-11.4471,-0.845713,-10.9723,-1.88219,-12.3481,-0.471879,-0.326714,-0.112101,-0.206011,-0.35723,1.20895,0.704839,0.736354,0.878884,2.20999,1.79277,0.552706,1.35482,1.24968,2.2697600000000002,9.67367,-0.152631,-0.10618,-0.236424,-0.646837,-1.39506,-3.17962,-0.195369
505,90,Female,Not answered,Widowed,No,None,2,NA,,20260909002,-9.82789,-1.00959,-9.17683,-1.89514,-10.6355,-0.320561,-0.208968,-0.0315885,0.0264751,-0.390996,1.05446,0.589823,0.632291,0.760453,2.07649,1.9707,0.692221,1.36305,1.41595,2.34232,7.85689,-0.204862,-0.203599,-0.253915,-0.690324,-1.40265,-3.12196,-0.169784
506,46,Male,Christian,Single,Yes,None,4,NA,,20260909002,-9.0598,-0.973494,-8.26613,-2.00448,-9.67423,-0.307525,-0.151389,0.0252844,-0.05997,-0.449959,1.28611,0.658243,0.481033,0.859697,1.84899,2.0392,0.745148,1.30254,1.60314,2.28002,7.02575,-0.170941,-0.159124,-0.262662,-0.723771,-1.38647,-3.16512,-0.216225
507,47,Male,Christian,Divorced,Yes,Had COVID,4,4,Conspiracy Ideation,20260909002,-9.46355,-0.943508,-8.88677,-1.94246,-10.117,-0.356628,-0.202805,-0.0360029,-0.0908996,-0.310037,1.2523,0.761763,0.595804,0.807102,1.9631,1.83515,0.478126,1.26773,1.28252,1.95258,7.55867,-0.192284,-0.144747,-0.275589,-0.685125,-1.43699,-3.20107,-0.204028
508,20,Male,Muslim,Single,No,None,2,4,Conspiracy Ideation,20260909002,-8.61009,-0.953353,-8.02198,-1.95545,-9.33625,-0.326582,-0.15427,0.0579729,-0.0819269,-0.302582,1.1182,0.666722,0.486149,0.871644,1.80931,1.89439,0.666273,1.23537,1.44518,2.13414,6.74607,-0.187418,-0.157039,-0.196174,-0.647418,-1.33673,-3.08691,-0.209491
509,26,Female,Christian,Single,No,Had COVID,3,NA,,20260909002,-8.16625,-0.690248,-7.67465,-1.81669,-8.99472,-0.295403,-0.103089,-0.14005,-0.174005,-0.00378773,0.998,0.396998,0.585728,0.67727,1.7961,1.52961,0.222187,1.14297,1.09548,1.73199,6.48507,-0.190032,-0.114579,-0.246299,-0.658681,-1.37599,-3.14045,-0.224087
510,43,Female,Christian,Married,Yes,Had COVID,4,NA,,20260909002,-11.1833,-0.826177,-10.4974,-1.93123,-11.6433,-0.131744,-0.117101,0.108729,0.00751655,-0.161535,1.07592,0.502264,0.488695,0.727784,1.70853,1.82076,0.42573,1.2625,1.31513,1.8322,9.2356,-0.209766,-0.100164,-0.262284,-0.618695,-1.39159,-3.1181,-0.141875
511,50,Female,Christian,Married,No,Had COVID,3,NA,,20260909002,-10.5363,-0.564929,-10.0143,-1.61434,-11.3255,-0.526337,-0.366025,-0.117057,-0.218065,-0.57603,0.916913,0.377127,0.425464,0.509172,1.93651,1.81935,0.404718,1.18255,1.23577,2.07152,8.97271,-0.135708,-0.100781,-0.208439,-0.674661,-1.3776,-3.13874,-0.173868
512,55,Male,No religion,Divorced,No,None,2,NA,,20260909002,-10.1637,-0.875047,-9.45408,-1.89975,-10.8093,-0.149626,-0.134754,0.0033626,0.0616399,-0.224393,1.1135,0.498086,0.569103,0.747798,1.92545,1.92587,0.507856,1.35477,1.31116,2.28531,8.14284,-0.188481,-0.151527,-0.236557,-0.69729,-1.41623,-3.17643,-0.181863
513,43,Female,Christian,Divorced,Yes,Had COVID,4,NA,,20260909002,-8.81034,-0.863892,-8.16563,-1.7735,-9.57842,-0.295329,-0.150587,0.0212203,-0.17613,-0.246698,1.09514,0.690309,0.505098,0.861731,2.07998,1.82571,0.481322,1.17686,1.19932,2.13779,6.99325,-0.17475,-0.123529,-0.247548,-0.712746,-1.34379,-3.12033,-0.183138
514,74,Male,No religion,Widowed,No,Had COVID,4,2,Libertarianism,20260909002,-11.0414,-0.939285,-10.3888,-2.06438,-11.7133,-0.277064,-0.055725,0.0779489,0.0918284,-0.127959,1.06862,0.506708,0.513241,0.770691,1.81759,1.96908,0.592832,1.1652,1.41276,2.16938,9.142,-0.192507,-0.179427,-0.218714,-0.579419,-1.3896,-3.1155,-0.170564
515,57,Female,Christian,Divorced,No,Had COVID,1,NA,,20260909002,-8.54606,-1.16002,-7.76381,-2.19433,-9.2418,-0.0245054,0.0489838,0.165514,0.201199,-0.0378517,1.2669,0.706475,0.594585,0.979367,2.02798,2.18334,0.900766,1.281,1.53479,2.43432,6.36831,-0.142661,-0.0832465,-0.264143,-0.654704,-1.34767,-3.0577,-0.178329
516,47,Male,Christian,Married,Yes,Had COVID,4,NA,,20260909002,-9.37309,-0.726823,-8.78435,-1.66466,-10.1072,-0.466898,-0.392391,-0.132012,-0.326085,-0.213433,1.06722,0.511515,0.529081,0.689057,1.90142,1.82481,0.439631,1.20956,1.05383,1.93937,7.58069,-0.149135,-0.132246,-0.286479,-0.651568,-1.43009,-3.14091,-0.154011
517,69,Female,Christian,Widowed,No,Had COVID,2,NA,,20260909002,-9.74123,-0.801132,-9.18086,-1.89805,-10.4491,-0.361181,-0.230213,-0.0386815,0.107979,-0.331886,1.04381,0.479421,0.634023,0.529347,1.67005,1.77231,0.417056,1.17091,1.06784,2.08851,7.93631,-0.159493,-0.0910871,-0.26263,-0.681646,-1.3926,-3.11936,-0.182121
518,36,Female,Hindu,Married,Yes,Had COVID,4,3,Communitarianism,20260909002,-8.92467,-0.92692,-8.39056,-1.86348,-9.97954,-0.178912,-0.00853849,0.0783439,0.0926581,0.0566594,0.777743,0.300653,0.456606,0.651478,1.78194,1.68205,0.558155,1.13982,1.35979,2.29792,7.17242,-0.20078,-0.129978,-0.211745,-0.692618,-1.35714,-3.09379,-0.181128
519,60,Male,Christian,Married,No,None,3,NA,,20260909002,-10.0046,-0.716145,-9.56345,-1.78326,-10.783,-0.333654,-0.303378,-0.0601193,-0.182504,-0.155478,0.87725,0.372307,0.584355,0.644381,1.67882,1.61091,0.308265,1.2654,1.23434,1.79763,8.30538,-0.152297,-0.0990525,-0.244326,-0.675356,-1.39668,-3.15306,-0.18558
520,49,Female,Other religion,Married,No,None,2,1,Scientific Rationalism,20260909002,-8.9661,-0.872298,-8.49911,-1.97817,-9.6729,-0.248693,-0.099613,0.0271999,0.165093,-0.247593,0.972653,0.613342,0.684986,0.807199,1.75254,1.75639,0.521793,1.31397,1.30371,2.03085,7.18786,-0.172556,-0.0800238,-0.247951,-0.65138,-1.38421,-3.11015,-0.19646
521,57,Female,No religion,Married,No,Had COVID,2,5,Institutional Trust and Technocratic Governance,20260909002,-9.18488,-0.817407,-8.47854,-1.82051,-9.8136,-0.391703,-0.27241,0.00164533,-0.162786,-0.224457,1.10228,0.473362,0.457584,0.70008,1.69878,1.84407,0.515645,1.19798,1.28574,1.96644,7.31293,-0.150236,-0.182896,-0.264283,-0.637246,-1.36785,-3.11501,-0.19273
522,53,Male,Christian,Married,No,Bereaved,2,NA,,20260909002,-8.43989,-0.652738,-7.9683,-1.68532,-9.05682,-0.316142,-0.17392,-0.0662496,-0.150078,-0.469044,0.933274,0.342087,0.584376,0.68384,1.67998,1.52077,0.304033,1.16767,1.14817,1.89551,6.77932,-0.208907,-0.110403,-0.256726,-0.656833,-1.38151,-3.12687,-0.222276
523,63,Female,Christian,Divorced,No,Had COVID,3,4,Conspiracy Ideation,20260909002,-10.1868,-0.886493,-9.44342,-1.86981,-10.8259,-0.219768,-0.188236,-0.055075,-0.134873,-0.247192,1.1496,0.524448,0.528927,0.517229,2.02413,2.02559,0.578394,1.24388,1.35685,2.14951,8.178,-0.167081,-0.15846,-0.245627,-0.681542,-1.3827,-3.15494,-0.182537
524,71,Male,Christian,Married,No,None,3,NA,,20260909002,-10.1545,-0.86925,-9.4898,-1.92752,-10.8488,-0.302723,-0.0367055,0.0854899,0.0548002,-0.267693,1.03009,0.505043,0.382235,0.679493,1.88586,1.98244,0.596176,1.24271,1.34499,2.24267,8.3159,-0.197815,-0.112892,-0.251643,-0.643975,-1.3649,-3.11774,-0.190278
525,23,Male,Christian,Single,No,Had COVID,2,NA,,20260909002,-10.0725,-0.834074,-9.37574,-1.784,-10.7558,-0.349474,-0.285551,-0.0398698,-0.185458,-0.232968,0.837017,0.426319,0.376893,0.557306,1.7522,1.71311,0.499404,1.18857,1.21846,1.93235,8.22258,-0.167833,-0.150017,-0.272023,-0.677313,-1.35927,-3.11603,-0.168796
526,30,Female,Muslim,Single,No,Had COVID,3,NA,,20260909002,-8.4906,-0.681838,-8.00006,-1.71835,-9.27258,-0.331869,-0.273395,-0.0331558,-0.11658,-0.328118,1.11656,0.544157,0.606494,0.798044,1.80435,1.64056,0.389967,1.2063,1.23899,1.83557,6.85412,-0.175477,-0.109594,-0.251986,-0.713888,-1.36616,-3.08961,-0.196457
527,26,Male,Christian,Single,No,None,3,NA,,20260909002,-10.3634,-0.673957,-10.0076,-1.74781,-11.0775,-0.419458,-0.26004,-0.0200327,-0.247446,-0.243292,0.715265,0.343447,0.462363,0.723576,1.602,1.49935,0.194974,1.10572,1.26105,1.73198,8.81564,-0.171949,-0.144508,-0.2608,-0.633964,-1.39001,-3.11009,-0.150399
528,40,Female,Christian,Married,No,None,2,2,Libertarianism,20260909002,-9.39775,-0.909314,-8.8635,-1.82383,-10.1822,-0.302792,-0.094337,-0.0786936,-0.29447,0.00568387,1.05427,0.46603,0.661656,0.800459,1.78153,1.88362,0.485508,1.37379,1.26208,2.06663,7.47858,-0.239062,-0.133633,-0.252852,-0.645399,-1.37039,-3.08125,-0.181503
529,78,Male,No religion,Divorced,No,None,4,NA,,20260909002,-9.01656,-1.03964,-8.37011,-1.97138,-9.81451,-0.409124,-0.2185,0.00793643,-0.202044,-0.328759,1.29468,0.736712,0.727784,1.00083,2.0071,1.93703,0.66391,1.28173,1.48999,2.37712,6.99062,-0.212111,-0.159247,-0.294182,-0.713706,-1.43558,-3.20913,-0.169755
530,39,Male,Christian,Married,Yes,None,4,NA,,20260909002,-9.0733,-0.820332,-8.5143,-1.80249,-9.86985,-0.234112,-0.0323014,0.148717,0.027519,-0.0268338,1.13737,0.523495,0.50048,0.60506,1.9871,1.79805,0.356769,1.19497,1.24428,2.08563,7.21476,-0.129927,-0.0660554,-0.211482,-0.629234,-1.40737,-3.09609,-0.178226
531,44,Female,Hindu,Married,Yes,None,1,NA,,20260909002,-10.7283,-0.82191,-10.0385,-1.86275,-11.2835,-0.213059,-0.137898,-0.0412536,0.0552434,-0.27379,0.805397,0.314785,0.36759,0.549699,1.5404,1.8066,0.508966,1.17239,1.18478,1.9436,8.9217,-0.193068,-0.111797,-0.293826,-0.645616,-1.38649,-3.12538,-0.145439
532,39,Female,Christian,Separated,No,Had COVID,2,NA,,20260909002,-10.0777,-1.04003,-9.29473,-1.94822,-10.828,-0.189412,-0.00760066,0.0617509,-0.0474163,-0.0817991,1.49482,0.865924,0.734109,0.948821,2.14106,1.98108,0.616879,1.2893,1.36264,2.29547,8.03661,-0.176032,-0.167424,-0.217844,-0.625299,-1.36962,-3.15372,-0.209085
533,80,Female,Christian,Divorced,No,Had COVID,4,NA,,20260909002,-10.67,-0.741713,-10.2022,-1.86822,-11.4066,-0.395037,-0.202095,-0.08176,-0.165865,-0.353794,1.1899,0.581712,0.58351,0.882945,1.92774,1.88221,0.616549,1.37263,1.42893,2.14469,9.01691,-0.139603,-0.0596807,-0.276502,-0.632658,-1.37751,-3.08406,-0.172431
534,44,Female,Christian,Single,No,Bereaved,4,NA,,20260909002,-11.0135,-0.793719,-10.5054,-1.82586,-11.5813,-0.349732,-0.217727,0.020061,-0.0445983,-0.276625,1.06544,0.554373,0.61894,0.784284,1.77796,1.60226,0.303392,1.21106,1.17929,1.86107,9.21509,-0.150503,-0.107148,-0.27706,-0.671452,-1.43246,-3.15902,-0.210667
535,24,Female,Christian,Single,No,Had COVID,4,NA,,20260909002,-9.89395,-0.858838,-9.2709,-1.84938,-10.7447,-0.197718,0.0387727,0.10544100000000001,-0.100967,0.122833,0.942738,0.346693,0.53932,0.676396,1.76214,1.85635,0.484751,1.19648,1.34485,2.07302,8.03203,-0.162304,-0.120338,-0.267004,-0.685151,-1.37138,-3.10377,-0.202585
536,25,Male,No religion,Single,No,None,4,NA,,20260909002,-10.1506,-1.02171,-9.44295,-2.18091,-10.8067,-0.255484,-0.107325,-0.045202,-0.0923279,-0.181899,1.06929,0.424613,0.495938,0.994485,1.74351,2.06794,0.661343,1.2899,1.55522,2.11743,8.14216,-0.122564,-0.0922249,-0.216831,-0.618093,-1.42842,-3.15747,-0.139854
537,76,Male,No religion,Married,No,None,2,NA,,20260909002,-10.0368,-0.857696,-9.43254,-2.00663,-10.8597,-0.404142,-0.200923,0.0252571,-0.0518309,-0.222079,1.20745,0.611516,0.527017,1.01568,2.05643,1.92202,0.545328,1.20691,1.35579,2.27567,8.12734,-0.174622,-0.120644,-0.27513,-0.65975,-1.45918,-3.20626,-0.207996
538,29,Male,Christian,Single,No,Had COVID,1,NA,,20260909002,-9.15236,-0.961523,-8.49147,-2.14971,-9.64576,-0.133253,-0.0768922,0.0809247,-0.00152116,-0.313099,1.34645,0.725814,0.727068,1.18347,2.03333,2.01,0.572125,1.37239,1.45764,2.11378,7.08788,-0.205472,-0.154495,-0.265462,-0.681588,-1.42749,-3.22462,-0.231711
539,24,Male,Christian,Single,No,None,2,NA,,20260909002,-9.36842,-0.722825,-8.79258,-1.90946,-9.90952,-0.164319,-0.0441642,0.0780624,-0.125875,-0.104801,1.18022,0.529023,0.538267,0.817976,1.67481,1.67576,0.379206,1.09324,1.2911,1.839,7.60808,-0.151868,-0.039956,-0.244147,-0.625196,-1.38269,-3.086,-0.210497
540,40,Female,Christian,Married,No,Had COVID,4,NA,,20260909002,-10.4142,-0.928684,-9.74193,-1.80672,-11.2028,-0.233298,-0.108037,0.146143,-0.0176876,-0.10943,1.09065,0.554875,0.454994,0.702433,1.71541,1.83407,0.636587,1.19149,1.25018,2.16433,8.56526,-0.163106,-0.107972,-0.271775,-0.653734,-1.33336,-3.0878,-0.210927
541,40,Female,Christian,Single,No,Had COVID,2,NA,,20260909002,-9.2681,-0.914994,-8.61549,-2.01419,-9.58213,-0.202266,-0.133709,0.0282849,0.0843688,-0.366744,1.09331,0.498105,0.539084,0.760847,1.54689,1.77081,0.427862,1.15053,1.27036,1.77856,7.29483,-0.15132,-0.109986,-0.262855,-0.633978,-1.43274,-3.12344,-0.15514
542,54,Male,No religion,Single,Yes,None,2,NA,,20260909002,-10.0763,-0.826591,-9.61443,-1.93014,-10.9128,-0.184325,-0.00156062,0.0692349,0.0371632,0.0127478,0.874772,0.415882,0.637555,0.908133,1.66638,1.75574,0.403777,1.23461,1.46586,1.75443,8.42169,-0.164711,-0.112929,-0.225721,-0.666547,-1.31681,-3.05257,-0.132316
543,50,Female,Christian,Divorced,No,None,1,NA,,20260909002,-10.6633,-0.603594,-10.1712,-1.6922,-11.2836,-0.256145,-0.225992,-0.0822181,-0.0445614,-0.25460700000000003,0.856252,0.369064,0.521909,0.657128,1.59663,1.55756,0.273322,1.18387,1.10118,1.70662,9.09784,-0.215779,-0.120357,-0.254835,-0.624309,-1.36704,-3.07929,-0.198229
544,75,Male,Christian,Married,No,Bereaved,2,NA,,20260909002,-10.0984,-0.809554,-9.63533,-2.13522,-10.718,-0.359906,-0.286113,0.0388503,0.0580023,-0.376549,1.09656,0.522269,0.684447,0.956262,1.80139,1.86067,0.442476,1.3749,1.46942,2.07008,8.20739,-0.167826,-0.124655,-0.256805,-0.667511,-1.42745,-3.15219,-0.168498
545,69,Male,No religion,Divorced,No,None,4,NA,,20260909002,-7.2228,-0.975942,-6.48752,-2.01421,-7.87705,-0.194459,-0.114866,0.0522478,0.0761251,-0.125168,1.37067,0.729739,0.578376,0.970907,2.16853,2.19609,0.73705,1.35961,1.32865,2.29043,5.09625,-0.14532,-0.10942,-0.258037,-0.695313,-1.42891,-3.21516,-0.210631
546,58,Male,No religion,Married,No,None,3,NA,,20260909002,-8.4546500000000009,-0.812966,-7.82024,-1.82727,-8.98563,-0.366943,-0.182551,-0.113403,-0.0895694,-0.39499,1.06546,0.463885,0.565775,0.685482,1.70334,1.85794,0.483299,1.26376,1.20596,1.80018,6.60023,-0.184284,-0.0600624,-0.28368,-0.69202,-1.36595,-3.13944,-0.216041
547,24,Male,Muslim,Single,No,None,2,NA,,20260909002,-9.92182,-1.01326,-9.33914,-2.10724,-10.7878,-0.255382,-0.0727554,0.0724383,0.0502151,-0.00911783,1.35058,0.736941,0.685379,0.882892,2.03147,1.88558,0.577512,1.24459,1.36287,2.19721,7.95129,-0.135594,-0.0480341,-0.289266,-0.62984,-1.40678,-3.14031,-0.174724
548,70,Male,Christian,Divorced,No,None,4,NA,,20260909002,-8.33019,-0.968711,-7.77186,-2.008,-9.03335,-0.332286,-0.106452,0.0614941,-0.122054,-0.269891,0.852355,0.34663,0.478324,0.740636,1.67281,1.83204,0.523378,1.27268,1.40952,2.06418,6.43124,-0.19144,-0.103291,-0.255142,-0.643158,-1.39798,-3.09968,-0.182402
549,22,Male,No religion,Single,No,Long COVID,4,NA,,20260909002,-10.4769,-0.939203,-9.96509,-2.02542,-11.1496,-0.162921,-0.0615526,0.0568902,0.110006,-0.112257,1.13666,0.669126,0.715614,0.954125,1.9224,1.84418,0.589134,1.42547,1.54118,2.0573,8.54937,-0.173464,-0.103061,-0.28211,-0.727863,-1.38472,-3.13533,-0.203973
550,44,Male,Muslim,Single,Yes,None,3,NA,,20260909002,-10.0253,-0.868641,-9.41586,-1.76201,-10.6993,-0.290362,-0.0431291,0.0389241,-0.101098,-0.11208,1.0382,0.495332,0.476768,0.671413,1.7425,1.7603,0.4366,1.16533,1.14844,1.79203,8.21716,-0.155361,-0.10259,-0.232495,-0.705591,-1.40202,-3.16323,-0.187579
551,52,Male,Christian,Married,Yes,None,1,NA,,20260909002,-11.3328,-0.969338,-10.5662,-1.89774,-11.7883,-0.161096,0.0161829,0.0581534,0.0687222,-0.275755,1.3147200000000001,0.629307,0.551895,0.790236,1.97804,1.94072,0.531069,1.19773,1.26022,1.98089,9.33309,-0.161846,-0.114071,-0.266504,-0.656317,-1.43741,-3.18017,-0.194488
552,46,Female,Christian,Married,No,Long COVID,3,NA,,20260909002,-8.88537,-0.899266,-8.32227,-1.81682,-9.66822,-0.158208,-0.0854285,0.0977059,0.179368,-0.182815,0.887644,0.470794,0.420029,0.654749,1.85152,1.81429,0.623515,1.29421,1.22007,2.24091,7.03842,-0.206282,-0.130392,-0.265676,-0.705465,-1.38968,-3.13924,-0.201654
553,28,Male,No religion,Single,No,None,3,NA,,20260909002,-12.1001,-0.8368,-11.4266,-1.81229,-12.7095,-0.315105,-0.163265,-0.0309856,-0.178714,-0.327771,1.15726,0.441302,0.44599,0.81369,1.70395,1.73679,0.406701,1.22059,1.26437,1.94879,10.2478,-0.209172,-0.195539,-0.261206,-0.666323,-1.38947,-3.1032,-0.184903
554,34,Male,Christian,Single,Yes,None,1,5,Institutional Trust and Technocratic Governance,20260909002,-10.0786,-0.92018,-9.4267,-2.00559,-10.9143,-0.156871,-0.0118117,0.0870118,-0.00984529,0.086979,0.958168,0.566378,0.580961,0.918908,1.96378,1.69059,0.461433,1.1708,1.36308,2.03747,8.19167,-0.158778,-0.162255,-0.253734,-0.616785,-1.35307,-3.07083,-0.177808
555,77,Female,No religion,Married,No,Had COVID,2,NA,,20260909002,-9.69587,-0.884047,-9.09932,-1.90122,-10.5608,-0.286942,-0.14414,0.0335852,-0.0659668,-0.0586599,1.25916,0.746713,0.720764,1.08549,2.0945,2.02852,0.653169,1.20828,1.35483,2.26433,7.79625,-0.145723,-0.135615,-0.232168,-0.71195,-1.37604,-3.15418,-0.190109
556,61,Female,Christian,Divorced,No,Had COVID,2,2,Libertarianism,20260909002,-11.5713,-0.84207,-10.9696,-1.90715,-12.3829,-0.2181,-0.167319,0.00367726,-0.143377,-0.167906,0.874757,0.449392,0.327188,0.774636,1.66338,1.73084,0.520206,1.2589,1.35305,2.08915,9.83381,-0.147148,-0.0814163,-0.262505,-0.629191,-1.37457,-3.11443,-0.18803
557,44,Female,No religion,Married,Yes,None,2,NA,,20260909002,-10.6633,-0.603594,-10.1712,-1.6922,-11.2836,-0.256145,-0.225992,-0.0822181,-0.0445614,-0.25460700000000003,0.856252,0.369064,0.521909,0.657128,1.59663,1.55756,0.273322,1.18387,1.10118,1.70662,9.09784,-0.215779,-0.120357,-0.254835,-0.624309,-1.36704,-3.07929,-0.198229
558,20,Male,No religion,Divorced,No,Had COVID,3,NA,,20260909002,-11.9938,-0.899107,-11.1966,-1.87804,-12.4999,-0.242873,-0.150721,-0.0486998,-0.108876,-0.164406,1.1693,0.637353,0.599132,0.831168,1.81317,2.04072,0.558072,1.28276,1.37739,2.05352,10.0308,-0.176047,-0.138486,-0.230707,-0.691695,-1.41017,-3.13259,-0.204288
559,54,Male,Other religion,Widowed,No,None,4,NA,,20260909002,-9.95591,-0.841235,-9.39323,-2.14427,-10.5265,-0.266821,-0.189471,0.0816575,0.00767936,-0.446663,1.0153,0.449279,0.495715,0.93855,1.76507,1.7438,0.368939,1.21783,1.4067,1.91688,8.0857,-0.129484,-0.0780307,-0.250758,-0.617559,-1.41198,-3.16659,-0.134217
560,59,Female,No religion,Married,No,Had COVID,4,NA,,20260909002,-9.31496,-0.9004,-8.57866,-2.00413,-9.87641,-0.351771,-0.243891,-0.0714087,-0.0605435,-0.305805,1.45151,0.8387,0.599664,0.972614,2.12745,2.09014,0.657529,1.30491,1.41673,2.11903,7.34584,-0.157254,-0.0645862,-0.229721,-0.600276,-1.38314,-3.11107,-0.198834
561,19,Female,No religion,Single,No,None,1,4,Conspiracy Ideation,20260909002,-10.7849,-0.882834,-10.1725,-1.99357,-11.6466,-0.208948,-0.00745657,0.0310723,-0.0179404,-0.119997,1.05277,0.488983,0.539185,0.803616,1.76779,1.8874,0.479994,1.23697,1.50902,2.12592,8.93983,-0.13267,-0.12949,-0.209926,-0.649982,-1.37874,-3.11548,-0.210219
562,57,Male,Christian,Married,No,Had COVID,2,NA,,20260909002,-9.44017,-0.866025,-8.82487,-1.81517,-10.2271,-0.263434,-0.12927,0.044867,0.0235077,-0.136205,1.20441,0.703264,0.590412,0.868889,2.02807,1.85952,0.650877,1.23416,1.28359,2.23121,7.62653,-0.154018,-0.12329,-0.207628,-0.608934,-1.43732,-3.19458,-0.249643
563,20,Female,Not answered,Single,No,Had COVID,2,NA,,20260909002,-11.7262,-0.532722,-11.3029,-1.6371,-12.3759,-0.319196,-0.264485,-0.0169915,-0.237376,-0.238652,0.75806,0.189303,0.388296,0.69934,1.48546,1.52891,0.253371,1.14038,1.10793,1.65374,10.1931,-0.108616,-0.112554,-0.26533,-0.681404,-1.4306,-3.15851,-0.160466
564,66,Female,Not answered,Married,No,Bereaved,3,NA,,20260909002,-9.4464,-0.650652,-9.12079,-1.71391,-10.3116,-0.372467,-0.193575,-0.0587367,-0.0819852,-0.25021,0.838788,0.314193,0.501074,0.412874,1.79449,1.5568,0.259217,1.28316,1.22721,1.90393,7.88624,-0.158831,-0.0765462,-0.260482,-0.665698,-1.40775,-3.17262,-0.158216
565,42,Female,Not answered,Widowed,No,Had COVID,1,NA,,20260909002,-10.0313,-0.941632,-9.44408,-1.89699,-10.7414,-0.263061,-0.127876,0.0212779,-0.0206022,-0.109739,1.01308,0.616679,0.62050399999999994,0.84347,1.70402,1.75332,0.528008,1.29258,1.1599,1.96615,8.16602,-0.164494,-0.139285,-0.276798,-0.741171,-1.387,-3.1564,-0.193856
566,31,Male,Muslim,Married,Yes,Bereaved,4,NA,,20260909002,-8.03826,-0.954568,-7.41649,-2.13011,-8.74529,-0.271382,-0.214348,-0.00498626,-0.100453,-0.320486,1.11382,0.620962,0.528646,0.941851,1.95155,1.79107,0.594528,1.3287,1.64028,2.25654,6.06662,-0.153038,-0.118871,-0.301308,-0.69302,-1.41414,-3.16697,-0.17649
567,33,Male,Christian,Married,Yes,None,3,NA,,20260909002,-9.50956,-1.00465,-8.9116,-2.10941,-10.1832,-0.246823,0.0162607,0.139809,0.129903,-0.0879064,1.14174,0.590589,0.505493,0.907166,1.82394,1.99991,0.649791,1.25376,1.41929,2.21658,7.60273,-0.208309,-0.0778369,-0.278307,-0.694531,-1.43759,-3.13081,-0.142912
568,35,Male,No religion,Single,No,None,3,5,Institutional Trust and Technocratic Governance,20260909002,-10.4909,-0.797428,-10.0654,-1.84409,-11.2983,-0.387941,-0.115086,0.017379,-0.0928848,-0.257939,0.881369,0.398384,0.530447,0.784305,1.78122,1.48429,0.24607,1.16657,1.2798,1.83812,8.86152,-0.183243,-0.142725,-0.275961,-0.709367,-1.37091,-3.10432,-0.18467
569,63,Female,Christian,Married,No,None,2,NA,,20260909002,-11.3189,-0.945363,-10.6689,-1.81144,-11.9748,-0.221389,-0.187852,-0.15392,-0.223751,-0.318419,0.970214,0.512591,0.611286,0.736858,1.84943,1.80124,0.520287,1.35773,1.37285,1.95169,9.43494,-0.155462,-0.150751,-0.25726,-0.641764,-1.393,-3.11246,-0.206134
570,23,Male,Christian,Single,No,Had COVID,4,NA,,20260909002,-10.2287,-0.8327,-9.46561,-1.89217,-10.9608,-0.205238,-0.154673,0.117646,0.063743,-0.15465,0.994127,0.442102,0.303131,0.810213,1.86401,1.89262,0.527655,1.1328,1.28868,2.1219,8.34713,-0.190293,-0.152515,-0.313994,-0.718556,-1.41366,-3.19757,-0.164417
571,77,Male,Christian,Widowed,No,None,4,NA,,20260909002,-9.78987,-0.752042,-9.27619,-1.75482,-10.7523,-0.405093,-0.174852,-0.0244642,-0.0675036,-0.27877,0.807885,0.282471,0.444994,0.657064,1.66933,1.55333,0.301584,1.14661,1.23533,1.95594,8.16441,-0.165298,-0.131949,-0.256181,-0.747525,-1.31909,-3.0893,-0.170242
572,36,Female,Christian,Married,Yes,None,3,NA,,20260909002,-9.7344,-0.728883,-9.08836,-1.99077,-10.3731,-0.285706,-0.0886097,-0.0636355,-0.060193,-0.262705,1.15607,0.486506,0.433252,1.01924,1.87007,1.77946,0.456393,1.18506,1.37405,2.01672,7.99284,-0.203635,-0.176365,-0.205056,-0.612829,-1.35257,-3.14365,-0.233283
573,28,Male,No religion,Married,No,Had COVID,4,NA,,20260909002,-10.6918,-0.737905,-10.3368,-1.74409,-11.5532,-0.22496,-0.0109488,0.0364886,-0.200606,-0.108685,0.880733,0.420697,0.500962,0.69337,1.76611,1.5067,0.402363,1.18256,1.21307,1.93331,9.12816,-0.163033,-0.0607995,-0.22811,-0.645724,-1.38695,-3.06768,-0.227852
574,30,Female,Christian,Single,No,None,3,NA,,20260909002,-10.5928,-0.861796,-9.92417,-1.86998,-11.3768,0.0517384,0.0951458,0.128575,0.104642,-0.0243161,0.845824,0.2267,0.344881,0.528449,1.64289,1.59736,0.346294,1.08868,1.12046,2.06825,8.74298,-0.199246,-0.100997,-0.272638,-0.687375,-1.36824,-3.1003,-0.188462
575,31,Female,No religion,Single,No,None,2,5,Institutional Trust and Technocratic Governance,20260909002,-10.0642,-0.896073,-9.4057,-1.99373,-10.7783,-0.158168,0.0332329,0.111759,0.180171,0.0590413,0.999629,0.430618,0.419568,0.67936,1.88011,1.78652,0.416114,1.26756,1.32972,2.02473,8.14399,-0.230647,-0.142662,-0.307441,-0.720037,-1.39283,-3.11364,-0.196496
576,62,Female,Not answered,Single,No,Bereaved,1,NA,,20260909002,-10.7161,-0.799606,-10.0295,-1.67715,-11.4239,-0.196993,-0.116698,-0.104165,-0.0423594,-0.249315,0.886725,0.395583,0.47488,0.565336,1.66702,1.89661,0.53107,1.29422,1.16854,2.0988,8.90663,-0.176633,-0.125787,-0.275349,-0.773234,-1.33673,-3.13071,-0.18212
577,61,Female,No religion,Married,No,None,2,NA,,20260909002,-9.37743,-0.91796,-8.78445,-1.84997,-10.035,-0.171614,-0.110831,0.0354887,-0.0425554,-0.169047,0.917129,0.413038,0.525568,0.666959,1.64664,1.90285,0.615378,1.44657,1.29721,2.11041,7.42317,-0.149925,-0.0795447,-0.194308,-0.596285,-1.38045,-3.05712,-0.21272
578,49,Male,Not answered,Single,Yes,None,1,NA,,20260909002,-10.1553,-0.760868,-9.79216,-1.84285,-10.8522,-0.336754,-0.0839278,0.0145997,0.00288767,-0.0469689,0.680781,0.363074,0.445846,0.56027,1.38028,1.64851,0.431137,1.2264,1.11479,1.67347,8.5459599999999991,-0.208407,-0.0791014,-0.242126,-0.62016,-1.33793,-3.06209,-0.210424
579,82,Female,No religion,Married,Yes,Had COVID,2,NA,,20260909002,-10.0744,-0.834239,-9.46687,-1.77462,-10.7394,-0.383446,-0.225414,0.00374632,-0.24913,-0.30366,1.19031,0.596416,0.647308,0.754011,1.9576,1.8612899999999999,0.510984,1.24801,1.28925,2.13661,8.20057,-0.18938,-0.112297,-0.276339,-0.676467,-1.42148,-3.12704,-0.159297
580,20,Male,Christian,Single,No,None,3,NA,,20260909002,-10.3022,-0.672829,-9.82435,-1.81028,-11.0524,-0.259662,-0.162317,0.0158386,-0.102007,-0.328787,0.671119,0.285588,0.43591,0.811882,1.75151,1.53758,0.334299,1.14243,1.15577,1.98326,8.66091,-0.185999,-0.131055,-0.24396,-0.662332,-1.39036,-3.1509,-0.23317
581,54,Female,Christian,Married,Yes,None,4,NA,,20260909002,-10.8351,-0.704995,-10.3005,-1.64676,-11.7491,-0.284243,-0.158979,-0.0519065,-0.229333,-0.163545,0.712274,0.238979,0.324879,0.542719,1.771,1.55165,0.305527,1.1003,1.11079,1.91231,9.25651,-0.202403,-0.182382,-0.270174,-0.6997,-1.3617,-3.14258,-0.232591
582,29,Male,Christian,Single,No,None,3,NA,,20260909002,-11.3001,-0.837761,-10.8518,-1.88605,-11.9574,-0.236894,-0.209484,0.161394,-0.0437453,-0.316888,1.12517,0.608,0.567772,0.79679,1.64509,1.80217,0.614691,1.27645,1.32127,2.04081,9.5489,-0.183724,-0.0696959,-0.213325,-0.653919,-1.3664,-3.13225,-0.208013
583,74,Female,Hindu,Married,No,None,3,NA,,20260909002,-11.4319,-0.891477,-10.6132,-1.7691,-12.1168,-0.15807,-0.0382806,0.0335259,-0.038146,-0.0550009,1.31905,0.656438,0.536073,0.929115,1.93059,1.86615,0.478411,1.22129,1.17711,2.00066,9.47322,-0.182807,-0.139791,-0.273324,-0.68761,-1.39178,-3.1118,-0.180669
584,48,Male,No religion,Married,Yes,Had COVID,4,NA,,20260909002,-10.2817,-0.898698,-9.64491,-2.01752,-11.0796,-0.246178,-0.177822,-0.0200273,0.0113072,-0.228435,1.03435,0.625574,0.673142,0.99879,1.9416,1.70359,0.516617,1.19498,1.3634,2.04161,8.45697,-0.161833,-0.162702,-0.25375,-0.671711,-1.34045,-3.12766,-0.182816
585,57,Male,No religion,Single,No,None,1,NA,,20260909002,-8.26645,-1.05412,-7.57566,-2.12928,-8.88761,-0.208997,-0.0926016,0.0371365,0.09177,-0.203207,1.15074,0.733736,0.710458,0.901056,2.08201,1.97036,0.656623,1.35972,1.51222,2.17123,6.16182,-0.163762,-0.123122,-0.24314,-0.669691,-1.36561,-3.12281,-0.19695
586,58,Female,Christian,Divorced,No,Had COVID,4,1,Scientific Rationalism,20260909002,-9.72387,-0.966161,-9.1211,-1.70409,-10.4298,-0.355512,-0.208029,0.0444438,-0.0996004,-0.442461,1.32408,0.737088,0.562249,0.605285,2.07582,1.87867,0.67356,1.32429,1.07978,2.36903,7.77912,-0.144015,-0.0755578,-0.302012,-0.684167,-1.46458,-3.20012,-0.201324
587,34,Female,No religion,Single,Yes,None,1,NA,,20260909002,-9.57191,-0.925722,-8.99127,-1.79882,-10.5132,-0.237109,0.00852374,-0.0232649,-0.303626,0.042264500000000003,1.17408,0.704339,0.645257,1.00827,2.0826,1.86187,0.544188,1.27677,1.40833,2.20058,7.72229,-0.182305,-0.139793,-0.253772,-0.703276,-1.40243,-3.16716,-0.198796
588,31,Female,Christian,Divorced,No,Bereaved,2,NA,,20260909002,-10.6978,-0.918172,-9.91302,-1.9352,-11.2866,-0.24272,-0.168817,0.011938,-0.01967,-0.227459,1.23978,0.621016,0.515183,0.828783,1.76558,1.80141,0.544712,1.18177,1.18139,1.96143,8.72753,-0.122583,-0.0695439,-0.192285,-0.600574,-1.37384,-3.09582,-0.18276
589,77,Male,Not answered,Married,No,None,1,NA,,20260909002,-9.33496,-0.784358,-8.70324,-1.84059,-10.0111,-0.165642,-0.0983489,-0.0677049,-0.0282609,-0.271118,0.809134,0.328004,0.430805,0.699325,1.59243,1.70497,0.402223,1.22365,1.21616,2.14908,7.57106,-0.176931,-0.126946,-0.28165,-0.693416,-1.36009,-3.1095,-0.17243
590,75,Female,Christian,Married,No,Bereaved,3,NA,,20260909002,-11.6685,-1.15849,-10.8355,-2.06426,-12.2008,-0.205389,-0.154652,0.0529155,0.0176322,-0.238455,1.1185,0.579758,0.485761,0.768749,1.95207,2.09972,0.813907,1.30501,1.39888,2.32036,9.46349,-0.15717,-0.0853259,-0.266359,-0.672617,-1.44519,-3.1563,-0.155406
591,67,Female,Christian,Widowed,Yes,None,1,NA,,20260909002,-10.7899,-0.881058,-10.1365,-1.83085,-11.4968,-0.282468,-0.160181,0.0206645,-0.0236422,-0.350927,1.211,0.681019,0.543485,0.816156,2.11075,1.81323,0.514827,1.15518,1.18992,2.18568,8.93135,-0.162243,-0.117259,-0.204073,-0.639916,-1.43132,-3.14083,-0.21193
592,29,Male,Christian,Single,No,None,2,5,Institutional Trust and Technocratic Governance,20260909002,-11.1557,-0.951986,-10.48,-1.94586,-11.6014,-0.313986,-0.15342,0.0983773,-0.00661611,-0.333377,1.19273,0.517508,0.473455,0.706345,1.72228,1.91694,0.675394,1.31117,1.45397,2.16711,9.17994,-0.175392,-0.116882,-0.2361,-0.671143,-1.39707,-3.10683,-0.181701
593,37,Female,Hindu,Married,Yes,None,4,NA,,20260909002,-10.2699,-0.846994,-9.66111,-1.84658,-10.9784,-0.137918,0.037303,0.128499,0.222638,0.0290644,0.97929600000000006,0.4466,0.447044,0.583137,1.7117,1.60162,0.334958,1.08819,0.908121,1.79908,8.45097,-0.176576,-0.125592,-0.22213,-0.651892,-1.38822,-3.17204,-0.200603
594,27,Female,Christian,Married,Yes,Had COVID,1,NA,,20260909002,-10.2386,-0.870612,-9.62309,-2.01704,-10.8439,-0.419619,-0.292505,-0.0489085,-0.115517,-0.323616,0.97894,0.478371,0.537596,0.898399,1.7128,1.92342,0.595482,1.31559,1.48584,1.89853,8.37137,-0.215314,-0.127105,-0.251541,-0.658164,-1.38054,-3.1107,-0.186901
595,34,Female,No religion,Single,No,Had COVID,3,4,Conspiracy Ideation,20260909002,-10.7329,-0.768292,-10.071,-1.82407,-11.384,-0.0858985,0.0431615,0.022248,-0.12884,-0.175647,0.785257,0.248609,0.344066,0.694001,1.51088,1.48129,0.182461,1.08443,1.12757,1.78053,8.97319,-0.188808,-0.161549,-0.228831,-0.635322,-1.33119,-3.04358,-0.201386
596,52,Male,No religion,Married,Yes,Had COVID,4,NA,,20260909002,-10.0277,-0.639313,-9.57074,-1.72652,-10.7708,-0.370427,-0.190103,-0.0275207,-0.1882,-0.333466,0.702724,0.208462,0.382631,0.679895,1.47985,1.66408,0.327611,1.12906,1.25899,1.84178,8.47005,-0.1781,-0.17914,-0.216438,-0.620635,-1.37972,-3.12841,-0.193686
597,57,Female,Christian,Married,No,Bereaved,3,NA,,20260909002,-8.83521,-0.949996,-8.19508,-1.87271,-9.58431,-0.0250539,-0.00936211,-0.00461872,0.11047,-0.0497761,1.13416,0.705309,0.734929,0.992201,1.87145,1.73689,0.561273,1.28211,1.30644,2.0115,6.92591,-0.17807,-0.137019,-0.274674,-0.683777,-1.37904,-3.08217,-0.187577
598,40,Male,No religion,Married,No,None,1,NA,,20260909002,-10.436,-0.818761,-9.9471,-1.92369,-11.2508,-0.217291,-0.129203,0.0923747,0.0515198,-0.135339,1.04278,0.469232,0.518039,0.631761,1.77904,1.68935,0.471914,1.22424,1.2625,2.03499,8.67477,-0.152267,-0.125085,-0.267739,-0.677686,-1.37629,-3.12998,-0.158966
599,86,Male,No religion,Married,No,Had COVID,1,NA,,20260909002,-10.3236,-0.968769,-9.46671,-2.02425,-11.1076,-0.0488974,-0.0316139,0.0198731,0.138079,-0.0592946,1.22586,0.566128,0.530232,0.922273,2.09224,1.73742,0.444558,1.18528,1.23236,2.21861,8.24279,-0.159387,-0.144115,-0.269898,-0.673808,-1.38193,-3.10842,-0.183281
600,50,Female,Christian,Married,Yes,None,1,NA,,20260909002,-9.81706,-0.821779,-9.25579,-2.20703,-10.4052,-0.0462872,-0.0502402,0.086898,0.0942902,-0.135073,1.0417,0.432984,0.612192,0.889589,1.59034,1.75846,0.512526,1.27187,1.65917,2.04461,7.91413,-0.173469,-0.0767701,-0.254191,-0.63265,-1.42058,-3.14674,-0.221437
601,51,Female,Not answered,Married,No,Bereaved,1,NA,,20260909002,-12.0873,-0.834705,-11.5184,-1.96929,-12.6214,-0.259002,-0.133394,0.0945575,0.097015,-0.195475,1.13097,0.470978,0.490504,0.731227,1.77709,1.85529,0.575557,1.27194,1.39203,1.93771,10.2482,-0.165531,-0.121619,-0.234468,-0.659889,-1.413,-3.09812,-0.207437
602,49,Male,Christian,Married,No,None,3,NA,,20260909002,-11.8481,-0.999658,-11.1973,-1.87126,-12.7931,-0.0729905,0.082036799999999993,0.165461,0.0520424,0.0198187,1.10871,0.715564,0.531127,0.843005,2.13814,1.7941,0.530582,1.1659,1.30674,2.11471,10.0199,-0.185854,-0.130819,-0.280798,-0.717753,-1.34641,-3.15373,-0.201063
603,22,Female,Christian,Married,No,Bereaved,3,NA,,20260909002,-7.56821,-0.758604,-7.02275,-1.83739,-8.30003,-0.145597,-0.0637349,0.0551765,5.62985e-4,0.057888,1.05174,0.502178,0.393082,0.771335,1.70321,1.57129,0.412635,1.14159,1.21657,1.7167,5.81037,-0.226064,-0.17442,-0.249211,-0.691445,-1.39546,-3.15709,-0.226838
604,59,Female,No religion,Divorced,No,Had COVID,4,NA,,20260909002,-9.41986,-0.878138,-8.88089,-2.01842,-10.2422,-0.265096,-0.104655,0.0719302,0.10282,-0.191466,0.883469,0.447958,0.400882,0.698659,1.93538,1.86115,0.585689,1.3036,1.54583,2.06675,7.6187,-0.165706,-0.151265,-0.281911,-0.721501,-1.38635,-3.16807,-0.186537
605,72,Female,Christian,Married,No,None,1,NA,,20260909002,-9.41612,-0.78248,-8.94379,-1.89154,-10.0748,-0.426598,-0.314457,-0.01218,-0.0938646,-0.299928,0.833497,0.345141,0.479566,0.654964,1.42238,1.70761,0.513292,1.2674,1.2719,1.86228,7.67964,-0.189347,-0.132818,-0.220162,-0.628214,-1.41791,-3.11115,-0.204393
606,63,Female,Not answered,Widowed,No,None,3,NA,,20260909002,-9.87299,-0.918139,-9.40675,-2.05317,-10.8354,-0.262675,-0.064108299999999993,0.105905,0.0244136,-0.0661856,1.08051,0.60708,0.511387,0.785424,1.91406,1.76002,0.52081,1.25346,1.37534,2.08528,8.10212,-0.127075,-0.0706003,-0.210511,-0.679936,-1.40494,-3.16818,-0.202279
607,57,Male,Christian,Married,Yes,Had COVID,3,NA,,20260909002,-9.6232,-0.919806,-8.9985,-1.93251,-10.5267,-0.161746,-0.0913308,0.118655,0.0701904,-0.158202,1.09793,0.644389,0.546984,0.792863,2.01993,1.74253,0.51564,1.10172,1.29049,2.09815,7.77738,-0.166222,-0.13907,-0.292,-0.701089,-1.35872,-3.16042,-0.180873
608,46,Male,No religion,Married,No,Had COVID,2,NA,,20260909002,-11.5163,-0.865665,-11.002,-1.92673,-11.9827,-0.299452,-0.140347,0.0121824,0.026235,-0.310279,1.00407,0.571329,0.4677,0.722137,1.72257,1.79754,0.510502,1.28757,1.23664,1.82162,9.70052,-0.252947,-0.12601,-0.256851,-0.621931,-1.40115,-3.11539,-0.187211
609,73,Female,Christian,Widowed,No,None,1,3,Communitarianism,20260909002,-11.65,-0.989256,-10.9167,-2.01875,-12.3646,-0.28381,-0.228683,0.0197472,0.00357301,-0.305961,1.15336,0.627108,0.576548,0.867663,1.89149,1.67997,0.553601,1.12359,1.29817,2.16842,9.74066,-0.192924,-0.118625,-0.308422,-0.723016,-1.41748,-3.18138,-0.191563
610,26,Male,No religion,Single,No,None,1,1,Scientific Rationalism,20260909002,-9.53649,-0.56681,-8.99678,-1.69279,-10.391,-0.470681,-0.296591,-0.044795,-0.223559,-0.32988,0.974032,0.416857,0.404916,0.635684,1.82262,1.61221,0.275879,1.03771,1.20211,1.97808,8.0175,-0.173245,-0.138265,-0.231017,-0.711543,-1.35672,-3.14374,-0.156471
611,44,Female,No religion,Married,No,None,3,3,Communitarianism,20260909002,-9.73512,-0.800599,-9.09728,-1.72318,-10.4419,-0.284397,-0.269218,-0.0392633,-0.149853,-0.428928,0.923185,0.478881,0.51084,0.625707,2.05385,1.74377,0.499336,1.15482,1.21434,2.08691,7.92262,-0.152517,-0.0943757,-0.219529,-0.606964,-1.4061,-3.14895,-0.201955
612,24,Male,Christian,Single,No,Had COVID,2,NA,,20260909002,-9.0756,-1.13136,-8.333,-2.11378,-9.87248,-0.0375454,-0.108597,0.0370521,0.0374381,-0.104193,1.13571,0.644088,0.580721,0.741085,2.04299,2.10245,0.716781,1.36966,1.49316,2.33109,6.84786,-0.122511,-0.1318,-0.268409,-0.664625,-1.41315,-3.19291,-0.199563
613,87,Female,Christian,Married,No,None,2,NA,,20260909002,-11.0251,-0.766858,-10.5599,-1.95148,-11.7146,-0.372183,-0.16916,0.0164903,0.152165,-0.313531,0.897024,0.380778,0.521304,0.799318,1.72318,1.82626,0.590674,1.3147200000000001,1.21814,2.15311,9.29341,-0.187627,-0.14705,-0.282334,-0.692895,-1.43096,-3.18643,-0.209668
614,53,Male,Christian,Divorced,Yes,Long COVID,3,NA,,20260909002,-10.0478,-0.76944,-9.62968,-1.94956,-10.703,-0.248528,-0.134596,0.0604322,0.0377629,-0.214864,0.942939,0.415125,0.586884,0.604088,1.5481,1.68974,0.338479,1.32306,1.35609,1.98528,8.30361,-0.183158,-0.100503,-0.255207,-0.61795,-1.42162,-3.17061,-0.200406
615,43,Female,Christian,Single,Yes,None,2,NA,,20260909002,-9.6888,-0.930085,-9.00987,-2.07907,-10.4083,-0.18631,-0.189896,-0.0625144,-0.0345665,-0.21212,1.19172,0.584017,0.650518,0.967718,1.77758,1.8662,0.622682,1.2834,1.4615,2.27406,7.70082,-0.144242,-0.0803184,-0.255073,-0.611528,-1.40415,-3.07919,-0.176043
616,33,Female,Muslim,Widowed,No,Had COVID,1,NA,,20260909002,-8.12431,-0.528723,-7.60873,-1.55905,-8.76129,-0.333652,-0.191153,-0.0175188,-0.121761,-0.363963,0.729711,0.201714,0.303919,0.495485,1.51346,1.6109,0.261818,1.07662,1.09408,1.83729,6.55938,-0.147705,-0.12066,-0.269857,-0.730358,-1.42998,-3.19644,-0.194107
617,90,Female,Christian,Widowed,No,Had COVID,4,NA,,20260909002,-9.65018,-0.862047,-8.96858,-1.87948,-10.3322,-0.351709,-0.200904,-0.127457,-0.250263,-0.3759,1.25963,0.668159,0.595345,0.937598,2.11727,1.94861,0.546827,1.27583,1.38139,2.18074,7.74661,-0.211125,-0.140793,-0.215666,-0.617673,-1.3787,-3.15377,-0.227208
618,70,Male,No religion,Married,No,None,1,NA,,20260909002,-9.36842,-0.722825,-8.79258,-1.90946,-9.90952,-0.164319,-0.0441642,0.0780624,-0.125875,-0.104801,1.18022,0.529023,0.538267,0.817976,1.67481,1.67576,0.379206,1.09324,1.2911,1.839,7.60808,-0.151868,-0.039956,-0.244147,-0.625196,-1.38269,-3.086,-0.210497
619,72,Male,No religion,Divorced,No,Bereaved,1,NA,,20260909002,-9.89539,-1.02465,-9.07573,-1.8612,-10.2996,-0.0712217,-0.0549216,5.88751e-4,-0.0592669,-0.1845,1.33042,0.824165,0.746097,0.992408,1.89858,1.82086,0.494215,1.24846,1.34454,1.87485,7.79118,-0.22951,-0.18433,-0.30322,-0.680104,-1.40389,-3.10314,-0.205447
620,67,Female,Christian,Married,No,Had COVID,1,NA,,20260909002,-9.01353,-0.838967,-8.52711,-2.06916,-9.65595,-0.0390664,0.0760109,0.137234,0.236891,-0.181743,0.969091,0.363844,0.433973,0.751022,1.73658,1.51872,0.312893,1.15742,1.32846,1.70514,7.21232,-0.121655,-0.0901569,-0.24124,-0.61418,-1.38161,-3.10958,-0.173853
621,35,Female,No religion,Widowed,Yes,Had COVID,2,NA,,20260909002,-10.7744,-0.857239,-9.98334,-1.8314,-11.2621,-0.119879,-0.17624,-0.0225979,6.02244e-4,-0.298168,1.05058,0.456084,0.471095,0.630276,1.67652,1.89545,0.604776,1.25512,1.25779,2.11774,8.79512,-0.196739,-0.171727,-0.230929,-0.662659,-1.38882,-3.09845,-0.195365
622,87,Male,Christian,Widowed,No,None,1,NA,,20260909002,-11.9885,-1.00905,-11.3218,-2.12444,-12.4422,-0.119266,-0.00985285,0.035368,-0.00605315,-0.0842762,1.1237,0.544396,0.64837,0.931092,1.65569,2.0256,0.650919,1.35935,1.57193,2.08482,9.9157,-0.159309,-0.0941222,-0.298472,-0.671865,-1.45618,-3.23051,-0.197529
623,28,Male,Christian,Married,No,None,4,NA,,20260909002,-11.4643,-0.791874,-10.7657,-1.84736,-11.9701,-0.314968,-0.26407,0.0368715,-0.105987,-0.344939,1.21291,0.505023,0.456118,0.880007,1.64264,1.89947,0.523255,1.23328,1.24092,2.00544,9.56396,-0.193165,-0.133919,-0.267692,-0.669594,-1.37858,-3.11301,-0.216713
624,61,Male,No religion,Single,No,None,1,NA,,20260909002,-9.8029,-0.855592,-9.36759,-1.90034,-10.5642,-0.275061,-0.0754142,0.0156515,-0.00114798,-0.10624,0.865658,0.436501,0.481485,0.722509,1.71735,1.81652,0.554211,1.32362,1.36088,1.96611,8.07163,-0.167496,-0.101388,-0.231139,-0.611805,-1.43744,-3.17975,-0.228463
625,40,Female,No religion,Widowed,No,Had COVID,3,NA,,20260909002,-9.50724,-0.759546,-8.8988,-1.93155,-10.0912,-0.0741232,-0.0561033,0.0520345,0.0205296,0.022863,0.78724,0.295068,0.363186,0.674132,1.50939,1.75085,0.387757,1.15312,1.38389,1.86055,7.70532,-0.218206,-0.176023,-0.235671,-0.670636,-1.38216,-3.09751,-0.194444
626,30,Male,Christian,Married,Yes,None,4,NA,,20260909002,-9.48734,-0.765954,-8.98452,-1.90932,-10.1873,-0.412934,-0.261813,-0.0915908,-0.172205,-0.399914,0.955939,0.318359,0.478469,0.677644,1.76674,1.76902,0.475143,1.25115,1.34459,2.10757,7.72336,-0.154314,-0.094315,-0.238331,-0.642413,-1.38721,-3.11777,-0.200089
627,33,Female,Muslim,Single,Yes,None,1,5,Institutional Trust and Technocratic Governance,20260909002,-8.95183,-0.971063,-8.36426,-2.03815,-9.55982,-0.0191919,0.0478759,0.215451,0.308906,-0.156561,1.17878,0.632082,0.546849,0.794728,1.92534,1.61562,0.425163,1.13958,1.08127,1.81338,7.03367,-0.227368,-0.175102,-0.266038,-0.674967,-1.40516,-3.13129,-0.224496
628,62,Male,Other religion,Married,No,Had COVID,3,NA,,20260909002,-9.9248,-0.866271,-9.51701,-1.84073,-10.7483,-0.441525,-0.222447,0.109586,0.0746492,-0.349982,1.14072,0.700556,0.679288,0.849476,2.05449,1.55369,0.45765,1.17703,1.10628,1.97867,8.19894,-0.177493,-0.130693,-0.247592,-0.676148,-1.42424,-3.14444,-0.193147
629,41,Female,No religion,Single,No,None,4,NA,,20260909002,-10.0191,-1.04583,-9.49016,-2.03089,-10.8597,-0.0989542,0.0345905,0.114763,0.0553599,-0.00610426,0.899785,0.432008,0.62956,0.909494,1.94272,1.79148,0.640069,1.37605,1.33247,2.23572,8.0653,-0.158114,-0.117552,-0.22597,-0.647627,-1.40473,-3.05081,-0.14602299999999999
630,42,Female,Christian,Married,Yes,Had COVID,4,NA,,20260909002,-7.63781,-0.876033,-6.85604,-1.8241,-8.1355,-0.358156,-0.184971,0.0864139,-0.032936,-0.35373,1.10299,0.407543,0.474192,0.740819,1.70101,2.00465,0.567192,1.17268,1.2412,2.16216,5.6041,-0.192665,-0.123543,-0.310381,-0.727002,-1.42281,-3.14324,-0.181485
631,26,Female,No religion,Married,No,Had COVID,1,NA,,20260909002,-9.6851,-1.02189,-9.0195,-2.0668,-10.2427,-0.264617,0.0254224,0.0891709,0.0226744,0.0732207,1.09045,0.477175,0.57938,0.814641,1.72401,2.0236,0.589106,1.30206,1.43725,1.977,7.65479,-0.245939,-0.0929372,-0.277817,-0.647398,-1.40809,-3.10836,-0.18572
632,60,Male,No religion,Married,No,None,1,NA,,20260909002,-10.1424,-0.46371,-9.76525,-1.5032,-10.8896,-0.518004,-0.421763,-0.0431168,-0.202388,-0.497554,0.627246,0.15943,0.329726,0.429593,1.56506,1.73566,0.395502,1.25373,1.3347,1.88032,8.72276,-0.196218,-0.153382,-0.252708,-0.723997,-1.35459,-3.09914,-0.242892
633,38,Female,Christian,Single,Yes,Had COVID,4,NA,,20260909002,-12.6737,-0.884014,-11.9894,-1.99525,-13.3254,-0.216394,-0.0341002,0.116087,0.0469683,-0.0213669,1.06446,0.30339699999999997,0.539099,0.820488,1.52735,1.87788,0.523158,1.26546,1.28872,2.09944,10.7793,-0.194047,-0.11381,-0.229701,-0.646957,-1.38674,-3.11349,-0.180544
634,36,Male,Christian,Widowed,Yes,Bereaved,4,NA,,20260909002,-8.75332,-0.706876,-8.2999,-1.76496,-9.43112,-0.3118,-0.162922,-0.0150713,-0.0723578,-0.238427,0.969039,0.404203,0.517643,0.663183,1.57549,1.63391,0.342831,1.1736,1.11306,1.84163,7.04788,-0.173393,-0.106568,-0.236129,-0.62809,-1.4482,-3.15378,-0.177254
635,18,Male,Christian,Single,No,None,4,NA,,20260909002,-10.5702,-0.791189,-9.84148,-1.75514,-11.0803,0.0136685,0.0719762,0.15316,0.0910964,-0.133692,0.957998,0.353646,0.288296,0.583603,1.60493,1.53035,0.199974,0.902318,0.968025,1.65441,8.70855,-0.137789,-0.14359,-0.262588,-0.638626,-1.46361,-3.19701,-0.199325
636,54,Male,Christian,Married,No,Had COVID,2,NA,,20260909002,-10.0295,-0.889102,-9.51065,-1.96457,-10.894,-0.244114,-0.0873312,0.00134148,-0.0533997,-0.107443,1.11473,0.677421,0.688932,0.910087,1.89317,1.86655,0.556635,1.29616,1.48475,2.0954,8.26685,-0.193185,-0.155895,-0.237627,-0.685465,-1.41138,-3.15575,-0.180979
637,31,Male,No religion,Single,No,None,1,NA,,20260909002,-8.42825,-0.901232,-7.8097,-2.00414,-9.12815,-0.121762,-0.0368199,0.0518605,0.0657304,-0.160946,0.847934,0.349887,0.438105,0.687682,1.5491,1.7914,0.513507,1.28976,1.525,2.02852,6.56336,-0.192436,-0.149507,-0.248127,-0.697788,-1.37603,-3.11613,-0.165472
638,28,Male,Christian,Single,No,None,4,NA,,20260909002,-10.1285,-0.848731,-9.39204,-1.85224,-10.6678,-0.19876,-0.111353,0.0614868,0.0607697,-0.147679,1.13671,0.432456,0.419727,0.73848,1.61753,1.95111,0.568447,1.17766,1.24121,1.92569,8.20582,-0.174517,-0.14335,-0.246113,-0.69856,-1.42747,-3.1582,-0.176189
639,38,Male,Christian,Married,No,Had COVID,2,NA,,20260909002,-9.36278,-1.06145,-8.68687,-1.95206,-10.2811,0.122673,0.171162,0.14449,0.106119,0.149599,0.885894,0.466337,0.445102,0.589164,1.91719,1.86172,0.633304,1.27294,1.29022,2.26508,7.33672,-0.141682,-0.0482148,-0.266912,-0.579443,-1.36361,-3.11804,-0.145749
640,56,Male,Christian,Married,No,None,3,NA,,20260909002,-9.22943,-0.824716,-8.8598,-1.85691,-9.979,-0.525888,-0.2236,0.0153158,-0.202105,-0.378112,1.03262,0.495105,0.521459,0.667797,1.70471,1.78439,0.563209,1.25415,1.29319,1.93479,7.55035,-0.207266,-0.129534,-0.246915,-0.669158,-1.36772,-3.11523,-0.226902
641,89,Female,Not answered,Married,No,None,3,NA,,20260909002,-9.8029,-0.855592,-9.36759,-1.90034,-10.5642,-0.275061,-0.0754142,0.0156515,-0.00114798,-0.10624,0.865658,0.436501,0.481485,0.722509,1.71735,1.81652,0.554211,1.32362,1.36088,1.96611,8.07163,-0.167496,-0.101388,-0.231139,-0.611805,-1.43744,-3.17975,-0.228463
642,45,Female,No religion,Married,Yes,None,2,NA,,20260909002,-11.0064,-0.910642,-10.3695,-1.79118,-11.7622,-0.35259,-0.194745,0.056233,0.0241737,-0.208083,1.02683,0.608166,0.488706,0.546286,1.85573,1.91661,0.61267,1.23397,1.27973,2.03248,9.22335,-0.18373,-0.133648,-0.291006,-0.709146,-1.40032,-3.12553,-0.142309
643,49,Female,Hindu,Married,Yes,Had COVID,2,NA,,20260909002,-9.86224,-0.850603,-9.32577,-1.76903,-10.5528,-0.313897,-0.178742,-0.00894643,-0.0129656,-0.207307,0.878129,0.449863,0.324657,0.426619,1.40508,1.86338,0.691355,1.2051,1.28325,1.97137,8.19213,-0.121895,-0.0923292,-0.196181,-0.625763,-1.35327,-3.12079,-0.190537
644,73,Male,Christian,Divorced,No,None,1,NA,,20260909002,-9.31837,-0.771635,-8.79277,-1.7763,-9.99679,-0.254689,-0.124428,-0.0275083,-0.177665,-0.258806,0.800921,0.261299,0.455182,0.619764,1.47838,1.67885,0.399347,1.18379,1.28033,1.98341,7.57192,-0.1623,-0.13095,-0.259172,-0.671126,-1.42721,-3.15501,-0.174765
645,87,Female,Christian,Married,No,None,2,NA,,20260909002,-9.62968,-0.733835,-9.16943,-1.71649,-10.4184,-0.247439,-0.175501,0.0579043,-0.0567048,-0.0929713,1.0829,0.41344,0.446216,0.583127,1.51543,1.74931,0.478411,1.22436,1.07091,1.98632,7.93364,-0.182782,-0.14272,-0.179342,-0.609366,-1.35326,-3.06573,-0.160253
646,55,Female,No religion,Married,No,Had COVID,4,NA,,20260909002,-9.1482,-0.990388,-8.54327,-2.11206,-9.92076,-0.208649,-0.105194,0.0765337,0.120597,-0.200401,1.25241,0.670817,0.617345,1.05735,1.88558,1.89301,0.646575,1.25058,1.56043,2.01164,7.2439,-0.177977,-0.147853,-0.215928,-0.651929,-1.37095,-3.07621,-0.182312
647,32,Female,Christian,Single,No,Had COVID,2,NA,,20260909002,-10.7141,-0.963415,-10.0919,-1.82931,-11.4552,-0.0188958,0.165863,0.211315,0.21535,0.159272,0.884698,0.339878,0.392781,0.53281,1.62846,1.91329,0.748914,1.31246,1.21,2.33672,8.84481,-0.160622,-0.0893419,-0.213209,-0.656656,-1.41674,-3.11209,-0.199955
648,31,Female,Christian,Married,Yes,Had COVID,4,NA,,20260909002,-8.63346,-0.992403,-8.0279,-1.99883,-9.41769,-0.251411,0.00323485,0.12181,0.115215,-0.0321412,1.15095,0.669454,0.602033,0.927734,1.91714,1.88476,0.584664,1.27455,1.33351,2.09913,6.68782,-0.201349,-0.14405,-0.256217,-0.656573,-1.39169,-3.14359,-0.197989
649,49,Male,Christian,Married,Yes,Had COVID,3,NA,,20260909002,-10.3305,-1.00819,-9.69866,-2.03241,-11.2027,-0.218825,0.0340509,0.0327808,0.107353,1.98984e-4,1.25892,0.684776,0.634013,0.884251,2.13173,1.88709,0.575259,1.29558,1.32808,2.23603,8.37965,-0.163867,-0.161566,-0.270371,-0.677148,-1.43456,-3.19374,-0.170953
650,60,Male,Christian,Married,No,Had COVID,4,NA,,20260909002,-9.12125,-0.651214,-8.6582,-1.72524,-9.71021,-0.491748,-0.337976,-0.0133296,-0.361552,-0.41942,0.989497,0.441287,0.470929,0.74381,1.85085,1.67163,0.408757,1.2458,1.19762,1.83119,7.41832,-0.20298,-0.138386,-0.263097,-0.681582,-1.41417,-3.1869,-0.203972
651,63,Male,No religion,Married,No,Had COVID,2,5,Institutional Trust and Technocratic Governance,20260909002,-11.1334,-0.861542,-10.441,-1.91145,-11.6321,-0.103127,-0.100815,0.253558,0.0108171,-0.146406,0.970008,0.354946,0.375426,0.680432,1.6012,1.79435,0.445409,1.18739,1.14309,1.99258,9.18639,-0.187844,-0.0849641,-0.261079,-0.665419,-1.38506,-3.05738,-0.195365
652,32,Female,No religion,Single,Yes,Bereaved,1,NA,,20260909002,-7.3981,-0.858036,-6.915,-2.11641,-8.04788,-0.15527,-0.0268229,0.106683,0.0575515,-0.083826,1.01912,0.503682,0.511791,0.974684,1.72078,1.66206,0.368756,1.21938,1.42936,1.75767,5.56118,-0.127081,-0.0966251,-0.203126,-0.644147,-1.4415,-3.15679,-0.182717
653,64,Female,Muslim,Single,No,Bereaved,4,NA,,20260909002,-11.2245,-0.975424,-10.5869,-1.79172,-11.8349,-0.286967,-0.19027,0.0589394,-0.0557643,-0.149812,1.30264,0.80205,0.638788,0.656909,1.96792,1.89169,0.610444,1.28513,1.19721,1.99688,9.30152,-0.178258,-0.154974,-0.243106,-0.628059,-1.38434,-3.08808,-0.202105
654,81,Female,No religion,Married,No,Had COVID,4,NA,,20260909002,-10.0426,-0.902135,-9.56259,-1.84612,-10.7658,-0.312738,-0.0749524,-0.00833431,-0.0208162,-0.231258,0.825599,0.450567,0.551,0.688333,1.7377,1.44273,0.306985,1.08962,1.03429,1.8109,8.33739,-0.151363,-0.142838,-0.229144,-0.615405,-1.39116,-3.07358,-0.16543
655,79,Male,Christian,Married,No,Had COVID,1,NA,,20260909002,-10.4478,-0.909353,-9.97618,-2.00195,-11.2144,-0.138054,0.0972114,0.0465317,0.106649,0.047611,1.00631,0.576718,0.685717,0.913515,1.9468,1.68717,0.369896,1.36262,1.32502,1.88128,8.60865,-0.216156,-0.155292,-0.247397,-0.69853,-1.42389,-3.11733,-0.214021
656,38,Female,Muslim,Married,Yes,Had COVID,1,NA,,20260909002,-10.4948,-0.942001,-9.88774,-1.85711,-11.4553,-0.448322,-0.190671,-0.0683451,-0.199579,-0.193602,1.06252,0.711964,0.602227,0.895488,2.09789,2.04115,0.66375,1.3377,1.35876,2.2967,8.67152,-0.161467,-0.132156,-0.212277,-0.677346,-1.4002,-3.13412,-0.167141
657,51,Female,Christian,Married,No,Had COVID,3,NA,,20260909002,-10.34,-1.00971,-9.62235,-1.97413,-10.7134,-0.0599728,-0.0529215,0.145577,0.153208,-0.163109,1.37059,0.65607,0.598373,0.811885,1.90489,2.01493,0.523578,1.30402,1.13427,1.86994,8.16862,-0.197979,-0.117854,-0.265898,-0.640052,-1.39036,-3.13217,-0.179991
658,40,Female,No religion,Single,No,None,4,NA,,20260909002,-10.24,-0.859807,-9.73026,-1.99735,-10.94,-0.352609,-0.224691,0.0178792,-0.0599495,-0.302853,1.10722,0.632499,0.616001,0.836944,1.96518,1.85517,0.53904,1.31893,1.33729,2.02477,8.42004,-0.175706,-0.0582183,-0.210405,-0.627989,-1.35875,-3.07696,-0.205436
659,36,Male,Christian,Married,Yes,None,1,NA,,20260909002,-8.80554,-0.837356,-8.34228,-1.88174,-9.56694,-0.212976,-0.066485,0.184627,0.0166735,-0.155526,0.784917,0.322486,0.468121,0.690654,1.6938,1.80007,0.495396,1.20588,1.19974,2.08554,7.01596,-0.204766,-0.106848,-0.280302,-0.690621,-1.40399,-3.21568,-0.18369
660,34,Female,Christian,Divorced,No,None,4,NA,,20260909002,-8.55887,-0.855672,-7.9384,-1.89848,-9.33244,-0.264597,-0.144529,0.0388489,-0.0608764,-0.130915,0.911631,0.332522,0.458501,0.654806,1.79035,1.92427,0.480596,1.18517,1.31344,2.05538,6.66915,-0.16223,-0.148086,-0.244522,-0.692322,-1.41069,-3.17211,-0.16527
661,41,Female,Muslim,Married,Yes,Bereaved,2,NA,,20260909002,-10.8789,-0.847585,-10.1943,-1.86893,-11.3661,-0.188347,-0.171214,0.0338773,-0.0722715,-0.253506,1.09756,0.504723,0.469613,0.872516,1.70608,1.94953,0.658678,1.27437,1.32321,2.01904,8.98896,-0.166195,-0.113773,-0.258024,-0.635087,-1.39486,-3.14119,-0.237029
662,52,Female,No religion,Married,No,None,4,NA,,20260909002,-9.31837,-0.771635,-8.79277,-1.7763,-9.99679,-0.254689,-0.124428,-0.0275083,-0.177665,-0.258806,0.800921,0.261299,0.455182,0.619764,1.47838,1.67885,0.399347,1.18379,1.28033,1.98341,7.57192,-0.1623,-0.13095,-0.259172,-0.671126,-1.42721,-3.15501,-0.174765
663,77,Male,Christian,Married,No,None,1,NA,,20260909002,-11.6685,-1.15849,-10.8355,-2.06426,-12.2008,-0.205389,-0.154652,0.0529155,0.0176322,-0.238455,1.1185,0.579758,0.485761,0.768749,1.95207,2.09972,0.813907,1.30501,1.39888,2.32036,9.46349,-0.15717,-0.0853259,-0.266359,-0.672617,-1.44519,-3.1563,-0.155406
664,64,Female,No religion,Divorced,No,None,2,NA,,20260909002,-7.07171,-0.770503,-6.45095,-1.806,-7.88054,-0.116121,0.0114198,0.0589583,0.0120284,-0.0286099,1.15179,0.516226,0.482599,0.589133,2.09273,1.79379,0.386003,1.27154,1.36563,2.09449,5.18118,-0.190001,-0.137284,-0.268113,-0.629627,-1.40089,-3.11622,-0.191514
665,43,Male,Christian,Married,No,Long COVID,1,NA,,20260909002,-11.1898,-1.00668,-10.4344,-1.90846,-11.7643,-0.0568627,-0.0493384,0.0872613,0.0807677,-0.151937,1.06334,0.587698,0.526776,0.8319,1.74223,1.78561,0.476875,1.23606,1.25953,1.97057,9.18842,-0.169777,-0.153366,-0.295342,-0.734927,-1.36982,-3.07842,-0.167347
666,18,Female,Hindu,Single,No,None,3,4,Conspiracy Ideation,20260909002,-10.6467,-0.765089,-10.1986,-1.93497,-11.435,-0.198001,-0.138323,0.0436549,0.0873124,-0.181331,0.733521,0.418939,0.483482,0.724246,1.71896,1.37644,0.272198,1.07755,1.07865,1.75762,8.96916,-0.137861,-0.0848477,-0.252984,-0.568863,-1.41218,-3.1416,-0.196288
667,45,Female,No religion,Divorced,Yes,None,2,NA,,20260909002,-9.49654,-0.996649,-8.9189,-2.22213,-10.2941,-0.104196,0.0393775,0.100032,0.181268,-0.0787662,0.945435,0.4631,0.436331,0.941851,1.99418,1.76046,0.398902,1.28446,1.43244,2.04474,7.53361,-0.190122,-0.0961204,-0.262613,-0.595121,-1.42287,-3.09351,-0.196333
668,78,Female,Christian,Widowed,No,Had COVID,1,NA,,20260909002,-10.188,-0.811556,-9.67253,-1.88104,-11.0097,-0.317181,-0.0649099,0.0119156,-0.0940898,-0.0188746,0.97701,0.448093,0.442739,0.788236,1.70177,1.6463,0.438324,1.1183,1.2195,1.99641,8.46636,-0.183101,-0.129905,-0.20452,-0.635158,-1.34234,-3.09501,-0.170569
669,83,Female,No religion,Widowed,No,Had COVID,1,NA,,20260909002,-11.787,-0.941196,-11.3075,-1.96484,-12.6228,-0.32468,-0.116391,-0.0314595,-0.0578215,-0.257384,0.933796,0.437547,0.504901,0.663266,2.01845,1.80721,0.47525,1.32245,1.43299,2.0595,9.98792,-0.147959,-0.0990454,-0.252951,-0.640193,-1.42059,-3.14886,-0.194857
670,30,Female,Christian,Single,Yes,None,4,NA,,20260909002,-8.43736,-0.711005,-7.93193,-1.71092,-9.0172,-0.16764,-0.10306,0.0751692,-0.0400499,-0.105401,1.05111,0.399203,0.52988,0.57064,1.63359,1.68955,0.366825,1.23389,1.1991,1.7257,6.65211,-0.136098,-0.0896537,-0.235941,-0.612569,-1.39646,-3.09735,-0.187856
671,63,Female,Christian,Widowed,No,None,4,NA,,20260909002,-10.0943,-0.947828,-9.43657,-1.97362,-10.8792,-0.313386,-0.0883306,0.0354196,0.0735316,-0.0139405,1.26769,0.691182,0.591614,0.986199,2.14979,1.99471,0.760697,1.28601,1.41393,2.25001,8.19678,-0.228524,-0.162264,-0.287386,-0.688526,-1.41331,-3.14857,-0.208816
672,62,Male,Christian,Married,No,Had COVID,3,NA,,20260909002,-11.2956,-0.757507,-10.8339,-1.86633,-12.0128,-0.392804,-0.230385,0.0205436,-0.0204593,-0.342832,1.104,0.583562,0.613062,0.923018,1.8421,1.80376,0.420909,1.22225,1.2852,1.94392,9.63194,-0.151345,-0.0955073,-0.227994,-0.691409,-1.34808,-3.06789,-0.19025
673,89,Female,Christian,Married,No,Had COVID,1,NA,,20260909002,-9.80928,-0.959803,-9.44881,-1.95362,-10.6788,-0.356222,-0.060757,0.0870624,-0.0944328,-0.0521976,1.08156,0.646941,0.675702,0.777736,1.93899,1.77143,0.604769,1.37581,1.45646,2.10354,8.02172,-0.153527,-0.156071,-0.286671,-0.695547,-1.39741,-3.10046,-0.174242
674,37,Male,Christian,Married,No,Had COVID,4,NA,,20260909002,-10.2513,-0.720989,-9.76412,-1.79768,-10.7878,-0.328265,-0.212979,-0.0588747,-0.0668614,-0.383839,1.16295,0.633458,0.637346,0.793149,1.79534,1.68608,0.46437,1.23188,1.11115,1.76441,8.62298,-0.16349,-0.122899,-0.205203,-0.598987,-1.36854,-3.06018,-0.231969
675,45,Female,Muslim,Married,No,None,2,NA,,20260909002,-8.39582,-0.937292,-7.81043,-1.90067,-9.11685,-0.16115,-0.165433,-0.0209721,-0.0219061,-0.26072,1.07822,0.723766,0.547298,0.86476,1.90689,1.72613,0.596837,1.25355,1.29169,1.98418,6.57228,-0.154379,-0.133757,-0.281828,-0.679984,-1.37542,-3.0918,-0.164726
676,60,Male,No religion,Married,No,Bereaved,1,NA,,20260909002,-9.73911,-0.856511,-9.19868,-1.90142,-10.4356,-0.321948,-0.200014,-0.0297858,0.0910301,-0.346734,1.06992,0.439467,0.505633,0.736964,1.82893,1.83218,0.639485,1.27969,1.2866,2.00762,7.94132,-0.20049,-0.133555,-0.221065,-0.6497,-1.41449,-3.11201,-0.190134
677,56,Male,Not answered,Single,No,Had COVID,3,NA,,20260909002,-9.60953,-0.790023,-9.07178,-1.91676,-10.3755,-0.301032,-0.0980311,-0.0145422,-0.0212273,-0.0710797,0.930064,0.338873,0.478681,0.732561,1.80073,1.5799,0.312697,1.21881,1.30134,1.88448,7.82298,-0.114723,-0.119284,-0.247966,-0.631624,-1.41775,-3.1701,-0.161103
678,39,Female,No religion,Married,No,None,4,NA,,20260909002,-9.74413,-0.978351,-8.98606,-2.01782,-10.2853,-0.0456545,0.0814498,0.104621,0.291908,-0.135788,1.02949,0.436079,0.524433,0.762107,1.73026,2.05708,0.598547,1.27943,1.32856,2.10148,7.7014,-0.192703,-0.176426,-0.300873,-0.71663,-1.44092,-3.16578,-0.18742
679,40,Female,No religion,Married,Yes,None,2,NA,,20260909002,-9.64136,-1.07308,-8.92035,-2.04794,-10.4231,-0.121775,-0.0577006,0.0879575,-0.0139395,-0.199343,1.38099,0.702371,0.620797,0.77488,2.09289,2.09152,0.785678,1.38523,1.42714,2.52709,7.53977,-0.112161,-0.0431407,-0.191871,-0.661981,-1.41352,-3.18748,-0.226515
680,37,Male,No religion,Married,No,None,2,1,Scientific Rationalism,20260909002,-8.49037,-0.586515,-7.95164,-1.65042,-9.18609,-0.370896,-0.146642,-0.016103,-0.0327113,-0.224401,0.76336,0.21215,0.229965,0.402786,1.48931,1.50035,0.19671,0.915979,0.93589,1.77071,6.90588,-0.178221,-0.101217,-0.315781,-0.678925,-1.38341,-3.1002,-0.200579
681,25,Male,Christian,Single,No,Had COVID,3,NA,,20260909002,-9.60395,-1.00088,-9.02741,-1.90261,-10.3783,-0.262204,-0.124647,0.0893614,-0.0977871,-0.260589,1.26075,0.683842,0.696992,0.710512,2.00644,1.90978,0.642728,1.33076,1.36023,2.18587,7.68706,-0.165539,-0.120969,-0.261128,-0.688611,-1.41311,-3.17863,-0.177534
682,55,Female,Muslim,Divorced,No,Had COVID,1,NA,,20260909002,-9.37236,-0.957445,-8.80867,-1.93686,-10.007,-0.220462,-0.060124,0.072299,-0.0877281,-0.156686,0.907662,0.435109,0.594005,0.690208,1.70394,1.95331,0.658769,1.37785,1.37973,2.16236,7.45533,-0.182243,-0.138436,-0.279839,-0.654287,-1.38571,-3.08005,-0.169121
683,40,Female,No religion,Married,No,None,1,NA,,20260909002,-10.4189,-0.673074,-10.027,-1.82008,-11.1525,-0.289298,-0.0903757,-0.0133408,0.00321002,-0.159361,0.849204,0.293193,0.438464,0.733973,1.68439,1.63992,0.333525,1.19887,1.19114,1.89493,8.78229,-0.172239,-0.108147,-0.281527,-0.66756,-1.42797,-3.1859,-0.180681
684,47,Female,Christian,Married,Yes,Had COVID,4,4,Conspiracy Ideation,20260909002,-9.43633,-0.641012,-9.03065,-1.76209,-10.0632,-0.306397,-0.244332,0.0386679,-0.0857727,-0.452357,0.930364,0.340577,0.45172,0.642579,1.63,1.48364,0.27375,1.18012,1.21042,1.75195,7.818,-0.163741,-0.132315,-0.257047,-0.66213,-1.39539,-3.18786,-0.177736
685,67,Male,Christian,Married,No,Bereaved,4,NA,,20260909002,-10.4088,-1.0946,-9.74445,-1.91756,-11.0481,-0.349772,-0.1847,-0.0848306,-0.0864253,-0.232189,1.34121,0.957981,0.795499,0.908933,2.18436,2.08922,0.801645,1.43939,1.53986,2.17191,8.41669,-0.190486,-0.125376,-0.314393,-0.694604,-1.4234,-3.0966,-0.217215
686,77,Male,Christian,Married,No,None,4,3,Communitarianism,20260909002,-8.96348,-1.04558,-8.29966,-1.89175,-9.56055,-0.077293,-0.0635141,0.196998,-0.00651457,-0.192627,1.36535,0.769064,0.623564,0.8076,2.01503,2.00012,0.694926,1.31831,1.46682,2.27357,6.90426,-0.160907,-0.180708,-0.264939,-0.713008,-1.36584,-3.10449,-0.143473
687,32,Male,Not answered,Single,No,Had COVID,1,NA,,20260909002,-10.7306,-0.728841,-10.1088,-1.80434,-11.4005,-0.334519,-0.161613,-0.0303631,0.0574647,-0.230151,1.0668,0.452261,0.628271,0.842144,1.715,1.83568,0.398874,1.24421,1.35404,2.00823,8.9322,-0.2444,-0.195317,-0.238763,-0.650254,-1.38974,-3.09565,-0.192733
688,35,Male,Christian,Married,Yes,Had COVID,1,NA,,20260909002,-9.24693,-0.526166,-8.74617,-1.70057,-9.81444,-0.267002,-0.223259,0.00275575,-0.10221,-0.296531,0.842564,0.270294,0.467488,0.439563,1.53812,1.45892,0.211433,1.10198,1.10118,1.72834,7.63635,-0.214466,-0.0896693,-0.275669,-0.69715,-1.42984,-3.17076,-0.174251
689,31,Female,Christian,Married,No,None,4,NA,,20260909002,-8.79454,-0.881243,-8.04966,-1.89644,-9.26746,-0.145913,-0.137711,0.147851,-0.0671697,-0.301616,1.10838,0.429923,0.550067,0.68539,1.85335,2.06333,0.500472,1.35284,1.28477,2.0492,6.67893,-0.164424,-0.135829,-0.253165,-0.689317,-1.4109,-3.19744,-0.176152
690,30,Male,No religion,Married,No,Had COVID,3,NA,,20260909002,-11.9238,-0.750589,-11.3735,-1.83938,-12.7205,-0.403857,-0.265408,-0.082899,-0.191583,-0.143553,0.937245,0.393359,0.592859,0.63888,1.60923,1.67081,0.46409,1.24621,1.30284,2.0135,10.2012,-0.193323,-0.106647,-0.276804,-0.675152,-1.36999,-3.08511,-0.209034
691,23,Female,Christian,Single,No,None,1,NA,,20260909002,-10.7046,-0.785384,-10.1529,-1.8487,-11.5247,-0.411265,-0.233394,-0.0061167,-0.14038,-0.178435,0.888644,0.400578,0.475046,0.656973,1.7522200000000001,1.61951,0.375669,1.1976,1.25492,1.86793,8.95549,-0.180404,-0.0991086,-0.247251,-0.679533,-1.4037,-3.14659,-0.18237
692,90,Female,Christian,Married,No,None,3,NA,,20260909002,-10.5366,-0.881839,-9.95902,-2.01369,-11.2421,-0.198776,-0.0294369,0.00921337,0.0429513,-0.0217768,0.973585,0.446393,0.577197,0.968702,1.65106,1.70239,0.416027,1.1909,1.32199,1.79737,8.72303,-0.155559,-0.130999,-0.268205,-0.677833,-1.37841,-3.12644,-0.174988
693,65,Female,Muslim,Widowed,No,None,4,NA,,20260909002,-10.48,-0.887846,-10.0378,-1.71344,-11.3449,-0.27479,-0.00874293,0.0567217,-0.100442,0.0176138,1.08567,0.602569,0.652741,0.705801,1.97235,2.00749,0.636485,1.38106,1.27324,2.14886,8.68969,-0.168598,-0.120669,-0.278211,-0.643168,-1.40649,-3.15567,-0.234584
694,42,Male,No religion,Married,Yes,Had COVID,1,NA,,20260909002,-9.84671,-0.997278,-9.20591,-2.07093,-10.4172,-0.181853,-0.0367405,0.116236,0.099155,-0.158104,1.17885,0.609506,0.593883,0.843957,1.84509,1.93339,0.548983,1.33889,1.38865,2.01912,7.82984,-0.168551,-0.123285,-0.305865,-0.654662,-1.39522,-3.12834,-0.200424
695,37,Male,No religion,Married,No,Had COVID,4,NA,,20260909002,-11.1557,-0.951986,-10.48,-1.94586,-11.6014,-0.313986,-0.15342,0.0983773,-0.00661611,-0.333377,1.19273,0.517508,0.473455,0.706345,1.72228,1.91694,0.675394,1.31117,1.45397,2.16711,9.17994,-0.175392,-0.116882,-0.2361,-0.671143,-1.39707,-3.10683,-0.181701
696,44,Female,No religion,Divorced,Yes,None,2,NA,,20260909002,-10.552,-0.881089,-9.97929,-1.78004,-11.2245,-0.022228,0.0382518,0.117259,0.131983,-0.155918,0.849286,0.391135,0.507701,0.610675,1.70451,1.61345,0.385038,1.16562,1.04037,1.89202,8.7365,-0.215892,-0.156589,-0.254082,-0.653999,-1.37352,-3.06923,-0.183918
697,29,Male,No religion,Single,No,Had COVID,4,NA,,20260909002,-11.2836,-0.933798,-10.5585,-2.09591,-11.924,-0.259957,-0.137033,0.0671598,0.0991179,-0.208046,1.27931,0.63018,0.737787,1.16521,1.93106,1.79815,0.349527,1.10025,1.19399,1.68459,9.27321,-0.201252,-0.169473,-0.277732,-0.697687,-1.38905,-3.1129,-0.180943
698,66,Male,No religion,Married,No,None,3,NA,,20260909002,-9.30572,-0.984468,-8.835,-2.01532,-10.2723,-0.249274,-0.00348026,0.106908,-0.00364264,0.0890641,1.11452,0.589503,0.596088,0.947533,1.94986,1.74702,0.470503,1.32949,1.43988,2.099,7.47148,-0.165,-0.128847,-0.236591,-0.640675,-1.38981,-3.09865,-0.19265
699,67,Male,Christian,Married,Yes,Had COVID,4,NA,,20260909002,-11.9885,-1.00905,-11.3218,-2.12444,-12.4422,-0.119266,-0.00985285,0.035368,-0.00605315,-0.0842762,1.1237,0.544396,0.64837,0.931092,1.65569,2.0256,0.650919,1.35935,1.57193,2.08482,9.9157,-0.159309,-0.0941222,-0.298472,-0.671865,-1.45618,-3.23051,-0.197529
700,65,Male,Not answered,Married,No,Long COVID,3,NA,,20260909002,-10.8789,-0.847585,-10.1943,-1.86893,-11.3661,-0.188347,-0.171214,0.0338773,-0.0722715,-0.253506,1.09756,0.504723,0.469613,0.872516,1.70608,1.94953,0.658678,1.27437,1.32321,2.01904,8.98896,-0.166195,-0.113773,-0.258024,-0.635087,-1.39486,-3.14119,-0.237029
701,18,Male,Christian,Single,No,Bereaved,4,NA,,20260909002,-11.1624,-0.709909,-10.5407,-1.73211,-11.6807,-0.234623,-0.0395059,-0.0107475,-0.0285195,-0.0552361,0.754739,0.14684,0.344686,0.331307,1.38687,1.93775,0.414951,1.25623,1.30299,1.89561,9.40331,-0.193672,-0.202506,-0.281747,-0.678475,-1.41272,-3.1709,-0.198195
702,39,Male,No religion,Married,Yes,Long COVID,4,3,Communitarianism,20260909002,-9.57085,-1.02507,-8.86266,-1.82587,-10.2742,-0.193193,-0.0302892,-0.0296104,-0.175904,-0.0731484,1.49975,0.870739,0.697204,0.808109,2.24512,2.11404,0.732405,1.33951,1.42255,2.28147,7.54645,-0.166728,-0.1005,-0.254507,-0.64256,-1.38772,-3.05076,-0.157864
703,48,Male,Christian,Married,Yes,Had COVID,4,NA,,20260909002,-9.74413,-0.978351,-8.98606,-2.01782,-10.2853,-0.0456545,0.0814498,0.104621,0.291908,-0.135788,1.02949,0.436079,0.524433,0.762107,1.73026,2.05708,0.598547,1.27943,1.32856,2.10148,7.7014,-0.192703,-0.176426,-0.300873,-0.71663,-1.44092,-3.16578,-0.18742
704,29,Male,Christian,Married,No,Bereaved,3,NA,,20260909002,-9.02952,-0.987798,-8.28445,-1.9811,-9.8085,-0.237692,-0.104882,0.0177131,0.0725703,-0.178655,1.36483,0.741022,0.641588,1.02465,2.10934,2.14175,0.821127,1.39008,1.55961,2.39974,6.99762,-0.172898,-0.137673,-0.256126,-0.677579,-1.38856,-3.1456,-0.224453
705,60,Female,No religion,Divorced,Yes,None,4,NA,,20260909002,-9.94889,-0.888496,-9.49149,-1.73359,-10.8247,-0.124725,0.0423777,0.0687151,0.0150098,-0.0674527,0.860536,0.432803,0.49458,0.608029,1.86227,1.59604,0.444469,1.22429,1.04479,1.97221,8.23073,-0.183948,-0.125916,-0.215217,-0.628057,-1.31349,-3.07809,-0.200888
706,51,Female,Christian,Married,No,Had COVID,4,NA,,20260909002,-11.5163,-0.865665,-11.002,-1.92673,-11.9827,-0.299452,-0.140347,0.0121824,0.026235,-0.310279,1.00407,0.571329,0.4677,0.722137,1.72257,1.79754,0.510502,1.28757,1.23664,1.82162,9.70052,-0.252947,-0.12601,-0.256851,-0.621931,-1.40115,-3.11539,-0.187211
707,26,Female,No religion,Married,No,Long COVID,4,NA,,20260909002,-10.7202,-0.751689,-10.0702,-1.75859,-11.3593,-0.320253,-0.19851,-0.0479399,-0.254745,-0.195995,0.889091,0.406044,0.442973,0.691311,1.73539,1.85543,0.541176,1.24058,1.54902,1.90221,9.00842,-0.199769,-0.14693,-0.276497,-0.744422,-1.38695,-3.14737,-0.212988
708,22,Male,No religion,Single,No,None,4,NA,,20260909002,-10.2558,-0.627174,-9.68214,-1.67222,-10.8806,-0.37811,-0.33289,-0.0820831,-0.179697,-0.517201,0.911036,0.265819,0.451908,0.721973,1.62833,1.48491,0.211704,1.07585,1.11236,1.78242,8.62122,-0.151605,-0.166831,-0.262797,-0.664717,-1.40231,-3.10276,-0.20457
709,77,Male,Not answered,Married,No,None,3,NA,,20260909002,-10.8907,-0.958862,-10.6023,-1.974,-11.8436,-0.446946,-0.197252,0.0215255,-0.040338,-0.207048,0.99252,0.621036,0.63206,0.846789,1.94482,1.51784,0.574484,1.29569,1.357,2.016,9.27603,-0.20234,-0.0962584,-0.240613,-0.64107,-1.32412,-3.03179,-0.202614
710,23,Female,Not answered,Single,No,Had COVID,3,NA,,20260909002,-9.41605,-0.84912,-8.74236,-1.77833,-10.1801,-0.23746,-0.153926,-0.0131953,-0.0374792,-0.176352,1.08467,0.637249,0.578327,0.63444,1.96435,1.9377,0.57916,1.26296,1.2163,2.28527,7.52336,-0.152892,-0.075437,-0.239302,-0.70655,-1.39787,-3.13243,-0.167417
711,40,Male,Christian,Single,Yes,Had COVID,4,NA,,20260909002,-9.54355,-0.717302,-8.78095,-1.65435,-10.0768,-0.431293,-0.294201,-0.206788,-0.316599,-0.479646,0.899241,0.342233,0.492846,0.626764,1.74071,1.89143,0.504945,1.11492,1.24824,2.17237,7.73762,-0.181143,-0.161294,-0.263066,-0.665862,-1.4352,-3.16948,-0.164715
712,58,Male,Christian,Married,No,None,1,NA,,20260909002,-8.57694,-0.606452,-8.23527,-1.65202,-9.23035,-0.261566,-0.0774692,0.00851624,-0.0223759,-0.147439,0.843154,0.30336,0.653483,0.64627,1.48128,1.45411,0.180672,1.26145,1.10993,1.64824,7.00986,-0.168429,-0.115272,-0.254581,-0.671424,-1.40162,-3.05618,-0.188939
713,63,Male,No religion,Married,No,Bereaved,1,NA,,20260909002,-9.66008,-0.667949,-9.04941,-1.9119,-10.2685,-0.211338,-0.119968,0.0718905,0.167495,-0.101729,0.996239,0.406112,0.291918,0.679073,1.58647,1.47669,0.251125,0.917828,1.1998,1.74562,7.98178,-0.189569,-0.118976,-0.264666,-0.634915,-1.40235,-3.13472,-0.215236
714,36,Female,Muslim,Divorced,Yes,Had COVID,1,NA,,20260909002,-9.74987,-0.921924,-9.15751,-1.70056,-10.4104,-0.335582,-0.227753,-0.0475675,-0.311982,-0.209737,1.02698,0.630187,0.507509,0.650489,1.75379,1.70778,0.536999,1.24099,1.15739,2.00124,7.88552,-0.173198,-0.124913,-0.238748,-0.637539,-1.44274,-3.09676,-0.178331
715,43,Male,Christian,Married,No,None,4,NA,,20260909002,-11.5901,-0.932352,-10.9595,-1.96823,-12.2718,0.0543617,0.0820088,0.194859,0.267097,0.0830355,1.0877,0.557048,0.581092,0.831231,1.93326,1.5876,0.337348,1.20873,1.15593,1.87255,9.64125,-0.162134,-0.118025,-0.296619,-0.661882,-1.40985,-3.1254,-0.19047
716,73,Male,No religion,Married,No,None,3,NA,,20260909002,-11.7721,-0.921522,-11.1663,-1.88239,-12.4106,-0.16905,-0.0590552,0.0467793,-0.0981845,-0.154121,0.92509,0.564173,0.484637,0.830459,1.75834,1.67721,0.453712,1.1745,1.15231,1.81828,9.97508,-0.212758,-0.138442,-0.303236,-0.714834,-1.39205,-3.15091,-0.176408
717,58,Male,Christian,Married,No,Had COVID,3,NA,,20260909002,-8.03571,-0.902645,-7.5377,-1.93181,-8.68087,-0.310624,-0.0177058,0.0729648,-0.0779162,-0.00668272,1.04747,0.563667,0.584694,0.863972,1.58114,1.71822,0.500921,1.25527,1.28362,1.90931,6.24665,-0.194464,-0.0890129,-0.281141,-0.638572,-1.38275,-3.12073,-0.176292
718,34,Female,Christian,Single,No,None,3,NA,,20260909002,-9.82679,-0.912481,-9.0475,-1.75117,-10.3698,-0.241214,-0.107276,-0.0360027,-0.153438,-0.413281,1.09666,0.55991899999999994,0.541314,0.684712,2.0739899999999998,1.86735,0.42451,1.14135,1.22645,2.12727,7.81709,-0.170004,-0.121939,-0.291183,-0.706769,-1.43711,-3.17961,-0.144394
719,50,Male,Muslim,Married,No,None,2,NA,,20260909002,-11.6825,-1.20705,-10.903,-2.1736,-12.4429,-0.135173,0.0338195,0.148237,0.148565,-0.120102,1.29973,0.831761,0.638096,0.95329,2.2827,2.01552,0.714809,1.24645,1.43186,2.3709,9.54335,-0.125252,-0.0624452,-0.289526,-0.619626,-1.41415,-3.17442,-0.166072
720,68,Male,Christian,Widowed,No,None,4,NA,,20260909002,-10.8656,-0.915236,-10.2139,-1.92683,-11.5089,-0.195356,-0.112667,0.0134607,-0.0762487,-0.136894,1.06209,0.464127,0.544538,0.795675,1.73571,1.84514,0.452667,1.30951,1.3966,1.9989,8.92058,-0.139243,-0.0802538,-0.223673,-0.665535,-1.4457,-3.14673,-0.207381
721,30,Male,Christian,Single,No,Had COVID,4,NA,,20260909002,-11.3396,-0.818553,-10.7402,-1.94287,-12.0851,-0.3709,-0.174639,-0.0941593,-0.0464961,-0.204318,1.04114,0.489946,0.527383,0.855929,1.78809,1.77785,0.549021,1.16804,1.45319,2.04182,9.61431,-0.162801,-0.135662,-0.215681,-0.672155,-1.35628,-3.03954,-0.219636
722,21,Female,No religion,Single,No,Had COVID,2,NA,,20260909002,-12.2924,-0.827643,-11.642,-1.94125,-12.9088,-0.107089,-0.0650907,0.0282498,0.0789226,-0.023316,0.892994,0.419755,0.608287,0.706971,1.67961,1.90335,0.594939,1.33278,1.38522,2.06842,10.3886,-0.196709,-0.145129,-0.231921,-0.632977,-1.37828,-3.13586,-0.18057
723,65,Female,No religion,Widowed,No,None,4,NA,,20260909002,-11.3043,-0.910101,-10.489,-1.97688,-12.0488,-0.381184,-0.28205,-0.0802811,-0.0844947,-0.190198,1.31068,0.662382,0.529146,0.778212,2.00165,2.00297,0.546869,1.19153,1.25146,2.1389,9.30049,-0.144914,-0.0924918,-0.254231,-0.66693,-1.38576,-3.11253,-0.164108
724,30,Male,Christian,Single,No,Had COVID,3,NA,,20260909002,-10.3735,-0.950358,-9.76021,-2.05576,-10.9177,-0.27432,-0.199204,0.0125507,-0.065394,-0.201936,1.11353,0.521615,0.582252,0.760644,1.65474,1.86833,0.589858,1.2492,1.4571,1.98682,8.43601,-0.165283,-0.0520503,-0.267253,-0.69622,-1.3719,-3.05274,-0.190528
725,22,Female,Muslim,Single,Yes,Had COVID,2,NA,,20260909002,-11.1334,-0.861542,-10.441,-1.91145,-11.6321,-0.103127,-0.100815,0.253558,0.0108171,-0.146406,0.970008,0.354946,0.375426,0.680432,1.6012,1.79435,0.445409,1.18739,1.14309,1.99258,9.18639,-0.187844,-0.0849641,-0.261079,-0.665419,-1.38506,-3.05738,-0.195365
726,77,Male,Christian,Married,Yes,None,1,NA,,20260909002,-9.26586,-0.80718,-8.84832,-1.71265,-10.2218,-0.29994,-0.105154,0.112685,-0.0131838,-0.111763,0.853634,0.343159,0.461687,0.513115,1.69465,1.73727,0.581203,1.3421400000000001,1.14883,2.15112,7.59518,-0.166161,-0.152877,-0.24637,-0.678161,-1.34729,-3.08713,-0.168742
727,27,Female,Christian,Single,No,Had COVID,4,NA,,20260909002,-11.0064,-0.910642,-10.3695,-1.79118,-11.7622,-0.35259,-0.194745,0.056233,0.0241737,-0.208083,1.02683,0.608166,0.488706,0.546286,1.85573,1.91661,0.61267,1.23397,1.27973,2.03248,9.22335,-0.18373,-0.133648,-0.291006,-0.709146,-1.40032,-3.12553,-0.142309
728,32,Female,Christian,Single,Yes,None,4,NA,,20260909002,-9.24674,-0.957309,-8.51342,-1.78181,-9.92196,-0.358563,-0.162967,-0.094121,-0.203839,-0.125604,1.40713,0.794401,0.674543,0.795889,1.81273,2.0042,0.56504,1.24617,1.21381,2.05374,7.25282,-0.157777,-0.138234,-0.299875,-0.680451,-1.4083,-3.15257,-0.206865
729,82,Female,Christian,Widowed,No,Bereaved,1,NA,,20260909002,-11.3455,-0.920321,-10.7335,-1.86534,-11.943,-0.185781,-0.152629,0.0127775,-0.0782155,-0.338657,0.993929,0.474843,0.510662,0.67026,1.63589,1.81612,0.624782,1.24726,1.35433,2.04375,9.5093,-0.170657,-0.153675,-0.264056,-0.712512,-1.37963,-3.11441,-0.207967
730,67,Female,No religion,Married,No,None,1,NA,,20260909002,-8.72191,-0.649132,-8.26741,-1.70869,-9.50971,-0.448102,-0.293485,-0.0603138,-0.155703,-0.332823,1.07593,0.641462,0.493636,0.767237,1.88611,1.86048,0.522457,1.2347,1.3268,1.88594,7.17174,-0.167629,-0.149882,-0.216644,-0.593705,-1.34052,-3.06889,-0.189013
731,66,Female,No religion,Widowed,No,None,2,NA,,20260909002,-11.0028,-1.0137100000000001,-10.3099,-2.01024,-11.6229,-0.207657,-0.0420584,0.0385558,-0.0450121,-0.287102,1.21118,0.616929,0.596045,0.85357,1.85618,1.93878,0.650578,1.33464,1.47932,2.10708,9.00568,-0.148957,-0.11534,-0.28257,-0.676528,-1.40184,-3.11952,-0.174221
732,72,Female,Christian,Single,No,None,2,NA,,20260909002,-9.06609,-0.793425,-8.57035,-1.89662,-9.83896,-0.39517,-0.266982,-0.128765,-0.159464,-0.337842,1.21445,0.723822,0.6763,1.08242,2.03287,1.81401,0.607001,1.37019,1.39268,2.05517,7.29271,-0.157036,-0.119442,-0.218377,-0.643207,-1.43339,-3.15892,-0.174435
733,34,Female,No religion,Single,Yes,Had COVID,1,NA,,20260909002,-10.7577,-0.934486,-10.016,-1.84333,-11.3085,-0.155543,-0.0156808,-0.0137702,0.0234025,-0.0768136,1.17811,0.61776,0.482187,0.67932,1.71457,1.82721,0.564847,1.18591,1.25836,1.96712,8.82147,-0.159647,-0.102548,-0.274594,-0.643731,-1.3903,-3.07834,-0.141583
734,20,Female,Christian,Married,No,Bereaved,1,NA,,20260909002,-10.4142,-0.928684,-9.74193,-1.80672,-11.2028,-0.233298,-0.108037,0.146143,-0.0176876,-0.10943,1.09065,0.554875,0.454994,0.702433,1.71541,1.83407,0.636587,1.19149,1.25018,2.16433,8.56526,-0.163106,-0.107972,-0.271775,-0.653734,-1.33336,-3.0878,-0.210927
735,25,Male,No religion,Divorced,No,Had COVID,2,NA,,20260909002,-9.9886,-0.969396,-9.38603,-2.02327,-10.6094,0.00638371,0.0322251,0.113841,0.195839,-0.121481,1.26756,0.694241,0.642372,0.917988,1.83752,1.77109,0.447348,1.22261,1.22319,1.85301,8.06325,-0.147726,-0.0903492,-0.220471,-0.617447,-1.40757,-3.1168,-0.173836
736,19,Male,Christian,Single,No,None,1,NA,,20260909002,-10.6516,-1.02669,-10.04,-2.02246,-11.2499,-0.267612,-0.120625,0.145172,0.00552709,-0.109353,1.18947,0.557979,0.642044,0.806433,1.97512,2.14743,0.74909,1.45955,1.4634,2.10536,8.58982,-0.194466,-0.149473,-0.218906,-0.623019,-1.39237,-3.12387,-0.205711
737,57,Male,Muslim,Married,No,Had COVID,4,NA,,20260909002,-9.98095,-0.767586,-9.33318,-2.12212,-10.6795,-0.347616,-0.313016,0.00313008,-0.0908654,-0.242065,1.34045,0.673452,0.527226,1.0613,2.00063,1.979,0.566405,1.21345,1.51872,2.14949,8.08086,-0.145791,-0.0636478,-0.266278,-0.648609,-1.40114,-3.14394,-0.201992
738,75,Female,Sikh,Married,No,None,2,NA,,20260909002,-10.4251,-0.698999,-9.90935,-1.9798,-10.902,-0.458972,-0.352895,-0.025509,-0.115031,-0.598588,1.1109,0.493527,0.5558,1.04088,1.71906,1.78655,0.3831,1.18431,1.37239,1.89849,8.66313,-0.164759,-0.101155,-0.248076,-0.672331,-1.44108,-3.18855,-0.206742
739,28,Male,Christian,Divorced,No,None,2,NA,,20260909002,-10.1907,-0.84249,-9.7996,-1.81252,-11.0033,-0.650987,-0.364034,-0.140051,-0.270866,-0.491887,0.865357,0.553359,0.519018,0.802876,1.84386,1.69316,0.604386,1.30328,1.18274,2.14797,8.5798,-0.147522,-0.0765988,-0.276786,-0.676743,-1.45727,-3.18688,-0.193065
740,58,Male,Christian,Married,No,None,3,NA,,20260909002,-9.83513,-0.748153,-9.29498,-1.61294,-10.5605,-0.381086,-0.169185,0.00811339,-0.08145,-0.215234,0.984169,0.443549,0.358372,0.572622,1.71296,1.72104,0.471435,1.02517,1.04635,1.89869,8.21463,-0.143883,-0.0988559,-0.221698,-0.61106799999999994,-1.41906,-3.10677,-0.245497
741,38,Female,Not answered,Divorced,No,Had COVID,1,NA,,20260909002,-12.2029,-1.05506,-11.3442,-1.91723,-12.902,-0.109984,-0.0369041,0.0934494,0.027526,-0.248403,0.950298,0.471692,0.404576,0.666436,2.01515,1.90239,0.629199,1.25885,1.332,2.31011,10.1354,-0.202482,-0.158368,-0.24739,-0.722915,-1.38842,-3.16413,-0.193945
742,48,Male,No religion,Single,No,Had COVID,3,NA,,20260909002,-9.63119,-0.619828,-9.21449,-1.65506,-10.2507,-0.396457,-0.270211,-0.0242396,-0.149081,-0.342684,0.841946,0.370133,0.429488,0.581624,1.51472,1.71829,0.361823,1.2416,1.18832,1.83213,7.9801,-0.188174,-0.153111,-0.219146,-0.629711,-1.40714,-3.1009,-0.216089
743,18,Male,Christian,Single,No,None,4,NA,,20260909002,-9.72963,-1.08747,-8.96965,-1.90733,-10.6795,-0.292953,-0.133122,0.0409041,0.014116,-0.146318,1.35897,0.784244,0.621717,0.86399,2.17691,1.89574,0.564105,1.10392,1.22217,2.38347,7.70546,-0.205481,-0.142172,-0.209662,-0.707973,-1.34658,-3.09869,-0.206525
744,59,Male,No religion,Single,No,Had COVID,4,NA,,20260909002,-10.898,-1.02032,-10.2159,-1.89883,-11.498,-0.0086464,0.0604542,0.128511,0.0269925,0.00595784,1.16075,0.638746,0.623196,0.787831,1.91833,1.92541,0.553746,1.35493,1.23651,1.91941,8.83784,-0.223121,-0.142428,-0.222846,-0.654546,-1.39124,-3.10526,-0.185401
745,57,Male,Christian,Married,No,None,3,3,Communitarianism,20260909002,-9.55885,-0.981661,-8.80077,-1.87545,-10.1002,-0.382426,-0.164959,-0.0743278,-0.340952,-0.159747,1.29255,0.71393,0.507849,0.891302,1.96897,1.98295,0.618076,1.23218,1.36299,1.9237,7.54472,-0.137235,-0.0819663,-0.297599,-0.67123,-1.43032,-3.12974,-0.181391
746,24,Male,Christian,Single,No,None,1,NA,,20260909002,-9.65834,-0.764303,-9.02914,-1.71403,-10.1855,-0.282665,-0.202635,-0.0565588,-0.178474,-0.237443,0.877162,0.325316,0.453426,0.636346,1.45052,1.87789,0.47564,1.15166,1.36064,1.93712,7.85119,-0.16641,-0.132745,-0.259611,-0.670741,-1.39711,-3.14768,-0.199998
747,31,Female,No religion,Married,No,Had COVID,2,NA,,20260909002,-8.43736,-0.711005,-7.93193,-1.71092,-9.0172,-0.16764,-0.10306,0.0751692,-0.0400499,-0.105401,1.05111,0.399203,0.52988,0.57064,1.63359,1.68955,0.366825,1.23389,1.1991,1.7257,6.65211,-0.136098,-0.0896537,-0.235941,-0.612569,-1.39646,-3.09735,-0.187856
748,68,Male,No religion,Married,No,None,4,NA,,20260909002,-9.65655,-0.760323,-9.04976,-1.89851,-10.2542,-0.251923,-0.187969,-0.0381342,0.0352214,-0.220333,0.985267,0.56174,0.509587,0.776742,1.72373,1.53852,0.182788,1.02585,1.13504,1.66134,7.89847,-0.190339,-0.130114,-0.211481,-0.654886,-1.41381,-3.15813,-0.181136
749,78,Female,No religion,Widowed,No,None,4,NA,,20260909002,-10.7779,-0.9916,-10.1064,-1.91156,-11.3793,-0.123992,0.0246908,0.0915449,0.0157887,-0.0978821,1.14519,0.481481,0.534179,0.69609,1.75993,2.0045,0.561874,1.35863,1.27331,2.13338,8.75398,-0.202469,-0.0752034,-0.29083,-0.669441,-1.42963,-3.12056,-0.169542
750,34,Female,No religion,Single,Yes,Had COVID,3,NA,,20260909002,-9.46567,-0.856637,-8.97128,-1.92494,-10.1733,-0.215128,-0.0562847,0.0404439,3.37382e-4,-0.276712,0.913889,0.388212,0.445244,0.688552,1.63702,1.57915,0.398336,1.16945,1.07572,1.97795,7.6919,-0.136243,-0.0455351,-0.289372,-0.649758,-1.38136,-3.09671,-0.17018
751,83,Female,No religion,Married,No,Had COVID,4,NA,,20260909002,-9.92654,-0.939256,-9.35842,-1.76433,-10.6116,-0.283703,-0.13367,0.0404525,-0.212172,-0.228404,1.15549,0.675543,0.68507,0.651876,1.86495,1.74361,0.539613,1.26058,1.15435,2.07108,7.98947,-0.196998,-0.135494,-0.207954,-0.638156,-1.41839,-3.17173,-0.199693
752,90,Female,Christian,Widowed,No,None,4,1,Scientific Rationalism,20260909002,-9.17271,-0.855765,-8.65281,-1.99915,-9.70068,-0.230029,-0.139786,-0.0152602,-0.132803,-0.346451,0.939824,0.527633,0.557643,0.86418,1.73007,1.64749,0.524457,1.17906,1.37624,1.89914,7.39988,-0.2037,-0.150586,-0.247436,-0.665436,-1.36293,-3.08887,-0.196631
753,66,Female,Christian,Married,No,Bereaved,2,NA,,20260909002,-10.1868,-0.921238,-9.53894,-1.85426,-10.9202,-0.0674454,0.0505175,0.0400987,0.0307123,0.00638849,1.04042,0.561424,0.631197,0.861555,1.943,1.66105,0.383969,1.14931,1.16343,1.90193,8.28587,-0.205613,-0.161852,-0.246106,-0.635844,-1.36406,-3.105,-0.22636
754,53,Female,No religion,Married,No,Had COVID,1,NA,,20260909002,-10.8421,-0.787541,-10.1382,-1.79737,-11.5238,-0.272541,-0.176701,-0.0332098,-0.209634,-0.150604,0.988625,0.410391,0.45581700000000003,0.609943,1.5542,1.86014,0.542209,1.25195,1.50868,2.22866,9.0495,-0.217475,-0.154726,-0.279174,-0.738443,-1.3884,-3.14973,-0.197654
755,18,Female,Christian,Single,No,None,4,NA,,20260909002,-9.25581,-0.903591,-8.68578,-1.93945,-9.91577,-0.240257,-0.120669,0.00964295,-0.0715335,-0.213681,1.24463,0.764647,0.725959,1.11572,1.93121,1.97219,0.672117,1.34741,1.6061,2.15715,7.37687,-0.160317,-0.114203,-0.292467,-0.744803,-1.42003,-3.17615,-0.163869
756,46,Female,Not answered,Married,No,Had COVID,2,NA,,20260909002,-9.18169,-1.01844,-8.60238,-2.18284,-9.93534,-0.349223,-0.0976597,0.0275996,0.0948055,-0.164089,1.27143,0.738788,0.667639,1.01343,2.15181,1.99693,0.652492,1.32318,1.39747,2.18631,7.19419,-0.221401,-0.129277,-0.244166,-0.678554,-1.48154,-3.22082,-0.215952
757,55,Female,Christian,Divorced,No,None,4,NA,,20260909002,-10.9952,-0.933772,-10.4339,-1.65215,-11.72,-0.373105,-0.230125,-0.0102792,-0.0753615,-0.310138,1.04315,0.609474,0.618896,0.596441,1.91312,1.94888,0.743036,1.31775,1.21535,2.32573,9.16184,-0.221115,-0.178485,-0.236981,-0.659991,-1.37687,-3.06009,-0.200916
758,71,Male,Christian,Widowed,No,None,1,NA,,20260909002,-10.3855,-0.899496,-9.64602,-1.93588,-10.8345,-0.284783,-0.262723,-0.0347651,-0.219367,-0.484912,1.09003,0.657535,0.4222,0.905294,1.96815,2.07875,0.661754,1.17751,1.39544,2.02888,8.44797,-0.146751,-0.0599586,-0.275502,-0.663553,-1.45865,-3.17221,-0.18702
759,74,Male,Christian,Divorced,No,None,3,NA,,20260909002,-10.4,-0.903435,-9.69638,-1.94993,-11.0745,-0.13586,-0.0902143,0.12601299999999999,0.0939541,-0.0343673,1.10718,0.563691,0.433382,0.731791,1.71386,1.88336,0.614584,1.13244,1.164,2.03471,8.46972,-0.145959,-0.126881,-0.250823,-0.630918,-1.43008,-3.13992,-0.160636
760,74,Male,Christian,Widowed,No,None,4,NA,,20260909002,-9.45163,-1.01395,-8.83222,-1.94856,-10.1096,-0.365659,-0.257006,-0.120697,-0.0863145,-0.240286,1.08364,0.674985,0.505949,0.864377,1.74236,1.82613,0.708738,1.38649,1.34974,2.01792,7.55692,-0.144576,-0.0687943,-0.244448,-0.650247,-1.41728,-3.11838,-0.171935
761,71,Female,Hindu,Widowed,No,Had COVID,4,5,Institutional Trust and Technocratic Governance,20260909002,-10.2422,-0.83318,-9.54014,-1.91926,-10.9907,-0.339885,-0.229375,-0.0189367,-0.0504283,-0.331614,1.20578,0.63016,0.636795,0.866335,2.0159,1.79051,0.436535,1.1355,1.20704,1.91709,8.3681,-0.154019,-0.106424,-0.266652,-0.718281,-1.40229,-3.15521,-0.180286
762,23,Female,No religion,Single,No,Had COVID,3,NA,,20260909002,-9.1482,-0.990388,-8.54327,-2.11206,-9.92076,-0.208649,-0.105194,0.0765337,0.120597,-0.200401,1.25241,0.670817,0.617345,1.05735,1.88558,1.89301,0.646575,1.25058,1.56043,2.01164,7.2439,-0.177977,-0.147853,-0.215928,-0.651929,-1.37095,-3.07621,-0.182312
763,18,Female,Christian,Single,No,Had COVID,4,NA,,20260909002,-9.24693,-0.526166,-8.74617,-1.70057,-9.81444,-0.267002,-0.223259,0.00275575,-0.10221,-0.296531,0.842564,0.270294,0.467488,0.439563,1.53812,1.45892,0.211433,1.10198,1.10118,1.72834,7.63635,-0.214466,-0.0896693,-0.275669,-0.69715,-1.42984,-3.17076,-0.174251
764,53,Female,Christian,Single,No,None,4,NA,,20260909002,-10.8656,-0.940803,-10.3093,-1.95451,-11.9191,-0.327841,-0.116482,0.0147615,-0.132129,-0.0788802,0.927816,0.459019,0.544322,0.783231,1.90463,1.85466,0.581935,1.28843,1.41582,2.43129,9.03641,-0.203715,-0.15544,-0.189531,-0.645313,-1.35192,-3.12376,-0.212229
765,19,Male,Christian,Single,No,None,4,NA,,20260909002,-9.07593,-0.80609,-8.52884,-1.9426,-9.52398,-0.178261,-0.133893,0.0916915,-0.0341124,-0.283007,0.938901,0.367033,0.598227,0.676045,1.52381,1.73861,0.332111,1.22674,1.35419,1.79005,7.17926,-0.121309,-0.11455,-0.229247,-0.624782,-1.45115,-3.15594,-0.144093
766,52,Male,No religion,Married,No,None,4,NA,,20260909002,-10.3206,-0.789084,-9.64535,-1.91642,-11.0212,-0.29979,-0.216289,0.0115194,0.00922138,-0.169467,1.26274,0.501657,0.702592,0.940277,1.81489,2.04128,0.59209,1.32632,1.32566,2.21928,8.40493,-0.185124,-0.129357,-0.214912,-0.655682,-1.37917,-3.10145,-0.199904
767,41,Male,Christian,Single,No,Had COVID,4,NA,,20260909002,-10.2177,-0.784289,-9.62132,-1.84177,-10.8721,-0.179905,-0.0141884,0.0691054,0.0609034,-0.148866,1.08622,0.409074,0.382016,0.688476,1.75832,1.66899,0.260374,1.06844,1.19079,1.74266,8.50105,-0.175579,-0.0971955,-0.282898,-0.684819,-1.42969,-3.21795,-0.171823
768,54,Female,No religion,Single,Yes,Had COVID,4,NA,,20260909002,-10.5891,-0.768726,-10.1344,-1.73131,-11.4215,-0.400067,-0.25574,-0.00652447,-0.345308,-0.455253,1.11601,0.72753,0.537595,0.990937,2.07362,1.5887,0.417684,1.11808,1.2233,2.05225,8.96423,-0.152633,-0.139442,-0.206614,-0.62324,-1.39996,-3.12132,-0.197549
769,77,Female,Christian,Married,No,Had COVID,2,NA,,20260909002,-8.8114,-0.79031,-8.26733,-1.8353,-9.54658,-0.28405,-0.15775,-0.0497449,-0.00756302,-0.164634,0.788994,0.423163,0.421692,0.627511,1.68295,1.65247,0.479671,1.2706,1.1983,1.89634,7.08557,-0.176238,-0.108503,-0.28091,-0.630138,-1.44911,-3.19129,-0.177272
770,56,Female,No religion,Divorced,No,Had COVID,3,NA,,20260909002,-9.08825,-0.815905,-8.39304,-1.82251,-9.89144,-0.272183,-0.0882589,-0.0690905,0.0301884,-0.027214,0.994406,0.454412,0.412667,0.723088,1.79509,1.76799,0.557272,1.1805,1.28069,2.12129,7.29558,-0.190985,-0.161783,-0.234768,-0.650321,-1.37662,-3.13558,-0.217362
771,21,Female,No religion,Single,No,Bereaved,2,NA,,20260909002,-10.0368,-0.857696,-9.43254,-2.00663,-10.8597,-0.404142,-0.200923,0.0252571,-0.0518309,-0.222079,1.20745,0.611516,0.527017,1.01568,2.05643,1.92202,0.545328,1.20691,1.35579,2.27567,8.12734,-0.174622,-0.120644,-0.27513,-0.65975,-1.45918,-3.20626,-0.207996
772,59,Female,Christian,Married,Yes,Had COVID,2,NA,,20260909002,-10.0642,-0.896073,-9.4057,-1.99373,-10.7783,-0.158168,0.0332329,0.111759,0.180171,0.0590413,0.999629,0.430618,0.419568,0.67936,1.88011,1.78652,0.416114,1.26756,1.32972,2.02473,8.14399,-0.230647,-0.142662,-0.307441,-0.720037,-1.39283,-3.11364,-0.196496
773,29,Male,No religion,Married,No,None,2,NA,,20260909002,-9.79004,-0.953033,-9.22743,-1.91998,-10.6308,-0.386174,-0.162355,-0.0134673,-0.109808,-0.181375,1.22491,0.544581,0.641503,0.712789,1.89619,1.94896,0.607139,1.43178,1.30375,2.22651,7.86668,-0.185984,-0.123122,-0.198726,-0.684911,-1.40166,-3.13811,-0.18642
774,70,Female,Christian,Widowed,No,None,1,NA,,20260909002,-10.8185,-0.8791,-10.1872,-2.02484,-11.6483,-0.146162,-0.0141396,0.0500786,0.0312824,-0.0802182,0.89066,0.321587,0.359195,0.813312,1.72168,1.89449,0.579746,1.3025,1.60906,2.14825,9.01536,-0.165015,-0.126095,-0.261295,-0.716162,-1.3826,-3.17258,-0.197693
775,55,Female,Jewish,Married,Yes,None,3,NA,,20260909002,-12.5216,-0.841812,-11.8937,-1.84944,-13.1269,-0.301542,-0.0967973,-0.00637059,-0.0434861,-0.23759,1.18215,0.583593,0.564989,0.795756,1.9416,1.84155,0.485622,1.31202,1.21726,1.95625,10.699,-0.160497,-0.125419,-0.257391,-0.637283,-1.39754,-3.11356,-0.211503
776,68,Female,Christian,Divorced,No,None,1,NA,,20260909002,-10.8285,-0.929321,-10.1632,-2.1033,-11.4467,-0.13518,-0.0267767,0.0381161,0.0650811,-0.147022,1.29222,0.711584,0.584065,1.0521,1.96616,1.81241,0.4812,1.28258,1.3218,2.00649,8.92814,-0.148,-0.111084,-0.248045,-0.638821,-1.36008,-3.09569,-0.171406
777,35,Female,Muslim,Married,Yes,Long COVID,2,NA,,20260909002,-9.50922,-0.555502,-9.02154,-1.66694,-10.1743,-0.323312,-0.222243,2.44753e-5,-0.0248486,-0.291264,0.734915,0.0937823,0.354516,0.563261,1.5106,1.5863,0.286336,1.11378,1.08103,1.74575,7.93134,-0.202036,-0.166127,-0.247203,-0.700267,-1.37507,-3.09407,-0.211094
778,75,Male,No religion,Married,No,Had COVID,3,NA,,20260909002,-9.33781,-0.7681,-8.71773,-1.95938,-9.93415,-0.0897048,-0.0661908,0.122641,0.240395,-0.0590062,0.859771,0.23092,0.49086,0.756318,1.61851,1.78409,0.405538,1.27451,1.30246,1.89621,7.46692,-0.186573,-0.134579,-0.208618,-0.593472,-1.39009,-3.10301,-0.183002
779,51,Female,Muslim,Married,No,None,2,NA,,20260909002,-10.2671,-0.771791,-9.80772,-1.80169,-11.2093,-0.613658,-0.387879,-0.0514648,-0.0719959,-0.394247,0.890666,0.471981,0.446457,0.774922,1.74386,1.6714,0.474968,1.16701,1.19702,2.09038,8.67191,-0.190759,-0.158679,-0.289726,-0.693917,-1.34061,-3.08729,-0.176543
780,34,Female,Christian,Single,No,None,3,NA,,20260909002,-10.9419,-1.10297,-10.2049,-2.06029,-11.6183,-0.374291,-0.16833,0.00479473,-0.0412955,-0.202113,1.4017,0.849234,0.759457,1.11722,2.06634,2.05376,0.759648,1.27738,1.44886,2.25905,8.92531,-0.148541,-0.112423,-0.233479,-0.645274,-1.37273,-3.12281,-0.176393
781,59,Female,Christian,Married,Yes,Had COVID,4,NA,,20260909002,-8.79454,-0.881243,-8.04966,-1.89644,-9.26746,-0.145913,-0.137711,0.147851,-0.0671697,-0.301616,1.10838,0.429923,0.550067,0.68539,1.85335,2.06333,0.500472,1.35284,1.28477,2.0492,6.67893,-0.164424,-0.135829,-0.253165,-0.689317,-1.4109,-3.19744,-0.176152
782,21,Male,Christian,Single,No,None,3,NA,,20260909002,-8.96694,-0.895693,-8.52503,-1.95216,-9.76013,-0.335503,-0.0560787,0.0917368,-0.0799402,-0.172371,0.880895,0.391853,0.565925,0.961894,1.63026,1.75632,0.526608,1.27019,1.30836,1.97722,7.20815,-0.188997,-0.111893,-0.252339,-0.661735,-1.33389,-3.06913,-0.18412800000000001
783,56,Male,No religion,Divorced,No,None,4,NA,,20260909002,-9.50922,-0.555502,-9.02154,-1.66694,-10.1743,-0.323312,-0.222243,2.44753e-5,-0.0248486,-0.291264,0.734915,0.0937823,0.354516,0.563261,1.5106,1.5863,0.286336,1.11378,1.08103,1.74575,7.93134,-0.202036,-0.166127,-0.247203,-0.700267,-1.37507,-3.09407,-0.211094
784,38,Male,No religion,Married,No,None,4,4,Conspiracy Ideation,20260909002,-10.185,-0.742908,-9.65598,-1.73423,-10.8741,-0.474264,-0.399414,-0.0647011,-0.217614,-0.445766,1.02877,0.468998,0.505001,0.688368,1.80076,1.67633,0.415962,1.23415,1.19664,2.04803,8.47875,-0.177578,-0.110504,-0.303615,-0.672185,-1.40719,-3.12279,-0.189515
785,80,Male,Christian,Married,No,None,3,5,Institutional Trust and Technocratic Governance,20260909002,-9.50956,-1.00465,-8.9116,-2.10941,-10.1832,-0.246823,0.0162607,0.139809,0.129903,-0.0879064,1.14174,0.590589,0.505493,0.907166,1.82394,1.99991,0.649791,1.25376,1.41929,2.21658,7.60273,-0.208309,-0.0778369,-0.278307,-0.694531,-1.43759,-3.13081,-0.142912
786,26,Male,No religion,Single,Yes,None,2,NA,,20260909002,-11.1269,-0.752855,-10.668,-1.94305,-11.9494,-0.176872,-0.144234,0.0497408,0.0811692,-0.0940058,0.773623,0.341945,0.510614,0.735042,1.61911,1.56002,0.453772,1.32628,1.26206,2.07213,9.44285,-0.179146,-0.0938343,-0.246233,-0.652202,-1.34165,-3.06327,-0.18135
787,18,Female,No religion,Single,No,None,1,NA,,20260909002,-10.4765,-0.894326,-9.86534,-1.89834,-11.2864,-0.298683,-0.124159,-0.0115143,-0.119681,-0.108905,1.1878,0.536995,0.533956,0.739035,1.81126,1.89646,0.61311,1.21811,1.32825,2.22584,8.63239,-0.193276,-0.162529,-0.219123,-0.658084,-1.39088,-3.14598,-0.195451
788,23,Female,Christian,Single,No,Bereaved,3,NA,,20260909002,-10.8598,-0.852844,-10.2067,-1.83253,-11.6575,-0.218815,-0.092315,0.00591871,-0.028909,-0.168848,1.2577,0.699419,0.564871,0.787561,2.16546,1.68773,0.298014,1.15931,1.074,2.08281,9.00806,-0.21269,-0.152256,-0.198855,-0.661661,-1.36599,-3.14439,-0.209847
789,35,Male,Christian,Married,No,None,2,NA,,20260909002,-9.1482,-0.990388,-8.54327,-2.11206,-9.92076,-0.208649,-0.105194,0.0765337,0.120597,-0.200401,1.25241,0.670817,0.617345,1.05735,1.88558,1.89301,0.646575,1.25058,1.56043,2.01164,7.2439,-0.177977,-0.147853,-0.215928,-0.651929,-1.37095,-3.07621,-0.182312
790,68,Female,Christian,Married,No,None,3,NA,,20260909002,-8.69991,-0.854069,-8.09723,-1.80902,-9.43102,-0.153934,-0.0799257,0.0408604,0.064392,-0.159448,0.879594,0.338459,0.444802,0.598957,1.71587,1.78339,0.505114,1.21471,1.19915,1.9634,6.87064,-0.135593,-0.103274,-0.29067,-0.752729,-1.34776,-3.13032,-0.186704
791,59,Female,Christian,Married,No,None,1,NA,,20260909002,-8.90557,-0.88233,-8.54667,-2.10673,-9.69859,-0.345566,-0.0884855,0.067565,0.117886,-0.175688,0.747404,0.384961,0.501614,0.692692,1.60339,1.83,0.489758,1.32404,1.43499,1.89391,7.17777,-0.160882,-0.0970549,-0.187988,-0.59307,-1.43148,-3.20361,-0.185485
792,20,Female,Buddhist,Single,No,Had COVID,2,NA,,20260909002,-10.5878,-0.847497,-9.97046,-1.86531,-11.3314,-0.274419,-0.208403,0.0400954,-0.0283498,-0.206815,1.25462,0.645841,0.504567,0.656391,1.89454,1.87107,0.582715,1.23908,1.27024,2.02436,8.70754,-0.206279,-0.084593,-0.177695,-0.646464,-1.4009,-3.06649,-0.203431
793,30,Female,Christian,Single,No,Bereaved,4,NA,,20260909002,-10.6774,-0.875827,-10.1682,-2.12665,-11.3702,-0.302663,-0.0992696,-0.0217315,-0.0870942,-0.0741068,0.941604,0.414549,0.539169,0.892311,1.62973,1.74983,0.489706,1.2643,1.54026,1.85217,8.86696,-0.121617,-0.0336544,-0.277835,-0.657515,-1.36514,-3.05912,-0.144887
794,26,Male,Christian,Single,No,None,4,NA,,20260909002,-9.7203,-0.867776,-9.22852,-2.01831,-10.4245,-0.351283,-0.125676,0.104688,0.0809628,-0.175158,1.09729,0.500178,0.539995,0.808019,1.77145,1.89148,0.620289,1.38405,1.49929,2.10319,7.8934,-0.19538,-0.168171,-0.262907,-0.664971,-1.3634,-3.08657,-0.178362
795,62,Male,Not answered,Single,No,Bereaved,4,NA,,20260909002,-10.8427,-0.764846,-10.386,-1.95322,-11.483,-0.296452,-0.145642,0.125821,0.0458048,-0.164929,0.866624,0.245805,0.448479,0.688631,1.56072,1.76608,0.390998,1.29033,1.3404,1.98685,9.04077,-0.193773,-0.129762,-0.223612,-0.683561,-1.4209,-3.14281,-0.204473
796,54,Female,Christian,Married,No,Had COVID,4,NA,,20260909002,-10.4358,-0.880858,-9.66433,-1.88762,-11.1931,-0.360561,-0.234012,-0.0656395,-0.150186,-0.293691,1.07515,0.538631,0.465258,0.826821,2.01417,1.8739,0.485259,1.05867,1.34431,2.2495,8.52253,-0.212165,-0.124981,-0.244115,-0.678799,-1.41684,-3.0751,-0.228753
797,48,Male,Christian,Separated,No,Had COVID,1,NA,,20260909002,-10.0191,-1.04583,-9.49016,-2.03089,-10.8597,-0.0989542,0.0345905,0.114763,0.0553599,-0.00610426,0.899785,0.432008,0.62956,0.909494,1.94272,1.79148,0.640069,1.37605,1.33247,2.23572,8.0653,-0.158114,-0.117552,-0.22597,-0.647627,-1.40473,-3.05081,-0.14602299999999999
798,82,Male,Christian,Married,No,None,1,5,Institutional Trust and Technocratic Governance,20260909002,-9.97434,-0.750858,-9.41052,-1.88064,-10.6294,-0.34886,-0.213706,0.0504978,0.00708289,-0.271931,1.08585,0.500546,0.506049,0.741974,1.72194,1.75613,0.397285,1.11597,1.30269,1.93469,8.19822,-0.183646,-0.129042,-0.28663,-0.699937,-1.40415,-3.17178,-0.178229
799,37,Female,No religion,Married,Yes,Had COVID,1,NA,,20260909002,-9.37283,-0.81594,-8.7515,-1.81752,-10.0812,-0.232027,-0.0784228,-0.0396867,0.0328318,-0.260828,0.994258,0.453387,0.492979,0.696316,1.66789,1.56036,0.308067,1.08047,0.957703,1.76864,7.59538,-0.17249,-0.108567,-0.262593,-0.720952,-1.38491,-3.18037,-0.191169
800,48,Male,No religion,Married,No,None,3,NA,,20260909002,-8.17911,-0.758623,-7.654,-1.7893,-9.01264,-0.225997,-0.186061,-0.0356028,0.0573063,-0.225527,0.936227,0.439823,0.502663,0.417375,1.81797,1.66822,0.444757,1.28758,1.0826,2.07432,6.40544,-0.174607,-0.105582,-0.259907,-0.690355,-1.41654,-3.16111,-0.168149
801,41,Female,Christian,Single,Yes,None,3,NA,,20260909002,-11.7784,-1.03557,-11.0963,-2.23025,-12.4632,-0.317081,-0.127126,0.0647236,-0.0259904,-0.164227,1.26932,0.787623,0.61723,0.974107,2.15094,1.96843,0.578616,1.1563,1.55766,2.12863,9.76351,-0.165744,-0.0892346,-0.237754,-0.642073,-1.44148,-3.15908,-0.156966
802,50,Male,No religion,Single,No,Had COVID,3,NA,,20260909002,-9.33194,-0.835732,-8.75329,-1.75757,-9.90393,-0.235402,-0.0535623,0.00513992,-0.128404,-0.236315,1.06856,0.534264,0.50312,0.661571,1.76538,1.7378,0.523415,1.16927,1.31414,1.89486,7.55345,-0.135307,-0.136388,-0.249163,-0.646034,-1.41185,-3.09267,-0.192398
803,57,Female,Christian,Single,No,Had COVID,1,NA,,20260909002,-11.0638,-0.921479,-10.3592,-1.99059,-11.9737,-0.248519,-0.137471,0.0646067,-0.0966598,-0.144375,1.00966,0.393747,0.367503,0.78827,1.95907,1.87776,0.558564,1.2584,1.4568,2.33834,9.13008,-0.186485,-0.12128,-0.187889,-0.692957,-1.36881,-3.06827,-0.154584
804,38,Female,Christian,Married,Yes,Had COVID,3,NA,,20260909002,-10.3156,-0.87802500000000006,-9.75353,-1.82539,-11.0765,-0.345856,-0.2188,-0.0766312,-0.141663,-0.388616,1.10299,0.622686,0.540512,0.831705,1.90768,1.72427,0.45979,1.24596,1.16573,2.16635,8.52632,-0.140141,-0.168902,-0.238448,-0.616589,-1.40256,-3.12794,-0.151825
805,76,Male,No religion,Married,No,Bereaved,2,NA,,20260909002,-10.6002,-1.00982,-9.81589,-1.86057,-11.1172,-0.0110056,0.0980384,0.215262,0.198156,0.0400919,1.32308,0.692406,0.574841,0.646986,1.99485,1.92652,0.466427,1.24192,1.29254,1.93464,8.50525,-0.197783,-0.165768,-0.282033,-0.715608,-1.41435,-3.13762,-0.177406
806,90,Female,Christian,Married,No,None,2,NA,,20260909002,-9.65523,-0.798888,-9.04809,-1.82396,-10.3387,-0.297858,-0.223827,-0.0372578,-0.111259,-0.303962,0.95846,0.385758,0.457883,0.56117,1.70536,1.83628,0.541351,1.31237,1.29574,2.27006,7.84847,-0.189371,-0.12005,-0.276512,-0.684246,-1.4256,-3.20172,-0.20014
807,60,Male,No religion,Married,No,None,4,NA,,20260909002,-8.79454,-0.881243,-8.04966,-1.89644,-9.26746,-0.145913,-0.137711,0.147851,-0.0671697,-0.301616,1.10838,0.429923,0.550067,0.68539,1.85335,2.06333,0.500472,1.35284,1.28477,2.0492,6.67893,-0.164424,-0.135829,-0.253165,-0.689317,-1.4109,-3.19744,-0.176152
808,46,Female,Other religion,Separated,No,Had COVID,3,NA,,20260909002,-9.33194,-0.835732,-8.75329,-1.75757,-9.90393,-0.235402,-0.0535623,0.00513992,-0.128404,-0.236315,1.06856,0.534264,0.50312,0.661571,1.76538,1.7378,0.523415,1.16927,1.31414,1.89486,7.55345,-0.135307,-0.136388,-0.249163,-0.646034,-1.41185,-3.09267,-0.192398
809,42,Female,No religion,Widowed,Yes,None,2,NA,,20260909002,-12.2924,-0.827643,-11.642,-1.94125,-12.9088,-0.107089,-0.0650907,0.0282498,0.0789226,-0.023316,0.892994,0.419755,0.608287,0.706971,1.67961,1.90335,0.594939,1.33278,1.38522,2.06842,10.3886,-0.196709,-0.145129,-0.231921,-0.632977,-1.37828,-3.13586,-0.18057
810,71,Female,No religion,Married,No,Had COVID,2,NA,,20260909002,-10.8005,-0.854071,-10.2156,-1.78435,-11.5812,-0.257158,-0.129408,0.103847,-0.00996124,-0.361883,1.0029,0.54029,0.422341,0.514368,2.06349,1.72809,0.459961,1.2073,1.11291,2.11602,8.98765,-0.183641,-0.157472,-0.265227,-0.68659,-1.407,-3.16366,-0.172222
811,80,Male,Christian,Divorced,No,Had COVID,3,NA,,20260909002,-9.17271,-0.855765,-8.65281,-1.99915,-9.70068,-0.230029,-0.139786,-0.0152602,-0.132803,-0.346451,0.939824,0.527633,0.557643,0.86418,1.73007,1.64749,0.524457,1.17906,1.37624,1.89914,7.39988,-0.2037,-0.150586,-0.247436,-0.665436,-1.36293,-3.08887,-0.196631
812,50,Female,Muslim,Divorced,No,Long COVID,2,NA,,20260909002,-8.49028,-0.874329,-8.03813,-1.89794,-9.15928,-0.105988,0.0228875,0.0639647,0.084161,-0.047568,0.78692,0.334364,0.52100900000000006,0.605398,1.66751,1.6478,0.39983,1.29547,1.1734,1.86771,6.63144,-0.185606,-0.117757,-0.315222,-0.691654,-1.47309,-3.20824,-0.188746
813,24,Male,Muslim,Single,Yes,Had COVID,3,NA,,20260909002,-8.88232,-1.05934,-8.204,-2.25164,-9.51739,-0.0355524,0.21244,0.189918,0.202809,0.0650467,1.15763,0.577531,0.611295,0.98937,1.99005,1.96753,0.502511,1.26344,1.53859,2.10412,6.80995,-0.180325,-0.106313,-0.311796,-0.665249,-1.38758,-3.18764,-0.204756
814,24,Male,No religion,Single,No,None,2,NA,,20260909002,-9.57604,-0.886328,-8.94127,-1.8562,-10.1189,-0.360405,-0.199928,-0.161036,-0.203115,-0.357025,1.2467,0.580764,0.749067,0.916301,1.8096,1.97203,0.559545,1.37935,1.45605,1.99272,7.65114,-0.162686,-0.133194,-0.285577,-0.695746,-1.37727,-3.12,-0.186038
815,55,Male,No religion,Divorced,No,Had COVID,2,NA,,20260909002,-8.08802,-0.79828,-7.39026,-1.93889,-8.71733,-0.331358,-0.162121,-0.0246701,0.072729,-0.409621,0.985639,0.493817,0.444028,0.847668,1.78741,1.60823,0.299187,1.03307,1.22002,1.68331,6.30527,-0.209983,-0.149229,-0.222832,-0.679811,-1.36242,-3.10507,-0.154339
816,19,Male,No religion,Single,No,Bereaved,4,NA,,20260909002,-10.7844,-0.703703,-10.2539,-1.80765,-11.3157,-0.43716699999999997,-0.258147,0.0226693,-0.112518,-0.337401,0.900596,0.335838,0.436448,0.623101,1.4658,1.69739,0.355675,1.12091,1.27494,1.75699,9.1033,-0.174886,-0.0950334,-0.288309,-0.681945,-1.41831,-3.16796,-0.200929
817,20,Female,Christian,Single,No,Had COVID,1,NA,,20260909002,-10.0295,-0.889102,-9.51065,-1.96457,-10.894,-0.244114,-0.0873312,0.00134148,-0.0533997,-0.107443,1.11473,0.677421,0.688932,0.910087,1.89317,1.86655,0.556635,1.29616,1.48475,2.0954,8.26685,-0.193185,-0.155895,-0.237627,-0.685465,-1.41138,-3.15575,-0.180979
818,77,Female,Christian,Divorced,No,None,2,NA,,20260909002,-10.4836,-0.693942,-9.90915,-1.7382,-11.2696,-0.257664,-0.171156,-0.111853,-0.296762,-0.241427,0.95465,0.438006,0.4673,0.861318,1.63911,1.68974,0.454868,1.16797,1.32093,1.97326,8.8221,-0.174057,-0.085048,-0.240741,-0.70563,-1.37849,-3.15525,-0.210352
819,37,Male,No religion,Married,Yes,Had COVID,1,2,Libertarianism,20260909002,-10.2276,-0.837226,-9.65265,-1.90099,-10.9477,-0.232086,-0.128442,0.032911,0.0619139,-0.220831,1.14288,0.513941,0.569836,0.658307,1.9122,1.77226,0.440499,1.30153,1.36984,2.08134,8.38783,-0.171627,-0.131184,-0.26376,-0.656777,-1.38184,-3.09305,-0.223806
820,36,Male,Christian,Married,No,Had COVID,4,NA,,20260909002,-11.4002,-0.932083,-10.7612,-1.82233,-11.9682,-0.392511,-0.306868,-0.0621974,-0.167096,-0.401214,1.15238,0.600931,0.678621,0.7611,1.91677,2.05495,0.713415,1.30876,1.35263,2.13021,9.49229,-0.204841,-0.117051,-0.23242,-0.632438,-1.37293,-3.03943,-0.227222
821,21,Female,No religion,Single,No,Had COVID,3,NA,,20260909002,-9.64412,-0.737356,-9.05619,-1.76016,-10.3193,-0.394561,-0.215333,-0.10087,-0.177969,-0.277122,1.16469,0.56957,0.601729,0.904255,1.81358,1.65226,0.270415,1.16198,1.18184,1.83786,7.86869,-0.153224,-0.142394,-0.266616,-0.640675,-1.42044,-3.15756,-0.214503
822,67,Female,Christian,Single,No,Bereaved,3,NA,,20260909002,-9.46797,-0.614579,-8.9384,-1.65033,-10.0389,-0.336818,-0.238657,0.00428007,-0.126747,-0.263438,0.84636,0.223625,0.385365,0.502347,1.54418,1.88913,0.419797,1.29029,1.2098,1.87446,7.76165,-0.202325,-0.159607,-0.243429,-0.656282,-1.44676,-3.20572,-0.194392
823,79,Female,No religion,Widowed,No,None,4,NA,,20260909002,-8.67194,-0.940294,-7.99327,-1.85473,-9.479,-0.116206,-0.0294988,0.0872868,0.104777,-0.0734028,0.991736,0.526568,0.459574,0.810532,1.94633,1.65023,0.458346,1.18432,1.1502,2.03254,6.78176,-0.184698,-0.158051,-0.254932,-0.652048,-1.35424,-3.05568,-0.202106
824,90,Male,Not answered,Married,No,None,3,NA,,20260909002,-9.57918,-0.679218,-9.09863,-1.64563,-10.3334,-0.360547,-0.20511,0.0206984,-0.162803,-0.316444,1.14825,0.504979,0.688854,0.751393,1.78968,1.65683,0.320293,1.18631,1.0712,1.93938,7.89418,-0.160629,-0.119112,-0.200183,-0.624765,-1.33638,-3.08655,-0.213614
825,30,Female,Christian,Married,No,None,3,NA,,20260909002,-10.6474,-0.764765,-10.1569,-1.83025,-11.3124,-0.254692,-0.263504,-0.00953719,-0.104784,-0.311023,1.01077,0.480507,0.48853799999999997,0.828929,1.704,1.77827,0.495589,1.34532,1.20477,1.97714,8.90367,-0.15255,-0.104998,-0.226123,-0.67846,-1.43166,-3.14776,-0.185183
826,85,Female,Christian,Married,No,None,2,NA,,20260909002,-12.3543,-0.895361,-11.6908,-1.83293,-12.7926,-0.275378,-0.114251,0.0321196,-0.118492,-0.19973,1.16705,0.631203,0.539878,0.776295,1.77722,1.83459,0.476257,1.16517,1.16374,1.78235,10.485900000000001,-0.1879,-0.160936,-0.239684,-0.673524,-1.44427,-3.14016,-0.186143
827,47,Male,Christian,Single,No,Bereaved,2,NA,,20260909002,-11.093,-0.767035,-10.409,-1.89075,-11.5905,-0.231321,-0.0784457,-0.0625365,0.072821,-0.225788,0.822282,0.360914,0.41865,0.662439,1.55255,1.78858,0.394344,1.16324,1.41825,1.82025,9.29839,-0.181708,-0.165892,-0.250642,-0.670732,-1.36827,-3.10542,-0.202838
828,25,Male,Christian,Single,No,None,2,4,Conspiracy Ideation,20260909002,-11.0589,-0.897384,-10.5248,-1.95264,-11.7642,-0.151546,-0.0372836,0.0699181,0.0543481,-0.326327,0.825738,0.329741,0.373241,0.470327,1.70862,1.7133100000000001,0.463153,1.11238,1.19883,2.10508,9.29501,-0.157682,-0.0863901,-0.260257,-0.650353,-1.42095,-3.13946,-0.143429
829,78,Female,Christian,Widowed,No,None,1,NA,,20260909002,-11.2387,-0.696171,-10.9024,-1.71563,-11.9866,-0.309139,-0.0931149,0.0741148,-0.0573355,-0.146582,0.757753,0.199984,0.340279,0.326812,1.3568,1.53541,0.208494,1.17177,1.05804,1.68849,9.66099,-0.135336,-0.103518,-0.232476,-0.608287,-1.41721,-3.17192,-0.203449
830,47,Female,Hindu,Married,Yes,Bereaved,1,NA,,20260909002,-10.385,-0.890499,-9.49826,-1.98473,-10.8885,-0.13763,-0.0395,0.0119029,0.0278907,-0.173474,1.33296,0.64619,0.599968,0.988346,1.76994,1.97509,0.560211,1.12696,1.37261,1.98483,8.38914,-0.176647,-0.128572,-0.250785,-0.70932,-1.40456,-3.16815,-0.171934
831,60,Female,Christian,Divorced,No,None,3,NA,,20260909002,-10.6746,-0.85959,-10.2953,-1.91401,-11.4906,-0.249677,-0.0673394,0.0679847,3.607e-4,-0.132713,0.879967,0.348165,0.460474,0.637552,1.75975,1.5123,0.357319,1.17283,1.25668,1.81857,9.02231,-0.159156,-0.104557,-0.28057,-0.720661,-1.40486,-3.07894,-0.154
832,56,Female,Christian,Married,Yes,None,1,NA,,20260909002,-9.52117,-0.801164,-8.92006,-1.82934,-10.1411,-0.202492,-0.182754,0.081867,0.0266032,-0.235777,1.11926,0.508741,0.634626,0.750803,1.68272,1.79598,0.445224,1.20468,1.2845,1.93463,7.65721,-0.188727,-0.134686,-0.314957,-0.643197,-1.39251,-3.13556,-0.178006
833,31,Female,No religion,Single,No,Bereaved,3,NA,,20260909002,-9.99138,-0.558446,-9.50594,-1.64088,-10.7696,-0.37039,-0.202945,0.0385768,-0.153848,-0.315144,0.666143,0.159119,0.325385,0.487958,1.63413,1.61519,0.292551,0.990757,1.1261,1.74604,8.43124,-0.167336,-0.142566,-0.262151,-0.684787,-1.382,-3.10929,-0.200522
834,57,Female,No religion,Single,No,None,2,NA,,20260909002,-9.79245,-1.10245,-9.01498,-2.09184,-10.3863,-0.2691,-0.0879619,-0.0411761,0.0667607,-0.236158,1.3216,0.78962,0.702646,0.936505,1.87669,2.00203,0.673379,1.30601,1.41036,2.30414,7.68387,-0.229925,-0.151552,-0.259012,-0.708143,-1.41988,-3.19658,-0.207373
835,53,Female,Muslim,Married,No,Had COVID,4,NA,,20260909002,-9.8444,-0.780929,-9.21492,-1.88429,-10.3981,-0.316929,-0.141048,-0.111504,-0.125275,-0.244201,1.00116,0.405295,0.521084,0.735566,1.67764,1.72973,0.452151,1.1975,1.12447,1.87699,8.0336,-0.197835,-0.0941714,-0.276674,-0.643871,-1.39522,-3.17862,-0.216697
836,35,Male,Christian,Married,No,Bereaved,3,NA,,20260909002,-10.4229,-0.892835,-9.80835,-1.72177,-11.1213,-0.110047,-0.10009,0.0177895,-0.179688,-0.20479,1.16803,0.622997,0.683102,0.69747,1.94433,1.9076,0.703369,1.42045,1.40463,2.1787,8.53362,-0.234479,-0.166443,-0.201294,-0.606036,-1.35123,-3.008,-0.203976
837,18,Female,Christian,Single,No,None,1,NA,,20260909002,-9.61708,-0.828022,-9.12351,-1.63349,-10.4314,-0.339054,-0.159988,-0.0107478,-0.215213,-0.225656,0.888258,0.394893,0.573477,0.609623,1.81178,1.64446,0.4269,1.22732,1.11011,1.97073,7.88001,-0.152122,-0.186666,-0.23293,-0.617678,-1.33814,-3.05492,-0.199158
838,37,Female,Muslim,Married,No,Had COVID,2,NA,,20260909002,-9.48887,-0.99877,-8.85997,-2.01191,-10.3539,-0.21779,-0.0404633,0.0728719,0.0826876,-0.119676,1.15168,0.593741,0.631889,0.972045,1.93628,1.74978,0.491607,1.29473,1.44449,2.15239,7.55607,-0.175487,-0.128134,-0.255437,-0.65978,-1.37503,-3.08342,-0.197203
839,81,Female,Christian,Married,No,None,2,NA,,20260909002,-9.90218,-1.05909,-9.22213,-1.96507,-10.6793,0.0357312,0.179656,0.190819,0.172014,-0.0285414,1.05162,0.631167,0.509813,0.744159,2.01541,1.83092,0.563257,1.26761,1.31198,2.21406,7.9022,-0.153332,-0.0546351,-0.266516,-0.644642,-1.40112,-3.18625,-0.204324
840,45,Female,No religion,Married,No,Had COVID,3,NA,,20260909002,-8.95183,-0.971063,-8.36426,-2.03815,-9.55982,-0.0191919,0.0478759,0.215451,0.308906,-0.156561,1.17878,0.632082,0.546849,0.794728,1.92534,1.61562,0.425163,1.13958,1.08127,1.81338,7.03367,-0.227368,-0.175102,-0.266038,-0.674967,-1.40516,-3.13129,-0.224496
841,37,Male,Christian,Single,No,Had COVID,4,NA,,20260909002,-9.04216,-1.05511,-8.30501,-2.02066,-9.7016,-0.0933095,-0.0890909,0.0696323,0.140942,-0.317326,1.21209,0.732199,0.568634,0.730837,2.04828,2.01331,0.697122,1.31676,1.37164,2.25409,6.9955,-0.169519,-0.0990084,-0.22892,-0.632649,-1.38636,-3.14475,-0.150502
842,56,Male,No religion,Single,No,Bereaved,2,2,Libertarianism,20260909002,-9.88429,-0.789178,-9.2777,-1.88615,-10.5925,-0.224809,-0.120439,-0.0319588,-0.124162,-0.128046,1.01571,0.509169,0.576445,0.695073,1.77966,1.79121,0.353669,1.28454,1.30346,1.96788,8.01456,-0.181731,-0.141305,-0.218267,-0.621396,-1.45133,-3.17482,-0.191652
843,58,Female,Christian,Married,No,None,4,4,Conspiracy Ideation,20260909002,-10.1846,-0.856532,-9.73625,-1.87736,-11.0702,-0.17501,-0.0621194,0.0891985,0.0233408,-0.184603,0.97276,0.489442,0.548254,0.6478,1.90569,1.55807,0.391566,1.18104,1.13947,2.07272,8.4351,-0.137397,-0.0793848,-0.224888,-0.690721,-1.36883,-3.12314,-0.195358
844,48,Female,Not answered,Married,Yes,None,4,NA,,20260909002,-9.90993,-0.915451,-9.26381,-2.07444,-10.4989,-0.115626,0.039529,0.123515,0.191753,-0.0972922,1.16327,0.589081,0.596366,1.043,1.80924,1.85152,0.571731,1.19511,1.40348,2.02935,8.01737,-0.199537,-0.137397,-0.278002,-0.663266,-1.39531,-3.10054,-0.203952
845,22,Male,No religion,Single,No,Bereaved,4,NA,,20260909002,-10.7982,-0.776521,-10.2999,-1.68867,-11.6097,-0.450373,-0.244287,-0.147719,-0.328614,-0.243556,0.948146,0.400583,0.488631,0.637952,1.74548,1.60197,0.433876,1.17784,1.29855,1.85287,9.1595,-0.160535,-0.157638,-0.245678,-0.675396,-1.414,-3.1394,-0.174545
846,73,Male,No religion,Single,No,Had COVID,4,2,Libertarianism,20260909002,-9.41605,-0.84912,-8.74236,-1.77833,-10.1801,-0.23746,-0.153926,-0.0131953,-0.0374792,-0.176352,1.08467,0.637249,0.578327,0.63444,1.96435,1.9377,0.57916,1.26296,1.2163,2.28527,7.52336,-0.152892,-0.075437,-0.239302,-0.70655,-1.39787,-3.13243,-0.167417
847,44,Male,Christian,Married,No,Had COVID,2,NA,,20260909002,-9.5662,-0.789842,-9.03133,-1.71647,-10.1811,-0.214454,-0.0801213,0.0988112,0.0107062,-0.162239,1.08371,0.542529,0.677794,0.850432,1.7669,1.73457,0.418953,1.1310500000000001,1.1426,1.78348,7.82209,-0.176551,-0.132819,-0.271287,-0.67637,-1.3772,-3.12785,-0.169029
848,38,Female,Christian,Single,No,Had COVID,1,NA,,20260909002,-11.9029,-0.765279,-11.5497,-1.93273,-12.695,-0.339695,-0.13826,-0.0215573,-0.169518,-0.156281,0.949744,0.478449,0.688241,0.925538,1.82806,1.58812,0.341338,1.23531,1.29813,1.80357,10.2691,-0.153362,-0.0787521,-0.266666,-0.70061,-1.42438,-3.16393,-0.201339
849,56,Male,No religion,Married,No,Had COVID,2,NA,,20260909002,-10.9741,-0.985688,-10.3675,-2.01303,-11.6015,-0.310742,-0.168782,0.00792837,-0.0600226,-0.360912,1.08664,0.557437,0.555374,0.785943,1.81736,1.8259,0.517034,1.26336,1.37045,2.01829,9.05617,-0.160122,-0.0664963,-0.243841,-0.619619,-1.40112,-3.13008,-0.192601
850,59,Male,Christian,Single,No,Had COVID,3,NA,,20260909002,-8.86977,-0.887221,-8.16812,-2.02858,-9.45038,-0.259184,-0.168942,-0.0217997,-0.107163,-0.233889,1.2644,0.657801,0.589737,0.978545,1.83412,1.82508,0.523062,1.34064,1.50211,2.09718,6.86706,-0.187642,-0.113556,-0.254261,-0.670423,-1.39243,-3.08847,-0.207293
851,30,Female,No religion,Single,Yes,Had COVID,3,NA,,20260909002,-10.3602,-0.806377,-9.95452,-1.88428,-11.1895,-0.326078,-0.179828,-5.30271e-4,-0.0431072,-0.28546,0.802847,0.423129,0.49137,0.699335,1.68067,1.63697,0.506213,1.30278,1.18258,2.10279,8.71534,-0.167559,-0.0790413,-0.262285,-0.695572,-1.39654,-3.17105,-0.162142
852,36,Male,No religion,Married,No,None,4,NA,,20260909002,-9.15393,-0.81285,-8.49596,-1.86056,-9.82007,-0.261095,-0.18397,0.0257245,-0.0046285400000000004,-0.198597,1.09626,0.521985,0.521591,0.783767,1.84301,1.77711,0.397019,1.11274,1.25404,1.99401,7.26925,-0.173721,-0.162767,-0.306989,-0.677225,-1.42407,-3.20228,-0.163238
853,38,Male,Christian,Married,Yes,Had COVID,2,NA,,20260909002,-10.1681,-1.02837,-9.65412,-1.98613,-11.1728,-0.402148,-0.145873,0.0476104,-0.0810116,-0.16022,1.1865,0.838329,0.625233,0.957631,2.38638,1.8891,0.738814,1.31292,1.36445,2.34162,8.31714,-0.107502,-0.0568218,-0.281992,-0.692796,-1.40581,-3.15804,-0.164931
854,90,Female,Not answered,Widowed,No,Had COVID,3,NA,,20260909002,-9.10576,-0.824145,-8.66194,-1.7718,-10.1285,-0.393767,-0.28692,0.016900600000000002,-0.153864,-0.192244,0.881162,0.595644,0.528779,0.652174,1.91585,1.61665,0.544968,1.13447,1.20457,2.06711,7.48648,-0.163644,-0.141255,-0.241687,-0.669481,-1.34538,-3.13125,-0.186404
855,63,Male,No religion,Single,Yes,None,2,NA,,20260909002,-9.71467,-0.715627,-9.02063,-1.67067,-10.39,-0.240864,-0.141728,0.0222773,-0.0613624,-0.103527,0.781276,0.197849,0.290948,0.56913,1.55586,1.71715,0.312631,1.1141,1.08992,1.8048,7.93416,-0.219138,-0.170331,-0.295813,-0.720825,-1.37139,-3.13692,-0.171583
856,30,Male,Muslim,Single,No,Had COVID,3,NA,,20260909002,-7.58525,-0.902399,-7.17356,-2.00756,-8.41774,-0.233749,0.0574299,0.0773361,0.00156904,-0.0396009,0.967226,0.476359,0.541902,0.900686,1.64368,1.77597,0.59143,1.27246,1.45695,2.0884,5.85823,-0.182474,-0.114001,-0.203392,-0.638505,-1.35024,-3.08295,-0.19376
857,72,Female,Christian,Married,No,None,4,NA,,20260909002,-9.34217,-0.875302,-9.01366,-1.93693,-10.1784,-0.18849,-0.0769769,0.13281,0.0670936,-0.314557,0.834249,0.540307,0.609222,0.776759,1.86274,1.57441,0.482532,1.24535,1.353,2.00527,7.62778,-0.195515,-0.126453,-0.207596,-0.679807,-1.33428,-3.06995,-0.204027
858,61,Female,Muslim,Married,No,None,2,NA,,20260909002,-11.2114,-0.941325,-10.5864,-1.98803,-11.8888,-0.297345,-0.0825087,0.0596111,0.117246,-0.235976,1.26854,0.715376,0.585831,0.930271,2.08299,1.8254,0.586073,1.12207,1.27132,2.13999,9.36949,-0.212666,-0.109305,-0.234438,-0.645841,-1.40951,-3.1262,-0.189545
859,69,Female,Christian,Married,No,Had COVID,3,NA,,20260909002,-9.18243,-0.830454,-8.72881,-1.72394,-9.94442,-0.29945,-0.174304,-0.00893593,-0.135608,-0.219872,1.0743,0.558302,0.655943,0.792593,1.90041,1.66232,0.41718,1.25575,1.10792,1.87646,7.44478,-0.155463,-0.121037,-0.263491,-0.705659,-1.40071,-3.14899,-0.18494
860,75,Female,No religion,Married,No,Had COVID,4,NA,,20260909002,-12.0798,-0.82321,-11.6016,-1.80895,-12.8296,-0.290116,-0.16056,0.0641545,0.0673074,-0.338149,1.16537,0.589384,0.553646,0.566513,1.9766,1.7806,0.517375,1.23916,1.07428,2.20454,10.3354,-0.194393,-0.104989,-0.25399,-0.674939,-1.38411,-3.12271,-0.214861
861,58,Male,Christian,Married,No,None,4,NA,,20260909002,-9.69242,-0.678185,-9.25365,-1.95997,-10.5391,-0.347112,-0.235886,0.104855,-0.0317968,-0.161999,1.14826,0.492181,0.63515,0.971657,1.81027,1.70155,0.339265,1.12881,1.20406,2.03768,7.98233,-0.183369,-0.100005,-0.228515,-0.63011,-1.39143,-3.15937,-0.188255
862,87,Female,Christian,Married,No,Had COVID,4,NA,,20260909002,-9.45163,-1.01395,-8.83222,-1.94856,-10.1096,-0.365659,-0.257006,-0.120697,-0.0863145,-0.240286,1.08364,0.674985,0.505949,0.864377,1.74236,1.82613,0.708738,1.38649,1.34974,2.01792,7.55692,-0.144576,-0.0687943,-0.244448,-0.650247,-1.41728,-3.11838,-0.171935
863,45,Male,Christian,Married,Yes,None,1,NA,,20260909002,-8.19835,-0.99415,-7.50703,-2.13715,-8.69464,-0.0584492,-0.0795252,0.0473268,0.0441134,-0.215068,1.14531,0.561467,0.662297,0.895029,1.69659,1.98669,0.65411,1.34125,1.67924,2.00561,6.10525,-0.182484,-0.114733,-0.237154,-0.623041,-1.39154,-3.0666,-0.207743
864,42,Female,Muslim,Divorced,No,Had COVID,4,NA,,20260909002,-11.4596,-0.955415,-10.913,-1.98465,-12.2099,-0.276415,-0.165203,-0.0392763,-0.0194955,-0.129643,1.11043,0.649498,0.613122,0.807091,1.88049,1.73561,0.497056,1.30009,1.27127,1.96146,9.60096,-0.200359,-0.0920362,-0.297569,-0.6964,-1.385,-3.09166,-0.173717
865,45,Female,No religion,Single,No,None,1,NA,,20260909002,-10.6633,-0.603594,-10.1712,-1.6922,-11.2836,-0.256145,-0.225992,-0.0822181,-0.0445614,-0.25460700000000003,0.856252,0.369064,0.521909,0.657128,1.59663,1.55756,0.273322,1.18387,1.10118,1.70662,9.09784,-0.215779,-0.120357,-0.254835,-0.624309,-1.36704,-3.07929,-0.198229
866,32,Female,No religion,Married,No,Had COVID,1,NA,,20260909002,-8.56563,-0.828137,-8.03255,-1.98814,-9.23653,-0.14236,-0.055205,0.128333,-0.00559537,-0.180923,1.09884,0.499254,0.583371,0.947294,1.97438,1.75011,0.44232,1.19674,1.3134,1.96134,6.66383,-0.139371,-0.0888764,-0.255103,-0.638616,-1.46719,-3.20428,-0.198583
867,59,Female,No religion,Married,No,None,2,NA,,20260909002,-10.5421,-0.877138,-10.08,-1.77624,-11.4371,-0.336065,-0.0975085,0.091571,0.00391774,-0.150944,0.82166,0.450297,0.440282,0.694365,1.7392,1.81633,0.619393,1.28444,1.27123,2.21364,8.87205,-0.175895,-0.121871,-0.250385,-0.653938,-1.37206,-3.14407,-0.216952
868,44,Male,Christian,Married,No,None,1,NA,,20260909002,-10.5254,-1.00931,-9.88892,-1.96077,-11.1527,-0.323032,-0.146867,-0.049543,-0.132978,-0.293798,1.33629,0.750081,0.533896,0.799695,1.93922,2.06027,0.746793,1.38182,1.52739,2.3025,8.5902,-0.202686,-0.16285,-0.265283,-0.633498,-1.38578,-3.12846,-0.17809
869,32,Female,No religion,Separated,Yes,Had COVID,1,NA,,20260909002,-10.1823,-1.06262,-9.5282,-1.92461,-10.9428,-0.291403,-0.0628828,0.0320219,-0.0389557,-0.0916727,1.01494,0.649078,0.545747,0.804041,1.85757,1.82259,0.608009,1.27438,1.38223,2.04317,8.23627,-0.165318,-0.120057,-0.23537,-0.675,-1.38095,-3.14017,-0.2076
870,21,Female,Not answered,Single,No,None,3,NA,,20260909002,-11.5672,-0.619092,-11.0306,-1.67649,-12.3593,-0.384986,-0.355671,-0.136068,-0.280434,-0.416166,1.01574,0.542793,0.547705,0.793993,1.95974,1.48569,0.179847,1.0165,1.06226,1.68137,9.9877300000000009,-0.154127,-0.0897323,-0.223364,-0.661463,-1.41278,-3.15206,-0.219249
871,26,Female,Christian,Single,No,None,3,NA,,20260909002,-10.1997,-1.00383,-9.61227,-1.89618,-11.0361,-0.0943472,0.166572,0.138979,0.0921291,0.0811435,0.781211,0.332736,0.452615,0.623997,1.75667,1.77728,0.521755,1.27496,1.35691,2.18807,8.32964,-0.189318,-0.202302,-0.294939,-0.765106,-1.42228,-3.16748,-0.198075
872,90,Male,Christian,Married,No,None,3,NA,,20260909002,-10.1323,-0.83802,-9.59703,-1.95577,-10.8549,-0.095122,-0.0266806,0.0985508,0.0700227,0.0165897,0.844762,0.33222,0.553485,0.749696,1.58933,1.79859,0.551932,1.34893,1.46248,2.06123,8.31478,-0.123917,-0.105045,-0.266472,-0.6719,-1.35554,-3.08889,-0.201854
873,56,Male,Christian,Married,No,Had COVID,3,4,Conspiracy Ideation,20260909002,-11.5779,-1.05898,-10.9568,-2.07147,-12.2189,-0.211458,-0.102034,0.00544174,-0.0119822,-0.0835001,1.06822,0.53677,0.604392,0.854146,1.78163,1.79973,0.58636,1.40275,1.45968,2.04415,9.5778,-0.200994,-0.11809,-0.288046,-0.654469,-1.37867,-3.04272,-0.188127
874,66,Female,Christian,Widowed,No,None,2,NA,,20260909002,-10.0536,-0.896238,-9.47491,-1.86528,-10.6912,-0.283582,-0.162146,0.00876798,-0.0480908,-0.357823,0.960271,0.46317,0.551056,0.693687,1.77075,1.8933,0.565968,1.21651,1.26437,2.07517,8.22549,-0.183736,-0.12043,-0.227988,-0.629165,-1.38128,-3.07403,-0.177716
875,72,Female,Christian,Single,No,None,2,NA,,20260909002,-10.8555,-0.781148,-10.5324,-1.79564,-11.6782,-0.586185,-0.380308,0.0770092,-0.189423,-0.426447,1.05105,0.554807,0.522558,0.807886,1.90136,1.71796,0.504553,1.29354,1.21529,1.89579,9.26269,-0.157033,-0.119345,-0.251426,-0.716127,-1.3945,-3.15382,-0.182616
876,40,Female,Christian,Single,Yes,Had COVID,4,NA,,20260909002,-9.82626,-0.756176,-9.20354,-1.72612,-10.5862,-0.144869,-0.0669617,0.0617023,-0.0303154,-0.188797,1.00164,0.458624,0.398838,0.539051,1.72444,1.5191,0.269065,1.02322,0.965757,1.88832,8.09995,-0.18469,-0.105574,-0.26402,-0.681629,-1.36712,-3.145,-0.174457
877,36,Male,Christian,Married,Yes,None,3,NA,,20260909002,-11.0427,-0.866033,-10.4186,-2.04229,-11.4994,-0.236881,-0.238114,-0.106235,-0.122251,-0.40606,1.19477,0.649099,0.568642,0.895463,1.90601,1.99011,0.632929,1.32858,1.47531,2.0329,9.14274,-0.185085,-0.0542997,-0.288884,-0.643426,-1.40829,-3.08918,-0.185462
878,69,Female,Christian,Married,No,None,1,NA,,20260909002,-9.43633,-0.641012,-9.03065,-1.76209,-10.0632,-0.306397,-0.244332,0.0386679,-0.0857727,-0.452357,0.930364,0.340577,0.45172,0.642579,1.63,1.48364,0.27375,1.18012,1.21042,1.75195,7.818,-0.163741,-0.132315,-0.257047,-0.66213,-1.39539,-3.18786,-0.177736
879,35,Male,Christian,Married,Yes,Had COVID,1,NA,,20260909002,-10.0642,-0.896073,-9.4057,-1.99373,-10.7783,-0.158168,0.0332329,0.111759,0.180171,0.0590413,0.999629,0.430618,0.419568,0.67936,1.88011,1.78652,0.416114,1.26756,1.32972,2.02473,8.14399,-0.230647,-0.142662,-0.307441,-0.720037,-1.39283,-3.11364,-0.196496
880,52,Female,Christian,Widowed,No,Had COVID,3,NA,,20260909002,-10.2558,-0.627174,-9.68214,-1.67222,-10.8806,-0.37811,-0.33289,-0.0820831,-0.179697,-0.517201,0.911036,0.265819,0.451908,0.721973,1.62833,1.48491,0.211704,1.07585,1.11236,1.78242,8.62122,-0.151605,-0.166831,-0.262797,-0.664717,-1.40231,-3.10276,-0.20457
881,60,Male,Other religion,Married,No,Bereaved,1,NA,,20260909002,-8.71673,-0.748189,-8.29778,-1.88109,-9.50963,-0.352511,-0.212171,-0.0148191,-0.024429,-0.043396,0.880395,0.415459,0.528598,0.701164,1.55034,1.58578,0.323901,1.23863,1.19579,1.78318,6.99114,-0.173567,-0.161246,-0.228401,-0.599587,-1.40255,-3.10133,-0.180608
882,35,Male,Sikh,Married,No,None,3,NA,,20260909002,-11.0638,-0.921479,-10.3592,-1.99059,-11.9737,-0.248519,-0.137471,0.0646067,-0.0966598,-0.144375,1.00966,0.393747,0.367503,0.78827,1.95907,1.87776,0.558564,1.2584,1.4568,2.33834,9.13008,-0.186485,-0.12128,-0.187889,-0.692957,-1.36881,-3.06827,-0.154584
883,22,Female,Christian,Single,No,Bereaved,3,NA,,20260909002,-9.83552,-0.926482,-9.24686,-1.94461,-10.6072,-0.183607,-0.024512,0.135163,0.0116172,-0.132253,0.981001,0.481663,0.506459,0.655334,1.83112,1.7199,0.484808,1.27505,1.34313,2.06554,7.94491,-0.201576,-0.12871,-0.277894,-0.711786,-1.38524,-3.16679,-0.186327
884,68,Male,No religion,Divorced,No,Had COVID,2,NA,,20260909002,-9.45163,-1.01395,-8.83222,-1.94856,-10.1096,-0.365659,-0.257006,-0.120697,-0.0863145,-0.240286,1.08364,0.674985,0.505949,0.864377,1.74236,1.82613,0.708738,1.38649,1.34974,2.01792,7.55692,-0.144576,-0.0687943,-0.244448,-0.650247,-1.41728,-3.11838,-0.171935
885,50,Female,Not answered,Married,No,Bereaved,2,NA,,20260909002,-8.81322,-0.706016,-8.0743,-1.74086,-9.28597,-0.369097,-0.177838,-0.0151818,-0.04921,-0.297219,1.08159,0.370402,0.460723,0.618394,1.59489,1.91149,0.451986,1.14065,1.23418,1.94552,6.96451,-0.186009,-0.174242,-0.231963,-0.646952,-1.38636,-3.10801,-0.247532
886,66,Male,Muslim,Married,No,Had COVID,4,NA,,20260909002,-9.19596,-0.633045,-8.71266,-1.5512,-9.82538,-0.390448,-0.320118,-0.116488,-0.286919,-0.416013,0.98345,0.492459,0.520082,0.589499,1.65915,1.59655,0.436914,1.12805,1.06793,1.86999,7.59784,-0.149655,-0.108566,-0.268577,-0.686691,-1.37877,-3.09647,-0.21208
887,47,Female,No religion,Married,Yes,Long COVID,3,NA,,20260909002,-10.2954,-1.03351,-9.64584,-2.00533,-11.0058,-0.199897,4.53959e-4,-0.00677451,-0.115542,-0.0930713,1.03433,0.549882,0.609802,1.03232,1.83368,1.83025,0.510205,1.08164,1.33377,1.9103,8.38646,-0.136825,-0.0860632,-0.240478,-0.659538,-1.3847,-3.12075,-0.170875
888,83,Female,No religion,Divorced,No,None,1,NA,,20260909002,-10.252,-0.840702,-9.64173,-1.90832,-11.0665,-0.411741,-0.219009,-0.0378352,-0.0988667,-0.186701,1.13935,0.518364,0.550008,0.874131,1.85831,1.8073,0.51325,1.24517,1.31762,2.12504,8.45358,-0.168612,-0.152442,-0.209584,-0.653734,-1.39108,-3.1003,-0.201293
889,26,Male,Not answered,Married,No,None,1,NA,,20260909002,-11.1571,-1.11793,-10.4853,-1.98335,-11.8608,-0.140316,-0.0509883,0.0835689,0.10672,-0.0974605,1.21262,0.671753,0.63027,0.743075,1.9572,1.98597,0.607691,1.34764,1.44781,1.92391,9.11683,-0.164531,-0.186633,-0.272846,-0.69023,-1.43238,-3.17733,-0.18851
890,46,Female,Christian,Single,No,Had COVID,3,NA,,20260909002,-10.4308,-0.988465,-9.85244,-1.8546,-11.0859,-0.118872,0.0376083,0.172201,-0.0036175,0.0155512,1.17577,0.502996,0.540702,0.658318,1.67383,1.78316,0.588894,1.25159,1.34632,2.06614,8.50121,-0.184732,-0.0811393,-0.246869,-0.660347,-1.36881,-3.09144,-0.194255
891,65,Male,Christian,Married,No,Had COVID,1,NA,,20260909002,-10.8465,-0.858476,-10.2532,-1.79532,-11.6715,-0.230302,-0.166479,0.0742355,-0.0933167,-0.227027,0.939453,0.451488,0.425829,0.571916,2.04155,1.73232,0.420021,1.29392,1.23073,2.01923,9.00069,-0.159206,-0.135243,-0.265024,-0.693347,-1.39809,-3.17869,-0.179638
892,73,Male,No religion,Married,No,Bereaved,2,NA,,20260909002,-10.9492,-1.02633,-10.1164,-1.98518,-11.6631,-0.0962369,-0.10323,0.0792016,0.0424051,-0.251984,1.22739,0.705681,0.617472,0.918094,2.12355,1.98199,0.620435,1.22671,1.33626,2.33821,8.83479,-0.181564,-0.124554,-0.292823,-0.725656,-1.41212,-3.17566,-0.19914
893,48,Female,Christian,Married,Yes,Had COVID,4,NA,,20260909002,-8.36523,-0.692388,-7.82751,-1.78495,-9.24121,-0.398385,-0.231805,-0.0501409,-0.156757,-0.257242,1.06187,0.495565,0.427706,0.817091,2.02833,1.6828,0.457809,1.12282,1.17283,1.92021,6.73425,-0.151008,-0.124645,-0.232268,-0.67997,-1.35098,-3.07045,-0.147464
894,40,Female,No religion,Married,Yes,Bereaved,2,NA,,20260909002,-10.6339,-0.792364,-9.88402,-1.67589,-11.2818,-0.301675,-0.15837,-0.0492754,-0.0522587,-0.193431,1.07643,0.530741,0.419811,0.684884,1.63741,1.72419,0.500324,1.12018,1.19619,1.97624,8.89527,-0.155018,-0.153174,-0.271301,-0.703932,-1.40098,-3.09382,-0.187222
895,28,Female,Hindu,Married,No,Had COVID,2,NA,,20260909002,-8.92558,-0.780359,-8.46585,-1.89324,-9.69326,-0.0590463,0.0766254,0.135788,0.0386741,-0.0848669,0.766759,0.346771,0.517536,0.784819,1.59137,1.59377,0.339375,1.18843,1.2682,1.76292,7.26592,-0.15183,-0.139196,-0.270394,-0.686401,-1.324,-3.08113,-0.139255
896,58,Female,Sikh,Single,No,None,4,NA,,20260909002,-9.35658,-0.870233,-8.81518,-1.96352,-9.84549,-0.160271,-0.118236,0.0334846,0.021228,-0.19286,1.06175,0.446056,0.481652,0.673745,1.54548,1.78076,0.37295,1.28863,1.12307,1.85232,7.41109,-0.161609,-0.0690051,-0.280276,-0.610404,-1.4249,-3.12789,-0.185484
897,32,Female,Not answered,Single,No,Had COVID,4,NA,,20260909002,-10.4948,-0.942001,-9.88774,-1.85711,-11.4553,-0.448322,-0.190671,-0.0683451,-0.199579,-0.193602,1.06252,0.711964,0.602227,0.895488,2.09789,2.04115,0.66375,1.3377,1.35876,2.2967,8.67152,-0.161467,-0.132156,-0.212277,-0.677346,-1.4002,-3.13412,-0.167141
898,42,Female,Not answered,Married,Yes,Bereaved,3,NA,,20260909002,-9.79989,-0.873497,-9.09941,-1.79587,-10.4738,-0.207506,-0.162189,0.0300079,-0.112582,-0.125901,1.19978,0.525785,0.502218,0.769749,1.7871,1.64734,0.391419,0.993646,0.985455,1.93113,7.88477,-0.181926,-0.12231,-0.242947,-0.657059,-1.40346,-3.09161,-0.196254
899,20,Male,No religion,Single,No,None,3,NA,,20260909002,-11.1541,-0.921777,-10.6332,-1.96236,-11.8382,-0.142094,-0.0841288,0.075078,0.0403243,-0.165488,0.991856,0.504906,0.559726,0.75958,1.68711,1.92563,0.720467,1.36191,1.44901,2.20656,9.34531,-0.154929,-0.106164,-0.225511,-0.638672,-1.39332,-3.1025,-0.216015
900,24,Female,No religion,Divorced,No,Had COVID,1,NA,,20260909002,-10.6261,-0.709036,-10.1252,-1.78044,-11.3934,-0.439919,-0.233413,-0.0283884,-0.242322,-0.26271,1.10248,0.539662,0.520165,0.546467,1.77979,1.85846,0.579233,1.23925,1.35864,2.06601,8.93064,-0.159972,-0.0706898,-0.283277,-0.688309,-1.38207,-3.14035,-0.153638
901,42,Female,No religion,Single,No,Had COVID,3,NA,,20260909002,-11.0947,-0.880744,-10.5487,-1.94548,-11.6557,-0.191489,-0.178965,0.0317992,0.023794,-0.246833,0.92567,0.493734,0.58365,0.757783,1.87789,1.80552,0.535376,1.29301,1.31511,1.94318,9.26446,-0.153745,-0.131635,-0.288691,-0.696632,-1.38255,-3.04487,-0.191217
902,54,Male,Christian,Married,No,None,1,NA,,20260909002,-10.7161,-0.799606,-10.0295,-1.67715,-11.4239,-0.196993,-0.116698,-0.104165,-0.0423594,-0.249315,0.886725,0.395583,0.47488,0.565336,1.66702,1.89661,0.53107,1.29422,1.16854,2.0988,8.90663,-0.176633,-0.125787,-0.275349,-0.773234,-1.33673,-3.13071,-0.18212
903,86,Female,Christian,Married,No,Had COVID,2,NA,,20260909002,-8.68641,-0.812893,-8.22015,-1.93994,-9.29411,-0.449069,-0.207394,-0.0238674,-0.10021,-0.267341,1.01559,0.393377,0.595386,0.927679,1.55423,1.76159,0.458787,1.22566,1.25924,1.84859,6.89045,-0.198846,-0.0868306,-0.2639,-0.663926,-1.41931,-3.16226,-0.21155
904,18,Female,Christian,Single,No,None,2,NA,,20260909002,-8.44922,-0.871068,-7.83087,-1.81286,-9.20036,-0.267997,-0.0808771,0.0155331,-0.0542396,-0.0286909,0.978911,0.431128,0.452239,0.662391,1.72908,1.73461,0.486085,1.10752,1.19403,2.09197,6.59889,-0.21152,-0.161735,-0.268336,-0.662907,-1.40144,-3.11383,-0.193213
905,58,Female,Not answered,Widowed,No,Had COVID,1,NA,,20260909002,-10.5005,-0.640121,-9.78431,-1.81094,-11.1141,-0.14071,-0.20988,-0.0351256,0.0243503,-0.201859,1.06605,0.462165,0.485588,0.766395,1.83722,1.81834,0.3712,1.0852,1.22888,1.94651,8.69115,-0.171059,-0.109932,-0.24392,-0.633298,-1.4061,-3.13837,-0.201888
906,78,Male,Christian,Widowed,No,None,3,NA,,20260909002,-9.28197,-0.672518,-8.8152,-1.8014,-9.96552,-0.258546,-0.118843,0.0401032,0.010168,-0.277706,1.02211,0.39634,0.536384,0.855114,1.58288,1.7114,0.345339,1.27618,1.3163,1.89303,7.61945,-0.194806,-0.157224,-0.235946,-0.665512,-1.34898,-3.11929,-0.212966
907,41,Female,Muslim,Single,Yes,Bereaved,4,NA,,20260909002,-11.5825,-1.11949,-10.8708,-2.02215,-12.2503,-0.120073,-0.00874402,0.152761,0.10915,-0.106303,1.32232,0.846245,0.581265,0.934253,2.05298,2.1799,0.805571,1.3106,1.48662,2.2896,9.51571,-0.134478,-0.16655,-0.223595,-0.681603,-1.40789,-3.17537,-0.194693
908,74,Female,No religion,Married,No,Bereaved,3,NA,,20260909002,-10.8185,-0.8791,-10.1872,-2.02484,-11.6483,-0.146162,-0.0141396,0.0500786,0.0312824,-0.0802182,0.89066,0.321587,0.359195,0.813312,1.72168,1.89449,0.579746,1.3025,1.60906,2.14825,9.01536,-0.165015,-0.126095,-0.261295,-0.716162,-1.3826,-3.17258,-0.197693
909,42,Female,Hindu,Divorced,No,None,1,NA,,20260909002,-10.1553,-0.760868,-9.79216,-1.84285,-10.8522,-0.336754,-0.0839278,0.0145997,0.00288767,-0.0469689,0.680781,0.363074,0.445846,0.56027,1.38028,1.64851,0.431137,1.2264,1.11479,1.67347,8.5459599999999991,-0.208407,-0.0791014,-0.242126,-0.62016,-1.33793,-3.06209,-0.210424
910,67,Male,Christian,Married,No,None,2,NA,,20260909002,-9.93417,-0.881387,-9.4104,-1.84535,-10.646,-0.512012,-0.268698,-0.0980769,-0.205349,-0.457491,0.94633,0.520994,0.486496,0.710787,1.8262100000000001,1.78229,0.475894,1.2708,1.3124,2.01239,8.19401,-0.18616,-0.0887922,-0.306388,-0.712474,-1.40471,-3.16729,-0.187947
911,33,Male,No religion,Divorced,Yes,Had COVID,4,NA,,20260909002,-9.02616,-0.741912,-8.44074,-1.86215,-9.54023,-0.274676,-0.23388,0.0652253,-0.0368775,-0.339521,1.13628,0.504457,0.568661,0.770603,1.79703,1.71864,0.433912,1.23663,1.28256,1.91504,7.16912,-0.187589,-0.144563,-0.299687,-0.661193,-1.38184,-3.11718,-0.207375
912,65,Female,Not answered,Widowed,No,Had COVID,1,NA,,20260909002,-10.8324,-0.8507,-10.1711,-1.91781,-11.4249,-0.151161,0.00755747,0.0864541,0.145745,-0.0172306,1.08128,0.396652,0.508488,0.638087,1.80509,1.70655,0.361315,1.19633,1.13691,1.89875,8.92314,-0.198857,-0.084558,-0.261733,-0.721958,-1.39542,-3.11989,-0.171805
913,40,Female,Christian,Married,No,Had COVID,1,NA,,20260909002,-8.84055,-0.983662,-8.12641,-1.83095,-9.52932,-0.241814,-0.158909,-0.00861335,-0.0314205,-0.158503,1.16337,0.577874,0.557397,0.733439,2.01022,1.92845,0.66243,1.29554,1.39793,2.17156,6.81965,-0.195034,-0.107327,-0.277761,-0.730196,-1.42993,-3.14459,-0.201273
914,69,Male,No religion,Widowed,No,None,2,NA,,20260909002,-9.77731,-0.738455,-9.24563,-1.77422,-10.4544,-0.181356,-0.0308616,0.0737665,0.036176,0.0240897,0.996782,0.439247,0.571006,0.787512,1.60328,1.5924,0.235559,1.30214,1.25669,1.69196,7.98595,-0.193399,-0.13822,-0.253163,-0.65815,-1.41043,-3.14791,-0.180913
915,80,Female,Muslim,Married,No,Long COVID,4,NA,,20260909002,-9.43822,-0.760853,-8.98567,-1.87191,-10.2777,-0.509766,-0.299296,0.0225283,-0.301976,-0.441623,0.92414,0.199058,0.351643,0.732366,1.69452,1.77879,0.478983,1.22378,1.43605,2.01912,7.73293,-0.132716,-0.0181244,-0.322444,-0.687758,-1.42439,-3.19527,-0.158412
916,50,Female,No religion,Married,Yes,Long COVID,4,NA,,20260909002,-8.93299,-0.742195,-8.37828,-1.89745,-9.59496,-0.36448,-0.228637,-0.0175998,-0.0647912,-0.258914,1.0712,0.565992,0.543757,0.805116,1.81035,1.73266,0.469211,1.13078,1.25986,2.02971,7.17275,-0.207945,-0.0564127,-0.255182,-0.628807,-1.41174,-3.11636,-0.215131
917,49,Female,Muslim,Single,No,Had COVID,4,NA,,20260909002,-9.43507,-0.831438,-9.07956,-1.90233,-10.4341,-0.35567,-0.260622,0.0551932,-0.104952,-0.147329,0.75238,0.417708,0.437757,0.42467,1.82024,1.77985,0.567087,1.30881,1.42809,2.13193,7.74139,-0.187823,-0.0857476,-0.240009,-0.639459,-1.40868,-3.14225,-0.185967
918,75,Female,Jewish,Single,No,None,2,NA,,20260909002,-11.0135,-0.793719,-10.5054,-1.82586,-11.5813,-0.349732,-0.217727,0.020061,-0.0445983,-0.276625,1.06544,0.554373,0.61894,0.784284,1.77796,1.60226,0.303392,1.21106,1.17929,1.86107,9.21509,-0.150503,-0.107148,-0.27706,-0.671452,-1.43246,-3.15902,-0.210667
919,64,Male,No religion,Married,No,Had COVID,2,NA,,20260909002,-9.05608,-0.711926,-8.6941,-1.77769,-9.64374,-0.332522,-0.232809,0.124844,-0.0422654,-0.389981,0.948292,0.447447,0.615738,0.698605,1.64005,1.69881,0.392203,1.32182,1.24061,1.85209,7.37486,-0.191355,-0.149778,-0.281146,-0.691689,-1.39218,-3.14715,-0.213366
920,53,Male,Christian,Married,Yes,Long COVID,4,4,Conspiracy Ideation,20260909002,-10.34,-1.00971,-9.62235,-1.97413,-10.7134,-0.0599728,-0.0529215,0.145577,0.153208,-0.163109,1.37059,0.65607,0.598373,0.811885,1.90489,2.01493,0.523578,1.30402,1.13427,1.86994,8.16862,-0.197979,-0.117854,-0.265898,-0.640052,-1.39036,-3.13217,-0.179991
921,66,Female,Hindu,Married,No,None,3,NA,,20260909002,-11.6466,-0.764681,-11.0929,-2.07459,-12.1966,-0.292259,-0.27602,-0.00916249,0.0370518,-0.351599,1.13691,0.518273,0.681976,0.933942,1.80045,1.82361,0.388429,1.31251,1.35526,1.86621,9.78711,-0.176065,-0.134598,-0.242527,-0.618337,-1.41107,-3.12829,-0.207521
922,76,Female,Christian,Married,No,None,4,NA,,20260909002,-9.59676,-1.05439,-9.00069,-1.88109,-10.186,-0.0786318,0.0137746,0.0455249,-0.0936623,-0.0827443,1.1386,0.621626,0.636595,0.637256,1.79601,1.74643,0.496482,1.28365,1.12133,1.88656,7.59375,-0.163687,-0.1245,-0.252435,-0.600646,-1.37233,-3.08351,-0.20697
923,58,Male,No religion,Single,No,Long COVID,4,NA,,20260909002,-11.2723,-0.903747,-10.7174,-1.83428,-11.9425,-0.431364,-0.306676,-0.0453133,-0.173076,-0.366715,1.33109,0.825148,0.827179,1.05377,1.89033,1.85964,0.609359,1.38124,1.3472,1.96206,9.44526,-0.209581,-0.205895,-0.25826,-0.663778,-1.34534,-3.08626,-0.245522
924,38,Female,Christian,Married,No,None,3,NA,,20260909002,-9.91028,-0.929722,-9.19352,-2.223,-10.6048,-0.134197,-0.0502934,0.0755036,0.277574,-0.188058,1.22753,0.528144,0.541123,1.02051,2.02286,1.94325,0.455489,1.25621,1.3848,2.1317,7.87372,-0.141714,-0.112352,-0.249384,-0.706208,-1.44545,-3.11131,-0.188646
925,23,Male,Muslim,Single,No,Had COVID,1,NA,,20260909002,-11.3082,-1.15805,-10.6093,-2.03941,-11.8955,-0.0581846,0.0456211,0.133151,0.0880375,-0.114392,1.17858,0.686898,0.658305,0.820625,2.10928,1.99275,0.643556,1.353,1.36954,2.13101,9.19927,-0.1804,-0.159029,-0.233826,-0.63059,-1.38485,-3.1055,-0.182813
926,38,Female,No religion,Single,No,None,1,NA,,20260909002,-10.5821,-0.974223,-9.90158,-1.79669,-11.3502,-0.00546086,-0.00313337,0.139331,0.0245082,-0.102059,1.03744,0.60576,0.52043,0.744575,2.02377,1.90934,0.532364,1.27296,1.22952,2.12141,8.63009,-0.144946,-0.0784443,-0.302614,-0.732767,-1.37941,-3.14706,-0.182209
927,29,Male,Christian,Single,Yes,Had COVID,2,5,Institutional Trust and Technocratic Governance,20260909002,-9.55333,-0.813539,-8.84126,-1.75021,-10.0654,-0.25082,-0.189681,-0.0163417,-0.0900497,-0.282483,1.13805,0.529969,0.463067,0.678098,1.67097,1.90472,0.504326,1.17592,1.27609,1.93959,7.6799,-0.172734,-0.15848,-0.288849,-0.670018,-1.42598,-3.14696,-0.199699
928,23,Male,Christian,Single,No,Had COVID,2,4,Conspiracy Ideation,20260909002,-9.55885,-0.981661,-8.80077,-1.87545,-10.1002,-0.382426,-0.164959,-0.0743278,-0.340952,-0.159747,1.29255,0.71393,0.507849,0.891302,1.96897,1.98295,0.618076,1.23218,1.36299,1.9237,7.54472,-0.137235,-0.0819663,-0.297599,-0.67123,-1.43032,-3.12974,-0.181391
929,40,Male,Christian,Married,Yes,None,2,NA,,20260909002,-8.88232,-1.05934,-8.204,-2.25164,-9.51739,-0.0355524,0.21244,0.189918,0.202809,0.0650467,1.15763,0.577531,0.611295,0.98937,1.99005,1.96753,0.502511,1.26344,1.53859,2.10412,6.80995,-0.180325,-0.106313,-0.311796,-0.665249,-1.38758,-3.18764,-0.204756
930,45,Male,No religion,Single,No,None,3,NA,,20260909002,-9.6851,-1.02189,-9.0195,-2.0668,-10.2427,-0.264617,0.0254224,0.0891709,0.0226744,0.0732207,1.09045,0.477175,0.57938,0.814641,1.72401,2.0236,0.589106,1.30206,1.43725,1.977,7.65479,-0.245939,-0.0929372,-0.277817,-0.647398,-1.40809,-3.10836,-0.18572
931,43,Female,Christian,Single,Yes,None,1,NA,,20260909002,-10.1285,-0.848731,-9.39204,-1.85224,-10.6678,-0.19876,-0.111353,0.0614868,0.0607697,-0.147679,1.13671,0.432456,0.419727,0.73848,1.61753,1.95111,0.568447,1.17766,1.24121,1.92569,8.20582,-0.174517,-0.14335,-0.246113,-0.69856,-1.42747,-3.1582,-0.176189
932,24,Female,Christian,Single,No,Had COVID,3,NA,,20260909002,-10.1581,-0.895538,-9.71455,-1.97263,-10.9773,-0.22441,-0.0600688,0.0677307,0.00581008,-0.0861814,1.03005,0.527446,0.67403,0.773619,1.88501,1.9576,0.666821,1.46266,1.52979,2.21762,8.3272,-0.177188,-0.130322,-0.249807,-0.642,-1.37205,-3.15468,-0.212076
933,29,Female,Christian,Single,No,Had COVID,4,3,Communitarianism,20260909002,-8.84636,-0.866387,-8.30318,-1.99198,-9.46965,-0.333792,-0.162552,0.0670159,0.141017,-0.294268,1.06482,0.601212,0.654526,0.869034,1.89726,1.97417,0.586293,1.37387,1.58898,2.03786,6.99547,-0.217391,-0.170379,-0.272322,-0.725253,-1.40201,-3.16096,-0.223254
934,23,Female,No religion,Single,No,Bereaved,3,NA,,20260909002,-10.3591,-0.946516,-9.68302,-1.95801,-10.9849,-0.362564,-0.163442,-0.0152839,-0.0223356,-0.168271,1.44321,0.638666,0.597757,0.942324,1.73263,1.9955,0.799154,1.3107,1.496,2.16448,8.43291,-0.176648,-0.132416,-0.206564,-0.638827,-1.35396,-3.09319,-0.191898
935,38,Female,No religion,Married,Yes,Had COVID,1,NA,,20260909002,-9.20357,-1.08335,-8.44534,-1.92436,-9.81326,0.0538451,0.24124,0.324222,0.213523,0.174712,1.13835,0.505471,0.525231,0.653575,1.70383,1.91857,0.567727,1.19357,1.09764,2.09272,7.05295,-0.217672,-0.146414,-0.248064,-0.682764,-1.39857,-3.1533,-0.162454
936,56,Female,No religion,Married,No,Had COVID,4,NA,,20260909002,-7.70137,-0.92216,-7.17046,-1.89725,-8.49175,-0.320642,-0.116821,0.0500283,0.0257437,-0.274569,1.25487,0.75302500000000006,0.476003,0.820414,2.01565,1.58802,0.456346,1.12657,1.23147,1.94458,5.91758,-0.162535,-0.164004,-0.234272,-0.680224,-1.45971,-3.18981,-0.209152
937,22,Female,Christian,Single,No,Bereaved,2,NA,,20260909002,-9.94891,-0.823345,-9.3565,-1.97593,-10.6436,-0.442171,-0.30004,-0.0302347,-0.0717946,-0.360745,1.09107,0.585347,0.624637,0.973088,1.92693,1.76017,0.527986,1.20701,1.42507,2.09632,8.16321,-0.181429,-0.16489,-0.259286,-0.731625,-1.40506,-3.11781,-0.220446
938,37,Female,No religion,Married,Yes,None,4,NA,,20260909002,-11.0042,-0.789338,-10.3385,-1.92967,-11.5733,-0.0368815,-0.0853242,0.0271744,0.0364087,-0.196468,1.10979,0.366687,0.560309,0.855492,1.81475,1.78486,0.421845,1.25024,1.36394,1.97985,9.06504,-0.201831,-0.172786,-0.262889,-0.672825,-1.41854,-3.13039,-0.167181
939,24,Male,No religion,Single,No,Bereaved,3,NA,,20260909002,-10.6633,-0.603594,-10.1712,-1.6922,-11.2836,-0.256145,-0.225992,-0.0822181,-0.0445614,-0.25460700000000003,0.856252,0.369064,0.521909,0.657128,1.59663,1.55756,0.273322,1.18387,1.10118,1.70662,9.09784,-0.215779,-0.120357,-0.254835,-0.624309,-1.36704,-3.07929,-0.198229
940,62,Female,Muslim,Widowed,No,Had COVID,3,NA,,20260909002,-9.90993,-0.915451,-9.26381,-2.07444,-10.4989,-0.115626,0.039529,0.123515,0.191753,-0.0972922,1.16327,0.589081,0.596366,1.043,1.80924,1.85152,0.571731,1.19511,1.40348,2.02935,8.01737,-0.199537,-0.137397,-0.278002,-0.663266,-1.39531,-3.10054,-0.203952
941,47,Female,No religion,Married,No,None,3,4,Conspiracy Ideation,20260909002,-9.83839,-0.834936,-9.13524,-1.81285,-10.4145,-0.201925,-0.0884475,0.11683,0.0178932,-0.169705,1.05854,0.55237,0.436038,0.786837,1.73212,1.84274,0.582459,1.18491,1.15405,1.95377,7.97994,-0.130232,-0.0497307,-0.251523,-0.672599,-1.4011,-3.15107,-0.190635
942,58,Female,No religion,Married,No,Had COVID,4,NA,,20260909002,-10.0642,-0.896073,-9.4057,-1.99373,-10.7783,-0.158168,0.0332329,0.111759,0.180171,0.0590413,0.999629,0.430618,0.419568,0.67936,1.88011,1.78652,0.416114,1.26756,1.32972,2.02473,8.14399,-0.230647,-0.142662,-0.307441,-0.720037,-1.39283,-3.11364,-0.196496
943,46,Male,Christian,Married,No,Bereaved,2,NA,,20260909002,-9.85961,-0.770028,-9.33492,-1.88864,-10.4918,-0.19464,-0.134609,-0.00930991,0.0442421,-0.234738,1.03213,0.47264,0.503744,0.833069,1.71898,1.77946,0.469404,1.24572,1.10947,1.92842,8.06854,-0.120481,-0.0838749,-0.282518,-0.686644,-1.4373,-3.20738,-0.169389
944,41,Male,Christian,Married,No,None,3,NA,,20260909002,-10.7124,-0.793405,-9.96598,-1.79333,-11.2317,-0.237763,-0.191548,0.0344585,-0.0833741,-0.230581,1.00169,0.41325,0.413664,0.607295,1.74517,1.86745,0.553855,1.1817,1.4105,2.08503,8.84029,-0.210564,-0.141272,-0.215235,-0.624546,-1.41089,-3.13609,-0.189292
945,57,Male,Not answered,Married,No,None,4,3,Communitarianism,20260909002,-9.77731,-0.738455,-9.24563,-1.77422,-10.4544,-0.181356,-0.0308616,0.0737665,0.036176,0.0240897,0.996782,0.439247,0.571006,0.787512,1.60328,1.5924,0.235559,1.30214,1.25669,1.69196,7.98595,-0.193399,-0.13822,-0.253163,-0.65815,-1.41043,-3.14791,-0.180913
946,83,Male,Christian,Married,No,Bereaved,4,NA,,20260909002,-10.8845,-0.997105,-10.2616,-1.93736,-11.533,-0.0857629,0.0231558,0.122359,0.15868,-0.159777,1.01961,0.594685,0.571016,0.73499,1.98155,1.77245,0.565085,1.23753,1.24068,2.08887,8.95447,-0.179948,-0.168357,-0.253521,-0.679483,-1.41596,-3.1551,-0.191771
947,57,Male,Christian,Separated,No,None,1,NA,,20260909002,-11.3645,-0.776688,-10.7101,-1.77721,-11.9573,-0.278082,-0.191099,0.00890221,-0.0596095,-0.28238,1.0339,0.43586,0.449461,0.642879,1.68955,1.85098,0.412388,1.22527,1.32835,1.76903,9.53912,-0.183652,-0.155045,-0.287656,-0.720051,-1.43332,-3.21471,-0.173901
948,73,Female,Christian,Married,No,Bereaved,3,NA,,20260909002,-9.2179,-0.746003,-8.80125,-1.85227,-10.0548,-0.217281,-0.11475,0.0684617,-0.0797789,-0.179875,0.83102,0.41553,0.584902,0.805326,1.81984,1.42727,0.314118,1.10303,1.11778,1.85054,7.55637,-0.197828,-0.11828,-0.28666,-0.619164,-1.38727,-3.07657,-0.188455
949,69,Male,No religion,Married,No,Bereaved,1,1,Scientific Rationalism,20260909002,-10.6653,-0.836411,-10.1882,-1.873,-11.3434,-0.178364,-0.0386034,0.0533076,0.0700569,-0.0879064,1.04385,0.595429,0.551382,0.772861,1.73803,1.77661,0.490331,1.31102,1.41973,1.82549,8.91308,-0.153198,-0.1262,-0.206481,-0.670048,-1.40752,-3.17838,-0.228952
950,36,Male,Not answered,Divorced,Yes,Bereaved,1,NA,,20260909002,-9.72278,-0.695072,-9.17955,-1.8131,-10.1912,-0.0838854,-0.012977,0.120395,-0.0782314,-0.313509,0.82189,0.300379,0.456074,0.633762,1.5667,1.60395,0.29812,1.09288,1.17031,1.90843,7.96136,-0.15156,-0.10159,-0.256389,-0.667667,-1.38854,-3.16395,-0.192581
951,79,Female,Christian,Widowed,No,None,3,5,Institutional Trust and Technocratic Governance,20260909002,-9.78815,-0.625137,-9.24337,-1.63751,-10.4037,-0.269333,-0.143182,0.0241637,-0.0514128,-0.208039,0.511493,0.00632481,0.261448,0.283535,1.33015,1.54166,0.178041,0.947832,0.654369,1.68875,8.13116,-0.1588,-0.146371,-0.240633,-0.629333,-1.37353,-3.09419,-0.180125
952,36,Female,No religion,Married,No,Long COVID,4,NA,,20260909002,-8.12353,-1.12274,-7.51608,-2.07228,-8.91656,-0.137188,-0.018162,0.160534,0.234913,-0.119785,1.15105,0.717679,0.492572,0.739241,2.08907,1.78471,0.704407,1.23965,1.24011,2.21903,6.07129,-0.185173,-0.116032,-0.236451,-0.657928,-1.33772,-3.08737,-0.185342
953,42,Male,Christian,Married,No,Had COVID,2,NA,,20260909002,-12.8126,-0.866878,-12.3724,-1.8615,-13.8447,-0.274176,-0.0623152,-0.0431803,-0.06991,-0.0970787,0.945465,0.603039,0.61417,0.846375,2.15483,1.68285,0.513505,1.21373,1.22832,2.08626,11.1857,-0.155271,-0.0863684,-0.211415,-0.667215,-1.42535,-3.12387,-0.228283
954,28,Female,Hindu,Married,Yes,None,4,4,Conspiracy Ideation,20260909002,-9.40579,-0.808425,-8.92386,-1.84882,-10.1964,-0.452701,-0.388444,-0.076259,-0.138328,-0.55748,1.04972,0.568254,0.591108,0.776718,1.86647,1.83739,0.630711,1.2546,1.3037,2.23791,7.70279,-0.154379,-0.106323,-0.305793,-0.687228,-1.41944,-3.18004,-0.174629
955,57,Male,Christian,Married,No,Had COVID,3,NA,,20260909002,-9.92393,-0.913234,-9.39855,-2.0517,-10.6582,-0.184907,-0.138028,0.071518,-0.00752089,-0.0954674,1.10813,0.553327,0.613601,0.915269,1.98153,1.89741,0.552562,1.3459,1.42507,2.10578,8.01456,-0.181624,-0.0692928,-0.295523,-0.659798,-1.3866,-3.10024,-0.156346
956,42,Male,Christian,Married,No,Had COVID,2,NA,,20260909002,-9.75716,-0.910655,-8.92776,-1.78856,-10.4916,-0.163619,-0.0486882,-0.0163655,-0.0690704,-0.0666335,1.34076,0.604,0.447529,0.799529,2.03945,1.93492,0.486129,1.09478,1.20765,2.12024,7.7912,-0.209784,-0.132608,-0.220205,-0.633021,-1.37547,-3.09571,-0.196097
957,33,Male,Christian,Single,Yes,None,1,NA,,20260909002,-10.1563,-0.711533,-9.69132,-1.73274,-10.9075,-0.505675,-0.278681,-0.0468909,-0.202684,-0.343031,1.00853,0.409391,0.491172,0.681539,1.67958,1.85512,0.519052,1.25849,1.21112,1.96628,8.49401,-0.172587,-0.142785,-0.216669,-0.609186,-1.41137,-3.17899,-0.201637
958,39,Female,No religion,Married,Yes,Bereaved,2,NA,,20260909002,-10.486,-0.776733,-9.94526,-1.54811,-11.1814,-0.227811,-0.102506,0.0139249,-0.102154,-0.202475,1.04756,0.550214,0.519012,0.502842,1.72185,1.60534,0.394113,1.07768,1.00428,1.7785,8.81897,-0.156267,-0.151322,-0.280061,-0.661524,-1.4102,-3.12879,-0.215994
959,63,Female,Christian,Married,No,None,1,NA,,20260909002,-10.1743,-0.615036,-9.75786,-1.44358,-10.9562,-0.198035,-0.0990153,0.0286819,-0.0935428,-0.184189,0.5675,0.186278,0.362396,0.208693,1.34428,1.36691,0.216425,1.05284,0.854132,1.73215,8.71323,-0.18199,-0.11643,-0.208585,-0.638232,-1.33401,-3.06274,-0.150372
960,82,Female,No religion,Divorced,No,Bereaved,4,NA,,20260909002,-8.42498,-0.72494,-7.89624,-1.72323,-8.97735,-0.154401,-0.116496,0.079317,-0.0579263,-0.115544,1.03408,0.4218,0.520538,0.571293,1.63994,1.70192,0.370152,1.21535,1.21075,1.70104,6.61846,-0.135457,-0.0853301,-0.238968,-0.604767,-1.40194,-3.10036,-0.183016
961,56,Male,Muslim,Single,No,Had COVID,3,3,Communitarianism,20260909002,-10.6653,-0.836411,-10.1882,-1.873,-11.3434,-0.178364,-0.0386034,0.0533076,0.0700569,-0.0879064,1.04385,0.595429,0.551382,0.772861,1.73803,1.77661,0.490331,1.31102,1.41973,1.82549,8.91308,-0.153198,-0.1262,-0.206481,-0.670048,-1.40752,-3.17838,-0.228952
962,55,Male,No religion,Separated,Yes,Bereaved,3,NA,,20260909002,-11.4246,-0.868642,-10.7462,-2.20035,-11.7903,-0.144121,-0.0995777,0.090509,0.191326,-0.32405,1.14115,0.384431,0.500581,0.805355,1.66533,2.13123,0.563134,1.35515,1.51232,2.04162,9.42491,-0.17138,-0.0669383,-0.269316,-0.654443,-1.40528,-3.13406,-0.191199
963,48,Male,Christian,Married,Yes,Had COVID,1,NA,,20260909002,-10.1194,-1.04558,-9.31662,-1.99146,-10.8549,-0.124788,0.00879742,0.0876335,0.179248,0.0291101,1.11871,0.462487,0.471436,0.788704,1.80009,2.13567,0.765235,1.34839,1.46837,2.30175,8.04813,-0.232165,-0.152147,-0.213126,-0.675573,-1.35155,-3.10503,-0.20785
964,43,Female,Not answered,Married,Yes,Long COVID,3,NA,,20260909002,-9.52943,-0.854036,-8.92083,-1.71719,-10.131,-0.322889,-0.0998833,0.0309256,-0.186811,-0.234005,0.841704,0.319685,0.383419,0.56196,1.61797,1.93823,0.460881,1.29638,1.35198,1.9974,7.64785,-0.186951,-0.169748,-0.285654,-0.682772,-1.4701,-3.19834,-0.209453
965,33,Male,Muslim,Single,No,Had COVID,2,NA,,20260909002,-9.995,-0.832509,-9.44349,-1.90952,-10.7621,-0.297046,-0.1902,0.0656801,-0.0423777,-0.324848,0.897503,0.368161,0.492061,0.656206,1.78511,1.68024,0.410086,1.21982,1.27028,2.01478,8.19937,-0.152093,-0.0832615,-0.216702,-0.708705,-1.39551,-3.14046,-0.170368
966,68,Male,Christian,Married,No,Had COVID,1,NA,,20260909002,-10.507,-0.993633,-9.74591,-2.0172,-10.9923,-0.0828776,0.051974,0.0833414,0.226072,0.05479,1.35332,0.663159,0.539452,0.938434,1.71665,1.80467,0.477495,1.17143,1.12561,1.72593,8.47668,-0.186506,-0.152782,-0.238052,-0.641821,-1.41045,-3.16327,-0.183409
967,23,Female,Christian,Single,No,Had COVID,4,NA,,20260909002,-10.5522,-0.869229,-10.0164,-1.77944,-11.283,-0.350191,-0.211756,-0.0152278,-0.107859,-0.392237,1.09908,0.504792,0.556156,0.718712,1.89823,1.89869,0.645993,1.33507,1.3769,2.13986,8.77155,-0.17892,-0.108606,-0.228305,-0.639295,-1.36139,-3.06433,-0.228749
968,58,Male,Christian,Single,No,Had COVID,1,NA,,20260909002,-9.01513,-0.934975,-8.25645,-1.94699,-9.76829,-0.154064,-0.108462,0.0501065,-0.0263496,-0.0885958,1.21169,0.672762,0.535412,0.859485,1.99211,1.96005,0.694133,1.28582,1.43874,2.29285,7.02971,-0.161255,-0.102292,-0.236853,-0.657216,-1.3703,-3.09009,-0.176928
969,26,Female,Christian,Married,No,None,1,NA,,20260909002,-10.7899,-0.881058,-10.1365,-1.83085,-11.4968,-0.282468,-0.160181,0.0206645,-0.0236422,-0.350927,1.211,0.681019,0.543485,0.816156,2.11075,1.81323,0.514827,1.15518,1.18992,2.18568,8.93135,-0.162243,-0.117259,-0.204073,-0.639916,-1.43132,-3.14083,-0.21193
970,39,Female,No religion,Married,No,Had COVID,4,NA,,20260909002,-9.35731,-1.12114,-8.63591,-1.86,-10.0293,-0.161387,7.78114e-4,0.0921147,0.131101,-0.138184,1.25523,0.62675,0.611292,0.715448,1.86394,2.04182,0.76768,1.3473,1.23752,2.21252,7.29599,-0.151929,-0.127154,-0.282087,-0.768574,-1.39124,-3.07082,-0.210134
971,21,Male,Christian,Married,No,None,3,NA,,20260909002,-8.96694,-0.895693,-8.52503,-1.95216,-9.76013,-0.335503,-0.0560787,0.0917368,-0.0799402,-0.172371,0.880895,0.391853,0.565925,0.961894,1.63026,1.75632,0.526608,1.27019,1.30836,1.97722,7.20815,-0.188997,-0.111893,-0.252339,-0.661735,-1.33389,-3.06913,-0.18412800000000001
972,43,Female,No religion,Single,Yes,Bereaved,1,NA,,20260909002,-9.38272,-0.831497,-8.80067,-1.86875,-10.1344,-0.113432,-0.0463535,0.0474933,0.0191235,-0.361662,1.10383,0.593696,0.562976,0.841528,1.94485,1.5825,0.373872,1.13747,1.26964,1.94433,7.57385,-0.182331,-0.125215,-0.242642,-0.67429,-1.44441,-3.15468,-0.167404
973,81,Male,No religion,Married,No,Bereaved,2,NA,,20260909002,-9.88031,-0.796492,-9.2421,-2.02845,-10.7284,-0.218632,-0.0779516,0.088904,0.229239,-0.187402,1.20847,0.60961,0.450092,0.827165,1.97193,1.68219,0.413829,1.11903,1.34717,2.08412,8.08052,-0.173165,-0.105883,-0.235817,-0.633532,-1.39454,-3.1723,-0.20068
974,50,Male,Christian,Married,No,None,2,NA,,20260909002,-9.43822,-0.760853,-8.98567,-1.87191,-10.2777,-0.509766,-0.299296,0.0225283,-0.301976,-0.441623,0.92414,0.199058,0.351643,0.732366,1.69452,1.77879,0.478983,1.22378,1.43605,2.01912,7.73293,-0.132716,-0.0181244,-0.322444,-0.687758,-1.42439,-3.19527,-0.158412
975,74,Male,Muslim,Married,No,Had COVID,4,NA,,20260909002,-10.5941,-0.582802,-10.1816,-1.74619,-11.4637,-0.315863,-0.242839,-0.0163488,-0.151177,-0.279086,0.604932,0.117638,0.372033,0.431731,1.58363,1.62678,0.326536,1.23454,1.3468,1.96601,9.02356,-0.223063,-0.142005,-0.26221,-0.678215,-1.36572,-3.13994,-0.21837
976,75,Male,Christian,Married,No,None,3,NA,,20260909002,-10.1977,-0.861795,-9.70852,-1.9049,-11.048,-0.2737,-0.180548,-0.0548873,-0.0660909,-0.0940962,1.10574,0.538654,0.612816,0.988501,1.79674,1.53454,0.333098,1.12507,1.04896,1.87531,8.46,-0.179467,-0.084443,-0.250631,-0.65462,-1.34072,-3.03469,-0.171784
977,85,Female,No religion,Married,No,Had COVID,2,NA,,20260909002,-9.74349,-0.921237,-8.95746,-1.96168,-10.3106,-0.217256,-0.0614954,0.0680091,0.149427,-0.202739,1.11954,0.482264,0.414576,0.651128,1.68398,1.76555,0.421007,1.08658,1.16982,1.79838,7.7792,-0.185765,-0.0883404,-0.260007,-0.639828,-1.36801,-3.10229,-0.136011
978,25,Male,No religion,Single,No,None,2,NA,,20260909002,-8.06645,-0.976346,-7.34477,-1.93799,-8.76081,-0.354109,-0.240324,0.0696493,-0.0477888,-0.20931,1.47004,0.858291,0.637959,0.94046,2.09185,2.02296,0.787408,1.30824,1.2987,2.26813,6.01779,-0.189295,-0.176508,-0.27828,-0.739154,-1.37699,-3.08242,-0.194421
979,47,Male,No religion,Married,Yes,Had COVID,4,NA,,20260909002,-10.499,-0.656543,-9.96569,-1.79603,-11.0717,-0.394591,-0.340872,0.0140447,-0.0638227,-0.416357,0.967065,0.312738,0.433818,0.703013,1.36687,1.63549,0.35968,1.11657,1.11868,1.80371,8.83131,-0.185155,-0.138875,-0.229047,-0.634962,-1.34819,-3.12979,-0.194202
980,73,Male,Christian,Married,No,Had COVID,2,NA,,20260909002,-10.6825,-0.861504,-10.2461,-1.89891,-11.2754,-0.258087,-0.10014,0.105289,0.0960907,-0.214643,0.790118,0.36278,0.420175,0.626393,1.55679,1.75083,0.495979,1.25794,1.33434,1.92837,8.93569,-0.190545,-0.136333,-0.238115,-0.630999,-1.43477,-3.12357,-0.206399
981,50,Female,No religion,Married,No,Had COVID,3,NA,,20260909002,-9.81416,-0.942962,-9.25159,-1.90307,-10.5542,-0.262029,-0.129679,-0.0767643,-0.0782592,-0.191086,0.997788,0.554915,0.544191,0.681039,1.87319,1.78889,0.548919,1.35825,1.14815,2.02509,7.98409,-0.172351,-0.0797923,-0.265849,-0.631367,-1.35769,-3.1195,-0.162216
982,46,Female,Christian,Divorced,No,Had COVID,4,NA,,20260909002,-10.4405,-1.04365,-9.8953,-1.82859,-11.3077,-0.208025,-0.108001,0.0554508,0.0136844,-0.241247,1.19547,0.718425,0.647523,0.788125,2.04857,1.83314,0.711142,1.43002,1.16779,2.23531,8.52968,-0.162567,-0.15949,-0.249143,-0.696028,-1.39116,-3.15876,-0.174399
983,70,Female,Christian,Widowed,No,None,2,NA,,20260909002,-9.92256,-0.825042,-9.31588,-1.82216,-10.5277,-0.181981,-0.100363,0.0481519,-0.123917,-0.209248,1.07623,0.552219,0.475966,0.784413,1.85706,1.68231,0.353754,1.07168,1.2242,1.82646,8.11362,-0.152625,-0.0917406,-0.228785,-0.631622,-1.41912,-3.12071,-0.192622
984,36,Female,No religion,Married,Yes,None,2,1,Scientific Rationalism,20260909002,-10.5702,-0.791189,-9.84148,-1.75514,-11.0803,0.0136685,0.0719762,0.15316,0.0910964,-0.133692,0.957998,0.353646,0.288296,0.583603,1.60493,1.53035,0.199974,0.902318,0.968025,1.65441,8.70855,-0.137789,-0.14359,-0.262588,-0.638626,-1.46361,-3.19701,-0.199325
985,38,Female,No religion,Married,No,None,4,NA,,20260909002,-9.69112,-0.90137,-8.93672,-1.94104,-10.5095,0.0233605,0.101147,0.0367092,0.172664,0.141396,1.13382,0.515702,0.510887,0.728054,1.89564,1.79119,0.44912,1.21859,1.21607,2.09374,7.7491,-0.193695,-0.118313,-0.30343,-0.734524,-1.37334,-3.10889,-0.18312
986,42,Male,Christian,Married,Yes,Bereaved,3,NA,,20260909002,-10.9562,-0.980885,-10.3269,-1.88705,-11.5929,-0.246954,-0.0515903,0.0423901,0.0633987,-0.296949,1.23295,0.618809,0.654461,0.842715,1.86583,1.96188,0.674957,1.28257,1.24538,2.14949,9.03397,-0.135824,-0.115527,-0.264207,-0.691089,-1.43201,-3.1878,-0.199027
987,79,Female,No religion,Married,No,None,4,NA,,20260909002,-11.2447,-0.977771,-10.6437,-1.84677,-12.0022,-0.152439,0.0459697,0.0900272,-0.116332,-0.155054,1.01821,0.528501,0.469653,0.603846,1.82498,1.7560500000000001,0.476536,1.19769,1.2789,2.25048,9.35835,-0.126771,-0.124654,-0.221115,-0.647764,-1.3839,-3.14893,-0.198997
988,60,Male,Christian,Married,No,Bereaved,1,NA,,20260909002,-11.3001,-0.837761,-10.8518,-1.88605,-11.9574,-0.236894,-0.209484,0.161394,-0.0437453,-0.316888,1.12517,0.608,0.567772,0.79679,1.64509,1.80217,0.614691,1.27645,1.32127,2.04081,9.5489,-0.183724,-0.0696959,-0.213325,-0.653919,-1.3664,-3.13225,-0.208013
989,63,Male,Sikh,Married,No,Long COVID,1,NA,,20260909002,-9.74123,-0.801132,-9.18086,-1.89805,-10.4491,-0.361181,-0.230213,-0.0386815,0.107979,-0.331886,1.04381,0.479421,0.634023,0.529347,1.67005,1.77231,0.417056,1.17091,1.06784,2.08851,7.93631,-0.159493,-0.0910871,-0.26263,-0.681646,-1.3926,-3.11936,-0.182121
990,19,Male,No religion,Single,No,None,3,NA,,20260909002,-8.72431,-0.729423,-8.21114,-1.85667,-9.43858,-0.42113,-0.219926,-0.055732,-0.131858,-0.266391,1.13629,0.500165,0.581798,0.774762,1.76166,1.76004,0.393734,1.23458,1.24345,2.05806,6.97356,-0.246002,-0.167467,-0.240383,-0.643438,-1.39122,-3.14189,-0.213939
991,63,Male,Christian,Married,No,Long COVID,3,NA,,20260909002,-9.96156,-0.964119,-9.38197,-2.08581,-10.8058,-0.140841,0.0742085,0.181338,0.145118,0.014525,1.16141,0.542656,0.51759,0.960807,1.94503,1.85296,0.517153,1.2135,1.39021,2.04998,8.06007,-0.163429,-0.0987318,-0.281679,-0.668476,-1.38468,-3.10122,-0.190118
992,77,Female,Christian,Widowed,No,Had COVID,4,NA,,20260909002,-9.11684,-0.765374,-8.61209,-1.90999,-9.92467,-0.320574,-0.124942,0.0765578,-2.65082e-4,-0.114756,0.834432,0.323132,0.515626,0.820902,1.59138,1.47534,0.145801,1.03034,0.929307,1.72509,7.39054,-0.182789,-0.171205,-0.25248,-0.638069,-1.33212,-3.08528,-0.185289
993,47,Female,Christian,Married,No,None,4,4,Conspiracy Ideation,20260909002,-9.8444,-0.780929,-9.21492,-1.88429,-10.3981,-0.316929,-0.141048,-0.111504,-0.125275,-0.244201,1.00116,0.405295,0.521084,0.735566,1.67764,1.72973,0.452151,1.1975,1.12447,1.87699,8.0336,-0.197835,-0.0941714,-0.276674,-0.643871,-1.39522,-3.17862,-0.216697
994,25,Female,Christian,Married,No,None,2,NA,,20260909002,-9.71691,-0.882266,-8.95311,-1.9093,-10.3276,-0.353121,-0.142821,-0.0529052,0.0226249,-0.212578,1.15319,0.508577,0.393122,0.815626,1.77421,1.88374,0.53045,1.0922,1.32764,1.98697,7.87539,-0.166385,-0.0911373,-0.251559,-0.669291,-1.37162,-3.09436,-0.151738
995,75,Female,Christian,Widowed,No,Had COVID,1,NA,,20260909002,-8.97743,-0.690236,-8.49172,-1.6605,-9.79744,-0.440051,-0.288562,-0.0609276,-0.181205,-0.211362,1.06623,0.545107,0.640533,0.696744,2.01016,1.69765,0.399928,1.21272,1.15542,1.90317,7.30951,-0.151876,-0.104148,-0.260168,-0.711832,-1.39286,-3.15336,-0.16665
996,42,Male,No religion,Single,No,Had COVID,3,NA,,20260909002,-7.58525,-0.902399,-7.17356,-2.00756,-8.41774,-0.233749,0.0574299,0.0773361,0.00156904,-0.0396009,0.967226,0.476359,0.541902,0.900686,1.64368,1.77597,0.59143,1.27246,1.45695,2.0884,5.85823,-0.182474,-0.114001,-0.203392,-0.638505,-1.35024,-3.08295,-0.19376
997,62,Female,Other religion,Married,No,Had COVID,4,NA,,20260909002,-9.50956,-1.00465,-8.9116,-2.10941,-10.1832,-0.246823,0.0162607,0.139809,0.129903,-0.0879064,1.14174,0.590589,0.505493,0.907166,1.82394,1.99991,0.649791,1.25376,1.41929,2.21658,7.60273,-0.208309,-0.0778369,-0.278307,-0.694531,-1.43759,-3.13081,-0.142912
998,19,Male,Christian,Single,No,Had COVID,1,NA,,20260909002,-10.1584,-0.986986,-9.69016,-2.06935,-11.0058,-0.0719575,0.111289,0.173115,0.238688,0.0822242,0.907041,0.54046400000000006,0.589017,0.812957,1.86855,1.68735,0.551544,1.27605,1.29409,1.96558,8.35109,-0.149451,-0.125352,-0.268274,-0.697274,-1.3833,-3.12306,-0.149582
999,71,Male,Hindu,Single,No,Bereaved,4,NA,,20260909002,-10.8914,-0.938501,-10.1076,-1.90721,-11.3647,-0.196607,-0.109741,0.0334772,0.0385104,-0.327119,1.249,0.59636,0.464941,0.760487,1.83081,1.89851,0.622334,1.1557,1.29149,2.04917,8.91372,-0.159205,-0.11896,-0.326411,-0.749356,-1.42772,-3.21867,-0.216434
1000,43,Male,No religion,Married,Yes,None,3,NA,,20260909002,-10.8164,-0.784099,-10.1155,-1.78796,-11.3926,-0.344054,-0.303463,-0.215158,-0.123005,-0.346528,1.19288,0.532591,0.56492,0.849739,1.80842,1.985,0.560217,1.21481,1.23427,1.96748,8.97159,-0.169062,-0.157912,-0.24999,-0.63756,-1.38271,-3.13792,-0.203255
1001,54,Male,Muslim,Married,No,Had COVID,1,NA,,20260909002,-9.7273,-0.834072,-9.06362,-1.77367,-10.434,-0.0978563,-0.0574878,0.111833,0.0746399,-0.179774,1.04442,0.563702,0.397613,0.776755,2.09852,1.72802,0.424727,1.15891,1.06565,1.93241,7.84765,-0.20233,-0.152055,-0.255351,-0.674185,-1.41921,-3.18671,-0.192823
1002,40,Female,No religion,Single,Yes,Had COVID,3,3,Communitarianism,20260909002,-9.99663,-1.03035,-9.3633400000000009,-1.91544,-10.7121,-0.104516,0.130231,0.140942,-0.0475301,-0.0129231,1.16005,0.575162,0.591134,0.861928,1.91308,1.76616,0.413037,1.25129,1.16147,1.96854,8.00123,-0.201388,-0.14667,-0.229241,-0.650711,-1.359,-3.06552,-0.224613
1003,21,Male,Christian,Single,No,None,2,NA,,20260909002,-9.30422,-0.728412,-8.67557,-1.65598,-9.97428,-0.220911,-0.0554051,-0.057451,-0.126639,-0.149211,0.762831,0.279096,0.312261,0.52738,1.38851,1.67098,0.423423,1.1387,1.20564,1.90825,7.63345,-0.195343,-0.135255,-0.225223,-0.646173,-1.37382,-3.08387,-0.175531
1004,62,Female,No religion,Divorced,No,None,3,NA,,20260909002,-10.4018,-0.719417,-9.77541,-1.73484,-11.1646,-0.318938,-0.208726,0.00994959,-0.0774082,-0.236778,0.992838,0.415513,0.432856,0.610094,1.58068,1.82044,0.456363,1.10672,1.16974,2.05995,8.67298,-0.158556,-0.137401,-0.291943,-0.753333,-1.38762,-3.18843,-0.211511
1005,90,Female,Christian,Widowed,No,Bereaved,2,NA,,20260909002,-8.32383,-0.874977,-7.69076,-1.7846,-8.82238,-0.234416,-0.0531433,0.0205731,-0.14079,-0.186829,0.988931,0.478201,0.40281,0.811979,1.49239,1.75956,0.469597,1.21193,1.28816,1.71044,6.46531,-0.135184,-0.0997261,-0.252067,-0.66193,-1.43268,-3.15337,-0.176664
1006,34,Female,Muslim,Single,Yes,Bereaved,1,NA,,20260909002,-9.47451,-0.916826,-8.95905,-1.96983,-10.2815,-0.131886,0.00398834,0.100394,0.0165132,-0.0823908,0.932658,0.573825,0.571861,1.05536,1.7256,1.61288,0.496967,1.1544,1.35372,1.95109,7.75559,-0.129849,-0.111869,-0.251651,-0.684576,-1.35021,-3.0444,-0.186147
1007,45,Male,Christian,Married,No,None,1,NA,,20260909002,-9.71467,-0.715627,-9.02063,-1.67067,-10.39,-0.240864,-0.141728,0.0222773,-0.0613624,-0.103527,0.781276,0.197849,0.290948,0.56913,1.55586,1.71715,0.312631,1.1141,1.08992,1.8048,7.93416,-0.219138,-0.170331,-0.295813,-0.720825,-1.37139,-3.13692,-0.171583
1008,53,Female,Christian,Divorced,No,None,3,3,Communitarianism,20260909002,-9.41481,-0.725274,-8.88228,-1.75496,-10.1296,-0.377299,-0.17793,-0.0219575,0.0012506,-0.257509,0.950672,0.401172,0.523104,0.62591,1.69617,1.75514,0.403006,1.1993,1.16501,1.91829,7.72486,-0.180353,-0.14264,-0.259953,-0.666304,-1.37087,-3.07956,-0.2006
1009,34,Male,No religion,Single,Yes,Had COVID,2,NA,,20260909002,-10.1398,-0.779752,-9.72565,-1.98457,-10.8004,-0.340994,-0.295944,0.0259149,-0.0727061,-0.321003,0.92021,0.4233,0.630889,0.744552,1.62115,1.65443,0.456557,1.223,1.17015,1.94636,8.37383,-0.144521,-0.0666376,-0.283253,-0.628078,-1.42463,-3.18131,-0.168727
1010,31,Female,Buddhist,Single,Yes,Had COVID,2,NA,,20260909002,-10.1398,-0.779752,-9.72565,-1.98457,-10.8004,-0.340994,-0.295944,0.0259149,-0.0727061,-0.321003,0.92021,0.4233,0.630889,0.744552,1.62115,1.65443,0.456557,1.223,1.17015,1.94636,8.37383,-0.144521,-0.0666376,-0.283253,-0.628078,-1.42463,-3.18131,-0.168727
1011,54,Female,No religion,Widowed,No,None,2,NA,,20260909002,-8.72758,-0.896936,-8.08388,-1.70569,-9.45249,-0.280908,-0.157674,0.00938707,-0.118874,-0.269292,1.14101,0.541112,0.532117,0.649153,1.98072,1.88316,0.631508,1.3399,1.28788,2.09595,6.82442,-0.175925,-0.119736,-0.290697,-0.70684,-1.4043,-3.1437,-0.205204
1012,57,Male,Christian,Single,No,None,2,NA,,20260909002,-8.8319,-0.795227,-8.31882,-1.63572,-9.4508,-0.229287,-0.191023,-0.0553639,-0.129194,-0.183211,1.03551,0.555298,0.571576,0.678466,1.82189,1.71354,0.504283,1.35769,1.12181,1.80269,7.08819,-0.20225,-0.119279,-0.210265,-0.659686,-1.35581,-3.10923,-0.223368
1013,32,Male,Christian,Single,No,None,2,NA,,20260909002,-9.96442,-0.822058,-9.46891,-1.78362,-10.7232,-0.335237,-0.0973593,0.00804795,-0.0703427,-0.017864,0.930229,0.375192,0.496559,0.731803,1.65755,1.56433,0.383517,1.19219,1.08614,1.87768,8.23286,-0.184503,-0.0879506,-0.262565,-0.641922,-1.37013,-3.13205,-0.196579
1014,62,Male,No religion,Married,No,None,2,NA,,20260909002,-8.38699,-0.792352,-7.81663,-1.78836,-9.11407,-0.342595,-0.258469,0.031355,-0.0268984,-0.348873,1.02938,0.579987,0.520622,0.762467,1.81137,1.85686,0.586528,1.30823,1.27022,2.18468,6.57337,-0.199277,-0.0738863,-0.210203,-0.640459,-1.40313,-3.10835,-0.205112
1015,55,Female,Not answered,Divorced,No,None,1,NA,,20260909002,-10.1319,-1.04985,-9.31409,-1.79689,-10.6422,-0.115545,-0.0649899,-0.0572322,-0.0916759,-0.256176,1.13159,0.725757,0.542172,0.782305,1.98154,1.75232,0.474923,1.20761,1.28565,1.88504,8.07275,-0.21184,-0.182875,-0.304176,-0.674725,-1.39805,-3.1081,-0.187987
1016,61,Male,Muslim,Divorced,No,Had COVID,2,NA,,20260909002,-8.56806,-0.720727,-7.95842,-1.74194,-9.19993,-0.372708,-0.149506,-0.0141992,-0.0513249,-0.295232,1.05674,0.347471,0.445569,0.615717,1.56882,1.9052,0.445325,1.12317,1.23671,1.95537,6.81777,-0.186343,-0.170864,-0.235023,-0.647657,-1.38901,-3.10747,-0.245183
1017,82,Male,Not answered,Married,No,None,1,NA,,20260909002,-7.55055,-0.775883,-6.79542,-1.87254,-7.99071,-0.0235656,-0.0260424,0.0691407,0.0479466,-0.190169,1.08376,0.394563,0.379539,0.727364,1.60419,1.80837,0.387611,1.08441,1.23484,1.82876,5.59856,-0.137277,-0.123984,-0.24058,-0.62046,-1.38556,-3.05366,-0.174807
1018,58,Female,Not answered,Married,No,None,4,NA,,20260909002,-8.69378,-0.704648,-8.07184,-1.75164,-9.28745,-0.377231,-0.155601,-0.00799525,-0.0847763,-0.33922,1.07159,0.371347,0.467104,0.67499,1.5301,1.94507,0.491101,1.1077,1.18472,1.99869,6.92685,-0.186075,-0.17197,-0.244125,-0.647092,-1.37929,-3.11312,-0.249623
1019,44,Female,No religion,Single,Yes,Bereaved,1,NA,,20260909002,-9.6851,-1.02189,-9.0195,-2.0668,-10.2427,-0.264617,0.0254224,0.0891709,0.0226744,0.0732207,1.09045,0.477175,0.57938,0.814641,1.72401,2.0236,0.589106,1.30206,1.43725,1.977,7.65479,-0.245939,-0.0929372,-0.277817,-0.647398,-1.40809,-3.10836,-0.18572
1020,71,Female,Christian,Married,No,Bereaved,3,NA,,20260909002,-9.57985,-0.965594,-9.08149,-2.03796,-10.3933,-0.26763,-0.155975,0.0608975,0.118279,-0.248245,1.22343,0.65814,0.758359,0.983927,2.16646,1.89045,0.63528,1.32029,1.25624,2.15115,7.68271,-0.156406,-0.109314,-0.269322,-0.677132,-1.44044,-3.16405,-0.209377
1021,39,Female,No religion,Single,No,Had COVID,2,NA,,20260909002,-9.81706,-0.821779,-9.25579,-2.20703,-10.4052,-0.0462872,-0.0502402,0.086898,0.0942902,-0.135073,1.0417,0.432984,0.612192,0.889589,1.59034,1.75846,0.512526,1.27187,1.65917,2.04461,7.91413,-0.173469,-0.0767701,-0.254191,-0.63265,-1.42058,-3.14674,-0.221437
1022,60,Male,Christian,Divorced,No,None,2,NA,,20260909002,-9.8029,-0.855592,-9.36759,-1.90034,-10.5642,-0.275061,-0.0754142,0.0156515,-0.00114798,-0.10624,0.865658,0.436501,0.481485,0.722509,1.71735,1.81652,0.554211,1.32362,1.36088,1.96611,8.07163,-0.167496,-0.101388,-0.231139,-0.611805,-1.43744,-3.17975,-0.228463
1023,31,Male,Muslim,Single,No,None,4,NA,,20260909002,-9.35952,-0.821159,-8.83035,-1.85998,-10.0238,-0.40613900000000003,-0.231696,0.027153,-0.0767811,-0.38869,1.14529,0.566601,0.47872,0.698241,1.99215,1.83788,0.542172,1.17704,1.26167,2.03422,7.55775,-0.148427,-0.107582,-0.239347,-0.682687,-1.44807,-3.19864,-0.219615
1024,70,Male,Christian,Married,No,Had COVID,1,NA,,20260909002,-9.88048,-0.77777,-9.40355,-1.85146,-10.5966,-0.286853,-0.109639,0.0601116,-0.0465405,-0.239134,0.839547,0.38466,0.340755,0.639991,1.5876,1.7336,0.562685,1.26187,1.20043,1.97036,8.22291,-0.216032,-0.112505,-0.247142,-0.670236,-1.36092,-3.08699,-0.190507
1025,78,Male,Christian,Widowed,No,None,4,NA,,20260909002,-10.307,-1.08911,-9.72816,-2.16718,-10.7513,-0.156472,-0.16601,0.0562778,-0.103644,-0.27242,1.25331,0.762209,0.725626,1.016,1.80767,1.88004,0.622308,1.3702,1.4089,1.9143,8.21701,-0.166766,-0.062282,-0.241707,-0.63675,-1.3985,-3.10987,-0.169175
1026,28,Male,No religion,Single,No,None,4,NA,,20260909002,-10.5553,-0.968018,-10.0103,-1.99361,-11.1665,-0.514065,-0.198537,-0.0869909,-0.0651954,-0.330044,1.08463,0.495133,0.599368,0.638527,1.83597,2.064,0.581945,1.48887,1.5411300000000001,2.13369,8.58705,-0.175015,-0.117195,-0.29924,-0.706152,-1.47569,-3.24249,-0.20673
1027,35,Male,Christian,Single,Yes,None,3,NA,,20260909002,-10.1907,-0.84249,-9.7996,-1.81252,-11.0033,-0.650987,-0.364034,-0.140051,-0.270866,-0.491887,0.865357,0.553359,0.519018,0.802876,1.84386,1.69316,0.604386,1.30328,1.18274,2.14797,8.5798,-0.147522,-0.0765988,-0.276786,-0.676743,-1.45727,-3.18688,-0.193065
1028,40,Female,No religion,Married,Yes,None,4,NA,,20260909002,-9.15674,-0.710911,-8.61453,-1.88331,-9.94836,-0.219654,-0.149322,-0.0576973,0.0221313,-0.2752,0.896036,0.327392,0.510687,0.826825,1.68002,1.57241,0.264334,1.05218,1.07478,1.80344,7.45331,-0.152799,-0.150867,-0.250134,-0.624695,-1.36501,-3.10002,-0.186393
1029,19,Male,Christian,Single,No,None,1,NA,,20260909002,-9.42897,-0.893798,-8.74129,-1.86868,-10.0514,-0.15466,-0.0171353,0.0945623,0.148483,-0.113368,1.04728,0.615143,0.406965,0.648409,1.77128,1.88079,0.501483,1.23271,1.23239,1.9238,7.55001,-0.232017,-0.17749,-0.252618,-0.713079,-1.39074,-3.13254,-0.192326
1030,64,Male,Christian,Married,No,Long COVID,1,NA,,20260909002,-9.38194,-0.97972,-8.88114,-1.93623,-10.5132,-0.320261,-0.186379,-0.00725947,-0.113671,-0.145084,1.28874,0.853269,0.787301,1.03261,2.33547,1.73811,0.611187,1.27655,1.28976,2.42677,7.5684,-0.129948,-0.0842925,-0.263999,-0.702473,-1.38427,-3.09649,-0.170708
1031,31,Female,Christian,Married,No,Had COVID,4,NA,,20260909002,-9.38933,-0.853797,-8.64355,-1.88681,-9.95734,-0.239066,-0.149456,-0.0860036,-0.0764684,-0.181692,1.03596,0.504414,0.444537,0.927861,1.8323,1.82253,0.526738,1.05113,1.18322,2.00909,7.47888,-0.19006,-0.0873634,-0.260801,-0.651463,-1.45741,-3.13972,-0.19809
1032,22,Male,No religion,Single,No,None,1,NA,,20260909002,-9.52346,-1.03144,-8.83093,-1.89163,-10.1975,-0.0675881,0.0136646,0.0957046,-0.00238685,-0.059644,1.23641,0.663771,0.609563,0.884028,1.75626,1.91259,0.624487,1.19617,1.31525,2.09158,7.535,-0.167169,-0.136726,-0.230399,-0.662334,-1.39064,-3.12378,-0.215349
1033,44,Male,No religion,Divorced,Yes,Had COVID,3,NA,,20260909002,-11.4507,-0.76425,-10.6897,-1.85788,-11.862,-0.226215,-0.157908,0.0496182,0.0373709,-0.247375,1.08875,0.380731,0.37831,0.810218,1.62418,1.84976,0.360864,1.14942,1.21545,1.85173,9.55161,-0.200745,-0.163541,-0.291057,-0.704896,-1.41107,-3.11759,-0.232275
1034,70,Female,Christian,Widowed,No,Had COVID,1,2,Libertarianism,20260909002,-12.3425,-0.913878,-11.8235,-2.13054,-13.0536,-0.259393,-0.14635600000000001,0.0159179,0.0663293,-0.343815,1.13592,0.481078,0.718213,0.753465,1.84063,1.80449,0.437098,1.27187,1.23923,1.99351,10.4364,-0.114979,-0.0889536,-0.216883,-0.585164,-1.41628,-3.17572,-0.173524
1035,90,Male,Christian,Separated,No,None,1,5,Institutional Trust and Technocratic Governance,20260909002,-11.335,-0.776173,-10.7671,-2.0099,-12.1016,-0.114461,-0.157622,-5.98577e-4,-0.0424037,-0.169364,0.832501,0.282115,0.459418,0.696555,1.70943,1.62128,0.326274,1.111,1.23413,1.89557,9.5476,-0.16507,-0.0493788,-0.259366,-0.686928,-1.3596,-3.08595,-0.182191
1036,64,Male,No religion,Single,No,Had COVID,4,NA,,20260909002,-10.507,-0.993633,-9.74591,-2.0172,-10.9923,-0.0828776,0.051974,0.0833414,0.226072,0.05479,1.35332,0.663159,0.539452,0.938434,1.71665,1.80467,0.477495,1.17143,1.12561,1.72593,8.47668,-0.186506,-0.152782,-0.238052,-0.641821,-1.41045,-3.16327,-0.183409
1037,70,Female,Christian,Married,No,None,3,2,Libertarianism,20260909002,-9.81676,-0.989979,-9.13866,-2.03656,-10.3867,-0.329222,-0.15334,0.0161378,-0.0708651,-0.333596,1.295,0.780366,0.645021,0.979728,2.08272,1.85529,0.539834,1.24622,1.21764,2.09529,7.80989,-0.172755,-0.0670075,-0.295537,-0.696947,-1.39065,-3.16684,-0.165334
1038,68,Male,Christian,Married,No,Had COVID,3,NA,,20260909002,-10.4948,-0.942001,-9.88774,-1.85711,-11.4553,-0.448322,-0.190671,-0.0683451,-0.199579,-0.193602,1.06252,0.711964,0.602227,0.895488,2.09789,2.04115,0.66375,1.3377,1.35876,2.2967,8.67152,-0.161467,-0.132156,-0.212277,-0.677346,-1.4002,-3.13412,-0.167141
1039,49,Female,Christian,Single,No,Had COVID,4,NA,,20260909002,-7.73397,-0.859155,-7.255,-1.84418,-8.55649,-0.313863,0.0128677,0.130005,-0.0375979,-0.0287268,0.975558,0.468968,0.497423,0.684485,1.66644,1.69855,0.356524,1.04316,1.25972,1.80081,5.98523,-0.186903,-0.14982,-0.2538,-0.710608,-1.37604,-3.14414,-0.237122
1040,50,Female,Christian,Married,Yes,None,4,NA,,20260909002,-10.2397,-0.927304,-9.63359,-1.99056,-10.9559,0.0214944,0.155551,0.192035,0.111434,0.127333,1.01032,0.482552,0.477352,0.832414,1.6894,1.67478,0.404028,1.17197,1.22127,1.93296,8.37228,-0.205835,-0.168642,-0.202164,-0.653843,-1.37741,-3.11398,-0.206534
1041,67,Male,Christian,Married,No,Had COVID,4,1,Scientific Rationalism,20260909002,-11.3696,-0.818256,-10.811,-1.92799,-11.8629,-0.178887,-0.160511,0.0621436,-0.00704129,-0.28042,1.0955,0.537032,0.579715,0.785663,1.7012,1.84384,0.514868,1.27928,1.24443,1.95215,9.47895,-0.182731,-0.0629296,-0.231735,-0.619857,-1.4550399999999999,-3.14335,-0.215916
1042,56,Male,Not answered,Married,No,Bereaved,2,NA,,20260909002,-9.77731,-0.738455,-9.24563,-1.77422,-10.4544,-0.181356,-0.0308616,0.0737665,0.036176,0.0240897,0.996782,0.439247,0.571006,0.787512,1.60328,1.5924,0.235559,1.30214,1.25669,1.69196,7.98595,-0.193399,-0.13822,-0.253163,-0.65815,-1.41043,-3.14791,-0.180913
1043,78,Female,Not answered,Divorced,No,None,4,NA,,20260909002,-10.8421,-0.787541,-10.1382,-1.79737,-11.5238,-0.272541,-0.176701,-0.0332098,-0.209634,-0.150604,0.988625,0.410391,0.45581700000000003,0.609943,1.5542,1.86014,0.542209,1.25195,1.50868,2.22866,9.0495,-0.217475,-0.154726,-0.279174,-0.738443,-1.3884,-3.14973,-0.197654
1044,39,Female,Not answered,Married,Yes,Had COVID,3,NA,,20260909002,-9.65018,-0.862047,-8.96858,-1.87948,-10.3322,-0.351709,-0.200904,-0.127457,-0.250263,-0.3759,1.25963,0.668159,0.595345,0.937598,2.11727,1.94861,0.546827,1.27583,1.38139,2.18074,7.74661,-0.211125,-0.140793,-0.215666,-0.617673,-1.3787,-3.15377,-0.227208
1045,34,Female,Christian,Single,No,None,2,NA,,20260909002,-10.1018,-0.608331,-9.64827,-1.72344,-10.8172,-0.403706,-0.218233,-0.0733362,-0.161731,-0.252339,0.846846,0.316968,0.481147,0.667993,1.72683,1.60465,0.301235,1.14424,1.13768,1.7528,8.54503,-0.160165,-0.0648515,-0.267675,-0.695735,-1.41506,-3.14916,-0.206886
1046,61,Female,Muslim,Married,No,Had COVID,4,NA,,20260909002,-9.50063,-1.085,-8.82142,-1.9841,-10.1423,-0.253946,-0.062251,0.0443228,0.0592918,-0.175245,1.24458,0.770965,0.682937,0.956947,2.09095,2.01725,0.648524,1.31839,1.23815,2.20314,7.42535,-0.188766,-0.146796,-0.265965,-0.681035,-1.40513,-3.16003,-0.191758
1047,55,Male,No religion,Divorced,No,Had COVID,2,4,Conspiracy Ideation,20260909002,-11.0925,-1.04368,-10.5038,-2.08054,-11.9932,-0.294378,-0.176518,0.0295499,-0.0361921,-0.169374,1.16809,0.633369,0.699036,0.967035,2.19955,1.94319,0.741824,1.4043,1.57509,2.31188,9.11049,-0.205921,-0.0965199,-0.253502,-0.640524,-1.38261,-3.10656,-0.177163
1048,45,Male,Christian,Married,Yes,None,1,NA,,20260909002,-8.96348,-1.04558,-8.29966,-1.89175,-9.56055,-0.077293,-0.0635141,0.196998,-0.00651457,-0.192627,1.36535,0.769064,0.623564,0.8076,2.01503,2.00012,0.694926,1.31831,1.46682,2.27357,6.90426,-0.160907,-0.180708,-0.264939,-0.713008,-1.36584,-3.10449,-0.143473
1049,88,Female,Christian,Widowed,No,Had COVID,3,NA,,20260909002,-9.42797,-0.972266,-8.9214,-1.80713,-10.1616,-0.271297,-0.129351,0.0335304,-0.0874763,-0.177713,0.967731,0.623536,0.524512,0.548453,1.76751,1.71533,0.576998,1.31015,1.14944,2.16057,7.56513,-0.184669,-0.106563,-0.302996,-0.667899,-1.41813,-3.13108,-0.185971
1050,77,Male,No religion,Married,No,Bereaved,2,NA,,20260909002,-10.7819,-0.890652,-10.153,-1.88538,-11.3895,-0.00914316,0.163625,0.140522,0.145917,0.00212597,0.776035,0.308837,0.577884,0.701778,1.62484,1.68319,0.318859,1.20223,1.14694,1.79665,8.87386,-0.21288,-0.148,-0.305892,-0.708471,-1.36293,-3.09787,-0.204417
1051,47,Female,Christian,Married,Yes,None,1,NA,,20260909002,-9.63228,-0.999519,-9.03368,-2.02664,-10.307,-0.0146496,0.0494508,0.0755931,0.0357464,-0.0586918,0.948104,0.53789,0.466697,0.722513,1.81147,1.78975,0.662728,1.3864,1.6073,2.19728,7.68246,-0.161548,-0.074333,-0.304751,-0.683479,-1.44452,-3.13276,-0.176557
1052,45,Female,Hindu,Married,No,None,2,NA,,20260909002,-11.3185,-0.823941,-10.6858,-2.0276,-11.6451,-0.0756623,-0.0763164,0.141962,0.0380767,-0.276248,1.07402,0.391451,0.548279,0.728648,1.61747,1.8236,0.373153,1.17632,1.28168,1.81292,9.3767,-0.142802,-0.077314,-0.256677,-0.589869,-1.39321,-3.08041,-0.175529
1053,78,Female,Christian,Single,No,None,4,NA,,20260909002,-10.4121,-0.65293,-9.99314,-1.66899,-11.1842,-0.344481,-0.212899,-0.092549,-0.247341,-0.314277,0.885076,0.486222,0.400087,0.728799,1.78395,1.54236,0.381803,1.13309,1.28634,1.86208,8.93856,-0.197257,-0.132931,-0.212063,-0.609241,-1.38519,-3.09969,-0.177353
1054,73,Male,No religion,Divorced,No,Had COVID,4,NA,,20260909002,-8.49116,-0.680462,-7.98936,-1.6098,-9.27072,-0.219523,-0.136156,0.0220861,-0.0411266,-0.1513,0.993726,0.526593,0.480018,0.718337,1.71535,1.58024,0.356113,1.09381,1.08046,1.9392,6.87515,-0.184631,-0.15204,-0.238388,-0.699566,-1.38258,-3.17075,-0.204052
1055,41,Male,Christian,Single,Yes,Had COVID,3,2,Libertarianism,20260909002,-9.42996,-1.06683,-8.65028,-2.10384,-9.92932,0.0203316,0.0894672,0.125665,0.113448,-0.00589285,1.2387,0.542646,0.63959,1.00048,1.66766,2.00791,0.708035,1.41645,1.54174,2.1251,7.27592,-0.156973,-0.117978,-0.261476,-0.654031,-1.42746,-3.17102,-0.175566
1056,50,Female,Christian,Divorced,No,Had COVID,2,NA,,20260909002,-8.12353,-1.12274,-7.51608,-2.07228,-8.91656,-0.137188,-0.018162,0.160534,0.234913,-0.119785,1.15105,0.717679,0.492572,0.739241,2.08907,1.78471,0.704407,1.23965,1.24011,2.21903,6.07129,-0.185173,-0.116032,-0.236451,-0.657928,-1.33772,-3.08737,-0.185342
1057,54,Female,Christian,Separated,No,Had COVID,2,NA,,20260909002,-8.8904,-0.97997,-8.20888,-1.92062,-9.40969,-0.186928,-0.131265,0.00167578,-0.158097,-0.205621,1.2144,0.548652,0.565706,0.796451,1.76563,1.92332,0.580642,1.29311,1.26143,2.09897,6.79034,-0.193448,-0.0892063,-0.283227,-0.665649,-1.47594,-3.19852,-0.185625
1058,23,Female,Christian,Single,No,None,4,NA,,20260909002,-9.05543,-0.832678,-8.46263,-2.06147,-9.68088,-0.197272,-0.158713,0.079065,0.06636,-0.220593,0.98447,0.389722,0.502438,0.856746,1.64152,1.65759,0.469594,1.1921,1.33577,1.99075,7.20347,-0.17798,-0.131088,-0.23353,-0.655045,-1.38916,-3.12888,-0.151493
1059,65,Male,No religion,Divorced,No,Had COVID,1,NA,,20260909002,-10.3962,-0.906392,-9.75632,-2.01763,-10.9602,-0.0613555,0.057036,0.132019,0.21802,-0.0818523,1.25208,0.695802,0.634686,0.834745,1.85115,1.77358,0.406722,1.18131,1.31882,1.91596,8.44925,-0.197678,-0.168569,-0.265133,-0.616832,-1.38607,-3.17323,-0.197751
1060,73,Female,No religion,Married,No,Had COVID,4,NA,,20260909002,-10.4769,-0.939203,-9.96509,-2.02542,-11.1496,-0.162921,-0.0615526,0.0568902,0.110006,-0.112257,1.13666,0.669126,0.715614,0.954125,1.9224,1.84418,0.589134,1.42547,1.54118,2.0573,8.54937,-0.173464,-0.103061,-0.28211,-0.727863,-1.38472,-3.13533,-0.203973
1061,55,Male,No religion,Widowed,No,Had COVID,1,NA,,20260909002,-12.2029,-1.05506,-11.3442,-1.91723,-12.902,-0.109984,-0.0369041,0.0934494,0.027526,-0.248403,0.950298,0.471692,0.404576,0.666436,2.01515,1.90239,0.629199,1.25885,1.332,2.31011,10.1354,-0.202482,-0.158368,-0.24739,-0.722915,-1.38842,-3.16413,-0.193945
1062,60,Male,Christian,Married,No,None,2,NA,,20260909002,-10.1743,-0.615036,-9.75786,-1.44358,-10.9562,-0.198035,-0.0990153,0.0286819,-0.0935428,-0.184189,0.5675,0.186278,0.362396,0.208693,1.34428,1.36691,0.216425,1.05284,0.854132,1.73215,8.71323,-0.18199,-0.11643,-0.208585,-0.638232,-1.33401,-3.06274,-0.150372
1063,42,Female,No religion,Widowed,Yes,None,2,NA,,20260909002,-8.95183,-0.971063,-8.36426,-2.03815,-9.55982,-0.0191919,0.0478759,0.215451,0.308906,-0.156561,1.17878,0.632082,0.546849,0.794728,1.92534,1.61562,0.425163,1.13958,1.08127,1.81338,7.03367,-0.227368,-0.175102,-0.266038,-0.674967,-1.40516,-3.13129,-0.224496
1064,39,Female,No religion,Married,No,Had COVID,2,NA,,20260909002,-9.78479,-0.835931,-9.31194,-1.92728,-10.4313,-0.164975,-0.0185064,0.0998018,0.179917,-0.151792,0.937372,0.516229,0.557262,0.694719,1.75048,1.7555,0.445079,1.16918,1.29599,1.91992,8.03862,-0.175647,-0.132369,-0.252735,-0.658145,-1.3739,-3.0986,-0.21058
1065,61,Female,Sikh,Widowed,No,Bereaved,2,NA,,20260909002,-9.83423,-0.919536,-9.19368,-1.83438,-10.5826,-0.269544,-0.170901,0.0273722,-0.11447,-0.331471,0.915997,0.438197,0.41565,0.580188,1.86616,1.66424,0.531166,1.17356,1.26983,2.05099,7.95919,-0.180038,-0.112811,-0.289204,-0.710204,-1.44118,-3.19197,-0.173995
1066,63,Male,Christian,Divorced,Yes,Had COVID,4,NA,,20260909002,-10.48,-0.887846,-10.0378,-1.71344,-11.3449,-0.27479,-0.00874293,0.0567217,-0.100442,0.0176138,1.08567,0.602569,0.652741,0.705801,1.97235,2.00749,0.636485,1.38106,1.27324,2.14886,8.68969,-0.168598,-0.120669,-0.278211,-0.643168,-1.40649,-3.15567,-0.234584
1067,56,Male,No religion,Divorced,No,None,1,NA,,20260909002,-10.1092,-0.860922,-9.53338,-1.86748,-10.663,-0.40699,-0.187548,0.00724987,-0.0616422,-0.309297,1.05671,0.5672,0.581876,0.841268,1.56369,1.62114,0.489912,1.15338,1.27096,1.86663,8.3433,-0.249654,-0.171587,-0.251037,-0.693373,-1.37892,-3.07924,-0.194959
1068,39,Male,No religion,Single,Yes,None,3,NA,,20260909002,-10.1743,-0.615036,-9.75786,-1.44358,-10.9562,-0.198035,-0.0990153,0.0286819,-0.0935428,-0.184189,0.5675,0.186278,0.362396,0.208693,1.34428,1.36691,0.216425,1.05284,0.854132,1.73215,8.71323,-0.18199,-0.11643,-0.208585,-0.638232,-1.33401,-3.06274,-0.150372
1069,24,Female,Christian,Single,No,Bereaved,2,1,Scientific Rationalism,20260909002,-10.0508,-0.647951,-9.56791,-1.76687,-10.5344,-0.371562,-0.295542,0.0467205,-0.160372,-0.359053,1.00527,0.283176,0.579573,0.632764,1.53972,1.75924,0.349218,1.20692,1.12812,1.83453,8.27899,-0.177456,-0.0844306,-0.30391,-0.701217,-1.42904,-3.14602,-0.17374
1070,25,Male,No religion,Single,Yes,Bereaved,2,NA,,20260909002,-9.53984,-0.93887,-9.01705,-1.99374,-10.2034,-0.25552,-0.14129,0.0330319,-0.0435784,-0.335003,0.913152,0.521892,0.536821,0.754143,1.8605,1.83277,0.519265,1.29016,1.39138,1.95655,7.68451,-0.220992,-0.17757,-0.24468,-0.656172,-1.37377,-3.12192,-0.183824
1071,67,Female,Christian,Married,No,None,1,NA,,20260909002,-9.74987,-0.921924,-9.15751,-1.70056,-10.4104,-0.335582,-0.227753,-0.0475675,-0.311982,-0.209737,1.02698,0.630187,0.507509,0.650489,1.75379,1.70778,0.536999,1.24099,1.15739,2.00124,7.88552,-0.173198,-0.124913,-0.238748,-0.637539,-1.44274,-3.09676,-0.178331
1072,65,Female,No religion,Divorced,No,Had COVID,1,NA,,20260909002,-9.99474,-0.920687,-9.43573,-1.95274,-10.6101,-0.399226,-0.293187,-0.0214269,-0.139269,-0.4077,1.15366,0.678129,0.603359,0.820026,1.96192,1.94908,0.678297,1.35495,1.3197,2.06939,8.08605,-0.172155,-0.0990056,-0.302285,-0.654361,-1.41762,-3.11242,-0.172487
1073,48,Female,Christian,Single,Yes,None,1,NA,,20260909002,-8.8319,-0.795227,-8.31882,-1.63572,-9.4508,-0.229287,-0.191023,-0.0553639,-0.129194,-0.183211,1.03551,0.555298,0.571576,0.678466,1.82189,1.71354,0.504283,1.35769,1.12181,1.80269,7.08819,-0.20225,-0.119279,-0.210265,-0.659686,-1.35581,-3.10923,-0.223368
1074,61,Female,Muslim,Married,No,Bereaved,3,NA,,20260909002,-8.08802,-0.79828,-7.39026,-1.93889,-8.71733,-0.331358,-0.162121,-0.0246701,0.072729,-0.409621,0.985639,0.493817,0.444028,0.847668,1.78741,1.60823,0.299187,1.03307,1.22002,1.68331,6.30527,-0.209983,-0.149229,-0.222832,-0.679811,-1.36242,-3.10507,-0.154339
1075,71,Male,No religion,Married,No,None,1,NA,,20260909002,-9.73555,-1.01135,-9.23123,-2.11889,-10.3699,-0.161665,-0.0981158,0.0246104,0.120818,-0.13272,1.16412,0.629536,0.745756,0.814238,1.85226,1.92445,0.612432,1.37162,1.28962,1.90919,7.78543,-0.142722,-0.0747473,-0.258823,-0.678985,-1.39567,-3.12865,-0.174352
1076,37,Male,No religion,Single,No,Bereaved,2,NA,,20260909002,-10.6774,-0.875827,-10.1682,-2.12665,-11.3702,-0.302663,-0.0992696,-0.0217315,-0.0870942,-0.0741068,0.941604,0.414549,0.539169,0.892311,1.62973,1.74983,0.489706,1.2643,1.54026,1.85217,8.86696,-0.121617,-0.0336544,-0.277835,-0.657515,-1.36514,-3.05912,-0.144887
1077,57,Female,Muslim,Married,No,Bereaved,4,1,Scientific Rationalism,20260909002,-9.50084,-1.02798,-8.83388,-1.886,-10.253,-0.0216355,0.0249177,0.177617,0.171442,-0.00564188,0.883494,0.469755,0.497146,0.728644,1.69368,1.75489,0.610341,1.16202,1.30054,2.0817,7.59006,-0.17015,-0.176363,-0.312937,-0.702444,-1.32989,-3.07554,-0.173206
1078,75,Male,Not answered,Married,No,Bereaved,3,NA,,20260909002,-11.5218,-0.929468,-10.8873,-2.07964,-12.3724,-0.209318,-0.0989839,0.063402,0.108622,-0.0638786,0.960644,0.433543,0.410587,0.724469,1.83516,1.98966,0.610108,1.236,1.44843,2.15154,9.62807,-0.140238,-0.0574802,-0.21881,-0.614942,-1.3595,-3.08839,-0.192744
1079,45,Female,Christian,Married,Yes,None,1,NA,,20260909002,-11.3185,-0.823941,-10.6858,-2.0276,-11.6451,-0.0756623,-0.0763164,0.141962,0.0380767,-0.276248,1.07402,0.391451,0.548279,0.728648,1.61747,1.8236,0.373153,1.17632,1.28168,1.81292,9.3767,-0.142802,-0.077314,-0.256677,-0.589869,-1.39321,-3.08041,-0.175529
1080,42,Male,No religion,Divorced,No,Long COVID,4,NA,,20260909002,-10.5554,-0.968495,-10.0786,-1.96892,-11.3333,-0.214909,-0.0116083,0.131177,0.0672705,-0.133415,0.993624,0.616424,0.555178,0.708099,1.85761,1.72404,0.573281,1.36912,1.32208,2.0128,8.76509,-0.156648,-0.101382,-0.241213,-0.688361,-1.35451,-3.12308,-0.182332
1081,72,Male,Hindu,Single,No,Had COVID,1,NA,,20260909002,-10.3519,-0.980498,-9.57427,-1.92511,-10.874,-0.240067,-0.186482,-0.0110111,0.0197293,-0.300271,1.12681,0.668323,0.532357,0.789206,1.8706,1.93058,0.589215,1.26928,1.39112,2.03302,8.3327,-0.231309,-0.170348,-0.261046,-0.69479900000000006,-1.40175,-3.10504,-0.148454
1082,58,Male,Christian,Married,No,None,4,NA,,20260909002,-11.0251,-0.766858,-10.5599,-1.95148,-11.7146,-0.372183,-0.16916,0.0164903,0.152165,-0.313531,0.897024,0.380778,0.521304,0.799318,1.72318,1.82626,0.590674,1.3147200000000001,1.21814,2.15311,9.29341,-0.187627,-0.14705,-0.282334,-0.692895,-1.43096,-3.18643,-0.209668
1083,55,Male,Christian,Married,Yes,Long COVID,3,NA,,20260909002,-8.78464,-1.09601,-7.99941,-1.91027,-9.38504,0.0269347,0.110428,0.190856,0.14852,0.0891938,1.25732,0.700347,0.671955,0.90122,1.9262,1.89967,0.624697,1.27353,1.29062,2.06168,6.57825,-0.185851,-0.238953,-0.291326,-0.748315,-1.39989,-3.15286,-0.19619
1084,21,Female,Christian,Single,No,Had COVID,3,NA,,20260909002,-10.6828,-0.702108,-10.0094,-1.81786,-11.3009,-0.353573,-0.218086,-0.131557,-0.128374,-0.349564,1.07657,0.52487,0.461085,0.972015,1.83072,1.75854,0.370971,1.05279,1.18857,1.73676,8.96068,-0.18448,-0.128959,-0.268654,-0.661978,-1.43272,-3.14862,-0.212231
1085,53,Male,Christian,Married,No,None,2,NA,,20260909002,-9.75895,-0.758339,-9.08763,-1.60705,-10.2461,-0.186776,-0.151544,-0.0135548,-0.0251582,-0.343824,1.03326,0.458819,0.490008,0.639833,1.80892,1.7564,0.496091,1.20293,1.08045,1.88342,7.9574,-0.146787,-0.128755,-0.256501,-0.673345,-1.34651,-3.11718,-0.169124
1086,44,Male,Christian,Single,Yes,None,4,4,Conspiracy Ideation,20260909002,-10.6373,-0.877824,-10.1305,-1.89981,-11.4116,-0.475042,-0.308356,-0.0307406,-0.199053,-0.466042,1.07666,0.645467,0.657912,0.761683,2.09111,1.74883,0.51812,1.27111,1.18073,2.23612,8.79799,-0.16873,-0.0577748,-0.246673,-0.640947,-1.40663,-3.12476,-0.174403
1087,59,Male,Christian,Divorced,No,Bereaved,3,NA,,20260909002,-8.14795,-0.957413,-7.48955,-2.07497,-8.94256,-0.159574,0.0928713,0.137801,0.229007,0.092523,1.15572,0.623347,0.567878,0.976248,2.05055,1.89369,0.576375,1.24965,1.28337,2.20438,6.18469,-0.154137,-0.113611,-0.26934,-0.673298,-1.42116,-3.12539,-0.192064
1088,65,Male,Christian,Married,No,None,4,NA,,20260909002,-9.45846,-1.02226,-8.70403,-1.90825,-10.1604,-0.116511,0.00776683,-0.0881583,-0.0563838,-0.214555,1.17001,0.535552,0.602459,0.812977,1.84217,1.81194,0.508102,1.2532,1.18093,2.05536,7.47128,-0.150135,-0.132442,-0.24239,-0.687534,-1.35507,-3.13417,-0.151584
1089,24,Female,No religion,Single,No,Had COVID,2,NA,,20260909002,-10.2144,-0.926263,-9.71775,-1.94827,-10.9279,-0.247,-0.0165013,0.0112622,0.0777397,-0.0479844,1.16273,0.745483,0.775994,1.02324,1.84077,1.66038,0.479547,1.29351,1.26077,1.99147,8.37893,-0.166593,-0.131288,-0.2459,-0.652714,-1.42468,-3.16906,-0.184415
1090,38,Female,No religion,Single,Yes,None,2,2,Libertarianism,20260909002,-8.75205,-0.894336,-8.38779,-1.9895,-9.59314,-0.473431,-0.22533,-0.0405981,-0.143266,-0.40409,1.12323,0.627588,0.640301,0.984024,2.06396,1.91881,0.622985,1.41194,1.32821,2.13659,7.00618,-0.1348,-0.0294377,-0.211389,-0.600006,-1.34166,-3.06578,-0.150563
1091,53,Female,No religion,Single,No,None,4,NA,,20260909002,-9.84921,-0.778396,-9.38563,-1.91111,-10.3972,-0.0441742,-0.110018,0.155909,0.0117908,-0.243493,0.953324,0.500848,0.588949,0.911364,1.76415,1.67789,0.469136,1.3128,1.33986,1.92031,8.0505,-0.173791,-0.122818,-0.239553,-0.648137,-1.37206,-3.0821,-0.21641
1092,56,Male,Christian,Married,No,Had COVID,4,NA,,20260909002,-10.8005,-0.854071,-10.2156,-1.78435,-11.5812,-0.257158,-0.129408,0.103847,-0.00996124,-0.361883,1.0029,0.54029,0.422341,0.514368,2.06349,1.72809,0.459961,1.2073,1.11291,2.11602,8.98765,-0.183641,-0.157472,-0.265227,-0.68659,-1.407,-3.16366,-0.172222
1093,21,Male,Muslim,Single,No,Had COVID,1,NA,,20260909002,-11,-0.967627,-10.4113,-1.99092,-11.8051,-0.074099,0.13476,0.319205,0.176071,0.148867,1.00046,0.485101,0.556995,0.854648,1.68547,1.8247,0.517558,1.21265,1.28562,1.99464,9.05594,-0.147389,-0.114701,-0.22123,-0.683262,-1.41733,-3.21333,-0.176888
1094,35,Female,No religion,Married,No,Had COVID,1,NA,,20260909002,-9.69978,-0.907988,-9.30599,-2.00941,-10.575,-0.451164,-0.317793,-0.0602456,-0.229123,-0.45437,1.27244,0.842453,0.824482,1.29363,2.14399,1.80532,0.581342,1.3552,1.38676,2.20671,7.91791,-0.137331,-0.106594,-0.259705,-0.69895,-1.41483,-3.12948,-0.151367
1095,64,Male,No religion,Married,No,Had COVID,3,NA,,20260909002,-11.8075,-0.762738,-11.4368,-1.67199,-12.6371,-0.400385,-0.135892,-0.066782,-0.15116,-0.358094,0.894419,0.4981,0.510542,0.62344,1.77072,1.40282,0.293707,1.06531,0.992422,1.81766,10.33,-0.175318,-0.074245,-0.199274,-0.657021,-1.41775,-3.11232,-0.17336
1096,48,Male,Buddhist,Married,Yes,None,1,5,Institutional Trust and Technocratic Governance,20260909002,-8.83766,-0.947932,-8.21133,-1.69831,-9.57646,-0.267204,-0.127874,0.0513872,-0.153301,-0.177184,0.926002,0.494029,0.58968,0.628764,1.79954,1.89874,0.562065,1.2398,1.1437,2.07151,6.94101,-0.189898,-0.144549,-0.266507,-0.690152,-1.37622,-3.08745,-0.165567
1097,57,Male,No religion,Married,Yes,Had COVID,4,NA,,20260909002,-10.7962,-0.978498,-10.1437,-1.9005,-11.6291,-0.108433,-0.00356568,-0.0129184,-0.166791,0.0955098,1.13032,0.595612,0.653556,0.809579,2.01096,1.86157,0.576497,1.33948,1.38045,2.26365,8.8502,-0.153869,-0.109469,-0.244617,-0.633383,-1.36813,-3.10783,-0.197364
1098,81,Male,Christian,Widowed,No,None,1,NA,,20260909002,-11.8408,-0.752733,-11.2294,-1.6729,-12.474,-0.250336,-0.0811691,0.015038,-0.0731863,-0.202636,1.0417,0.436706,0.481136,0.551973,1.85443,1.60196,0.259933,1.10065,0.973767,1.75366,10.0951,-0.202371,-0.173855,-0.269488,-0.61616,-1.42488,-3.15469,-0.168261
1099,60,Female,Christian,Married,No,None,4,NA,,20260909002,-10.9799,-0.955897,-10.3443,-1.94665,-11.6452,-0.29194,-0.159639,0.047576,-0.0058811,-0.288362,1.29461,0.664812,0.621208,0.855294,1.83488,1.90539,0.573013,1.28718,1.30462,2.08448,9.05466,-0.169086,-0.106987,-0.19652,-0.621261,-1.32297,-3.09585,-0.183872
1100,45,Female,Hindu,Married,Yes,Had COVID,1,NA,,20260909002,-10.9589,-0.975312,-10.3642,-2.00537,-11.6321,-0.0364691,0.00300231,0.117657,0.0223781,-0.12239,0.964929,0.498025,0.573211,0.961212,1.64506,1.64851,0.387304,1.29151,1.36099,1.78291,9.03228,-0.160786,-0.166178,-0.240314,-0.69497,-1.3663,-3.17066,-0.19104
1101,43,Male,No religion,Married,Yes,None,3,NA,,20260909002,-9.54689,-0.846392,-9.02879,-1.7762,-10.2302,-0.300441,-0.0420922,0.0767253,-0.0667127,-0.218254,1.05361,0.509845,0.508121,0.728878,1.74016,1.72089,0.395347,1.18157,1.17182,1.91411,7.7958,-0.145581,-0.0865043,-0.234685,-0.690227,-1.42244,-3.12928,-0.186953
1102,47,Female,Hindu,Married,No,None,1,NA,,20260909002,-8.56806,-0.720727,-7.95842,-1.74194,-9.19993,-0.372708,-0.149506,-0.0141992,-0.0513249,-0.295232,1.05674,0.347471,0.445569,0.615717,1.56882,1.9052,0.445325,1.12317,1.23671,1.95537,6.81777,-0.186343,-0.170864,-0.235023,-0.647657,-1.38901,-3.10747,-0.245183
1103,84,Male,No religion,Married,No,Bereaved,1,NA,,20260909002,-10.7877,-0.970282,-10.0731,-1.98095,-11.247,-0.164236,0.0390634,0.100965,0.173123,-0.277031,1.31116,0.663834,0.671643,1.06814,1.9025,1.95387,0.556991,1.33702,1.33351,2.07715,8.74543,-0.171818,-0.146712,-0.283761,-0.709377,-1.42461,-3.19058,-0.217838
1104,83,Male,Christian,Married,No,Had COVID,2,NA,,20260909002,-11.9836,-0.909959,-11.4068,-2.07611,-12.5008,-0.309758,-0.299394,-0.0362567,-0.067627,-0.507044,1.1647,0.60718,0.615051,0.82697,1.94931,2.02383,0.679492,1.50813,1.59827,2.15248,10.0349,-0.176083,-0.0623794,-0.276836,-0.674265,-1.35198,-3.12125,-0.233587
1105,40,Female,Muslim,Divorced,Yes,None,2,NA,,20260909002,-10.0295,-0.889102,-9.51065,-1.96457,-10.894,-0.244114,-0.0873312,0.00134148,-0.0533997,-0.107443,1.11473,0.677421,0.688932,0.910087,1.89317,1.86655,0.556635,1.29616,1.48475,2.0954,8.26685,-0.193185,-0.155895,-0.237627,-0.685465,-1.41138,-3.15575,-0.180979
1106,40,Male,Christian,Single,No,Bereaved,4,NA,,20260909002,-11.3185,-0.823941,-10.6858,-2.0276,-11.6451,-0.0756623,-0.0763164,0.141962,0.0380767,-0.276248,1.07402,0.391451,0.548279,0.728648,1.61747,1.8236,0.373153,1.17632,1.28168,1.81292,9.3767,-0.142802,-0.077314,-0.256677,-0.589869,-1.39321,-3.08041,-0.175529
1107,18,Male,Christian,Single,No,None,4,NA,,20260909002,-9.83756,-0.789608,-9.32809,-1.74424,-10.5617,-0.358109,-0.224118,0.0651051,-0.195522,-0.290831,1.07479,0.588023,0.492216,0.882777,1.95586,1.65073,0.304548,1.25533,1.22592,1.89392,8.05028,-0.194164,-0.15066,-0.254788,-0.663988,-1.42311,-3.18372,-0.211743
1108,57,Male,Christian,Married,No,Had COVID,1,4,Conspiracy Ideation,20260909002,-9.15393,-0.81285,-8.49596,-1.86056,-9.82007,-0.261095,-0.18397,0.0257245,-0.0046285400000000004,-0.198597,1.09626,0.521985,0.521591,0.783767,1.84301,1.77711,0.397019,1.11274,1.25404,1.99401,7.26925,-0.173721,-0.162767,-0.306989,-0.677225,-1.42407,-3.20228,-0.163238
1109,64,Female,Christian,Married,No,Had COVID,2,NA,,20260909002,-9.35952,-0.821159,-8.83035,-1.85998,-10.0238,-0.40613900000000003,-0.231696,0.027153,-0.0767811,-0.38869,1.14529,0.566601,0.47872,0.698241,1.99215,1.83788,0.542172,1.17704,1.26167,2.03422,7.55775,-0.148427,-0.107582,-0.239347,-0.682687,-1.44807,-3.19864,-0.219615
1110,56,Female,No religion,Married,Yes,Had COVID,4,NA,,20260909002,-8.40412,-0.781995,-7.74755,-1.80327,-8.77903,-0.357749,-0.166155,-0.119631,-0.0486832,-0.414504,1.10277,0.46352,0.579807,0.745843,1.65441,1.98422,0.537202,1.28724,1.20937,1.80321,6.53176,-0.187259,-0.0628234,-0.29928,-0.692416,-1.37742,-3.12779,-0.212675
1111,24,Female,No religion,Single,No,Had COVID,3,NA,,20260909002,-9.97086,-0.881277,-9.36193,-1.96966,-10.747,-0.385178,-0.308946,-0.0528167,-0.272334,-0.368283,1.27907,0.604569,0.544257,0.845889,1.90175,1.89282,0.524341,1.31297,1.42614,2.13569,8.09553,-0.185628,-0.107218,-0.259574,-0.644811,-1.33202,-3.09827,-0.157697
1112,73,Female,Muslim,Married,No,None,3,NA,,20260909002,-9.70524,-0.963175,-9.18056,-2.04063,-10.6681,-0.21762599999999999,-0.0921178,0.122663,0.0217228,-0.0121866,1.06817,0.589023,0.58905,0.892691,2.04391,1.79969,0.594807,1.32377,1.43225,2.29367,7.79406,-0.188332,-0.12616,-0.247337,-0.647697,-1.34752,-3.07016,-0.172301
1113,35,Male,Christian,Married,No,Had COVID,4,NA,,20260909002,-10.1679,-0.879653,-9.36587,-1.88192,-10.5254,-0.199885,-0.0724751,0.0955896,0.0451104,-0.178447,1.13456,0.47523,0.348667,0.690879,1.6409,1.95911,0.567868,1.18899,1.27462,1.88293,8.13792,-0.202096,-0.188325,-0.323711,-0.68146,-1.43629,-3.1682,-0.164522
1114,70,Male,No religion,Divorced,No,None,1,NA,,20260909002,-9.94198,-0.845799,-9.27744,-1.72253,-10.6479,-0.162895,-0.0952758,0.0528269,0.0368819,-0.254584,1.11841,0.578753,0.43383,0.63108,2.06612,1.74208,0.459495,1.19349,1.08994,2.15877,8.08352,-0.194335,-0.148478,-0.239809,-0.65927500000000006,-1.3627,-3.07431,-0.212944
1115,66,Female,Christian,Widowed,No,None,1,NA,,20260909002,-7.95652,-1.01375,-7.30266,-2.01059,-8.82372,-0.282316,-0.135861,-0.0088264,0.0291585,-0.142328,1.22996,0.669808,0.595352,0.851172,1.93656,1.99928,0.718902,1.26999,1.43197,2.25723,6.00653,-0.190342,-0.143281,-0.234923,-0.668239,-1.38302,-3.12995,-0.188476
1116,61,Male,Christian,Married,No,Had COVID,3,NA,,20260909002,-8.43989,-0.652738,-7.9683,-1.68532,-9.05682,-0.316142,-0.17392,-0.0662496,-0.150078,-0.469044,0.933274,0.342087,0.584376,0.68384,1.67998,1.52077,0.304033,1.16767,1.14817,1.89551,6.77932,-0.208907,-0.110403,-0.256726,-0.656833,-1.38151,-3.12687,-0.222276
1117,46,Male,Muslim,Married,No,None,2,NA,,20260909002,-9.88731,-0.946955,-9.25473,-2.03328,-10.7025,-0.278671,-0.0803137,0.0370133,0.0655808,-0.13688,1.11029,0.488779,0.508384,0.876744,1.89682,1.78951,0.494896,1.14901,1.24027,2.08478,7.95663,-0.164165,-0.106474,-0.238978,-0.678122,-1.39077,-3.0435,-0.169546
1118,90,Male,No religion,Married,No,None,2,NA,,20260909002,-9.5583,-0.725917,-8.94373,-1.80388,-10.0773,-0.222737,-0.0924381,0.0486884,-0.036976,-0.181152,1.10773,0.509799,0.468787,0.79438,1.74559,1.83347,0.335075,1.30281,1.33729,1.66454,7.72513,-0.145181,-0.190365,-0.239859,-0.675758,-1.41003,-3.11651,-0.191055
1119,63,Male,Christian,Married,No,None,1,NA,,20260909002,-10.7496,-0.941728,-10.1283,-1.91147,-11.391,-0.17612,0.0486272,0.216962,0.214068,-0.115547,1.25452,0.534416,0.512438,0.687316,1.80144,1.88641,0.551852,1.19077,1.20286,2.07447,8.86407,-0.201958,-0.115295,-0.249373,-0.633214,-1.38716,-3.11632,-0.191494
1120,41,Female,No religion,Divorced,No,None,1,NA,,20260909002,-8.15241,-0.79973,-7.69189,-1.84685,-8.76919,-0.0318358,0.0165885,0.0674738,0.081594,-0.0712958,0.753648,0.347144,0.450931,0.56143,1.51013,1.70235,0.501672,1.34619,1.29445,1.92534,6.38403,-0.146417,-0.121709,-0.268402,-0.63094,-1.38502,-3.09709,-0.200449
1121,28,Female,No religion,Divorced,No,Had COVID,4,NA,,20260909002,-10.4706,-0.716745,-10.0706,-1.78729,-11.1277,-0.238564,-0.116591,0.108388,-0.0333024,-0.252421,0.917305,0.416794,0.523892,0.850057,1.66405,1.6584700000000001,0.433444,1.24018,1.25181,1.9306,8.82262,-0.198852,-0.128288,-0.226149,-0.635962,-1.38715,-3.11772,-0.210403
1122,32,Female,Not answered,Married,No,None,3,NA,,20260909002,-10.0273,-0.689301,-9.53097,-1.77431,-10.721,-0.465314,-0.300805,0.0032636,-0.261107,-0.376272,0.988611,0.3242,0.442154,0.781115,1.67567,1.82952,0.419612,1.17209,1.25855,2.01216,8.33801,-0.170801,-0.0873686,-0.268133,-0.626897,-1.39598,-3.09272,-0.154686
1123,38,Male,Christian,Married,Yes,Bereaved,1,NA,,20260909002,-10.5453,-0.908243,-9.76605,-1.98783,-11.0598,-0.317039,-0.174467,-0.00692595,-0.01576,-0.303489,1.09676,0.46776,0.518232,0.826061,1.75483,1.90114,0.490861,1.12409,1.25912,2.01031,8.54675,-0.219124,-0.134109,-0.288592,-0.720553,-1.39036,-3.15448,-0.193083
1124,55,Female,No religion,Married,No,None,3,3,Communitarianism,20260909002,-9.53717,-0.837097,-8.89632,-1.8504,-10.31,-0.260429,-0.169624,0.0157829,-3.5397e-4,-0.405409,1.09904,0.550683,0.526716,0.771903,1.82516,1.65052,0.383987,1.16144,1.04404,1.95164,7.70117,-0.147906,-0.119173,-0.257701,-0.734302,-1.36724,-3.20043,-0.165572
1125,27,Female,No religion,Married,No,None,4,NA,,20260909002,-9.1711,-0.82315,-8.5912,-1.84351,-9.77651,-2.31184e-4,-0.0589698,0.128904,0.168728,-0.145269,0.95817,0.492913,0.588086,0.582673,1.89724,1.70143,0.44239,1.21657,1.02677,1.91871,7.25765,-0.131987,-0.0549583,-0.255812,-0.614875,-1.41263,-3.14928,-0.193677
1126,38,Male,Hindu,Married,Yes,Had COVID,2,NA,,20260909002,-8.56806,-0.720727,-7.95842,-1.74194,-9.19993,-0.372708,-0.149506,-0.0141992,-0.0513249,-0.295232,1.05674,0.347471,0.445569,0.615717,1.56882,1.9052,0.445325,1.12317,1.23671,1.95537,6.81777,-0.186343,-0.170864,-0.235023,-0.647657,-1.38901,-3.10747,-0.245183
1127,78,Female,No religion,Married,No,None,4,NA,,20260909002,-10.9257,-0.934855,-10.1658,-2.07253,-11.4403,-0.0745406,0.0819703,0.00676541,-0.0741791,-0.00939341,0.945486,0.254903,0.38891,0.737166,1.44293,1.80822,0.448363,1.20987,1.43439,1.81794,8.96157,-0.160893,-0.0795996,-0.240228,-0.62706,-1.41997,-3.10101,-0.170231
1128,35,Female,No religion,Married,Yes,Had COVID,3,NA,,20260909002,-11.5602,-0.804083,-11.0171,-1.78508,-12.0199,-0.254068,-0.168345,0.071921,-0.0705649,-0.271673,1.12442,0.42195,0.531544,0.663003,1.59034,1.8353,0.379484,1.29047,1.29157,1.67466,9.71817,-0.170412,-0.145252,-0.274769,-0.646538,-1.43045,-3.16215,-0.181487
1129,58,Male,Jewish,Separated,No,None,2,NA,,20260909002,-8.92467,-0.92692,-8.39056,-1.86348,-9.97954,-0.178912,-0.00853849,0.0783439,0.0926581,0.0566594,0.777743,0.300653,0.456606,0.651478,1.78194,1.68205,0.558155,1.13982,1.35979,2.29792,7.17242,-0.20078,-0.129978,-0.211745,-0.692618,-1.35714,-3.09379,-0.181128
1130,76,Male,Christian,Married,No,None,1,NA,,20260909002,-8.54512,-0.914514,-7.96573,-1.94802,-9.19862,-0.269397,-0.101347,0.10184,-0.0103384,-0.324106,1.17489,0.598694,0.699994,0.940364,2.00434,1.87693,0.592214,1.32048,1.36486,2.12678,6.60326,-0.203932,-0.192681,-0.255271,-0.638841,-1.37672,-3.14685,-0.183384
1131,56,Male,No religion,Divorced,Yes,Had COVID,2,NA,,20260909002,-12.1739,-0.878855,-11.5328,-1.72616,-12.6712,-0.260333,-0.255149,0.0360946,-0.0994166,-0.603001,1.01495,0.585144,0.496931,0.593056,1.93385,1.95479,0.681791,1.25502,1.36569,1.99349,10.3795,-0.177746,-0.192143,-0.220965,-0.650017,-1.4141,-3.121,-0.184578
1132,65,Female,No religion,Divorced,No,Had COVID,1,NA,,20260909002,-11.8408,-0.752733,-11.2294,-1.6729,-12.474,-0.250336,-0.0811691,0.015038,-0.0731863,-0.202636,1.0417,0.436706,0.481136,0.551973,1.85443,1.60196,0.259933,1.10065,0.973767,1.75366,10.0951,-0.202371,-0.173855,-0.269488,-0.61616,-1.42488,-3.15469,-0.168261
1133,21,Male,No religion,Single,No,Had COVID,4,NA,,20260909002,-12.5879,-0.75567,-12.0827,-1.82712,-13.3142,-0.325034,-0.100901,0.170002,-0.0105629,-0.205282,1.14499,0.512441,0.530412,0.754155,1.68279,1.88967,0.530051,1.25366,1.30319,2.04704,10.9252,-0.162016,-0.140894,-0.167476,-0.637798,-1.38598,-3.15243,-0.183245
1134,36,Female,No religion,Married,No,Had COVID,2,2,Libertarianism,20260909002,-9.46567,-0.856637,-8.97128,-1.92494,-10.1733,-0.215128,-0.0562847,0.0404439,3.37382e-4,-0.276712,0.913889,0.388212,0.445244,0.688552,1.63702,1.57915,0.398336,1.16945,1.07572,1.97795,7.6919,-0.136243,-0.0455351,-0.289372,-0.649758,-1.38136,-3.09671,-0.17018
1135,59,Female,Muslim,Married,No,None,3,NA,,20260909002,-8.9457,-0.696022,-8.47467,-1.80455,-9.71804,-0.325299,-0.11454,0.0210752,-0.105263,-0.0858279,0.975527,0.325976,0.45634,0.793257,1.59833,1.56622,0.340449,1.09994,1.18891,1.91539,7.30119,-0.160591,-0.10867,-0.257663,-0.652424,-1.41001,-3.11266,-0.184965
1136,22,Female,Christian,Single,No,Had COVID,4,NA,,20260909002,-10.1325,-0.914715,-9.64798,-2.19006,-10.8071,-0.170491,-0.125109,0.227571,0.226381,-0.253789,1.21605,0.696171,0.698262,1.03072,2.01703,1.78619,0.576919,1.30739,1.32575,2.03898,8.21206,-0.134672,-0.0667904,-0.230249,-0.632078,-1.40558,-3.14189,-0.213561
1137,53,Male,Christian,Divorced,No,Had COVID,3,NA,,20260909002,-10.7346,-0.748624,-10.2286,-1.9509,-11.3781,-0.223299,-0.0761643,0.111165,0.0461175,-0.0979623,0.899325,0.282717,0.425376,0.786503,1.51806,1.66274,0.32127,1.19742,1.34916,1.7252,9.02694,-0.14737,-0.126594,-0.233734,-0.658476,-1.40226,-3.17663,-0.178217
1138,71,Female,Not answered,Divorced,No,Bereaved,2,NA,,20260909002,-9.28161,-1.05232,-8.53688,-2.25129,-10.0653,0.00337082,-0.0584838,0.142191,0.202535,-0.171753,1.12297,0.711368,0.583474,1.00484,2.14521,2.16765,0.885223,1.32472,1.64477,2.50211,7.23729,-0.150812,-0.0509062,-0.239201,-0.637289,-1.35659,-3.0823,-0.137001
1139,22,Female,Not answered,Single,No,Had COVID,2,NA,,20260909002,-9.7203,-0.867776,-9.22852,-2.01831,-10.4245,-0.351283,-0.125676,0.104688,0.0809628,-0.175158,1.09729,0.500178,0.539995,0.808019,1.77145,1.89148,0.620289,1.38405,1.49929,2.10319,7.8934,-0.19538,-0.168171,-0.262907,-0.664971,-1.3634,-3.08657,-0.178362
1140,60,Female,Christian,Single,Yes,Had COVID,1,1,Scientific Rationalism,20260909002,-11.0205,-0.859257,-10.2675,-1.81605,-11.411,-0.372738,-0.279225,-0.0534724,-0.0595134,-0.279316,1.14847,0.619209,0.496969,0.761833,1.81348,1.94473,0.484964,1.12784,1.15019,1.71968,9.12798,-0.193858,-0.152388,-0.300576,-0.687935,-1.43041,-3.09817,-0.172556
1141,43,Male,No religion,Married,No,None,2,NA,,20260909002,-10.3093,-1.06186,-9.53659,-1.78204,-10.9568,-0.113513,-0.0735101,-0.0219093,-0.111978,-0.122188,1.1167,0.686414,0.602783,0.712844,1.95595,1.92924,0.652196,1.3495,1.24808,2.22532,8.21022,-0.194282,-0.126289,-0.244471,-0.68728,-1.43189,-3.14616,-0.192673
1142,59,Male,Christian,Married,No,Had COVID,2,NA,,20260909002,-10.4189,-0.673074,-10.027,-1.82008,-11.1525,-0.289298,-0.0903757,-0.0133408,0.00321002,-0.159361,0.849204,0.293193,0.438464,0.733973,1.68439,1.63992,0.333525,1.19887,1.19114,1.89493,8.78229,-0.172239,-0.108147,-0.281527,-0.66756,-1.42797,-3.1859,-0.180681
1143,25,Male,No religion,Married,No,Had COVID,4,NA,,20260909002,-9.4464,-0.650652,-9.12079,-1.71391,-10.3116,-0.372467,-0.193575,-0.0587367,-0.0819852,-0.25021,0.838788,0.314193,0.501074,0.412874,1.79449,1.5568,0.259217,1.28316,1.22721,1.90393,7.88624,-0.158831,-0.0765462,-0.260482,-0.665698,-1.40775,-3.17262,-0.158216
1144,22,Female,Muslim,Single,No,None,3,NA,,20260909002,-10.0292,-0.977164,-9.41733,-2.06474,-10.8494,-0.280562,-0.105653,0.126554,0.119701,-0.0588099,1.25702,0.697841,0.61923,0.941332,1.94004,1.88851,0.50627200000000006,1.21925,1.43679,2.2593,8.07278,-0.219903,-0.161436,-0.245613,-0.688243,-1.38013,-3.0856,-0.201045
1145,84,Female,Not answered,Single,No,Bereaved,3,NA,,20260909002,-10.8789,-0.847585,-10.1943,-1.86893,-11.3661,-0.188347,-0.171214,0.0338773,-0.0722715,-0.253506,1.09756,0.504723,0.469613,0.872516,1.70608,1.94953,0.658678,1.27437,1.32321,2.01904,8.98896,-0.166195,-0.113773,-0.258024,-0.635087,-1.39486,-3.14119,-0.237029
1146,44,Male,Christian,Married,Yes,Bereaved,2,NA,,20260909002,-8.9606,-0.871783,-8.27836,-1.80928,-9.71949,-0.204566,-0.171941,-0.0551963,-0.102273,-0.213114,0.909008,0.586423,0.475893,0.632223,2.01229,1.79299,0.523538,1.2572,1.15352,2.05269,7.10812,-0.197417,-0.200917,-0.251625,-0.624906,-1.40646,-3.15275,-0.174975
1147,21,Male,Christian,Single,No,Had COVID,1,NA,,20260909002,-9.71842,-1.06374,-9.11165,-2.15465,-10.5137,-0.282896,-0.160105,0.0161236,-0.0900611,-0.18351,1.34632,0.722961,0.663989,1.00661,2.1076,1.97685,0.690985,1.38064,1.52692,2.24578,7.66554,-0.179794,-0.127926,-0.219285,-0.657773,-1.40299,-3.14756,-0.203327
1148,75,Female,Christian,Widowed,No,None,1,NA,,20260909002,-8.47243,-0.854754,-7.96992,-1.88462,-9.13899,-0.0711049,0.0421076,0.107822,-0.101859,0.00669467,1.11924,0.516941,0.593397,0.954615,1.69151,1.65685,0.396394,1.26403,1.39584,1.77713,6.60102,-0.18277,-0.173224,-0.286263,-0.666535,-1.40741,-3.1466,-0.205624
1149,31,Male,No religion,Single,Yes,Had COVID,3,NA,,20260909002,-10.8589,-0.934652,-10.2857,-1.90801,-11.685,-0.211861,-0.15503,0.0167137,-0.0350077,-0.204024,1.11216,0.612567,0.554339,0.816987,1.89302,1.58838,0.403953,1.17266,1.24887,1.77831,9.07981,-0.146622,-0.108447,-0.279875,-0.691144,-1.37035,-3.15667,-0.165317
1150,62,Male,No religion,Divorced,No,Bereaved,4,NA,,20260909002,-9.73911,-0.856511,-9.19868,-1.90142,-10.4356,-0.321948,-0.200014,-0.0297858,0.0910301,-0.346734,1.06992,0.439467,0.505633,0.736964,1.82893,1.83218,0.639485,1.27969,1.2866,2.00762,7.94132,-0.20049,-0.133555,-0.221065,-0.6497,-1.41449,-3.11201,-0.190134
1151,59,Female,Christian,Divorced,No,None,4,NA,,20260909002,-8.82806,-0.994432,-8.25117,-2.04226,-9.65524,-0.372319,-0.102831,0.192371,0.110577,-0.2024,1.26948,0.685525,0.632195,0.836781,2.08535,2.06046,0.777184,1.29914,1.26888,2.29042,6.85889,-0.165386,-0.174999,-0.246432,-0.671364,-1.35114,-3.14292,-0.1971
1152,19,Female,Muslim,Single,No,None,4,NA,,20260909002,-10.3531,-0.782198,-9.59785,-1.86299,-10.8025,-0.124811,-0.149534,0.0420477,0.0983798,-0.21034,1.08716,0.494822,0.507085,0.61342699999999994,1.82606,1.81171,0.449506,1.21448,1.35215,1.92249,8.38788,-0.189174,-0.150651,-0.274336,-0.683107,-1.41399,-3.1525,-0.202517
1153,66,Female,No religion,Widowed,No,None,1,NA,,20260909002,-11.1255,-0.983328,-10.5092,-1.91402,-11.9106,-0.147133,-0.00353151,0.10568,0.128189,-0.0762974,1.09421,0.587618,0.563874,0.842525,1.88551,1.83367,0.708491,1.30767,1.38994,2.22066,9.25788,-0.157978,-0.15686,-0.262068,-0.678905,-1.40581,-3.19002,-0.213473
1154,70,Female,Christian,Married,No,None,3,4,Conspiracy Ideation,20260909002,-10.0104,-0.978761,-9.34363,-1.92731,-10.6752,-0.120816,-0.0048227,0.0880193,0.0822347,-0.103065,1.09263,0.463645,0.557047,0.640702,1.80182,2.06495,0.606522,1.30241,1.30133,2.15045,7.97746,-0.17972,-0.13633,-0.238427,-0.672699,-1.42981,-3.16274,-0.22984
1155,66,Female,Christian,Divorced,No,None,4,NA,,20260909002,-9.8444,-0.780929,-9.21492,-1.88429,-10.3981,-0.316929,-0.141048,-0.111504,-0.125275,-0.244201,1.00116,0.405295,0.521084,0.735566,1.67764,1.72973,0.452151,1.1975,1.12447,1.87699,8.0336,-0.197835,-0.0941714,-0.276674,-0.643871,-1.39522,-3.17862,-0.216697
1156,34,Female,No religion,Divorced,Yes,None,4,NA,,20260909002,-10.2897,-0.876539,-9.78485,-2.09673,-11.0396,-0.157553,-0.005243,0.132835,0.0524428,6.36758e-4,0.898708,0.331698,0.553417,0.875301,1.78026,1.80635,0.386756,1.29046,1.36419,1.91495,8.4064,-0.145755,-0.0631355,-0.208226,-0.637518,-1.40163,-3.0917,-0.202008
1157,48,Male,No religion,Single,Yes,Long COVID,3,NA,,20260909002,-9.44017,-0.866025,-8.82487,-1.81517,-10.2271,-0.263434,-0.12927,0.044867,0.0235077,-0.136205,1.20441,0.703264,0.590412,0.868889,2.02807,1.85952,0.650877,1.23416,1.28359,2.23121,7.62653,-0.154018,-0.12329,-0.207628,-0.608934,-1.43732,-3.19458,-0.249643
1158,65,Female,No religion,Married,No,Had COVID,1,NA,,20260909002,-10.2794,-0.671469,-9.5905,-1.73059,-10.9607,-0.394747,-0.188485,-0.123676,-0.0469644,-0.185062,1.10274,0.425343,0.450065,0.646963,1.80933,1.7713699999999999,0.302108,1.13422,1.07295,1.83264,8.53903,-0.142887,-0.128656,-0.277902,-0.662698,-1.40218,-3.15083,-0.183906
1159,50,Male,Christian,Married,No,Had COVID,4,NA,,20260909002,-9.88031,-0.796492,-9.2421,-2.02845,-10.7284,-0.218632,-0.0779516,0.088904,0.229239,-0.187402,1.20847,0.60961,0.450092,0.827165,1.97193,1.68219,0.413829,1.11903,1.34717,2.08412,8.08052,-0.173165,-0.105883,-0.235817,-0.633532,-1.39454,-3.1723,-0.20068
1160,58,Male,Muslim,Married,No,Had COVID,2,NA,,20260909002,-10.0104,-0.978761,-9.34363,-1.92731,-10.6752,-0.120816,-0.0048227,0.0880193,0.0822347,-0.103065,1.09263,0.463645,0.557047,0.640702,1.80182,2.06495,0.606522,1.30241,1.30133,2.15045,7.97746,-0.17972,-0.13633,-0.238427,-0.672699,-1.42981,-3.16274,-0.22984
1161,61,Female,No religion,Married,No,Had COVID,3,NA,,20260909002,-11.1122,-0.967497,-10.6571,-1.99334,-11.8451,-0.228251,-0.0440142,0.140127,-0.0536443,-0.134892,1.22642,0.570194,0.716953,0.906423,1.79418,1.80246,0.523541,1.37325,1.48312,2.06484,9.2246,-0.15839,-0.126123,-0.275719,-0.69262,-1.39689,-3.13742,-0.173639
1162,20,Male,No religion,Married,No,None,1,NA,,20260909002,-8.37652,-0.916213,-7.8483,-1.96963,-9.08663,-0.371467,-0.137422,0.0513466,-0.0353431,-0.280503,1.39278,0.650426,0.664951,0.89391,2.03343,1.95327,0.472315,1.18065,1.16545,2.04098,6.48414,-0.156186,-0.0744955,-0.262799,-0.639709,-1.39369,-3.10003,-0.174421
1163,61,Male,No religion,Single,No,None,2,3,Communitarianism,20260909002,-10.6255,-0.811717,-10.0467,-1.76495,-11.4885,-0.194765,-0.0850743,-0.0651875,-0.0761039,-0.148156,1.00104,0.585578,0.617305,0.745436,1.99082,1.70777,0.476651,1.21383,1.18887,2.04998,8.90142,-0.160191,-0.141807,-0.24571,-0.689271,-1.3708,-3.13679,-0.19344
1164,28,Female,Christian,Single,No,None,1,NA,,20260909002,-10.7269,-0.839483,-9.99132,-1.93556,-11.6118,-0.391682,-0.165745,-0.084474,-0.108445,-0.124799,1.28844,0.558306,0.563629,0.793609,2.03415,1.84298,0.368079,1.14337,1.26832,2.15775,8.84839,-0.18864,-0.0977357,-0.224685,-0.620589,-1.3808,-3.12144,-0.20417
1165,47,Female,Christian,Married,Yes,Had COVID,1,NA,,20260909002,-9.85899,-0.950563,-9.32378,-1.89543,-10.6928,-0.312287,-0.155835,0.0714058,0.117339,-0.295517,0.948373,0.640854,0.578004,0.700225,1.90782,1.87669,0.751522,1.26036,1.32563,2.3347,8.07923,-0.180028,-0.111795,-0.220309,-0.655377,-1.33068,-3.06998,-0.217071
1166,38,Male,No religion,Married,Yes,None,1,NA,,20260909002,-11.0638,-0.921479,-10.3592,-1.99059,-11.9737,-0.248519,-0.137471,0.0646067,-0.0966598,-0.144375,1.00966,0.393747,0.367503,0.78827,1.95907,1.87776,0.558564,1.2584,1.4568,2.33834,9.13008,-0.186485,-0.12128,-0.187889,-0.692957,-1.36881,-3.06827,-0.154584
1167,64,Female,Christian,Married,No,Long COVID,4,NA,,20260909002,-10.188,-0.811556,-9.67253,-1.88104,-11.0097,-0.317181,-0.0649099,0.0119156,-0.0940898,-0.0188746,0.97701,0.448093,0.442739,0.788236,1.70177,1.6463,0.438324,1.1183,1.2195,1.99641,8.46636,-0.183101,-0.129905,-0.20452,-0.635158,-1.34234,-3.09501,-0.170569
1168,20,Male,Christian,Single,No,Bereaved,4,NA,,20260909002,-11.3645,-0.776688,-10.7101,-1.77721,-11.9573,-0.278082,-0.191099,0.00890221,-0.0596095,-0.28238,1.0339,0.43586,0.449461,0.642879,1.68955,1.85098,0.412388,1.22527,1.32835,1.76903,9.53912,-0.183652,-0.155045,-0.287656,-0.720051,-1.43332,-3.21471,-0.173901
1169,74,Female,Not answered,Divorced,No,Had COVID,2,NA,,20260909002,-11.4758,-1.01284,-10.7277,-1.98874,-12.2672,-0.225596,-0.10655,0.0569918,0.03657,-0.0351203,1.21416,0.687338,0.487727,0.85755,1.93224,1.87229,0.507435,1.07526,1.20493,2.0669,9.53826,-0.162539,-0.0907937,-0.207225,-0.642449,-1.35956,-3.09963,-0.214893
1170,21,Female,No religion,Single,No,None,2,3,Communitarianism,20260909002,-10.9419,-1.10297,-10.2049,-2.06029,-11.6183,-0.374291,-0.16833,0.00479473,-0.0412955,-0.202113,1.4017,0.849234,0.759457,1.11722,2.06634,2.05376,0.759648,1.27738,1.44886,2.25905,8.92531,-0.148541,-0.112423,-0.233479,-0.645274,-1.37273,-3.12281,-0.176393
1171,60,Male,Christian,Married,No,None,4,NA,,20260909002,-9.59445,-0.914767,-9.06673,-1.9098,-10.1415,-0.367832,-0.188027,0.0915592,-0.0117701,-0.303709,1.18735,0.54566,0.560859,0.777275,1.71946,1.82148,0.615619,1.3012,1.25849,1.86096,7.72072,-0.189361,-0.111109,-0.24171,-0.60816,-1.37791,-3.11297,-0.166982
1172,25,Male,Not answered,Single,No,Had COVID,1,5,Institutional Trust and Technocratic Governance,20260909002,-9.77516,-0.79552,-9.13877,-1.9009,-10.3354,-0.145046,-0.0382628,0.074297,0.170949,-0.185208,0.953779,0.453155,0.486588,0.524146,1.71334,1.74848,0.332968,1.15183,1.14331,1.76135,7.93952,-0.153711,-0.0955838,-0.253062,-0.627957,-1.41312,-3.13052,-0.183856
1173,26,Male,No religion,Divorced,No,Had COVID,2,NA,,20260909002,-10.5544,-0.904477,-9.92354,-1.92519,-11.0502,-0.198181,-0.20029,-0.0546708,-0.249701,-0.312955,1.26505,0.636414,0.698238,0.960412,1.78435,2.03084,0.678637,1.39655,1.34161,2.11949,8.5875,-0.211933,-0.125988,-0.250022,-0.670943,-1.38128,-3.13685,-0.179652
1174,71,Male,Christian,Married,No,Bereaved,3,NA,,20260909002,-10.8483,-0.977446,-10.2691,-2.04786,-11.8071,-0.255894,-0.143224,0.133728,-0.0199721,-0.160239,1.19425,0.792701,0.627949,1.18036,2.19908,1.79439,0.659581,1.18678,1.49047,2.32766,9.03895,-0.177507,-0.126819,-0.245698,-0.66825,-1.34494,-3.1233,-0.183036
1175,18,Female,Christian,Single,No,None,3,NA,,20260909002,-9.99934,-0.754535,-9.46208,-1.74798,-10.7991,-0.18604,-0.0807961,-0.0079352,-0.0689933,-0.240637,0.749005,0.25201,0.480922,0.487554,1.78371,1.77692,0.443221,1.1971,1.25198,2.05435,8.28324,-0.130867,-0.114449,-0.245157,-0.707136,-1.36123,-3.09041,-0.187289
1176,56,Male,No religion,Single,No,None,1,NA,,20260909002,-8.43736,-0.711005,-7.93193,-1.71092,-9.0172,-0.16764,-0.10306,0.0751692,-0.0400499,-0.105401,1.05111,0.399203,0.52988,0.57064,1.63359,1.68955,0.366825,1.23389,1.1991,1.7257,6.65211,-0.136098,-0.0896537,-0.235941,-0.612569,-1.39646,-3.09735,-0.187856
1177,28,Female,No religion,Single,No,Had COVID,4,NA,,20260909002,-10.053,-0.70724,-9.54651,-1.72496,-10.6637,-0.506263,-0.25213,-0.074395,-0.20305,-0.347222,1.01154,0.446797,0.50937,0.654935,1.69255,1.85337,0.519222,1.28694,1.22154,1.95238,8.36068,-0.172093,-0.144438,-0.214651,-0.609802,-1.40853,-3.17739,-0.201315
1178,38,Male,No religion,Single,Yes,Had COVID,2,NA,,20260909002,-10.3698,-0.910719,-9.74521,-2.05031,-11.2066,-0.245863,-0.117549,-0.0259646,-0.0340694,-0.0237383,1.1842,0.569788,0.587314,1.00635,1.95531,1.83923,0.53702,1.23964,1.38853,2.09801,8.48715,-0.179613,-0.159319,-0.234897,-0.649865,-1.39139,-3.1976,-0.212249
1179,58,Male,Christian,Married,No,Had COVID,4,NA,,20260909002,-8.98995,-0.691088,-8.43131,-1.81482,-9.50854,-0.270365,-0.11269,0.0358455,-0.031267,-0.144187,1.04744,0.418216,0.410963,0.710791,1.52405,1.82593,0.509994,1.33697,1.47508,1.89996,7.2558,-0.25735,-0.181178,-0.26854,-0.659948,-1.41517,-3.15414,-0.243154
1180,50,Male,No religion,Married,No,None,2,NA,,20260909002,-11.1324,-0.831357,-10.5064,-1.91824,-11.7919,-0.358739,-0.195183,-0.0851353,-0.049288,-0.314503,1.1412,0.514996,0.529663,0.851094,1.80825,1.7796,0.566733,1.28795,1.2469,2.05994,9.35232,-0.170767,-0.0786492,-0.2306,-0.607804,-1.42189,-3.08104,-0.189895
1181,59,Male,Christian,Divorced,No,None,2,NA,,20260909002,-10.6851,-0.977604,-9.9028,-1.80496,-11.2993,-0.315514,-0.135982,-0.0930757,-0.209816,-0.219121,1.05349,0.593043,0.514444,0.834322,1.73462,1.91579,0.623647,1.23985,1.27277,2.07772,8.73411,-0.227645,-0.151715,-0.264411,-0.667651,-1.39801,-3.10039,-0.198608
1182,59,Male,Not answered,Married,No,Long COVID,2,NA,,20260909002,-8.65151,-0.873746,-8.21124,-1.90021,-9.52871,-0.254859,-0.166305,-0.0214045,-0.0125552,-0.163497,0.763696,0.374859,0.467758,0.616405,1.71692,1.68854,0.475144,1.24033,1.35175,1.90474,6.92677,-0.130485,-0.0774468,-0.291366,-0.723485,-1.39906,-3.1471,-0.181853
1183,21,Male,Buddhist,Married,No,None,1,NA,,20260909002,-10.1365,-0.732763,-9.52071,-1.70592,-10.5849,-0.326867,-0.19024,0.0240827,-0.126826,-0.243967,1.12403,0.504401,0.420807,0.574431,1.69146,1.75151,0.341622,1.14497,1.13958,1.57615,8.36326,-0.192833,-0.123079,-0.224913,-0.58237,-1.34925,-3.04678,-0.182774
1184,25,Female,Sikh,Married,No,Had COVID,3,NA,,20260909002,-8.9457,-0.696022,-8.47467,-1.80455,-9.71804,-0.325299,-0.11454,0.0210752,-0.105263,-0.0858279,0.975527,0.325976,0.45634,0.793257,1.59833,1.56622,0.340449,1.09994,1.18891,1.91539,7.30119,-0.160591,-0.10867,-0.257663,-0.652424,-1.41001,-3.11266,-0.184965
1185,41,Male,No religion,Single,Yes,Had COVID,4,NA,,20260909002,-11.7224,-0.892607,-10.9664,-1.83753,-12.2797,-0.247689,-0.179683,-0.00170895,-0.234088,-0.335602,1.00511,0.347349,0.466278,0.585606,1.78294,2.03481,0.555017,1.21749,1.22124,2.14939,9.70181,-0.153191,-0.076314,-0.257156,-0.683603,-1.39386,-3.16254,-0.183642
1186,36,Female,No religion,Married,Yes,Had COVID,2,NA,,20260909002,-9.72172,-0.794055,-9.05109,-1.91576,-10.374,-0.300695,-0.158275,0.0105959,-0.0876839,-0.272249,1.06029,0.356025,0.449658,0.702504,1.93601,1.89588,0.448993,1.28092,1.37617,2.11853,7.80794,-0.165577,-0.0968303,-0.279631,-0.682605,-1.40133,-3.09677,-0.220069
1187,71,Female,Christian,Widowed,No,None,3,NA,,20260909002,-10.0502,-0.77139,-9.52918,-1.75555,-10.6182,-0.237167,-0.0901949,0.0213302,0.109425,-0.199609,0.972836,0.318154,0.394079,0.55081,1.46945,1.49057,0.324871,1.15342,1.01096,1.80891,8.30196,-0.214426,-0.0952535,-0.258004,-0.634449,-1.36252,-3.08042,-0.215342
1188,19,Female,Christian,Single,No,Had COVID,3,NA,,20260909002,-9.86504,-0.76902,-9.24661,-1.86369,-10.5254,-0.44724,-0.197585,-0.0281106,-0.126789,-0.466498,1.01262,0.34287,0.436836,0.740598,1.73515,1.79786,0.460033,1.1527,1.37636,2.02128,8.13114,-0.185554,-0.116519,-0.277568,-0.655025,-1.3714,-3.0885,-0.190128
1189,70,Female,Not answered,Single,Yes,Had COVID,2,4,Conspiracy Ideation,20260909002,-9.78815,-0.625137,-9.24337,-1.63751,-10.4037,-0.269333,-0.143182,0.0241637,-0.0514128,-0.208039,0.511493,0.00632481,0.261448,0.283535,1.33015,1.54166,0.178041,0.947832,0.654369,1.68875,8.13116,-0.1588,-0.146371,-0.240633,-0.629333,-1.37353,-3.09419,-0.180125
1190,60,Male,Not answered,Separated,No,Bereaved,3,NA,,20260909002,-10.0864,-0.755216,-9.55587,-1.91756,-10.7891,-0.40572,-0.302624,0.0419921,-0.0199216,-0.34916,1.01789,0.46357,0.54394,0.657659,1.8973,1.57904,0.311788,1.13165,1.12609,1.97364,8.30998,-0.199374,-0.135413,-0.25118,-0.63139,-1.365,-3.13423,-0.171188
1191,46,Male,No religion,Married,No,Had COVID,4,NA,,20260909002,-9.74787,-1.1022,-9.22086,-2.02515,-10.5,-0.353239,-0.0977964,0.0444402,-0.0688677,-0.165644,1.25421,0.684171,0.662199,0.952492,1.94794,2.01939,0.825125,1.48417,1.51519,2.20709,7.79762,-0.190082,-0.142112,-0.276123,-0.668511,-1.4129,-3.06384,-0.20866
1192,41,Male,No religion,Divorced,Yes,Had COVID,3,NA,,20260909002,-11.1723,-0.624093,-10.6779,-1.59212,-11.8441,-0.405713,-0.302535,-0.081272,-0.217291,-0.382036,0.974619,0.446368,0.445453,0.49541,1.69743,1.57673,0.273428,1.04511,0.897985,1.76618,9.64911,-0.107529,-0.0730129,-0.264323,-0.654902,-1.39277,-3.10221,-0.139653
1193,55,Female,Christian,Married,Yes,Long COVID,1,NA,,20260909002,-8.5466,-0.860584,-8.00608,-1.96859,-9.26537,-0.283329,-0.131721,0.0350438,-0.123551,-0.143225,1.00536,0.626531,0.593613,0.857495,1.85667,1.9092,0.565303,1.25856,1.55478,1.91649,6.78324,-0.163439,-0.102471,-0.239124,-0.636754,-1.31572,-3.04383,-0.199897
1194,30,Male,Christian,Single,Yes,None,2,NA,,20260909002,-10.8383,-0.76174,-10.1795,-1.68504,-11.4073,-0.338129,-0.293927,-0.0129706,-0.147758,-0.277553,1.22692,0.697431,0.5384,0.774705,1.77584,1.78831,0.403141,1.11139,1.02435,1.86466,9.05388,-0.195129,-0.102372,-0.234479,-0.65237,-1.39708,-3.08295,-0.199238
1195,36,Female,Christian,Married,Yes,None,4,NA,,20260909002,-8.84636,-0.866387,-8.30318,-1.99198,-9.46965,-0.333792,-0.162552,0.0670159,0.141017,-0.294268,1.06482,0.601212,0.654526,0.869034,1.89726,1.97417,0.586293,1.37387,1.58898,2.03786,6.99547,-0.217391,-0.170379,-0.272322,-0.725253,-1.40201,-3.16096,-0.223254
1196,50,Female,Christian,Married,No,Bereaved,2,NA,,20260909002,-10.7161,-0.799606,-10.0295,-1.67715,-11.4239,-0.196993,-0.116698,-0.104165,-0.0423594,-0.249315,0.886725,0.395583,0.47488,0.565336,1.66702,1.89661,0.53107,1.29422,1.16854,2.0988,8.90663,-0.176633,-0.125787,-0.275349,-0.773234,-1.33673,-3.13071,-0.18212
1197,25,Female,No religion,Single,Yes,None,1,NA,,20260909002,-9.83798,-0.821982,-9.17325,-1.71612,-10.6886,-0.148435,-0.00256094,0.0606631,0.0678496,-0.0799832,0.988521,0.493412,0.482094,0.714849,1.93523,1.76972,0.538877,1.18097,1.32332,2.18448,8.0752,-0.166996,-0.16971,-0.249999,-0.681944,-1.35427,-3.08807,-0.23022
1198,19,Male,No religion,Single,No,None,3,NA,,20260909002,-9.43633,-0.641012,-9.03065,-1.76209,-10.0632,-0.306397,-0.244332,0.0386679,-0.0857727,-0.452357,0.930364,0.340577,0.45172,0.642579,1.63,1.48364,0.27375,1.18012,1.21042,1.75195,7.818,-0.163741,-0.132315,-0.257047,-0.66213,-1.39539,-3.18786,-0.177736
1199,63,Male,No religion,Married,No,Had COVID,2,NA,,20260909002,-10.0559,-0.941511,-9.48657,-1.9064,-10.8045,-0.397972,-0.178271,-0.0254749,-0.186956,-0.218994,1.23335,0.654431,0.684654,0.761062,1.99586,1.94911,0.535662,1.19897,1.235,2.02868,8.14798,-0.140187,-0.087729,-0.293508,-0.654097,-1.4377,-3.2051,-0.151414
1200,77,Female,No religion,Married,No,Bereaved,2,NA,,20260909002,-10.2584,-0.783574,-9.84599,-1.87656,-11.0055,-0.233294,-0.0883618,0.00909296,0.019463,-0.326036,1.00809,0.465039,0.639515,0.848394,1.87417,1.71947,0.41535300000000003,1.24644,1.12849,1.9512100000000001,8.57089,-0.162002,-0.16509,-0.253582,-0.637232,-1.37971,-3.15082,-0.164084
1201,52,Female,Christian,Married,No,Had COVID,4,NA,,20260909002,-9.97654,-0.885997,-9.39465,-1.87421,-10.6695,-0.223776,0.00946631,0.0762569,0.0249883,0.117249,0.96837,0.394527,0.486129,0.689346,1.60802,1.86326,0.463459,1.18448,1.13425,1.87089,8.13534,-0.165644,-0.106969,-0.245201,-0.703231,-1.42345,-3.16091,-0.188786
1202,82,Female,Christian,Married,No,None,1,5,Institutional Trust and Technocratic Governance,20260909002,-8.50444,-0.928558,-7.87064,-2.04568,-9.06697,-0.222071,-0.00148243,0.101985,0.130851,-0.189295,1.19707,0.655005,0.523583,0.885833,1.75269,1.81281,0.554694,1.16917,1.49255,2.02882,6.58603,-0.190246,-0.127392,-0.243204,-0.656098,-1.38515,-3.1559,-0.18038
1203,79,Female,Christian,Married,No,Bereaved,1,NA,,20260909002,-9.91258,-0.846912,-9.28401,-1.69431,-10.618,-0.365743,-0.254686,-0.0941343,-0.14698,-0.332173,1.18273,0.793287,0.577611,0.735901,2.00853,1.73644,0.492044,1.19642,1.2805,1.88738,8.12916,-0.197588,-0.158922,-0.294344,-0.662083,-1.41661,-3.15014,-0.183393
1204,33,Male,Christian,Single,No,Had COVID,3,NA,,20260909002,-7.678,-1.05795,-6.99225,-2.03668,-8.34811,-0.361968,-0.198356,0.0824702,-0.0475645,-0.25805,1.40542,0.755064,0.688831,0.926089,2.0717,2.21403,0.814083,1.39522,1.53231,2.34605,5.53447,-0.17729,-0.122194,-0.278112,-0.655278,-1.38151,-3.07244,-0.170656
1205,33,Male,Christian,Single,No,Had COVID,4,NA,,20260909002,-10.5522,-0.869229,-10.0164,-1.77944,-11.283,-0.350191,-0.211756,-0.0152278,-0.107859,-0.392237,1.09908,0.504792,0.556156,0.718712,1.89823,1.89869,0.645993,1.33507,1.3769,2.13986,8.77155,-0.17892,-0.108606,-0.228305,-0.639295,-1.36139,-3.06433,-0.228749
1206,29,Male,Christian,Married,No,Had COVID,1,NA,,20260909002,-10.6448,-0.652778,-9.90175,-1.8013,-11.2921,-0.314616,-0.260851,-0.0765733,0.0187402,-0.352712,1.20797,0.529476,0.568493,0.797273,1.99934,1.82286,0.348231,1.15816,1.22337,2.12285,8.81383,-0.175208,-0.0893256,-0.264547,-0.671626,-1.3807,-3.1769,-0.207225
1207,58,Female,Muslim,Married,No,None,2,NA,,20260909002,-10.4836,-0.693942,-9.90915,-1.7382,-11.2696,-0.257664,-0.171156,-0.111853,-0.296762,-0.241427,0.95465,0.438006,0.4673,0.861318,1.63911,1.68974,0.454868,1.16797,1.32093,1.97326,8.8221,-0.174057,-0.085048,-0.240741,-0.70563,-1.37849,-3.15525,-0.210352
1208,48,Male,Christian,Married,No,None,2,4,Conspiracy Ideation,20260909002,-9.45703,-0.573169,-8.9198,-1.92237,-10.0004,-0.367654,-0.275308,-0.0985911,-0.0305293,-0.409447,0.94819,0.332254,0.452697,0.968654,1.77037,1.60977,0.234161,1.1202,1.26838,1.65494,7.82321,-0.151845,-0.102801,-0.256661,-0.634568,-1.41027,-3.1655,-0.207072
1209,82,Female,Not answered,Widowed,No,None,4,NA,,20260909002,-11.4676,-0.952777,-10.8931,-1.90516,-12.2858,-0.347441,-0.186753,0.0412567,-0.0590357,-0.186435,1.31834,0.847118,0.590383,1.06251,2.06455,2.02777,0.676005,1.27879,1.39644,2.11633,9.63833,-0.0963062,-0.129204,-0.216293,-0.663718,-1.42246,-3.17668,-0.22127
1210,41,Female,No religion,Married,No,Long COVID,1,NA,,20260909002,-8.5429,-0.744641,-7.90327,-1.62509,-9.31985,-0.396717,-0.231247,-0.0256648,-0.0640504,-0.249469,0.907864,0.316899,0.293675,0.2374,1.71288,1.90403,0.506821,1.1673,1.08275,2.23806,6.79844,-0.173857,-0.0965566,-0.269696,-0.6734,-1.40958,-3.18266,-0.167731
1211,22,Female,No religion,Single,No,None,3,NA,,20260909002,-8.63346,-0.992403,-8.0279,-1.99883,-9.41769,-0.251411,0.00323485,0.12181,0.115215,-0.0321412,1.15095,0.669454,0.602033,0.927734,1.91714,1.88476,0.584664,1.27455,1.33351,2.09913,6.68782,-0.201349,-0.14405,-0.256217,-0.656573,-1.39169,-3.14359,-0.197989
1212,29,Female,Not answered,Single,Yes,None,4,NA,,20260909002,-11.0175,-0.835879,-10.5164,-1.81492,-11.7655,-0.339998,-0.239885,0.0614879,0.0129488,-0.440747,1.00546,0.598729,0.578295,0.697652,1.85574,1.89142,0.558916,1.23175,1.24306,2.22357,9.27586,-0.197495,-0.103691,-0.242861,-0.650412,-1.30996,-3.03263,-0.203087
1213,37,Female,No religion,Married,No,Had COVID,4,NA,,20260909002,-10.2132,-0.70014,-9.67513,-1.6947,-11.001,-0.332731,-0.215279,-0.118579,-0.22795,-0.327857,0.9306,0.352031,0.447924,0.509566,1.87228,1.82183,0.481166,1.36268,1.13047,2.15407,8.44602,-0.195387,-0.117706,-0.253572,-0.666529,-1.42528,-3.19406,-0.209098
1214,27,Female,No religion,Married,Yes,Had COVID,1,NA,,20260909002,-9.80163,-0.803223,-9.13476,-1.79167,-10.4607,-0.228711,-0.132744,0.0616865,-0.0660691,-0.310314,1.05349,0.342236,0.337161,0.811575,1.67416,1.72398,0.480515,1.24137,1.26119,2.08445,7.97037,-0.174069,-0.174778,-0.250619,-0.665194,-1.41054,-3.14902,-0.180264
1215,67,Male,No religion,Widowed,No,Had COVID,1,NA,,20260909002,-9.82627,-0.578616,-9.30825,-1.64452,-10.2386,-0.228508,-0.19844,-0.00767138,-0.065623,-0.295769,0.868667,0.176238,0.466627,0.546374,1.38011,1.69951,0.30201,1.19519,1.11297,1.73089,8.10348,-0.208447,-0.151248,-0.230336,-0.675986,-1.41539,-3.11434,-0.192435
1216,85,Female,No religion,Divorced,No,Had COVID,4,NA,,20260909002,-9.15393,-0.81285,-8.49596,-1.86056,-9.82007,-0.261095,-0.18397,0.0257245,-0.0046285400000000004,-0.198597,1.09626,0.521985,0.521591,0.783767,1.84301,1.77711,0.397019,1.11274,1.25404,1.99401,7.26925,-0.173721,-0.162767,-0.306989,-0.677225,-1.42407,-3.20228,-0.163238
1217,38,Male,Christian,Married,No,None,3,NA,,20260909002,-10.2972,-0.942596,-9.71751,-1.90326,-11.0362,-0.355368,-0.23491,0.0708468,-0.0464875,-0.251985,1.00806,0.502509,0.571215,0.662355,1.77526,1.88868,0.566038,1.20472,1.23212,1.95992,8.43874,-0.198053,-0.131779,-0.263919,-0.627045,-1.35153,-3.1106,-0.187572
1218,62,Female,No religion,Widowed,No,None,1,NA,,20260909002,-9.14113,-0.908226,-8.45865,-1.76749,-9.84515,-0.42193,-0.301533,0.0364452,-0.263061,-0.337763,1.44023,0.679173,0.612463,0.834303,2.0449,2.01397,0.638624,1.21725,1.29281,2.22238,7.16325,-0.192054,-0.201504,-0.265307,-0.667237,-1.35933,-3.13133,-0.142654
1219,35,Female,Muslim,Married,No,None,3,NA,,20260909002,-11.093,-0.767035,-10.409,-1.89075,-11.5905,-0.231321,-0.0784457,-0.0625365,0.072821,-0.225788,0.822282,0.360914,0.41865,0.662439,1.55255,1.78858,0.394344,1.16324,1.41825,1.82025,9.29839,-0.181708,-0.165892,-0.250642,-0.670732,-1.36827,-3.10542,-0.202838
1220,25,Female,No religion,Single,No,Had COVID,1,NA,,20260909002,-10.092,-0.856878,-9.61726,-1.99803,-10.8982,-0.310815,-0.189442,0.0849198,0.0480696,-0.305793,1.11915,0.557222,0.57516,0.80671,1.81779,1.56637,0.469643,1.1262,1.12773,2.05623,8.33507,-0.181388,-0.0893848,-0.25838,-0.659857,-1.39998,-3.14814,-0.167701
1221,60,Female,No religion,Married,No,Had COVID,1,NA,,20260909002,-7.24928,-0.758062,-6.67283,-1.98444,-8.30312,-0.280207,-0.15976,0.0200428,-0.0105298,0.0321914,1.1301,0.543031,0.594206,1.00078,1.98408,1.76111,0.441972,1.25647,1.37345,2.27625,5.44626,-0.180877,-0.137901,-0.201755,-0.648556,-1.37693,-3.12379,-0.187642
1222,37,Male,Christian,Married,No,None,3,NA,,20260909002,-8.74483,-0.952703,-8.2151,-1.88474,-9.55952,-0.329185,-0.118199,-0.0396383,-0.119074,-0.0779408,1.21806,0.749622,0.740605,0.771813,2.13526,1.85356,0.53641,1.39145,1.24045,2.17687,6.83763,-0.20389,-0.10334,-0.232334,-0.66004,-1.34282,-3.12413,-0.205779
1223,58,Male,Sikh,Divorced,No,Had COVID,1,NA,,20260909002,-8.9606,-0.871783,-8.27836,-1.80928,-9.71949,-0.204566,-0.171941,-0.0551963,-0.102273,-0.213114,0.909008,0.586423,0.475893,0.632223,2.01229,1.79299,0.523538,1.2572,1.15352,2.05269,7.10812,-0.197417,-0.200917,-0.251625,-0.624906,-1.40646,-3.15275,-0.174975
1224,62,Male,No religion,Married,No,None,1,4,Conspiracy Ideation,20260909002,-9.01513,-0.934975,-8.25645,-1.94699,-9.76829,-0.154064,-0.108462,0.0501065,-0.0263496,-0.0885958,1.21169,0.672762,0.535412,0.859485,1.99211,1.96005,0.694133,1.28582,1.43874,2.29285,7.02971,-0.161255,-0.102292,-0.236853,-0.657216,-1.3703,-3.09009,-0.176928
1225,70,Male,Christian,Widowed,No,None,2,NA,,20260909002,-10.5116,-1.1149,-9.65669,-1.99278,-11.0052,-0.0308408,0.0745542,0.172405,0.0823229,-0.116862,1.2667,0.62959,0.505829,0.855527,1.84258,2.0113,0.720213,1.19894,1.51471,2.32102,8.35823,-0.189575,-0.150526,-0.242381,-0.645412,-1.3842,-3.13059,-0.178734
1226,80,Female,Buddhist,Widowed,No,Bereaved,1,NA,,20260909002,-10.1506,-1.02171,-9.44295,-2.18091,-10.8067,-0.255484,-0.107325,-0.045202,-0.0923279,-0.181899,1.06929,0.424613,0.495938,0.994485,1.74351,2.06794,0.661343,1.2899,1.55522,2.11743,8.14216,-0.122564,-0.0922249,-0.216831,-0.618093,-1.42842,-3.15747,-0.139854
1227,46,Male,Christian,Married,Yes,None,3,NA,,20260909002,-10.773,-0.935934,-10.2329,-2.01959,-11.4714,-0.209244,-0.0933121,-0.0451626,0.0377619,-0.131447,1.14301,0.610372,0.620747,0.752229,1.78586,1.65878,0.613111,1.29932,1.40205,1.99272,8.98177,-0.170373,-0.0980845,-0.219408,-0.663583,-1.36308,-3.06591,-0.190734
1228,26,Female,No religion,Single,No,Had COVID,3,NA,,20260909002,-10.188,-0.811556,-9.67253,-1.88104,-11.0097,-0.317181,-0.0649099,0.0119156,-0.0940898,-0.0188746,0.97701,0.448093,0.442739,0.788236,1.70177,1.6463,0.438324,1.1183,1.2195,1.99641,8.46636,-0.183101,-0.129905,-0.20452,-0.635158,-1.34234,-3.09501,-0.170569
1229,65,Male,No religion,Married,No,Had COVID,1,NA,,20260909002,-11.4054,-1.04902,-10.6414,-2.04236,-11.8718,-0.341692,-0.179021,-0.051555,-0.245854,-0.306419,1.38846,0.666982,0.623851,1.01738,1.92289,2.09856,0.729198,1.24985,1.51786,2.24668,9.33314,-0.164089,-0.0967871,-0.284935,-0.644791,-1.39874,-3.12283,-0.165086
1230,21,Female,Christian,Single,No,Had COVID,1,NA,,20260909002,-9.52376,-0.695988,-8.89083,-1.78567,-10.244,-0.0825799,-0.0853717,0.151743,0.00367718,-0.120075,0.766038,0.247868,0.344703,0.589595,1.57305,1.42891,0.206824,1.00384,1.09278,1.75767,7.79237,-0.202531,-0.114705,-0.305917,-0.686327,-1.3812,-3.14211,-0.173864
1231,53,Male,Christian,Separated,No,Had COVID,3,NA,,20260909002,-8.89312,-0.913792,-8.2827,-2.04604,-9.57811,-0.200508,-0.0446611,0.10711,0.0732012,0.00913364,0.970466,0.45424,0.537137,0.714745,1.80496,1.97108,0.557977,1.24986,1.33686,2.23835,6.89455,-0.180946,-0.0793585,-0.259858,-0.651399,-1.44895,-3.2251,-0.230987
1232,75,Female,Christian,Married,No,None,4,NA,,20260909002,-8.93836,-0.958243,-8.24801,-1.92529,-9.50268,-0.298603,-0.215582,0.00336205,-0.0721026,-0.309957,1.14732,0.615575,0.552044,0.917637,1.9074,2.03138,0.69011,1.26968,1.35158,1.98858,6.93763,-0.173842,-0.182508,-0.263294,-0.701975,-1.3927,-3.10674,-0.211508
1233,55,Female,No religion,Married,No,Bereaved,1,NA,,20260909002,-8.9457,-0.696022,-8.47467,-1.80455,-9.71804,-0.325299,-0.11454,0.0210752,-0.105263,-0.0858279,0.975527,0.325976,0.45634,0.793257,1.59833,1.56622,0.340449,1.09994,1.18891,1.91539,7.30119,-0.160591,-0.10867,-0.257663,-0.652424,-1.41001,-3.11266,-0.184965
1234,52,Male,No religion,Married,No,None,4,NA,,20260909002,-9.8373,-0.947261,-9.30858,-1.98484,-10.4528,-0.261921,-0.0839716,0.026896,-0.133381,-0.259859,1.18165,0.562433,0.627764,0.935979,1.83055,1.8981,0.622454,1.35035,1.41877,2.11988,7.93119,-0.175259,-0.117154,-0.242982,-0.661968,-1.36814,-3.12237,-0.17825
1235,47,Male,Muslim,Married,Yes,Had COVID,4,NA,,20260909002,-9.96442,-0.822058,-9.46891,-1.78362,-10.7232,-0.335237,-0.0973593,0.00804795,-0.0703427,-0.017864,0.930229,0.375192,0.496559,0.731803,1.65755,1.56433,0.383517,1.19219,1.08614,1.87768,8.23286,-0.184503,-0.0879506,-0.262565,-0.641922,-1.37013,-3.13205,-0.196579
1236,65,Female,Not answered,Divorced,No,Had COVID,1,NA,,20260909002,-8.88232,-1.05934,-8.204,-2.25164,-9.51739,-0.0355524,0.21244,0.189918,0.202809,0.0650467,1.15763,0.577531,0.611295,0.98937,1.99005,1.96753,0.502511,1.26344,1.53859,2.10412,6.80995,-0.180325,-0.106313,-0.311796,-0.665249,-1.38758,-3.18764,-0.204756
1237,60,Female,Christian,Married,Yes,None,1,2,Libertarianism,20260909002,-10.4259,-1.0843,-9.85263,-2.28079,-10.9873,-0.319796,-0.0801019,0.209811,-0.0272377,-0.0433523,1.32381,0.735991,0.731275,1.13497,1.79618,1.93509,0.55659,1.38975,1.53138,1.91492,8.34356,-0.133831,-0.109719,-0.232159,-0.598149,-1.43256,-3.13779,-0.176465
1238,60,Female,Christian,Divorced,No,Had COVID,1,NA,,20260909002,-10.2132,-0.70014,-9.67513,-1.6947,-11.001,-0.332731,-0.215279,-0.118579,-0.22795,-0.327857,0.9306,0.352031,0.447924,0.509566,1.87228,1.82183,0.481166,1.36268,1.13047,2.15407,8.44602,-0.195387,-0.117706,-0.253572,-0.666529,-1.42528,-3.19406,-0.209098
1239,48,Male,Christian,Married,No,Had COVID,4,NA,,20260909002,-10.4,-0.903435,-9.69638,-1.94993,-11.0745,-0.13586,-0.0902143,0.12601299999999999,0.0939541,-0.0343673,1.10718,0.563691,0.433382,0.731791,1.71386,1.88336,0.614584,1.13244,1.164,2.03471,8.46972,-0.145959,-0.126881,-0.250823,-0.630918,-1.43008,-3.13992,-0.160636
1240,58,Female,No religion,Married,No,None,3,4,Conspiracy Ideation,20260909002,-9.35641,-0.865156,-8.66544,-1.8602,-10.1129,-0.357595,-0.136967,-0.0166821,-0.0184865,-0.129686,1.15829,0.542074,0.530468,0.714873,1.95468,1.72992,0.41395,1.08357,1.05745,2.06727,7.45602,-0.155355,-0.102392,-0.296917,-0.706149,-1.41814,-3.16849,-0.21014
1241,69,Female,Christian,Married,No,Long COVID,2,NA,,20260909002,-11.1956,-1.22985,-10.5077,-2.18197,-11.8627,0.065003,0.194082,0.0720248,0.162276,0.0923912,1.07667,0.583965,0.58618,0.838223,1.81891,1.82224,0.651551,1.39691,1.39686,2.12727,9.07836,-0.178165,-0.0922693,-0.243445,-0.700386,-1.44059,-3.13031,-0.176198
1242,71,Male,No religion,Married,No,None,3,NA,,20260909002,-9.17304,-0.907795,-8.50799,-1.8439,-10.0272,-0.357655,-0.181888,0.0236203,-0.202877,-0.181127,1.16081,0.729692,0.616076,0.896537,2.05255,1.92603,0.633768,1.23992,1.29068,2.28577,7.28495,-0.184118,-0.179302,-0.237092,-0.668114,-1.42399,-3.16475,-0.191438
1243,33,Female,Christian,Married,No,Had COVID,3,NA,,20260909002,-10.0717,-0.8787,-9.50962,-1.99835,-10.7888,-0.372675,-0.282064,0.00510732,-0.0553959,-0.35426,0.939482,0.447263,0.523099,0.892703,1.85675,1.73407,0.54798500000000006,1.24303,1.48174,1.95664,8.23069,-0.181506,-0.121077,-0.217904,-0.720087,-1.40226,-3.11448,-0.200922
1244,41,Female,Other religion,Married,No,Bereaved,3,NA,,20260909002,-10.6467,-0.765089,-10.1986,-1.93497,-11.435,-0.198001,-0.138323,0.0436549,0.0873124,-0.181331,0.733521,0.418939,0.483482,0.724246,1.71896,1.37644,0.272198,1.07755,1.07865,1.75762,8.96916,-0.137861,-0.0848477,-0.252984,-0.568863,-1.41218,-3.1416,-0.196288
1245,59,Female,Christian,Single,No,None,2,NA,,20260909002,-9.99663,-1.03035,-9.3633400000000009,-1.91544,-10.7121,-0.104516,0.130231,0.140942,-0.0475301,-0.0129231,1.16005,0.575162,0.591134,0.861928,1.91308,1.76616,0.413037,1.25129,1.16147,1.96854,8.00123,-0.201388,-0.14667,-0.229241,-0.650711,-1.359,-3.06552,-0.224613
1246,44,Female,Muslim,Married,Yes,None,2,5,Institutional Trust and Technocratic Governance,20260909002,-8.6183,-0.677933,-8.05626,-1.8849,-9.19841,-0.306967,-0.203278,0.00716574,0.0482141,-0.198321,0.975393,0.31129,0.439345,0.700188,1.49231,1.74997,0.342879,1.16105,1.19603,1.8181,6.82111,-0.13767,-0.0970119,-0.267127,-0.657945,-1.42201,-3.1344,-0.199094
1247,52,Female,No religion,Married,No,Bereaved,4,NA,,20260909002,-9.0733,-0.820332,-8.5143,-1.80249,-9.86985,-0.234112,-0.0323014,0.148717,0.027519,-0.0268338,1.13737,0.523495,0.50048,0.60506,1.9871,1.79805,0.356769,1.19497,1.24428,2.08563,7.21476,-0.129927,-0.0660554,-0.211482,-0.629234,-1.40737,-3.09609,-0.178226
1248,65,Female,Christian,Widowed,No,Had COVID,3,NA,,20260909002,-9.97399,-0.962854,-9.16335,-1.78428,-10.8555,-0.166105,-0.0894885,0.0290702,-0.0860841,-0.0795296,1.08845,0.547803,0.507525,0.832199,2.14858,2.01812,0.610389,1.16238,1.24794,2.33244,7.94324,-0.171095,-0.107414,-0.256154,-0.695783,-1.38017,-3.11904,-0.188342
1249,44,Female,No religion,Married,No,Had COVID,4,NA,,20260909002,-8.75335,-0.720277,-8.23039,-1.66076,-9.38078,-0.328513,-0.198475,-0.0171043,-0.156773,-0.378523,0.897375,0.394331,0.410256,0.619258,1.6779,1.66517,0.382954,1.08365,1.16725,1.76521,7.09834,-0.21538,-0.14717,-0.232505,-0.659082,-1.39002,-3.1105,-0.220678
1250,44,Male,No religion,Married,No,Long COVID,1,NA,,20260909002,-9.1482,-0.990388,-8.54327,-2.11206,-9.92076,-0.208649,-0.105194,0.0765337,0.120597,-0.200401,1.25241,0.670817,0.617345,1.05735,1.88558,1.89301,0.646575,1.25058,1.56043,2.01164,7.2439,-0.177977,-0.147853,-0.215928,-0.651929,-1.37095,-3.07621,-0.182312
1251,46,Female,No religion,Married,Yes,None,4,NA,,20260909002,-10.1823,-1.06262,-9.5282,-1.92461,-10.9428,-0.291403,-0.0628828,0.0320219,-0.0389557,-0.0916727,1.01494,0.649078,0.545747,0.804041,1.85757,1.82259,0.608009,1.27438,1.38223,2.04317,8.23627,-0.165318,-0.120057,-0.23537,-0.675,-1.38095,-3.14017,-0.2076
1252,22,Male,No religion,Single,No,Long COVID,3,NA,,20260909002,-11.2245,-0.975424,-10.5869,-1.79172,-11.8349,-0.286967,-0.19027,0.0589394,-0.0557643,-0.149812,1.30264,0.80205,0.638788,0.656909,1.96792,1.89169,0.610444,1.28513,1.19721,1.99688,9.30152,-0.178258,-0.154974,-0.243106,-0.628059,-1.38434,-3.08808,-0.202105
1253,26,Male,Christian,Divorced,No,None,2,NA,,20260909002,-12.8153,-0.94096900000000006,-12.2379,-1.85962,-13.2655,-0.318082,-0.0804934,0.079261,-0.0288085,-0.28063,1.07126,0.542017,0.603909,0.887836,1.49076,1.97676,0.589522,1.27053,1.3465,1.92285,10.9984,-0.191362,-0.175457,-0.243512,-0.638322,-1.38265,-3.09106,-0.172255
1254,48,Male,Christian,Single,No,None,3,NA,,20260909002,-9.25581,-0.903591,-8.68578,-1.93945,-9.91577,-0.240257,-0.120669,0.00964295,-0.0715335,-0.213681,1.24463,0.764647,0.725959,1.11572,1.93121,1.97219,0.672117,1.34741,1.6061,2.15715,7.37687,-0.160317,-0.114203,-0.292467,-0.744803,-1.42003,-3.17615,-0.163869
1255,60,Female,No religion,Married,No,None,2,5,Institutional Trust and Technocratic Governance,20260909002,-10.1068,-0.75359,-9.53383,-1.71875,-10.8354,-0.296296,-0.22822,-0.0484089,-0.1101,-0.231838,0.717469,0.360782,0.366712,0.608628,1.64432,1.62316,0.471322,1.11605,1.1475,2.01873,8.44131,-0.163142,-0.139142,-0.247475,-0.617898,-1.40768,-3.05828,-0.175196
1256,73,Female,Christian,Widowed,No,None,2,NA,,20260909002,-10.1667,-0.865468,-9.60105,-1.98814,-10.6276,-0.330302,-0.25948,0.0312165,-0.117978,-0.308851,1.19341,0.531628,0.722459,0.991679,1.73179,1.91264,0.62574,1.34108,1.36791,1.9666,8.23841,-0.191479,-0.130875,-0.246591,-0.669194,-1.3841,-3.10782,-0.174094
1257,34,Male,Christian,Single,Yes,None,3,NA,,20260909002,-10.289,-0.782352,-9.66555,-1.78237,-10.9081,-0.215623,-0.179949,0.143723,-0.029424,-0.159322,0.988038,0.406966,0.411564,0.693904,1.69958,1.72235,0.459535,1.18058,1.19793,1.95134,8.44242,-0.198434,-0.155676,-0.272815,-0.728389,-1.38213,-3.164,-0.209056
1258,64,Male,Not answered,Married,No,None,3,2,Libertarianism,20260909002,-10.185,-0.742908,-9.65598,-1.73423,-10.8741,-0.474264,-0.399414,-0.0647011,-0.217614,-0.445766,1.02877,0.468998,0.505001,0.688368,1.80076,1.67633,0.415962,1.23415,1.19664,2.04803,8.47875,-0.177578,-0.110504,-0.303615,-0.672185,-1.40719,-3.12279,-0.189515
1259,20,Female,Christian,Single,No,Long COVID,4,NA,,20260909002,-10.9363,-0.972892,-10.2022,-1.85314,-11.5831,-0.193411,-0.1719,-0.0307542,-0.0514549,-0.260714,1.1003,0.586358,0.48904,0.707232,1.96663,1.77993,0.50663,1.18428,1.11523,2.10492,8.97102,-0.141401,-0.0886517,-0.220478,-0.649531,-1.41012,-3.10088,-0.181423
1260,27,Female,Christian,Married,Yes,Bereaved,2,NA,,20260909002,-10.0763,-0.826591,-9.61443,-1.93014,-10.9128,-0.184325,-0.00156062,0.0692349,0.0371632,0.0127478,0.874772,0.415882,0.637555,0.908133,1.66638,1.75574,0.403777,1.23461,1.46586,1.75443,8.42169,-0.164711,-0.112929,-0.225721,-0.666547,-1.31681,-3.05257,-0.132316
1261,64,Female,Christian,Married,No,Long COVID,3,NA,,20260909002,-9.90858,-0.874919,-9.2575,-1.94558,-10.4453,-0.306703,-0.0569943,-0.0508186,-0.00514027,-0.269896,1.08211,0.485642,0.565541,0.818994,1.78175,1.8331,0.492873,1.23526,1.39828,1.8032,8.07396,-0.20851,-0.145104,-0.29175,-0.63276,-1.41105,-3.10905,-0.187121
1262,72,Male,Christian,Married,No,None,2,NA,,20260909002,-9.93769,-0.918054,-9.34415,-1.87837,-10.9039,-0.293469,0.00214284,0.0874744,0.0090486,0.170983,1.1051,0.493662,0.469972,0.764017,1.77456,1.6843,0.457631,1.19161,1.3268,1.89652,8.16234,-0.17055,-0.171741,-0.238718,-0.686271,-1.32638,-3.12215,-0.199012
1263,45,Male,No religion,Separated,Yes,None,1,NA,,20260909002,-11.0109,-0.789397,-10.5602,-1.9006,-11.8328,-0.375876,-0.205204,0.105328,-0.0215195,-0.271556,1.02301,0.496754,0.451984,0.718199,1.83664,1.69262,0.409922,1.20456,1.16074,2.10513,9.32354,-0.192154,-0.0671692,-0.245489,-0.677917,-1.35531,-3.08693,-0.169684
1264,22,Female,No religion,Single,No,None,1,NA,,20260909002,-9.64412,-0.737356,-9.05619,-1.76016,-10.3193,-0.394561,-0.215333,-0.10087,-0.177969,-0.277122,1.16469,0.56957,0.601729,0.904255,1.81358,1.65226,0.270415,1.16198,1.18184,1.83786,7.86869,-0.153224,-0.142394,-0.266616,-0.640675,-1.42044,-3.15756,-0.214503
1265,31,Male,Christian,Single,No,None,1,NA,,20260909002,-10.6002,-1.00982,-9.81589,-1.86057,-11.1172,-0.0110056,0.0980384,0.215262,0.198156,0.0400919,1.32308,0.692406,0.574841,0.646986,1.99485,1.92652,0.466427,1.24192,1.29254,1.93464,8.50525,-0.197783,-0.165768,-0.282033,-0.715608,-1.41435,-3.13762,-0.177406
1266,37,Female,Christian,Married,Yes,None,2,NA,,20260909002,-8.17911,-0.758623,-7.654,-1.7893,-9.01264,-0.225997,-0.186061,-0.0356028,0.0573063,-0.225527,0.936227,0.439823,0.502663,0.417375,1.81797,1.66822,0.444757,1.28758,1.0826,2.07432,6.40544,-0.174607,-0.105582,-0.259907,-0.690355,-1.41654,-3.16111,-0.168149
1267,37,Female,No religion,Married,Yes,None,1,NA,,20260909002,-10.6359,-0.789499,-10.0368,-1.89474,-11.4574,-0.403854,-0.317761,0.0250109,0.0552745,-0.302735,0.978429,0.558103,0.44667,0.673841,1.89495,1.83573,0.420009,1.15371,1.19024,2.09536,8.85301,-0.140665,-0.103363,-0.261145,-0.649315,-1.39297,-3.14822,-0.181857
1268,25,Male,Christian,Single,No,None,1,NA,,20260909002,-9.07679,-0.650919,-8.51178,-1.5906,-9.77436,-0.490075,-0.410738,-0.0911335,-0.269354,-0.689494,1.07554,0.672199,0.446994,0.714033,2.15078,1.65015,0.34977,1.12149,0.970147,1.99295,7.44829,-0.16795,-0.11679,-0.234952,-0.658628,-1.38701,-3.09173,-0.188469
1269,18,Male,Christian,Single,No,None,4,NA,,20260909002,-9.18602,-0.807647,-8.51049,-1.97585,-9.94073,-0.419187,-0.282534,-0.0728352,0.00186017,-0.402088,1.33641,0.678542,0.661591,0.873908,2.08207,1.70942,0.358473,1.24586,1.2807,1.88024,7.32562,-0.162258,-0.140577,-0.259281,-0.710214,-1.34615,-3.15051,-0.157053
1270,90,Male,No religion,Married,No,Bereaved,1,NA,,20260909002,-10.7471,-0.823227,-10.3101,-1.95881,-11.3343,-0.389866,-0.333108,0.0794494,-0.0378961,-0.465487,1.0685500000000001,0.5996,0.561751,0.901763,1.82409,1.80098,0.478846,1.17039,1.34337,1.96956,8.97442,-0.165319,-0.108673,-0.240242,-0.583991,-1.41228,-3.0491,-0.203069
1271,76,Male,No religion,Married,No,Had COVID,4,NA,,20260909002,-9.98997,-0.95377,-9.41352,-1.87491,-10.675,-0.26487,-0.160752,0.101087,-0.00443979,-0.221286,1.17806,0.770673,0.711642,0.979335,1.90191,1.83235,0.491217,1.21574,1.19286,1.87005,8.10777,-0.191169,-0.148766,-0.276441,-0.659906,-1.38347,-3.06975,-0.183298
1272,49,Female,Christian,Single,No,Had COVID,3,5,Institutional Trust and Technocratic Governance,20260909002,-10.7283,-0.82191,-10.0385,-1.86275,-11.2835,-0.213059,-0.137898,-0.0412536,0.0552434,-0.27379,0.805397,0.314785,0.36759,0.549699,1.5404,1.8066,0.508966,1.17239,1.18478,1.9436,8.9217,-0.193068,-0.111797,-0.293826,-0.645616,-1.38649,-3.12538,-0.145439
1273,61,Male,Muslim,Married,No,None,2,NA,,20260909002,-9.14989,-0.836402,-8.66642,-1.85422,-9.8059,-0.278661,-0.0528187,0.129712,0.0170423,-0.152927,1.07935,0.413213,0.491893,0.570068,1.61225,1.57651,0.223799,1.26769,1.09286,1.72597,7.2998,-0.166837,-0.142397,-0.227795,-0.609888,-1.42292,-3.20055,-0.200613
1274,43,Female,No religion,Single,Yes,None,2,4,Conspiracy Ideation,20260909002,-9.77731,-0.738455,-9.24563,-1.77422,-10.4544,-0.181356,-0.0308616,0.0737665,0.036176,0.0240897,0.996782,0.439247,0.571006,0.787512,1.60328,1.5924,0.235559,1.30214,1.25669,1.69196,7.98595,-0.193399,-0.13822,-0.253163,-0.65815,-1.41043,-3.14791,-0.180913
1275,32,Female,No religion,Single,Yes,Had COVID,4,NA,,20260909002,-9.38317,-0.782745,-8.79037,-1.82976,-10.2892,-0.211904,-0.216574,-0.0675186,-0.11932,-0.350095,0.845115,0.379794,0.442826,0.681095,1.91793,1.67035,0.436212,1.13444,1.21774,2.16605,7.62118,-0.16658,-0.0979256,-0.276722,-0.678176,-1.39527,-3.13312,-0.208197
1276,90,Female,Christian,Married,No,Had COVID,2,4,Conspiracy Ideation,20260909002,-9.16966,-0.716917,-8.81955,-1.62993,-10.0066,-0.332266,-0.207435,5.39332e-5,-0.0277188,-0.233637,0.867216,0.43638,0.554727,0.648404,1.8462,1.45032,0.217929,1.19099,0.892474,1.9278,7.56359,-0.243982,-0.161306,-0.255588,-0.710508,-1.37899,-3.12292,-0.204611
1277,57,Female,Christian,Married,No,Had COVID,2,NA,,20260909002,-11.8906,-0.83004,-11.2996,-1.87984,-12.7596,-0.315652,-0.113115,0.018223,0.00900434,-0.0522988,1.27483,0.630345,0.605831,0.90489,2.10246,1.81792,0.429808,1.26876,1.24112,2.07223,10.0935,-0.220233,-0.0799056,-0.249462,-0.670975,-1.40657,-3.12627,-0.227195
1278,38,Male,No religion,Married,No,Had COVID,3,NA,,20260909002,-9.90858,-0.874919,-9.2575,-1.94558,-10.4453,-0.306703,-0.0569943,-0.0508186,-0.00514027,-0.269896,1.08211,0.485642,0.565541,0.818994,1.78175,1.8331,0.492873,1.23526,1.39828,1.8032,8.07396,-0.20851,-0.145104,-0.29175,-0.63276,-1.41105,-3.10905,-0.187121
1279,45,Male,Not answered,Married,No,Had COVID,1,NA,,20260909002,-10.8817,-0.891055,-10.3197,-1.87195,-11.4745,-0.433368,-0.312846,-0.0168761,-0.225874,-0.324059,1.08988,0.54395,0.577557,0.789231,1.75403,1.83715,0.559607,1.31822,1.31362,2.03521,9.02985,-0.151154,-0.0620212,-0.320934,-0.691258,-1.43225,-3.16255,-0.17726
1280,75,Female,No religion,Single,No,Had COVID,4,NA,,20260909002,-9.6232,-0.919806,-8.9985,-1.93251,-10.5267,-0.161746,-0.0913308,0.118655,0.0701904,-0.158202,1.09793,0.644389,0.546984,0.792863,2.01993,1.74253,0.51564,1.10172,1.29049,2.09815,7.77738,-0.166222,-0.13907,-0.292,-0.701089,-1.35872,-3.16042,-0.180873
1281,45,Male,Not answered,Single,Yes,Had COVID,1,NA,,20260909002,-9.11422,-0.822341,-8.43539,-1.8147,-9.7103,-0.331628,-0.209384,-0.0117229,-0.100624,-0.38173,1.19998,0.588053,0.543313,0.902718,1.83323,2.01354,0.609304,1.23038,1.26629,2.24892,7.2378,-0.17995,-0.133469,-0.246114,-0.672643,-1.3866,-3.11824,-0.202422
1282,27,Male,No religion,Single,Yes,None,3,NA,,20260909002,-11.4471,-0.845713,-10.9723,-1.88219,-12.3481,-0.471879,-0.326714,-0.112101,-0.206011,-0.35723,1.20895,0.704839,0.736354,0.878884,2.20999,1.79277,0.552706,1.35482,1.24968,2.2697600000000002,9.67367,-0.152631,-0.10618,-0.236424,-0.646837,-1.39506,-3.17962,-0.195369
1283,53,Male,No religion,Married,No,Had COVID,3,NA,,20260909002,-10.1581,-0.895538,-9.71455,-1.97263,-10.9773,-0.22441,-0.0600688,0.0677307,0.00581008,-0.0861814,1.03005,0.527446,0.67403,0.773619,1.88501,1.9576,0.666821,1.46266,1.52979,2.21762,8.3272,-0.177188,-0.130322,-0.249807,-0.642,-1.37205,-3.15468,-0.212076
1284,43,Female,Christian,Divorced,No,None,3,NA,,20260909002,-10.5554,-0.968495,-10.0786,-1.96892,-11.3333,-0.214909,-0.0116083,0.131177,0.0672705,-0.133415,0.993624,0.616424,0.555178,0.708099,1.85761,1.72404,0.573281,1.36912,1.32208,2.0128,8.76509,-0.156648,-0.101382,-0.241213,-0.688361,-1.35451,-3.12308,-0.182332
1285,40,Female,Christian,Married,Yes,Bereaved,4,NA,,20260909002,-8.84055,-0.983662,-8.12641,-1.83095,-9.52932,-0.241814,-0.158909,-0.00861335,-0.0314205,-0.158503,1.16337,0.577874,0.557397,0.733439,2.01022,1.92845,0.66243,1.29554,1.39793,2.17156,6.81965,-0.195034,-0.107327,-0.277761,-0.730196,-1.42993,-3.14459,-0.201273
1286,51,Male,Christian,Married,No,None,2,NA,,20260909002,-9.00692,-0.818056,-8.34048,-1.6945,-9.71986,-0.209415,-0.117847,0.0545856,-0.0382338,-0.141877,1.00197,0.435071,0.393883,0.633354,1.7885,1.8339,0.546596,1.21398,1.25769,2.15437,7.14315,-0.186638,-0.145608,-0.273224,-0.700453,-1.40955,-3.15767,-0.198571
1287,56,Female,Christian,Married,No,None,2,NA,,20260909002,-11.1255,-0.983328,-10.5092,-1.91402,-11.9106,-0.147133,-0.00353151,0.10568,0.128189,-0.0762974,1.09421,0.587618,0.563874,0.842525,1.88551,1.83367,0.708491,1.30767,1.38994,2.22066,9.25788,-0.157978,-0.15686,-0.262068,-0.678905,-1.40581,-3.19002,-0.213473
1288,59,Female,No religion,Married,No,Had COVID,1,NA,,20260909002,-9.05111,-0.718341,-8.46994,-1.51995,-9.84131,-0.205754,-0.136552,-0.0392887,-0.131966,-0.241983,0.841941,0.350632,0.400897,0.385602,1.78567,1.68161,0.449925,1.19411,1.07154,1.89592,7.36617,-0.135046,-0.114245,-0.234129,-0.68006200000000006,-1.35817,-3.10788,-0.180577
1289,77,Male,Other religion,Married,No,Had COVID,4,NA,,20260909002,-11.8512,-0.909077,-11.2088,-2.06197,-12.4963,-0.253001,-0.240617,0.0404946,-0.0895688,-0.229285,1.22015,0.594599,0.670877,1.05455,1.85355,2.00451,0.657046,1.34927,1.54572,2.21504,9.87803,-0.214572,-0.175643,-0.189416,-0.649216,-1.34968,-3.05252,-0.18906
1290,31,Female,No religion,Divorced,No,None,2,NA,,20260909002,-10.1589,-0.758656,-9.60108,-1.70842,-10.9242,-0.0665133,-0.120339,-0.0403176,-0.0574235,-0.263043,0.761508,0.424998,0.446142,0.578679,1.757,1.47887,0.331197,1.01159,1.14865,1.90102,8.495,-0.151449,-0.106471,-0.231252,-0.667058,-1.41151,-3.1069,-0.218795
1291,79,Female,Muslim,Married,No,None,2,NA,,20260909002,-11.2114,-0.941325,-10.5864,-1.98803,-11.8888,-0.297345,-0.0825087,0.0596111,0.117246,-0.235976,1.26854,0.715376,0.585831,0.930271,2.08299,1.8254,0.586073,1.12207,1.27132,2.13999,9.36949,-0.212666,-0.109305,-0.234438,-0.645841,-1.40951,-3.1262,-0.189545
1292,86,Male,Hindu,Widowed,No,Had COVID,1,NA,,20260909002,-9.33194,-0.835732,-8.75329,-1.75757,-9.90393,-0.235402,-0.0535623,0.00513992,-0.128404,-0.236315,1.06856,0.534264,0.50312,0.661571,1.76538,1.7378,0.523415,1.16927,1.31414,1.89486,7.55345,-0.135307,-0.136388,-0.249163,-0.646034,-1.41185,-3.09267,-0.192398
1293,61,Female,Other religion,Married,No,None,1,NA,,20260909002,-12.6237,-0.981143,-11.8631,-2.0288,-13.1104,-0.0937168,-0.07583,0.0396457,0.0292531,-0.125282,1.23147,0.601617,0.65328,0.870816,1.71157,1.8718,0.519219,1.20375,1.34396,1.84102,10.5879,-0.155457,-0.16399,-0.251768,-0.653099,-1.42816,-3.1514,-0.205023
1294,42,Female,Christian,Single,No,None,4,NA,,20260909002,-8.06553,-0.929894,-7.51814,-2.06529,-8.79143,-0.109895,0.0848979,0.119926,0.116562,-0.035288,1.08578,0.527327,0.615288,0.944688,1.80694,1.6964,0.470596,1.23024,1.30977,1.95547,6.17997,-0.155276,-0.0576277,-0.253232,-0.605332,-1.38059,-3.12799,-0.203341
1295,81,Female,Christian,Widowed,No,None,1,NA,,20260909002,-10.4088,-1.0946,-9.74445,-1.91756,-11.0481,-0.349772,-0.1847,-0.0848306,-0.0864253,-0.232189,1.34121,0.957981,0.795499,0.908933,2.18436,2.08922,0.801645,1.43939,1.53986,2.17191,8.41669,-0.190486,-0.125376,-0.314393,-0.694604,-1.4234,-3.0966,-0.217215
1296,18,Male,Not answered,Single,No,None,1,NA,,20260909002,-8.51787,-0.782004,-7.8384,-1.65873,-9.04821,-0.347046,-0.354971,-0.0714188,-0.233946,-0.398515,1.22227,0.632512,0.626025,0.966988,1.81423,1.93329,0.570011,1.23081,1.3029,1.99939,6.62864,-0.165183,-0.203241,-0.287233,-0.675092,-1.40846,-3.16239,-0.1833
1297,46,Female,Christian,Married,No,Bereaved,3,NA,,20260909002,-10.3321,-0.97297,-9.71145,-1.9737,-10.8997,-0.250599,-0.127634,0.0803165,-0.0497641,-0.12597,1.05207,0.500351,0.557985,0.612816,1.70728,1.92224,0.626222,1.2847,1.4032,2.00287,8.35598,-0.191562,-0.0773375,-0.261286,-0.653093,-1.37637,-3.11171,-0.196935
1298,71,Female,No religion,Married,No,None,3,NA,,20260909002,-10.3051,-0.990514,-9.52185,-2.10896,-11.0159,-0.332796,-0.183255,-0.142258,-0.0129533,-0.176917,1.21195,0.674165,0.560676,0.946451,2.08165,1.96663,0.681646,1.31526,1.52068,2.30084,8.31174,-0.135619,-0.108669,-0.280573,-0.655356,-1.41139,-3.13889,-0.15431
1299,34,Female,No religion,Single,No,None,3,NA,,20260909002,-11.0398,-0.778559,-10.3421,-1.98117,-11.4481,-0.147248,-0.205162,0.0602916,-0.0185241,-0.503559,0.976974,0.386481,0.434995,0.851534,1.56555,1.77966,0.361156,1.14913,1.36578,1.76449,9.18155,-0.182646,-0.152912,-0.235147,-0.615374,-1.36989,-3.11393,-0.169641
1300,27,Female,Christian,Married,No,None,2,NA,,20260909002,-11.356,-1.00096,-10.6591,-1.84981,-12.1431,-0.0875071,-0.0116832,0.127964,-0.0566311,-0.0681011,1.04665,0.625345,0.621635,0.733237,1.96858,1.76873,0.573239,1.14806,1.2981,2.12933,9.41902,-0.199707,-0.166004,-0.24554,-0.704152,-1.36724,-3.09684,-0.210735
1301,35,Male,Muslim,Single,Yes,Had COVID,3,NA,,20260909002,-11.476,-0.787085,-10.6449,-1.92832,-12.0384,-0.202616,-0.185315,-0.0282104,0.034206,-0.319682,1.18199,0.529587,0.50557,0.865797,1.91464,1.93827,0.539864,1.229,1.43295,2.12247,9.54323,-0.211224,-0.154807,-0.246331,-0.613053,-1.33965,-3.06951,-0.188707
1302,47,Male,No religion,Married,No,Long COVID,3,NA,,20260909002,-8.59756,-1.05934,-7.78679,-1.92504,-9.50179,-0.212079,-0.108707,-0.0430463,-0.136323,-0.150825,1.03568,0.693734,0.480377,0.833409,2.11929,1.82021,0.564914,1.08027,1.33081,2.26321,6.59118,-0.148677,-0.102484,-0.269448,-0.698773,-1.42298,-3.11375,-0.155498
1303,27,Female,Christian,Single,No,Had COVID,4,NA,,20260909002,-11.122,-0.954989,-10.4651,-1.94726,-11.7844,-0.14743,-0.048215,0.0248505,0.015587,-0.0818527,1.11164,0.622404,0.516834,0.972239,1.83671,1.76434,0.565578,1.27686,1.39357,2.05031,9.21198,-0.21943,-0.159964,-0.238631,-0.656356,-1.37446,-3.10927,-0.212617
1304,32,Female,No religion,Single,No,None,1,NA,,20260909002,-10.7425,-0.963334,-10.1284,-2.12275,-11.3912,-0.0490346,0.0369495,0.194738,0.2271,-0.0500229,1.27102,0.623823,0.652432,0.885455,1.98588,1.83036,0.464614,1.3476,1.33903,2.00981,8.68321,-0.190111,-0.122589,-0.298508,-0.683999,-1.44864,-3.21128,-0.172058
1305,29,Male,No religion,Single,No,None,3,NA,,20260909002,-9.74987,-0.921924,-9.15751,-1.70056,-10.4104,-0.335582,-0.227753,-0.0475675,-0.311982,-0.209737,1.02698,0.630187,0.507509,0.650489,1.75379,1.70778,0.536999,1.24099,1.15739,2.00124,7.88552,-0.173198,-0.124913,-0.238748,-0.637539,-1.44274,-3.09676,-0.178331
1306,63,Male,Other religion,Single,No,None,2,NA,,20260909002,-10.5213,-0.793782,-9.94746,-1.8421,-11.2924,-0.348383,-0.142134,-0.0402941,-0.115961,-0.19646,1.1188,0.59702,0.481442,0.794199,1.86921,1.95354,0.591042,1.30858,1.50367,2.18834,8.79142,-0.14077,-0.106058,-0.247468,-0.650406,-1.39792,-3.22654,-0.187804
1307,78,Female,No religion,Widowed,No,None,1,NA,,20260909002,-9.00692,-0.818056,-8.34048,-1.6945,-9.71986,-0.209415,-0.117847,0.0545856,-0.0382338,-0.141877,1.00197,0.435071,0.393883,0.633354,1.7885,1.8339,0.546596,1.21398,1.25769,2.15437,7.14315,-0.186638,-0.145608,-0.273224,-0.700453,-1.40955,-3.15767,-0.198571
1308,49,Female,No religion,Married,Yes,None,3,NA,,20260909002,-10.4948,-1.14267,-9.64101,-2.02703,-11.1437,-0.206638,-0.143319,0.0449735,0.0662975,-0.171767,1.16703,0.674969,0.567263,0.880393,1.93539,2.10406,0.760621,1.43212,1.4036,2.33466,8.29422,-0.192939,-0.114196,-0.260866,-0.689895,-1.36674,-3.06268,-0.174931
1309,67,Male,No religion,Single,No,Bereaved,2,NA,,20260909002,-10.0717,-0.8787,-9.50962,-1.99835,-10.7888,-0.372675,-0.282064,0.00510732,-0.0553959,-0.35426,0.939482,0.447263,0.523099,0.892703,1.85675,1.73407,0.54798500000000006,1.24303,1.48174,1.95664,8.23069,-0.181506,-0.121077,-0.217904,-0.720087,-1.40226,-3.11448,-0.200922
1310,29,Male,Christian,Single,No,Bereaved,3,NA,,20260909002,-10.0671,-0.757833,-9.37806,-1.98687,-10.7481,-0.269721,-0.177847,-0.0318417,-0.13345,-0.268659,1.16056,0.482362,0.474597,0.920979,1.90501,1.80137,0.494984,1.13595,1.3981,2.0666,8.29007,-0.222001,-0.173728,-0.171668,-0.625912,-1.36525,-3.10224,-0.193716
1311,51,Female,No religion,Married,No,None,1,NA,,20260909002,-9.18446,-1.01821,-8.63564,-1.94389,-9.71073,-0.187231,-0.106183,0.0672789,-0.010063,-0.280085,1.16431,0.600817,0.671782,0.816796,1.89024,1.98078,0.699865,1.44371,1.37633,2.24063,7.14939,-0.203097,-0.129341,-0.26329,-0.675149,-1.4542,-3.20339,-0.206429
1312,68,Female,No religion,Single,No,Had COVID,3,NA,,20260909002,-8.83442,-0.788476,-8.22407,-1.67352,-9.57191,-0.148719,-0.0225087,0.143425,0.104367,-0.170368,1.00642,0.448113,0.432292,0.429009,1.82228,1.73485,0.380095,1.09243,1.01397,1.9958,7.05322,-0.156562,-0.122901,-0.292019,-0.676836,-1.37704,-3.13797,-0.170325
1313,40,Male,No religion,Single,No,Had COVID,4,NA,,20260909002,-10.8914,-0.938501,-10.1076,-1.90721,-11.3647,-0.196607,-0.109741,0.0334772,0.0385104,-0.327119,1.249,0.59636,0.464941,0.760487,1.83081,1.89851,0.622334,1.1557,1.29149,2.04917,8.91372,-0.159205,-0.11896,-0.326411,-0.749356,-1.42772,-3.21867,-0.216434
1314,70,Male,Christian,Married,No,Bereaved,2,NA,,20260909002,-11.4263,-0.829271,-11.0567,-1.89333,-12.3121,-0.205117,-0.0428241,0.00249442,0.0606958,-0.14316,1.03233,0.604293,0.742633,0.943225,1.95413,1.61586,0.489582,1.47246,1.38123,2.1477,9.73597,-0.209399,-0.106499,-0.201055,-0.66646,-1.43727,-3.17661,-0.264459
1315,33,Male,Muslim,Single,No,Had COVID,4,NA,,20260909002,-10.043,-0.648996,-9.54958,-1.62215,-10.6172,-0.437861,-0.328362,-0.0737512,-0.148563,-0.540248,0.948647,0.534904,0.515631,0.670376,1.63735,1.71338,0.516591,1.20217,1.12209,1.90296,8.46404,-0.180322,-0.108263,-0.269964,-0.699643,-1.35974,-3.06993,-0.187419
1316,59,Female,Christian,Married,No,Had COVID,2,NA,,20260909002,-9.69027,-0.858404,-9.10416,-2.00014,-10.4429,-0.431728,-0.285455,-0.0788109,-0.0814561,-0.340101,1.18504,0.653694,0.564472,0.983432,2.06505,1.64112,0.436267,1.09913,1.19888,2.03893,7.89353,-0.187271,-0.131925,-0.284032,-0.653916,-1.41007,-3.12796,-0.192465
1317,73,Male,Christian,Widowed,No,None,1,NA,,20260909002,-10.6825,-0.861504,-10.2461,-1.89891,-11.2754,-0.258087,-0.10014,0.105289,0.0960907,-0.214643,0.790118,0.36278,0.420175,0.626393,1.55679,1.75083,0.495979,1.25794,1.33434,1.92837,8.93569,-0.190545,-0.136333,-0.238115,-0.630999,-1.43477,-3.12357,-0.206399
1318,26,Male,No religion,Married,No,Had COVID,3,NA,,20260909002,-10.5015,-0.81488,-9.86726,-2.04261,-11.0879,-0.107547,-0.123414,0.0820384,0.189064,-0.225893,1.14112,0.582579,0.618948,0.905183,1.7713699999999999,1.68829,0.542507,1.24502,1.40531,2.07901,8.62113,-0.177974,-0.124578,-0.20253,-0.647771,-1.42558,-3.17035,-0.229519
1319,54,Male,Christian,Divorced,No,Bereaved,3,NA,,20260909002,-9.46033,-0.741001,-9.01892,-1.89546,-10.1394,-0.540963,-0.304694,0.00355177,-0.292786,-0.461385,0.853538,0.234116,0.390975,0.716792,1.64516,1.78727,0.444043,1.23658,1.38168,2.04891,7.72096,-0.132967,-0.0261859,-0.311203,-0.691575,-1.4269,-3.19005,-0.158479
1320,43,Male,Christian,Single,No,None,2,NA,,20260909002,-12.5879,-0.75567,-12.0827,-1.82712,-13.3142,-0.325034,-0.100901,0.170002,-0.0105629,-0.205282,1.14499,0.512441,0.530412,0.754155,1.68279,1.88967,0.530051,1.25366,1.30319,2.04704,10.9252,-0.162016,-0.140894,-0.167476,-0.637798,-1.38598,-3.15243,-0.183245
1321,32,Male,Christian,Single,No,None,3,NA,,20260909002,-10.5421,-0.877138,-10.08,-1.77624,-11.4371,-0.336065,-0.0975085,0.091571,0.00391774,-0.150944,0.82166,0.450297,0.440282,0.694365,1.7392,1.81633,0.619393,1.28444,1.27123,2.21364,8.87205,-0.175895,-0.121871,-0.250385,-0.653938,-1.37206,-3.14407,-0.216952
1322,20,Male,Christian,Married,No,Had COVID,4,NA,,20260909002,-8.84636,-0.866387,-8.30318,-1.99198,-9.46965,-0.333792,-0.162552,0.0670159,0.141017,-0.294268,1.06482,0.601212,0.654526,0.869034,1.89726,1.97417,0.586293,1.37387,1.58898,2.03786,6.99547,-0.217391,-0.170379,-0.272322,-0.725253,-1.40201,-3.16096,-0.223254
1323,36,Male,Christian,Single,Yes,Bereaved,3,2,Libertarianism,20260909002,-12.2689,-0.868859,-11.4916,-2.07201,-12.6622,-0.173992,-0.0553485,0.102295,0.0635134,-0.154713,1.19145,0.477691,0.589673,0.847557,1.69456,2.00716,0.501286,1.24381,1.42349,1.92508,10.2382,-0.195488,-0.131387,-0.266694,-0.678056,-1.42858,-3.1728,-0.175582
1324,39,Female,No religion,Single,No,Had COVID,3,NA,,20260909002,-11.3696,-0.818256,-10.811,-1.92799,-11.8629,-0.178887,-0.160511,0.0621436,-0.00704129,-0.28042,1.0955,0.537032,0.579715,0.785663,1.7012,1.84384,0.514868,1.27928,1.24443,1.95215,9.47895,-0.182731,-0.0629296,-0.231735,-0.619857,-1.4550399999999999,-3.14335,-0.215916
1325,83,Male,No religion,Married,No,None,4,NA,,20260909002,-10.7877,-0.970282,-10.0731,-1.98095,-11.247,-0.164236,0.0390634,0.100965,0.173123,-0.277031,1.31116,0.663834,0.671643,1.06814,1.9025,1.95387,0.556991,1.33702,1.33351,2.07715,8.74543,-0.171818,-0.146712,-0.283761,-0.709377,-1.42461,-3.19058,-0.217838
1326,41,Male,Christian,Single,No,Had COVID,3,NA,,20260909002,-10.7937,-0.771818,-10.2522,-1.89377,-11.5457,-0.225115,-0.10431699999999999,0.0657437,-0.030252,-0.14657800000000001,1.0217,0.443334,0.569075,0.889957,1.65278,1.81599,0.486606,1.1581,1.30765,1.9869,9.09417,-0.185705,-0.126935,-0.268142,-0.707655,-1.37012,-3.15697,-0.193067
1327,51,Female,Christian,Widowed,No,None,1,NA,,20260909002,-9.50706,-0.926493,-8.80663,-1.83787,-10.2792,-0.131733,-0.0351896,0.111101,0.00301881,-0.270441,0.93653,0.530586,0.437185,0.809401,1.80983,1.74145,0.540072,1.05284,1.27402,2.23098,7.68039,-0.207018,-0.173623,-0.201158,-0.672416,-1.36438,-3.10835,-0.184636
1328,78,Female,Christian,Widowed,No,None,3,NA,,20260909002,-7.59296,-0.908805,-6.91646,-1.96472,-8.45159,-0.188123,-0.051467,-0.00344533,-0.111981,0.0276434,1.18009,0.592324,0.582026,0.963384,1.99872,1.99124,0.61114,1.29955,1.58076,2.23149,5.63594,-0.210791,-0.142969,-0.241794,-0.670439,-1.35528,-3.10391,-0.195692
1329,68,Male,Not answered,Married,No,Bereaved,3,4,Conspiracy Ideation,20260909002,-10.8742,-0.719153,-10.21,-1.85865,-11.4055,-0.218224,-0.137555,-0.020586,0.0616854,-0.463966,1.00466,0.343953,0.499835,0.596329,1.77961,1.84566,0.352602,1.22546,1.27165,1.94208,9.03026,-0.187001,-0.151826,-0.206425,-0.670995,-1.43427,-3.17937,-0.215901
1330,69,Female,No religion,Widowed,No,None,2,NA,,20260909002,-9.75777,-0.842409,-9.13886,-2.00868,-10.2628,-0.391345,-0.272598,0.0470908,-0.0412466,-0.38438,1.03646,0.448836,0.419446,0.738659,1.53182,1.87873,0.378812,1.17122,1.33498,1.80987,7.88117,-0.167663,-0.0893477,-0.235672,-0.675479,-1.43542,-3.14585,-0.117826
1331,41,Female,No religion,Married,Yes,None,4,NA,,20260909002,-7.5315,-0.891211,-6.85711,-1.78059,-8.19423,-0.284801,-0.194547,-0.0138527,-0.0996541,-0.355445,1.09528,0.539323,0.556711,0.727581,1.79426,1.80852,0.63614,1.26801,1.18129,2.21317,5.61344,-0.204056,-0.105139,-0.29218,-0.729232,-1.35945,-3.09724,-0.194602
1332,80,Female,No religion,Married,No,None,4,NA,,20260909002,-10.082,-0.881941,-9.52205,-1.87734,-10.7908,-0.206523,-0.171435,0.0296955,-0.0292618,-0.253317,1.04702,0.507147,0.459308,0.819875,1.73516,1.59286,0.427679,1.21898,1.1935500000000001,1.7785,8.26282,-0.17947,-0.156024,-0.241639,-0.660563,-1.34925,-3.08762,-0.193829
1333,68,Male,No religion,Married,No,None,4,NA,,20260909002,-9.9078,-0.947614,-9.22519,-1.94503,-10.6387,-0.279614,-0.144537,-0.101401,-0.108194,-0.221078,1.13961,0.661762,0.57684,0.838359,1.95828,1.85424,0.65175,1.23851,1.39069,2.1366,8.03856,-0.175831,-0.146361,-0.281675,-0.683461,-1.39323,-3.14329,-0.153166
1334,57,Male,No religion,Married,No,None,4,NA,,20260909002,-11.3811,-0.905876,-10.7224,-2.0143,-12.0845,-0.291655,-0.220361,-0.123483,-0.125806,-0.426697,0.92967,0.464159,0.469245,0.799244,1.83122,1.77984,0.500997,1.27609,1.37485,2.18739,9.51751,-0.180165,-0.0618496,-0.244024,-0.62888,-1.38981,-3.15134,-0.173818
1335,42,Male,Christian,Divorced,No,Bereaved,1,NA,,20260909002,-10.436,-0.818761,-9.9471,-1.92369,-11.2508,-0.217291,-0.129203,0.0923747,0.0515198,-0.135339,1.04278,0.469232,0.518039,0.631761,1.77904,1.68935,0.471914,1.22424,1.2625,2.03499,8.67477,-0.152267,-0.125085,-0.267739,-0.677686,-1.37629,-3.12998,-0.158966
1336,18,Female,Hindu,Single,No,None,2,NA,,20260909002,-9.91418,-0.971024,-9.24877,-1.99202,-10.403,-0.215801,-0.171536,-0.0313614,-0.0692675,-0.374573,1.12757,0.6011,0.603763,0.971129,1.94241,1.82201,0.573542,1.19337,1.4103,1.97638,7.92426,-0.171906,-0.0928983,-0.27967,-0.685945,-1.45453,-3.12806,-0.181624
1337,50,Male,No religion,Divorced,No,None,2,NA,,20260909002,-10.4828,-0.731124,-10.0569,-1.78684,-11.2193,-0.177049,-0.0167507,0.0662513,-0.0733467,0.0202464,0.736091,0.279405,0.568539,0.828005,1.62186,1.67573,0.391859,1.21289,1.23513,1.80446,8.85292,-0.107218,-0.0936987,-0.284624,-0.65501,-1.40225,-3.10561,-0.151162
1338,54,Female,No religion,Married,No,Bereaved,2,NA,,20260909002,-10.1275,-0.836839,-9.49256,-1.77981,-10.8199,-0.0592708,0.0285547,0.150023,0.16346,0.111495,0.967354,0.421156,0.519314,0.494408,1.61782,1.83081,0.544301,1.28273,1.1348800000000001,2.05449,8.26174,-0.149866,-0.0759072,-0.2755,-0.656895,-1.36949,-3.14137,-0.139464
1339,58,Male,No religion,Divorced,No,Long COVID,3,NA,,20260909002,-10.4646,-0.867847,-9.86817,-1.89935,-11.1429,-0.387236,-0.197609,0.0170115,-0.168883,-0.386008,0.88359,0.425362,0.452838,0.724266,1.77083,1.74821,0.477989,1.22155,1.35115,1.98379,8.62442,-0.200039,-0.129876,-0.267352,-0.679194,-1.41386,-3.13699,-0.174375
1340,55,Female,Christian,Widowed,No,Had COVID,2,NA,,20260909002,-8.32383,-0.874977,-7.69076,-1.7846,-8.82238,-0.234416,-0.0531433,0.0205731,-0.14079,-0.186829,0.988931,0.478201,0.40281,0.811979,1.49239,1.75956,0.469597,1.21193,1.28816,1.71044,6.46531,-0.135184,-0.0997261,-0.252067,-0.66193,-1.43268,-3.15337,-0.176664
1341,69,Male,Muslim,Widowed,No,None,3,NA,,20260909002,-11.2387,-0.880362,-10.6081,-1.87447,-11.8881,-0.198597,-0.0592288,0.0601335,0.0726598,-0.176864,0.935126,0.376981,0.454026,0.51712,1.63356,2.01896,0.608355,1.24857,1.28442,2.09687,9.38359,-0.14172,-0.141713,-0.268411,-0.651385,-1.36966,-3.09117,-0.166843
1342,37,Female,Christian,Married,No,Long COVID,2,NA,,20260909002,-10.0301,-0.885454,-9.35924,-2.06973,-10.6545,-0.391266,-0.233875,-0.00317729,-0.190108,-0.237052,1.24752,0.639803,0.517853,1.11198,1.78248,2.01731,0.675158,1.32071,1.6713,2.15432,8.11746,-0.219273,-0.141398,-0.267871,-0.663985,-1.39418,-3.15797,-0.207494
1343,47,Female,No religion,Single,Yes,None,3,NA,,20260909002,-8.36523,-0.692388,-7.82751,-1.78495,-9.24121,-0.398385,-0.231805,-0.0501409,-0.156757,-0.257242,1.06187,0.495565,0.427706,0.817091,2.02833,1.6828,0.457809,1.12282,1.17283,1.92021,6.73425,-0.151008,-0.124645,-0.232268,-0.67997,-1.35098,-3.07045,-0.147464
1344,47,Male,No religion,Married,Yes,Had COVID,1,NA,,20260909002,-9.42449,-0.684561,-8.89687,-1.88259,-10.084,-0.271022,-0.189778,-0.0635338,0.0649707,-0.364748,1.2054,0.55275,0.631184,0.828532,1.92548,1.64708,0.29248,1.23609,1.25082,1.84163,7.70347,-0.145504,-0.126283,-0.197232,-0.622589,-1.39129,-3.13386,-0.207142
1345,39,Male,No religion,Married,Yes,Had COVID,3,NA,,20260909002,-10.2384,-1.02965,-9.70658,-1.9453,-11.0445,-0.0992938,0.0381464,0.0893542,-0.0732588,0.00910715,0.998202,0.599023,0.500828,0.743052,1.75928,1.73653,0.541779,1.23519,1.41738,1.97355,8.39518,-0.181358,-0.0759858,-0.186105,-0.635346,-1.41471,-3.14612,-0.194908
1346,58,Male,No religion,Divorced,No,Bereaved,4,NA,,20260909002,-11.3664,-1.10395,-10.5505,-2.06903,-12.0508,-0.165226,-0.0337253,0.0216394,-0.191869,-0.15611,1.40367,0.773385,0.582002,1.02705,2.20656,2.01707,0.615186,1.28071,1.4679,2.32093,9.23257,-0.195086,-0.0996172,-0.28342,-0.652121,-1.42035,-3.22398,-0.176849
1347,53,Female,No religion,Married,No,None,2,NA,,20260909002,-10.1679,-0.879653,-9.36587,-1.88192,-10.5254,-0.199885,-0.0724751,0.0955896,0.0451104,-0.178447,1.13456,0.47523,0.348667,0.690879,1.6409,1.95911,0.567868,1.18899,1.27462,1.88293,8.13792,-0.202096,-0.188325,-0.323711,-0.68146,-1.43629,-3.1682,-0.164522
1348,21,Male,Christian,Single,No,None,4,NA,,20260909002,-9.42231,-0.939828,-8.7265,-1.73021,-10.1039,-0.230424,0.00550193,0.0381084,-0.0358566,-0.0688922,1.10077,0.583574,0.585778,0.705445,1.83649,1.91788,0.575693,1.24864,1.22177,1.99248,7.50721,-0.165177,-0.142442,-0.272016,-0.698246,-1.38424,-3.17687,-0.215041
1349,56,Male,Christian,Separated,No,Had COVID,2,NA,,20260909002,-9.93769,-0.918054,-9.34415,-1.87837,-10.9039,-0.293469,0.00214284,0.0874744,0.0090486,0.170983,1.1051,0.493662,0.469972,0.764017,1.77456,1.6843,0.457631,1.19161,1.3268,1.89652,8.16234,-0.17055,-0.171741,-0.238718,-0.686271,-1.32638,-3.12215,-0.199012
1350,32,Male,Muslim,Single,No,Had COVID,1,NA,,20260909002,-10.082,-0.881941,-9.52205,-1.87734,-10.7908,-0.206523,-0.171435,0.0296955,-0.0292618,-0.253317,1.04702,0.507147,0.459308,0.819875,1.73516,1.59286,0.427679,1.21898,1.1935500000000001,1.7785,8.26282,-0.17947,-0.156024,-0.241639,-0.660563,-1.34925,-3.08762,-0.193829
1351,70,Male,No religion,Widowed,No,None,4,NA,,20260909002,-8.3145,-0.915788,-7.8025,-1.94929,-9.32338,-0.460231,-0.176233,-0.0133381,-0.0671509,-0.0289757,1.17861,0.65246,0.48264,0.847744,2.00028,1.80108,0.594372,1.25365,1.35157,2.16071,6.53864,-0.159062,-0.115092,-0.293981,-0.688707,-1.397,-3.18154,-0.156533
1352,52,Female,No religion,Married,No,Had COVID,1,NA,,20260909002,-11.1541,-0.921777,-10.6332,-1.96236,-11.8382,-0.142094,-0.0841288,0.075078,0.0403243,-0.165488,0.991856,0.504906,0.559726,0.75958,1.68711,1.92563,0.720467,1.36191,1.44901,2.20656,9.34531,-0.154929,-0.106164,-0.225511,-0.638672,-1.39332,-3.1025,-0.216015
1353,18,Male,No religion,Single,No,Had COVID,2,1,Scientific Rationalism,20260909002,-10.2699,-0.846994,-9.66111,-1.84658,-10.9784,-0.137918,0.037303,0.128499,0.222638,0.0290644,0.97929600000000006,0.4466,0.447044,0.583137,1.7117,1.60162,0.334958,1.08819,0.908121,1.79908,8.45097,-0.176576,-0.125592,-0.22213,-0.651892,-1.38822,-3.17204,-0.200603
1354,26,Female,Christian,Single,No,Had COVID,4,NA,,20260909002,-10.0867,-0.874384,-9.7154,-1.89391,-10.8833,-0.340127,-0.259282,-0.114404,-0.122087,-0.364166,0.878897,0.442882,0.607793,0.745059,1.74902,1.60932,0.523196,1.25921,1.28879,1.92815,8.4353,-0.15939,-0.105187,-0.252384,-0.638045,-1.39037,-3.11995,-0.178161
1355,24,Male,Hindu,Single,No,None,1,NA,,20260909002,-9.82989,-0.638332,-9.19828,-1.76727,-10.5195,-0.262368,-0.195221,0.0403012,-0.0786313,-0.351556,1.1413,0.493483,0.385452,0.793493,1.88896,1.83486,0.391801,1.05665,1.32261,2.03825,8.14837,-0.133169,-0.111204,-0.234584,-0.65948,-1.35119,-3.07077,-0.176966
1356,56,Female,Christian,Divorced,Yes,None,1,NA,,20260909002,-10.2954,-1.03351,-9.64584,-2.00533,-11.0058,-0.199897,4.53959e-4,-0.00677451,-0.115542,-0.0930713,1.03433,0.549882,0.609802,1.03232,1.83368,1.83025,0.510205,1.08164,1.33377,1.9103,8.38646,-0.136825,-0.0860632,-0.240478,-0.659538,-1.3847,-3.12075,-0.170875
1357,54,Female,Muslim,Married,No,None,2,NA,,20260909002,-9.88897,-0.795584,-9.45551,-1.76699,-10.6442,-0.0578444,0.0947529,0.188639,0.22159,-0.0106524,0.931339,0.304515,0.559532,0.491727,1.61323,1.73911,0.369229,1.28819,1.11566,2.00086,8.12986,-0.150728,-0.0940383,-0.250835,-0.709681,-1.41676,-3.18265,-0.203299
1358,25,Male,No religion,Married,No,None,4,NA,,20260909002,-10.4965,-0.874784,-9.90565,-1.9565,-11.4202,-0.24428,-0.101329,-0.0417855,-0.00884545,-0.110108,0.756812,0.31097,0.415307,0.774814,1.84585,1.63406,0.430093,1.14276,1.21981,2.06882,8.69574,-0.190503,-0.122843,-0.228441,-0.66247,-1.426,-3.18307,-0.178462
1359,60,Male,No religion,Married,No,None,1,NA,,20260909002,-10.6373,-0.877824,-10.1305,-1.89981,-11.4116,-0.475042,-0.308356,-0.0307406,-0.199053,-0.466042,1.07666,0.645467,0.657912,0.761683,2.09111,1.74883,0.51812,1.27111,1.18073,2.23612,8.79799,-0.16873,-0.0577748,-0.246673,-0.640947,-1.40663,-3.12476,-0.174403
1360,35,Female,Christian,Married,Yes,None,2,NA,,20260909002,-10.5821,-0.974223,-9.90158,-1.79669,-11.3502,-0.00546086,-0.00313337,0.139331,0.0245082,-0.102059,1.03744,0.60576,0.52043,0.744575,2.02377,1.90934,0.532364,1.27296,1.22952,2.12141,8.63009,-0.144946,-0.0784443,-0.302614,-0.732767,-1.37941,-3.14706,-0.182209
1361,61,Male,No religion,Married,No,None,4,NA,,20260909002,-10.188,-0.811556,-9.67253,-1.88104,-11.0097,-0.317181,-0.0649099,0.0119156,-0.0940898,-0.0188746,0.97701,0.448093,0.442739,0.788236,1.70177,1.6463,0.438324,1.1183,1.2195,1.99641,8.46636,-0.183101,-0.129905,-0.20452,-0.635158,-1.34234,-3.09501,-0.170569
1362,67,Male,No religion,Married,Yes,None,2,NA,,20260909002,-9.78479,-0.835931,-9.31194,-1.92728,-10.4313,-0.164975,-0.0185064,0.0998018,0.179917,-0.151792,0.937372,0.516229,0.557262,0.694719,1.75048,1.7555,0.445079,1.16918,1.29599,1.91992,8.03862,-0.175647,-0.132369,-0.252735,-0.658145,-1.3739,-3.0986,-0.21058
1363,78,Male,Christian,Married,No,Had COVID,1,NA,,20260909002,-10.288,-0.680269,-9.75832,-1.83366,-10.9767,-0.272021,-0.257766,-0.0274913,-0.0660793,-0.384453,0.913538,0.393163,0.524482,0.716215,1.73838,1.65735,0.406742,1.15391,1.2763,2.02722,8.63528,-0.144298,-0.133056,-0.243552,-0.689205,-1.39235,-3.1691,-0.180492
1364,63,Female,Christian,Divorced,No,None,3,NA,,20260909002,-9.83796,-0.875105,-9.3484,-1.7463,-10.691,-0.310676,-0.0976741,-0.0443487,-0.158398,-0.334913,1.12195,0.63495,0.534945,0.725319,2.15161,1.60831,0.452421,1.27444,1.09954,2.0629,8.12416,-0.218407,-0.181727,-0.240495,-0.655907,-1.34961,-3.07832,-0.230697
1365,72,Female,Christian,Married,No,None,2,NA,,20260909002,-11.0495,-0.808453,-10.4955,-1.99052,-11.6315,-0.249932,-0.172581,0.0705609,0.0412991,-0.179157,1.08456,0.576105,0.648867,0.97183,1.88083,1.69814,0.324047,1.16946,1.28959,1.80518,9.20876,-0.190058,-0.150437,-0.271458,-0.697843,-1.42193,-3.19538,-0.251285
1366,83,Female,No religion,Widowed,No,Bereaved,3,NA,,20260909002,-9.98995,-0.948466,-9.29275,-1.91125,-10.6885,-0.118538,-0.072604,0.053546,0.042367,-0.145939,0.925193,0.443589,0.54762,0.616848,1.81847,1.90917,0.502893,1.20732,1.18596,2.11645,7.98954,-0.154796,-0.136721,-0.23136,-0.662281,-1.41044,-3.14473,-0.182795
1367,35,Male,Christian,Married,Yes,None,4,NA,,20260909002,-11.4263,-0.829271,-11.0567,-1.89333,-12.3121,-0.205117,-0.0428241,0.00249442,0.0606958,-0.14316,1.03233,0.604293,0.742633,0.943225,1.95413,1.61586,0.489582,1.47246,1.38123,2.1477,9.73597,-0.209399,-0.106499,-0.201055,-0.66646,-1.43727,-3.17661,-0.264459
1368,32,Female,No religion,Married,Yes,None,2,NA,,20260909002,-10.5781,-0.925984,-9.98878,-1.92156,-11.2585,-0.163691,-0.0257894,0.0547143,0.0722594,-0.267625,0.897254,0.472467,0.482293,0.628294,2.02644,1.56558,0.314622,1.143,1.18278,1.88867,8.74095,-0.198731,-0.174731,-0.304393,-0.716728,-1.42118,-3.19101,-0.215213
1369,71,Male,Hindu,Married,No,None,3,NA,,20260909002,-10.4253,-0.943554,-10.1226,-1.98978,-11.1374,-0.198894,-0.00401299,0.222171,0.121336,-0.084678,0.768361,0.492889,0.613467,0.706623,1.6776,1.66395,0.570206,1.29369,1.28843,1.89344,8.69647,-0.158305,-0.0924712,-0.197667,-0.622587,-1.38263,-3.09878,-0.193837
1370,54,Female,Christian,Married,Yes,Had COVID,2,NA,,20260909002,-8.48566,-0.715766,-8.17268,-1.90632,-9.65558,-0.304308,-0.0838293,0.0128051,-0.0368712,0.00634186,0.886872,0.464604,0.56334,0.979295,1.91072,1.43945,0.19027,1.10981,1.22711,1.94703,6.94454,-0.140141,-0.0791336,-0.219396,-0.661314,-1.38121,-3.17244,-0.190038
1371,30,Female,No religion,Single,No,Long COVID,4,NA,,20260909002,-10.3177,-0.98948,-9.72473,-2.02634,-11.1394,-0.23368,-0.0211766,0.154133,0.192673,-0.0415426,1.27672,0.689055,0.646419,0.871921,2.04995,1.84254,0.576482,1.27172,1.267,2.22921,8.41674,-0.193639,-0.129278,-0.230776,-0.659102,-1.34594,-3.09708,-0.184223
1372,43,Female,Christian,Separated,Yes,None,4,NA,,20260909002,-9.45126,-0.698173,-8.93661,-1.83392,-10.155,-0.356415,-0.299285,-0.0333286,-0.0118256,-0.263851,1.16655,0.528018,0.664949,0.915806,1.73557,1.73024,0.421792,1.21634,1.27166,1.9487,7.71569,-0.152663,-0.110865,-0.262192,-0.690398,-1.4013,-3.16367,-0.177086
1373,34,Female,Not answered,Single,Yes,Had COVID,2,NA,,20260909002,-10.1068,-0.75359,-9.53383,-1.71875,-10.8354,-0.296296,-0.22822,-0.0484089,-0.1101,-0.231838,0.717469,0.360782,0.366712,0.608628,1.64432,1.62316,0.471322,1.11605,1.1475,2.01873,8.44131,-0.163142,-0.139142,-0.247475,-0.617898,-1.40768,-3.05828,-0.175196
1374,81,Male,Christian,Married,No,None,4,NA,,20260909002,-8.00489,-0.801996,-7.50629,-1.66486,-8.70901,-0.267523,-0.199193,0.0112767,-0.138269,-0.298897,0.98523,0.490047,0.462624,0.526377,1.77677,1.68983,0.354781,1.14122,1.13014,1.88577,6.22301,-0.165069,-0.0872285,-0.266542,-0.679047,-1.44485,-3.13781,-0.206597
1375,83,Female,Christian,Widowed,No,Had COVID,2,NA,,20260909002,-9.80928,-0.959803,-9.44881,-1.95362,-10.6788,-0.356222,-0.060757,0.0870624,-0.0944328,-0.0521976,1.08156,0.646941,0.675702,0.777736,1.93899,1.77143,0.604769,1.37581,1.45646,2.10354,8.02172,-0.153527,-0.156071,-0.286671,-0.695547,-1.39741,-3.10046,-0.174242
1376,51,Female,Christian,Married,No,None,2,NA,,20260909002,-11.405,-0.817627,-10.7323,-1.7502,-12.1423,-0.198925,-0.160858,-0.0749945,-0.0463098,-0.171279,0.92026,0.394272,0.389192,0.716257,1.69684,1.75938,0.534722,1.15397,1.24233,2.10228,9.64757,-0.182858,-0.142651,-0.213291,-0.715555,-1.39187,-3.06702,-0.230681
1377,55,Male,No religion,Married,No,Had COVID,2,NA,,20260909002,-9.86536,-0.662156,-9.36271,-1.8607,-10.6701,-0.327322,-0.243236,0.00552912,-0.0488859,-0.230144,0.851943,0.387138,0.351548,0.5952,1.74153,1.62892,0.340095,1.04228,1.28199,1.92222,8.24626,-0.209787,-0.120501,-0.253646,-0.595171,-1.38292,-3.11752,-0.167149
1378,70,Female,Christian,Widowed,No,None,4,NA,,20260909002,-10.8789,-0.847585,-10.1943,-1.86893,-11.3661,-0.188347,-0.171214,0.0338773,-0.0722715,-0.253506,1.09756,0.504723,0.469613,0.872516,1.70608,1.94953,0.658678,1.27437,1.32321,2.01904,8.98896,-0.166195,-0.113773,-0.258024,-0.635087,-1.39486,-3.14119,-0.237029
1379,42,Male,Christian,Married,No,None,1,NA,,20260909002,-9.85827,-0.869421,-9.23158,-1.90504,-10.4887,-0.108358,0.0589878,0.171872,0.238223,-0.00578292,1.12823,0.499389,0.506045,0.720248,1.84371,1.74953,0.411834,1.16113,1.16933,1.91441,7.93455,-0.214084,-0.123213,-0.269773,-0.682269,-1.43387,-3.14055,-0.229713
1380,34,Female,Jewish,Single,No,None,4,NA,,20260909002,-10.1319,-1.04985,-9.31409,-1.79689,-10.6422,-0.115545,-0.0649899,-0.0572322,-0.0916759,-0.256176,1.13159,0.725757,0.542172,0.782305,1.98154,1.75232,0.474923,1.20761,1.28565,1.88504,8.07275,-0.21184,-0.182875,-0.304176,-0.674725,-1.39805,-3.1081,-0.187987
1381,47,Male,Christian,Married,Yes,None,3,NA,,20260909002,-10.9087,-0.915243,-10.3422,-1.8904,-11.6847,-0.451259,-0.13941,0.0597729,-0.0689894,-0.188218,1.03473,0.500848,0.506606,0.717505,1.82168,1.85404,0.549225,1.2527,1.34193,2.08223,9.10797,-0.186213,-0.0938016,-0.257892,-0.655998,-1.39195,-3.11823,-0.185842
1382,90,Female,Christian,Married,No,Had COVID,2,NA,,20260909002,-9.98434,-0.851769,-9.28161,-1.9676,-10.3778,-0.422846,-0.220973,-0.0496633,-0.108197,-0.354713,1.24594,0.623106,0.631082,0.982685,1.90582,1.98809,0.353841,1.17224,1.33687,1.68983,7.99577,-0.212234,-0.120646,-0.213723,-0.615439,-1.41572,-3.1102,-0.18005
1383,85,Female,No religion,Widowed,No,Had COVID,1,NA,,20260909002,-9.78439,-0.774184,-9.31462,-1.78713,-10.5709,-0.262424,-0.0416399,0.0193358,-0.0177745,-0.0323881,1.09243,0.536429,0.566647,0.61467,1.8146,1.6748,0.31065,1.16086,1.12369,1.82856,8.05692,-0.133244,-0.114855,-0.235193,-0.64559,-1.37903,-3.1663,-0.214405
1384,89,Female,Christian,Divorced,No,None,3,NA,,20260909002,-9.46907,-0.833896,-8.83018,-1.82942,-10.0378,-0.146832,-0.135823,0.102959,0.037859,-0.148514,0.86788,0.254692,0.493924,0.551846,1.53839,1.78886,0.416842,1.21562,1.12736,1.92682,7.52143,-0.239063,-0.169813,-0.255542,-0.685949,-1.39303,-3.13536,-0.200852
1385,65,Female,No religion,Married,No,Long COVID,1,NA,,20260909002,-10.959,-0.736297,-10.4445,-1.83477,-11.5893,-0.486253,-0.314461,-0.097976,-0.177935,-0.321996,0.870532,0.328102,0.514808,0.565819,1.55144,1.79532,0.541474,1.28854,1.3779,1.94303,9.26342,-0.130871,-0.0462555,-0.231223,-0.630349,-1.43042,-3.13778,-0.165304
1386,62,Female,No religion,Married,No,Had COVID,2,NA,,20260909002,-10.1091,-0.898552,-9.37291,-1.85771,-10.7542,-0.273896,-0.150592,-0.0399174,-0.0213923,-0.230353,1.10584,0.525269,0.533637,0.663459,1.79941,1.93412,0.692687,1.2536,1.31246,2.04249,8.21037,-0.184988,-0.128676,-0.255297,-0.714659,-1.34477,-3.0578,-0.20896700000000001
1387,25,Female,Christian,Single,No,None,2,NA,,20260909002,-9.81416,-0.942962,-9.25159,-1.90307,-10.5542,-0.262029,-0.129679,-0.0767643,-0.0782592,-0.191086,0.997788,0.554915,0.544191,0.681039,1.87319,1.78889,0.548919,1.35825,1.14815,2.02509,7.98409,-0.172351,-0.0797923,-0.265849,-0.631367,-1.35769,-3.1195,-0.162216
1388,55,Female,No religion,Separated,No,Long COVID,1,NA,,20260909002,-11.4676,-0.952777,-10.8931,-1.90516,-12.2858,-0.347441,-0.186753,0.0412567,-0.0590357,-0.186435,1.31834,0.847118,0.590383,1.06251,2.06455,2.02777,0.676005,1.27879,1.39644,2.11633,9.63833,-0.0963062,-0.129204,-0.216293,-0.663718,-1.42246,-3.17668,-0.22127
1389,19,Female,Christian,Single,No,None,2,NA,,20260909002,-9.13147,-0.946852,-8.45134,-1.76808,-9.84975,-0.357833,-0.210543,-0.0300899,-0.129923,-0.344278,1.08118,0.634824,0.558321,0.674459,1.86829,1.97471,0.594266,1.31219,1.27062,2.14353,7.19324,-0.178428,-0.0993539,-0.296958,-0.762152,-1.37735,-3.15697,-0.170968
1390,23,Male,Muslim,Single,No,Had COVID,4,NA,,20260909002,-8.38699,-0.792352,-7.81663,-1.78836,-9.11407,-0.342595,-0.258469,0.031355,-0.0268984,-0.348873,1.02938,0.579987,0.520622,0.762467,1.81137,1.85686,0.586528,1.30823,1.27022,2.18468,6.57337,-0.199277,-0.0738863,-0.210203,-0.640459,-1.40313,-3.10835,-0.205112
1391,87,Female,Christian,Widowed,No,None,2,NA,,20260909002,-8.86977,-0.887221,-8.16812,-2.02858,-9.45038,-0.259184,-0.168942,-0.0217997,-0.107163,-0.233889,1.2644,0.657801,0.589737,0.978545,1.83412,1.82508,0.523062,1.34064,1.50211,2.09718,6.86706,-0.187642,-0.113556,-0.254261,-0.670423,-1.39243,-3.08847,-0.207293
1392,29,Female,Christian,Single,No,Bereaved,2,NA,,20260909002,-10.1868,-0.921238,-9.53894,-1.85426,-10.9202,-0.0674454,0.0505175,0.0400987,0.0307123,0.00638849,1.04042,0.561424,0.631197,0.861555,1.943,1.66105,0.383969,1.14931,1.16343,1.90193,8.28587,-0.205613,-0.161852,-0.246106,-0.635844,-1.36406,-3.105,-0.22636
1393,43,Male,No religion,Single,Yes,None,2,NA,,20260909002,-9.59462,-0.810676,-9.11781,-1.95648,-10.1697,-0.0771924,-0.077194,0.144474,0.120066,-0.158894,0.927263,0.462207,0.567688,0.847235,1.72089,1.6334,0.323607,1.20846,1.08336,1.69696,7.76347,-0.18961,-0.123715,-0.310426,-0.69878,-1.41755,-3.16466,-0.210392
1394,78,Female,Buddhist,Married,No,None,2,NA,,20260909002,-8.63346,-0.992403,-8.0279,-1.99883,-9.41769,-0.251411,0.00323485,0.12181,0.115215,-0.0321412,1.15095,0.669454,0.602033,0.927734,1.91714,1.88476,0.584664,1.27455,1.33351,2.09913,6.68782,-0.201349,-0.14405,-0.256217,-0.656573,-1.39169,-3.14359,-0.197989
1395,83,Female,No religion,Married,No,None,1,NA,,20260909002,-9.88429,-0.789178,-9.2777,-1.88615,-10.5925,-0.224809,-0.120439,-0.0319588,-0.124162,-0.128046,1.01571,0.509169,0.576445,0.695073,1.77966,1.79121,0.353669,1.28454,1.30346,1.96788,8.01456,-0.181731,-0.141305,-0.218267,-0.621396,-1.45133,-3.17482,-0.191652
1396,32,Male,Christian,Single,No,Had COVID,1,NA,,20260909002,-10.1064,-0.783652,-9.64216,-1.81835,-10.9509,-0.446757,-0.30583,-0.0595323,-0.119908,-0.3539,0.786021,0.40575,0.518166,0.514568,1.64791,1.6888,0.42529,1.21984,1.33061,2.01152,8.44063,-0.143629,-0.0687168,-0.26326,-0.648135,-1.37535,-3.08121,-0.16276
1397,71,Female,Christian,Single,No,None,2,NA,,20260909002,-10.5627,-0.689706,-10.1365,-1.80028,-11.3275,-0.18928,0.0859647,0.126042,0.12373,0.0590674,0.853457,0.225596,0.439268,0.57193,1.49172,1.8246,0.390829,1.29313,1.35247,1.99216,8.9031,-0.191354,-0.104476,-0.216226,-0.65459,-1.38433,-3.08761,-0.224318
1398,60,Male,Christian,Married,No,None,1,NA,,20260909002,-9.94025,-0.814586,-9.30437,-1.76274,-10.5241,-0.292908,-0.116198,0.023508,-0.0181867,-0.194335,0.944001,0.401814,0.502374,0.506957,1.56028,1.85117,0.432744,1.10296,1.08636,1.79446,8.16835,-0.191156,-0.170959,-0.221874,-0.659375,-1.40462,-3.10635,-0.222081
1399,80,Female,Christian,Married,No,None,1,NA,,20260909002,-9.74123,-0.801132,-9.18086,-1.89805,-10.4491,-0.361181,-0.230213,-0.0386815,0.107979,-0.331886,1.04381,0.479421,0.634023,0.529347,1.67005,1.77231,0.417056,1.17091,1.06784,2.08851,7.93631,-0.159493,-0.0910871,-0.26263,-0.681646,-1.3926,-3.11936,-0.182121
1400,55,Male,Not answered,Married,No,Had COVID,3,NA,,20260909002,-8.7254,-0.909425,-8.20788,-1.91918,-9.49083,-0.241419,-0.158341,-0.090329,-0.118201,-0.213266,0.986381,0.503306,0.615386,0.754486,1.85116,1.62469,0.380155,1.26269,1.12389,1.97756,6.90008,-0.195127,-0.1243,-0.244396,-0.643425,-1.4019,-3.16324,-0.167711
1401,18,Male,Christian,Single,No,Bereaved,2,NA,,20260909002,-9.82626,-0.756176,-9.20354,-1.72612,-10.5862,-0.144869,-0.0669617,0.0617023,-0.0303154,-0.188797,1.00164,0.458624,0.398838,0.539051,1.72444,1.5191,0.269065,1.02322,0.965757,1.88832,8.09995,-0.18469,-0.105574,-0.26402,-0.681629,-1.36712,-3.145,-0.174457
1402,60,Female,Not answered,Married,No,None,3,NA,,20260909002,-8.81034,-0.863892,-8.16563,-1.7735,-9.57842,-0.295329,-0.150587,0.0212203,-0.17613,-0.246698,1.09514,0.690309,0.505098,0.861731,2.07998,1.82571,0.481322,1.17686,1.19932,2.13779,6.99325,-0.17475,-0.123529,-0.247548,-0.712746,-1.34379,-3.12033,-0.183138
1403,59,Female,Christian,Married,No,None,3,5,Institutional Trust and Technocratic Governance,20260909002,-10.4165,-0.803341,-9.88411,-1.84388,-11.2748,-0.192887,-0.102395,0.0336078,0.0131702,-0.112383,0.663471,0.369909,0.377334,0.558277,1.6486,1.4696,0.262935,1.09766,0.925521,1.92346,8.70487,-0.21823,-0.127609,-0.260323,-0.701148,-1.30746,-3.04971,-0.16905800000000001
1404,53,Male,Muslim,Divorced,No,None,2,NA,,20260909002,-9.18243,-0.830454,-8.72881,-1.72394,-9.94442,-0.29945,-0.174304,-0.00893593,-0.135608,-0.219872,1.0743,0.558302,0.655943,0.792593,1.90041,1.66232,0.41718,1.25575,1.10792,1.87646,7.44478,-0.155463,-0.121037,-0.263491,-0.705659,-1.40071,-3.14899,-0.18494
1405,87,Male,Muslim,Married,No,None,4,NA,,20260909002,-11.2611,-0.864944,-10.6193,-1.86575,-12.0018,-0.196748,-0.0270319,0.056047,0.056602,-0.0571584,0.882424,0.358508,0.374269,0.71388,1.54651,1.62769,0.396343,1.10475,1.19,1.96218,9.50664,-0.0992334,-0.107961,-0.229763,-0.616646,-1.37048,-3.10616,-0.210217
1406,24,Female,No religion,Single,Yes,Had COVID,2,NA,,20260909002,-9.65655,-0.760323,-9.04976,-1.89851,-10.2542,-0.251923,-0.187969,-0.0381342,0.0352214,-0.220333,0.985267,0.56174,0.509587,0.776742,1.72373,1.53852,0.182788,1.02585,1.13504,1.66134,7.89847,-0.190339,-0.130114,-0.211481,-0.654886,-1.41381,-3.15813,-0.181136
1407,40,Male,Christian,Single,Yes,None,4,1,Scientific Rationalism,20260909002,-9.61493,-0.966573,-8.90644,-1.88508,-10.2105,-0.151896,0.043202,0.0877617,0.124003,0.0122288,1.11064,0.523425,0.495469,0.52087,1.68982,1.92143,0.557322,1.11795,1.16761,1.91651,7.62793,-0.159286,-0.108902,-0.244195,-0.647784,-1.41657,-3.14837,-0.18835
1408,60,Female,Not answered,Married,No,Had COVID,3,NA,,20260909002,-10.5968,-0.80629,-10.1351,-1.91839,-11.635,-0.332334,-0.153137,0.0700617,-0.046032000000000003,-0.184554,1.17122,0.601695,0.519703,0.984957,2.11145,1.66376,0.438091,1.11782,1.22615,2.24207,8.93272,-0.16075,-0.0870556,-0.255118,-0.674633,-1.40453,-3.10776,-0.177085
1409,55,Male,Christian,Married,No,Had COVID,2,2,Libertarianism,20260909002,-11.0064,-0.910642,-10.3695,-1.79118,-11.7622,-0.35259,-0.194745,0.056233,0.0241737,-0.208083,1.02683,0.608166,0.488706,0.546286,1.85573,1.91661,0.61267,1.23397,1.27973,2.03248,9.22335,-0.18373,-0.133648,-0.291006,-0.709146,-1.40032,-3.12553,-0.142309
1410,27,Male,No religion,Single,No,Had COVID,1,NA,,20260909002,-9.97233,-0.851167,-9.45387,-2.06124,-10.7724,-0.134925,-0.0904052,0.104804,0.0911838,-0.101181,1.05009,0.454681,0.571213,0.83685,2.07905,1.79653,0.544199,1.44936,1.36777,2.20156,8.04076,-0.159542,-0.0898064,-0.23271,-0.655565,-1.43911,-3.18052,-0.203454
1411,71,Female,No religion,Married,No,None,2,NA,,20260909002,-9.60369,-0.769727,-9.17845,-1.886,-10.5069,-0.319898,-0.090282,0.118867,0.0586835,-0.122981,0.868591,0.371931,0.378606,0.744445,1.78687,1.77185,0.42616,1.12622,1.19848,2.13337,7.94173,-0.172754,-0.15748,-0.272269,-0.620271,-1.41364,-3.16167,-0.185825
1412,35,Male,Christian,Married,No,Bereaved,3,NA,,20260909002,-11.16,-0.850336,-10.7608,-1.95864,-11.8438,-0.165579,0.0549481,0.202844,0.275843,-0.0366169,0.919688,0.461661,0.480312,0.727933,1.54448,1.72154,0.475718,1.29302,1.23625,1.76523,9.45916,-0.115411,-0.0873225,-0.230551,-0.619865,-1.43653,-3.17315,-0.184337
1413,64,Female,Christian,Married,No,Had COVID,1,NA,,20260909002,-11.5672,-0.619092,-11.0306,-1.67649,-12.3593,-0.384986,-0.355671,-0.136068,-0.280434,-0.416166,1.01574,0.542793,0.547705,0.793993,1.95974,1.48569,0.179847,1.0165,1.06226,1.68137,9.9877300000000009,-0.154127,-0.0897323,-0.223364,-0.661463,-1.41278,-3.15206,-0.219249
1414,45,Male,No religion,Married,No,Had COVID,3,NA,,20260909002,-8.89644,-0.808026,-8.28771,-1.98049,-9.2527,-0.179122,-0.0711887,0.0374832,0.0216262,-0.296828,0.994594,0.279936,0.464586,0.599109,1.46103,1.70091,0.361808,1.17925,1.37918,1.75428,6.99862,-0.169344,-0.0607464,-0.280208,-0.653914,-1.39838,-3.10944,-0.157865
1415,54,Female,Christian,Separated,No,None,1,NA,,20260909002,-10.2525,-0.679472,-9.81392,-1.79297,-10.8404,-0.294904,-0.180412,0.113374,0.0968821,-0.277935,0.668228,0.213138,0.361724,0.424664,1.27791,1.48203,0.211832,1.11507,1.01445,1.58687,8.61897,-0.217574,-0.134237,-0.22059,-0.686071,-1.37757,-3.14237,-0.195446
1416,29,Male,Christian,Widowed,No,Had COVID,1,1,Scientific Rationalism,20260909002,-9.97654,-0.885997,-9.39465,-1.87421,-10.6695,-0.223776,0.00946631,0.0762569,0.0249883,0.117249,0.96837,0.394527,0.486129,0.689346,1.60802,1.86326,0.463459,1.18448,1.13425,1.87089,8.13534,-0.165644,-0.106969,-0.245201,-0.703231,-1.42345,-3.16091,-0.188786
1417,37,Male,Christian,Single,No,Bereaved,4,NA,,20260909002,-11.5779,-1.05898,-10.9568,-2.07147,-12.2189,-0.211458,-0.102034,0.00544174,-0.0119822,-0.0835001,1.06822,0.53677,0.604392,0.854146,1.78163,1.79973,0.58636,1.40275,1.45968,2.04415,9.5778,-0.200994,-0.11809,-0.288046,-0.654469,-1.37867,-3.04272,-0.188127
1418,28,Male,No religion,Married,Yes,Had COVID,2,NA,,20260909002,-10.9944,-0.823865,-10.6641,-2.01421,-11.6216,-0.220637,0.0120671,0.11574,0.0957076,-0.0241442,0.808145,0.343272,0.66419,0.626112,1.38323,1.77513,0.45247,1.29199,1.28724,1.80601,9.29427,-0.156538,-0.125996,-0.281245,-0.634887,-1.41164,-3.13196,-0.183431
1419,90,Female,Sikh,Widowed,No,Bereaved,3,NA,,20260909002,-10.5949,-0.973832,-9.86072,-1.96141,-11.2353,-0.19719,-0.0585988,0.0673543,-0.0264779,-0.113592,1.0799,0.583092,0.521448,0.817403,1.73801,1.91935,0.547954,1.12685,1.23221,2.02694,8.61909,-0.159537,-0.0864097,-0.283928,-0.735853,-1.38544,-3.08682,-0.174516
1420,87,Male,No religion,Married,No,Had COVID,1,NA,,20260909002,-10.4072,-0.546966,-9.91451,-1.64678,-11.0872,-0.356357,-0.153887,0.0427338,0.108391,-0.1897,0.870961,0.321132,0.341117,0.603861,1.6891,1.56035,0.254971,1.02045,0.986283,1.63332,8.87909,-0.188555,-0.145455,-0.2581,-0.68046,-1.39495,-3.14823,-0.202696
1421,56,Female,Christian,Divorced,No,Had COVID,4,NA,,20260909002,-9.4382,-1.128,-8.70158,-2.20142,-10.2412,-0.175002,-0.0430411,0.0358688,0.09462,-0.0557559,1.35016,0.807746,0.776477,1.01648,2.20678,2.06171,0.786824,1.38726,1.52963,2.30223,7.30136,-0.161209,-0.0939527,-0.246707,-0.662061,-1.39744,-3.13296,-0.11811
1422,33,Female,Christian,Single,No,Bereaved,1,2,Libertarianism,20260909002,-10.9706,-0.822786,-10.4213,-2.0369,-11.6327,-0.198311,-0.109152,0.00533624,-0.0671597,-0.215816,1.25034,0.550828,0.717229,0.976867,1.83264,1.88909,0.516978,1.41354,1.55859,2.01276,9.09,-0.159607,-0.128947,-0.260126,-0.658459,-1.39892,-3.21868,-0.222034
1423,43,Female,Not answered,Married,Yes,None,1,NA,,20260909002,-9.50724,-0.759546,-8.8988,-1.93155,-10.0912,-0.0741232,-0.0561033,0.0520345,0.0205296,0.022863,0.78724,0.295068,0.363186,0.674132,1.50939,1.75085,0.387757,1.15312,1.38389,1.86055,7.70532,-0.218206,-0.176023,-0.235671,-0.670636,-1.38216,-3.09751,-0.194444
1424,68,Male,Christian,Divorced,No,Had COVID,3,4,Conspiracy Ideation,20260909002,-9.69099,-1.08684,-9.18168,-1.90977,-10.5226,-0.246124,-0.047486,0.0974794,0.0189939,-0.142906,1.20444,0.778978,0.634742,0.768238,2.15511,1.84439,0.719937,1.37392,1.31984,2.04272,7.77443,-0.188257,-0.148928,-0.283067,-0.690175,-1.42567,-3.16769,-0.193606
1425,58,Female,Other religion,Divorced,No,None,4,NA,,20260909002,-9.50956,-1.00465,-8.9116,-2.10941,-10.1832,-0.246823,0.0162607,0.139809,0.129903,-0.0879064,1.14174,0.590589,0.505493,0.907166,1.82394,1.99991,0.649791,1.25376,1.41929,2.21658,7.60273,-0.208309,-0.0778369,-0.278307,-0.694531,-1.43759,-3.13081,-0.142912
1426,32,Male,No religion,Single,Yes,None,2,NA,,20260909002,-11.3396,-0.818553,-10.7402,-1.94287,-12.0851,-0.3709,-0.174639,-0.0941593,-0.0464961,-0.204318,1.04114,0.489946,0.527383,0.855929,1.78809,1.77785,0.549021,1.16804,1.45319,2.04182,9.61431,-0.162801,-0.135662,-0.215681,-0.672155,-1.35628,-3.03954,-0.219636
1427,22,Female,No religion,Single,No,Had COVID,3,NA,,20260909002,-8.92467,-0.92692,-8.39056,-1.86348,-9.97954,-0.178912,-0.00853849,0.0783439,0.0926581,0.0566594,0.777743,0.300653,0.456606,0.651478,1.78194,1.68205,0.558155,1.13982,1.35979,2.29792,7.17242,-0.20078,-0.129978,-0.211745,-0.692618,-1.35714,-3.09379,-0.181128
1428,45,Female,No religion,Single,No,Long COVID,3,NA,,20260909002,-10.3305,-1.00819,-9.69866,-2.03241,-11.2027,-0.218825,0.0340509,0.0327808,0.107353,1.98984e-4,1.25892,0.684776,0.634013,0.884251,2.13173,1.88709,0.575259,1.29558,1.32808,2.23603,8.37965,-0.163867,-0.161566,-0.270371,-0.677148,-1.43456,-3.19374,-0.170953
1429,48,Male,No religion,Separated,No,Bereaved,4,NA,,20260909002,-9.18243,-0.830454,-8.72881,-1.72394,-9.94442,-0.29945,-0.174304,-0.00893593,-0.135608,-0.219872,1.0743,0.558302,0.655943,0.792593,1.90041,1.66232,0.41718,1.25575,1.10792,1.87646,7.44478,-0.155463,-0.121037,-0.263491,-0.705659,-1.40071,-3.14899,-0.18494
1430,76,Female,Christian,Divorced,No,None,3,NA,,20260909002,-10.2101,-0.837457,-9.84609,-1.83207,-11.232,-0.416193,-0.207269,0.0460293,0.00468754,-0.36685,0.953598,0.468816,0.61959,0.838924,1.91835,1.50606,0.341761,1.21461,1.12791,2.1542,8.59024,-0.165251,-0.120835,-0.221826,-0.656264,-1.37887,-3.07779,-0.19451
1431,24,Male,Not answered,Single,No,Bereaved,2,NA,,20260909002,-10.3634,-0.673957,-10.0076,-1.74781,-11.0775,-0.419458,-0.26004,-0.0200327,-0.247446,-0.243292,0.715265,0.343447,0.462363,0.723576,1.602,1.49935,0.194974,1.10572,1.26105,1.73198,8.81564,-0.171949,-0.144508,-0.2608,-0.633964,-1.39001,-3.11009,-0.150399
1432,65,Male,No religion,Widowed,No,None,1,NA,,20260909002,-10.5522,-0.869229,-10.0164,-1.77944,-11.283,-0.350191,-0.211756,-0.0152278,-0.107859,-0.392237,1.09908,0.504792,0.556156,0.718712,1.89823,1.89869,0.645993,1.33507,1.3769,2.13986,8.77155,-0.17892,-0.108606,-0.228305,-0.639295,-1.36139,-3.06433,-0.228749
1433,37,Female,No religion,Divorced,No,Had COVID,2,NA,,20260909002,-9.16702,-1.12454,-8.43524,-2.15645,-10.0464,-0.0782605,0.0564342,0.0184152,0.0763059,0.0131874,1.35726,0.724533,0.662557,1.11615,2.12652,2.0905300000000002,0.810698,1.36616,1.59768,2.42399,7.06602,-0.1174,-0.0746081,-0.252198,-0.645617,-1.38585,-3.13883,-0.18829
1434,29,Female,Christian,Single,No,None,1,3,Communitarianism,20260909002,-9.42996,-1.06683,-8.65028,-2.10384,-9.92932,0.0203316,0.0894672,0.125665,0.113448,-0.00589285,1.2387,0.542646,0.63959,1.00048,1.66766,2.00791,0.708035,1.41645,1.54174,2.1251,7.27592,-0.156973,-0.117978,-0.261476,-0.654031,-1.42746,-3.17102,-0.175566
1435,48,Female,Christian,Married,Yes,Bereaved,4,NA,,20260909002,-10.895,-0.700876,-10.3438,-1.56652,-11.6891,-0.386005,-0.222389,-0.112424,-0.149161,-0.217861,0.964859,0.457022,0.397677,0.627929,1.7022,1.51631,0.224418,1.05541,1.02,1.64739,9.31475,-0.188642,-0.164782,-0.2885,-0.724135,-1.38761,-3.16825,-0.185722
1436,63,Female,Christian,Widowed,No,None,2,NA,,20260909002,-9.39775,-0.909314,-8.8635,-1.82383,-10.1822,-0.302792,-0.094337,-0.0786936,-0.29447,0.00568387,1.05427,0.46603,0.661656,0.800459,1.78153,1.88362,0.485508,1.37379,1.26208,2.06663,7.47858,-0.239062,-0.133633,-0.252852,-0.645399,-1.37039,-3.08125,-0.181503
1437,27,Female,Christian,Single,No,Bereaved,4,NA,,20260909002,-11.5964,-0.825582,-10.9114,-1.86877,-12.127,-0.372298,-0.279361,0.0186815,-0.187123,-0.377074,1.31925,0.574606,0.706834,0.888053,1.80045,1.98774,0.598562,1.308,1.19187,2.12479,9.64305,-0.17421,-0.146614,-0.237238,-0.680435,-1.39846,-3.17611,-0.197647
1438,35,Female,No religion,Married,Yes,None,2,NA,,20260909002,-9.8176,-0.8614,-9.2045,-1.84936,-10.4496,-0.414048,-0.232059,0.0314551,-0.235842,-0.357029,1.13604,0.590944,0.53069,0.925605,1.94251,1.78193,0.392016,1.21299,1.44872,1.80611,7.95315,-0.193416,-0.134698,-0.266963,-0.703805,-1.43346,-3.19411,-0.185996
1439,27,Female,Christian,Single,No,None,3,5,Institutional Trust and Technocratic Governance,20260909002,-8.47243,-0.854754,-7.96992,-1.88462,-9.13899,-0.0711049,0.0421076,0.107822,-0.101859,0.00669467,1.11924,0.516941,0.593397,0.954615,1.69151,1.65685,0.396394,1.26403,1.39584,1.77713,6.60102,-0.18277,-0.173224,-0.286263,-0.666535,-1.40741,-3.1466,-0.205624
1440,82,Male,Christian,Married,No,None,1,NA,,20260909002,-10.4828,-0.731124,-10.0569,-1.78684,-11.2193,-0.177049,-0.0167507,0.0662513,-0.0733467,0.0202464,0.736091,0.279405,0.568539,0.828005,1.62186,1.67573,0.391859,1.21289,1.23513,1.80446,8.85292,-0.107218,-0.0936987,-0.284624,-0.65501,-1.40225,-3.10561,-0.151162
1441,27,Female,Christian,Single,No,None,2,NA,,20260909002,-9.05608,-0.711926,-8.6941,-1.77769,-9.64374,-0.332522,-0.232809,0.124844,-0.0422654,-0.389981,0.948292,0.447447,0.615738,0.698605,1.64005,1.69881,0.392203,1.32182,1.24061,1.85209,7.37486,-0.191355,-0.149778,-0.281146,-0.691689,-1.39218,-3.14715,-0.213366
1442,29,Male,Christian,Single,No,Had COVID,4,NA,,20260909002,-11.2723,-0.903747,-10.7174,-1.83428,-11.9425,-0.431364,-0.306676,-0.0453133,-0.173076,-0.366715,1.33109,0.825148,0.827179,1.05377,1.89033,1.85964,0.609359,1.38124,1.3472,1.96206,9.44526,-0.209581,-0.205895,-0.25826,-0.663778,-1.34534,-3.08626,-0.245522
1443,22,Male,Christian,Single,Yes,Bereaved,4,NA,,20260909002,-12.3425,-0.913878,-11.8235,-2.13054,-13.0536,-0.259393,-0.14635600000000001,0.0159179,0.0663293,-0.343815,1.13592,0.481078,0.718213,0.753465,1.84063,1.80449,0.437098,1.27187,1.23923,1.99351,10.4364,-0.114979,-0.0889536,-0.216883,-0.585164,-1.41628,-3.17572,-0.173524
1444,32,Female,Christian,Married,Yes,Had COVID,4,NA,,20260909002,-9.23927,-1.05424,-8.49477,-1.89242,-10.0073,-0.102062,-0.00288773,0.0164176,-0.026823,-0.120403,1.13018,0.590227,0.483654,0.708241,1.92922,1.84907,0.564338,1.24312,1.22809,2.14801,7.25054,-0.141095,-0.0978156,-0.292503,-0.677477,-1.43286,-3.1457,-0.178268
1445,86,Female,Sikh,Married,No,None,1,NA,,20260909002,-9.80163,-0.803223,-9.13476,-1.79167,-10.4607,-0.228711,-0.132744,0.0616865,-0.0660691,-0.310314,1.05349,0.342236,0.337161,0.811575,1.67416,1.72398,0.480515,1.24137,1.26119,2.08445,7.97037,-0.174069,-0.174778,-0.250619,-0.665194,-1.41054,-3.14902,-0.180264
1446,21,Female,Christian,Single,No,None,4,NA,,20260909002,-9.94891,-0.823345,-9.3565,-1.97593,-10.6436,-0.442171,-0.30004,-0.0302347,-0.0717946,-0.360745,1.09107,0.585347,0.624637,0.973088,1.92693,1.76017,0.527986,1.20701,1.42507,2.09632,8.16321,-0.181429,-0.16489,-0.259286,-0.731625,-1.40506,-3.11781,-0.220446
1447,42,Male,Christian,Married,Yes,Had COVID,2,NA,,20260909002,-8.51787,-0.782004,-7.8384,-1.65873,-9.04821,-0.347046,-0.354971,-0.0714188,-0.233946,-0.398515,1.22227,0.632512,0.626025,0.966988,1.81423,1.93329,0.570011,1.23081,1.3029,1.99939,6.62864,-0.165183,-0.203241,-0.287233,-0.675092,-1.40846,-3.16239,-0.1833
1448,62,Female,No religion,Married,No,Had COVID,1,NA,,20260909002,-9.69027,-0.858404,-9.10416,-2.00014,-10.4429,-0.431728,-0.285455,-0.0788109,-0.0814561,-0.340101,1.18504,0.653694,0.564472,0.983432,2.06505,1.64112,0.436267,1.09913,1.19888,2.03893,7.89353,-0.187271,-0.131925,-0.284032,-0.653916,-1.41007,-3.12796,-0.192465
1449,54,Female,Christian,Married,No,None,4,NA,,20260909002,-11.8196,-0.659213,-11.3827,-1.65409,-12.5248,-0.0913991,-0.00747527,0.0869078,0.168013,-0.0295044,0.703079,0.275815,0.349321,0.542826,1.48262,1.60641,0.256237,1.11771,1.04916,1.66242,10.2463,-0.186328,-0.141553,-0.247937,-0.629827,-1.37936,-3.07914,-0.207786
1450,37,Female,No religion,Single,Yes,Had COVID,1,NA,,20260909002,-9.28765,-0.81473,-8.70377,-1.72964,-10.1302,-0.255408,-0.133058,-0.0154654,-0.075778,-0.215138,0.942579,0.484054,0.53052,0.755566,1.88221,1.69534,0.431756,1.20117,1.05532,1.82067,7.51399,-0.169264,-0.0933449,-0.270278,-0.714217,-1.36604,-3.15524,-0.206267
1451,26,Male,Christian,Single,No,Bereaved,3,NA,,20260909002,-9.86504,-0.76902,-9.24661,-1.86369,-10.5254,-0.44724,-0.197585,-0.0281106,-0.126789,-0.466498,1.01262,0.34287,0.436836,0.740598,1.73515,1.79786,0.460033,1.1527,1.37636,2.02128,8.13114,-0.185554,-0.116519,-0.277568,-0.655025,-1.3714,-3.0885,-0.190128
1452,27,Male,Christian,Married,No,Had COVID,4,4,Conspiracy Ideation,20260909002,-11.4075,-0.938774,-10.9044,-1.83725,-12.1542,-0.345783,-0.250918,0.111802,-0.157302,-0.233232,1.0718,0.57716,0.621433,0.633412,1.86757,1.87331,0.593785,1.27038,1.22615,2.13682,9.5667,-0.154013,-0.118842,-0.275898,-0.698782,-1.42441,-3.18039,-0.164735
1453,51,Female,Other religion,Married,No,Had COVID,3,NA,,20260909002,-11.9938,-0.899107,-11.1966,-1.87804,-12.4999,-0.242873,-0.150721,-0.0486998,-0.108876,-0.164406,1.1693,0.637353,0.599132,0.831168,1.81317,2.04072,0.558072,1.28276,1.37739,2.05352,10.0308,-0.176047,-0.138486,-0.230707,-0.691695,-1.41017,-3.13259,-0.204288
1454,59,Male,No religion,Married,No,Had COVID,3,NA,,20260909002,-9.04216,-1.05511,-8.30501,-2.02066,-9.7016,-0.0933095,-0.0890909,0.0696323,0.140942,-0.317326,1.21209,0.732199,0.568634,0.730837,2.04828,2.01331,0.697122,1.31676,1.37164,2.25409,6.9955,-0.169519,-0.0990084,-0.22892,-0.632649,-1.38636,-3.14475,-0.150502
1455,31,Male,Christian,Single,No,None,4,NA,,20260909002,-7.60632,-0.849389,-7.08873,-1.88733,-8.07831,-0.288904,-0.214781,-0.0400333,-0.293504,-0.301132,1.02817,0.487752,0.584013,0.869514,1.52392,1.86988,0.453111,1.37763,1.38683,1.88453,5.6929,-0.196783,-0.133117,-0.225706,-0.634478,-1.4017,-3.13922,-0.200448
1456,33,Female,No religion,Single,Yes,Had COVID,1,NA,,20260909002,-10.3735,-0.950358,-9.76021,-2.05576,-10.9177,-0.27432,-0.199204,0.0125507,-0.065394,-0.201936,1.11353,0.521615,0.582252,0.760644,1.65474,1.86833,0.589858,1.2492,1.4571,1.98682,8.43601,-0.165283,-0.0520503,-0.267253,-0.69622,-1.3719,-3.05274,-0.190528
1457,27,Male,Muslim,Married,Yes,Had COVID,3,NA,,20260909002,-8.27625,-0.858078,-7.67573,-1.85608,-9.06684,-0.319639,-0.162663,0.0237542,-0.054862,-0.0999394,0.898184,0.40334,0.474702,0.629958,1.71058,1.92114,0.639318,1.26141,1.34522,2.26946,6.41166,-0.164015,-0.168499,-0.239392,-0.672318,-1.41656,-3.18071,-0.215266
1458,33,Male,No religion,Married,No,Had COVID,3,5,Institutional Trust and Technocratic Governance,20260909002,-12.0005,-0.960679,-11.4854,-1.84558,-12.8343,-0.23902,-0.0736846,0.0505427,-0.148836,-0.17306,1.10388,0.639355,0.663423,0.739124,2.07469,1.78085,0.575788,1.29269,1.28908,2.1526,10.1655,-0.16766,-0.128766,-0.260751,-0.677815,-1.40901,-3.19036,-0.174291
1459,53,Female,Muslim,Married,No,None,4,NA,,20260909002,-9.95232,-0.812272,-9.28462,-2.0142,-10.2867,-0.315488,-0.304357,0.0330829,-0.0461003,-0.475268,1.05362,0.389217,0.374925,0.835047,1.61597,1.80474,0.423153,1.12732,1.28275,1.79399,8.02059,-0.179075,-0.0770209,-0.227896,-0.66279,-1.44941,-3.1765,-0.123597
1460,71,Female,Muslim,Widowed,No,Had COVID,1,NA,,20260909002,-8.10838,-0.849197,-7.58127,-2.04676,-8.80875,-0.151369,0.0558905,0.135388,0.282019,-0.0461734,0.884677,0.402794,0.510244,0.914096,1.69435,1.82047,0.52331,1.30072,1.39858,1.95757,6.28453,-0.178388,-0.134498,-0.231206,-0.647869,-1.38467,-3.12197,-0.154749
1461,72,Male,Christian,Married,No,None,1,NA,,20260909002,-9.22656,-1.00176,-8.6275,-1.76878,-10.0074,-0.442929,-0.135767,-0.0112337,-0.141103,-0.26756,1.07957,0.499427,0.503563,0.718499,1.66831,2.0176,0.741098,1.25583,1.30903,2.19276,7.38218,-0.202165,-0.184281,-0.244169,-0.63838,-1.37178,-3.10519,-0.190239
1462,48,Male,Christian,Married,No,None,1,NA,,20260909002,-10.1281,-0.786611,-9.61446,-1.84299,-10.8413,-0.444861,-0.173164,-0.0686658,-0.0699873,-0.248929,1.06178,0.508398,0.490829,0.572105,1.758,1.70654,0.368446,1.15718,1.09951,1.71445,8.43056,-0.153986,-0.0883817,-0.22341,-0.624684,-1.35853,-3.10457,-0.203437
1463,20,Female,Christian,Single,No,Bereaved,4,NA,,20260909002,-10.9964,-1.01732,-10.3234,-1.993,-11.6791,-0.17016,0.0423675,0.134243,0.0609171,-0.0678638,1.10324,0.530711,0.551253,0.710865,1.92373,1.92157,0.585539,1.21256,1.27115,2.17535,8.97854,-0.182592,-0.0919148,-0.244508,-0.648555,-1.38661,-3.06007,-0.216139
1464,90,Female,Not answered,Married,No,None,3,NA,,20260909002,-9.78479,-0.835931,-9.31194,-1.92728,-10.4313,-0.164975,-0.0185064,0.0998018,0.179917,-0.151792,0.937372,0.516229,0.557262,0.694719,1.75048,1.7555,0.445079,1.16918,1.29599,1.91992,8.03862,-0.175647,-0.132369,-0.252735,-0.658145,-1.3739,-3.0986,-0.21058
1465,20,Male,Christian,Single,No,Bereaved,2,NA,,20260909002,-9.76309,-0.909176,-9.12207,-2.05915,-10.5278,-0.259714,-0.09689,0.00559499,0.0145179,-0.104501,1.08573,0.534838,0.578749,0.768459,1.7535,1.81008,0.549712,1.18703,1.34959,2.07626,7.82668,-0.162278,-0.0988283,-0.270584,-0.646916,-1.39697,-3.13846,-0.175076
1466,52,Male,Christian,Divorced,No,Had COVID,3,NA,,20260909002,-9.63228,-0.999519,-9.03368,-2.02664,-10.307,-0.0146496,0.0494508,0.0755931,0.0357464,-0.0586918,0.948104,0.53789,0.466697,0.722513,1.81147,1.78975,0.662728,1.3864,1.6073,2.19728,7.68246,-0.161548,-0.074333,-0.304751,-0.683479,-1.44452,-3.13276,-0.176557
1467,79,Male,Christian,Married,No,Bereaved,2,NA,,20260909002,-10.9246,-0.794858,-10.3166,-1.77823,-11.5316,-0.0860605,-0.0145863,0.0371313,-0.0581317,-0.200394,0.939261,0.360568,0.572814,0.617428,1.65247,1.75203,0.393584,1.18564,1.11478,1.93286,9.12976,-0.166424,-0.121184,-0.295231,-0.709826,-1.38338,-3.17359,-0.175035
1468,30,Female,Not answered,Single,Yes,None,2,NA,,20260909002,-9.8029,-0.855592,-9.36759,-1.90034,-10.5642,-0.275061,-0.0754142,0.0156515,-0.00114798,-0.10624,0.865658,0.436501,0.481485,0.722509,1.71735,1.81652,0.554211,1.32362,1.36088,1.96611,8.07163,-0.167496,-0.101388,-0.231139,-0.611805,-1.43744,-3.17975,-0.228463
1469,62,Male,No religion,Married,No,None,4,5,Institutional Trust and Technocratic Governance,20260909002,-9.82679,-0.912481,-9.0475,-1.75117,-10.3698,-0.241214,-0.107276,-0.0360027,-0.153438,-0.413281,1.09666,0.55991899999999994,0.541314,0.684712,2.0739899999999998,1.86735,0.42451,1.14135,1.22645,2.12727,7.81709,-0.170004,-0.121939,-0.291183,-0.706769,-1.43711,-3.17961,-0.144394
1470,48,Female,No religion,Divorced,Yes,Long COVID,1,NA,,20260909002,-8.81589,-1.272,-7.96235,-2.17247,-9.46673,0.00361895,0.15249,0.159237,0.142541,0.179423,1.29261,0.662907,0.55823,1.15414,1.89846,1.92223,0.673566,1.24696,1.49791,2.1634,6.58472,-0.17793900000000001,-0.083801,-0.290012,-0.656208,-1.37306,-3.08418,-0.173164
1471,63,Male,No religion,Married,No,None,3,4,Conspiracy Ideation,20260909002,-10.0046,-0.716145,-9.56345,-1.78326,-10.783,-0.333654,-0.303378,-0.0601193,-0.182504,-0.155478,0.87725,0.372307,0.584355,0.644381,1.67882,1.61091,0.308265,1.2654,1.23434,1.79763,8.30538,-0.152297,-0.0990525,-0.244326,-0.675356,-1.39668,-3.15306,-0.18558
1472,70,Male,Christian,Married,No,Had COVID,1,NA,,20260909002,-11.1186,-1.0263,-10.4249,-1.94133,-11.8404,-0.374281,-0.165536,-0.153705,-0.243703,-0.26523,1.11332,0.721554,0.471171,0.879617,1.90036,1.90855,0.712229,1.21575,1.42559,2.19048,9.27091,-0.168021,-0.0695139,-0.280428,-0.651388,-1.39696,-3.11184,-0.185258
1473,74,Male,No religion,Married,No,Bereaved,3,NA,,20260909002,-9.12125,-0.651214,-8.6582,-1.72524,-9.71021,-0.491748,-0.337976,-0.0133296,-0.361552,-0.41942,0.989497,0.441287,0.470929,0.74381,1.85085,1.67163,0.408757,1.2458,1.19762,1.83119,7.41832,-0.20298,-0.138386,-0.263097,-0.681582,-1.41417,-3.1869,-0.203972
1474,41,Female,Christian,Single,No,None,3,4,Conspiracy Ideation,20260909002,-10.2758,-0.828164,-9.86183,-1.94296,-10.9643,-0.364068,-0.199725,0.0191277,-0.0602523,-0.314893,0.988396,0.527089,0.612304,0.797622,1.60627,1.81317,0.55127,1.28907,1.35861,1.8638,8.56205,-0.113829,-0.0895539,-0.226012,-0.62023,-1.40547,-3.16389,-0.169711
1475,70,Male,No religion,Widowed,No,Had COVID,1,NA,,20260909002,-10.4188,-0.967394,-9.76896,-2.06832,-11.1885,-0.25248,-0.00611309,0.0626849,0.0469865,-0.138661,1.2311,0.531562,0.594655,0.893703,1.9422,2.03304,0.654928,1.32328,1.47155,2.25454,8.48169,-0.196093,-0.144857,-0.222177,-0.672859,-1.3772200000000001,-3.12489,-0.170288
1476,76,Male,No religion,Married,No,Had COVID,2,NA,,20260909002,-10.5036,-1.17216,-9.88051,-1.95402,-11.3847,-0.253606,-0.0712498,3.85878e-4,-0.0836789,-0.15487,1.05319,0.694866,0.595298,0.807883,2.09734,2.06825,0.974263,1.40095,1.55623,2.42573,8.56007,-0.173661,-0.170172,-0.207806,-0.644247,-1.38953,-3.11189,-0.189396
1477,71,Male,Christian,Widowed,No,Had COVID,1,NA,,20260909002,-10.431,-0.964888,-9.62012,-1.80695,-10.9649,-0.146419,-0.0240562,0.0721458,-0.127843,-0.2153,1.09602,0.593182,0.480233,0.66939,1.9114,1.81196,0.501124,1.11857,1.21791,1.96953,8.45032,-0.176726,-0.0916703,-0.198993,-0.583295,-1.39487,-3.08058,-0.188533
1478,65,Male,Christian,Single,No,Had COVID,2,NA,,20260909002,-9.74349,-0.921237,-8.95746,-1.96168,-10.3106,-0.217256,-0.0614954,0.0680091,0.149427,-0.202739,1.11954,0.482264,0.414576,0.651128,1.68398,1.76555,0.421007,1.08658,1.16982,1.79838,7.7792,-0.185765,-0.0883404,-0.260007,-0.639828,-1.36801,-3.10229,-0.136011
1479,33,Male,No religion,Married,Yes,Had COVID,3,NA,,20260909002,-9.23927,-1.05424,-8.49477,-1.89242,-10.0073,-0.102062,-0.00288773,0.0164176,-0.026823,-0.120403,1.13018,0.590227,0.483654,0.708241,1.92922,1.84907,0.564338,1.24312,1.22809,2.14801,7.25054,-0.141095,-0.0978156,-0.292503,-0.677477,-1.43286,-3.1457,-0.178268
1480,18,Female,Christian,Single,No,None,3,NA,,20260909002,-10.1275,-0.836839,-9.49256,-1.77981,-10.8199,-0.0592708,0.0285547,0.150023,0.16346,0.111495,0.967354,0.421156,0.519314,0.494408,1.61782,1.83081,0.544301,1.28273,1.1348800000000001,2.05449,8.26174,-0.149866,-0.0759072,-0.2755,-0.656895,-1.36949,-3.14137,-0.139464
1481,77,Female,Christian,Single,No,Bereaved,2,NA,,20260909002,-10.1553,-0.760868,-9.79216,-1.84285,-10.8522,-0.336754,-0.0839278,0.0145997,0.00288767,-0.0469689,0.680781,0.363074,0.445846,0.56027,1.38028,1.64851,0.431137,1.2264,1.11479,1.67347,8.5459599999999991,-0.208407,-0.0791014,-0.242126,-0.62016,-1.33793,-3.06209,-0.210424
1482,52,Female,Christian,Divorced,No,None,1,NA,,20260909002,-11.9172,-0.919699,-11.244,-1.9919,-12.516,-0.273,-0.158769,-0.0426618,-0.139362,-0.30783,1.15133,0.547363,0.491666,0.896209,1.9356,1.97436,0.601995,1.2238,1.38551,2.11259,9.9618,-0.163068,-0.0855836,-0.209661,-0.600852,-1.43751,-3.1306,-0.188349
1483,69,Male,No religion,Widowed,No,Had COVID,2,NA,,20260909002,-9.47602,-0.599751,-9.05685,-1.73847,-10.1825,-0.269562,-0.11706,0.0760194,-0.0020207,-0.0733521,0.586326,0.0491447,0.435468,0.496202,1.45785,1.67561,0.329042,1.17758,1.12846,1.77898,7.90052,-0.171978,-0.124756,-0.248232,-0.672761,-1.3907,-3.12423,-0.197297
1484,48,Female,Christian,Married,No,Had COVID,3,NA,,20260909002,-9.29254,-0.854568,-8.76158,-1.77219,-10.0051,-0.151723,-0.0331717,0.00512442,-0.00639041,-0.081344,0.857655,0.378751,0.523549,0.575641,1.59945,1.67747,0.367005,1.2252,1.14344,1.97927,7.49196,-0.164283,-0.0998667,-0.289904,-0.687351,-1.42854,-3.17502,-0.149316
1485,59,Male,No religion,Divorced,No,None,4,4,Conspiracy Ideation,20260909002,-10.3177,-0.98948,-9.72473,-2.02634,-11.1394,-0.23368,-0.0211766,0.154133,0.192673,-0.0415426,1.27672,0.689055,0.646419,0.871921,2.04995,1.84254,0.576482,1.27172,1.267,2.22921,8.41674,-0.193639,-0.129278,-0.230776,-0.659102,-1.34594,-3.09708,-0.184223
1486,43,Female,Christian,Married,Yes,None,3,NA,,20260909002,-10.4769,-0.939203,-9.96509,-2.02542,-11.1496,-0.162921,-0.0615526,0.0568902,0.110006,-0.112257,1.13666,0.669126,0.715614,0.954125,1.9224,1.84418,0.589134,1.42547,1.54118,2.0573,8.54937,-0.173464,-0.103061,-0.28211,-0.727863,-1.38472,-3.13533,-0.203973
1487,40,Female,Christian,Married,Yes,Bereaved,2,NA,,20260909002,-10.3513,-0.762765,-9.70874,-1.6703,-11.1217,-0.37644,-0.273141,-0.082163,-0.196929,-0.29616,0.951573,0.451802,0.424334,0.713025,1.59646,1.7129,0.515896,1.11947,1.22078,1.99696,8.66073,-0.163563,-0.151863,-0.270249,-0.714736,-1.38764,-3.09774,-0.173542
1488,79,Male,No religion,Married,No,Bereaved,2,NA,,20260909002,-9.69293,-0.880535,-9.05656,-1.783,-10.3436,-0.125828,-0.0533594,0.031853,-0.129376,-0.218728,1.16572,0.476901,0.667816,0.822395,1.76683,1.84783,0.450689,1.24083,1.27643,2.05254,7.74903,-0.184431,-0.171034,-0.2384,-0.690184,-1.39017,-3.11332,-0.220286
1489,76,Female,Christian,Married,No,Had COVID,2,NA,,20260909002,-9.69112,-0.90137,-8.93672,-1.94104,-10.5095,0.0233605,0.101147,0.0367092,0.172664,0.141396,1.13382,0.515702,0.510887,0.728054,1.89564,1.79119,0.44912,1.21859,1.21607,2.09374,7.7491,-0.193695,-0.118313,-0.30343,-0.734524,-1.37334,-3.10889,-0.18312
1490,60,Female,No religion,Married,No,None,3,NA,,20260909002,-9.71691,-0.882266,-8.95311,-1.9093,-10.3276,-0.353121,-0.142821,-0.0529052,0.0226249,-0.212578,1.15319,0.508577,0.393122,0.815626,1.77421,1.88374,0.53045,1.0922,1.32764,1.98697,7.87539,-0.166385,-0.0911373,-0.251559,-0.669291,-1.37162,-3.09436,-0.151738
1491,61,Male,Christian,Married,No,None,4,NA,,20260909002,-11.1417,-0.888558,-10.5156,-2.00954,-11.9976,-0.325611,-0.145821,-0.0103533,-0.0536646,0.0167887,1.12719,0.692535,0.5798,1.0098800000000001,1.87123,1.82192,0.507227,1.19998,1.35501,2.01087,9.35135,-0.178346,-0.0544031,-0.219595,-0.631409,-1.3929,-3.11267,-0.207855
1492,90,Male,Christian,Divorced,No,Had COVID,1,NA,,20260909002,-10.4945,-0.636969,-10.1524,-1.85272,-11.1334,-0.491578,-0.233346,0.0520119,-0.069142,-0.343135,0.890639,0.362814,0.520239,0.61077,1.56087,1.76719,0.400563,1.22306,1.34939,1.81872,8.92984,-0.188193,-0.0923703,-0.230537,-0.657471,-1.38697,-3.13265,-0.22438
1493,59,Male,Christian,Married,No,Bereaved,4,NA,,20260909002,-10.1313,-0.857931,-9.62751,-2.00739,-10.8264,-0.400555,-0.325576,0.0313718,-0.0935883,-0.396361,1.12531,0.686284,0.717106,0.934758,2.10908,1.89456,0.631003,1.29233,1.40396,2.08722,8.27861,-0.224936,-0.145731,-0.256893,-0.645868,-1.41559,-3.12469,-0.203946
1494,88,Female,Other religion,Widowed,No,None,2,NA,,20260909002,-9.81416,-0.942962,-9.25159,-1.90307,-10.5542,-0.262029,-0.129679,-0.0767643,-0.0782592,-0.191086,0.997788,0.554915,0.544191,0.681039,1.87319,1.78889,0.548919,1.35825,1.14815,2.02509,7.98409,-0.172351,-0.0797923,-0.265849,-0.631367,-1.35769,-3.1195,-0.162216
1495,66,Male,Muslim,Married,No,Had COVID,1,NA,,20260909002,-8.82707,-0.700279,-8.38329,-2.01066,-9.8308700000000009,-0.205048,-0.0499944,0.0730301,0.166519,0.0375167,1.01126,0.444951,0.513642,0.908079,2.05019,1.51461,0.272143,1.13529,1.22962,1.93346,7.19826,-0.124229,-0.118191,-0.235752,-0.663,-1.4285,-3.20724,-0.179746
1496,56,Female,Christian,Married,No,Had COVID,1,3,Communitarianism,20260909002,-10.3513,-0.762765,-9.70874,-1.6703,-11.1217,-0.37644,-0.273141,-0.082163,-0.196929,-0.29616,0.951573,0.451802,0.424334,0.713025,1.59646,1.7129,0.515896,1.11947,1.22078,1.99696,8.66073,-0.163563,-0.151863,-0.270249,-0.714736,-1.38764,-3.09774,-0.173542
1497,87,Female,Christian,Widowed,No,Bereaved,4,NA,,20260909002,-9.52865,-0.848963,-8.9033,-1.93794,-10.2827,-0.313443,-0.153184,-0.0280315,0.0215553,-0.0722595,1.17415,0.572999,0.594977,0.875587,1.92459,1.73762,0.42486,1.16731,1.25241,1.85195,7.71044,-0.187225,-0.14381,-0.236658,-0.672064,-1.3869,-3.09121,-0.209366
1498,18,Male,Hindu,Single,No,Had COVID,1,NA,,20260909002,-9.73744,-0.992601,-8.9598,-2.04744,-10.2694,-0.043038,0.0341209,0.137719,0.132065,-0.072889,1.24978,0.674291,0.549352,0.689072,1.96011,1.91552,0.484575,1.20767,1.37167,1.94376,7.67602,-0.200117,-0.12786,-0.2234,-0.640399,-1.38278,-3.09334,-0.185228
1499,66,Male,Christian,Widowed,No,None,1,NA,,20260909002,-10.3228,-0.843569,-9.809,-1.73193,-11.1099,-0.28857,-0.233061,0.00289809,-0.295464,-0.223868,1.04488,0.566722,0.617843,0.64724,1.95682,1.89472,0.488942,1.28597,1.20873,2.04766,8.49477,-0.164721,-0.0413601,-0.267058,-0.708523,-1.39462,-3.10894,-0.181435
1500,52,Female,Christian,Single,No,None,3,NA,,20260909002,-10.1589,-0.758656,-9.60108,-1.70842,-10.9242,-0.0665133,-0.120339,-0.0403176,-0.0574235,-0.263043,0.761508,0.424998,0.446142,0.578679,1.757,1.47887,0.331197,1.01159,1.14865,1.90102,8.495,-0.151449,-0.106471,-0.231252,-0.667058,-1.41151,-3.1069,-0.218795
1501,21,Female,Not answered,Single,No,Bereaved,1,NA,,20260909002,-9.86126,-0.787772,-9.4391,-1.89066,-10.6318,-0.228619,-0.10519,-0.00823775,0.0267583,-0.376463,0.817929,0.346382,0.50066600000000006,0.62419500000000006,1.62083,1.57117,0.351459,1.2972,1.23148,1.91843,8.15091,-0.166621,-0.100556,-0.261129,-0.696475,-1.34472,-3.11935,-0.193279
1502,31,Female,No religion,Single,Yes,None,1,NA,,20260909002,-11.2546,-0.655343,-10.8016,-1.75735,-11.9595,-0.372163,-0.172768,0.0205918,-0.142662,-0.127766,0.957472,0.350188,0.512431,0.877374,1.50342,1.75017,0.422859,1.22886,1.28516,1.84275,9.61439,-0.180278,-0.176031,-0.249946,-0.677374,-1.40138,-3.12294,-0.17295
1503,44,Female,No religion,Single,Yes,None,2,5,Institutional Trust and Technocratic Governance,20260909002,-10.3926,-0.971201,-9.86424,-1.96314,-11.0889,-0.178632,-0.0289833,0.121804,0.0272734,0.0603333,1.11502,0.519641,0.447667,0.706291,1.72158,1.8472,0.645441,1.18542,1.33186,1.98444,8.56399,-0.157938,-0.106348,-0.198465,-0.633274,-1.42738,-3.13927,-0.17196
1504,86,Female,Christian,Married,No,None,1,NA,,20260909002,-9.33781,-0.7681,-8.71773,-1.95938,-9.93415,-0.0897048,-0.0661908,0.122641,0.240395,-0.0590062,0.859771,0.23092,0.49086,0.756318,1.61851,1.78409,0.405538,1.27451,1.30246,1.89621,7.46692,-0.186573,-0.134579,-0.208618,-0.593472,-1.39009,-3.10301,-0.183002
1505,42,Female,Christian,Married,No,None,3,NA,,20260909002,-12.2689,-0.868859,-11.4916,-2.07201,-12.6622,-0.173992,-0.0553485,0.102295,0.0635134,-0.154713,1.19145,0.477691,0.589673,0.847557,1.69456,2.00716,0.501286,1.24381,1.42349,1.92508,10.2382,-0.195488,-0.131387,-0.266694,-0.678056,-1.42858,-3.1728,-0.175582
1506,32,Male,Christian,Married,Yes,Had COVID,4,NA,,20260909002,-10.0671,-0.757833,-9.37806,-1.98687,-10.7481,-0.269721,-0.177847,-0.0318417,-0.13345,-0.268659,1.16056,0.482362,0.474597,0.920979,1.90501,1.80137,0.494984,1.13595,1.3981,2.0666,8.29007,-0.222001,-0.173728,-0.171668,-0.625912,-1.36525,-3.10224,-0.193716
1507,44,Male,Christian,Married,No,None,2,NA,,20260909002,-10.5444,-0.921973,-9.9517,-1.73682,-11.2979,-0.205664,-0.0266166,0.145356,-0.0171787,-0.205678,0.852535,0.446863,0.349941,0.475425,1.75724,1.64502,0.456886,1.02906,1.09615,2.05827,8.7638,-0.133425,-0.163404,-0.259056,-0.68712,-1.40413,-3.16628,-0.189963
1508,30,Female,Christian,Single,No,None,3,NA,,20260909002,-11.5829,-1.08777,-10.8194,-1.90603,-12.2888,-0.0587209,0.0677512,0.0787666,-0.0486246,-0.0021234,1.15659,0.722723,0.623565,0.807205,2.066,1.88416,0.656848,1.19762,1.33251,2.10685,9.57869,-0.139986,-0.104408,-0.21072,-0.611703,-1.37967,-3.06414,-0.181818
1509,58,Female,No religion,Married,No,Long COVID,4,NA,,20260909002,-9.33407,-0.795425,-8.92425,-1.91666,-10.0998,-0.274555,-0.140258,0.068141,0.0175475,-0.295762,0.738408,0.228929,0.335561,0.39928,1.72648,1.56081,0.350758,1.12315,1.25333,2.03248,7.59385,-0.183178,-0.115729,-0.297686,-0.671809,-1.45771,-3.20918,-0.149176
1510,82,Male,Christian,Divorced,No,None,3,NA,,20260909002,-9.27679,-0.962717,-8.78002,-2.0883,-9.80964,-0.201541,0.0164505,0.116239,0.123082,-0.189455,0.94617,0.477934,0.480201,0.675409,1.62169,1.7244,0.470201,1.28053,1.33799,1.75709,7.40767,-0.163714,-0.105885,-0.267565,-0.632909,-1.43553,-3.1426,-0.177399
1511,74,Male,Christian,Married,No,Bereaved,4,NA,,20260909002,-8.83095,-0.733663,-8.33677,-1.82054,-9.79625,-0.281403,-0.102489,0.0328098,-0.0277974,-0.178158,0.887455,0.386645,0.508139,0.838417,1.95042,1.82102,0.466855,1.20189,1.20886,2.16898,7.1294,-0.188588,-0.170533,-0.246237,-0.707266,-1.4199,-3.18462,-0.227779
1512,55,Male,No religion,Married,No,None,4,NA,,20260909002,-9.45846,-1.02226,-8.70403,-1.90825,-10.1604,-0.116511,0.00776683,-0.0881583,-0.0563838,-0.214555,1.17001,0.535552,0.602459,0.812977,1.84217,1.81194,0.508102,1.2532,1.18093,2.05536,7.47128,-0.150135,-0.132442,-0.24239,-0.687534,-1.35507,-3.13417,-0.151584
1513,34,Female,No religion,Married,Yes,Long COVID,3,NA,,20260909002,-10.4374,-0.825824,-9.88491,-1.7519,-11.3303,-0.253407,-0.0828486,-0.0177198,-0.161975,-0.159188,0.912801,0.495189,0.441735,0.715145,1.80362,1.64466,0.509407,1.07417,1.13861,2.02465,8.80344,-0.190646,-0.119429,-0.191761,-0.627352,-1.37771,-3.09206,-0.19963
1514,70,Male,Not answered,Divorced,No,None,3,NA,,20260909002,-9.29284,-0.825309,-8.7494,-1.85644,-10.0797,-0.24862,-0.115753,0.0752199,-0.0309586,-0.224049,0.96529,0.534914,0.487291,0.733022,1.87014,1.59838,0.415816,1.06334,1.18247,2.06153,7.53251,-0.203717,-0.108039,-0.29498,-0.632685,-1.39823,-3.12548,-0.180152
1515,28,Female,Sikh,Single,No,None,3,5,Institutional Trust and Technocratic Governance,20260909002,-11.9709,-1.01476,-11.3448,-2.07626,-12.615,-0.234777,-0.0940235,0.0430708,-0.0139615,-0.376818,1.17727,0.743599,0.586869,0.95612,2.02619,1.96391,0.749461,1.30823,1.49935,2.20855,10.0901,-0.185277,-0.107808,-0.2002,-0.612843,-1.34394,-3.05465,-0.188284
1516,23,Female,Christian,Single,No,Had COVID,2,NA,,20260909002,-10.4183,-0.972869,-9.72082,-2.18781,-11.1086,-0.0481769,0.107063,0.175507,0.219711,0.0546115,1.13396,0.631265,0.541564,1.14132,1.85666,1.52841,0.359409,1.05158,1.29202,1.83868,8.46923,-0.198831,-0.141022,-0.235949,-0.652529,-1.40753,-3.09793,-0.214839
1517,65,Female,No religion,Married,No,None,3,NA,,20260909002,-12.415,-0.989879,-11.6862,-1.86955,-13.0978,-0.185046,-0.0578475,0.053298,-0.0493466,-0.1252,1.10116,0.612741,0.473325,0.76974,1.78112,1.92631,0.560398,1.22274,1.23942,2.08079,10.4958,-0.160623,-0.129868,-0.279239,-0.650023,-1.44158,-3.20779,-0.197542
1518,60,Male,No religion,Divorced,Yes,None,1,NA,,20260909002,-7.59296,-0.908805,-6.91646,-1.96472,-8.45159,-0.188123,-0.051467,-0.00344533,-0.111981,0.0276434,1.18009,0.592324,0.582026,0.963384,1.99872,1.99124,0.61114,1.29955,1.58076,2.23149,5.63594,-0.210791,-0.142969,-0.241794,-0.670439,-1.35528,-3.10391,-0.195692
1519,71,Male,Christian,Married,No,None,2,NA,,20260909002,-10.163,-0.842843,-9.47869,-1.87123,-10.9597,-0.0774587,-0.00683509,0.106977,0.0929954,-0.121079,1.0425,0.28953,0.310692,0.513101,1.81199,1.91915,0.59604,1.1921,1.17997,2.36439,8.25627,-0.173544,-0.0752224,-0.233762,-0.64924,-1.38687,-3.09536,-0.188811
1520,43,Female,Christian,Married,Yes,Had COVID,4,2,Libertarianism,20260909002,-11.081,-0.734382,-10.6176,-1.79709,-11.5961,-0.200357,-0.0168948,0.139683,-0.024216,-0.238888,1.1185,0.38405,0.606118,0.737637,1.57464,1.74808,0.365591,1.24439,1.35193,1.90261,9.33369,-0.158371,-0.121403,-0.258203,-0.699632,-1.4055,-3.1507,-0.212077
1521,22,Female,Christian,Single,No,Had COVID,4,NA,,20260909002,-9.45126,-0.698173,-8.93661,-1.83392,-10.155,-0.356415,-0.299285,-0.0333286,-0.0118256,-0.263851,1.16655,0.528018,0.664949,0.915806,1.73557,1.73024,0.421792,1.21634,1.27166,1.9487,7.71569,-0.152663,-0.110865,-0.262192,-0.690398,-1.4013,-3.16367,-0.177086
1522,50,Male,Christian,Married,No,Had COVID,2,NA,,20260909002,-9.63119,-0.919203,-8.93344,-2.02534,-10.1638,-0.430781,-0.298516,-0.0843431,-0.159976,-0.41757,1.27942,0.573913,0.530912,0.833845,1.68092,1.8346,0.489393,1.24451,1.44744,2.05086,7.63201,-0.151362,-0.0712832,-0.249535,-0.662962,-1.44993,-3.17057,-0.179143
1523,27,Female,Christian,Single,No,Had COVID,3,NA,,20260909002,-9.89802,-0.873283,-9.15634,-1.95895,-10.3004,-0.404771,-0.196283,-0.00827622,-0.0619417,-0.256342,1.135,0.482222,0.57306,0.893233,1.68498,2.0195,0.513539,1.15483,1.38251,2.05106,7.91437,-0.158638,-0.11364,-0.287675,-0.666229,-1.47006,-3.22163,-0.189303
1524,65,Female,Muslim,Divorced,No,Had COVID,1,NA,,20260909002,-9.92393,-0.913234,-9.39855,-2.0517,-10.6582,-0.184907,-0.138028,0.071518,-0.00752089,-0.0954674,1.10813,0.553327,0.613601,0.915269,1.98153,1.89741,0.552562,1.3459,1.42507,2.10578,8.01456,-0.181624,-0.0692928,-0.295523,-0.659798,-1.3866,-3.10024,-0.156346
1525,33,Male,Hindu,Widowed,No,None,3,NA,,20260909002,-8.8319,-0.795227,-8.31882,-1.63572,-9.4508,-0.229287,-0.191023,-0.0553639,-0.129194,-0.183211,1.03551,0.555298,0.571576,0.678466,1.82189,1.71354,0.504283,1.35769,1.12181,1.80269,7.08819,-0.20225,-0.119279,-0.210265,-0.659686,-1.35581,-3.10923,-0.223368
1526,75,Male,Christian,Married,No,Had COVID,2,NA,,20260909002,-9.89986,-0.937587,-9.25541,-2.10114,-10.4703,-0.219172,-0.0944623,0.0242792,-0.00600099,-0.378296,1.04618,0.521677,0.564774,0.802687,1.86661,1.89897,0.628111,1.36122,1.41361,2.21096,7.90515,-0.170694,-0.0613437,-0.260146,-0.631627,-1.44625,-3.18112,-0.194567
1527,46,Female,Christian,Divorced,No,Had COVID,2,NA,,20260909002,-8.97555,-1.04752,-8.28385,-2.00765,-9.79214,-0.0575287,0.103051,0.101875,0.19525,0.0204959,0.966794,0.421244,0.530777,0.758286,1.83963,1.92009,0.626904,1.31512,1.33061,2.13806,6.99155,-0.198221,-0.196334,-0.251189,-0.72249,-1.41083,-3.1373,-0.213906
1528,75,Female,Christian,Widowed,No,Had COVID,2,NA,,20260909002,-7.56821,-0.758604,-7.02275,-1.83739,-8.30003,-0.145597,-0.0637349,0.0551765,5.62985e-4,0.057888,1.05174,0.502178,0.393082,0.771335,1.70321,1.57129,0.412635,1.14159,1.21657,1.7167,5.81037,-0.226064,-0.17442,-0.249211,-0.691445,-1.39546,-3.15709,-0.226838
1529,50,Male,No religion,Married,No,Had COVID,2,NA,,20260909002,-9.78654,-0.976055,-9.05929,-1.8216,-10.6193,-0.24302,-0.0659447,-0.0248539,-0.100835,-0.22017,1.16102,0.612742,0.484144,0.611771,2.08535,2.09847,0.752752,1.27897,1.19839,2.5197600000000002,7.82164,-0.134588,-0.0724355,-0.266501,-0.711526,-1.4199600000000001,-3.23849,-0.219926
1530,65,Female,Christian,Widowed,No,Bereaved,1,NA,,20260909002,-9.90218,-1.05909,-9.22213,-1.96507,-10.6793,0.0357312,0.179656,0.190819,0.172014,-0.0285414,1.05162,0.631167,0.509813,0.744159,2.01541,1.83092,0.563257,1.26761,1.31198,2.21406,7.9022,-0.153332,-0.0546351,-0.266516,-0.644642,-1.40112,-3.18625,-0.204324
1531,29,Female,No religion,Single,Yes,None,1,NA,,20260909002,-9.33287,-0.810279,-8.83475,-1.8886,-10.2976,-0.173823,-0.0340858,-0.00968003,0.0140871,0.0143822,0.840673,0.419354,0.479819,0.641059,1.97465,1.61404,0.356837,1.26026,1.23415,2.02719,7.60156,-0.209387,-0.104404,-0.213862,-0.658845,-1.40008,-3.11819,-0.17327
1532,61,Male,Christian,Divorced,No,None,1,NA,,20260909002,-10.6903,-0.973896,-10.0335,-2.08171,-11.2345,-0.0848992,0.086299,0.0429017,0.0308137,-0.0534933,1.0316,0.483019,0.635586,1.00545,1.61454,1.73522,0.418277,1.21583,1.35668,1.91826,8.7376,-0.187425,-0.124317,-0.245367,-0.647037,-1.39966,-3.12757,-0.172569
1533,55,Female,Muslim,Married,No,None,4,NA,,20260909002,-11.6782,-0.691211,-11.1992,-1.75685,-12.1937,-0.16562,0.0445645,0.141658,0.0886239,-0.207314,0.859998,0.238736,0.34481,0.501339,1.4699,1.38048,0.233388,1.08848,1.08513,1.69159,10.0554,-0.181823,-0.132969,-0.260179,-0.63797,-1.37915,-3.02698,-0.211034
1534,77,Female,Christian,Married,No,Had COVID,2,3,Communitarianism,20260909002,-10.2245,-0.720783,-9.73214,-1.81201,-10.7894,-0.347524,-0.233464,-0.0697476,-0.143846,-0.316142,1.03189,0.556633,0.546462,0.819762,1.57275,1.64528,0.415062,1.25307,1.24953,1.73455,8.57218,-0.160371,-0.102128,-0.268713,-0.647886,-1.40663,-3.12217,-0.211533
1535,19,Male,Christian,Single,No,None,2,NA,,20260909002,-10.8907,-0.958862,-10.6023,-1.974,-11.8436,-0.446946,-0.197252,0.0215255,-0.040338,-0.207048,0.99252,0.621036,0.63206,0.846789,1.94482,1.51784,0.574484,1.29569,1.357,2.016,9.27603,-0.20234,-0.0962584,-0.240613,-0.64107,-1.32412,-3.03179,-0.202614
1536,57,Female,Christian,Single,No,Had COVID,1,NA,,20260909002,-10.2287,-0.8327,-9.46561,-1.89217,-10.9608,-0.205238,-0.154673,0.117646,0.063743,-0.15465,0.994127,0.442102,0.303131,0.810213,1.86401,1.89262,0.527655,1.1328,1.28868,2.1219,8.34713,-0.190293,-0.152515,-0.313994,-0.718556,-1.41366,-3.19757,-0.164417
1537,56,Female,Muslim,Married,No,Bereaved,2,5,Institutional Trust and Technocratic Governance,20260909002,-9.39906,-0.683082,-8.99962,-1.79986,-10.0477,-0.183566,-0.151122,0.0607963,-0.135369,-0.0314862,1.02077,0.489268,0.534335,0.878743,1.57474,1.47867,0.322545,1.25704,1.18865,1.77134,7.73322,-0.182941,-0.122299,-0.271309,-0.729898,-1.40263,-3.11625,-0.224352
1538,50,Male,No religion,Widowed,No,None,1,NA,,20260909002,-10.2755,-0.705314,-9.70728,-1.68756,-10.9403,-0.228213,-0.183642,0.0446499,-0.0584631,-0.311771,1.03535,0.474916,0.495575,0.671814,1.85715,1.88337,0.531226,1.27798,1.11841,2.07525,8.53203,-0.17383,-0.117824,-0.186224,-0.677573,-1.40818,-3.1519,-0.203011
1539,77,Male,Christian,Married,No,None,1,NA,,20260909002,-9.44344,-0.943249,-8.69515,-1.8967,-9.9866,-0.0616145,-0.0482062,0.0170597,0.0376289,-0.0857996,0.906982,0.42408,0.453833,0.711424,1.65145,1.79316,0.446183,1.07981,1.18993,1.96587,7.48052,-0.209761,-0.101066,-0.332268,-0.71749,-1.37958,-3.16508,-0.217593
1540,75,Male,Christian,Married,No,None,1,NA,,20260909002,-10.9836,-0.709103,-10.4564,-1.76541,-11.7267,-0.394384,-0.238956,-0.0860677,0.108235,-0.171504,0.870324,0.300957,0.414539,0.431354,1.57298,1.80207,0.401331,1.16187,1.08798,1.94349,9.311,-0.168637,-0.128714,-0.28342,-0.674373,-1.34244,-3.08403,-0.18564
1541,47,Male,No religion,Married,Yes,None,2,NA,,20260909002,-11.8481,-0.999658,-11.1973,-1.87126,-12.7931,-0.0729905,0.082036799999999993,0.165461,0.0520424,0.0198187,1.10871,0.715564,0.531127,0.843005,2.13814,1.7941,0.530582,1.1659,1.30674,2.11471,10.0199,-0.185854,-0.130819,-0.280798,-0.717753,-1.34641,-3.15373,-0.201063
1542,32,Male,Christian,Married,Yes,Bereaved,4,NA,,20260909002,-10.043,-0.648996,-9.54958,-1.62215,-10.6172,-0.437861,-0.328362,-0.0737512,-0.148563,-0.540248,0.948647,0.534904,0.515631,0.670376,1.63735,1.71338,0.516591,1.20217,1.12209,1.90296,8.46404,-0.180322,-0.108263,-0.269964,-0.699643,-1.35974,-3.06993,-0.187419
1543,30,Female,Christian,Single,Yes,None,4,NA,,20260909002,-9.52871,-0.818239,-9.02997,-1.79254,-10.1913,-0.246914,-0.151019,0.0326404,-0.0653833,-0.247439,0.809365,0.435243,0.525627,0.761418,1.79397,1.80773,0.621445,1.35366,1.18927,2.1264,7.74288,-0.193142,-0.0884445,-0.279462,-0.629606,-1.40402,-3.09429,-0.193424
1544,40,Male,Christian,Married,No,Had COVID,1,NA,,20260909002,-10.8598,-0.852844,-10.2067,-1.83253,-11.6575,-0.218815,-0.092315,0.00591871,-0.028909,-0.168848,1.2577,0.699419,0.564871,0.787561,2.16546,1.68773,0.298014,1.15931,1.074,2.08281,9.00806,-0.21269,-0.152256,-0.198855,-0.661661,-1.36599,-3.14439,-0.209847
1545,62,Male,Muslim,Separated,No,None,4,NA,,20260909002,-9.16231,-0.886651,-8.46393,-1.93868,-9.816,-0.195889,0.00602939,0.0605362,-0.043634,0.0242639,1.21673,0.603713,0.425002,0.907402,1.9278,1.75133,0.359639,1.16048,1.21991,1.93221,7.2436,-0.190474,-0.100918,-0.282777,-0.676444,-1.38913,-3.10507,-0.192976
1546,42,Male,No religion,Single,No,None,3,NA,,20260909002,-10.9085,-0.927122,-10.4229,-2.06462,-11.5239,-0.424133,-0.204733,-0.00989971,-0.129222,-0.253256,0.829769,0.487545,0.577127,0.860138,1.60317,1.68901,0.540272,1.28311,1.49144,1.86551,9.12196,-0.180432,-0.114709,-0.28123,-0.708047,-1.40375,-3.15639,-0.172786
1547,55,Male,No religion,Married,No,None,4,NA,,20260909002,-9.74746,-1.07044,-9.0957,-2.18637,-10.6073,-0.0132408,0.108058,0.198165,0.271752,-0.0747073,1.25343,0.715039,0.615747,0.761997,2.23092,1.90319,0.662432,1.32431,1.29893,2.29618,7.77095,-0.145448,-0.10677,-0.203502,-0.663094,-1.34351,-3.08413,-0.174678
1548,24,Male,Not answered,Single,No,None,4,NA,,20260909002,-8.88232,-1.05934,-8.204,-2.25164,-9.51739,-0.0355524,0.21244,0.189918,0.202809,0.0650467,1.15763,0.577531,0.611295,0.98937,1.99005,1.96753,0.502511,1.26344,1.53859,2.10412,6.80995,-0.180325,-0.106313,-0.311796,-0.665249,-1.38758,-3.18764,-0.204756
1549,45,Female,Christian,Married,No,Bereaved,2,NA,,20260909002,-10.9639,-0.856564,-10.238,-1.95716,-11.5344,-0.130056,-0.15976,-0.00333569,-0.0372803,-0.237639,1.28067,0.706019,0.67787,0.912472,2.19265,1.99515,0.543838,1.38371,1.51969,2.20487,8.92939,-0.156574,-0.144061,-0.278511,-0.700796,-1.37204,-3.12704,-0.219927
1550,18,Female,Not answered,Single,No,Had COVID,2,NA,,20260909002,-10.1066,-0.887901,-9.49737,-1.82189,-10.7473,-0.207513,-0.0962607,0.056687800000000003,-0.0248763,-0.09702,1.04568,0.482932,0.543361,0.625055,1.72117,1.76672,0.461025,1.18287,1.06365,1.89516,8.21904,-0.217301,-0.163405,-0.265298,-0.682495,-1.42332,-3.12651,-0.185399
1551,31,Female,Muslim,Single,No,Had COVID,4,NA,,20260909002,-11.3583,-0.817715,-10.9597,-1.96231,-12.2999,-0.577696,-0.381209,-0.117895,-0.22713,-0.361373,1.23651,0.706266,0.83528,1.00823,2.09467,1.80724,0.550826,1.29659,1.36072,2.1426,9.6415,-0.17329,-0.0891321,-0.221815,-0.641564,-1.37242,-3.15921,-0.200047
1552,32,Female,Christian,Single,No,Had COVID,2,NA,,20260909002,-10.3966,-0.68663,-9.73562,-1.67418,-11.0797,-0.332217,-0.218688,-0.0653132,-0.111441,-0.196754,1.24388,0.616536,0.493977,0.767315,1.77603,1.69593,0.232793,0.993216,1.00985,1.75213,8.67769,-0.141962,-0.124315,-0.267533,-0.659175,-1.39973,-3.14924,-0.201996
1553,18,Male,Not answered,Single,No,None,3,4,Conspiracy Ideation,20260909002,-9.5662,-0.789842,-9.03133,-1.71647,-10.1811,-0.214454,-0.0801213,0.0988112,0.0107062,-0.162239,1.08371,0.542529,0.677794,0.850432,1.7669,1.73457,0.418953,1.1310500000000001,1.1426,1.78348,7.82209,-0.176551,-0.132819,-0.271287,-0.67637,-1.3772,-3.12785,-0.169029
1554,24,Male,No religion,Single,No,Had COVID,4,NA,,20260909002,-10.3236,-0.968769,-9.46671,-2.02425,-11.1076,-0.0488974,-0.0316139,0.0198731,0.138079,-0.0592946,1.22586,0.566128,0.530232,0.922273,2.09224,1.73742,0.444558,1.18528,1.23236,2.21861,8.24279,-0.159387,-0.144115,-0.269898,-0.673808,-1.38193,-3.10842,-0.183281
1555,38,Male,Christian,Married,Yes,Had COVID,3,NA,,20260909002,-10.1398,-0.779752,-9.72565,-1.98457,-10.8004,-0.340994,-0.295944,0.0259149,-0.0727061,-0.321003,0.92021,0.4233,0.630889,0.744552,1.62115,1.65443,0.456557,1.223,1.17015,1.94636,8.37383,-0.144521,-0.0666376,-0.283253,-0.628078,-1.42463,-3.18131,-0.168727
1556,74,Female,No religion,Married,No,None,2,NA,,20260909002,-9.81198,-0.877816,-9.13153,-1.87854,-10.6335,-0.138354,-0.02395,0.0723516,0.106367,0.0104491,0.970144,0.474473,0.49278,0.573673,1.85909,1.78342,0.448435,1.13212,1.11399,2.00603,7.93378,-0.204065,-0.104418,-0.23062,-0.71021,-1.39685,-3.14822,-0.191273
1557,75,Male,No religion,Married,No,Had COVID,4,NA,,20260909002,-10.0864,-0.755216,-9.55587,-1.91756,-10.7891,-0.40572,-0.302624,0.0419921,-0.0199216,-0.34916,1.01789,0.46357,0.54394,0.657659,1.8973,1.57904,0.311788,1.13165,1.12609,1.97364,8.30998,-0.199374,-0.135413,-0.25118,-0.63139,-1.365,-3.13423,-0.171188
1558,36,Female,Christian,Married,Yes,Had COVID,1,NA,,20260909002,-9.88048,-0.77777,-9.40355,-1.85146,-10.5966,-0.286853,-0.109639,0.0601116,-0.0465405,-0.239134,0.839547,0.38466,0.340755,0.639991,1.5876,1.7336,0.562685,1.26187,1.20043,1.97036,8.22291,-0.216032,-0.112505,-0.247142,-0.670236,-1.36092,-3.08699,-0.190507
1559,56,Female,Muslim,Married,No,Had COVID,4,NA,,20260909002,-10.4206,-0.792272,-9.83043,-1.97586,-11.0956,-0.280059,-0.159311,-0.128069,-0.0367877,-0.114411,0.704019,0.250068,0.458448,0.659423,1.55603,1.71174,0.358172,1.18363,1.36179,1.73075,8.64758,-0.138555,-0.0990055,-0.212749,-0.629626,-1.3526,-3.05933,-0.193017
1560,68,Female,Muslim,Divorced,No,None,4,NA,,20260909002,-10.1439,-0.809407,-9.45909,-1.9483,-10.7867,-0.320594,-0.201316,-0.0359475,-0.0980332,-0.198713,1.0452,0.323902,0.524429,0.664857,1.68151,1.72566,0.360479,1.21915,1.17139,1.98642,8.26162,-0.162506,-0.0830953,-0.292498,-0.70193,-1.38109,-3.13092,-0.152683
1561,56,Male,Christian,Married,No,Long COVID,2,NA,,20260909002,-8.24475,-0.775035,-7.78887,-1.80097,-9.0882,-0.325815,-0.234909,-0.121237,-0.113748,-0.305963,0.927333,0.622162,0.555532,0.871556,1.93118,1.64507,0.460283,1.12439,1.20331,1.92666,6.60436,-0.148638,-0.0836085,-0.22317,-0.683169,-1.38668,-3.13942,-0.179366
1562,73,Male,No religion,Widowed,No,None,4,NA,,20260909002,-9.97086,-0.881277,-9.36193,-1.96966,-10.747,-0.385178,-0.308946,-0.0528167,-0.272334,-0.368283,1.27907,0.604569,0.544257,0.845889,1.90175,1.89282,0.524341,1.31297,1.42614,2.13569,8.09553,-0.185628,-0.107218,-0.259574,-0.644811,-1.33202,-3.09827,-0.157697
1563,62,Male,No religion,Married,No,Had COVID,2,NA,,20260909002,-10.5706,-0.918635,-9.94878,-1.76504,-11.4147,-0.175911,-0.123384,-0.025351,-0.103574,-0.128515,1.19981,0.598988,0.598945,0.650574,1.91274,1.68363,0.528622,1.26334,1.17771,2.13468,8.71649,-0.186949,-0.148318,-0.223012,-0.628497,-1.37741,-3.12812,-0.162242
1564,29,Male,No religion,Single,Yes,None,2,4,Conspiracy Ideation,20260909002,-9.7203,-0.867776,-9.22852,-2.01831,-10.4245,-0.351283,-0.125676,0.104688,0.0809628,-0.175158,1.09729,0.500178,0.539995,0.808019,1.77145,1.89148,0.620289,1.38405,1.49929,2.10319,7.8934,-0.19538,-0.168171,-0.262907,-0.664971,-1.3634,-3.08657,-0.178362
1565,43,Female,Christian,Married,No,Had COVID,1,4,Conspiracy Ideation,20260909002,-10.3051,-0.990514,-9.52185,-2.10896,-11.0159,-0.332796,-0.183255,-0.142258,-0.0129533,-0.176917,1.21195,0.674165,0.560676,0.946451,2.08165,1.96663,0.681646,1.31526,1.52068,2.30084,8.31174,-0.135619,-0.108669,-0.280573,-0.655356,-1.41139,-3.13889,-0.15431
1566,74,Female,No religion,Widowed,No,Bereaved,3,NA,,20260909002,-11.2351,-0.751041,-10.5921,-1.62981,-11.965,-0.292114,-0.12895,0.00470859,-0.135235,-0.169171,1.03036,0.358499,0.428749,0.558941,1.80457,1.61351,0.350195,0.968567,1.00952,2.06456,9.52211,-0.189622,-0.14126,-0.24196,-0.68255,-1.34658,-3.09535,-0.179919
1567,69,Female,No religion,Widowed,Yes,None,3,NA,,20260909002,-10.7183,-0.81277,-10.1796,-1.76612,-11.3382,-0.200282,-0.0736961,-0.0614417,-0.225357,-0.186752,0.864694,0.353807,0.459452,0.665091,1.58543,1.83563,0.523378,1.26422,1.30182,2.03698,8.90847,-0.16892,-0.142413,-0.265467,-0.686504,-1.46754,-3.20878,-0.251557
1568,82,Female,Christian,Divorced,No,Had COVID,2,NA,,20260909002,-10.2886,-0.836764,-9.76161,-1.99646,-10.9098,-0.211629,-0.106639,0.0187571,-0.0833116,-0.185344,1.04008,0.416966,0.57866,0.97748,1.63691,1.65345,0.352838,1.24018,1.27123,1.74691,8.443,-0.147871,-0.101486,-0.286391,-0.677754,-1.45153,-3.19693,-0.176879
1569,60,Female,Christian,Married,No,Had COVID,1,NA,,20260909002,-9.42996,-1.06683,-8.65028,-2.10384,-9.92932,0.0203316,0.0894672,0.125665,0.113448,-0.00589285,1.2387,0.542646,0.63959,1.00048,1.66766,2.00791,0.708035,1.41645,1.54174,2.1251,7.27592,-0.156973,-0.117978,-0.261476,-0.654031,-1.42746,-3.17102,-0.175566
1570,26,Male,Christian,Single,No,Had COVID,2,NA,,20260909002,-8.84808,-0.809474,-8.47083,-1.93464,-9.57603,-0.313856,-0.0683348,0.0861211,0.120168,-0.0423889,1.09416,0.597263,0.671523,0.964564,1.70991,1.74633,0.504498,1.31367,1.39251,2.09569,7.131,-0.22076,-0.128336,-0.259042,-0.637772,-1.44051,-3.14396,-0.232207
1571,29,Male,Christian,Single,No,Bereaved,2,NA,,20260909002,-11.509,-0.876621,-10.8813,-2.03132,-12.2207,-0.273728,-0.210605,0.0483534,-0.122331,-0.147775,1.0545,0.513169,0.486587,0.769869,1.80898,1.81557,0.516542,1.20776,1.45402,2.05183,9.63049,-0.138029,-0.0521632,-0.268801,-0.645938,-1.42647,-3.15372,-0.168421
1572,32,Female,Christian,Single,No,Had COVID,1,NA,,20260909002,-10.4706,-0.716745,-10.0706,-1.78729,-11.1277,-0.238564,-0.116591,0.108388,-0.0333024,-0.252421,0.917305,0.416794,0.523892,0.850057,1.66405,1.6584700000000001,0.433444,1.24018,1.25181,1.9306,8.82262,-0.198852,-0.128288,-0.226149,-0.635962,-1.38715,-3.11772,-0.210403
1573,73,Female,No religion,Married,No,None,2,NA,,20260909002,-10.3575,-0.803102,-9.7882,-1.87515,-11.0286,-0.430093,-0.260948,-0.0370074,-0.2059,-0.397493,1.00437,0.582198,0.483241,0.790486,1.82694,1.8663,0.557957,1.30379,1.42001,2.08379,8.57242,-0.172329,-0.088268,-0.259496,-0.723954,-1.39282,-3.1347,-0.213363
1574,33,Male,Christian,Single,Yes,Bereaved,1,NA,,20260909002,-10.4776,-1.02423,-9.77986,-2.03134,-11.3405,0.0443112,0.0923232,0.19605,0.115203,0.0100322,1.22408,0.483622,0.464338,0.898646,2.03676,1.69146,0.550361,1.17698,1.24689,2.2789,8.46972,-0.175942,-0.109252,-0.27626,-0.624881,-1.43559,-3.19832,-0.160958
1575,71,Male,No religion,Single,No,Had COVID,3,NA,,20260909002,-10.9952,-0.933772,-10.4339,-1.65215,-11.72,-0.373105,-0.230125,-0.0102792,-0.0753615,-0.310138,1.04315,0.609474,0.618896,0.596441,1.91312,1.94888,0.743036,1.31775,1.21535,2.32573,9.16184,-0.221115,-0.178485,-0.236981,-0.659991,-1.37687,-3.06009,-0.200916
1576,33,Male,No religion,Single,No,None,4,NA,,20260909002,-10.5928,-0.861796,-9.92417,-1.86998,-11.3768,0.0517384,0.0951458,0.128575,0.104642,-0.0243161,0.845824,0.2267,0.344881,0.528449,1.64289,1.59736,0.346294,1.08868,1.12046,2.06825,8.74298,-0.199246,-0.100997,-0.272638,-0.687375,-1.36824,-3.1003,-0.188462
1577,79,Female,Not answered,Married,No,None,2,NA,,20260909002,-9.71467,-0.715627,-9.02063,-1.67067,-10.39,-0.240864,-0.141728,0.0222773,-0.0613624,-0.103527,0.781276,0.197849,0.290948,0.56913,1.55586,1.71715,0.312631,1.1141,1.08992,1.8048,7.93416,-0.219138,-0.170331,-0.295813,-0.720825,-1.37139,-3.13692,-0.171583
1578,39,Female,Not answered,Single,Yes,Had COVID,2,NA,,20260909002,-10.4606,-0.807843,-9.98202,-1.79284,-11.1081,-0.345827,-0.123573,-0.0529524,-0.0532345,-0.0683012,0.781125,0.293743,0.463862,0.600703,1.44932,1.66425,0.406448,1.20576,1.14828,1.6881,8.75068,-0.211789,-0.0800131,-0.237766,-0.617341,-1.36083,-3.0477,-0.210842
1579,47,Female,Sikh,Married,No,Bereaved,2,NA,,20260909002,-9.74123,-0.801132,-9.18086,-1.89805,-10.4491,-0.361181,-0.230213,-0.0386815,0.107979,-0.331886,1.04381,0.479421,0.634023,0.529347,1.67005,1.77231,0.417056,1.17091,1.06784,2.08851,7.93631,-0.159493,-0.0910871,-0.26263,-0.681646,-1.3926,-3.11936,-0.182121
1580,56,Male,Christian,Married,No,None,2,NA,,20260909002,-9.85961,-0.770028,-9.33492,-1.88864,-10.4918,-0.19464,-0.134609,-0.00930991,0.0442421,-0.234738,1.03213,0.47264,0.503744,0.833069,1.71898,1.77946,0.469404,1.24572,1.10947,1.92842,8.06854,-0.120481,-0.0838749,-0.282518,-0.686644,-1.4373,-3.20738,-0.169389
1581,19,Female,Christian,Single,No,None,3,NA,,20260909002,-10.9547,-0.756142,-10.4801,-1.8514,-11.6372,-0.394128,-0.171824,0.0384659,-0.0780472,-0.243096,0.697072,0.244842,0.390806,0.593945,1.44689,1.74174,0.45857,1.29614,1.39969,1.92246,9.28236,-0.15668,-0.128857,-0.280721,-0.71266,-1.41693,-3.08539,-0.16459
1582,29,Male,Christian,Single,No,None,1,NA,,20260909002,-10.9085,-0.927122,-10.4229,-2.06462,-11.5239,-0.424133,-0.204733,-0.00989971,-0.129222,-0.253256,0.829769,0.487545,0.577127,0.860138,1.60317,1.68901,0.540272,1.28311,1.49144,1.86551,9.12196,-0.180432,-0.114709,-0.28123,-0.708047,-1.40375,-3.15639,-0.172786
1583,76,Female,Muslim,Married,No,None,1,NA,,20260909002,-9.8968,-0.775588,-9.37203,-1.94216,-10.5677,-0.228186,-0.0684976,-0.0117054,0.0805604,-0.221552,0.849755,0.257812,0.358497,0.609734,1.58457,1.59897,0.318217,1.06228,1.17052,1.8471,8.17215,-0.173249,-0.0730058,-0.251058,-0.643687,-1.39213,-3.1208,-0.178545
1584,43,Female,No religion,Divorced,No,Had COVID,3,4,Conspiracy Ideation,20260909002,-11.0237,-0.902789,-10.358,-1.94923,-11.4962,-0.137616,-0.00869282,0.103277,0.169336,-0.205953,1.12578,0.418185,0.43536,0.67004,1.57353,1.91341,0.489849,1.29777,1.26002,1.99689,9.07147,-0.168858,-0.0770961,-0.255056,-0.6769,-1.41815,-3.16909,-0.199171
1585,71,Female,Christian,Widowed,No,Had COVID,2,NA,,20260909002,-12.226,-0.927484,-11.4048,-1.97672,-12.6851,-0.250382,-0.134165,0.0204077,-0.0562285,-0.115625,1.40309,0.610794,0.653764,0.998348,1.85689,1.95539,0.469048,1.22605,1.34862,2.04718,10.108,-0.221628,-0.180261,-0.304938,-0.661111,-1.42825,-3.15159,-0.188102
1586,31,Female,No religion,Single,Yes,None,4,NA,,20260909002,-9.60953,-0.790023,-9.07178,-1.91676,-10.3755,-0.301032,-0.0980311,-0.0145422,-0.0212273,-0.0710797,0.930064,0.338873,0.478681,0.732561,1.80073,1.5799,0.312697,1.21881,1.30134,1.88448,7.82298,-0.114723,-0.119284,-0.247966,-0.631624,-1.41775,-3.1701,-0.161103
1587,54,Female,Christian,Divorced,No,Had COVID,4,NA,,20260909002,-10.823,-0.865591,-10.32,-1.86396,-11.8075,-0.161399,-0.100126,0.064258,0.0931242,-0.0643635,1.13976,0.677518,0.619323,0.714275,2.06095,1.68435,0.505647,1.29234,1.36651,2.16705,9.0545,-0.14891,-0.117556,-0.287163,-0.693286,-1.38949,-3.16025,-0.218148
1588,83,Male,Muslim,Married,No,Had COVID,1,NA,,20260909002,-9.15266,-0.818806,-8.43203,-1.86336,-9.76047,-0.263483,-0.267255,-0.0751668,-0.0383078,-0.398911,1.14675,0.664703,0.559408,0.78729,2.0647,1.82667,0.470625,1.2029,1.22116,2.06032,7.2041,-0.17692,-0.0585828,-0.2946,-0.659456,-1.43699,-3.15834,-0.14299
1589,82,Female,Christian,Widowed,No,Had COVID,4,5,Institutional Trust and Technocratic Governance,20260909002,-9.5583,-0.725917,-8.94373,-1.80388,-10.0773,-0.222737,-0.0924381,0.0486884,-0.036976,-0.181152,1.10773,0.509799,0.468787,0.79438,1.74559,1.83347,0.335075,1.30281,1.33729,1.66454,7.72513,-0.145181,-0.190365,-0.239859,-0.675758,-1.41003,-3.11651,-0.191055
1590,65,Male,No religion,Married,No,None,2,NA,,20260909002,-8.55887,-0.855672,-7.9384,-1.89848,-9.33244,-0.264597,-0.144529,0.0388489,-0.0608764,-0.130915,0.911631,0.332522,0.458501,0.654806,1.79035,1.92427,0.480596,1.18517,1.31344,2.05538,6.66915,-0.16223,-0.148086,-0.244522,-0.692322,-1.41069,-3.17211,-0.16527
1591,75,Female,Christian,Single,No,None,1,NA,,20260909002,-9.31208,-0.842953,-8.86817,-1.93517,-10.064,-0.377761,-0.289723,-0.0230142,-0.10756,-0.242599,0.962727,0.481238,0.530875,0.778509,1.75354,1.82953,0.567579,1.22774,1.14873,1.98508,7.56389,-0.142095,-0.0584105,-0.236949,-0.615638,-1.37319,-3.04817,-0.146386
1592,68,Male,Christian,Divorced,No,None,3,NA,,20260909002,-10.2031,-0.76519,-9.8195,-1.98705,-10.7768,-0.250228,-0.160443,0.0324492,-0.0649859,-0.19607,0.773465,0.279863,0.570292,0.715816,1.49427,1.76299,0.527587,1.28332,1.36309,1.96521,8.5029,-0.154695,-0.0618074,-0.266454,-0.616439,-1.36529,-3.12893,-0.176442
1593,32,Male,No religion,Single,No,None,2,NA,,20260909002,-11.2776,-0.849591,-10.8912,-1.9512100000000001,-11.8317,-0.209188,-0.0849175,0.091083,0.0351896,-0.254784,0.920146,0.387765,0.530658,0.597635,1.57493,1.69899,0.47377,1.39701,1.23712,1.89986,9.50968,-0.177061,-0.0523299,-0.211387,-0.640275,-1.36678,-3.09993,-0.173901
1594,18,Male,Christian,Single,No,None,2,NA,,20260909002,-8.72758,-0.896936,-8.08388,-1.70569,-9.45249,-0.280908,-0.157674,0.00938707,-0.118874,-0.269292,1.14101,0.541112,0.532117,0.649153,1.98072,1.88316,0.631508,1.3399,1.28788,2.09595,6.82442,-0.175925,-0.119736,-0.290697,-0.70684,-1.4043,-3.1437,-0.205204
1595,63,Male,Christian,Married,No,None,3,NA,,20260909002,-10.8185,-0.8791,-10.1872,-2.02484,-11.6483,-0.146162,-0.0141396,0.0500786,0.0312824,-0.0802182,0.89066,0.321587,0.359195,0.813312,1.72168,1.89449,0.579746,1.3025,1.60906,2.14825,9.01536,-0.165015,-0.126095,-0.261295,-0.716162,-1.3826,-3.17258,-0.197693
1596,48,Female,Christian,Married,Yes,Had COVID,4,NA,,20260909002,-8.26645,-1.05412,-7.57566,-2.12928,-8.88761,-0.208997,-0.0926016,0.0371365,0.09177,-0.203207,1.15074,0.733736,0.710458,0.901056,2.08201,1.97036,0.656623,1.35972,1.51222,2.17123,6.16182,-0.163762,-0.123122,-0.24314,-0.669691,-1.36561,-3.12281,-0.19695
1597,23,Female,Christian,Single,No,None,3,NA,,20260909002,-10.864,-0.809314,-10.4184,-1.86176,-11.4398,-0.233279,-0.174937,0.053743,0.0636997,-0.363544,0.985786,0.45294,0.569387,0.51793,1.54588,1.61459,0.307088,1.26892,1.04964,1.72922,9.10793,-0.195326,-0.104217,-0.282314,-0.588709,-1.37237,-3.06477,-0.188498
1598,44,Male,No religion,Single,Yes,Had COVID,1,NA,,20260909002,-9.78479,-0.835931,-9.31194,-1.92728,-10.4313,-0.164975,-0.0185064,0.0998018,0.179917,-0.151792,0.937372,0.516229,0.557262,0.694719,1.75048,1.7555,0.445079,1.16918,1.29599,1.91992,8.03862,-0.175647,-0.132369,-0.252735,-0.658145,-1.3739,-3.0986,-0.21058
1599,45,Male,No religion,Married,No,Had COVID,2,4,Conspiracy Ideation,20260909002,-12.1001,-0.8368,-11.4266,-1.81229,-12.7095,-0.315105,-0.163265,-0.0309856,-0.178714,-0.327771,1.15726,0.441302,0.44599,0.81369,1.70395,1.73679,0.406701,1.22059,1.26437,1.94879,10.2478,-0.209172,-0.195539,-0.261206,-0.666323,-1.38947,-3.1032,-0.184903
1600,58,Female,Christian,Married,No,None,3,3,Communitarianism,20260909002,-10.2582,-0.802727,-9.72257,-1.94743,-10.937,-0.276468,-0.114611,0.0383176,0.152348,-0.239166,1.04007,0.453509,0.592507,0.641909,1.88758,1.79752,0.43358,1.2609,1.1918,1.97504,8.47913,-0.188641,-0.141349,-0.317685,-0.682884,-1.40125,-3.11664,-0.15936
1601,84,Female,Christian,Married,No,Had COVID,1,NA,,20260909002,-10.8692,-0.817749,-10.3955,-1.79159,-11.5599,-0.205006,-0.0781,0.0317911,-0.0465114,-0.09333,0.814238,0.369096,0.631698,0.724202,1.64134,1.71595,0.470349,1.25068,1.11066,1.80104,9.1171,-0.14886,-0.111219,-0.25546,-0.716788,-1.3868,-3.11278,-0.179818
1602,37,Female,Christian,Married,No,Had COVID,1,NA,,20260909002,-9.06068,-0.832975,-8.57396,-1.99008,-9.97027,-0.283376,-0.0580918,0.0896037,0.0270676,-0.0875266,0.796418,0.277523,0.40242,0.651298,1.66117,1.7393,0.443153,1.1595,1.32365,2.19181,7.30223,-0.179752,-0.0645416,-0.231939,-0.682072,-1.40838,-3.13985,-0.180498
1603,80,Female,Christian,Married,No,Had COVID,1,NA,,20260909002,-9.88507,-0.76946,-9.37506,-1.94281,-10.6502,-0.339754,-0.216534,0.0227017,-0.0991581,-0.245713,0.970381,0.481552,0.476965,0.736626,1.68737,1.80459,0.638155,1.35141,1.41456,2.05551,8.17433,-0.149345,-0.0598094,-0.218804,-0.620003,-1.37251,-3.11879,-0.183218
1604,64,Male,Christian,Divorced,No,Had COVID,1,NA,,20260909002,-11.2367,-0.828204,-10.4112,-1.8344,-11.8946,-0.188327,-0.0929691,0.0368577,-0.014948,-0.19981,1.3057,0.542531,0.457248,0.799288,1.95878,1.86206,0.383513,1.0614,1.08847,1.99,9.29482,-0.118918,-0.0778598,-0.233167,-0.648494,-1.3962,-3.14991,-0.169633
1605,53,Male,No religion,Married,No,Bereaved,3,2,Libertarianism,20260909002,-10.7642,-0.89073,-10.1847,-2.01802,-11.2975,-0.365562,-0.196144,0.0545126,-0.0516684,-0.339821,1.2619,0.639759,0.591814,0.828078,1.9263,2.02616,0.62753,1.3521,1.44426,2.06754,8.85724,-0.221088,-0.117649,-0.209626,-0.609327,-1.34351,-3.07274,-0.204134
1606,82,Female,Christian,Widowed,No,Bereaved,4,NA,,20260909002,-8.78509,-0.696019,-8.25995,-1.83781,-9.33778,-0.300226,-0.274083,-0.0314195,-0.105613,-0.30858,0.912031,0.47138,0.518646,0.799967,1.71839,1.78175,0.455967,1.29576,1.26781,1.87975,6.99154,-0.161345,-0.12476,-0.257734,-0.627622,-1.42481,-3.1272,-0.210385
1607,23,Male,No religion,Married,No,None,3,NA,,20260909002,-9.42904,-0.788789,-8.9228,-1.7459,-10.158,-0.337562,-0.0999952,0.1263,-0.0156482,-0.226636,0.86653,0.389897,0.480244,0.639495,1.63957,1.67751,0.317906,1.28624,1.22673,1.80405,7.67078,-0.192359,-0.203825,-0.286978,-0.698546,-1.42603,-3.14286,-0.16111
1608,63,Male,Christian,Married,No,Had COVID,4,NA,,20260909002,-10.8598,-0.705789,-10.2911,-1.7565,-11.6335,-0.352602,-0.274751,0.00528935,0.0364533,-0.226793,0.91915,0.451063,0.433209,0.714393,1.7112,1.62372,0.313443,1.08681,1.13128,1.90492,9.18566,-0.191374,-0.14233,-0.305521,-0.702257,-1.38154,-3.13284,-0.188724
1609,76,Female,No religion,Widowed,No,Had COVID,2,NA,,20260909002,-9.67533,-0.786429,-9.0587,-1.88451,-10.3557,-0.273756,-0.0932499,0.0372217,-0.0844634,-0.0749473,1.07201,0.485587,0.428549,0.908181,1.64266,1.66063,0.328002,1.04595,1.25346,1.73835,7.91787,-0.185946,-0.139734,-0.251979,-0.682995,-1.36243,-3.09742,-0.21549
1610,54,Female,Christian,Single,No,Had COVID,1,NA,,20260909002,-9.53262,-0.962601,-8.93762,-2.04503,-10.0494,-0.240029,-0.135989,0.0704511,-0.0298688,-0.275019,1.08009,0.514222,0.715415,0.940996,1.70856,2.01733,0.631767,1.37608,1.32895,2.12753,7.52435,-0.19625,-0.0633067,-0.276045,-0.676266,-1.37394,-3.07805,-0.136509
1611,51,Male,Sikh,Married,No,Bereaved,4,2,Libertarianism,20260909002,-11.6685,-1.15849,-10.8355,-2.06426,-12.2008,-0.205389,-0.154652,0.0529155,0.0176322,-0.238455,1.1185,0.579758,0.485761,0.768749,1.95207,2.09972,0.813907,1.30501,1.39888,2.32036,9.46349,-0.15717,-0.0853259,-0.266359,-0.672617,-1.44519,-3.1563,-0.155406
1612,32,Male,Christian,Single,Yes,None,3,NA,,20260909002,-9.62968,-0.733835,-9.16943,-1.71649,-10.4184,-0.247439,-0.175501,0.0579043,-0.0567048,-0.0929713,1.0829,0.41344,0.446216,0.583127,1.51543,1.74931,0.478411,1.22436,1.07091,1.98632,7.93364,-0.182782,-0.14272,-0.179342,-0.609366,-1.35326,-3.06573,-0.160253
1613,72,Male,No religion,Married,No,Bereaved,2,NA,,20260909002,-10.6633,-0.603594,-10.1712,-1.6922,-11.2836,-0.256145,-0.225992,-0.0822181,-0.0445614,-0.25460700000000003,0.856252,0.369064,0.521909,0.657128,1.59663,1.55756,0.273322,1.18387,1.10118,1.70662,9.09784,-0.215779,-0.120357,-0.254835,-0.624309,-1.36704,-3.07929,-0.198229
1614,60,Female,Christian,Married,No,Long COVID,3,NA,,20260909002,-9.45126,-0.698173,-8.93661,-1.83392,-10.155,-0.356415,-0.299285,-0.0333286,-0.0118256,-0.263851,1.16655,0.528018,0.664949,0.915806,1.73557,1.73024,0.421792,1.21634,1.27166,1.9487,7.71569,-0.152663,-0.110865,-0.262192,-0.690398,-1.4013,-3.16367,-0.177086
1615,30,Female,Christian,Single,No,Had COVID,4,NA,,20260909002,-10.4142,-0.928684,-9.74193,-1.80672,-11.2028,-0.233298,-0.108037,0.146143,-0.0176876,-0.10943,1.09065,0.554875,0.454994,0.702433,1.71541,1.83407,0.636587,1.19149,1.25018,2.16433,8.56526,-0.163106,-0.107972,-0.271775,-0.653734,-1.33336,-3.0878,-0.210927
1616,88,Female,Christian,Widowed,No,Had COVID,1,NA,,20260909002,-9.27642,-0.816033,-8.7394,-1.88665,-10.0145,-0.268269,-0.143428,0.0591782,0.0789544,-0.303337,0.937265,0.418891,0.481501,0.571337,1.92251,1.74936,0.459307,1.17121,1.03072,2.06481,7.47663,-0.182263,-0.112072,-0.228094,-0.659292,-1.41255,-3.15853,-0.182177
1617,18,Female,Christian,Single,No,Bereaved,2,NA,,20260909002,-11.7913,-1.07726,-11.1134,-2.1812,-12.5665,-0.290104,-0.096887,0.0523798,0.0644718,-0.12877,1.08253,0.640114,0.501146,0.936419,1.88368,1.94324,0.648488,1.23488,1.45737,2.25323,9.8122,-0.220114,-0.133102,-0.252987,-0.658567,-1.46589,-3.11208,-0.175903
1618,27,Male,Christian,Married,Yes,Had COVID,1,NA,,20260909002,-10.436,-0.818761,-9.9471,-1.92369,-11.2508,-0.217291,-0.129203,0.0923747,0.0515198,-0.135339,1.04278,0.469232,0.518039,0.631761,1.77904,1.68935,0.471914,1.22424,1.2625,2.03499,8.67477,-0.152267,-0.125085,-0.267739,-0.677686,-1.37629,-3.12998,-0.158966
1619,51,Male,Not answered,Single,No,Bereaved,1,3,Communitarianism,20260909002,-10.6179,-0.860948,-9.96481,-1.88942,-11.2798,-0.241853,-0.05824,0.0745509,-0.0417615,0.0192763,0.978175,0.445043,0.464117,0.629172,1.71305,1.80433,0.31999,1.19685,1.26218,1.91117,8.73732,-0.154977,-0.0448673,-0.246037,-0.676364,-1.3925,-3.10555,-0.136999
1620,28,Female,Christian,Married,No,Had COVID,2,NA,,20260909002,-9.54652,-0.844595,-8.90222,-1.74376,-10.3294,-0.154345,0.0594897,0.0922378,0.0552836,0.0101199,1.05951,0.395492,0.38432500000000003,0.569331,1.7576,1.7136,0.368047,1.15855,1.08462,1.9868,7.69596,-0.211037,-0.184784,-0.206546,-0.657234,-1.38996,-3.12265,-0.190698
1621,54,Female,No religion,Single,No,Had COVID,1,NA,,20260909002,-10.9085,-0.927122,-10.4229,-2.06462,-11.5239,-0.424133,-0.204733,-0.00989971,-0.129222,-0.253256,0.829769,0.487545,0.577127,0.860138,1.60317,1.68901,0.540272,1.28311,1.49144,1.86551,9.12196,-0.180432,-0.114709,-0.28123,-0.708047,-1.40375,-3.15639,-0.172786
1622,71,Female,No religion,Widowed,No,Bereaved,2,NA,,20260909002,-10.0253,-0.868641,-9.41586,-1.76201,-10.6993,-0.290362,-0.0431291,0.0389241,-0.101098,-0.11208,1.0382,0.495332,0.476768,0.671413,1.7425,1.7603,0.4366,1.16533,1.14844,1.79203,8.21716,-0.155361,-0.10259,-0.232495,-0.705591,-1.40202,-3.16323,-0.187579
1623,22,Male,Christian,Single,No,Had COVID,1,NA,,20260909002,-10.7744,-0.857239,-9.98334,-1.8314,-11.2621,-0.119879,-0.17624,-0.0225979,6.02244e-4,-0.298168,1.05058,0.456084,0.471095,0.630276,1.67652,1.89545,0.604776,1.25512,1.25779,2.11774,8.79512,-0.196739,-0.171727,-0.230929,-0.662659,-1.38882,-3.09845,-0.195365
1624,35,Male,No religion,Single,No,None,3,NA,,20260909002,-11.8957,-0.760886,-11.2413,-1.82053,-12.4472,-0.21969,-0.119339,0.0178915,-0.152207,-0.0930753,1.13487,0.396755,0.520699,0.721992,1.65286,1.83643,0.402033,1.25027,1.25348,1.87228,10.0361,-0.135996,-0.120822,-0.23932,-0.656663,-1.37835,-3.10636,-0.170667
1625,34,Male,No religion,Married,No,Bereaved,3,3,Communitarianism,20260909002,-11.0148,-0.757899,-10.4041,-1.82303,-11.5139,-0.290178,-0.154909,-0.0211009,-0.0566091,-0.348761,0.742909,0.22731,0.24031,0.462887,1.35955,1.75659,0.418969,1.102,1.25886,1.72249,9.3053,-0.179026,-0.0881582,-0.248626,-0.654487,-1.41182,-3.10183,-0.200352
1626,71,Female,No religion,Widowed,No,None,2,NA,,20260909002,-11.6557,-0.75171,-11.2728,-1.76232,-12.5055,-0.244013,-0.045915,0.0674089,-0.0781701,-0.286572,0.599519,0.264153,0.407928,0.560616,1.7388,1.44511,0.249786,1.11502,1.11039,1.87998,10.1173,-0.185566,-0.0814346,-0.268611,-0.701289,-1.40198,-3.16137,-0.190067
1627,32,Female,Christian,Single,Yes,Had COVID,1,NA,,20260909002,-9.10654,-0.98714,-8.61014,-1.94515,-9.85732,-0.117966,0.0483385,0.114134,-0.00501521,-0.0942098,0.984696,0.466716,0.54243,0.603466,1.82252,1.68971,0.345447,1.31022,1.24391,1.9228,7.21528,-0.142526,-0.0820548,-0.29206,-0.688498,-1.37709,-3.12429,-0.123534
1628,55,Female,Christian,Single,No,None,4,NA,,20260909002,-8.12431,-0.528723,-7.60873,-1.55905,-8.76129,-0.333652,-0.191153,-0.0175188,-0.121761,-0.363963,0.729711,0.201714,0.303919,0.495485,1.51346,1.6109,0.261818,1.07662,1.09408,1.83729,6.55938,-0.147705,-0.12066,-0.269857,-0.730358,-1.42998,-3.19644,-0.194107
1629,64,Male,Muslim,Divorced,No,None,1,NA,,20260909002,-9.47166,-0.872887,-8.96033,-1.94203,-10.2116,-0.207667,-0.0626168,0.15056,0.0480886,-0.160195,1.161,0.614158,0.654691,0.968073,1.98983,1.64428,0.34435,1.22518,1.23499,1.97642,7.63543,-0.146841,-0.110782,-0.237132,-0.693812,-1.37362,-3.09931,-0.192685
1630,29,Male,No religion,Single,Yes,Had COVID,1,NA,,20260909002,-9.64513,-0.781759,-9.11201,-1.79394,-10.3528,-0.296481,-0.171329,-0.00593404,-0.127389,-0.187592,1.0723,0.431911,0.479131,0.760799,1.76427,1.73667,0.456375,1.18926,1.38876,1.8823,7.91492,-0.19284,-0.145081,-0.224854,-0.661947,-1.4433,-3.09288,-0.230115
1631,28,Male,Muslim,Single,Yes,Had COVID,2,NA,,20260909002,-10.4394,-0.769699,-9.79593,-1.74722,-11.1657,-0.280057,-0.0918735,0.0177899,0.0603187,-0.130583,1.05642,0.379122,0.46461,0.589964,1.82995,1.80403,0.410913,1.15493,1.20729,2.08527,8.67666,-0.197095,-0.132395,-0.219673,-0.711586,-1.38389,-3.04416,-0.215268
1632,66,Male,Christian,Married,No,None,3,NA,,20260909002,-9.80928,-0.959803,-9.44881,-1.95362,-10.6788,-0.356222,-0.060757,0.0870624,-0.0944328,-0.0521976,1.08156,0.646941,0.675702,0.777736,1.93899,1.77143,0.604769,1.37581,1.45646,2.10354,8.02172,-0.153527,-0.156071,-0.286671,-0.695547,-1.39741,-3.10046,-0.174242
1633,31,Male,Christian,Single,No,Had COVID,4,NA,,20260909002,-8.80275,-0.612696,-8.27204,-1.6991,-9.46885,-0.282033,-0.109186,0.0583806,-0.0765263,-0.318352,1.0907,0.283237,0.487451,0.706928,1.6731,1.44787,0.0511637,1.05369,1.00266,1.78921,7.0548400000000004,-0.246379,-0.167235,-0.238588,-0.638355,-1.41542,-3.17042,-0.196503
1634,27,Male,Muslim,Single,No,Had COVID,2,NA,,20260909002,-8.63603,-0.84011,-7.96555,-1.84547,-9.30683,-0.322558,-0.287231,0.0921487,0.0375307,-0.301531,1.1954,0.583905,0.440866,0.63834,1.8564,1.94597,0.615331,1.20878,1.21067,2.24473,6.69524,-0.160412,-0.144515,-0.244331,-0.655436,-1.39611,-3.18997,-0.191758
1635,33,Male,Christian,Single,Yes,Had COVID,4,2,Libertarianism,20260909002,-8.15241,-0.79973,-7.69189,-1.84685,-8.76919,-0.0318358,0.0165885,0.0674738,0.081594,-0.0712958,0.753648,0.347144,0.450931,0.56143,1.51013,1.70235,0.501672,1.34619,1.29445,1.92534,6.38403,-0.146417,-0.121709,-0.268402,-0.63094,-1.38502,-3.09709,-0.200449
1636,53,Male,Christian,Married,No,None,2,NA,,20260909002,-10.4165,-0.803341,-9.88411,-1.84388,-11.2748,-0.192887,-0.102395,0.0336078,0.0131702,-0.112383,0.663471,0.369909,0.377334,0.558277,1.6486,1.4696,0.262935,1.09766,0.925521,1.92346,8.70487,-0.21823,-0.127609,-0.260323,-0.701148,-1.30746,-3.04971,-0.16905800000000001
1637,65,Male,Christian,Married,No,None,3,NA,,20260909002,-10.1313,-0.857931,-9.62751,-2.00739,-10.8264,-0.400555,-0.325576,0.0313718,-0.0935883,-0.396361,1.12531,0.686284,0.717106,0.934758,2.10908,1.89456,0.631003,1.29233,1.40396,2.08722,8.27861,-0.224936,-0.145731,-0.256893,-0.645868,-1.41559,-3.12469,-0.203946
1638,27,Male,No religion,Single,Yes,Had COVID,4,NA,,20260909002,-10.8835,-1.00863,-10.0085,-2.08646,-11.733,0.143966,0.158345,0.142767,0.336953,0.10938,0.988428,0.373733,0.410892,0.722272,1.89498,1.90543,0.577852,1.14465,1.29859,2.32009,8.8031,-0.155712,-0.0480591,-0.24391,-0.641752,-1.4078,-3.13851,-0.180891
1639,53,Female,Christian,Divorced,No,None,4,NA,,20260909002,-9.83796,-0.875105,-9.3484,-1.7463,-10.691,-0.310676,-0.0976741,-0.0443487,-0.158398,-0.334913,1.12195,0.63495,0.534945,0.725319,2.15161,1.60831,0.452421,1.27444,1.09954,2.0629,8.12416,-0.218407,-0.181727,-0.240495,-0.655907,-1.34961,-3.07832,-0.230697
1640,89,Male,Christian,Married,No,Had COVID,2,NA,,20260909002,-10.0662,-0.598352,-9.60273,-1.80449,-10.8391,-0.22272,-0.0313691,-0.0848663,-0.0766341,-0.156888,0.708929,0.129178,0.402997,0.628924,1.49761,1.46217,0.251124,1.2297,1.27716,1.94928,8.49508,-0.176117,-0.133571,-0.241165,-0.660739,-1.39292,-3.11528,-0.178214
1641,52,Male,Christian,Single,Yes,Had COVID,4,NA,,20260909002,-9.42996,-1.06683,-8.65028,-2.10384,-9.92932,0.0203316,0.0894672,0.125665,0.113448,-0.00589285,1.2387,0.542646,0.63959,1.00048,1.66766,2.00791,0.708035,1.41645,1.54174,2.1251,7.27592,-0.156973,-0.117978,-0.261476,-0.654031,-1.42746,-3.17102,-0.175566
1642,51,Male,Christian,Divorced,Yes,Had COVID,3,NA,,20260909002,-11.1877,-0.750043,-10.6443,-1.78221,-11.9097,-0.229796,-0.0794793,0.11198,-0.11731,-0.195289,0.849813,0.484961,0.419034,0.81411,1.8512,1.72577,0.442499,1.11731,1.46235,1.89328,9.54565,-0.176934,-0.176856,-0.285488,-0.707847,-1.38683,-3.10774,-0.20165
1643,34,Male,Christian,Single,No,None,1,NA,,20260909002,-9.35658,-0.870233,-8.81518,-1.96352,-9.84549,-0.160271,-0.118236,0.0334846,0.021228,-0.19286,1.06175,0.446056,0.481652,0.673745,1.54548,1.78076,0.37295,1.28863,1.12307,1.85232,7.41109,-0.161609,-0.0690051,-0.280276,-0.610404,-1.4249,-3.12789,-0.185484
1644,29,Female,No religion,Married,No,None,3,NA,,20260909002,-10.4,-0.903435,-9.69638,-1.94993,-11.0745,-0.13586,-0.0902143,0.12601299999999999,0.0939541,-0.0343673,1.10718,0.563691,0.433382,0.731791,1.71386,1.88336,0.614584,1.13244,1.164,2.03471,8.46972,-0.145959,-0.126881,-0.250823,-0.630918,-1.43008,-3.13992,-0.160636
1645,28,Female,No religion,Single,No,None,3,3,Communitarianism,20260909002,-10.8285,-0.929321,-10.1632,-2.1033,-11.4467,-0.13518,-0.0267767,0.0381161,0.0650811,-0.147022,1.29222,0.711584,0.584065,1.0521,1.96616,1.81241,0.4812,1.28258,1.3218,2.00649,8.92814,-0.148,-0.111084,-0.248045,-0.638821,-1.36008,-3.09569,-0.171406
1646,23,Male,Muslim,Single,No,Long COVID,4,NA,,20260909002,-8.57598,-0.856782,-7.90546,-1.82497,-9.26663,-0.343838,-0.333544,-0.0224331,-0.153054,-0.444502,1.10575,0.577824,0.53673,0.735389,2.11198,2.04645,0.674324,1.30297,1.40877,2.15464,6.63278,-0.197076,-0.139924,-0.267341,-0.737342,-1.39158,-3.18557,-0.193492
1647,28,Female,No religion,Single,No,Bereaved,1,NA,,20260909002,-8.65151,-0.873746,-8.21124,-1.90021,-9.52871,-0.254859,-0.166305,-0.0214045,-0.0125552,-0.163497,0.763696,0.374859,0.467758,0.616405,1.71692,1.68854,0.475144,1.24033,1.35175,1.90474,6.92677,-0.130485,-0.0774468,-0.291366,-0.723485,-1.39906,-3.1471,-0.181853
1648,88,Female,Christian,Married,No,None,3,NA,,20260909002,-9.94817,-0.787832,-9.50422,-2.04815,-10.6321,-0.39163,-0.166217,0.114925,0.146524,-0.186256,0.979369,0.368896,0.509409,0.68419,1.63797,1.55935,0.23996,1.06454,1.15578,1.6773,8.20411,-0.212914,-0.105956,-0.244776,-0.680683,-1.41357,-3.10476,-0.18243500000000001
1649,70,Male,Christian,Single,No,Bereaved,2,3,Communitarianism,20260909002,-9.54355,-0.717302,-8.78095,-1.65435,-10.0768,-0.431293,-0.294201,-0.206788,-0.316599,-0.479646,0.899241,0.342233,0.492846,0.626764,1.74071,1.89143,0.504945,1.11492,1.24824,2.17237,7.73762,-0.181143,-0.161294,-0.263066,-0.665862,-1.4352,-3.16948,-0.164715
1650,90,Male,Hindu,Married,No,Had COVID,1,NA,,20260909002,-10.0811,-0.756009,-9.42912,-1.93716,-11.0163,-0.491522,-0.378178,-0.0506445,-0.155956,-0.419121,1.13925,0.580727,0.585387,0.869001,2.14945,2.00065,0.632898,1.25609,1.43827,2.45561,8.27641,-0.209083,-0.161517,-0.239193,-0.73294,-1.37988,-3.14391,-0.193918
1651,29,Female,No religion,Married,No,None,3,NA,,20260909002,-10.9201,-0.90371,-10.2328,-2.07269,-11.2935,-0.229014,-0.201219,0.120257,-0.00148643,-0.293174,1.24641,0.59628,0.663934,0.942989,1.87402,1.99976,0.601747,1.39383,1.46515,2.13617,8.79123,-0.215928,-0.133727,-0.276367,-0.662795,-1.47326,-3.18469,-0.17756
1652,55,Male,No religion,Married,No,Had COVID,3,NA,,20260909002,-9.93627,-0.945419,-9.34951,-1.90151,-10.7279,-0.303156,-0.154001,0.0617872,-0.109886,-0.254895,1.3144,0.651098,0.638266,0.717952,2.03379,1.99208,0.690407,1.35771,1.35127,2.33716,8.01525,-0.162618,-0.110938,-0.258256,-0.633442,-1.37248,-3.1477,-0.140794
1653,42,Female,Christian,Married,No,None,2,4,Conspiracy Ideation,20260909002,-8.78405,-0.874983,-8.14868,-1.75713,-9.46059,-0.142137,-0.101467,0.135034,0.0042022,-0.18306,1.16175,0.661428,0.579231,0.696776,1.92132,1.84711,0.615067,1.19047,1.18939,2.17222,6.9196,-0.165294,-0.147722,-0.242314,-0.658397,-1.33669,-3.11727,-0.179566
1654,85,Female,Christian,Widowed,No,Had COVID,2,NA,,20260909002,-10.6451,-0.742219,-10.0983,-1.7022,-11.2176,-0.36823,-0.232305,0.00996191,-0.109114,-0.417662,1.12415,0.601447,0.594851,0.709306,1.86075,1.84369,0.589009,1.27071,1.19769,2.10126,8.90872,-0.215857,-0.146547,-0.281841,-0.71337,-1.39719,-3.25187,-0.23789
1655,62,Male,No religion,Divorced,No,None,3,NA,,20260909002,-10.026,-0.639267,-9.52669,-1.74216,-10.7669,-0.553773,-0.367904,-0.0520924,-0.189034,-0.371235,1.07008,0.429705,0.452084,0.749077,1.84144,1.75721,0.425191,1.1669,1.09681,1.83457,8.3731,-0.167347,-0.131398,-0.22248,-0.615842,-1.39487,-3.13316,-0.205409
1656,19,Female,Christian,Single,No,None,1,NA,,20260909002,-9.43146,-0.79736,-8.75544,-1.79553,-10.0813,-0.151704,-0.149096,-0.0439446,-0.111425,-0.115286,0.912365,0.403112,0.29219,0.688234,1.58891,1.75505,0.490203,1.25421,1.31621,1.95293,7.622,-0.155582,-0.113482,-0.277989,-0.668856,-1.39302,-3.19606,-0.186453
1657,53,Female,Muslim,Single,No,None,1,NA,,20260909002,-8.39085,-0.996816,-7.69494,-1.88218,-9.07559,-0.273313,-0.125061,-0.0416187,-0.0772385,-0.146387,0.952797,0.465964,0.577981,0.833936,1.90185,1.92495,0.612795,1.32324,1.3722,2.07845,6.39103,-0.22223,-0.171581,-0.29041,-0.702255,-1.4102,-3.11991,-0.209455
1658,50,Male,No religion,Single,No,Bereaved,4,NA,,20260909002,-9.75512,-0.926974,-9.20396,-1.82895,-10.5366,-0.197939,-0.047678,0.132237,-0.00730364,-0.113356,1.13879,0.524348,0.655599,0.570741,1.87333,1.98385,0.624279,1.374,1.36197,2.28765,7.83525,-0.190293,-0.108836,-0.258523,-0.668431,-1.39094,-3.12978,-0.171732
1659,57,Female,No religion,Married,Yes,None,3,NA,,20260909002,-10.6359,-0.789499,-10.0368,-1.89474,-11.4574,-0.403854,-0.317761,0.0250109,0.0552745,-0.302735,0.978429,0.558103,0.44667,0.673841,1.89495,1.83573,0.420009,1.15371,1.19024,2.09536,8.85301,-0.140665,-0.103363,-0.261145,-0.649315,-1.39297,-3.14822,-0.181857
1660,19,Male,No religion,Single,No,Had COVID,3,NA,,20260909002,-10.9087,-0.915243,-10.3422,-1.8904,-11.6847,-0.451259,-0.13941,0.0597729,-0.0689894,-0.188218,1.03473,0.500848,0.506606,0.717505,1.82168,1.85404,0.549225,1.2527,1.34193,2.08223,9.10797,-0.186213,-0.0938016,-0.257892,-0.655998,-1.39195,-3.11823,-0.185842
1661,67,Male,Christian,Married,No,Had COVID,1,NA,,20260909002,-10.4269,-0.998652,-9.8186,-1.92613,-11.2575,-0.324682,-0.183653,-0.0187802,-0.0891942,-0.23396,1.27015,0.726417,0.597694,0.880371,2.01196,1.81097,0.561389,1.18803,1.11515,2.06128,8.53184,-0.143376,-0.112841,-0.23976,-0.615379,-1.38402,-3.13089,-0.187092
1662,58,Female,Hindu,Married,Yes,Had COVID,3,NA,,20260909002,-11,-0.967627,-10.4113,-1.99092,-11.8051,-0.074099,0.13476,0.319205,0.176071,0.148867,1.00046,0.485101,0.556995,0.854648,1.68547,1.8247,0.517558,1.21265,1.28562,1.99464,9.05594,-0.147389,-0.114701,-0.22123,-0.683262,-1.41733,-3.21333,-0.176888
1663,55,Female,Not answered,Married,No,None,4,NA,,20260909002,-8.93528,-0.952984,-8.21985,-1.94718,-9.64974,-0.219282,-0.110206,0.051768,-0.0509962,-0.00457192,1.27195,0.71975,0.607176,0.966168,1.80904,1.90918,0.648761,1.2343,1.2891,2.11488,6.96392,-0.151636,-0.0608424,-0.221791,-0.644202,-1.38075,-3.13127,-0.172171
1664,47,Female,Christian,Married,No,None,1,NA,,20260909002,-11.4246,-0.868642,-10.7462,-2.20035,-11.7903,-0.144121,-0.0995777,0.090509,0.191326,-0.32405,1.14115,0.384431,0.500581,0.805355,1.66533,2.13123,0.563134,1.35515,1.51232,2.04162,9.42491,-0.17138,-0.0669383,-0.269316,-0.654443,-1.40528,-3.13406,-0.191199
1665,53,Female,No religion,Married,Yes,None,1,NA,,20260909002,-11.1721,-0.706405,-10.6478,-1.89604,-11.8194,-0.21154,-0.172978,0.0407761,-0.0117751,-0.272782,0.994731,0.402675,0.589819,0.883437,1.77007,1.48899,0.151678,1.10618,1.08176,1.84268,9.42803,-0.18082,-0.104426,-0.195973,-0.58513,-1.4039,-3.16329,-0.212909
1666,26,Female,No religion,Single,No,Had COVID,2,1,Scientific Rationalism,20260909002,-9.88174,-0.871358,-9.20039,-1.98958,-10.4453,-0.0390163,0.0802331,0.186052,0.266066,-0.120099,1.12081,0.464317,0.518559,0.841233,1.75476,1.75396,0.35843,1.13795,1.17243,1.89082,7.92838,-0.190856,-0.10802,-0.277231,-0.65217,-1.36132,-3.05231,-0.173116
1667,33,Female,Christian,Married,No,Had COVID,2,NA,,20260909002,-9.71257,-1.01765,-9.10814,-2.1,-10.2679,-0.265511,-0.0580842,0.0675336,0.0374709,-0.217763,1.25667,0.629441,0.682611,1.05008,1.81548,1.99227,0.650374,1.40658,1.56524,2.0603,7.72617,-0.178196,-0.0839721,-0.21897,-0.635886,-1.41299,-3.05909,-0.171572
1668,28,Male,Christian,Married,Yes,None,4,NA,,20260909002,-11.8825,-0.991779,-11.0975,-1.93798,-12.652,-0.108824,-0.00419204,0.00773987,0.165742,-0.00858792,1.02378,0.459373,0.508497,0.702591,1.92485,1.77939,0.566991,1.20039,1.17298,2.1025,9.9221800000000009,-0.167691,-0.145377,-0.27479,-0.704663,-1.35954,-3.09771,-0.183353
1669,36,Male,Christian,Married,Yes,Had COVID,4,NA,,20260909002,-10.6036,-1.00802,-9.96513,-1.90153,-11.3011,-0.102261,-0.0172347,0.0874465,-0.0202647,-0.0389045,1.03214,0.557468,0.557942,0.619406,1.85647,1.77723,0.558589,1.23397,1.21603,2.01795,8.60851,-0.151895,-0.0811479,-0.282112,-0.656351,-1.40827,-3.10876,-0.144488
1670,55,Male,No religion,Divorced,No,Had COVID,1,NA,,20260909002,-11.4758,-1.01284,-10.7277,-1.98874,-12.2672,-0.225596,-0.10655,0.0569918,0.03657,-0.0351203,1.21416,0.687338,0.487727,0.85755,1.93224,1.87229,0.507435,1.07526,1.20493,2.0669,9.53826,-0.162539,-0.0907937,-0.207225,-0.642449,-1.35956,-3.09963,-0.214893
1671,72,Male,No religion,Married,No,None,4,NA,,20260909002,-9.59953,-0.544696,-9.03175,-1.65519,-10.073,-0.149713,-0.136634,0.0165427,-0.0883076,-0.239973,0.836333,0.215932,0.433063,0.631051,1.51132,1.39467,0.117021,0.992813,0.997926,1.52807,7.94196,-0.184242,-0.139234,-0.260187,-0.694045,-1.40729,-3.17865,-0.237697
1672,82,Female,No religion,Widowed,No,Bereaved,3,5,Institutional Trust and Technocratic Governance,20260909002,-10.9562,-0.980885,-10.3269,-1.88705,-11.5929,-0.246954,-0.0515903,0.0423901,0.0633987,-0.296949,1.23295,0.618809,0.654461,0.842715,1.86583,1.96188,0.674957,1.28257,1.24538,2.14949,9.03397,-0.135824,-0.115527,-0.264207,-0.691089,-1.43201,-3.1878,-0.199027
1673,60,Female,Muslim,Single,No,Had COVID,4,NA,,20260909002,-9.83392,-0.859298,-9.26709,-1.8393,-10.6203,-0.41814,-0.214088,-0.0501617,-0.154618,-0.456637,1.19349,0.645759,0.554407,0.799443,2.1283,1.67174,0.418449,1.21496,1.23345,2.04732,8.06089,-0.146007,-0.0737438,-0.258074,-0.675096,-1.356,-3.15431,-0.176606
1674,34,Male,Buddhist,Separated,Yes,Had COVID,2,NA,,20260909002,-9.65748,-0.747937,-8.9498,-1.74379,-10.2465,-0.499118,-0.353285,-0.229047,-0.146461,-0.435661,1.29227,0.679801,0.567689,0.847639,1.80811,1.63531,0.278575,1.05674,1.06464,1.74929,7.85532,-0.195546,-0.110945,-0.284338,-0.706618,-1.42708,-3.13431,-0.235015
1675,68,Male,No religion,Married,No,Had COVID,3,NA,,20260909002,-10.4646,-0.867847,-9.86817,-1.89935,-11.1429,-0.387236,-0.197609,0.0170115,-0.168883,-0.386008,0.88359,0.425362,0.452838,0.724266,1.77083,1.74821,0.477989,1.22155,1.35115,1.98379,8.62442,-0.200039,-0.129876,-0.267352,-0.679194,-1.41386,-3.13699,-0.174375
1676,32,Male,Christian,Single,No,Had COVID,1,NA,,20260909002,-11.3664,-1.10395,-10.5505,-2.06903,-12.0508,-0.165226,-0.0337253,0.0216394,-0.191869,-0.15611,1.40367,0.773385,0.582002,1.02705,2.20656,2.01707,0.615186,1.28071,1.4679,2.32093,9.23257,-0.195086,-0.0996172,-0.28342,-0.652121,-1.42035,-3.22398,-0.176849
1677,39,Male,Muslim,Married,Yes,Had COVID,4,4,Conspiracy Ideation,20260909002,-10.7042,-1.0357,-10.0568,-2.16134,-11.3329,-0.042816,-0.0261782,0.013686,-0.0350204,-0.0719867,1.10269,0.655025,0.67385,0.987066,2.00355,1.79986,0.582326,1.32925,1.45413,2.06777,8.6841,-0.214802,-0.0913197,-0.21392,-0.607009,-1.40519,-3.06919,-0.190595
1678,85,Male,No religion,Divorced,No,None,4,NA,,20260909002,-11.1871,-0.724092,-10.5104,-1.75491,-11.6945,-0.148373,-0.0913781,-0.0265293,-0.0540847,-0.220486,0.899227,0.360342,0.36075,0.601728,1.39015,1.5053,0.276405,1.05668,1.08616,1.6967,9.47128,-0.165771,-0.102483,-0.234565,-0.662992,-1.40191,-3.12663,-0.238638
1679,43,Male,Sikh,Married,Yes,Had COVID,4,NA,,20260909002,-11.993,-0.957777,-11.3017,-1.91068,-12.6334,-0.187262,-0.137706,0.0589628,-0.00723125,-0.180546,1.05836,0.530557,0.423097,0.743494,1.9513,1.88047,0.519746,1.20396,1.29257,2.10613,10.0701,-0.177895,-0.118739,-0.24542,-0.616506,-1.36894,-3.04604,-0.170521
1680,66,Female,No religion,Divorced,No,Bereaved,2,NA,,20260909002,-10.2758,-0.828164,-9.86183,-1.94296,-10.9643,-0.364068,-0.199725,0.0191277,-0.0602523,-0.314893,0.988396,0.527089,0.612304,0.797622,1.60627,1.81317,0.55127,1.28907,1.35861,1.8638,8.56205,-0.113829,-0.0895539,-0.226012,-0.62023,-1.40547,-3.16389,-0.169711
1681,23,Male,No religion,Single,No,Had COVID,2,NA,,20260909002,-10.7937,-0.771818,-10.2522,-1.89377,-11.5457,-0.225115,-0.10431699999999999,0.0657437,-0.030252,-0.14657800000000001,1.0217,0.443334,0.569075,0.889957,1.65278,1.81599,0.486606,1.1581,1.30765,1.9869,9.09417,-0.185705,-0.126935,-0.268142,-0.707655,-1.37012,-3.15697,-0.193067
1682,88,Female,No religion,Separated,No,None,2,NA,,20260909002,-9.81706,-0.821779,-9.25579,-2.20703,-10.4052,-0.0462872,-0.0502402,0.086898,0.0942902,-0.135073,1.0417,0.432984,0.612192,0.889589,1.59034,1.75846,0.512526,1.27187,1.65917,2.04461,7.91413,-0.173469,-0.0767701,-0.254191,-0.63265,-1.42058,-3.14674,-0.221437
1683,26,Female,No religion,Married,No,None,4,NA,,20260909002,-9.05543,-0.832678,-8.46263,-2.06147,-9.68088,-0.197272,-0.158713,0.079065,0.06636,-0.220593,0.98447,0.389722,0.502438,0.856746,1.64152,1.65759,0.469594,1.1921,1.33577,1.99075,7.20347,-0.17798,-0.131088,-0.23353,-0.655045,-1.38916,-3.12888,-0.151493
1684,58,Female,Christian,Married,Yes,Long COVID,4,NA,,20260909002,-9.63412,-0.72896,-8.99714,-1.72924,-10.4532,-0.209579,-0.174337,0.0346465,-0.0433961,-0.195295,1.00376,0.534796,0.457356,0.828968,1.93396,1.62804,0.338209,1.07844,1.08067,2.05554,7.84563,-0.160215,-0.102572,-0.294549,-0.700736,-1.43577,-3.15095,-0.203952
1685,47,Female,Muslim,Single,Yes,Had COVID,2,NA,,20260909002,-10.9533,-1.12208,-10.1971,-2.04215,-11.6215,-0.361373,-0.173907,-0.0128432,-0.195761,-0.219746,1.36265,0.710937,0.717207,0.878646,2.14593,2.10413,0.705694,1.40193,1.30301,2.23709,8.802,-0.160883,-0.0609556,-0.319541,-0.691445,-1.4081,-3.11251,-0.170692
1686,58,Male,Christian,Divorced,No,Had COVID,1,3,Communitarianism,20260909002,-9.3811,-0.864585,-8.69709,-1.973,-10.0333,-0.307303,-0.125264,-0.040285,0.0953084,-0.169092,1.00901,0.469415,0.426535,0.698833,1.81343,1.9378,0.437923,1.24349,1.23848,1.99869,7.46064,-0.181105,-0.161422,-0.2125,-0.594209,-1.40821,-3.13297,-0.172145
1687,37,Female,No religion,Married,Yes,Had COVID,4,NA,,20260909002,-9.49129,-0.922895,-8.756,-1.90676,-10.0971,-0.0949988,-0.117269,0.020439,-0.0468069,-0.182904,1.16857,0.680996,0.598363,0.89206,1.92508,1.67171,0.438493,1.17956,1.20422,2.04815,7.503,-0.205864,-0.139678,-0.26313,-0.660438,-1.3784,-3.09741,-0.183946
1688,68,Female,Christian,Divorced,No,None,3,2,Libertarianism,20260909002,-9.49753,-1.02451,-8.86001,-2.15093,-10.2625,-0.038106,-0.0110349,0.189474,0.127862,-0.0518568,1.05589,0.473759,0.469146,0.880239,1.89507,1.79896,0.554935,1.30234,1.39301,2.19509,7.38406,-0.155784,-0.118993,-0.245757,-0.690083,-1.46635,-3.17878,-0.179179
1689,82,Male,Christian,Widowed,No,Had COVID,4,NA,,20260909002,-10.8632,-0.95125,-10.3057,-2.00306,-11.3928,-0.0216837,-0.0375262,0.143732,0.148569,-0.249653,1.08234,0.526774,0.58132,0.775411,1.8223800000000001,1.89894,0.686544,1.32889,1.34829,2.09181,8.9063,-0.154102,-0.124387,-0.220033,-0.603297,-1.40294,-3.15997,-0.161511
1690,47,Female,Christian,Married,No,Long COVID,2,NA,,20260909002,-10.2236,-0.924485,-9.48557,-2.00291,-10.8652,-0.254802,-0.093418,0.0288105,0.0992296,-0.225758,1.19761,0.703152,0.606804,0.855016,2.03779,1.81139,0.580538,1.15094,1.23667,2.1849,8.27819,-0.18052,-0.104345,-0.246378,-0.62131,-1.40288,-3.16664,-0.201874
1691,73,Female,Not answered,Widowed,No,Had COVID,3,NA,,20260909002,-10.0811,-0.756009,-9.42912,-1.93716,-11.0163,-0.491522,-0.378178,-0.0506445,-0.155956,-0.419121,1.13925,0.580727,0.585387,0.869001,2.14945,2.00065,0.632898,1.25609,1.43827,2.45561,8.27641,-0.209083,-0.161517,-0.239193,-0.73294,-1.37988,-3.14391,-0.193918
1692,64,Male,Muslim,Married,No,None,1,NA,,20260909002,-9.62715,-0.892826,-8.91622,-2.0272,-10.2217,-0.372569,-0.306434,-0.0545147,-0.23358400000000001,-0.303039,1.28404,0.587699,0.545419,0.77276,1.94596,1.94342,0.561971,1.23483,1.45316,2.09425,7.6295,-0.178647,-0.112798,-0.258643,-0.654346,-1.3415,-3.0769,-0.166797
1693,30,Female,No religion,Married,No,Had COVID,2,NA,,20260909002,-8.24654,-0.822487,-7.77769,-1.68512,-8.92839,-0.396817,-0.173355,0.00161902,-0.283835,-0.208607,0.868614,0.377191,0.409261,0.635382,1.67147,1.79259,0.515542,1.35632,1.16955,1.95871,6.46085,-0.152642,-0.0961757,-0.271654,-0.647222,-1.42336,-3.25473,-0.2126
1694,61,Male,Sikh,Married,No,Had COVID,4,NA,,20260909002,-10.3247,-0.955821,-9.86137,-2.02761,-11.1077,0.0999036,0.22054,0.210137,0.209222,0.033943,0.85841,0.424101,0.616534,0.721587,1.96921,1.71389,0.537807,1.33932,1.50204,2.19139,8.43149,-0.160152,-0.111665,-0.253495,-0.654616,-1.4345,-3.15057,-0.224389
1695,60,Male,Christian,Married,No,None,3,NA,,20260909002,-11.0251,-0.766858,-10.5599,-1.95148,-11.7146,-0.372183,-0.16916,0.0164903,0.152165,-0.313531,0.897024,0.380778,0.521304,0.799318,1.72318,1.82626,0.590674,1.3147200000000001,1.21814,2.15311,9.29341,-0.187627,-0.14705,-0.282334,-0.692895,-1.43096,-3.18643,-0.209668
1696,90,Female,No religion,Divorced,No,Had COVID,2,NA,,20260909002,-10.4993,-0.855385,-9.86122,-1.84518,-11.0955,-0.147655,-0.02094,0.0967003,0.0373175,-0.261815,0.953658,0.486829,0.451173,0.703121,1.90436,1.74188,0.417432,1.22643,1.24586,1.9821,8.63465,-0.196461,-0.122109,-0.293608,-0.711893,-1.38249,-3.11688,-0.223882
1697,53,Male,No religion,Married,No,Had COVID,1,NA,,20260909002,-11.9938,-0.899107,-11.1966,-1.87804,-12.4999,-0.242873,-0.150721,-0.0486998,-0.108876,-0.164406,1.1693,0.637353,0.599132,0.831168,1.81317,2.04072,0.558072,1.28276,1.37739,2.05352,10.0308,-0.176047,-0.138486,-0.230707,-0.691695,-1.41017,-3.13259,-0.204288
1698,44,Male,Christian,Divorced,No,None,2,NA,,20260909002,-11.509,-0.876621,-10.8813,-2.03132,-12.2207,-0.273728,-0.210605,0.0483534,-0.122331,-0.147775,1.0545,0.513169,0.486587,0.769869,1.80898,1.81557,0.516542,1.20776,1.45402,2.05183,9.63049,-0.138029,-0.0521632,-0.268801,-0.645938,-1.42647,-3.15372,-0.168421
1699,47,Male,Christian,Married,Yes,Bereaved,1,NA,,20260909002,-9.57758,-0.855875,-9.0287,-1.87492,-10.2629,-0.25954700000000003,-0.13247,-0.0393675,-0.104118,-0.182481,1.0734,0.58802,0.619488,0.713199,1.74624,1.85561,0.478345,1.27838,1.34465,1.99723,7.75623,-0.110987,-0.10921,-0.22737,-0.614588,-1.40456,-3.1461,-0.184662
1700,90,Female,Not answered,Single,No,None,3,NA,,20260909002,-10.3421,-0.89278,-9.75384,-1.9316,-11.1562,-0.176095,-0.0206685,0.0225918,-0.00853817,-0.0294842,1.09886,0.651184,0.685527,1.01376,2.1434,1.67575,0.398429,1.23828,1.24379,2.04706,8.46104,-0.181905,-0.119352,-0.279108,-0.665591,-1.42428,-3.21992,-0.198711
1701,39,Female,Christian,Married,Yes,None,2,NA,,20260909002,-10.4338,-0.928834,-9.81734,-1.89408,-11.2444,-0.261888,-0.132152,0.0230796,-0.0418409,-0.250296,1.14788,0.559682,0.524477,0.885306,2.06953,1.66858,0.452288,1.22006,1.23234,2.0944,8.58791,-0.207437,-0.14879,-0.263326,-0.690168,-1.38394,-3.10749,-0.167371
1702,56,Female,Christian,Divorced,Yes,Had COVID,1,NA,,20260909002,-9.73376,-0.840019,-9.36359,-1.77603,-10.7371,-0.393061,-0.157643,0.0271489,-0.174092,-0.229158,0.914223,0.476786,0.633477,0.684233,1.93492,1.66421,0.535116,1.28469,1.24883,2.32187,8.06907,-0.166312,-0.090363,-0.270938,-0.697349,-1.41574,-3.15278,-0.161422
1703,30,Female,Christian,Widowed,No,Long COVID,1,NA,,20260909002,-11.3502,-0.905187,-10.8023,-1.87677,-12.1194,-0.24874,0.012748,0.168536,0.0346927,-0.132025,1.06144,0.496024,0.545715,0.745283,1.80067,1.8138,0.490997,1.23243,1.23281,2.0824,9.56483,-0.154305,-0.121843,-0.243573,-0.70456,-1.38855,-3.13092,-0.223709
1704,60,Male,Hindu,Married,No,Had COVID,2,NA,,20260909002,-10.1275,-0.836839,-9.49256,-1.77981,-10.8199,-0.0592708,0.0285547,0.150023,0.16346,0.111495,0.967354,0.421156,0.519314,0.494408,1.61782,1.83081,0.544301,1.28273,1.1348800000000001,2.05449,8.26174,-0.149866,-0.0759072,-0.2755,-0.656895,-1.36949,-3.14137,-0.139464
1705,39,Female,Christian,Single,Yes,Had COVID,3,NA,,20260909002,-10.8185,-0.8791,-10.1872,-2.02484,-11.6483,-0.146162,-0.0141396,0.0500786,0.0312824,-0.0802182,0.89066,0.321587,0.359195,0.813312,1.72168,1.89449,0.579746,1.3025,1.60906,2.14825,9.01536,-0.165015,-0.126095,-0.261295,-0.716162,-1.3826,-3.17258,-0.197693
1706,43,Male,Christian,Married,No,Had COVID,3,5,Institutional Trust and Technocratic Governance,20260909002,-11.2478,-0.727866,-10.6157,-1.79074,-11.9751,-0.277061,-0.237355,0.0258443,0.0835687,-0.210659,0.852459,0.322101,0.274893,0.418556,1.71088,1.66794,0.50398,1.10602,1.02402,1.99244,9.53031,-0.170711,-0.133242,-0.272704,-0.676664,-1.42267,-3.17293,-0.145109
1707,60,Male,No religion,Married,Yes,None,3,NA,,20260909002,-10.8264,-0.854748,-10.3208,-1.88283,-11.6678,-0.297613,-0.125863,0.0622375,-0.0734762,-0.105925,1.0677,0.534722,0.623182,0.79301,1.97186,1.8175,0.402034,1.26749,1.14208,2.06382,8.9965,-0.143139,-0.0808017,-0.255887,-0.704348,-1.39396,-3.17685,-0.192755
1708,59,Female,No religion,Married,No,Bereaved,4,NA,,20260909002,-7.07171,-0.770503,-6.45095,-1.806,-7.88054,-0.116121,0.0114198,0.0589583,0.0120284,-0.0286099,1.15179,0.516226,0.482599,0.589133,2.09273,1.79379,0.386003,1.27154,1.36563,2.09449,5.18118,-0.190001,-0.137284,-0.268113,-0.629627,-1.40089,-3.11622,-0.191514
1709,39,Female,Christian,Married,Yes,Long COVID,1,NA,,20260909002,-10.2886,-0.836764,-9.76161,-1.99646,-10.9098,-0.211629,-0.106639,0.0187571,-0.0833116,-0.185344,1.04008,0.416966,0.57866,0.97748,1.63691,1.65345,0.352838,1.24018,1.27123,1.74691,8.443,-0.147871,-0.101486,-0.286391,-0.677754,-1.45153,-3.19693,-0.176879
1710,60,Female,Christian,Married,No,None,1,NA,,20260909002,-10.7366,-0.875878,-10.0682,-1.90461,-11.2781,-0.219298,-0.155359,-8.76958e-4,-0.148021,-0.325428,1.26208,0.65714,0.653096,1.01316,1.77886,1.89257,0.584192,1.23776,1.38792,2.01038,8.86106,-0.147343,-0.181141,-0.213809,-0.633519,-1.37152,-3.10832,-0.173747
1711,38,Female,No religion,Married,No,Had COVID,2,NA,,20260909002,-9.79102,-0.988222,-9.11103,-1.91253,-10.4237,0.00372627,0.0471385,0.0699463,0.202069,-0.139534,1.14766,0.720316,0.690224,0.991675,1.92721,1.64627,0.451005,1.22178,1.2172,1.86959,7.87672,-0.149023,-0.122362,-0.284376,-0.703321,-1.35587,-3.08941,-0.176409
1712,56,Male,Christian,Married,No,Had COVID,2,NA,,20260909002,-9.94817,-0.787832,-9.50422,-2.04815,-10.6321,-0.39163,-0.166217,0.114925,0.146524,-0.186256,0.979369,0.368896,0.509409,0.68419,1.63797,1.55935,0.23996,1.06454,1.15578,1.6773,8.20411,-0.212914,-0.105956,-0.244776,-0.680683,-1.41357,-3.10476,-0.18243500000000001
1713,90,Male,No religion,Single,No,None,4,NA,,20260909002,-9.48752,-0.792809,-8.83419,-1.89614,-10.2275,-0.288832,-0.151551,-0.0739079,-0.0219551,-0.23835,0.990367,0.491991,0.365063,0.852206,1.83082,1.99496,0.688858,1.24964,1.45545,2.24027,7.72703,-0.151387,-0.125326,-0.25227,-0.674336,-1.38064,-3.11308,-0.169878
1714,34,Female,Christian,Married,No,Had COVID,2,NA,,20260909002,-8.9606,-0.871783,-8.27836,-1.80928,-9.71949,-0.204566,-0.171941,-0.0551963,-0.102273,-0.213114,0.909008,0.586423,0.475893,0.632223,2.01229,1.79299,0.523538,1.2572,1.15352,2.05269,7.10812,-0.197417,-0.200917,-0.251625,-0.624906,-1.40646,-3.15275,-0.174975
1715,66,Male,No religion,Married,No,Had COVID,3,NA,,20260909002,-10.0277,-0.639313,-9.57074,-1.72652,-10.7708,-0.370427,-0.190103,-0.0275207,-0.1882,-0.333466,0.702724,0.208462,0.382631,0.679895,1.47985,1.66408,0.327611,1.12906,1.25899,1.84178,8.47005,-0.1781,-0.17914,-0.216438,-0.620635,-1.37972,-3.12841,-0.193686
1716,35,Male,Jewish,Married,No,Bereaved,4,NA,,20260909002,-11.4142,-0.918652,-10.81,-1.89649,-11.9376,-0.155969,-0.071633,0.129198,0.0984719,-0.26136,0.980268,0.405082,0.544263,0.515922,1.71105,2.03086,0.603658,1.28971,1.34167,2.08765,9.4441,-0.242866,-0.146955,-0.238476,-0.664421,-1.41567,-3.16997,-0.188046
1717,55,Female,Christian,Separated,Yes,Had COVID,3,NA,,20260909002,-10.3434,-0.773539,-9.94027,-1.766,-11.0483,-0.400482,-0.145684,0.00482308,-0.202308,-0.445968,0.999555,0.481287,0.68903,0.708315,1.77967,1.78157,0.473325,1.29936,1.25904,2.02552,8.65881,-0.144164,-0.0642631,-0.220038,-0.668428,-1.42343,-3.11557,-0.210323
1718,52,Male,No religion,Married,No,Had COVID,4,NA,,20260909002,-9.39906,-0.683082,-8.99962,-1.79986,-10.0477,-0.183566,-0.151122,0.0607963,-0.135369,-0.0314862,1.02077,0.489268,0.534335,0.878743,1.57474,1.47867,0.322545,1.25704,1.18865,1.77134,7.73322,-0.182941,-0.122299,-0.271309,-0.729898,-1.40263,-3.11625,-0.224352
1719,52,Female,No religion,Married,No,None,2,NA,,20260909002,-9.96979,-0.898851,-9.44799,-1.8279,-10.6864,-0.148943,-0.0360556,0.201591,0.0532093,-0.0592329,0.895737,0.377625,0.47897,0.613264,1.71081,1.72872,0.455257,1.21691,1.11698,1.86541,8.12642,-0.136026,-0.0881096,-0.253747,-0.677374,-1.38693,-3.13843,-0.178405
1720,78,Male,Muslim,Married,No,None,3,NA,,20260909002,-10.0338,-0.686843,-9.46362,-1.88479,-10.8468,-0.254851,-0.208228,-0.00452814,0.0631661,-0.261225,1.11957,0.446366,0.467342,0.756039,1.88125,1.75539,0.460646,1.19709,1.28682,2.20527,8.31213,-0.143497,-0.0998831,-0.259332,-0.703786,-1.38795,-3.19051,-0.218218
1721,24,Male,No religion,Married,Yes,None,3,NA,,20260909002,-10.816,-1.01659,-10.2256,-2.09166,-11.4843,-0.213658,-0.158364,0.0722875,-0.110122,-0.299179,0.884358,0.574355,0.632799,0.83236,1.78161,1.91308,0.672874,1.26404,1.43249,2.19316,8.88834,-0.202483,-0.14814,-0.260252,-0.626095,-1.40655,-3.09436,-0.167928
1722,18,Female,Christian,Single,No,Had COVID,1,NA,,20260909002,-10.5421,-0.877138,-10.08,-1.77624,-11.4371,-0.336065,-0.0975085,0.091571,0.00391774,-0.150944,0.82166,0.450297,0.440282,0.694365,1.7392,1.81633,0.619393,1.28444,1.27123,2.21364,8.87205,-0.175895,-0.121871,-0.250385,-0.653938,-1.37206,-3.14407,-0.216952
1723,43,Female,Christian,Married,No,None,4,NA,,20260909002,-9.36356,-0.968821,-8.87509,-2.03785,-10.0274,-0.231351,-0.203358,0.0605865,0.0599065,-0.296398,0.990265,0.563671,0.524774,0.754581,1.84202,1.84374,0.67233,1.3598,1.29204,2.05465,7.47047,-0.167531,-0.112648,-0.225859,-0.622314,-1.4603,-3.17294,-0.21292
1724,41,Male,Christian,Married,No,None,3,NA,,20260909002,-10.34,-1.00971,-9.62235,-1.97413,-10.7134,-0.0599728,-0.0529215,0.145577,0.153208,-0.163109,1.37059,0.65607,0.598373,0.811885,1.90489,2.01493,0.523578,1.30402,1.13427,1.86994,8.16862,-0.197979,-0.117854,-0.265898,-0.640052,-1.39036,-3.13217,-0.179991
1725,46,Female,Christian,Married,Yes,Bereaved,2,NA,,20260909002,-6.48872,-0.933174,-5.86936,-1.90836,-7.34649,-0.187883,-0.0768793,0.0950613,0.209129,-0.141898,1.04694,0.436408,0.386234,0.572455,2.02113,1.63776,0.476539,1.07652,1.01656,2.15763,4.58619,-0.15234,-0.104607,-0.272228,-0.666345,-1.34805,-3.11596,-0.169213
1726,45,Male,No religion,Married,No,None,1,NA,,20260909002,-10.1864,-0.884915,-9.57326,-1.99596,-10.8486,-0.356785,-0.209087,-0.0748521,-0.105437,-0.268455,0.997872,0.411909,0.598893,0.814163,1.74139,2.01853,0.594926,1.34693,1.48654,2.10135,8.26703,-0.167542,-0.122239,-0.227378,-0.589872,-1.39162,-3.09828,-0.186422
1727,25,Female,Christian,Single,No,Long COVID,2,NA,,20260909002,-10.5781,-0.925984,-9.98878,-1.92156,-11.2585,-0.163691,-0.0257894,0.0547143,0.0722594,-0.267625,0.897254,0.472467,0.482293,0.628294,2.02644,1.56558,0.314622,1.143,1.18278,1.88867,8.74095,-0.198731,-0.174731,-0.304393,-0.716728,-1.42118,-3.19101,-0.215213
1728,31,Female,Christian,Single,No,None,1,NA,,20260909002,-11.7502,-0.9562,-11.0205,-2.07622,-12.2883,-0.223548,-0.140098,0.0097392,0.147635,-0.161478,1.05662,0.501395,0.544917,0.807264,1.70707,2.1449,0.658937,1.32235,1.43344,2.15404,9.71735,-0.168406,-0.101557,-0.251929,-0.644768,-1.43409,-3.1348,-0.20065
1729,70,Female,Not answered,Widowed,No,None,4,NA,,20260909002,-10.2494,-0.911057,-9.57096,-2.12736,-10.9264,-0.22962,-0.128364,-0.0559792,-0.0150799,-0.237001,1.14257,0.53713,0.451719,0.789265,1.75901,2.00053,0.659026,1.28007,1.55505,2.20565,8.35284,-0.16367,-0.0552514,-0.224278,-0.63983,-1.41334,-3.12267,-0.165088
1730,38,Male,No religion,Married,No,Had COVID,1,NA,,20260909002,-10.8057,-0.756168,-10.2233,-1.82557,-11.3422,-0.22182,-0.155833,0.0514137,-0.108043,-0.24437,1.06212,0.550111,0.496733,0.704105,1.87078,1.80213,0.477478,1.23485,1.10892,1.951,8.97472,-0.185863,-0.105367,-0.254278,-0.617243,-1.4666,-3.20148,-0.208563
1731,50,Female,Sikh,Married,No,Had COVID,4,NA,,20260909002,-9.76309,-0.909176,-9.12207,-2.05915,-10.5278,-0.259714,-0.09689,0.00559499,0.0145179,-0.104501,1.08573,0.534838,0.578749,0.768459,1.7535,1.81008,0.549712,1.18703,1.34959,2.07626,7.82668,-0.162278,-0.0988283,-0.270584,-0.646916,-1.39697,-3.13846,-0.175076
1732,64,Female,Not answered,Widowed,No,None,2,3,Communitarianism,20260909002,-11.1898,-1.00668,-10.4344,-1.90846,-11.7643,-0.0568627,-0.0493384,0.0872613,0.0807677,-0.151937,1.06334,0.587698,0.526776,0.8319,1.74223,1.78561,0.476875,1.23606,1.25953,1.97057,9.18842,-0.169777,-0.153366,-0.295342,-0.734927,-1.36982,-3.07842,-0.167347
1733,52,Male,No religion,Married,Yes,None,1,NA,,20260909002,-11.2461,-0.761813,-10.7032,-1.75974,-11.99,-0.327952,-0.204382,-0.0278361,-0.175972,-0.298531,0.930174,0.350677,0.437322,0.538675,1.83809,1.6923,0.406595,1.27394,1.28473,2.03909,9.50728,-0.186303,-0.135897,-0.245149,-0.649539,-1.41675,-3.14804,-0.195715
1734,74,Female,Christian,Married,No,Had COVID,2,NA,,20260909002,-10.4072,-0.546966,-9.91451,-1.64678,-11.0872,-0.356357,-0.153887,0.0427338,0.108391,-0.1897,0.870961,0.321132,0.341117,0.603861,1.6891,1.56035,0.254971,1.02045,0.986283,1.63332,8.87909,-0.188555,-0.145455,-0.2581,-0.68046,-1.39495,-3.14823,-0.202696
1735,48,Male,Christian,Single,Yes,Bereaved,3,NA,,20260909002,-11.0042,-0.789338,-10.3385,-1.92967,-11.5733,-0.0368815,-0.0853242,0.0271744,0.0364087,-0.196468,1.10979,0.366687,0.560309,0.855492,1.81475,1.78486,0.421845,1.25024,1.36394,1.97985,9.06504,-0.201831,-0.172786,-0.262889,-0.672825,-1.41854,-3.13039,-0.167181
1736,40,Male,Christian,Married,No,Had COVID,4,NA,,20260909002,-9.79245,-1.10245,-9.01498,-2.09184,-10.3863,-0.2691,-0.0879619,-0.0411761,0.0667607,-0.236158,1.3216,0.78962,0.702646,0.936505,1.87669,2.00203,0.673379,1.30601,1.41036,2.30414,7.68387,-0.229925,-0.151552,-0.259012,-0.708143,-1.41988,-3.19658,-0.207373
1737,42,Female,No religion,Single,No,Had COVID,1,NA,,20260909002,-9.54322,-0.706236,-9.11841,-1.71967,-10.1047,-0.265042,-0.197637,0.0216903,-0.0792412,-0.322472,0.849607,0.410524,0.625302,0.595528,1.71316,1.62717,0.481897,1.21377,1.0702,1.88936,7.84059,-0.246632,-0.138338,-0.211534,-0.660779,-1.40155,-3.08499,-0.190112
1738,53,Male,No religion,Married,No,Bereaved,1,NA,,20260909002,-12.5879,-0.75567,-12.0827,-1.82712,-13.3142,-0.325034,-0.100901,0.170002,-0.0105629,-0.205282,1.14499,0.512441,0.530412,0.754155,1.68279,1.88967,0.530051,1.25366,1.30319,2.04704,10.9252,-0.162016,-0.140894,-0.167476,-0.637798,-1.38598,-3.15243,-0.183245
1739,64,Male,Hindu,Single,No,None,3,NA,,20260909002,-9.92182,-1.01326,-9.33914,-2.10724,-10.7878,-0.255382,-0.0727554,0.0724383,0.0502151,-0.00911783,1.35058,0.736941,0.685379,0.882892,2.03147,1.88558,0.577512,1.24459,1.36287,2.19721,7.95129,-0.135594,-0.0480341,-0.289266,-0.62984,-1.40678,-3.14031,-0.174724
1740,22,Male,No religion,Single,No,None,4,NA,,20260909002,-12.1739,-0.878855,-11.5328,-1.72616,-12.6712,-0.260333,-0.255149,0.0360946,-0.0994166,-0.603001,1.01495,0.585144,0.496931,0.593056,1.93385,1.95479,0.681791,1.25502,1.36569,1.99349,10.3795,-0.177746,-0.192143,-0.220965,-0.650017,-1.4141,-3.121,-0.184578
1741,30,Female,Hindu,Single,No,Bereaved,2,NA,,20260909002,-10.5733,-0.788843,-9.97668,-1.95298,-11.0725,-0.229181,-0.0677029,0.0329546,0.0120555,-0.219877,1.04341,0.391514,0.448327,0.756632,1.53579,1.84164,0.375386,1.19392,1.38253,1.91787,8.69845,-0.21031,-0.126291,-0.240631,-0.597095,-1.42187,-3.13011,-0.226807
1742,26,Female,No religion,Single,No,None,2,NA,,20260909002,-8.02315,-1.11211,-7.35602,-1.99037,-9.06394,-0.0690156,-0.00398775,0.105268,-0.00805867,0.00655516,1.14443,0.649866,0.602139,0.811819,2.0469,1.77528,0.540961,1.14676,1.23254,2.18186,6.02173,-0.161449,-0.13054,-0.221927,-0.678784,-1.37079,-3.12314,-0.183132
1743,65,Female,Muslim,Married,No,None,2,NA,,20260909002,-11.1557,-0.951986,-10.48,-1.94586,-11.6014,-0.313986,-0.15342,0.0983773,-0.00661611,-0.333377,1.19273,0.517508,0.473455,0.706345,1.72228,1.91694,0.675394,1.31117,1.45397,2.16711,9.17994,-0.175392,-0.116882,-0.2361,-0.671143,-1.39707,-3.10683,-0.181701
1744,64,Male,Christian,Married,No,Long COVID,4,NA,,20260909002,-9.63412,-0.72896,-8.99714,-1.72924,-10.4532,-0.209579,-0.174337,0.0346465,-0.0433961,-0.195295,1.00376,0.534796,0.457356,0.828968,1.93396,1.62804,0.338209,1.07844,1.08067,2.05554,7.84563,-0.160215,-0.102572,-0.294549,-0.700736,-1.43577,-3.15095,-0.203952
1745,42,Male,Christian,Married,Yes,None,4,NA,,20260909002,-9.07575,-0.917576,-8.52487,-2.01101,-9.73821,-0.21455,0.00438042,0.143765,0.177687,-0.0569212,1.0035,0.297159,0.515044,0.789885,1.6383,1.84621,0.501129,1.31117,1.38615,1.98622,7.17255,-0.17468,-0.11443300000000001,-0.28999,-0.68449,-1.391,-3.13097,-0.188944
1746,51,Female,Christian,Married,No,Had COVID,4,NA,,20260909002,-11.465,-0.945246,-10.823,-2.14297,-12.0938,-0.0904602,0.0013832,0.174311,0.153097,-0.0698425,1.2315,0.546939,0.550374,0.976947,1.91588,1.71644,0.392766,1.19349,1.48845,1.95483,9.5167,-0.18665,-0.12951,-0.271578,-0.656054,-1.3488,-3.08298,-0.200373
1747,28,Female,No religion,Married,Yes,Had COVID,2,NA,,20260909002,-11.3396,-0.818553,-10.7402,-1.94287,-12.0851,-0.3709,-0.174639,-0.0941593,-0.0464961,-0.204318,1.04114,0.489946,0.527383,0.855929,1.78809,1.77785,0.549021,1.16804,1.45319,2.04182,9.61431,-0.162801,-0.135662,-0.215681,-0.672155,-1.35628,-3.03954,-0.219636
1748,39,Male,Christian,Married,Yes,Long COVID,3,NA,,20260909002,-10.1137,-0.784307,-9.41197,-1.77261,-10.7543,-0.417861,-0.177281,-0.0946613,-0.220956,-0.254687,1.05971,0.363474,0.295863,0.638498,1.74696,1.6757,0.368366,1.08765,1.14939,1.86971,8.30101,-0.192721,-0.175453,-0.298231,-0.670057,-1.3968,-3.13373,-0.187176
1749,56,Male,Christian,Married,No,None,3,NA,,20260909002,-9.10103,-0.750924,-8.56238,-1.52029,-9.75692,-0.178357,-0.087458,0.0381244,-0.0804429,-0.0225991,1.01925,0.546266,0.37803,0.471806,1.69918,1.53255,0.400376,1.09596,0.942684,1.74923,7.4052,-0.173388,-0.167131,-0.213645,-0.655393,-1.39477,-3.15571,-0.215896
1750,21,Female,Christian,Divorced,No,None,4,NA,,20260909002,-10.7183,-0.81277,-10.1796,-1.76612,-11.3382,-0.200282,-0.0736961,-0.0614417,-0.225357,-0.186752,0.864694,0.353807,0.459452,0.665091,1.58543,1.83563,0.523378,1.26422,1.30182,2.03698,8.90847,-0.16892,-0.142413,-0.265467,-0.686504,-1.46754,-3.20878,-0.251557
1751,51,Female,No religion,Married,No,Had COVID,2,NA,,20260909002,-9.46907,-0.833896,-8.83018,-1.82942,-10.0378,-0.146832,-0.135823,0.102959,0.037859,-0.148514,0.86788,0.254692,0.493924,0.551846,1.53839,1.78886,0.416842,1.21562,1.12736,1.92682,7.52143,-0.239063,-0.169813,-0.255542,-0.685949,-1.39303,-3.13536,-0.200852
1752,57,Male,Muslim,Married,No,None,2,NA,,20260909002,-10.6896,-0.788643,-10.1134,-1.78096,-11.5421,-0.135724,-0.204279,0.0337622,-0.104498,-0.281531,1.02277,0.5526,0.58491,0.788654,1.89332,1.68934,0.544224,1.23195,1.18938,2.21332,8.90595,-0.161822,-0.13533,-0.239142,-0.68697,-1.42065,-3.21476,-0.21799
1753,55,Male,No religion,Married,No,None,1,NA,,20260909002,-9.42797,-0.972266,-8.9214,-1.80713,-10.1616,-0.271297,-0.129351,0.0335304,-0.0874763,-0.177713,0.967731,0.623536,0.524512,0.548453,1.76751,1.71533,0.576998,1.31015,1.14944,2.16057,7.56513,-0.184669,-0.106563,-0.302996,-0.667899,-1.41813,-3.13108,-0.185971
1754,18,Female,Christian,Single,No,None,3,NA,,20260909002,-8.19835,-0.99415,-7.50703,-2.13715,-8.69464,-0.0584492,-0.0795252,0.0473268,0.0441134,-0.215068,1.14531,0.561467,0.662297,0.895029,1.69659,1.98669,0.65411,1.34125,1.67924,2.00561,6.10525,-0.182484,-0.114733,-0.237154,-0.623041,-1.39154,-3.0666,-0.207743
1755,65,Female,Christian,Married,No,None,1,NA,,20260909002,-11.1952,-0.970582,-10.5206,-1.95109,-11.8055,-0.148425,-0.0701361,0.0939346,0.0912346,-0.117643,1.12933,0.755803,0.590114,0.868095,1.89603,1.80583,0.510884,1.11098,1.18128,1.99519,9.24418,-0.152376,-0.111005,-0.27628,-0.650752,-1.38421,-3.07915,-0.18556
1756,72,Female,No religion,Widowed,No,Had COVID,3,NA,,20260909002,-9.31208,-0.842953,-8.86817,-1.93517,-10.064,-0.377761,-0.289723,-0.0230142,-0.10756,-0.242599,0.962727,0.481238,0.530875,0.778509,1.75354,1.82953,0.567579,1.22774,1.14873,1.98508,7.56389,-0.142095,-0.0584105,-0.236949,-0.615638,-1.37319,-3.04817,-0.146386
1757,60,Male,Christian,Married,Yes,None,1,NA,,20260909002,-10.5544,-0.904477,-9.92354,-1.92519,-11.0502,-0.198181,-0.20029,-0.0546708,-0.249701,-0.312955,1.26505,0.636414,0.698238,0.960412,1.78435,2.03084,0.678637,1.39655,1.34161,2.11949,8.5875,-0.211933,-0.125988,-0.250022,-0.670943,-1.38128,-3.13685,-0.179652
1758,32,Male,No religion,Married,No,Had COVID,1,2,Libertarianism,20260909002,-8.82707,-0.700279,-8.38329,-2.01066,-9.8308700000000009,-0.205048,-0.0499944,0.0730301,0.166519,0.0375167,1.01126,0.444951,0.513642,0.908079,2.05019,1.51461,0.272143,1.13529,1.22962,1.93346,7.19826,-0.124229,-0.118191,-0.235752,-0.663,-1.4285,-3.20724,-0.179746
1759,55,Female,Christian,Married,No,Bereaved,1,NA,,20260909002,-11.8408,-0.752733,-11.2294,-1.6729,-12.474,-0.250336,-0.0811691,0.015038,-0.0731863,-0.202636,1.0417,0.436706,0.481136,0.551973,1.85443,1.60196,0.259933,1.10065,0.973767,1.75366,10.0951,-0.202371,-0.173855,-0.269488,-0.61616,-1.42488,-3.15469,-0.168261
1760,26,Female,Other religion,Single,No,None,3,NA,,20260909002,-11.128,-1.00244,-10.4361,-1.95211,-11.7122,-0.0676082,6.02786e-4,0.151919,0.082151,-0.00687945,1.04062,0.453092,0.504044,0.745469,1.68073,1.93992,0.670921,1.33696,1.37958,2.04462,9.11455,-0.21665,-0.144767,-0.210493,-0.609779,-1.39156,-3.10107,-0.20413
1761,25,Male,Christian,Divorced,Yes,Bereaved,4,NA,,20260909002,-9.98342,-1.01987,-9.40421,-2.04861,-11.0649,-0.297873,-0.153122,0.0126128,-0.145118,-0.191961,1.05645,0.650661,0.695472,1.03351,2.22334,1.98991,0.702975,1.3557,1.47903,2.41027,8.0651,-0.195351,-0.127929,-0.220053,-0.658605,-1.35369,-3.15771,-0.184126
1762,26,Female,Not answered,Single,No,None,3,NA,,20260909002,-9.90218,-1.05909,-9.22213,-1.96507,-10.6793,0.0357312,0.179656,0.190819,0.172014,-0.0285414,1.05162,0.631167,0.509813,0.744159,2.01541,1.83092,0.563257,1.26761,1.31198,2.21406,7.9022,-0.153332,-0.0546351,-0.266516,-0.644642,-1.40112,-3.18625,-0.204324
1763,26,Male,Sikh,Single,No,Had COVID,4,NA,,20260909002,-8.00606,-0.762293,-7.53159,-1.70953,-8.84323,-0.45647,-0.154648,0.0619556,-0.139431,-0.241044,1.15367,0.61609100000000006,0.548785,0.743984,1.92776,1.94297,0.49966699999999997,1.2357,1.27077,2.10053,6.28087,-0.178019,-0.139825,-0.202263,-0.690254,-1.36881,-3.10151,-0.192054
1764,54,Female,Christian,Single,No,None,2,NA,,20260909002,-9.89533,-0.695195,-9.28713,-1.82865,-10.635,-0.245732,-0.0864949,-0.0347909,-0.00975377,-0.0392428,0.938188,0.256783,0.512183,0.731568,1.5682,1.72827,0.320921,1.11483,1.2293,1.74128,8.15595,-0.170568,-0.127752,-0.233594,-0.665683,-1.34713,-3.05949,-0.194557
1765,52,Female,Christian,Single,No,None,2,NA,,20260909002,-11.5825,-1.11949,-10.8708,-2.02215,-12.2503,-0.120073,-0.00874402,0.152761,0.10915,-0.106303,1.32232,0.846245,0.581265,0.934253,2.05298,2.1799,0.805571,1.3106,1.48662,2.2896,9.51571,-0.134478,-0.16655,-0.223595,-0.681603,-1.40789,-3.17537,-0.194693
1766,45,Male,No religion,Single,Yes,None,3,NA,,20260909002,-9.44405,-0.754314,-8.79603,-1.86509,-10.0848,-0.157264,-0.14762,-0.0568939,-0.0790496,-0.228691,0.835704,0.20072,0.479464,0.652711,1.63095,1.69969,0.389903,1.24186,1.21521,2.08947,7.55608,-0.178237,-0.125138,-0.291828,-0.701637,-1.36201,-3.10103,-0.178316
1767,19,Male,No religion,Single,No,None,2,NA,,20260909002,-10.7338,-0.909937,-10.2135,-1.94702,-11.4868,-0.19405,-0.0883634,0.125631,0.0503626,-0.0900474,0.958286,0.421313,0.520382,0.693199,1.74728,1.88151,0.660352,1.34985,1.36989,2.2334,8.89253,-0.124926,-0.0799208,-0.259326,-0.674792,-1.4011,-3.10884,-0.197412
1768,45,Male,Christian,Single,Yes,Bereaved,1,NA,,20260909002,-9.44146,-1.02579,-8.76918,-1.87263,-10.1854,-0.00509349,0.10694,0.132175,-0.0244157,-0.00959756,1.34474,0.766894,0.668163,0.887156,2.19645,1.77784,0.463864,1.21737,1.17481,2.07249,7.40787,-0.192422,-0.102313,-0.280598,-0.667909,-1.40996,-3.13237,-0.189584
1769,56,Female,No religion,Divorced,No,Bereaved,3,NA,,20260909002,-10.3763,-0.771406,-9.88813,-1.71432,-11.026,-0.206241,-0.126343,0.0810566,-0.0442619,-0.269046,0.79441,0.38403,0.530686,0.629299,1.72049,1.69447,0.312588,1.20199,0.948418,1.82638,8.63439,-0.150911,-0.0905952,-0.283268,-0.603116,-1.42061,-3.18032,-0.180735
1770,33,Female,Buddhist,Single,No,None,1,NA,,20260909002,-10.5733,-0.788843,-9.97668,-1.95298,-11.0725,-0.229181,-0.0677029,0.0329546,0.0120555,-0.219877,1.04341,0.391514,0.448327,0.756632,1.53579,1.84164,0.375386,1.19392,1.38253,1.91787,8.69845,-0.21031,-0.126291,-0.240631,-0.597095,-1.42187,-3.13011,-0.226807
1771,19,Male,No religion,Single,No,Had COVID,4,NA,,20260909002,-10.0642,-0.896073,-9.4057,-1.99373,-10.7783,-0.158168,0.0332329,0.111759,0.180171,0.0590413,0.999629,0.430618,0.419568,0.67936,1.88011,1.78652,0.416114,1.26756,1.32972,2.02473,8.14399,-0.230647,-0.142662,-0.307441,-0.720037,-1.39283,-3.11364,-0.196496
1772,55,Female,Christian,Divorced,No,Long COVID,1,2,Libertarianism,20260909002,-10.1424,-0.46371,-9.76525,-1.5032,-10.8896,-0.518004,-0.421763,-0.0431168,-0.202388,-0.497554,0.627246,0.15943,0.329726,0.429593,1.56506,1.73566,0.395502,1.25373,1.3347,1.88032,8.72276,-0.196218,-0.153382,-0.252708,-0.723997,-1.35459,-3.09914,-0.242892
1773,20,Male,Christian,Single,No,Bereaved,3,3,Communitarianism,20260909002,-10.0596,-0.8897,-9.45825,-1.82974,-10.7713,-0.170395,0.0422883,0.0780045,0.0985428,-0.0654699,0.977632,0.50002,0.485994,0.717531,1.77079,1.69208,0.41037,1.15102,1.18441,1.85741,8.23799,-0.17774,-0.180553,-0.235459,-0.671757,-1.37873,-3.11925,-0.208351
1774,64,Female,No religion,Married,No,Had COVID,3,NA,,20260909002,-10.497,-0.977369,-9.78713,-1.74892,-11.1714,-0.0993067,0.0115864,0.0687362,0.0044881,-0.0589278,1.07344,0.415799,0.421282,0.598236,1.83083,1.69942,0.462124,1.17809,1.07359,2.06524,8.50729,-0.201253,-0.149388,-0.256153,-0.687198,-1.40787,-3.06359,-0.205673
1775,67,Female,Christian,Widowed,No,None,1,NA,,20260909002,-8.945,-0.844092,-8.52571,-1.90209,-9.87353,-0.25444,-0.16115,0.132766,-3.64102e-4,-0.139494,0.968811,0.572017,0.551804,0.671157,1.94871,1.87124,0.576557,1.35274,1.3327,2.29361,7.13498,-0.123458,-0.0902423,-0.23933,-0.664694,-1.37917,-3.17947,-0.211667
1776,64,Male,Sikh,Married,No,Had COVID,4,NA,,20260909002,-10.2028,-1.07628,-9.54789,-2.04818,-10.8383,-0.090314,0.125529,0.0534012,-0.00790512,-0.00823825,0.985057,0.499337,0.537079,0.704148,1.71654,1.99642,0.687897,1.31114,1.36041,2.04973,8.19993,-0.172841,-0.101141,-0.248469,-0.640843,-1.39909,-3.10412,-0.171472
1777,50,Female,Christian,Married,No,None,3,NA,,20260909002,-9.97228,-0.75207,-9.36739,-1.72991,-10.7138,-0.251332,-0.0902202,0.0838783,-0.0246262,0.00998781,1.04804,0.600393,0.485269,0.621566,1.98201,1.72096,0.342017,1.06303,1.24892,1.82155,8.23524,-0.194289,-0.133393,-0.220315,-0.677264,-1.37125,-3.13087,-0.181994
1778,58,Female,Christian,Widowed,No,None,3,NA,,20260909002,-10.6339,-0.792364,-9.88402,-1.67589,-11.2818,-0.301675,-0.15837,-0.0492754,-0.0522587,-0.193431,1.07643,0.530741,0.419811,0.684884,1.63741,1.72419,0.500324,1.12018,1.19619,1.97624,8.89527,-0.155018,-0.153174,-0.271301,-0.703932,-1.40098,-3.09382,-0.187222
1779,75,Male,Christian,Widowed,No,Bereaved,3,NA,,20260909002,-10.2345,-0.688839,-9.68972,-1.74507,-11.0017,-0.258633,-0.116626,-0.0478093,0.00704533,-0.129663,1.01736,0.449843,0.607334,0.940698,1.78737,1.52245,0.30748,1.1041,1.2528,1.88434,8.58788,-0.19877,-0.149231,-0.219569,-0.669444,-1.35215,-3.0485,-0.224626
1780,24,Male,No religion,Single,No,None,4,NA,,20260909002,-9.77114,-0.864195,-9.30294,-1.88919,-10.4832,-0.215484,-0.0513957,0.0714881,-0.036271,-0.150201,0.964191,0.536426,0.468435,0.815121,1.63143,1.61873,0.487644,1.13725,1.22784,1.89925,8.05387,-0.143525,-0.0953253,-0.233153,-0.680985,-1.39834,-3.14037,-0.195878
1781,87,Female,Christian,Divorced,No,None,4,3,Communitarianism,20260909002,-9.50136,-0.780398,-8.90043,-1.75157,-10.2109,-0.269582,-0.143507,0.0358987,0.0515898,-0.248745,1.13067,0.55247,0.523947,0.631644,1.77878,1.66681,0.380302,1.14448,1.08535,1.8438,7.7271,-0.1793,-0.208466,-0.224929,-0.660801,-1.36164,-3.11978,-0.193161
1782,73,Male,Christian,Single,No,Had COVID,1,NA,,20260909002,-9.90399,-0.732655,-9.28538,-1.90695,-10.5291,-0.460825,-0.312765,-0.0657685,-0.120138,-0.349278,1.11982,0.480363,0.550433,0.820422,1.82872,2.0183,0.518928,1.29486,1.36672,2.13973,8.02883,-0.173695,-0.113748,-0.243769,-0.620034,-1.41507,-3.16151,-0.203263
1783,20,Female,Christian,Single,No,Bereaved,1,NA,,20260909002,-10.8555,-0.781148,-10.5324,-1.79564,-11.6782,-0.586185,-0.380308,0.0770092,-0.189423,-0.426447,1.05105,0.554807,0.522558,0.807886,1.90136,1.71796,0.504553,1.29354,1.21529,1.89579,9.26269,-0.157033,-0.119345,-0.251426,-0.716127,-1.3945,-3.15382,-0.182616
1784,44,Male,Muslim,Single,No,Had COVID,1,NA,,20260909002,-10.3247,-0.88003,-9.78337,-1.89051,-11.1452,-0.24826,-0.107064,0.0554249,-0.124204,-0.0475833,0.929555,0.401725,0.56446,0.81275,1.60802,1.61354,0.475827,1.2703,1.32576,1.93475,8.51753,-0.172551,-0.141215,-0.275231,-0.658401,-1.36988,-3.0983,-0.168823
1785,46,Male,No religion,Single,No,Had COVID,1,NA,,20260909002,-9.05111,-0.718341,-8.46994,-1.51995,-9.84131,-0.205754,-0.136552,-0.0392887,-0.131966,-0.241983,0.841941,0.350632,0.400897,0.385602,1.78567,1.68161,0.449925,1.19411,1.07154,1.89592,7.36617,-0.135046,-0.114245,-0.234129,-0.68006200000000006,-1.35817,-3.10788,-0.180577
1786,56,Female,No religion,Divorced,No,Had COVID,1,NA,,20260909002,-11.2245,-0.975424,-10.5869,-1.79172,-11.8349,-0.286967,-0.19027,0.0589394,-0.0557643,-0.149812,1.30264,0.80205,0.638788,0.656909,1.96792,1.89169,0.610444,1.28513,1.19721,1.99688,9.30152,-0.178258,-0.154974,-0.243106,-0.628059,-1.38434,-3.08808,-0.202105
1787,42,Female,Christian,Married,Yes,Had COVID,4,NA,,20260909002,-10.9126,-0.759541,-10.278,-1.79935,-11.3829,0.0213666,-0.031981,0.119516,0.207264,-0.272913,0.620281,0.0692106,0.367961,0.385146,1.45608,1.65195,0.378758,1.14038,0.92978,2.01368,9.05214,-0.164611,-0.0916964,-0.237822,-0.61588,-1.42431,-3.12359,-0.203888
1788,58,Male,Christian,Married,No,Had COVID,1,NA,,20260909002,-11.2163,-1.03242,-10.6469,-1.71835,-12.0475,-0.264931,-0.0506695,0.114377,0.0870928,-0.0527383,1.08462,0.607311,0.585842,0.668445,1.85422,1.83151,0.677004,1.22099,1.17947,2.19253,9.37734,-0.186286,-0.153287,-0.250926,-0.719444,-1.38255,-3.09028,-0.173347
1789,58,Male,Christian,Separated,No,None,3,NA,,20260909002,-9.72278,-0.695072,-9.17955,-1.8131,-10.1912,-0.0838854,-0.012977,0.120395,-0.0782314,-0.313509,0.82189,0.300379,0.456074,0.633762,1.5667,1.60395,0.29812,1.09288,1.17031,1.90843,7.96136,-0.15156,-0.10159,-0.256389,-0.667667,-1.38854,-3.16395,-0.192581
1790,22,Male,Christian,Single,No,Had COVID,3,NA,,20260909002,-9.21283,-0.788634,-8.40498,-1.86058,-9.8427,-0.174464,-0.0348659,-0.0573896,-0.00837887,-0.0888292,1.20892,0.519224,0.397816,0.668947,1.87139,1.91727,0.444482,1.13785,1.15267,2.05814,7.28763,-0.193865,-0.176606,-0.198133,-0.604452,-1.38901,-3.11516,-0.211536
1791,37,Male,Christian,Single,No,None,3,NA,,20260909002,-8.17911,-0.758623,-7.654,-1.7893,-9.01264,-0.225997,-0.186061,-0.0356028,0.0573063,-0.225527,0.936227,0.439823,0.502663,0.417375,1.81797,1.66822,0.444757,1.28758,1.0826,2.07432,6.40544,-0.174607,-0.105582,-0.259907,-0.690355,-1.41654,-3.16111,-0.168149
1792,70,Male,Christian,Married,No,None,1,NA,,20260909002,-10.898,-1.02032,-10.2159,-1.89883,-11.498,-0.0086464,0.0604542,0.128511,0.0269925,0.00595784,1.16075,0.638746,0.623196,0.787831,1.91833,1.92541,0.553746,1.35493,1.23651,1.91941,8.83784,-0.223121,-0.142428,-0.222846,-0.654546,-1.39124,-3.10526,-0.185401
1793,57,Male,Christian,Divorced,No,Had COVID,1,3,Communitarianism,20260909002,-11.2836,-0.933798,-10.5585,-2.09591,-11.924,-0.259957,-0.137033,0.0671598,0.0991179,-0.208046,1.27931,0.63018,0.737787,1.16521,1.93106,1.79815,0.349527,1.10025,1.19399,1.68459,9.27321,-0.201252,-0.169473,-0.277732,-0.697687,-1.38905,-3.1129,-0.180943
1794,33,Female,Not answered,Married,Yes,Had COVID,2,NA,,20260909002,-10.4251,-0.698999,-9.90935,-1.9798,-10.902,-0.458972,-0.352895,-0.025509,-0.115031,-0.598588,1.1109,0.493527,0.5558,1.04088,1.71906,1.78655,0.3831,1.18431,1.37239,1.89849,8.66313,-0.164759,-0.101155,-0.248076,-0.672331,-1.44108,-3.18855,-0.206742
1795,66,Female,No religion,Widowed,No,None,2,NA,,20260909002,-10.5798,-0.934964,-10.0392,-1.91344,-11.5877,-0.221669,-0.0541871,-0.088014,0.00549308,-0.0901727,0.998423,0.533727,0.553398,0.738229,2.001,1.62749,0.518642,1.19266,1.2784,2.20363,8.83024,-0.141897,-0.150028,-0.25803,-0.645994,-1.40256,-3.14692,-0.184531
1796,35,Female,Christian,Married,No,Had COVID,3,NA,,20260909002,-11.2245,-0.975424,-10.5869,-1.79172,-11.8349,-0.286967,-0.19027,0.0589394,-0.0557643,-0.149812,1.30264,0.80205,0.638788,0.656909,1.96792,1.89169,0.610444,1.28513,1.19721,1.99688,9.30152,-0.178258,-0.154974,-0.243106,-0.628059,-1.38434,-3.08808,-0.202105
1797,37,Male,No religion,Married,Yes,None,3,NA,,20260909002,-9.8634,-0.806714,-9.30559,-1.91107,-10.6961,-0.267316,-0.0989999,0.0853926,0.0457372,-0.0997291,0.989567,0.49015,0.512402,0.847894,2.01959,1.72241,0.400868,1.15356,1.25002,1.97859,8.05445,-0.206444,-0.144452,-0.29708,-0.731627,-1.38929,-3.15832,-0.218044
1798,72,Female,Not answered,Divorced,No,Had COVID,4,NA,,20260909002,-9.65655,-0.760323,-9.04976,-1.89851,-10.2542,-0.251923,-0.187969,-0.0381342,0.0352214,-0.220333,0.985267,0.56174,0.509587,0.776742,1.72373,1.53852,0.182788,1.02585,1.13504,1.66134,7.89847,-0.190339,-0.130114,-0.211481,-0.654886,-1.41381,-3.15813,-0.181136
1799,55,Male,Not answered,Separated,Yes,None,1,NA,,20260909002,-10.0191,-1.04583,-9.49016,-2.03089,-10.8597,-0.0989542,0.0345905,0.114763,0.0553599,-0.00610426,0.899785,0.432008,0.62956,0.909494,1.94272,1.79148,0.640069,1.37605,1.33247,2.23572,8.0653,-0.158114,-0.117552,-0.22597,-0.647627,-1.40473,-3.05081,-0.14602299999999999
1800,43,Male,Christian,Married,No,Long COVID,1,NA,,20260909002,-10.1325,-0.914715,-9.64798,-2.19006,-10.8071,-0.170491,-0.125109,0.227571,0.226381,-0.253789,1.21605,0.696171,0.698262,1.03072,2.01703,1.78619,0.576919,1.30739,1.32575,2.03898,8.21206,-0.134672,-0.0667904,-0.230249,-0.632078,-1.40558,-3.14189,-0.213561
1801,36,Female,No religion,Single,Yes,Had COVID,4,NA,,20260909002,-12.8126,-0.866878,-12.3724,-1.8615,-13.8447,-0.274176,-0.0623152,-0.0431803,-0.06991,-0.0970787,0.945465,0.603039,0.61417,0.846375,2.15483,1.68285,0.513505,1.21373,1.22832,2.08626,11.1857,-0.155271,-0.0863684,-0.211415,-0.667215,-1.42535,-3.12387,-0.228283
1802,66,Male,Christian,Married,No,None,3,NA,,20260909002,-9.04854,-0.642367,-8.53001,-1.94929,-9.53066,-0.183834,-0.158159,0.106219,0.247156,-0.393768,1.08211,0.441386,0.51714,0.828934,1.83828,1.74646,0.211309,1.22852,1.26628,1.8224,7.28134,-0.203923,-0.131495,-0.27923,-0.668771,-1.38357,-3.11967,-0.225282
1803,79,Male,Christian,Married,No,None,1,3,Communitarianism,20260909002,-7.85701,-0.780881,-7.33549,-1.88647,-8.54121,-0.306976,-0.184786,0.0494113,-0.0236776,-0.136713,1.02364,0.433851,0.57474,0.753872,1.68303,1.85511,0.619613,1.27125,1.28825,1.98882,6.06513,-0.163455,-0.14675,-0.249071,-0.646964,-1.34533,-3.07499,-0.185743
1804,27,Female,Not answered,Married,No,Bereaved,3,NA,,20260909002,-9.47563,-0.727231,-8.88886,-1.75568,-10.1702,-0.442419,-0.277583,-0.068036,-0.151788,-0.256998,1.00367,0.420016,0.497972,0.691905,1.80945,1.80663,0.457865,1.27474,1.17649,1.94159,7.70091,-0.212768,-0.149083,-0.269784,-0.703102,-1.3902,-3.16726,-0.211911
1805,60,Male,Christian,Married,No,Long COVID,3,NA,,20260909002,-10.1052,-0.925499,-9.4948,-1.90075,-10.8973,-0.412422,-0.312062,0.0189443,-0.128854,-0.485403,1.1245,0.613672,0.501132,0.788488,2.08145,2.02766,0.728392,1.32934,1.49102,2.34935,8.2698,-0.18792,-0.154833,-0.247867,-0.711502,-1.39347,-3.15045,-0.211439
1806,79,Male,Christian,Married,No,Bereaved,4,NA,,20260909002,-9.24644,-0.640834,-8.77125,-1.87129,-10.0138,-0.306908,-0.134368,-0.0092394,-0.0151309,-0.254396,0.835298,0.278685,0.481754,0.648646,1.59439,1.62953,0.274863,1.18393,1.18299,2.00298,7.55958,-0.171323,-0.0892829,-0.25666,-0.670393,-1.37128,-3.1367,-0.193904
1807,59,Male,Muslim,Married,No,Had COVID,3,NA,,20260909002,-10.9194,-0.849405,-10.2782,-1.96607,-11.678,-0.269702,-0.164444,-0.0892963,-0.0530889,-0.242135,0.927994,0.415239,0.450334,0.696064,1.73676,1.91781,0.688677,1.28361,1.46051,2.20744,9.13584,-0.166908,-0.16251,-0.22746,-0.680368,-1.42537,-3.14395,-0.173507
1808,52,Male,Not answered,Divorced,No,Had COVID,4,NA,,20260909002,-9.71691,-0.882266,-8.95311,-1.9093,-10.3276,-0.353121,-0.142821,-0.0529052,0.0226249,-0.212578,1.15319,0.508577,0.393122,0.815626,1.77421,1.88374,0.53045,1.0922,1.32764,1.98697,7.87539,-0.166385,-0.0911373,-0.251559,-0.669291,-1.37162,-3.09436,-0.151738
1809,65,Female,Christian,Divorced,No,None,3,5,Institutional Trust and Technocratic Governance,20260909002,-8.59146,-1.10853,-7.91392,-2.17971,-9.0951,-0.126711,-0.0028748,0.056765500000000003,-0.0581923,-0.215577,1.28331,0.651314,0.545943,1.00487,1.92976,1.98112,0.655647,1.3615,1.45049,2.11047,6.45552,-0.126179,-0.111647,-0.26159,-0.628833,-1.41203,-3.11318,-0.159442
1810,43,Female,No religion,Married,Yes,Had COVID,2,NA,,20260909002,-10.9207,-0.853867,-10.2515,-1.87491,-11.68,-0.209169,-0.119728,-0.014903,-0.0116073,-0.238714,1.14398,0.58208,0.52921,0.790782,2.04065,1.87482,0.551254,1.19333,1.18805,2.11088,9.0585,-0.196296,-0.0897244,-0.19475,-0.625242,-1.39713,-3.13641,-0.229627
1811,54,Female,Christian,Separated,No,Had COVID,3,NA,,20260909002,-12.2077,-0.818417,-11.5704,-1.90328,-12.8306,-0.217219,-0.130781,0.0622056,0.018853,-0.181962,1.07746,0.418314,0.606609,0.711586,1.76814,1.69056,0.344396,1.15325,1.22763,1.90263,10.3538,-0.187217,-0.149343,-0.300694,-0.680772,-1.3935,-3.1105,-0.186284
1812,90,Female,Muslim,Married,No,None,1,NA,,20260909002,-10.8377,-1.04877,-10.0765,-2.15528,-11.6087,-0.154531,-0.0137825,0.119337,0.198828,-0.00300781,1.34908,0.729184,0.562071,0.950521,2.02771,1.8068,0.547598,1.27309,1.48071,2.04707,8.82081,-0.175078,-0.163748,-0.232791,-0.654505,-1.37679,-3.13437,-0.209335
1813,21,Male,Christian,Single,No,None,3,NA,,20260909002,-9.26602,-0.772481,-8.64876,-1.68509,-9.97083,-0.360075,-0.296975,-0.0994503,-0.234746,-0.396429,1.19963,0.626262,0.526159,0.647652,1.84953,1.89978,0.541148,1.23123,1.20998,1.97105,7.50673,-0.111821,-0.104721,-0.228806,-0.724265,-1.42909,-3.21287,-0.185291
1814,77,Male,Christian,Divorced,No,None,3,NA,,20260909002,-10.8835,-1.00863,-10.0085,-2.08646,-11.733,0.143966,0.158345,0.142767,0.336953,0.10938,0.988428,0.373733,0.410892,0.722272,1.89498,1.90543,0.577852,1.14465,1.29859,2.32009,8.8031,-0.155712,-0.0480591,-0.24391,-0.641752,-1.4078,-3.13851,-0.180891
1815,51,Male,No religion,Married,No,Long COVID,3,NA,,20260909002,-8.41115,-0.901386,-7.66817,-2.0636,-8.93149,-0.188734,0.00911289,0.152156,0.180457,-0.0856414,1.2215,0.51109,0.549881,1.05498,1.67806,2.1119,0.647102,1.30356,1.5417,2.08072,6.43239,-0.202983,-0.160229,-0.289596,-0.672383,-1.43265,-3.15256,-0.193449
1816,27,Female,Christian,Divorced,No,None,1,NA,,20260909002,-10.1508,-0.882506,-9.51972,-2.01143,-10.7156,-0.348705,-0.303227,-0.0416116,-0.166668,-0.398449,1.15437,0.513584,0.636986,0.842577,1.85559,1.86751,0.554667,1.27331,1.34787,2.17028,8.1907,-0.144836,-0.0808336,-0.307972,-0.678951,-1.41275,-3.1412,-0.167557
1817,25,Male,Christian,Single,Yes,None,4,NA,,20260909002,-7.55055,-0.775883,-6.79542,-1.87254,-7.99071,-0.0235656,-0.0260424,0.0691407,0.0479466,-0.190169,1.08376,0.394563,0.379539,0.727364,1.60419,1.80837,0.387611,1.08441,1.23484,1.82876,5.59856,-0.137277,-0.123984,-0.24058,-0.62046,-1.38556,-3.05366,-0.174807
1818,75,Male,Christian,Widowed,No,None,3,NA,,20260909002,-10.4088,-1.0946,-9.74445,-1.91756,-11.0481,-0.349772,-0.1847,-0.0848306,-0.0864253,-0.232189,1.34121,0.957981,0.795499,0.908933,2.18436,2.08922,0.801645,1.43939,1.53986,2.17191,8.41669,-0.190486,-0.125376,-0.314393,-0.694604,-1.4234,-3.0966,-0.217215
1819,61,Female,Christian,Married,No,None,1,NA,,20260909002,-10.1589,-0.758656,-9.60108,-1.70842,-10.9242,-0.0665133,-0.120339,-0.0403176,-0.0574235,-0.263043,0.761508,0.424998,0.446142,0.578679,1.757,1.47887,0.331197,1.01159,1.14865,1.90102,8.495,-0.151449,-0.106471,-0.231252,-0.667058,-1.41151,-3.1069,-0.218795
1820,24,Male,Christian,Single,No,Bereaved,4,NA,,20260909002,-9.25188,-0.734389,-8.79261,-1.89308,-10.0542,-0.267779,-0.114344,-0.0582246,-0.127899,-0.248942,0.708672,0.25591,0.461566,0.726529,1.5757,1.61475,0.343022,1.23586,1.16863,2.12745,7.54047,-0.160814,-0.132099,-0.304682,-0.756958,-1.45473,-3.24911,-0.16956
1821,24,Male,Christian,Single,No,Had COVID,1,NA,,20260909002,-9.26555,-1.13677,-8.76997,-2.0835,-10.0007,-0.318147,-0.0846004,0.0614502,0.0506434,-0.143227,1.28689,0.855733,0.737994,0.894377,2.0037,1.95997,0.750617,1.41083,1.3785,2.25907,7.28745,-0.172499,-0.0878292,-0.308516,-0.679502,-1.4335,-3.12613,-0.16538
1822,27,Male,Christian,Single,No,None,1,NA,,20260909002,-10.5366,-0.881839,-9.95902,-2.01369,-11.2421,-0.198776,-0.0294369,0.00921337,0.0429513,-0.0217768,0.973585,0.446393,0.577197,0.968702,1.65106,1.70239,0.416027,1.1909,1.32199,1.79737,8.72303,-0.155559,-0.130999,-0.268205,-0.677833,-1.37841,-3.12644,-0.174988
1823,77,Male,Christian,Widowed,No,Had COVID,3,NA,,20260909002,-11.0002,-0.82308,-10.4429,-2.03387,-11.5549,-0.174689,-0.112322,0.0553082,0.0455199,-0.145777,1.10029,0.614625,0.635407,0.967799,1.77736,1.88654,0.553337,1.326,1.41708,2.01207,9.12427,-0.175259,-0.0575578,-0.269595,-0.684058,-1.45567,-3.15912,-0.197609
1824,25,Male,No religion,Single,Yes,Bereaved,4,NA,,20260909002,-10.5037,-0.738941,-9.87504,-1.74119,-11.3866,-0.321012,-0.209876,-0.111964,-0.11848,-0.235145,1.06856,0.475311,0.521358,0.793781,1.89457,1.84387,0.510203,1.1514,1.15471,2.24838,8.79135,-0.178291,-0.119328,-0.230397,-0.636036,-1.37561,-3.11398,-0.207381
1825,46,Female,Christian,Single,No,Had COVID,1,NA,,20260909002,-9.78815,-0.625137,-9.24337,-1.63751,-10.4037,-0.269333,-0.143182,0.0241637,-0.0514128,-0.208039,0.511493,0.00632481,0.261448,0.283535,1.33015,1.54166,0.178041,0.947832,0.654369,1.68875,8.13116,-0.1588,-0.146371,-0.240633,-0.629333,-1.37353,-3.09419,-0.180125
1826,32,Male,Christian,Single,Yes,Had COVID,1,NA,,20260909002,-9.16966,-0.716917,-8.81955,-1.62993,-10.0066,-0.332266,-0.207435,5.39332e-5,-0.0277188,-0.233637,0.867216,0.43638,0.554727,0.648404,1.8462,1.45032,0.217929,1.19099,0.892474,1.9278,7.56359,-0.243982,-0.161306,-0.255588,-0.710508,-1.37899,-3.12292,-0.204611
1827,65,Female,Christian,Widowed,No,Had COVID,2,NA,,20260909002,-10.3986,-0.997506,-9.82328,-1.94218,-11.3463,-0.238547,-0.063192,-0.0245934,-0.0559885,-0.244454,0.892265,0.465272,0.564852,0.699284,2.1116,1.92043,0.65487,1.4053,1.55063,2.2498,8.55903,-0.121726,-0.0940369,-0.267788,-0.691737,-1.3746,-3.11866,-0.187747
1828,64,Male,No religion,Divorced,Yes,Had COVID,3,NA,,20260909002,-12.0654,-0.977996,-11.3517,-2.03082,-12.5323,-0.114781,-0.0270723,0.154961,0.121316,-0.159165,1.15339,0.440689,0.525149,0.719599,1.69041,1.9322,0.612908,1.31459,1.45654,2.17389,10.0587,-0.168806,-0.117643,-0.290417,-0.652753,-1.38483,-3.11282,-0.169924
1829,77,Female,No religion,Divorced,No,Had COVID,3,NA,,20260909002,-9.74746,-1.07044,-9.0957,-2.18637,-10.6073,-0.0132408,0.108058,0.198165,0.271752,-0.0747073,1.25343,0.715039,0.615747,0.761997,2.23092,1.90319,0.662432,1.32431,1.29893,2.29618,7.77095,-0.145448,-0.10677,-0.203502,-0.663094,-1.34351,-3.08413,-0.174678
1830,53,Male,No religion,Married,Yes,Had COVID,4,NA,,20260909002,-10.5015,-0.81488,-9.86726,-2.04261,-11.0879,-0.107547,-0.123414,0.0820384,0.189064,-0.225893,1.14112,0.582579,0.618948,0.905183,1.7713699999999999,1.68829,0.542507,1.24502,1.40531,2.07901,8.62113,-0.177974,-0.124578,-0.20253,-0.647771,-1.42558,-3.17035,-0.229519
1831,34,Female,Christian,Single,Yes,None,2,NA,,20260909002,-8.05512,-0.871455,-7.47803,-2.1109,-8.84228,-0.271042,-0.18419,-0.0380873,0.0941645,-0.209783,1.01117,0.569478,0.489965,0.742487,1.88264,1.79219,0.47851,1.24817,1.46424,1.96961,6.20471,-0.213713,-0.1144,-0.214899,-0.616959,-1.35291,-3.06718,-0.205048
1832,45,Female,Christian,Single,Yes,None,4,NA,,20260909002,-10.3602,-0.806377,-9.95452,-1.88428,-11.1895,-0.326078,-0.179828,-5.30271e-4,-0.0431072,-0.28546,0.802847,0.423129,0.49137,0.699335,1.68067,1.63697,0.506213,1.30278,1.18258,2.10279,8.71534,-0.167559,-0.0790413,-0.262285,-0.695572,-1.39654,-3.17105,-0.162142
1833,48,Female,Christian,Married,No,None,3,NA,,20260909002,-9.8968,-0.775588,-9.37203,-1.94216,-10.5677,-0.228186,-0.0684976,-0.0117054,0.0805604,-0.221552,0.849755,0.257812,0.358497,0.609734,1.58457,1.59897,0.318217,1.06228,1.17052,1.8471,8.17215,-0.173249,-0.0730058,-0.251058,-0.643687,-1.39213,-3.1208,-0.178545
1834,49,Male,Not answered,Single,No,Had COVID,3,NA,,20260909002,-8.9666,-0.754555,-8.51871,-1.86188,-9.73909,-0.283954,-0.136415,0.0182983,-0.0389077,-0.221949,1.01385,0.444099,0.455485,0.754575,1.57427,1.67185,0.528737,1.30748,1.3638,1.97185,7.34252,-0.151716,-0.0760979,-0.254386,-0.618986,-1.34824,-3.06687,-0.190376
1835,25,Female,No religion,Married,No,Had COVID,3,NA,,20260909002,-12.7701,-1.00571,-12.1582,-1.88913,-13.6863,-0.379301,-0.247704,-0.0420786,-0.304473,-0.235734,1.22173,0.65335,0.656385,0.983106,2.08666,1.83354,0.699276,1.2931,1.54972,2.3308,10.9476,-0.159422,-0.122867,-0.252435,-0.707379,-1.3653,-3.1114,-0.170638
1836,41,Female,Muslim,Married,No,Long COVID,1,NA,,20260909002,-12.3217,-0.94342,-11.5393,-1.94894,-12.957,-0.262298,-0.270179,-0.0307972,-0.249726,-0.267595,1.15958,0.622912,0.581312,0.94612,2.06991,1.9887,0.585343,1.27081,1.54072,2.26609,10.2988,-0.182689,-0.126898,-0.268791,-0.675,-1.41321,-3.16162,-0.214427
1837,77,Female,Christian,Married,Yes,Bereaved,4,NA,,20260909002,-10.2384,-1.02965,-9.70658,-1.9453,-11.0445,-0.0992938,0.0381464,0.0893542,-0.0732588,0.00910715,0.998202,0.599023,0.500828,0.743052,1.75928,1.73653,0.541779,1.23519,1.41738,1.97355,8.39518,-0.181358,-0.0759858,-0.186105,-0.635346,-1.41471,-3.14612,-0.194908
1838,50,Male,Not answered,Married,No,None,2,NA,,20260909002,-9.71691,-0.882266,-8.95311,-1.9093,-10.3276,-0.353121,-0.142821,-0.0529052,0.0226249,-0.212578,1.15319,0.508577,0.393122,0.815626,1.77421,1.88374,0.53045,1.0922,1.32764,1.98697,7.87539,-0.166385,-0.0911373,-0.251559,-0.669291,-1.37162,-3.09436,-0.151738
1839,63,Female,Muslim,Married,No,None,3,NA,,20260909002,-10.1326,-1.00685,-9.43468,-1.89779,-10.6032,-0.0403066,0.11262,0.126475,0.104475,-0.0473192,1.00464,0.377828,0.540418,0.624228,1.62628,1.80866,0.49962,1.20658,1.18416,2.03876,8.08258,-0.17112,-0.108209,-0.21341,-0.62379,-1.44482,-3.12173,-0.189887
1840,42,Male,No religion,Married,Yes,Had COVID,1,NA,,20260909002,-10.8724,-0.770513,-10.208,-1.86727,-11.465,-0.160698,-0.0756594,0.0200719,0.0180339,-0.229615,1.2034,0.446561,0.537945,0.864099,1.7072,1.79558,0.411119,1.25733,1.33455,2.05046,9.03836,-0.20545,-0.15395,-0.23304,-0.646296,-1.41048,-3.14295,-0.186557
1841,73,Female,Christian,Divorced,No,Bereaved,1,NA,,20260909002,-9.77451,-0.694246,-9.18682,-1.62836,-10.3699,-0.332303,-0.116577,-0.0312403,-0.0984714,-0.241837,1.0368,0.433403,0.490739,0.523897,1.6543,1.74143,0.336192,1.14577,1.11122,1.90576,8.05927,-0.213252,-0.135649,-0.217587,-0.667514,-1.39445,-3.12405,-0.220406
1842,53,Female,No religion,Married,Yes,Had COVID,3,5,Institutional Trust and Technocratic Governance,20260909002,-12.3543,-0.895361,-11.6908,-1.83293,-12.7926,-0.275378,-0.114251,0.0321196,-0.118492,-0.19973,1.16705,0.631203,0.539878,0.776295,1.77722,1.83459,0.476257,1.16517,1.16374,1.78235,10.485900000000001,-0.1879,-0.160936,-0.239684,-0.673524,-1.44427,-3.14016,-0.186143
1843,41,Female,No religion,Married,Yes,Had COVID,1,NA,,20260909002,-9.37743,-0.91796,-8.78445,-1.84997,-10.035,-0.171614,-0.110831,0.0354887,-0.0425554,-0.169047,0.917129,0.413038,0.525568,0.666959,1.64664,1.90285,0.615378,1.44657,1.29721,2.11041,7.42317,-0.149925,-0.0795447,-0.194308,-0.596285,-1.38045,-3.05712,-0.21272
1844,74,Male,Not answered,Married,No,None,4,NA,,20260909002,-11.5602,-0.804083,-11.0171,-1.78508,-12.0199,-0.254068,-0.168345,0.071921,-0.0705649,-0.271673,1.12442,0.42195,0.531544,0.663003,1.59034,1.8353,0.379484,1.29047,1.29157,1.67466,9.71817,-0.170412,-0.145252,-0.274769,-0.646538,-1.43045,-3.16215,-0.181487
1845,90,Female,Not answered,Widowed,No,Had COVID,2,NA,,20260909002,-9.02616,-0.741912,-8.44074,-1.86215,-9.54023,-0.274676,-0.23388,0.0652253,-0.0368775,-0.339521,1.13628,0.504457,0.568661,0.770603,1.79703,1.71864,0.433912,1.23663,1.28256,1.91504,7.16912,-0.187589,-0.144563,-0.299687,-0.661193,-1.38184,-3.11718,-0.207375
1846,18,Female,No religion,Single,No,None,3,NA,,20260909002,-10.4711,-0.856474,-9.92288,-2.09074,-11.1615,-0.232409,-0.134494,-0.0462447,0.00719327,-0.237591,0.864677,0.319896,0.531917,0.865942,1.63707,1.76466,0.454962,1.33697,1.44852,2.04523,8.60411,-0.178456,-0.129003,-0.263458,-0.648039,-1.42444,-3.16222,-0.198151
1847,81,Female,No religion,Married,No,None,4,NA,,20260909002,-9.82022,-0.822562,-9.26896,-2.1983,-10.328,-0.0551919,-0.0588426,0.0878465,0.103048,-0.124429,1.04405,0.439053,0.615534,0.886513,1.60643,1.76411,0.513571,1.26779,1.66667,2.0608,7.92801,-0.175306,-0.0755403,-0.25736,-0.634578,-1.42214,-3.14402,-0.219878
1848,22,Male,Muslim,Single,No,None,4,NA,,20260909002,-10.6843,-0.817971,-10.0825,-1.98662,-11.4545,-0.338274,-0.214329,-0.101066,-0.0804451,-0.134751,0.860136,0.242623,0.528812,0.566377,1.67334,1.81499,0.444608,1.32295,1.44096,2.17999,8.76373,-0.159639,-0.101704,-0.250195,-0.662185,-1.41629,-3.11986,-0.207253
1849,38,Female,Christian,Married,Yes,None,2,NA,,20260909002,-9.37743,-0.91796,-8.78445,-1.84997,-10.035,-0.171614,-0.110831,0.0354887,-0.0425554,-0.169047,0.917129,0.413038,0.525568,0.666959,1.64664,1.90285,0.615378,1.44657,1.29721,2.11041,7.42317,-0.149925,-0.0795447,-0.194308,-0.596285,-1.38045,-3.05712,-0.21272
1850,48,Male,No religion,Married,No,Bereaved,1,2,Libertarianism,20260909002,-9.87482,-0.738216,-9.41955,-1.76463,-10.6579,-0.16672,0.102956,0.0976469,0.0308097,-0.0233039,0.634834,0.0348212,0.407903,0.437415,1.47986,1.67953,0.342142,1.14792,1.22753,1.97359,8.20319,-0.195874,-0.0874285,-0.202512,-0.656336,-1.39587,-3.09046,-0.196552
1851,86,Female,Christian,Married,No,Had COVID,1,NA,,20260909002,-8.83095,-0.733663,-8.33677,-1.82054,-9.79625,-0.281403,-0.102489,0.0328098,-0.0277974,-0.178158,0.887455,0.386645,0.508139,0.838417,1.95042,1.82102,0.466855,1.20189,1.20886,2.16898,7.1294,-0.188588,-0.170533,-0.246237,-0.707266,-1.4199,-3.18462,-0.227779
1852,24,Male,Christian,Single,No,None,2,NA,,20260909002,-9.81084,-0.939472,-9.04895,-1.94756,-10.4634,-0.0919944,5.3044e-4,0.0435917,0.101445,-0.0711104,1.2889,0.629313,0.584844,0.975932,2.00687,1.88942,0.577115,1.21023,1.32422,2.17105,7.79493,-0.192294,-0.107691,-0.234713,-0.660565,-1.36622,-3.12794,-0.175971
1853,79,Male,Christian,Widowed,No,None,1,NA,,20260909002,-10.7744,-0.857239,-9.98334,-1.8314,-11.2621,-0.119879,-0.17624,-0.0225979,6.02244e-4,-0.298168,1.05058,0.456084,0.471095,0.630276,1.67652,1.89545,0.604776,1.25512,1.25779,2.11774,8.79512,-0.196739,-0.171727,-0.230929,-0.662659,-1.38882,-3.09845,-0.195365
1854,53,Male,No religion,Married,No,Bereaved,3,NA,,20260909002,-9.93681,-0.909413,-9.27383,-1.99095,-10.6328,-0.0750341,0.0263791,0.196563,0.131072,-0.13595,1.25684,0.639806,0.503928,0.880264,1.91066,1.8242,0.505611,1.23603,1.27528,2.09785,7.99996,-0.194431,-0.170413,-0.239144,-0.621155,-1.33784,-3.1144,-0.222518
1855,82,Male,Christian,Married,No,Had COVID,3,NA,,20260909002,-9.75247,-0.800189,-9.21849,-1.90146,-10.4932,-0.363871,-0.193772,0.05966,-0.0244389,-0.404868,1.18348,0.555757,0.599789,0.845784,2.04071,1.93347,0.567465,1.32899,1.32996,2.23533,7.90476,-0.168539,-0.128508,-0.228154,-0.684204,-1.4018,-3.20014,-0.202884
1856,29,Male,Christian,Single,No,Bereaved,4,NA,,20260909002,-11.1984,-0.849136,-10.5963,-1.75709,-12.0777,-0.0697712,0.0428048,0.0431701,0.0293956,-0.00449781,0.91754,0.442549,0.403185,0.626709,1.8388,1.77693,0.540998,1.25556,1.21509,2.17585,9.40795,-0.220832,-0.121816,-0.243012,-0.649693,-1.41371,-3.15611,-0.224698
1857,52,Male,Christian,Single,No,Had COVID,4,NA,,20260909002,-9.11063,-0.841331,-8.5944,-1.89059,-9.83393,-0.195605,-0.00907826,0.0414308,0.0677441,-0.0283317,1.08411,0.579325,0.631626,0.849006,1.74053,1.67505,0.384751,1.1605,1.28082,1.87155,7.3467,-0.196239,-0.159216,-0.254367,-0.65286,-1.352,-3.10015,-0.229338
1858,29,Male,No religion,Single,Yes,None,1,NA,,20260909002,-8.32383,-0.874977,-7.69076,-1.7846,-8.82238,-0.234416,-0.0531433,0.0205731,-0.14079,-0.186829,0.988931,0.478201,0.40281,0.811979,1.49239,1.75956,0.469597,1.21193,1.28816,1.71044,6.46531,-0.135184,-0.0997261,-0.252067,-0.66193,-1.43268,-3.15337,-0.176664
1859,78,Female,No religion,Married,No,Had COVID,4,1,Scientific Rationalism,20260909002,-9.75182,-0.735373,-9.28694,-1.61273,-10.4394,-0.435986,-0.204194,0.010211,-0.0911324,-0.352661,0.786404,0.244958,0.458573,0.507255,1.34946,1.58503,0.308648,1.22622,1.11177,1.76046,8.1386,-0.13073100000000001,-0.163856,-0.230945,-0.659832,-1.39824,-3.10632,-0.192592
1860,48,Female,Christian,Married,No,None,3,NA,,20260909002,-8.70631,-0.887003,-8.01651,-1.87015,-9.33397,-0.0140093,0.0838183,0.117568,0.0998024,0.0436892,0.855344,0.30125,0.494116,0.683027,1.52175,1.81845,0.495074,1.23485,1.35063,2.06929,6.75473,-0.172165,-0.0814894,-0.33224,-0.733605,-1.439,-3.17131,-0.194089
1861,63,Male,Christian,Single,No,Bereaved,4,NA,,20260909002,-10.2362,-0.887949,-9.53052,-1.7643,-10.9976,-0.13252,0.0453429,0.117015,-0.00473682,-0.059,1.05374,0.46757,0.491041,0.5647,1.93823,1.78948,0.483741,1.16181,1.17619,2.14586,8.31353,-0.19671,-0.14241,-0.284839,-0.678937,-1.4267,-3.12109,-0.165438
1862,89,Male,Christian,Married,No,None,1,NA,,20260909002,-9.91339,-0.737985,-9.35362,-1.65476,-10.8709,-0.583277,-0.338379,-0.117713,-0.121175,-0.25462,0.988945,0.569834,0.56065,0.673026,1.89017,1.87755,0.571905,1.26696,1.19169,2.26405,8.22322,-0.154067,-0.177357,-0.239192,-0.611239,-1.383,-3.18309,-0.224144
1863,43,Female,No religion,Divorced,Yes,Long COVID,2,NA,,20260909002,-9.50084,-1.02798,-8.83388,-1.886,-10.253,-0.0216355,0.0249177,0.177617,0.171442,-0.00564188,0.883494,0.469755,0.497146,0.728644,1.69368,1.75489,0.610341,1.16202,1.30054,2.0817,7.59006,-0.17015,-0.176363,-0.312937,-0.702444,-1.32989,-3.07554,-0.173206
1864,53,Male,Christian,Married,No,None,3,NA,,20260909002,-9.73153,-0.833637,-9.15203,-1.84671,-10.4699,-0.258538,-0.168134,-0.0309157,-0.126097,-0.224897,0.944121,0.435197,0.415668,0.737651,1.58329,1.62013,0.383554,1.20222,1.02644,1.82988,7.97778,-0.16907,-0.161526,-0.247228,-0.675315,-1.37891,-3.12009,-0.16
1865,49,Female,Christian,Married,No,Had COVID,1,NA,,20260909002,-10.3966,-0.68663,-9.73562,-1.67418,-11.0797,-0.332217,-0.218688,-0.0653132,-0.111441,-0.196754,1.24388,0.616536,0.493977,0.767315,1.77603,1.69593,0.232793,0.993216,1.00985,1.75213,8.67769,-0.141962,-0.124315,-0.267533,-0.659175,-1.39973,-3.14924,-0.201996
1866,52,Female,No religion,Married,No,Had COVID,2,2,Libertarianism,20260909002,-9.11422,-0.822341,-8.43539,-1.8147,-9.7103,-0.331628,-0.209384,-0.0117229,-0.100624,-0.38173,1.19998,0.588053,0.543313,0.902718,1.83323,2.01354,0.609304,1.23038,1.26629,2.24892,7.2378,-0.17995,-0.133469,-0.246114,-0.672643,-1.3866,-3.11824,-0.202422
1867,49,Female,Christian,Married,No,None,3,NA,,20260909002,-11.6925,-0.901512,-10.9668,-1.95303,-12.2614,-0.244913,-0.109018,-0.0423354,0.118712,-0.352267,1.1299,0.589998,0.572138,0.860339,1.96357,1.86687,0.547719,1.26536,1.34146,2.19234,9.75666,-0.231753,-0.200808,-0.275952,-0.698236,-1.38273,-3.13514,-0.216936
1868,77,Female,Christian,Divorced,No,Had COVID,4,NA,,20260909002,-10.6825,-0.861504,-10.2461,-1.89891,-11.2754,-0.258087,-0.10014,0.105289,0.0960907,-0.214643,0.790118,0.36278,0.420175,0.626393,1.55679,1.75083,0.495979,1.25794,1.33434,1.92837,8.93569,-0.190545,-0.136333,-0.238115,-0.630999,-1.43477,-3.12357,-0.206399
1869,23,Female,Christian,Single,No,Had COVID,3,NA,,20260909002,-9.45846,-1.02226,-8.70403,-1.90825,-10.1604,-0.116511,0.00776683,-0.0881583,-0.0563838,-0.214555,1.17001,0.535552,0.602459,0.812977,1.84217,1.81194,0.508102,1.2532,1.18093,2.05536,7.47128,-0.150135,-0.132442,-0.24239,-0.687534,-1.35507,-3.13417,-0.151584
1870,35,Female,Christian,Single,No,None,3,NA,,20260909002,-10.497,-0.977369,-9.78713,-1.74892,-11.1714,-0.0993067,0.0115864,0.0687362,0.0044881,-0.0589278,1.07344,0.415799,0.421282,0.598236,1.83083,1.69942,0.462124,1.17809,1.07359,2.06524,8.50729,-0.201253,-0.149388,-0.256153,-0.687198,-1.40787,-3.06359,-0.205673
1871,85,Male,Christian,Married,No,None,4,NA,,20260909002,-8.6478,-0.723378,-8.29997,-1.99263,-9.61141,-0.421684,-0.315578,-0.0347377,0.0368679,-0.372836,1.00457,0.516741,0.569147,0.790447,1.92709,1.5952,0.398249,1.19755,1.26509,2.17265,7.06336,-0.159233,-0.0953931,-0.295313,-0.724966,-1.37299,-3.13008,-0.221915
1872,43,Male,No religion,Single,Yes,None,3,NA,,20260909002,-9.70783,-0.90631,-9.15604,-1.96583,-10.4396,0.0694404,0.0432199,0.111031,-0.015277,-0.0478122,0.802763,0.485151,0.579507,0.921511,1.688,1.65453,0.437527,1.19726,1.29702,1.96253,7.88955,-0.148073,-0.143396,-0.241081,-0.66926,-1.37139,-3.09406,-0.183107
1873,66,Male,Christian,Married,No,None,1,NA,,20260909002,-8.53807,-0.745668,-7.89502,-1.79053,-9.16048,-0.283955,-0.157839,-0.0294814,-0.0307261,-0.182668,0.956779,0.320579,0.510559,0.610304,1.66681,1.73642,0.512904,1.18287,1.42301,2.00063,6.71829,-0.186654,-0.188299,-0.300758,-0.684932,-1.38002,-3.16459,-0.192247
1874,48,Female,Christian,Single,No,Had COVID,2,NA,,20260909002,-10.1693,-1.00531,-9.44424,-2.08191,-10.9586,-0.274116,-0.0638114,4.83349e-4,0.0374424,-0.19062,1.1685,0.658875,0.43763,0.797992,2.00831,1.69445,0.510118,1.11079,1.32617,2.07544,8.26365,-0.195813,-0.116698,-0.266832,-0.676113,-1.36859,-3.1099,-0.172879
1875,65,Female,Muslim,Widowed,No,Had COVID,4,NA,,20260909002,-9.17304,-0.907795,-8.50799,-1.8439,-10.0272,-0.357655,-0.181888,0.0236203,-0.202877,-0.181127,1.16081,0.729692,0.616076,0.896537,2.05255,1.92603,0.633768,1.23992,1.29068,2.28577,7.28495,-0.184118,-0.179302,-0.237092,-0.668114,-1.42399,-3.16475,-0.191438
1876,33,Male,No religion,Single,Yes,None,4,NA,,20260909002,-10.3763,-0.771406,-9.88813,-1.71432,-11.026,-0.206241,-0.126343,0.0810566,-0.0442619,-0.269046,0.79441,0.38403,0.530686,0.629299,1.72049,1.69447,0.312588,1.20199,0.948418,1.82638,8.63439,-0.150911,-0.0905952,-0.283268,-0.603116,-1.42061,-3.18032,-0.180735
1877,39,Female,No religion,Married,No,None,4,NA,,20260909002,-10.5735,-0.829362,-10.0407,-1.88206,-11.3086,-0.154719,-0.0537376,0.161398,0.0913116,-0.0324837,1.10598,0.488501,0.650547,0.921553,1.88523,1.76386,0.431477,1.23503,1.08229,1.81091,8.73307,-0.151934,-0.101436,-0.272556,-0.708707,-1.38443,-3.1421,-0.190917
1878,80,Female,Christian,Widowed,No,Bereaved,4,NA,,20260909002,-9.13069,-0.78041,-8.60661,-1.78518,-9.9572,-0.427961,-0.194358,0.0222848,-0.0827881,-0.310029,1.01337,0.441619,0.418273,0.71962,1.76149,1.74332,0.432561,1.20694,1.1664,1.93873,7.42229,-0.163986,-0.156619,-0.245651,-0.659495,-1.36161,-3.10428,-0.201995
1879,38,Male,Hindu,Married,No,Had COVID,4,NA,,20260909002,-10.2956,-0.893674,-9.55964,-1.91193,-10.8043,-0.211134,-0.122175,-0.00782513,-0.00104713,-0.364277,1.30377,0.696706,0.552152,0.71889,1.95012,1.88036,0.526769,1.21301,1.28652,1.91826,8.34693,-0.159877,-0.137012,-0.230958,-0.597044,-1.45828,-3.17241,-0.169335
1880,33,Male,Muslim,Single,Yes,Had COVID,4,NA,,20260909002,-9.97228,-0.75207,-9.36739,-1.72991,-10.7138,-0.251332,-0.0902202,0.0838783,-0.0246262,0.00998781,1.04804,0.600393,0.485269,0.621566,1.98201,1.72096,0.342017,1.06303,1.24892,1.82155,8.23524,-0.194289,-0.133393,-0.220315,-0.677264,-1.37125,-3.13087,-0.181994
1881,61,Male,Christian,Married,No,None,3,NA,,20260909002,-11.335,-0.776173,-10.7671,-2.0099,-12.1016,-0.114461,-0.157622,-5.98577e-4,-0.0424037,-0.169364,0.832501,0.282115,0.459418,0.696555,1.70943,1.62128,0.326274,1.111,1.23413,1.89557,9.5476,-0.16507,-0.0493788,-0.259366,-0.686928,-1.3596,-3.08595,-0.182191
1882,40,Male,No religion,Married,No,None,4,NA,,20260909002,-10.7844,-0.703703,-10.2539,-1.80765,-11.3157,-0.43716699999999997,-0.258147,0.0226693,-0.112518,-0.337401,0.900596,0.335838,0.436448,0.623101,1.4658,1.69739,0.355675,1.12091,1.27494,1.75699,9.1033,-0.174886,-0.0950334,-0.288309,-0.681945,-1.41831,-3.16796,-0.200929
1883,24,Female,Not answered,Single,No,None,3,NA,,20260909002,-9.63152,-0.797831,-9.07488,-1.9488,-10.137,-0.31824,-0.135138,0.0355555,0.141227,-0.178304,1.10722,0.447024,0.50125,0.69793,1.75216,1.71757,0.346838,1.15941,1.12128,1.80626,7.83228,-0.172196,-0.0763109,-0.238597,-0.618195,-1.397,-3.0786,-0.153434
1884,90,Female,No religion,Widowed,No,None,2,NA,,20260909002,-9.76208,-1.13033,-9.13123,-2.01545,-10.4667,-0.122285,-0.0594426,0.117747,0.0701568,-0.276206,1.19789,0.918616,0.652392,0.880466,2.35885,1.9473800000000001,0.809004,1.35464,1.38895,2.3395,7.70867,-0.168146,-0.0848012,-0.230348,-0.668316,-1.3918,-3.16101,-0.173995
1885,41,Female,No religion,Married,Yes,None,3,NA,,20260909002,-11.0042,-0.789338,-10.3385,-1.92967,-11.5733,-0.0368815,-0.0853242,0.0271744,0.0364087,-0.196468,1.10979,0.366687,0.560309,0.855492,1.81475,1.78486,0.421845,1.25024,1.36394,1.97985,9.06504,-0.201831,-0.172786,-0.262889,-0.672825,-1.41854,-3.13039,-0.167181
1886,78,Female,Christian,Widowed,No,None,3,NA,,20260909002,-9.68721,-0.876995,-9.01847,-1.88941,-10.5139,-0.285292,-0.173086,-0.0495153,-0.0849621,-0.33459,0.962409,0.425818,0.39018,0.921713,1.85001,1.91057,0.66228,1.20722,1.39982,2.31561,7.89844,-0.161168,-0.118852,-0.254542,-0.668475,-1.37809,-3.115,-0.18092
1887,29,Male,Christian,Single,No,None,4,NA,,20260909002,-10.5716,-1.00694,-9.85798,-2.02758,-11.393,0.102975,0.199953,0.0995656,0.264233,0.138855,0.846381,0.377418,0.432486,0.645176,1.84276,1.62972,0.442481,1.24953,1.34029,2.06862,8.5953,-0.147397,-0.0992092,-0.304112,-0.695483,-1.38361,-3.10006,-0.202305
1888,18,Male,Christian,Single,No,None,3,NA,,20260909002,-8.6183,-0.677933,-8.05626,-1.8849,-9.19841,-0.306967,-0.203278,0.00716574,0.0482141,-0.198321,0.975393,0.31129,0.439345,0.700188,1.49231,1.74997,0.342879,1.16105,1.19603,1.8181,6.82111,-0.13767,-0.0970119,-0.267127,-0.657945,-1.42201,-3.1344,-0.199094
1889,35,Male,Hindu,Married,No,Bereaved,4,5,Institutional Trust and Technocratic Governance,20260909002,-9.77756,-0.85109,-9.14813,-1.91327,-10.5356,-0.269276,-0.137128,0.00289096,0.0114209,-0.139473,0.880602,0.296106,0.363246,0.60724,1.73618,1.69062,0.385907,1.10314,1.25079,1.98463,7.93445,-0.212285,-0.142644,-0.291193,-0.683788,-1.44481,-3.1623,-0.194794
1890,34,Female,Christian,Married,Yes,None,1,4,Conspiracy Ideation,20260909002,-10.8782,-1.10458,-10.2009,-2.30043,-11.5063,-0.196625,-0.112889,0.0480371,0.188993,-0.341126,1.22264,0.743816,0.712125,1.11503,2.05021,2.00246,0.760097,1.38779,1.63975,2.36587,8.79796,-0.194127,-0.156029,-0.286932,-0.662574,-1.4208,-3.1501,-0.170831
1891,76,Male,Christian,Married,No,Had COVID,3,NA,,20260909002,-8.62063,-0.839916,-8.07346,-1.80238,-9.37835,-0.306928,-0.282981,0.023041,-0.0830241,-0.34054,1.00167,0.502266,0.519258,0.567044,1.87922,1.77235,0.591177,1.28743,1.19878,2.09045,6.82777,-0.152495,-0.117105,-0.24637,-0.670159,-1.37778,-3.07359,-0.209127
1892,76,Male,Christian,Widowed,No,Bereaved,3,NA,,20260909002,-9.49636,-0.922138,-8.93208,-1.82189,-9.92254,-0.258387,-0.106713,0.170726,0.030776,-0.357078,1.08546,0.538781,0.582181,0.66651,1.55089,1.91678,0.615867,1.23613,1.2377,1.96381,7.57779,-0.145802,-0.173183,-0.247865,-0.638382,-1.41562,-3.1358,-0.202704
1893,70,Female,No religion,Widowed,No,None,4,NA,,20260909002,-11.1571,-1.11793,-10.4853,-1.98335,-11.8608,-0.140316,-0.0509883,0.0835689,0.10672,-0.0974605,1.21262,0.671753,0.63027,0.743075,1.9572,1.98597,0.607691,1.34764,1.44781,1.92391,9.11683,-0.164531,-0.186633,-0.272846,-0.69023,-1.43238,-3.17733,-0.18851
1894,69,Female,Muslim,Widowed,No,None,2,NA,,20260909002,-8.82707,-0.700279,-8.38329,-2.01066,-9.8308700000000009,-0.205048,-0.0499944,0.0730301,0.166519,0.0375167,1.01126,0.444951,0.513642,0.908079,2.05019,1.51461,0.272143,1.13529,1.22962,1.93346,7.19826,-0.124229,-0.118191,-0.235752,-0.663,-1.4285,-3.20724,-0.179746
1895,20,Male,Christian,Single,No,Had COVID,1,NA,,20260909002,-11.6925,-0.901512,-10.9668,-1.95303,-12.2614,-0.244913,-0.109018,-0.0423354,0.118712,-0.352267,1.1299,0.589998,0.572138,0.860339,1.96357,1.86687,0.547719,1.26536,1.34146,2.19234,9.75666,-0.231753,-0.200808,-0.275952,-0.698236,-1.38273,-3.13514,-0.216936
1896,68,Male,No religion,Married,No,None,3,NA,,20260909002,-8.33571,-0.638887,-7.88544,-1.7849,-9.14581,-0.360569,-0.311612,-0.060591,-0.187096,-0.36214,0.973957,0.342108,0.50316,0.702512,1.7424,1.66624,0.463452,1.22673,1.28335,2.11585,6.65729,-0.167369,-0.108268,-0.291634,-0.758981,-1.42424,-3.18622,-0.184651
1897,56,Male,No religion,Married,No,None,2,NA,,20260909002,-9.04696,-0.719486,-8.72434,-1.89628,-9.81111,-0.175653,-0.011392,0.173255,0.0746607,-0.127633,0.956381,0.406683,0.678179,0.700219,1.83137,1.66673,0.263552,1.29887,1.115,1.98068,7.323,-0.159114,-0.136,-0.197596,-0.585187,-1.44446,-3.20395,-0.18162
1898,30,Male,Christian,Single,No,None,4,NA,,20260909002,-10.2707,-1.05347,-9.60552,-1.99382,-10.998,-0.142863,0.054878,0.077438,0.136325,-0.114679,0.991856,0.51884,0.498355,0.721468,1.81257,1.94452,0.628837,1.29441,1.38804,2.0928,8.31024,-0.11034,-0.0883291,-0.249356,-0.644323,-1.43161,-3.12943,-0.177211
1899,29,Female,Christian,Single,No,None,1,NA,,20260909002,-9.46033,-0.741001,-9.01892,-1.89546,-10.1394,-0.540963,-0.304694,0.00355177,-0.292786,-0.461385,0.853538,0.234116,0.390975,0.716792,1.64516,1.78727,0.444043,1.23658,1.38168,2.04891,7.72096,-0.132967,-0.0261859,-0.311203,-0.691575,-1.4269,-3.19005,-0.158479
1900,32,Female,Christian,Single,No,None,2,NA,,20260909002,-9.73307,-0.82285,-9.14771,-1.88249,-10.3987,-0.26215,-0.116456,0.0155301,-0.0336894,-0.18361,0.83613,0.200151,0.467233,0.715161,1.43332,1.89962,0.558334,1.24571,1.33462,2.15363,7.9018,-0.185339,-0.114784,-0.263045,-0.691414,-1.44443,-3.16421,-0.197497
1901,33,Female,No religion,Divorced,No,Had COVID,4,NA,,20260909002,-9.36102,-0.787435,-8.76645,-1.96565,-9.85635,-0.431429,-0.351866,-0.0886361,-0.197421,-0.332283,1.21582,0.6187,0.616899,1.02039,1.94448,1.88133,0.494285,1.30813,1.43412,1.99725,7.50592,-0.173003,-0.100225,-0.221585,-0.681213,-1.44334,-3.17294,-0.190477
1902,24,Female,Christian,Single,No,None,2,NA,,20260909002,-10.431,-0.964888,-9.62012,-1.80695,-10.9649,-0.146419,-0.0240562,0.0721458,-0.127843,-0.2153,1.09602,0.593182,0.480233,0.66939,1.9114,1.81196,0.501124,1.11857,1.21791,1.96953,8.45032,-0.176726,-0.0916703,-0.198993,-0.583295,-1.39487,-3.08058,-0.188533
1903,61,Female,Christian,Single,Yes,Bereaved,3,NA,,20260909002,-10.4706,-0.716745,-10.0706,-1.78729,-11.1277,-0.238564,-0.116591,0.108388,-0.0333024,-0.252421,0.917305,0.416794,0.523892,0.850057,1.66405,1.6584700000000001,0.433444,1.24018,1.25181,1.9306,8.82262,-0.198852,-0.128288,-0.226149,-0.635962,-1.38715,-3.11772,-0.210403
1904,59,Female,No religion,Single,No,None,4,NA,,20260909002,-9.89676,-0.962113,-9.30828,-1.92427,-10.757,-0.229837,-0.12471,-0.0126177,0.0422174,-0.159418,1.12688,0.691992,0.588496,0.845215,2.06615,1.72584,0.485781,1.19461,1.23817,2.1008,8.03152,-0.22878,-0.137277,-0.211371,-0.618496,-1.38175,-3.09163,-0.200733
1905,56,Female,Muslim,Married,No,Had COVID,2,NA,,20260909002,-8.59146,-1.10853,-7.91392,-2.17971,-9.0951,-0.126711,-0.0028748,0.056765500000000003,-0.0581923,-0.215577,1.28331,0.651314,0.545943,1.00487,1.92976,1.98112,0.655647,1.3615,1.45049,2.11047,6.45552,-0.126179,-0.111647,-0.26159,-0.628833,-1.41203,-3.11318,-0.159442
1906,49,Female,No religion,Divorced,No,Had COVID,2,NA,,20260909002,-9.33739,-0.854468,-8.7040400000000009,-1.87089,-9.99107,-0.0542669,0.0182971,0.0921081,-0.00511422,0.109632,1.05576,0.556618,0.498049,0.760635,1.60739,1.7246,0.518006,1.26356,1.35315,1.80016,7.4817,-0.126285,-0.0880488,-0.270259,-0.717625,-1.36872,-3.14199,-0.183756
1907,73,Male,Not answered,Divorced,No,Bereaved,3,NA,,20260909002,-10.5366,-0.881839,-9.95902,-2.01369,-11.2421,-0.198776,-0.0294369,0.00921337,0.0429513,-0.0217768,0.973585,0.446393,0.577197,0.968702,1.65106,1.70239,0.416027,1.1909,1.32199,1.79737,8.72303,-0.155559,-0.130999,-0.268205,-0.677833,-1.37841,-3.12644,-0.174988
1908,51,Female,Christian,Married,No,None,1,NA,,20260909002,-9.42996,-1.06683,-8.65028,-2.10384,-9.92932,0.0203316,0.0894672,0.125665,0.113448,-0.00589285,1.2387,0.542646,0.63959,1.00048,1.66766,2.00791,0.708035,1.41645,1.54174,2.1251,7.27592,-0.156973,-0.117978,-0.261476,-0.654031,-1.42746,-3.17102,-0.175566
1909,23,Male,Christian,Single,Yes,None,1,NA,,20260909002,-11.1145,-0.82255,-10.5209,-1.95349,-11.7431,-0.43227,-0.36696,-0.118215,-0.0501817,-0.453864,1.10625,0.549537,0.434804,0.594763,1.7608,1.69058,0.495966,1.25012,1.2971,1.82702,9.36066,-0.176181,-0.0518275,-0.244232,-0.64941,-1.36667,-3.08216,-0.158468
1910,38,Female,Christian,Divorced,Yes,Had COVID,4,NA,,20260909002,-11.5218,-0.744753,-10.908,-1.71656,-12.1552,-0.327474,-0.194471,0.00764048,-0.189409,-0.264465,0.848889,0.271237,0.434777,0.74731,1.61623,1.68008,0.354018,1.12322,1.21939,1.83478,9.82742,-0.184917,-0.182211,-0.280876,-0.684986,-1.384,-3.07593,-0.159922
1911,79,Female,Not answered,Married,No,Bereaved,1,NA,,20260909002,-9.89986,-0.937587,-9.25541,-2.10114,-10.4703,-0.219172,-0.0944623,0.0242792,-0.00600099,-0.378296,1.04618,0.521677,0.564774,0.802687,1.86661,1.89897,0.628111,1.36122,1.41361,2.21096,7.90515,-0.170694,-0.0613437,-0.260146,-0.631627,-1.44625,-3.18112,-0.194567
1912,64,Female,Christian,Single,No,None,2,NA,,20260909002,-11.295,-0.819409,-10.7195,-1.62253,-11.9854,-0.272853,-0.156931,0.120165,-0.203491,-0.0813169,0.973022,0.525686,0.396934,0.636356,1.78945,1.74052,0.495064,1.15128,1.11708,1.99865,9.58044,-0.204215,-0.158947,-0.209391,-0.650833,-1.33222,-3.05506,-0.180078
1913,40,Female,No religion,Married,Yes,Bereaved,4,NA,,20260909002,-9.76528,-0.928125,-9.05775,-2.0263,-10.3106,-0.25837,-0.0953708,0.0533987,0.161445,-0.0898453,1.10972,0.543036,0.560815,0.803126,1.94959,1.78697,0.468875,1.19358,1.11546,2.04185,7.7442,-0.188536,-0.103143,-0.274731,-0.654625,-1.38291,-3.12726,-0.166808
1914,62,Male,No religion,Single,No,None,4,NA,,20260909002,-9.9248,-0.866271,-9.51701,-1.84073,-10.7483,-0.441525,-0.222447,0.109586,0.0746492,-0.349982,1.14072,0.700556,0.679288,0.849476,2.05449,1.55369,0.45765,1.17703,1.10628,1.97867,8.19894,-0.177493,-0.130693,-0.247592,-0.676148,-1.42424,-3.14444,-0.193147
1915,22,Male,No religion,Single,No,Had COVID,3,NA,,20260909002,-10.0328,-0.737263,-9.5843,-1.8561,-10.8347,-0.33456,-0.250443,0.0183084,-0.0375197,-0.27491,0.886732,0.401149,0.556438,0.750798,1.6306,1.67757,0.529985,1.36124,1.33825,2.13507,8.36188,-0.196941,-0.178523,-0.249954,-0.711266,-1.40086,-3.15804,-0.196906
1916,88,Male,Muslim,Married,No,Bereaved,4,NA,,20260909002,-7.80509,-0.906252,-7.20468,-2.0807,-8.37347,-0.0172753,0.0300765,0.142302,0.196698,0.118389,1.11969,0.440933,0.619765,0.677077,1.67804,1.7792,0.337272,1.29474,1.3378,1.92395,5.73242,-0.190799,-0.087076,-0.224179,-0.599091,-1.3882,-3.0591,-0.202315
1917,33,Male,No religion,Married,Yes,Had COVID,1,NA,,20260909002,-10.8427,-0.764846,-10.386,-1.95322,-11.483,-0.296452,-0.145642,0.125821,0.0458048,-0.164929,0.866624,0.245805,0.448479,0.688631,1.56072,1.76608,0.390998,1.29033,1.3404,1.98685,9.04077,-0.193773,-0.129762,-0.223612,-0.683561,-1.4209,-3.14281,-0.204473
1918,52,Male,No religion,Married,No,None,3,NA,,20260909002,-9.98151,-0.676223,-9.59439,-1.73731,-10.568,-0.397709,-0.128238,0.00558484,-0.101248,-0.303633,0.699823,0.143851,0.4792,0.32594,1.26859,1.60467,0.297778,1.24458,1.1481,1.73363,8.37402,-0.16167,-0.125907,-0.31056,-0.668462,-1.40873,-3.1606,-0.160773
1919,57,Male,No religion,Divorced,No,Had COVID,4,NA,,20260909002,-10.1545,-0.86925,-9.4898,-1.92752,-10.8488,-0.302723,-0.0367055,0.0854899,0.0548002,-0.267693,1.03009,0.505043,0.382235,0.679493,1.88586,1.98244,0.596176,1.24271,1.34499,2.24267,8.3159,-0.197815,-0.112892,-0.251643,-0.643975,-1.3649,-3.11774,-0.190278
1920,39,Female,Christian,Married,No,Had COVID,2,1,Scientific Rationalism,20260909002,-12.415,-0.989879,-11.6862,-1.86955,-13.0978,-0.185046,-0.0578475,0.053298,-0.0493466,-0.1252,1.10116,0.612741,0.473325,0.76974,1.78112,1.92631,0.560398,1.22274,1.23942,2.08079,10.4958,-0.160623,-0.129868,-0.279239,-0.650023,-1.44158,-3.20779,-0.197542
1921,55,Female,Christian,Separated,No,None,2,NA,,20260909002,-9.83796,-0.875105,-9.3484,-1.7463,-10.691,-0.310676,-0.0976741,-0.0443487,-0.158398,-0.334913,1.12195,0.63495,0.534945,0.725319,2.15161,1.60831,0.452421,1.27444,1.09954,2.0629,8.12416,-0.218407,-0.181727,-0.240495,-0.655907,-1.34961,-3.07832,-0.230697
1922,58,Male,No religion,Married,No,None,3,NA,,20260909002,-9.88249,-0.772635,-9.31183,-1.72599,-10.464,-0.477458,-0.200688,-0.0462759,-0.253283,-0.334898,1.05064,0.452921,0.513211,0.830735,1.74901,1.89449,0.482815,1.24368,1.1787,1.99809,8.08759,-0.182758,-0.163316,-0.239362,-0.676553,-1.43534,-3.13245,-0.197673
1923,62,Female,No religion,Divorced,No,None,2,NA,,20260909002,-11.1864,-0.815632,-10.4884,-1.85833,-11.91,-0.0106605,0.110216,0.0784654,0.0898782,0.0746671,1.00496,0.38958,0.485827,0.726353,1.71112,1.67554,0.375685,1.13837,1.11773,1.97503,9.34463,-0.143544,-0.0917156,-0.254519,-0.685295,-1.3904,-3.16647,-0.195036
1924,35,Male,Hindu,Married,Yes,None,2,NA,,20260909002,-11.0282,-1.03223,-10.4346,-1.92958,-11.8615,-0.380254,-0.0896176,-0.0518928,-0.237307,-0.151835,0.940533,0.532835,0.505231,0.623543,1.72975,1.89184,0.57326,1.16155,1.21155,2.13346,9.14182,-0.147281,-0.0512268,-0.23658,-0.621192,-1.41079,-3.14165,-0.139194
1925,61,Male,No religion,Married,No,Had COVID,3,NA,,20260909002,-8.54986,-0.794938,-7.8481,-1.65135,-9.14764,-0.328233,-0.2152,-0.0254568,-0.256694,-0.28716,1.02869,0.393523,0.427135,0.622629,1.7364,1.84609,0.443945,1.18789,1.03544,1.86921,6.65098,-0.203921,-0.165781,-0.222204,-0.645861,-1.33852,-3.07594,-0.205972
1926,33,Male,Christian,Single,No,None,4,NA,,20260909002,-9.74746,-1.07044,-9.0957,-2.18637,-10.6073,-0.0132408,0.108058,0.198165,0.271752,-0.0747073,1.25343,0.715039,0.615747,0.761997,2.23092,1.90319,0.662432,1.32431,1.29893,2.29618,7.77095,-0.145448,-0.10677,-0.203502,-0.663094,-1.34351,-3.08413,-0.174678
1927,38,Male,Muslim,Married,No,Bereaved,3,NA,,20260909002,-12.2029,-1.05506,-11.3442,-1.91723,-12.902,-0.109984,-0.0369041,0.0934494,0.027526,-0.248403,0.950298,0.471692,0.404576,0.666436,2.01515,1.90239,0.629199,1.25885,1.332,2.31011,10.1354,-0.202482,-0.158368,-0.24739,-0.722915,-1.38842,-3.16413,-0.193945
1928,36,Female,No religion,Divorced,No,Had COVID,3,5,Institutional Trust and Technocratic Governance,20260909002,-10.188,-0.844172,-9.67168,-2.0317,-10.8167,-0.312057,-0.242099,-0.00809139,-0.0129588,-0.295196,0.931992,0.425958,0.501239,0.812207,1.7721,1.707,0.462244,1.25816,1.36638,1.8108,8.39087,-0.167442,-0.134387,-0.274759,-0.682159,-1.42539,-3.17153,-0.145494
1929,72,Female,Christian,Married,No,Had COVID,4,NA,,20260909002,-9.89688,-0.989848,-9.41193,-2.13835,-10.7854,-0.20086,-0.0454745,0.0932725,0.219702,-0.0447462,1.20335,0.681091,0.758487,0.862165,2.12298,1.986,0.789642,1.45419,1.4447,2.40341,7.96112,-0.190529,-0.110707,-0.19648,-0.68274,-1.38594,-3.14591,-0.236998
1930,69,Female,Christian,Divorced,No,None,3,NA,,20260909002,-9.34217,-0.875302,-9.01366,-1.93693,-10.1784,-0.18849,-0.0769769,0.13281,0.0670936,-0.314557,0.834249,0.540307,0.609222,0.776759,1.86274,1.57441,0.482532,1.24535,1.353,2.00527,7.62778,-0.195515,-0.126453,-0.207596,-0.679807,-1.33428,-3.06995,-0.204027
1931,82,Female,Muslim,Single,No,Had COVID,4,NA,,20260909002,-8.43736,-0.711005,-7.93193,-1.71092,-9.0172,-0.16764,-0.10306,0.0751692,-0.0400499,-0.105401,1.05111,0.399203,0.52988,0.57064,1.63359,1.68955,0.366825,1.23389,1.1991,1.7257,6.65211,-0.136098,-0.0896537,-0.235941,-0.612569,-1.39646,-3.09735,-0.187856
1932,61,Male,Not answered,Married,No,Bereaved,3,NA,,20260909002,-9.42845,-1.14415,-8.65751,-2.13595,-9.88685,-0.348091,-0.211758,-0.0675928,-0.0385604,-0.349556,1.45097,0.777803,0.698415,0.883259,1.91434,2.16561,0.792291,1.35654,1.51168,2.10686,7.24879,-0.200527,-0.1332,-0.243654,-0.696079,-1.38437,-3.06369,-0.152023
1933,40,Female,Christian,Married,Yes,None,1,NA,,20260909002,-10.3408,-0.882523,-9.78774,-2.01949,-11.12,-0.267305,-0.144998,0.00547811,0.103125,-0.217722,1.1603,0.619515,0.621739,0.820685,1.89987,1.87131,0.570874,1.2806,1.33566,2.17555,8.5325,-0.148809,-0.1457,-0.205467,-0.620987,-1.35433,-3.09582,-0.16204
1934,59,Female,No religion,Single,No,Bereaved,3,NA,,20260909002,-9.2792,-0.86733,-8.51389,-1.94965,-9.77931,-0.0442311,0.00618737,0.125709,0.133504,-0.047533,1.56126,0.723467,0.621927,0.997506,2.00993,2.02626,0.50862,1.26791,1.37974,1.99699,7.23329,-0.169736,-0.100646,-0.247565,-0.667367,-1.35002,-3.10199,-0.190281
1935,85,Male,Christian,Widowed,No,Had COVID,3,NA,,20260909002,-9.55885,-0.981661,-8.80077,-1.87545,-10.1002,-0.382426,-0.164959,-0.0743278,-0.340952,-0.159747,1.29255,0.71393,0.507849,0.891302,1.96897,1.98295,0.618076,1.23218,1.36299,1.9237,7.54472,-0.137235,-0.0819663,-0.297599,-0.67123,-1.43032,-3.12974,-0.181391
1936,42,Female,Christian,Divorced,Yes,Had COVID,1,NA,,20260909002,-11.6782,-0.901229,-11.0932,-2.07034,-12.0864,-0.144203,-0.0634527,0.157766,0.148931,-0.253951,1.02265,0.393326,0.519886,0.700534,1.55981,1.8072,0.534183,1.26128,1.41623,1.99212,9.75198,-0.183781,-0.132566,-0.25451,-0.617705,-1.42955,-3.16842,-0.17996
1937,78,Female,Christian,Widowed,Yes,Had COVID,2,NA,,20260909002,-9.17853,-0.875035,-8.60278,-1.92855,-9.69274,-0.124052,0.0377968,0.035513,0.156444,-0.0830673,0.958898,0.423841,0.45176,0.691077,1.40446,1.63607,0.394676,1.16527,1.11431,1.67035,7.3685600000000004,-0.144938,-0.115442,-0.26126,-0.648303,-1.36197,-3.10738,-0.197733
1938,39,Male,No religion,Married,No,Had COVID,1,NA,,20260909002,-12.1003,-0.85716,-11.4707,-2.14096,-12.6911,-0.45386,-0.248121,-0.070687,0.0601278,-0.332063,1.22355,0.508448,0.60475,0.880906,1.74314,1.88799,0.515076,1.24633,1.32457,2.10143,10.2336,-0.183083,-0.101292,-0.23104,-0.622642,-1.45441,-3.12733,-0.191392
1939,60,Female,No religion,Separated,No,Had COVID,2,NA,,20260909002,-10.552,-0.881089,-9.97929,-1.78004,-11.2245,-0.022228,0.0382518,0.117259,0.131983,-0.155918,0.849286,0.391135,0.507701,0.610675,1.70451,1.61345,0.385038,1.16562,1.04037,1.89202,8.7365,-0.215892,-0.156589,-0.254082,-0.653999,-1.37352,-3.06923,-0.183918
1940,67,Female,No religion,Separated,No,Had COVID,2,NA,,20260909002,-9.12394,-0.915945,-8.66681,-2.08238,-9.74763,-0.147297,-0.101819,0.139458,0.0778238,-0.244566,1.07457,0.683326,0.673463,0.953087,1.81651,1.70601,0.52279,1.31185,1.42126,1.8214,7.30662,-0.146082,-0.0833284,-0.272643,-0.661466,-1.37465,-3.13255,-0.161012
1941,48,Female,No religion,Married,No,Had COVID,3,NA,,20260909002,-11.5755,-1.0442,-10.8945,-2.00894,-12.2105,-0.333775,-0.145818,0.0125862,-0.202889,-0.271011,1.30367,0.757857,0.623008,0.953231,1.98625,2.05205,0.74311,1.30764,1.59542,2.29535,9.6282,-0.190481,-0.0931124,-0.234487,-0.661199,-1.39435,-3.09554,-0.22456
1942,31,Male,No religion,Married,No,Had COVID,3,NA,,20260909002,-7.02134,-0.738022,-6.47509,-1.71715,-7.59923,-0.385512,-0.19633,0.0152266,-0.144317,-0.301243,1.02124,0.494235,0.558848,0.637065,1.78694,1.90191,0.535207,1.33964,1.42059,1.99797,5.22311,-0.203101,-0.136431,-0.252526,-0.660666,-1.40732,-3.13348,-0.186739
1943,20,Female,No religion,Single,No,Had COVID,2,NA,,20260909002,-8.9661,-0.872298,-8.49911,-1.97817,-9.6729,-0.248693,-0.099613,0.0271999,0.165093,-0.247593,0.972653,0.613342,0.684986,0.807199,1.75254,1.75639,0.521793,1.31397,1.30371,2.03085,7.18786,-0.172556,-0.0800238,-0.247951,-0.65138,-1.38421,-3.11015,-0.19646
1944,56,Female,No religion,Married,No,Had COVID,4,NA,,20260909002,-8.57694,-0.606452,-8.23527,-1.65202,-9.23035,-0.261566,-0.0774692,0.00851624,-0.0223759,-0.147439,0.843154,0.30336,0.653483,0.64627,1.48128,1.45411,0.180672,1.26145,1.10993,1.64824,7.00986,-0.168429,-0.115272,-0.254581,-0.671424,-1.40162,-3.05618,-0.188939
1945,62,Male,No religion,Widowed,No,Had COVID,1,4,Conspiracy Ideation,20260909002,-10.8193,-0.899375,-10.0991,-2.00516,-11.5939,-0.116757,-0.00167813,0.146566,0.149136,0.0102627,1.20818,0.403196,0.440333,0.711754,1.89719,1.76476,0.36863,1.09225,1.15429,2.08184,8.81329,-0.189913,-0.116689,-0.225129,-0.6131,-1.42106,-3.16378,-0.177646
1946,77,Male,Christian,Divorced,No,Had COVID,4,NA,,20260909002,-9.11307,-1.08484,-8.35647,-2.06063,-9.74094,-0.172132,0.0891035,0.16553,0.0288254,0.0672887,1.33976,0.65919,0.660062,0.805622,1.97677,2.09297,0.573186,1.23553,1.38076,2.21297,6.95925,-0.210782,-0.125674,-0.276517,-0.684004,-1.38313,-3.09191,-0.18368
1947,32,Female,Christian,Single,No,None,3,NA,,20260909002,-9.86828,-0.91532,-9.35813,-1.93381,-10.8619,-0.559255,-0.327984,-0.0825888,-0.128868,-0.325751,1.1418,0.584031,0.596308,0.833768,2.04893,1.94147,0.620284,1.39199,1.25127,2.37683,8.03565,-0.134815,-0.0586637,-0.276519,-0.718991,-1.41164,-3.13278,-0.182768
1948,56,Male,No religion,Single,Yes,None,3,NA,,20260909002,-9.47056,-0.743,-8.79404,-1.76407,-9.86968,-0.112024,-0.0532209,0.119961,0.108518,-0.229728,0.994052,0.336011,0.390585,0.526125,1.42027,1.81072,0.46708,1.13386,1.17613,1.98363,7.61345,-0.244931,-0.159103,-0.284178,-0.672637,-1.39931,-3.09845,-0.215288
1949,74,Female,No religion,Married,No,Had COVID,4,NA,,20260909002,-8.83521,-0.949996,-8.19508,-1.87271,-9.58431,-0.0250539,-0.00936211,-0.00461872,0.11047,-0.0497761,1.13416,0.705309,0.734929,0.992201,1.87145,1.73689,0.561273,1.28211,1.30644,2.0115,6.92591,-0.17807,-0.137019,-0.274674,-0.683777,-1.37904,-3.08217,-0.187577
1950,59,Male,No religion,Married,No,None,2,NA,,20260909002,-8.91235,-1.07867,-8.29287,-1.89823,-9.55413,-0.305893,-0.0560212,0.0774835,0.0111042,-0.148625,1.14396,0.779692,0.656426,0.677368,1.93189,2.08975,0.927091,1.46392,1.51595,2.32503,6.94423,-0.154017,-0.140138,-0.279404,-0.653867,-1.44535,-3.19267,-0.16721
1951,50,Male,Hindu,Married,Yes,None,1,NA,,20260909002,-11.6685,-1.15849,-10.8355,-2.06426,-12.2008,-0.205389,-0.154652,0.0529155,0.0176322,-0.238455,1.1185,0.579758,0.485761,0.768749,1.95207,2.09972,0.813907,1.30501,1.39888,2.32036,9.46349,-0.15717,-0.0853259,-0.266359,-0.672617,-1.44519,-3.1563,-0.155406
1952,31,Female,No religion,Widowed,No,Had COVID,2,NA,,20260909002,-8.8904,-0.97997,-8.20888,-1.92062,-9.40969,-0.186928,-0.131265,0.00167578,-0.158097,-0.205621,1.2144,0.548652,0.565706,0.796451,1.76563,1.92332,0.580642,1.29311,1.26143,2.09897,6.79034,-0.193448,-0.0892063,-0.283227,-0.665649,-1.47594,-3.19852,-0.185625
1953,39,Male,No religion,Married,Yes,Bereaved,4,NA,,20260909002,-11.0002,-0.82308,-10.4429,-2.03387,-11.5549,-0.174689,-0.112322,0.0553082,0.0455199,-0.145777,1.10029,0.614625,0.635407,0.967799,1.77736,1.88654,0.553337,1.326,1.41708,2.01207,9.12427,-0.175259,-0.0575578,-0.269595,-0.684058,-1.45567,-3.15912,-0.197609
1954,28,Female,Christian,Married,No,Long COVID,3,NA,,20260909002,-11.5509,-0.944058,-10.9753,-1.95376,-12.2431,-0.337493,-0.212257,-0.0701389,-0.144423,-0.315853,1.13812,0.735288,0.65758,0.887566,1.92648,1.72794,0.516028,1.29913,1.39034,1.93514,9.73563,-0.175851,-0.142306,-0.23091,-0.657828,-1.36957,-3.12569,-0.186174
1955,52,Female,Hindu,Divorced,No,None,1,NA,,20260909002,-9.95591,-0.841235,-9.39323,-2.14427,-10.5265,-0.266821,-0.189471,0.0816575,0.00767936,-0.446663,1.0153,0.449279,0.495715,0.93855,1.76507,1.7438,0.368939,1.21783,1.4067,1.91688,8.0857,-0.129484,-0.0780307,-0.250758,-0.617559,-1.41198,-3.16659,-0.134217
1956,57,Male,Christian,Married,No,Had COVID,4,NA,,20260909002,-10.4706,-0.716745,-10.0706,-1.78729,-11.1277,-0.238564,-0.116591,0.108388,-0.0333024,-0.252421,0.917305,0.416794,0.523892,0.850057,1.66405,1.6584700000000001,0.433444,1.24018,1.25181,1.9306,8.82262,-0.198852,-0.128288,-0.226149,-0.635962,-1.38715,-3.11772,-0.210403
1957,85,Male,No religion,Divorced,No,Had COVID,1,NA,,20260909002,-11.1984,-0.849136,-10.5963,-1.75709,-12.0777,-0.0697712,0.0428048,0.0431701,0.0293956,-0.00449781,0.91754,0.442549,0.403185,0.626709,1.8388,1.77693,0.540998,1.25556,1.21509,2.17585,9.40795,-0.220832,-0.121816,-0.243012,-0.649693,-1.41371,-3.15611,-0.224698
1958,31,Male,No religion,Married,No,Had COVID,2,NA,,20260909002,-9.44749,-0.966605,-8.72868,-1.85186,-10.0127,-0.283068,-0.21597,-0.0785199,-0.204971,-0.320141,1.18648,0.618672,0.601082,0.75164,1.81927,1.88152,0.539351,1.23703,1.20854,1.92964,7.43621,-0.133106,-0.0767804,-0.300322,-0.635324,-1.44757,-3.11854,-0.15389
1959,65,Male,Christian,Married,Yes,Had COVID,4,NA,,20260909002,-9.70524,-0.963175,-9.18056,-2.04063,-10.6681,-0.21762599999999999,-0.0921178,0.122663,0.0217228,-0.0121866,1.06817,0.589023,0.58905,0.892691,2.04391,1.79969,0.594807,1.32377,1.43225,2.29367,7.79406,-0.188332,-0.12616,-0.247337,-0.647697,-1.34752,-3.07016,-0.172301
1960,48,Male,No religion,Married,No,Had COVID,1,NA,,20260909002,-8.6183,-0.677933,-8.05626,-1.8849,-9.19841,-0.306967,-0.203278,0.00716574,0.0482141,-0.198321,0.975393,0.31129,0.439345,0.700188,1.49231,1.74997,0.342879,1.16105,1.19603,1.8181,6.82111,-0.13767,-0.0970119,-0.267127,-0.657945,-1.42201,-3.1344,-0.199094
1961,70,Female,Christian,Widowed,No,None,3,NA,,20260909002,-11.7244,-1.00399,-11.1944,-2.17878,-12.4524,-0.246306,-0.136442,0.0521658,0.0249399,-0.271219,1.00873,0.591925,0.630745,0.990819,1.90574,1.91832,0.666765,1.31402,1.5398,2.11053,9.87025,-0.150048,-0.14075,-0.23666,-0.627014,-1.35571,-3.06425,-0.186997
1962,63,Female,Christian,Widowed,No,None,4,NA,,20260909002,-11.1057,-0.87766,-10.5129,-1.93472,-11.9992,-0.172084,-0.1055,0.0338254,0.0820591,-0.0831555,1.0334,0.539185,0.502681,0.782813,1.92284,1.62121,0.48254,1.21198,1.25869,2.21875,9.29136,-0.175387,-0.153758,-0.312054,-0.663782,-1.36492,-3.1104,-0.181577
1963,33,Male,No religion,Single,No,Bereaved,2,1,Scientific Rationalism,20260909002,-8.57694,-0.606452,-8.23527,-1.65202,-9.23035,-0.261566,-0.0774692,0.00851624,-0.0223759,-0.147439,0.843154,0.30336,0.653483,0.64627,1.48128,1.45411,0.180672,1.26145,1.10993,1.64824,7.00986,-0.168429,-0.115272,-0.254581,-0.671424,-1.40162,-3.05618,-0.188939
1964,55,Male,No religion,Single,No,None,2,NA,,20260909002,-9.77516,-0.79552,-9.13877,-1.9009,-10.3354,-0.145046,-0.0382628,0.074297,0.170949,-0.185208,0.953779,0.453155,0.486588,0.524146,1.71334,1.74848,0.332968,1.15183,1.14331,1.76135,7.93952,-0.153711,-0.0955838,-0.253062,-0.627957,-1.41312,-3.13052,-0.183856
1965,22,Female,Christian,Single,No,Had COVID,3,NA,,20260909002,-8.62894,-0.734595,-8.21605,-1.68336,-9.56116,-0.211693,-0.0627787,-8.04333e-4,-0.0492965,-0.159581,0.765631,0.287234,0.586644,0.784909,1.67122,1.53071,0.332102,1.18602,1.0717,2.07316,7.0259,-0.162771,-0.112329,-0.237742,-0.729353,-1.33311,-3.08667,-0.200067
1966,90,Female,Christian,Married,No,Had COVID,1,NA,,20260909002,-9.11026,-0.686215,-8.36449,-1.71266,-9.6731,-0.147619,-0.130318,-0.00175591,-0.0252596,-0.0421544,0.994443,0.312821,0.345792,0.606806,1.44511,1.82439,0.346112,1.04037,1.07817,1.82894,7.26837,-0.18046,-0.179419,-0.237708,-0.64459,-1.36998,-3.10075,-0.142145
1967,34,Male,Not answered,Widowed,No,Had COVID,1,NA,,20260909002,-11.0638,-0.921479,-10.3592,-1.99059,-11.9737,-0.248519,-0.137471,0.0646067,-0.0966598,-0.144375,1.00966,0.393747,0.367503,0.78827,1.95907,1.87776,0.558564,1.2584,1.4568,2.33834,9.13008,-0.186485,-0.12128,-0.187889,-0.692957,-1.36881,-3.06827,-0.154584
1968,78,Female,No religion,Married,No,Bereaved,3,NA,,20260909002,-10.8285,-0.929321,-10.1632,-2.1033,-11.4467,-0.13518,-0.0267767,0.0381161,0.0650811,-0.147022,1.29222,0.711584,0.584065,1.0521,1.96616,1.81241,0.4812,1.28258,1.3218,2.00649,8.92814,-0.148,-0.111084,-0.248045,-0.638821,-1.36008,-3.09569,-0.171406
1969,43,Male,Christian,Single,No,Had COVID,2,NA,,20260909002,-8.96274,-0.893879,-8.36198,-1.75768,-9.61288,-0.194518,-0.0223094,0.086393,-0.0659308,0.0042847,1.07758,0.479412,0.509105,0.626633,1.59822,1.67593,0.421609,1.1791,1.07675,1.87258,7.10726,-0.206714,-0.149661,-0.248011,-0.630895,-1.40126,-3.10536,-0.169501
1970,43,Female,Christian,Married,Yes,Bereaved,2,NA,,20260909002,-11.335,-0.776173,-10.7671,-2.0099,-12.1016,-0.114461,-0.157622,-5.98577e-4,-0.0424037,-0.169364,0.832501,0.282115,0.459418,0.696555,1.70943,1.62128,0.326274,1.111,1.23413,1.89557,9.5476,-0.16507,-0.0493788,-0.259366,-0.686928,-1.3596,-3.08595,-0.182191
1971,75,Female,No religion,Married,No,None,3,NA,,20260909002,-11.3898,-1.03188,-10.7386,-2.25493,-12.0364,-0.154814,-0.101242,0.0274141,0.0653111,-0.209007,0.95245899999999994,0.460619,0.622411,0.966274,1.71461,1.9056,0.609,1.30774,1.46761,2.19037,9.3358,-0.209117,-0.130264,-0.252696,-0.646665,-1.39031,-3.12574,-0.196915
1972,28,Female,No religion,Divorced,No,Had COVID,1,NA,,20260909002,-10.7452,-0.882361,-10.2121,-1.95514,-11.3555,-0.101342,-0.0593296,0.202616,0.082024,-0.198885,0.914848,0.355391,0.446714,0.602876,1.63713,1.62219,0.299634,1.24918,1.26858,1.81208,8.85498,-0.162813,-0.0563261,-0.315142,-0.720362,-1.40271,-3.14249,-0.164392
1973,48,Male,No religion,Separated,No,None,4,NA,,20260909002,-10.4711,-0.856474,-9.92288,-2.09074,-11.1615,-0.232409,-0.134494,-0.0462447,0.00719327,-0.237591,0.864677,0.319896,0.531917,0.865942,1.63707,1.76466,0.454962,1.33697,1.44852,2.04523,8.60411,-0.178456,-0.129003,-0.263458,-0.648039,-1.42444,-3.16222,-0.198151
1974,37,Female,Christian,Married,Yes,Had COVID,3,NA,,20260909002,-9.75247,-0.800189,-9.21849,-1.90146,-10.4932,-0.363871,-0.193772,0.05966,-0.0244389,-0.404868,1.18348,0.555757,0.599789,0.845784,2.04071,1.93347,0.567465,1.32899,1.32996,2.23533,7.90476,-0.168539,-0.128508,-0.228154,-0.684204,-1.4018,-3.20014,-0.202884
1975,85,Female,No religion,Married,No,Had COVID,3,NA,,20260909002,-10.4251,-0.698999,-9.90935,-1.9798,-10.902,-0.458972,-0.352895,-0.025509,-0.115031,-0.598588,1.1109,0.493527,0.5558,1.04088,1.71906,1.78655,0.3831,1.18431,1.37239,1.89849,8.66313,-0.164759,-0.101155,-0.248076,-0.672331,-1.44108,-3.18855,-0.206742
1976,42,Female,Christian,Married,No,Had COVID,3,NA,,20260909002,-8.38699,-0.792352,-7.81663,-1.78836,-9.11407,-0.342595,-0.258469,0.031355,-0.0268984,-0.348873,1.02938,0.579987,0.520622,0.762467,1.81137,1.85686,0.586528,1.30823,1.27022,2.18468,6.57337,-0.199277,-0.0738863,-0.210203,-0.640459,-1.40313,-3.10835,-0.205112
1977,71,Male,No religion,Married,No,Had COVID,3,NA,,20260909002,-10.0002,-0.930071,-9.34047,-2.00537,-10.7959,-0.348741,-0.278349,-0.0679099,-0.0284645,-0.308627,0.977847,0.53872,0.464554,0.769335,1.82852,1.83965,0.638123,1.3003,1.48088,2.28482,8.11019,-0.208883,-0.17417,-0.239681,-0.677034,-1.39235,-3.11737,-0.186084
1978,25,Female,Not answered,Single,No,Bereaved,3,NA,,20260909002,-10.381,-0.717968,-9.6868,-1.85592,-10.9253,-0.257193,-0.090371,-0.0154137,-0.00757012,-0.139691,0.915501,0.241498,0.331184,0.610118,1.54396,1.91745,0.495531,1.23111,1.31051,2.01426,8.56273,-0.175637,-0.12325,-0.270189,-0.681826,-1.45472,-3.15758,-0.207446
1979,20,Male,Christian,Widowed,Yes,Had COVID,2,NA,,20260909002,-7.678,-1.05795,-6.99225,-2.03668,-8.34811,-0.361968,-0.198356,0.0824702,-0.0475645,-0.25805,1.40542,0.755064,0.688831,0.926089,2.0717,2.21403,0.814083,1.39522,1.53231,2.34605,5.53447,-0.17729,-0.122194,-0.278112,-0.655278,-1.38151,-3.07244,-0.170656
1980,30,Male,Muslim,Married,Yes,None,2,NA,,20260909002,-9.33407,-0.795425,-8.92425,-1.91666,-10.0998,-0.274555,-0.140258,0.068141,0.0175475,-0.295762,0.738408,0.228929,0.335561,0.39928,1.72648,1.56081,0.350758,1.12315,1.25333,2.03248,7.59385,-0.183178,-0.115729,-0.297686,-0.671809,-1.45771,-3.20918,-0.149176
1981,30,Male,No religion,Single,Yes,Had COVID,4,3,Communitarianism,20260909002,-9.38272,-0.831497,-8.80067,-1.86875,-10.1344,-0.113432,-0.0463535,0.0474933,0.0191235,-0.361662,1.10383,0.593696,0.562976,0.841528,1.94485,1.5825,0.373872,1.13747,1.26964,1.94433,7.57385,-0.182331,-0.125215,-0.242642,-0.67429,-1.44441,-3.15468,-0.167404
1982,30,Male,No religion,Married,No,None,1,NA,,20260909002,-8.99128,-0.710831,-8.35399,-1.67065,-9.65988,-0.105799,-0.0997696,0.0232164,-3.78708e-4,-0.151647,0.819875,0.33863,0.470363,0.652177,1.75834,1.76265,0.38637,1.06977,1.11176,1.99606,7.20215,-0.199558,-0.146084,-0.252978,-0.693525,-1.43527,-3.15534,-0.197166
1983,90,Female,Christian,Widowed,No,None,1,NA,,20260909002,-10.7593,-0.570507,-10.3037,-1.73669,-11.4101,-0.514469,-0.357,-0.0761132,-0.0633952,-0.393031,0.796181,0.31813,0.458996,0.64485,1.58994,1.43199,0.140225,1.03188,1.03533,1.6325,9.21399,-0.20856,-0.193868,-0.261726,-0.670322,-1.38385,-3.12313,-0.201317
1984,31,Male,No religion,Married,Yes,None,1,NA,,20260909002,-10.4836,-0.693942,-9.90915,-1.7382,-11.2696,-0.257664,-0.171156,-0.111853,-0.296762,-0.241427,0.95465,0.438006,0.4673,0.861318,1.63911,1.68974,0.454868,1.16797,1.32093,1.97326,8.8221,-0.174057,-0.085048,-0.240741,-0.70563,-1.37849,-3.15525,-0.210352
1985,37,Female,Christian,Married,Yes,Had COVID,2,NA,,20260909002,-10.931,-0.900798,-10.3408,-1.9802,-11.507,-0.167074,0.121141,0.0925214,0.135943,0.0339175,1.10269,0.381933,0.601,0.833368,1.64816,1.83758,0.498036,1.27632,1.32487,1.81649,9.0625,-0.186972,-0.131119,-0.233989,-0.678541,-1.37746,-3.04796,-0.203248
1986,46,Male,No religion,Separated,No,None,4,NA,,20260909002,-10.1013,-0.888513,-9.35497,-1.8085,-10.7223,-0.259349,-0.144404,0.0904748,-0.0428423,-0.233533,1.23695,0.664136,0.523439,0.861516,1.84971,2.03057,0.634231,1.18966,1.31733,2.10657,8.15688,-0.167981,-0.185902,-0.231985,-0.644997,-1.42939,-3.1603,-0.194291
1987,62,Male,No religion,Divorced,No,Bereaved,2,NA,,20260909002,-9.75512,-0.926974,-9.20396,-1.82895,-10.5366,-0.197939,-0.047678,0.132237,-0.00730364,-0.113356,1.13879,0.524348,0.655599,0.570741,1.87333,1.98385,0.624279,1.374,1.36197,2.28765,7.83525,-0.190293,-0.108836,-0.258523,-0.668431,-1.39094,-3.12978,-0.171732
1988,40,Male,Hindu,Married,Yes,Bereaved,3,NA,,20260909002,-11.4643,-0.791874,-10.7657,-1.84736,-11.9701,-0.314968,-0.26407,0.0368715,-0.105987,-0.344939,1.21291,0.505023,0.456118,0.880007,1.64264,1.89947,0.523255,1.23328,1.24092,2.00544,9.56396,-0.193165,-0.133919,-0.267692,-0.669594,-1.37858,-3.11301,-0.216713
1989,82,Female,No religion,Widowed,Yes,None,2,NA,,20260909002,-9.62811,-0.807467,-9.08544,-1.9405,-10.3348,-0.403792,-0.245272,-0.0410587,-0.259735,-0.473313,1.31869,0.704987,0.638447,1.0502,2.00555,2.00169,0.624651,1.32237,1.61939,2.21202,7.84073,-0.130662,-0.108893,-0.233639,-0.661178,-1.37287,-3.19616,-0.203796
1990,46,Female,Not answered,Separated,No,None,2,NA,,20260909002,-9.57502,-0.661106,-9.23431,-1.8154,-10.2134,-0.507859,-0.280897,-0.033238,-0.110638,-0.542533,0.921112,0.49076,0.586118,0.708111,1.7467,1.49579,0.245571,1.12266,1.18597,1.75571,8.02103,-0.179706,-0.0710394,-0.22751,-0.65106,-1.43009,-3.11659,-0.209958
1991,24,Female,Muslim,Single,Yes,Bereaved,2,NA,,20260909002,-11.3082,-1.15805,-10.6093,-2.03941,-11.8955,-0.0581846,0.0456211,0.133151,0.0880375,-0.114392,1.17858,0.686898,0.658305,0.820625,2.10928,1.99275,0.643556,1.353,1.36954,2.13101,9.19927,-0.1804,-0.159029,-0.233826,-0.63059,-1.38485,-3.1055,-0.182813
1992,57,Female,Muslim,Separated,No,Bereaved,4,NA,,20260909002,-11.0589,-0.897384,-10.5248,-1.95264,-11.7642,-0.151546,-0.0372836,0.0699181,0.0543481,-0.326327,0.825738,0.329741,0.373241,0.470327,1.70862,1.7133100000000001,0.463153,1.11238,1.19883,2.10508,9.29501,-0.157682,-0.0863901,-0.260257,-0.650353,-1.42095,-3.13946,-0.143429
1993,64,Female,Christian,Married,No,None,4,NA,,20260909002,-7.5315,-0.891211,-6.85711,-1.78059,-8.19423,-0.284801,-0.194547,-0.0138527,-0.0996541,-0.355445,1.09528,0.539323,0.556711,0.727581,1.79426,1.80852,0.63614,1.26801,1.18129,2.21317,5.61344,-0.204056,-0.105139,-0.29218,-0.729232,-1.35945,-3.09724,-0.194602
1994,22,Male,Christian,Single,No,Bereaved,1,NA,,20260909002,-8.96348,-1.04558,-8.29966,-1.89175,-9.56055,-0.077293,-0.0635141,0.196998,-0.00651457,-0.192627,1.36535,0.769064,0.623564,0.8076,2.01503,2.00012,0.694926,1.31831,1.46682,2.27357,6.90426,-0.160907,-0.180708,-0.264939,-0.713008,-1.36584,-3.10449,-0.143473
1995,87,Male,Christian,Single,No,None,3,NA,,20260909002,-12.1031,-0.918995,-11.3787,-1.97735,-12.8648,-0.294324,-0.24995,-0.0418384,-0.053873,-0.219826,1.26918,0.568207,0.469704,0.78683,1.87789,1.88594,0.520816,1.26976,1.28808,2.02769,10.194,-0.141919,-0.0620339,-0.209136,-0.617051,-1.3836,-3.14429,-0.16479
1996,46,Female,Christian,Divorced,No,Bereaved,3,NA,,20260909002,-9.82589,-0.874758,-9.12395,-1.88968,-10.5563,-0.190931,-0.117045,0.0252385,-0.149921,-0.220438,0.914736,0.376801,0.512946,0.63176,1.79416,1.85101,0.525348,1.28033,1.35058,2.05303,7.89658,-0.16603,-0.101088,-0.268416,-0.648613,-1.40443,-3.15694,-0.131273
1997,26,Male,Muslim,Single,Yes,Had COVID,4,NA,,20260909002,-12.3217,-0.94342,-11.5393,-1.94894,-12.957,-0.262298,-0.270179,-0.0307972,-0.249726,-0.267595,1.15958,0.622912,0.581312,0.94612,2.06991,1.9887,0.585343,1.27081,1.54072,2.26609,10.2988,-0.182689,-0.126898,-0.268791,-0.675,-1.41321,-3.16162,-0.214427
1998,77,Male,Christian,Single,No,Had COVID,2,NA,,20260909002,-9.28161,-1.05232,-8.53688,-2.25129,-10.0653,0.00337082,-0.0584838,0.142191,0.202535,-0.171753,1.12297,0.711368,0.583474,1.00484,2.14521,2.16765,0.885223,1.32472,1.64477,2.50211,7.23729,-0.150812,-0.0509062,-0.239201,-0.637289,-1.35659,-3.0823,-0.137001
1999,42,Male,Christian,Separated,Yes,Had COVID,3,NA,,20260909002,-10.8427,-0.764846,-10.386,-1.95322,-11.483,-0.296452,-0.145642,0.125821,0.0458048,-0.164929,0.866624,0.245805,0.448479,0.688631,1.56072,1.76608,0.390998,1.29033,1.3404,1.98685,9.04077,-0.193773,-0.129762,-0.223612,-0.683561,-1.4209,-3.14281,-0.204473
2000,20,Male,No religion,Single,No,None,2,NA,,20260909002,-10.5015,-0.81488,-9.86726,-2.04261,-11.0879,-0.107547,-0.123414,0.0820384,0.189064,-0.225893,1.14112,0.582579,0.618948,0.905183,1.7713699999999999,1.68829,0.542507,1.24502,1.40531,2.07901,8.62113,-0.177974,-0.124578,-0.20253,-0.647771,-1.42558,-3.17035,-0.229519
