respondent_id,block,set,choice,seed
1,2,set1,alt2,20260909002
1,2,set2,alt1,20260909002
1,2,set7,alt1,20260909002
1,2,set8,alt1,20260909002
1,2,set10,alt2,20260909002
1,2,set13,alt1,20260909002
1,2,set36,alt2,20260909002
1,2,set38,alt2,20260909002
1,2,set40,alt2,20260909002
1,2,set44,alt1,20260909002
1,2,set45,alt2,20260909002
1,2,set46,alt1,20260909002
2,2,set1,alt2,20260909003
2,2,set2,alt1,20260909003
2,2,set7,alt1,20260909003
2,2,set8,alt1,20260909003
2,2,set10,alt1,20260909003
2,2,set13,alt1,20260909003
2,2,set36,alt2,20260909003
2,2,set38,alt2,20260909003
2,2,set40,alt2,20260909003
2,2,set44,alt1,20260909003
2,2,set45,alt2,20260909003
2,2,set46,alt1,20260909003
3,3,set3,alt2,20260909004
3,3,set4,alt2,20260909004
3,3,set12,alt1,20260909004
3,3,set22,alt2,20260909004
3,3,set24,alt1,20260909004
3,3,set25,alt1,20260909004
3,3,set28,alt1,20260909004
3,3,set29,alt1,20260909004
3,3,set30,alt2,20260909004
3,3,set31,alt2,20260909004
3,3,set39,alt2,20260909004
3,3,set47,alt2,20260909004
4,1,set5,alt1,20260909005
4,1,set6,alt2,20260909005
4,1,set9,alt1,20260909005
4,1,set11,alt2,20260909005
4,1,set18,alt1,20260909005
4,1,set19,alt2,20260909005
4,1,set33,alt1,20260909005
4,1,set35,alt2,20260909005
4,1,set37,alt1,20260909005
4,1,set41,alt1,20260909005
4,1,set42,alt1,20260909005
4,1,set48,alt2,20260909005
5,1,set5,alt2,20260909006
5,1,set6,alt1,20260909006
5,1,set9,alt2,20260909006
5,1,set11,alt2,20260909006
5,1,set18,alt2,20260909006
5,1,set19,alt2,20260909006
5,1,set33,alt1,20260909006
5,1,set35,alt2,20260909006
5,1,set37,alt1,20260909006
5,1,set41,alt1,20260909006
5,1,set42,alt2,20260909006
5,1,set48,alt2,20260909006
6,3,set3,alt1,20260909007
6,3,set4,alt2,20260909007
6,3,set12,alt1,20260909007
6,3,set22,alt1,20260909007
6,3,set24,alt1,20260909007
6,3,set25,alt1,20260909007
6,3,set28,alt1,20260909007
6,3,set29,alt1,20260909007
6,3,set30,alt2,20260909007
6,3,set31,alt2,20260909007
6,3,set39,alt2,20260909007
6,3,set47,alt2,20260909007
7,3,set3,alt1,20260909008
7,3,set4,alt2,20260909008
7,3,set12,alt1,20260909008
7,3,set22,alt1,20260909008
7,3,set24,alt1,20260909008
7,3,set25,alt1,20260909008
7,3,set28,alt1,20260909008
7,3,set29,alt1,20260909008
7,3,set30,alt2,20260909008
7,3,set31,alt2,20260909008
7,3,set39,alt2,20260909008
7,3,set47,alt2,20260909008
8,2,set1,alt2,20260909009
8,2,set2,alt1,20260909009
8,2,set7,alt2,20260909009
8,2,set8,alt1,20260909009
8,2,set10,alt2,20260909009
8,2,set13,alt1,20260909009
8,2,set36,alt2,20260909009
8,2,set38,alt1,20260909009
8,2,set40,alt2,20260909009
8,2,set44,alt2,20260909009
8,2,set45,alt2,20260909009
8,2,set46,alt2,20260909009
9,4,set14,alt1,20260909010
9,4,set15,alt2,20260909010
9,4,set16,alt1,20260909010
9,4,set17,alt2,20260909010
9,4,set20,alt1,20260909010
9,4,set21,alt1,20260909010
9,4,set23,alt1,20260909010
9,4,set26,alt1,20260909010
9,4,set27,alt1,20260909010
9,4,set32,alt1,20260909010
9,4,set34,alt1,20260909010
9,4,set43,alt1,20260909010
10,3,set3,alt1,20260909011
10,3,set4,alt2,20260909011
10,3,set12,alt1,20260909011
10,3,set22,alt1,20260909011
10,3,set24,alt1,20260909011
10,3,set25,alt1,20260909011
10,3,set28,alt1,20260909011
10,3,set29,alt1,20260909011
10,3,set30,alt2,20260909011
10,3,set31,alt2,20260909011
10,3,set39,alt2,20260909011
10,3,set47,alt2,20260909011
11,4,set14,alt1,20260909012
11,4,set15,alt2,20260909012
11,4,set16,alt2,20260909012
11,4,set17,alt2,20260909012
11,4,set20,alt1,20260909012
11,4,set21,alt1,20260909012
11,4,set23,alt1,20260909012
11,4,set26,alt1,20260909012
11,4,set27,alt1,20260909012
11,4,set32,alt1,20260909012
11,4,set34,alt2,20260909012
11,4,set43,alt2,20260909012
12,3,set3,alt1,20260909013
12,3,set4,alt2,20260909013
12,3,set12,alt1,20260909013
12,3,set22,alt1,20260909013
12,3,set24,alt1,20260909013
12,3,set25,alt1,20260909013
12,3,set28,alt1,20260909013
12,3,set29,alt1,20260909013
12,3,set30,alt2,20260909013
12,3,set31,alt2,20260909013
12,3,set39,alt2,20260909013
12,3,set47,alt2,20260909013
13,2,set1,alt2,20260909014
13,2,set2,alt1,20260909014
13,2,set7,alt1,20260909014
13,2,set8,alt1,20260909014
13,2,set10,alt1,20260909014
13,2,set13,alt1,20260909014
13,2,set36,alt2,20260909014
13,2,set38,alt2,20260909014
13,2,set40,alt2,20260909014
13,2,set44,alt1,20260909014
13,2,set45,alt2,20260909014
13,2,set46,alt1,20260909014
14,3,set3,alt1,20260909015
14,3,set4,alt2,20260909015
14,3,set12,alt1,20260909015
14,3,set22,alt1,20260909015
14,3,set24,alt1,20260909015
14,3,set25,alt1,20260909015
14,3,set28,alt1,20260909015
14,3,set29,alt1,20260909015
14,3,set30,alt2,20260909015
14,3,set31,alt2,20260909015
14,3,set39,alt2,20260909015
14,3,set47,alt2,20260909015
15,2,set1,alt2,20260909016
15,2,set2,alt1,20260909016
15,2,set7,alt2,20260909016
15,2,set8,alt1,20260909016
15,2,set10,alt2,20260909016
15,2,set13,alt1,20260909016
15,2,set36,alt2,20260909016
15,2,set38,alt1,20260909016
15,2,set40,alt2,20260909016
15,2,set44,alt2,20260909016
15,2,set45,alt2,20260909016
15,2,set46,alt2,20260909016
16,2,set1,alt2,20260909017
16,2,set2,alt1,20260909017
16,2,set7,alt1,20260909017
16,2,set8,alt1,20260909017
16,2,set10,alt2,20260909017
16,2,set13,alt1,20260909017
16,2,set36,alt2,20260909017
16,2,set38,alt2,20260909017
16,2,set40,alt2,20260909017
16,2,set44,alt1,20260909017
16,2,set45,alt2,20260909017
16,2,set46,alt1,20260909017
17,2,set1,alt2,20260909018
17,2,set2,alt1,20260909018
17,2,set7,alt1,20260909018
17,2,set8,alt1,20260909018
17,2,set10,alt1,20260909018
17,2,set13,alt1,20260909018
17,2,set36,alt2,20260909018
17,2,set38,alt2,20260909018
17,2,set40,alt2,20260909018
17,2,set44,alt1,20260909018
17,2,set45,alt2,20260909018
17,2,set46,alt1,20260909018
18,3,set3,alt1,20260909019
18,3,set4,alt2,20260909019
18,3,set12,alt1,20260909019
18,3,set22,alt1,20260909019
18,3,set24,alt1,20260909019
18,3,set25,alt1,20260909019
18,3,set28,alt1,20260909019
18,3,set29,alt1,20260909019
18,3,set30,alt2,20260909019
18,3,set31,alt2,20260909019
18,3,set39,alt2,20260909019
18,3,set47,alt2,20260909019
19,3,set3,alt2,20260909020
19,3,set4,alt1,20260909020
19,3,set12,alt1,20260909020
19,3,set22,alt2,20260909020
19,3,set24,alt1,20260909020
19,3,set25,alt2,20260909020
19,3,set28,alt2,20260909020
19,3,set29,alt1,20260909020
19,3,set30,alt2,20260909020
19,3,set31,alt1,20260909020
19,3,set39,alt1,20260909020
19,3,set47,alt2,20260909020
20,2,set1,alt2,20260909021
20,2,set2,alt1,20260909021
20,2,set7,alt1,20260909021
20,2,set8,alt1,20260909021
20,2,set10,alt1,20260909021
20,2,set13,alt1,20260909021
20,2,set36,alt2,20260909021
20,2,set38,alt2,20260909021
20,2,set40,alt2,20260909021
20,2,set44,alt1,20260909021
20,2,set45,alt2,20260909021
20,2,set46,alt1,20260909021
21,3,set3,alt1,20260909022
21,3,set4,alt2,20260909022
21,3,set12,alt1,20260909022
21,3,set22,alt1,20260909022
21,3,set24,alt1,20260909022
21,3,set25,alt1,20260909022
21,3,set28,alt1,20260909022
21,3,set29,alt1,20260909022
21,3,set30,alt2,20260909022
21,3,set31,alt2,20260909022
21,3,set39,alt2,20260909022
21,3,set47,alt2,20260909022
22,1,set5,alt2,20260909023
22,1,set6,alt2,20260909023
22,1,set9,alt2,20260909023
22,1,set11,alt2,20260909023
22,1,set18,alt1,20260909023
22,1,set19,alt2,20260909023
22,1,set33,alt1,20260909023
22,1,set35,alt2,20260909023
22,1,set37,alt1,20260909023
22,1,set41,alt1,20260909023
22,1,set42,alt2,20260909023
22,1,set48,alt2,20260909023
23,3,set3,alt2,20260909024
23,3,set4,alt2,20260909024
23,3,set12,alt1,20260909024
23,3,set22,alt2,20260909024
23,3,set24,alt1,20260909024
23,3,set25,alt1,20260909024
23,3,set28,alt1,20260909024
23,3,set29,alt1,20260909024
23,3,set30,alt2,20260909024
23,3,set31,alt2,20260909024
23,3,set39,alt2,20260909024
23,3,set47,alt2,20260909024
24,1,set5,alt2,20260909025
24,1,set6,alt1,20260909025
24,1,set9,alt2,20260909025
24,1,set11,alt2,20260909025
24,1,set18,alt2,20260909025
24,1,set19,alt2,20260909025
24,1,set33,alt1,20260909025
24,1,set35,alt2,20260909025
24,1,set37,alt1,20260909025
24,1,set41,alt1,20260909025
24,1,set42,alt2,20260909025
24,1,set48,alt2,20260909025
25,1,set5,alt2,20260909026
25,1,set6,alt2,20260909026
25,1,set9,alt2,20260909026
25,1,set11,alt2,20260909026
25,1,set18,alt2,20260909026
25,1,set19,alt2,20260909026
25,1,set33,alt1,20260909026
25,1,set35,alt2,20260909026
25,1,set37,alt1,20260909026
25,1,set41,alt2,20260909026
25,1,set42,alt2,20260909026
25,1,set48,alt2,20260909026
26,4,set14,alt1,20260909027
26,4,set15,alt2,20260909027
26,4,set16,alt1,20260909027
26,4,set17,alt2,20260909027
26,4,set20,alt1,20260909027
26,4,set21,alt1,20260909027
26,4,set23,alt1,20260909027
26,4,set26,alt1,20260909027
26,4,set27,alt1,20260909027
26,4,set32,alt1,20260909027
26,4,set34,alt1,20260909027
26,4,set43,alt1,20260909027
27,2,set1,alt2,20260909028
27,2,set2,alt1,20260909028
27,2,set7,alt1,20260909028
27,2,set8,alt1,20260909028
27,2,set10,alt1,20260909028
27,2,set13,alt1,20260909028
27,2,set36,alt2,20260909028
27,2,set38,alt2,20260909028
27,2,set40,alt2,20260909028
27,2,set44,alt1,20260909028
27,2,set45,alt2,20260909028
27,2,set46,alt1,20260909028
28,2,set1,alt2,20260909029
28,2,set2,alt1,20260909029
28,2,set7,alt1,20260909029
28,2,set8,alt1,20260909029
28,2,set10,alt2,20260909029
28,2,set13,alt1,20260909029
28,2,set36,alt2,20260909029
28,2,set38,alt2,20260909029
28,2,set40,alt2,20260909029
28,2,set44,alt1,20260909029
28,2,set45,alt2,20260909029
28,2,set46,alt1,20260909029
29,3,set3,alt1,20260909030
29,3,set4,alt2,20260909030
29,3,set12,alt1,20260909030
29,3,set22,alt1,20260909030
29,3,set24,alt1,20260909030
29,3,set25,alt1,20260909030
29,3,set28,alt1,20260909030
29,3,set29,alt1,20260909030
29,3,set30,alt2,20260909030
29,3,set31,alt2,20260909030
29,3,set39,alt2,20260909030
29,3,set47,alt2,20260909030
30,2,set1,alt2,20260909031
30,2,set2,alt1,20260909031
30,2,set7,alt1,20260909031
30,2,set8,alt1,20260909031
30,2,set10,alt2,20260909031
30,2,set13,alt1,20260909031
30,2,set36,alt2,20260909031
30,2,set38,alt2,20260909031
30,2,set40,alt2,20260909031
30,2,set44,alt1,20260909031
30,2,set45,alt2,20260909031
30,2,set46,alt1,20260909031
31,3,set3,alt1,20260909032
31,3,set4,alt2,20260909032
31,3,set12,alt1,20260909032
31,3,set22,alt1,20260909032
31,3,set24,alt1,20260909032
31,3,set25,alt1,20260909032
31,3,set28,alt1,20260909032
31,3,set29,alt1,20260909032
31,3,set30,alt2,20260909032
31,3,set31,alt2,20260909032
31,3,set39,alt2,20260909032
31,3,set47,alt2,20260909032
32,4,set14,alt2,20260909033
32,4,set15,alt2,20260909033
32,4,set16,alt1,20260909033
32,4,set17,alt1,20260909033
32,4,set20,alt1,20260909033
32,4,set21,alt1,20260909033
32,4,set23,alt1,20260909033
32,4,set26,alt1,20260909033
32,4,set27,alt2,20260909033
32,4,set32,alt1,20260909033
32,4,set34,alt2,20260909033
32,4,set43,alt1,20260909033
33,3,set3,alt1,20260909034
33,3,set4,alt2,20260909034
33,3,set12,alt1,20260909034
33,3,set22,alt1,20260909034
33,3,set24,alt1,20260909034
33,3,set25,alt1,20260909034
33,3,set28,alt1,20260909034
33,3,set29,alt1,20260909034
33,3,set30,alt2,20260909034
33,3,set31,alt2,20260909034
33,3,set39,alt2,20260909034
33,3,set47,alt2,20260909034
34,3,set3,alt1,20260909035
34,3,set4,alt2,20260909035
34,3,set12,alt1,20260909035
34,3,set22,alt1,20260909035
34,3,set24,alt1,20260909035
34,3,set25,alt1,20260909035
34,3,set28,alt1,20260909035
34,3,set29,alt1,20260909035
34,3,set30,alt2,20260909035
34,3,set31,alt2,20260909035
34,3,set39,alt2,20260909035
34,3,set47,alt2,20260909035
35,3,set3,alt1,20260909036
35,3,set4,alt2,20260909036
35,3,set12,alt1,20260909036
35,3,set22,alt1,20260909036
35,3,set24,alt1,20260909036
35,3,set25,alt1,20260909036
35,3,set28,alt1,20260909036
35,3,set29,alt1,20260909036
35,3,set30,alt2,20260909036
35,3,set31,alt2,20260909036
35,3,set39,alt2,20260909036
35,3,set47,alt2,20260909036
36,1,set5,alt1,20260909037
36,1,set6,alt2,20260909037
36,1,set9,alt1,20260909037
36,1,set11,alt2,20260909037
36,1,set18,alt2,20260909037
36,1,set19,alt2,20260909037
36,1,set33,alt1,20260909037
36,1,set35,alt2,20260909037
36,1,set37,alt1,20260909037
36,1,set41,alt1,20260909037
36,1,set42,alt1,20260909037
36,1,set48,alt2,20260909037
37,1,set5,alt2,20260909038
37,1,set6,alt1,20260909038
37,1,set9,alt2,20260909038
37,1,set11,alt2,20260909038
37,1,set18,alt2,20260909038
37,1,set19,alt2,20260909038
37,1,set33,alt1,20260909038
37,1,set35,alt2,20260909038
37,1,set37,alt1,20260909038
37,1,set41,alt1,20260909038
37,1,set42,alt2,20260909038
37,1,set48,alt2,20260909038
38,2,set1,alt2,20260909039
38,2,set2,alt1,20260909039
38,2,set7,alt1,20260909039
38,2,set8,alt1,20260909039
38,2,set10,alt1,20260909039
38,2,set13,alt1,20260909039
38,2,set36,alt2,20260909039
38,2,set38,alt2,20260909039
38,2,set40,alt2,20260909039
38,2,set44,alt1,20260909039
38,2,set45,alt2,20260909039
38,2,set46,alt1,20260909039
39,4,set14,alt1,20260909040
39,4,set15,alt1,20260909040
39,4,set16,alt1,20260909040
39,4,set17,alt1,20260909040
39,4,set20,alt1,20260909040
39,4,set21,alt1,20260909040
39,4,set23,alt1,20260909040
39,4,set26,alt1,20260909040
39,4,set27,alt1,20260909040
39,4,set32,alt1,20260909040
39,4,set34,alt2,20260909040
39,4,set43,alt1,20260909040
40,2,set1,alt2,20260909041
40,2,set2,alt1,20260909041
40,2,set7,alt1,20260909041
40,2,set8,alt1,20260909041
40,2,set10,alt1,20260909041
40,2,set13,alt1,20260909041
40,2,set36,alt2,20260909041
40,2,set38,alt2,20260909041
40,2,set40,alt2,20260909041
40,2,set44,alt1,20260909041
40,2,set45,alt2,20260909041
40,2,set46,alt1,20260909041
41,1,set5,alt2,20260909042
41,1,set6,alt2,20260909042
41,1,set9,alt2,20260909042
41,1,set11,alt2,20260909042
41,1,set18,alt2,20260909042
41,1,set19,alt2,20260909042
41,1,set33,alt1,20260909042
41,1,set35,alt2,20260909042
41,1,set37,alt1,20260909042
41,1,set41,alt2,20260909042
41,1,set42,alt2,20260909042
41,1,set48,alt2,20260909042
42,1,set5,alt1,20260909043
42,1,set6,alt2,20260909043
42,1,set9,alt1,20260909043
42,1,set11,alt2,20260909043
42,1,set18,alt1,20260909043
42,1,set19,alt2,20260909043
42,1,set33,alt1,20260909043
42,1,set35,alt2,20260909043
42,1,set37,alt1,20260909043
42,1,set41,alt1,20260909043
42,1,set42,alt1,20260909043
42,1,set48,alt2,20260909043
43,1,set5,alt1,20260909044
43,1,set6,alt1,20260909044
43,1,set9,alt1,20260909044
43,1,set11,alt2,20260909044
43,1,set18,alt1,20260909044
43,1,set19,alt1,20260909044
43,1,set33,alt2,20260909044
43,1,set35,alt2,20260909044
43,1,set37,alt1,20260909044
43,1,set41,alt1,20260909044
43,1,set42,alt2,20260909044
43,1,set48,alt2,20260909044
44,2,set1,alt2,20260909045
44,2,set2,alt1,20260909045
44,2,set7,alt1,20260909045
44,2,set8,alt1,20260909045
44,2,set10,alt1,20260909045
44,2,set13,alt1,20260909045
44,2,set36,alt2,20260909045
44,2,set38,alt2,20260909045
44,2,set40,alt2,20260909045
44,2,set44,alt1,20260909045
44,2,set45,alt2,20260909045
44,2,set46,alt1,20260909045
45,2,set1,alt2,20260909046
45,2,set2,alt1,20260909046
45,2,set7,alt2,20260909046
45,2,set8,alt1,20260909046
45,2,set10,alt2,20260909046
45,2,set13,alt1,20260909046
45,2,set36,alt2,20260909046
45,2,set38,alt1,20260909046
45,2,set40,alt2,20260909046
45,2,set44,alt2,20260909046
45,2,set45,alt2,20260909046
45,2,set46,alt2,20260909046
46,1,set5,alt1,20260909047
46,1,set6,alt1,20260909047
46,1,set9,alt1,20260909047
46,1,set11,alt2,20260909047
46,1,set18,alt1,20260909047
46,1,set19,alt1,20260909047
46,1,set33,alt2,20260909047
46,1,set35,alt2,20260909047
46,1,set37,alt1,20260909047
46,1,set41,alt1,20260909047
46,1,set42,alt2,20260909047
46,1,set48,alt2,20260909047
47,3,set3,alt1,20260909048
47,3,set4,alt2,20260909048
47,3,set12,alt1,20260909048
47,3,set22,alt1,20260909048
47,3,set24,alt1,20260909048
47,3,set25,alt1,20260909048
47,3,set28,alt1,20260909048
47,3,set29,alt1,20260909048
47,3,set30,alt2,20260909048
47,3,set31,alt2,20260909048
47,3,set39,alt2,20260909048
47,3,set47,alt2,20260909048
48,3,set3,alt2,20260909049
48,3,set4,alt2,20260909049
48,3,set12,alt1,20260909049
48,3,set22,alt2,20260909049
48,3,set24,alt1,20260909049
48,3,set25,alt1,20260909049
48,3,set28,alt1,20260909049
48,3,set29,alt1,20260909049
48,3,set30,alt2,20260909049
48,3,set31,alt2,20260909049
48,3,set39,alt2,20260909049
48,3,set47,alt2,20260909049
49,4,set14,alt1,20260909050
49,4,set15,alt2,20260909050
49,4,set16,alt1,20260909050
49,4,set17,alt2,20260909050
49,4,set20,alt1,20260909050
49,4,set21,alt1,20260909050
49,4,set23,alt1,20260909050
49,4,set26,alt1,20260909050
49,4,set27,alt1,20260909050
49,4,set32,alt1,20260909050
49,4,set34,alt1,20260909050
49,4,set43,alt1,20260909050
50,3,set3,alt1,20260909051
50,3,set4,alt2,20260909051
50,3,set12,alt1,20260909051
50,3,set22,alt1,20260909051
50,3,set24,alt1,20260909051
50,3,set25,alt1,20260909051
50,3,set28,alt1,20260909051
50,3,set29,alt1,20260909051
50,3,set30,alt2,20260909051
50,3,set31,alt2,20260909051
50,3,set39,alt2,20260909051
50,3,set47,alt2,20260909051
51,1,set5,alt2,20260909052
51,1,set6,alt2,20260909052
51,1,set9,alt2,20260909052
51,1,set11,alt2,20260909052
51,1,set18,alt1,20260909052
51,1,set19,alt2,20260909052
51,1,set33,alt1,20260909052
51,1,set35,alt2,20260909052
51,1,set37,alt1,20260909052
51,1,set41,alt1,20260909052
51,1,set42,alt2,20260909052
51,1,set48,alt2,20260909052
52,1,set5,alt2,20260909053
52,1,set6,alt1,20260909053
52,1,set9,alt2,20260909053
52,1,set11,alt2,20260909053
52,1,set18,alt2,20260909053
52,1,set19,alt2,20260909053
52,1,set33,alt1,20260909053
52,1,set35,alt2,20260909053
52,1,set37,alt1,20260909053
52,1,set41,alt1,20260909053
52,1,set42,alt2,20260909053
52,1,set48,alt2,20260909053
53,2,set1,alt2,20260909054
53,2,set2,alt1,20260909054
53,2,set7,alt1,20260909054
53,2,set8,alt1,20260909054
53,2,set10,alt1,20260909054
53,2,set13,alt1,20260909054
53,2,set36,alt2,20260909054
53,2,set38,alt2,20260909054
53,2,set40,alt2,20260909054
53,2,set44,alt1,20260909054
53,2,set45,alt2,20260909054
53,2,set46,alt1,20260909054
54,2,set1,alt2,20260909055
54,2,set2,alt1,20260909055
54,2,set7,alt1,20260909055
54,2,set8,alt1,20260909055
54,2,set10,alt2,20260909055
54,2,set13,alt1,20260909055
54,2,set36,alt2,20260909055
54,2,set38,alt2,20260909055
54,2,set40,alt2,20260909055
54,2,set44,alt1,20260909055
54,2,set45,alt2,20260909055
54,2,set46,alt1,20260909055
55,4,set14,alt1,20260909056
55,4,set15,alt2,20260909056
55,4,set16,alt2,20260909056
55,4,set17,alt2,20260909056
55,4,set20,alt1,20260909056
55,4,set21,alt1,20260909056
55,4,set23,alt1,20260909056
55,4,set26,alt1,20260909056
55,4,set27,alt1,20260909056
55,4,set32,alt1,20260909056
55,4,set34,alt2,20260909056
55,4,set43,alt2,20260909056
56,3,set3,alt1,20260909057
56,3,set4,alt2,20260909057
56,3,set12,alt1,20260909057
56,3,set22,alt1,20260909057
56,3,set24,alt1,20260909057
56,3,set25,alt1,20260909057
56,3,set28,alt1,20260909057
56,3,set29,alt1,20260909057
56,3,set30,alt2,20260909057
56,3,set31,alt2,20260909057
56,3,set39,alt2,20260909057
56,3,set47,alt2,20260909057
57,3,set3,alt1,20260909058
57,3,set4,alt2,20260909058
57,3,set12,alt1,20260909058
57,3,set22,alt1,20260909058
57,3,set24,alt1,20260909058
57,3,set25,alt1,20260909058
57,3,set28,alt1,20260909058
57,3,set29,alt1,20260909058
57,3,set30,alt2,20260909058
57,3,set31,alt2,20260909058
57,3,set39,alt2,20260909058
57,3,set47,alt2,20260909058
58,2,set1,alt2,20260909059
58,2,set2,alt1,20260909059
58,2,set7,alt2,20260909059
58,2,set8,alt1,20260909059
58,2,set10,alt2,20260909059
58,2,set13,alt1,20260909059
58,2,set36,alt2,20260909059
58,2,set38,alt1,20260909059
58,2,set40,alt2,20260909059
58,2,set44,alt2,20260909059
58,2,set45,alt2,20260909059
58,2,set46,alt2,20260909059
59,2,set1,alt2,20260909060
59,2,set2,alt1,20260909060
59,2,set7,alt1,20260909060
59,2,set8,alt1,20260909060
59,2,set10,alt1,20260909060
59,2,set13,alt1,20260909060
59,2,set36,alt2,20260909060
59,2,set38,alt2,20260909060
59,2,set40,alt2,20260909060
59,2,set44,alt1,20260909060
59,2,set45,alt2,20260909060
59,2,set46,alt1,20260909060
60,2,set1,alt2,20260909061
60,2,set2,alt1,20260909061
60,2,set7,alt2,20260909061
60,2,set8,alt1,20260909061
60,2,set10,alt2,20260909061
60,2,set13,alt1,20260909061
60,2,set36,alt2,20260909061
60,2,set38,alt1,20260909061
60,2,set40,alt2,20260909061
60,2,set44,alt2,20260909061
60,2,set45,alt2,20260909061
60,2,set46,alt2,20260909061
61,2,set1,alt2,20260909062
61,2,set2,alt1,20260909062
61,2,set7,alt1,20260909062
61,2,set8,alt1,20260909062
61,2,set10,alt1,20260909062
61,2,set13,alt1,20260909062
61,2,set36,alt2,20260909062
61,2,set38,alt2,20260909062
61,2,set40,alt2,20260909062
61,2,set44,alt1,20260909062
61,2,set45,alt2,20260909062
61,2,set46,alt1,20260909062
62,3,set3,alt1,20260909063
62,3,set4,alt2,20260909063
62,3,set12,alt1,20260909063
62,3,set22,alt1,20260909063
62,3,set24,alt1,20260909063
62,3,set25,alt1,20260909063
62,3,set28,alt1,20260909063
62,3,set29,alt1,20260909063
62,3,set30,alt2,20260909063
62,3,set31,alt2,20260909063
62,3,set39,alt2,20260909063
62,3,set47,alt2,20260909063
63,3,set3,alt1,20260909064
63,3,set4,alt2,20260909064
63,3,set12,alt1,20260909064
63,3,set22,alt1,20260909064
63,3,set24,alt1,20260909064
63,3,set25,alt1,20260909064
63,3,set28,alt1,20260909064
63,3,set29,alt1,20260909064
63,3,set30,alt2,20260909064
63,3,set31,alt2,20260909064
63,3,set39,alt2,20260909064
63,3,set47,alt2,20260909064
64,2,set1,alt2,20260909065
64,2,set2,alt1,20260909065
64,2,set7,alt1,20260909065
64,2,set8,alt1,20260909065
64,2,set10,alt2,20260909065
64,2,set13,alt1,20260909065
64,2,set36,alt2,20260909065
64,2,set38,alt2,20260909065
64,2,set40,alt2,20260909065
64,2,set44,alt2,20260909065
64,2,set45,alt2,20260909065
64,2,set46,alt2,20260909065
65,4,set14,alt1,20260909066
65,4,set15,alt2,20260909066
65,4,set16,alt1,20260909066
65,4,set17,alt2,20260909066
65,4,set20,alt1,20260909066
65,4,set21,alt1,20260909066
65,4,set23,alt1,20260909066
65,4,set26,alt1,20260909066
65,4,set27,alt1,20260909066
65,4,set32,alt1,20260909066
65,4,set34,alt1,20260909066
65,4,set43,alt1,20260909066
66,1,set5,alt2,20260909067
66,1,set6,alt1,20260909067
66,1,set9,alt2,20260909067
66,1,set11,alt2,20260909067
66,1,set18,alt2,20260909067
66,1,set19,alt2,20260909067
66,1,set33,alt1,20260909067
66,1,set35,alt2,20260909067
66,1,set37,alt1,20260909067
66,1,set41,alt1,20260909067
66,1,set42,alt2,20260909067
66,1,set48,alt2,20260909067
67,3,set3,alt1,20260909068
67,3,set4,alt2,20260909068
67,3,set12,alt1,20260909068
67,3,set22,alt1,20260909068
67,3,set24,alt1,20260909068
67,3,set25,alt1,20260909068
67,3,set28,alt1,20260909068
67,3,set29,alt1,20260909068
67,3,set30,alt2,20260909068
67,3,set31,alt2,20260909068
67,3,set39,alt2,20260909068
67,3,set47,alt2,20260909068
68,2,set1,alt2,20260909069
68,2,set2,alt1,20260909069
68,2,set7,alt1,20260909069
68,2,set8,alt1,20260909069
68,2,set10,alt1,20260909069
68,2,set13,alt1,20260909069
68,2,set36,alt2,20260909069
68,2,set38,alt2,20260909069
68,2,set40,alt2,20260909069
68,2,set44,alt1,20260909069
68,2,set45,alt2,20260909069
68,2,set46,alt1,20260909069
69,4,set14,alt1,20260909070
69,4,set15,alt2,20260909070
69,4,set16,alt2,20260909070
69,4,set17,alt2,20260909070
69,4,set20,alt1,20260909070
69,4,set21,alt1,20260909070
69,4,set23,alt1,20260909070
69,4,set26,alt1,20260909070
69,4,set27,alt1,20260909070
69,4,set32,alt1,20260909070
69,4,set34,alt2,20260909070
69,4,set43,alt2,20260909070
70,3,set3,alt2,20260909071
70,3,set4,alt1,20260909071
70,3,set12,alt1,20260909071
70,3,set22,alt2,20260909071
70,3,set24,alt1,20260909071
70,3,set25,alt2,20260909071
70,3,set28,alt2,20260909071
70,3,set29,alt1,20260909071
70,3,set30,alt2,20260909071
70,3,set31,alt1,20260909071
70,3,set39,alt1,20260909071
70,3,set47,alt2,20260909071
71,1,set5,alt1,20260909072
71,1,set6,alt1,20260909072
71,1,set9,alt1,20260909072
71,1,set11,alt2,20260909072
71,1,set18,alt1,20260909072
71,1,set19,alt1,20260909072
71,1,set33,alt2,20260909072
71,1,set35,alt2,20260909072
71,1,set37,alt1,20260909072
71,1,set41,alt1,20260909072
71,1,set42,alt2,20260909072
71,1,set48,alt2,20260909072
72,4,set14,alt1,20260909073
72,4,set15,alt2,20260909073
72,4,set16,alt1,20260909073
72,4,set17,alt2,20260909073
72,4,set20,alt1,20260909073
72,4,set21,alt1,20260909073
72,4,set23,alt1,20260909073
72,4,set26,alt1,20260909073
72,4,set27,alt1,20260909073
72,4,set32,alt1,20260909073
72,4,set34,alt1,20260909073
72,4,set43,alt1,20260909073
73,1,set5,alt2,20260909074
73,1,set6,alt2,20260909074
73,1,set9,alt2,20260909074
73,1,set11,alt2,20260909074
73,1,set18,alt1,20260909074
73,1,set19,alt2,20260909074
73,1,set33,alt1,20260909074
73,1,set35,alt2,20260909074
73,1,set37,alt1,20260909074
73,1,set41,alt1,20260909074
73,1,set42,alt2,20260909074
73,1,set48,alt2,20260909074
74,4,set14,alt1,20260909075
74,4,set15,alt1,20260909075
74,4,set16,alt1,20260909075
74,4,set17,alt1,20260909075
74,4,set20,alt1,20260909075
74,4,set21,alt1,20260909075
74,4,set23,alt1,20260909075
74,4,set26,alt1,20260909075
74,4,set27,alt1,20260909075
74,4,set32,alt1,20260909075
74,4,set34,alt2,20260909075
74,4,set43,alt1,20260909075
75,1,set5,alt2,20260909076
75,1,set6,alt1,20260909076
75,1,set9,alt2,20260909076
75,1,set11,alt2,20260909076
75,1,set18,alt2,20260909076
75,1,set19,alt2,20260909076
75,1,set33,alt1,20260909076
75,1,set35,alt2,20260909076
75,1,set37,alt1,20260909076
75,1,set41,alt1,20260909076
75,1,set42,alt2,20260909076
75,1,set48,alt2,20260909076
76,3,set3,alt1,20260909077
76,3,set4,alt2,20260909077
76,3,set12,alt1,20260909077
76,3,set22,alt1,20260909077
76,3,set24,alt1,20260909077
76,3,set25,alt1,20260909077
76,3,set28,alt1,20260909077
76,3,set29,alt1,20260909077
76,3,set30,alt2,20260909077
76,3,set31,alt2,20260909077
76,3,set39,alt2,20260909077
76,3,set47,alt2,20260909077
77,2,set1,alt2,20260909078
77,2,set2,alt1,20260909078
77,2,set7,alt1,20260909078
77,2,set8,alt1,20260909078
77,2,set10,alt2,20260909078
77,2,set13,alt1,20260909078
77,2,set36,alt2,20260909078
77,2,set38,alt2,20260909078
77,2,set40,alt2,20260909078
77,2,set44,alt2,20260909078
77,2,set45,alt2,20260909078
77,2,set46,alt2,20260909078
78,1,set5,alt1,20260909079
78,1,set6,alt1,20260909079
78,1,set9,alt1,20260909079
78,1,set11,alt2,20260909079
78,1,set18,alt1,20260909079
78,1,set19,alt1,20260909079
78,1,set33,alt2,20260909079
78,1,set35,alt2,20260909079
78,1,set37,alt1,20260909079
78,1,set41,alt1,20260909079
78,1,set42,alt2,20260909079
78,1,set48,alt2,20260909079
79,4,set14,alt1,20260909080
79,4,set15,alt2,20260909080
79,4,set16,alt2,20260909080
79,4,set17,alt2,20260909080
79,4,set20,alt1,20260909080
79,4,set21,alt1,20260909080
79,4,set23,alt1,20260909080
79,4,set26,alt1,20260909080
79,4,set27,alt1,20260909080
79,4,set32,alt1,20260909080
79,4,set34,alt2,20260909080
79,4,set43,alt2,20260909080
80,4,set14,alt1,20260909081
80,4,set15,alt2,20260909081
80,4,set16,alt2,20260909081
80,4,set17,alt2,20260909081
80,4,set20,alt1,20260909081
80,4,set21,alt1,20260909081
80,4,set23,alt1,20260909081
80,4,set26,alt1,20260909081
80,4,set27,alt1,20260909081
80,4,set32,alt1,20260909081
80,4,set34,alt2,20260909081
80,4,set43,alt2,20260909081
81,3,set3,alt2,20260909082
81,3,set4,alt2,20260909082
81,3,set12,alt1,20260909082
81,3,set22,alt2,20260909082
81,3,set24,alt1,20260909082
81,3,set25,alt1,20260909082
81,3,set28,alt1,20260909082
81,3,set29,alt1,20260909082
81,3,set30,alt2,20260909082
81,3,set31,alt2,20260909082
81,3,set39,alt2,20260909082
81,3,set47,alt2,20260909082
82,3,set3,alt2,20260909083
82,3,set4,alt1,20260909083
82,3,set12,alt1,20260909083
82,3,set22,alt2,20260909083
82,3,set24,alt1,20260909083
82,3,set25,alt2,20260909083
82,3,set28,alt2,20260909083
82,3,set29,alt1,20260909083
82,3,set30,alt2,20260909083
82,3,set31,alt1,20260909083
82,3,set39,alt1,20260909083
82,3,set47,alt2,20260909083
83,3,set3,alt1,20260909084
83,3,set4,alt2,20260909084
83,3,set12,alt1,20260909084
83,3,set22,alt1,20260909084
83,3,set24,alt1,20260909084
83,3,set25,alt1,20260909084
83,3,set28,alt1,20260909084
83,3,set29,alt1,20260909084
83,3,set30,alt2,20260909084
83,3,set31,alt2,20260909084
83,3,set39,alt2,20260909084
83,3,set47,alt2,20260909084
84,2,set1,alt2,20260909085
84,2,set2,alt1,20260909085
84,2,set7,alt1,20260909085
84,2,set8,alt1,20260909085
84,2,set10,alt1,20260909085
84,2,set13,alt1,20260909085
84,2,set36,alt2,20260909085
84,2,set38,alt2,20260909085
84,2,set40,alt2,20260909085
84,2,set44,alt1,20260909085
84,2,set45,alt2,20260909085
84,2,set46,alt1,20260909085
85,2,set1,alt2,20260909086
85,2,set2,alt1,20260909086
85,2,set7,alt1,20260909086
85,2,set8,alt1,20260909086
85,2,set10,alt1,20260909086
85,2,set13,alt1,20260909086
85,2,set36,alt2,20260909086
85,2,set38,alt2,20260909086
85,2,set40,alt2,20260909086
85,2,set44,alt1,20260909086
85,2,set45,alt2,20260909086
85,2,set46,alt1,20260909086
86,4,set14,alt1,20260909087
86,4,set15,alt2,20260909087
86,4,set16,alt2,20260909087
86,4,set17,alt2,20260909087
86,4,set20,alt1,20260909087
86,4,set21,alt1,20260909087
86,4,set23,alt1,20260909087
86,4,set26,alt1,20260909087
86,4,set27,alt1,20260909087
86,4,set32,alt1,20260909087
86,4,set34,alt2,20260909087
86,4,set43,alt2,20260909087
87,1,set5,alt2,20260909088
87,1,set6,alt1,20260909088
87,1,set9,alt2,20260909088
87,1,set11,alt2,20260909088
87,1,set18,alt2,20260909088
87,1,set19,alt2,20260909088
87,1,set33,alt1,20260909088
87,1,set35,alt2,20260909088
87,1,set37,alt1,20260909088
87,1,set41,alt1,20260909088
87,1,set42,alt2,20260909088
87,1,set48,alt2,20260909088
88,3,set3,alt1,20260909089
88,3,set4,alt2,20260909089
88,3,set12,alt1,20260909089
88,3,set22,alt1,20260909089
88,3,set24,alt1,20260909089
88,3,set25,alt1,20260909089
88,3,set28,alt1,20260909089
88,3,set29,alt1,20260909089
88,3,set30,alt2,20260909089
88,3,set31,alt2,20260909089
88,3,set39,alt2,20260909089
88,3,set47,alt2,20260909089
89,2,set1,alt2,20260909090
89,2,set2,alt1,20260909090
89,2,set7,alt1,20260909090
89,2,set8,alt1,20260909090
89,2,set10,alt1,20260909090
89,2,set13,alt1,20260909090
89,2,set36,alt2,20260909090
89,2,set38,alt2,20260909090
89,2,set40,alt2,20260909090
89,2,set44,alt1,20260909090
89,2,set45,alt2,20260909090
89,2,set46,alt1,20260909090
90,1,set5,alt2,20260909091
90,1,set6,alt2,20260909091
90,1,set9,alt2,20260909091
90,1,set11,alt2,20260909091
90,1,set18,alt1,20260909091
90,1,set19,alt2,20260909091
90,1,set33,alt1,20260909091
90,1,set35,alt2,20260909091
90,1,set37,alt1,20260909091
90,1,set41,alt1,20260909091
90,1,set42,alt2,20260909091
90,1,set48,alt2,20260909091
91,3,set3,alt1,20260909092
91,3,set4,alt2,20260909092
91,3,set12,alt1,20260909092
91,3,set22,alt1,20260909092
91,3,set24,alt1,20260909092
91,3,set25,alt1,20260909092
91,3,set28,alt1,20260909092
91,3,set29,alt1,20260909092
91,3,set30,alt2,20260909092
91,3,set31,alt2,20260909092
91,3,set39,alt2,20260909092
91,3,set47,alt2,20260909092
92,1,set5,alt2,20260909093
92,1,set6,alt1,20260909093
92,1,set9,alt2,20260909093
92,1,set11,alt2,20260909093
92,1,set18,alt2,20260909093
92,1,set19,alt2,20260909093
92,1,set33,alt1,20260909093
92,1,set35,alt2,20260909093
92,1,set37,alt1,20260909093
92,1,set41,alt1,20260909093
92,1,set42,alt2,20260909093
92,1,set48,alt2,20260909093
93,1,set5,alt2,20260909094
93,1,set6,alt2,20260909094
93,1,set9,alt2,20260909094
93,1,set11,alt2,20260909094
93,1,set18,alt1,20260909094
93,1,set19,alt2,20260909094
93,1,set33,alt1,20260909094
93,1,set35,alt2,20260909094
93,1,set37,alt1,20260909094
93,1,set41,alt1,20260909094
93,1,set42,alt2,20260909094
93,1,set48,alt2,20260909094
94,1,set5,alt2,20260909095
94,1,set6,alt1,20260909095
94,1,set9,alt2,20260909095
94,1,set11,alt2,20260909095
94,1,set18,alt2,20260909095
94,1,set19,alt2,20260909095
94,1,set33,alt1,20260909095
94,1,set35,alt2,20260909095
94,1,set37,alt1,20260909095
94,1,set41,alt1,20260909095
94,1,set42,alt2,20260909095
94,1,set48,alt2,20260909095
95,1,set5,alt2,20260909096
95,1,set6,alt1,20260909096
95,1,set9,alt2,20260909096
95,1,set11,alt2,20260909096
95,1,set18,alt2,20260909096
95,1,set19,alt2,20260909096
95,1,set33,alt1,20260909096
95,1,set35,alt2,20260909096
95,1,set37,alt1,20260909096
95,1,set41,alt1,20260909096
95,1,set42,alt2,20260909096
95,1,set48,alt2,20260909096
96,4,set14,alt1,20260909097
96,4,set15,alt2,20260909097
96,4,set16,alt2,20260909097
96,4,set17,alt2,20260909097
96,4,set20,alt1,20260909097
96,4,set21,alt1,20260909097
96,4,set23,alt1,20260909097
96,4,set26,alt1,20260909097
96,4,set27,alt1,20260909097
96,4,set32,alt1,20260909097
96,4,set34,alt2,20260909097
96,4,set43,alt2,20260909097
97,1,set5,alt2,20260909098
97,1,set6,alt2,20260909098
97,1,set9,alt2,20260909098
97,1,set11,alt2,20260909098
97,1,set18,alt2,20260909098
97,1,set19,alt1,20260909098
97,1,set33,alt1,20260909098
97,1,set35,alt2,20260909098
97,1,set37,alt1,20260909098
97,1,set41,alt2,20260909098
97,1,set42,alt2,20260909098
97,1,set48,alt2,20260909098
98,3,set3,alt1,20260909099
98,3,set4,alt2,20260909099
98,3,set12,alt1,20260909099
98,3,set22,alt1,20260909099
98,3,set24,alt1,20260909099
98,3,set25,alt1,20260909099
98,3,set28,alt1,20260909099
98,3,set29,alt1,20260909099
98,3,set30,alt2,20260909099
98,3,set31,alt2,20260909099
98,3,set39,alt2,20260909099
98,3,set47,alt2,20260909099
99,4,set14,alt2,20260909100
99,4,set15,alt2,20260909100
99,4,set16,alt1,20260909100
99,4,set17,alt1,20260909100
99,4,set20,alt1,20260909100
99,4,set21,alt1,20260909100
99,4,set23,alt1,20260909100
99,4,set26,alt1,20260909100
99,4,set27,alt2,20260909100
99,4,set32,alt1,20260909100
99,4,set34,alt2,20260909100
99,4,set43,alt1,20260909100
100,3,set3,alt2,20260909101
100,3,set4,alt1,20260909101
100,3,set12,alt1,20260909101
100,3,set22,alt2,20260909101
100,3,set24,alt1,20260909101
100,3,set25,alt2,20260909101
100,3,set28,alt2,20260909101
100,3,set29,alt1,20260909101
100,3,set30,alt2,20260909101
100,3,set31,alt1,20260909101
100,3,set39,alt1,20260909101
100,3,set47,alt2,20260909101
101,1,set5,alt2,20260909102
101,1,set6,alt1,20260909102
101,1,set9,alt2,20260909102
101,1,set11,alt2,20260909102
101,1,set18,alt2,20260909102
101,1,set19,alt2,20260909102
101,1,set33,alt1,20260909102
101,1,set35,alt2,20260909102
101,1,set37,alt1,20260909102
101,1,set41,alt1,20260909102
101,1,set42,alt2,20260909102
101,1,set48,alt2,20260909102
102,4,set14,alt1,20260909103
102,4,set15,alt2,20260909103
102,4,set16,alt2,20260909103
102,4,set17,alt2,20260909103
102,4,set20,alt1,20260909103
102,4,set21,alt1,20260909103
102,4,set23,alt1,20260909103
102,4,set26,alt1,20260909103
102,4,set27,alt1,20260909103
102,4,set32,alt1,20260909103
102,4,set34,alt2,20260909103
102,4,set43,alt2,20260909103
103,3,set3,alt1,20260909104
103,3,set4,alt2,20260909104
103,3,set12,alt1,20260909104
103,3,set22,alt1,20260909104
103,3,set24,alt1,20260909104
103,3,set25,alt1,20260909104
103,3,set28,alt1,20260909104
103,3,set29,alt1,20260909104
103,3,set30,alt2,20260909104
103,3,set31,alt2,20260909104
103,3,set39,alt2,20260909104
103,3,set47,alt2,20260909104
104,2,set1,alt2,20260909105
104,2,set2,alt1,20260909105
104,2,set7,alt1,20260909105
104,2,set8,alt1,20260909105
104,2,set10,alt1,20260909105
104,2,set13,alt1,20260909105
104,2,set36,alt2,20260909105
104,2,set38,alt2,20260909105
104,2,set40,alt2,20260909105
104,2,set44,alt1,20260909105
104,2,set45,alt2,20260909105
104,2,set46,alt1,20260909105
105,2,set1,alt2,20260909106
105,2,set2,alt1,20260909106
105,2,set7,alt1,20260909106
105,2,set8,alt1,20260909106
105,2,set10,alt1,20260909106
105,2,set13,alt1,20260909106
105,2,set36,alt2,20260909106
105,2,set38,alt2,20260909106
105,2,set40,alt2,20260909106
105,2,set44,alt1,20260909106
105,2,set45,alt2,20260909106
105,2,set46,alt1,20260909106
106,2,set1,alt2,20260909107
106,2,set2,alt1,20260909107
106,2,set7,alt1,20260909107
106,2,set8,alt1,20260909107
106,2,set10,alt2,20260909107
106,2,set13,alt1,20260909107
106,2,set36,alt2,20260909107
106,2,set38,alt2,20260909107
106,2,set40,alt2,20260909107
106,2,set44,alt2,20260909107
106,2,set45,alt2,20260909107
106,2,set46,alt2,20260909107
107,4,set14,alt1,20260909108
107,4,set15,alt2,20260909108
107,4,set16,alt2,20260909108
107,4,set17,alt2,20260909108
107,4,set20,alt1,20260909108
107,4,set21,alt1,20260909108
107,4,set23,alt1,20260909108
107,4,set26,alt1,20260909108
107,4,set27,alt1,20260909108
107,4,set32,alt1,20260909108
107,4,set34,alt2,20260909108
107,4,set43,alt2,20260909108
108,3,set3,alt2,20260909109
108,3,set4,alt2,20260909109
108,3,set12,alt1,20260909109
108,3,set22,alt2,20260909109
108,3,set24,alt1,20260909109
108,3,set25,alt1,20260909109
108,3,set28,alt1,20260909109
108,3,set29,alt1,20260909109
108,3,set30,alt2,20260909109
108,3,set31,alt2,20260909109
108,3,set39,alt2,20260909109
108,3,set47,alt2,20260909109
109,2,set1,alt2,20260909110
109,2,set2,alt1,20260909110
109,2,set7,alt1,20260909110
109,2,set8,alt1,20260909110
109,2,set10,alt1,20260909110
109,2,set13,alt1,20260909110
109,2,set36,alt2,20260909110
109,2,set38,alt2,20260909110
109,2,set40,alt2,20260909110
109,2,set44,alt1,20260909110
109,2,set45,alt2,20260909110
109,2,set46,alt1,20260909110
110,4,set14,alt1,20260909111
110,4,set15,alt2,20260909111
110,4,set16,alt2,20260909111
110,4,set17,alt2,20260909111
110,4,set20,alt1,20260909111
110,4,set21,alt1,20260909111
110,4,set23,alt1,20260909111
110,4,set26,alt1,20260909111
110,4,set27,alt1,20260909111
110,4,set32,alt1,20260909111
110,4,set34,alt2,20260909111
110,4,set43,alt2,20260909111
111,1,set5,alt2,20260909112
111,1,set6,alt1,20260909112
111,1,set9,alt2,20260909112
111,1,set11,alt2,20260909112
111,1,set18,alt2,20260909112
111,1,set19,alt2,20260909112
111,1,set33,alt1,20260909112
111,1,set35,alt2,20260909112
111,1,set37,alt1,20260909112
111,1,set41,alt1,20260909112
111,1,set42,alt2,20260909112
111,1,set48,alt2,20260909112
112,2,set1,alt2,20260909113
112,2,set2,alt1,20260909113
112,2,set7,alt1,20260909113
112,2,set8,alt1,20260909113
112,2,set10,alt1,20260909113
112,2,set13,alt1,20260909113
112,2,set36,alt2,20260909113
112,2,set38,alt2,20260909113
112,2,set40,alt2,20260909113
112,2,set44,alt1,20260909113
112,2,set45,alt2,20260909113
112,2,set46,alt1,20260909113
113,1,set5,alt2,20260909114
113,1,set6,alt1,20260909114
113,1,set9,alt2,20260909114
113,1,set11,alt2,20260909114
113,1,set18,alt2,20260909114
113,1,set19,alt2,20260909114
113,1,set33,alt1,20260909114
113,1,set35,alt2,20260909114
113,1,set37,alt1,20260909114
113,1,set41,alt1,20260909114
113,1,set42,alt2,20260909114
113,1,set48,alt2,20260909114
114,2,set1,alt2,20260909115
114,2,set2,alt1,20260909115
114,2,set7,alt1,20260909115
114,2,set8,alt1,20260909115
114,2,set10,alt1,20260909115
114,2,set13,alt1,20260909115
114,2,set36,alt2,20260909115
114,2,set38,alt2,20260909115
114,2,set40,alt2,20260909115
114,2,set44,alt1,20260909115
114,2,set45,alt2,20260909115
114,2,set46,alt1,20260909115
115,4,set14,alt1,20260909116
115,4,set15,alt2,20260909116
115,4,set16,alt2,20260909116
115,4,set17,alt2,20260909116
115,4,set20,alt1,20260909116
115,4,set21,alt1,20260909116
115,4,set23,alt1,20260909116
115,4,set26,alt1,20260909116
115,4,set27,alt1,20260909116
115,4,set32,alt1,20260909116
115,4,set34,alt2,20260909116
115,4,set43,alt2,20260909116
116,3,set3,alt1,20260909117
116,3,set4,alt2,20260909117
116,3,set12,alt1,20260909117
116,3,set22,alt1,20260909117
116,3,set24,alt1,20260909117
116,3,set25,alt1,20260909117
116,3,set28,alt1,20260909117
116,3,set29,alt1,20260909117
116,3,set30,alt2,20260909117
116,3,set31,alt2,20260909117
116,3,set39,alt2,20260909117
116,3,set47,alt2,20260909117
117,3,set3,alt2,20260909118
117,3,set4,alt1,20260909118
117,3,set12,alt1,20260909118
117,3,set22,alt2,20260909118
117,3,set24,alt1,20260909118
117,3,set25,alt2,20260909118
117,3,set28,alt2,20260909118
117,3,set29,alt1,20260909118
117,3,set30,alt2,20260909118
117,3,set31,alt1,20260909118
117,3,set39,alt1,20260909118
117,3,set47,alt2,20260909118
118,1,set5,alt2,20260909119
118,1,set6,alt1,20260909119
118,1,set9,alt2,20260909119
118,1,set11,alt2,20260909119
118,1,set18,alt2,20260909119
118,1,set19,alt2,20260909119
118,1,set33,alt1,20260909119
118,1,set35,alt2,20260909119
118,1,set37,alt1,20260909119
118,1,set41,alt1,20260909119
118,1,set42,alt2,20260909119
118,1,set48,alt2,20260909119
119,4,set14,alt1,20260909120
119,4,set15,alt2,20260909120
119,4,set16,alt2,20260909120
119,4,set17,alt2,20260909120
119,4,set20,alt1,20260909120
119,4,set21,alt1,20260909120
119,4,set23,alt1,20260909120
119,4,set26,alt1,20260909120
119,4,set27,alt1,20260909120
119,4,set32,alt1,20260909120
119,4,set34,alt2,20260909120
119,4,set43,alt2,20260909120
120,4,set14,alt1,20260909121
120,4,set15,alt1,20260909121
120,4,set16,alt1,20260909121
120,4,set17,alt1,20260909121
120,4,set20,alt1,20260909121
120,4,set21,alt1,20260909121
120,4,set23,alt1,20260909121
120,4,set26,alt1,20260909121
120,4,set27,alt1,20260909121
120,4,set32,alt1,20260909121
120,4,set34,alt2,20260909121
120,4,set43,alt1,20260909121
121,3,set3,alt2,20260909122
121,3,set4,alt2,20260909122
121,3,set12,alt1,20260909122
121,3,set22,alt2,20260909122
121,3,set24,alt1,20260909122
121,3,set25,alt1,20260909122
121,3,set28,alt1,20260909122
121,3,set29,alt1,20260909122
121,3,set30,alt2,20260909122
121,3,set31,alt2,20260909122
121,3,set39,alt2,20260909122
121,3,set47,alt2,20260909122
122,2,set1,alt2,20260909123
122,2,set2,alt1,20260909123
122,2,set7,alt1,20260909123
122,2,set8,alt1,20260909123
122,2,set10,alt2,20260909123
122,2,set13,alt1,20260909123
122,2,set36,alt2,20260909123
122,2,set38,alt2,20260909123
122,2,set40,alt2,20260909123
122,2,set44,alt2,20260909123
122,2,set45,alt2,20260909123
122,2,set46,alt2,20260909123
123,2,set1,alt2,20260909124
123,2,set2,alt1,20260909124
123,2,set7,alt1,20260909124
123,2,set8,alt1,20260909124
123,2,set10,alt1,20260909124
123,2,set13,alt1,20260909124
123,2,set36,alt2,20260909124
123,2,set38,alt2,20260909124
123,2,set40,alt2,20260909124
123,2,set44,alt1,20260909124
123,2,set45,alt2,20260909124
123,2,set46,alt1,20260909124
124,1,set5,alt2,20260909125
124,1,set6,alt1,20260909125
124,1,set9,alt2,20260909125
124,1,set11,alt2,20260909125
124,1,set18,alt2,20260909125
124,1,set19,alt2,20260909125
124,1,set33,alt1,20260909125
124,1,set35,alt2,20260909125
124,1,set37,alt1,20260909125
124,1,set41,alt1,20260909125
124,1,set42,alt2,20260909125
124,1,set48,alt2,20260909125
125,2,set1,alt2,20260909126
125,2,set2,alt1,20260909126
125,2,set7,alt1,20260909126
125,2,set8,alt1,20260909126
125,2,set10,alt1,20260909126
125,2,set13,alt1,20260909126
125,2,set36,alt2,20260909126
125,2,set38,alt2,20260909126
125,2,set40,alt2,20260909126
125,2,set44,alt1,20260909126
125,2,set45,alt2,20260909126
125,2,set46,alt1,20260909126
126,2,set1,alt2,20260909127
126,2,set2,alt1,20260909127
126,2,set7,alt1,20260909127
126,2,set8,alt1,20260909127
126,2,set10,alt2,20260909127
126,2,set13,alt1,20260909127
126,2,set36,alt2,20260909127
126,2,set38,alt2,20260909127
126,2,set40,alt2,20260909127
126,2,set44,alt1,20260909127
126,2,set45,alt2,20260909127
126,2,set46,alt1,20260909127
127,3,set3,alt2,20260909128
127,3,set4,alt2,20260909128
127,3,set12,alt1,20260909128
127,3,set22,alt2,20260909128
127,3,set24,alt1,20260909128
127,3,set25,alt1,20260909128
127,3,set28,alt1,20260909128
127,3,set29,alt1,20260909128
127,3,set30,alt2,20260909128
127,3,set31,alt2,20260909128
127,3,set39,alt2,20260909128
127,3,set47,alt2,20260909128
128,1,set5,alt2,20260909129
128,1,set6,alt2,20260909129
128,1,set9,alt2,20260909129
128,1,set11,alt2,20260909129
128,1,set18,alt1,20260909129
128,1,set19,alt2,20260909129
128,1,set33,alt1,20260909129
128,1,set35,alt2,20260909129
128,1,set37,alt1,20260909129
128,1,set41,alt1,20260909129
128,1,set42,alt2,20260909129
128,1,set48,alt2,20260909129
129,3,set3,alt1,20260909130
129,3,set4,alt2,20260909130
129,3,set12,alt1,20260909130
129,3,set22,alt1,20260909130
129,3,set24,alt1,20260909130
129,3,set25,alt1,20260909130
129,3,set28,alt1,20260909130
129,3,set29,alt1,20260909130
129,3,set30,alt2,20260909130
129,3,set31,alt2,20260909130
129,3,set39,alt2,20260909130
129,3,set47,alt2,20260909130
130,4,set14,alt1,20260909131
130,4,set15,alt2,20260909131
130,4,set16,alt2,20260909131
130,4,set17,alt2,20260909131
130,4,set20,alt1,20260909131
130,4,set21,alt1,20260909131
130,4,set23,alt1,20260909131
130,4,set26,alt1,20260909131
130,4,set27,alt1,20260909131
130,4,set32,alt1,20260909131
130,4,set34,alt2,20260909131
130,4,set43,alt2,20260909131
131,3,set3,alt2,20260909132
131,3,set4,alt2,20260909132
131,3,set12,alt1,20260909132
131,3,set22,alt2,20260909132
131,3,set24,alt1,20260909132
131,3,set25,alt1,20260909132
131,3,set28,alt1,20260909132
131,3,set29,alt1,20260909132
131,3,set30,alt2,20260909132
131,3,set31,alt2,20260909132
131,3,set39,alt2,20260909132
131,3,set47,alt2,20260909132
132,4,set14,alt1,20260909133
132,4,set15,alt2,20260909133
132,4,set16,alt2,20260909133
132,4,set17,alt2,20260909133
132,4,set20,alt1,20260909133
132,4,set21,alt1,20260909133
132,4,set23,alt1,20260909133
132,4,set26,alt1,20260909133
132,4,set27,alt1,20260909133
132,4,set32,alt1,20260909133
132,4,set34,alt2,20260909133
132,4,set43,alt2,20260909133
133,4,set14,alt1,20260909134
133,4,set15,alt2,20260909134
133,4,set16,alt2,20260909134
133,4,set17,alt2,20260909134
133,4,set20,alt1,20260909134
133,4,set21,alt1,20260909134
133,4,set23,alt1,20260909134
133,4,set26,alt1,20260909134
133,4,set27,alt1,20260909134
133,4,set32,alt1,20260909134
133,4,set34,alt2,20260909134
133,4,set43,alt2,20260909134
134,4,set14,alt2,20260909135
134,4,set15,alt2,20260909135
134,4,set16,alt1,20260909135
134,4,set17,alt1,20260909135
134,4,set20,alt1,20260909135
134,4,set21,alt1,20260909135
134,4,set23,alt1,20260909135
134,4,set26,alt1,20260909135
134,4,set27,alt2,20260909135
134,4,set32,alt1,20260909135
134,4,set34,alt2,20260909135
134,4,set43,alt1,20260909135
135,2,set1,alt2,20260909136
135,2,set2,alt1,20260909136
135,2,set7,alt1,20260909136
135,2,set8,alt1,20260909136
135,2,set10,alt1,20260909136
135,2,set13,alt1,20260909136
135,2,set36,alt2,20260909136
135,2,set38,alt2,20260909136
135,2,set40,alt2,20260909136
135,2,set44,alt1,20260909136
135,2,set45,alt2,20260909136
135,2,set46,alt1,20260909136
136,4,set14,alt1,20260909137
136,4,set15,alt2,20260909137
136,4,set16,alt2,20260909137
136,4,set17,alt2,20260909137
136,4,set20,alt1,20260909137
136,4,set21,alt1,20260909137
136,4,set23,alt1,20260909137
136,4,set26,alt1,20260909137
136,4,set27,alt1,20260909137
136,4,set32,alt1,20260909137
136,4,set34,alt2,20260909137
136,4,set43,alt2,20260909137
137,4,set14,alt1,20260909138
137,4,set15,alt2,20260909138
137,4,set16,alt2,20260909138
137,4,set17,alt2,20260909138
137,4,set20,alt1,20260909138
137,4,set21,alt1,20260909138
137,4,set23,alt1,20260909138
137,4,set26,alt1,20260909138
137,4,set27,alt1,20260909138
137,4,set32,alt1,20260909138
137,4,set34,alt2,20260909138
137,4,set43,alt2,20260909138
138,3,set3,alt1,20260909139
138,3,set4,alt2,20260909139
138,3,set12,alt1,20260909139
138,3,set22,alt1,20260909139
138,3,set24,alt1,20260909139
138,3,set25,alt1,20260909139
138,3,set28,alt1,20260909139
138,3,set29,alt1,20260909139
138,3,set30,alt2,20260909139
138,3,set31,alt2,20260909139
138,3,set39,alt2,20260909139
138,3,set47,alt2,20260909139
139,2,set1,alt2,20260909140
139,2,set2,alt1,20260909140
139,2,set7,alt1,20260909140
139,2,set8,alt1,20260909140
139,2,set10,alt2,20260909140
139,2,set13,alt1,20260909140
139,2,set36,alt2,20260909140
139,2,set38,alt2,20260909140
139,2,set40,alt2,20260909140
139,2,set44,alt1,20260909140
139,2,set45,alt2,20260909140
139,2,set46,alt1,20260909140
140,4,set14,alt1,20260909141
140,4,set15,alt2,20260909141
140,4,set16,alt2,20260909141
140,4,set17,alt2,20260909141
140,4,set20,alt1,20260909141
140,4,set21,alt1,20260909141
140,4,set23,alt1,20260909141
140,4,set26,alt1,20260909141
140,4,set27,alt1,20260909141
140,4,set32,alt1,20260909141
140,4,set34,alt2,20260909141
140,4,set43,alt2,20260909141
141,2,set1,alt2,20260909142
141,2,set2,alt1,20260909142
141,2,set7,alt1,20260909142
141,2,set8,alt1,20260909142
141,2,set10,alt1,20260909142
141,2,set13,alt1,20260909142
141,2,set36,alt2,20260909142
141,2,set38,alt2,20260909142
141,2,set40,alt2,20260909142
141,2,set44,alt1,20260909142
141,2,set45,alt2,20260909142
141,2,set46,alt1,20260909142
142,2,set1,alt2,20260909143
142,2,set2,alt1,20260909143
142,2,set7,alt1,20260909143
142,2,set8,alt1,20260909143
142,2,set10,alt1,20260909143
142,2,set13,alt1,20260909143
142,2,set36,alt2,20260909143
142,2,set38,alt2,20260909143
142,2,set40,alt2,20260909143
142,2,set44,alt1,20260909143
142,2,set45,alt2,20260909143
142,2,set46,alt1,20260909143
143,4,set14,alt2,20260909144
143,4,set15,alt2,20260909144
143,4,set16,alt1,20260909144
143,4,set17,alt1,20260909144
143,4,set20,alt1,20260909144
143,4,set21,alt1,20260909144
143,4,set23,alt1,20260909144
143,4,set26,alt1,20260909144
143,4,set27,alt2,20260909144
143,4,set32,alt1,20260909144
143,4,set34,alt2,20260909144
143,4,set43,alt1,20260909144
144,4,set14,alt2,20260909145
144,4,set15,alt2,20260909145
144,4,set16,alt1,20260909145
144,4,set17,alt1,20260909145
144,4,set20,alt1,20260909145
144,4,set21,alt1,20260909145
144,4,set23,alt1,20260909145
144,4,set26,alt1,20260909145
144,4,set27,alt2,20260909145
144,4,set32,alt1,20260909145
144,4,set34,alt2,20260909145
144,4,set43,alt1,20260909145
145,3,set3,alt1,20260909146
145,3,set4,alt2,20260909146
145,3,set12,alt1,20260909146
145,3,set22,alt1,20260909146
145,3,set24,alt1,20260909146
145,3,set25,alt1,20260909146
145,3,set28,alt1,20260909146
145,3,set29,alt1,20260909146
145,3,set30,alt2,20260909146
145,3,set31,alt2,20260909146
145,3,set39,alt2,20260909146
145,3,set47,alt2,20260909146
146,1,set5,alt1,20260909147
146,1,set6,alt2,20260909147
146,1,set9,alt1,20260909147
146,1,set11,alt2,20260909147
146,1,set18,alt2,20260909147
146,1,set19,alt2,20260909147
146,1,set33,alt1,20260909147
146,1,set35,alt2,20260909147
146,1,set37,alt1,20260909147
146,1,set41,alt1,20260909147
146,1,set42,alt1,20260909147
146,1,set48,alt2,20260909147
147,3,set3,alt2,20260909148
147,3,set4,alt1,20260909148
147,3,set12,alt1,20260909148
147,3,set22,alt2,20260909148
147,3,set24,alt1,20260909148
147,3,set25,alt2,20260909148
147,3,set28,alt2,20260909148
147,3,set29,alt1,20260909148
147,3,set30,alt1,20260909148
147,3,set31,alt2,20260909148
147,3,set39,alt1,20260909148
147,3,set47,alt1,20260909148
148,1,set5,alt2,20260909149
148,1,set6,alt2,20260909149
148,1,set9,alt2,20260909149
148,1,set11,alt2,20260909149
148,1,set18,alt2,20260909149
148,1,set19,alt1,20260909149
148,1,set33,alt1,20260909149
148,1,set35,alt2,20260909149
148,1,set37,alt1,20260909149
148,1,set41,alt2,20260909149
148,1,set42,alt2,20260909149
148,1,set48,alt2,20260909149
149,1,set5,alt2,20260909150
149,1,set6,alt2,20260909150
149,1,set9,alt2,20260909150
149,1,set11,alt2,20260909150
149,1,set18,alt2,20260909150
149,1,set19,alt2,20260909150
149,1,set33,alt1,20260909150
149,1,set35,alt2,20260909150
149,1,set37,alt1,20260909150
149,1,set41,alt2,20260909150
149,1,set42,alt2,20260909150
149,1,set48,alt2,20260909150
150,1,set5,alt2,20260909151
150,1,set6,alt1,20260909151
150,1,set9,alt2,20260909151
150,1,set11,alt2,20260909151
150,1,set18,alt2,20260909151
150,1,set19,alt2,20260909151
150,1,set33,alt1,20260909151
150,1,set35,alt2,20260909151
150,1,set37,alt1,20260909151
150,1,set41,alt1,20260909151
150,1,set42,alt2,20260909151
150,1,set48,alt2,20260909151
151,1,set5,alt2,20260909152
151,1,set6,alt2,20260909152
151,1,set9,alt2,20260909152
151,1,set11,alt2,20260909152
151,1,set18,alt1,20260909152
151,1,set19,alt2,20260909152
151,1,set33,alt1,20260909152
151,1,set35,alt2,20260909152
151,1,set37,alt1,20260909152
151,1,set41,alt1,20260909152
151,1,set42,alt2,20260909152
151,1,set48,alt2,20260909152
152,4,set14,alt1,20260909153
152,4,set15,alt2,20260909153
152,4,set16,alt1,20260909153
152,4,set17,alt2,20260909153
152,4,set20,alt1,20260909153
152,4,set21,alt1,20260909153
152,4,set23,alt1,20260909153
152,4,set26,alt1,20260909153
152,4,set27,alt1,20260909153
152,4,set32,alt1,20260909153
152,4,set34,alt1,20260909153
152,4,set43,alt1,20260909153
153,2,set1,alt2,20260909154
153,2,set2,alt1,20260909154
153,2,set7,alt2,20260909154
153,2,set8,alt1,20260909154
153,2,set10,alt2,20260909154
153,2,set13,alt1,20260909154
153,2,set36,alt2,20260909154
153,2,set38,alt1,20260909154
153,2,set40,alt2,20260909154
153,2,set44,alt2,20260909154
153,2,set45,alt2,20260909154
153,2,set46,alt2,20260909154
154,4,set14,alt2,20260909155
154,4,set15,alt2,20260909155
154,4,set16,alt1,20260909155
154,4,set17,alt1,20260909155
154,4,set20,alt1,20260909155
154,4,set21,alt1,20260909155
154,4,set23,alt1,20260909155
154,4,set26,alt1,20260909155
154,4,set27,alt2,20260909155
154,4,set32,alt1,20260909155
154,4,set34,alt2,20260909155
154,4,set43,alt1,20260909155
155,3,set3,alt1,20260909156
155,3,set4,alt2,20260909156
155,3,set12,alt1,20260909156
155,3,set22,alt1,20260909156
155,3,set24,alt1,20260909156
155,3,set25,alt1,20260909156
155,3,set28,alt1,20260909156
155,3,set29,alt1,20260909156
155,3,set30,alt2,20260909156
155,3,set31,alt2,20260909156
155,3,set39,alt2,20260909156
155,3,set47,alt2,20260909156
156,1,set5,alt2,20260909157
156,1,set6,alt1,20260909157
156,1,set9,alt2,20260909157
156,1,set11,alt2,20260909157
156,1,set18,alt2,20260909157
156,1,set19,alt2,20260909157
156,1,set33,alt1,20260909157
156,1,set35,alt2,20260909157
156,1,set37,alt1,20260909157
156,1,set41,alt1,20260909157
156,1,set42,alt2,20260909157
156,1,set48,alt2,20260909157
157,3,set3,alt2,20260909158
157,3,set4,alt1,20260909158
157,3,set12,alt1,20260909158
157,3,set22,alt2,20260909158
157,3,set24,alt1,20260909158
157,3,set25,alt2,20260909158
157,3,set28,alt2,20260909158
157,3,set29,alt1,20260909158
157,3,set30,alt2,20260909158
157,3,set31,alt1,20260909158
157,3,set39,alt1,20260909158
157,3,set47,alt2,20260909158
158,3,set3,alt2,20260909159
158,3,set4,alt2,20260909159
158,3,set12,alt1,20260909159
158,3,set22,alt2,20260909159
158,3,set24,alt1,20260909159
158,3,set25,alt1,20260909159
158,3,set28,alt1,20260909159
158,3,set29,alt1,20260909159
158,3,set30,alt2,20260909159
158,3,set31,alt2,20260909159
158,3,set39,alt2,20260909159
158,3,set47,alt2,20260909159
159,3,set3,alt2,20260909160
159,3,set4,alt1,20260909160
159,3,set12,alt1,20260909160
159,3,set22,alt2,20260909160
159,3,set24,alt1,20260909160
159,3,set25,alt2,20260909160
159,3,set28,alt2,20260909160
159,3,set29,alt1,20260909160
159,3,set30,alt2,20260909160
159,3,set31,alt1,20260909160
159,3,set39,alt1,20260909160
159,3,set47,alt2,20260909160
160,3,set3,alt1,20260909161
160,3,set4,alt2,20260909161
160,3,set12,alt1,20260909161
160,3,set22,alt1,20260909161
160,3,set24,alt1,20260909161
160,3,set25,alt1,20260909161
160,3,set28,alt1,20260909161
160,3,set29,alt1,20260909161
160,3,set30,alt2,20260909161
160,3,set31,alt2,20260909161
160,3,set39,alt2,20260909161
160,3,set47,alt2,20260909161
161,2,set1,alt2,20260909162
161,2,set2,alt1,20260909162
161,2,set7,alt1,20260909162
161,2,set8,alt1,20260909162
161,2,set10,alt1,20260909162
161,2,set13,alt1,20260909162
161,2,set36,alt2,20260909162
161,2,set38,alt2,20260909162
161,2,set40,alt2,20260909162
161,2,set44,alt1,20260909162
161,2,set45,alt2,20260909162
161,2,set46,alt1,20260909162
162,4,set14,alt1,20260909163
162,4,set15,alt1,20260909163
162,4,set16,alt1,20260909163
162,4,set17,alt1,20260909163
162,4,set20,alt1,20260909163
162,4,set21,alt1,20260909163
162,4,set23,alt1,20260909163
162,4,set26,alt1,20260909163
162,4,set27,alt1,20260909163
162,4,set32,alt1,20260909163
162,4,set34,alt2,20260909163
162,4,set43,alt1,20260909163
163,4,set14,alt2,20260909164
163,4,set15,alt2,20260909164
163,4,set16,alt1,20260909164
163,4,set17,alt1,20260909164
163,4,set20,alt1,20260909164
163,4,set21,alt1,20260909164
163,4,set23,alt1,20260909164
163,4,set26,alt1,20260909164
163,4,set27,alt2,20260909164
163,4,set32,alt1,20260909164
163,4,set34,alt2,20260909164
163,4,set43,alt1,20260909164
164,3,set3,alt2,20260909165
164,3,set4,alt2,20260909165
164,3,set12,alt1,20260909165
164,3,set22,alt2,20260909165
164,3,set24,alt1,20260909165
164,3,set25,alt1,20260909165
164,3,set28,alt1,20260909165
164,3,set29,alt1,20260909165
164,3,set30,alt2,20260909165
164,3,set31,alt2,20260909165
164,3,set39,alt2,20260909165
164,3,set47,alt2,20260909165
165,1,set5,alt2,20260909166
165,1,set6,alt1,20260909166
165,1,set9,alt2,20260909166
165,1,set11,alt2,20260909166
165,1,set18,alt2,20260909166
165,1,set19,alt2,20260909166
165,1,set33,alt1,20260909166
165,1,set35,alt2,20260909166
165,1,set37,alt1,20260909166
165,1,set41,alt1,20260909166
165,1,set42,alt2,20260909166
165,1,set48,alt2,20260909166
166,4,set14,alt1,20260909167
166,4,set15,alt2,20260909167
166,4,set16,alt2,20260909167
166,4,set17,alt2,20260909167
166,4,set20,alt1,20260909167
166,4,set21,alt1,20260909167
166,4,set23,alt1,20260909167
166,4,set26,alt1,20260909167
166,4,set27,alt1,20260909167
166,4,set32,alt1,20260909167
166,4,set34,alt2,20260909167
166,4,set43,alt2,20260909167
167,2,set1,alt2,20260909168
167,2,set2,alt1,20260909168
167,2,set7,alt1,20260909168
167,2,set8,alt1,20260909168
167,2,set10,alt1,20260909168
167,2,set13,alt1,20260909168
167,2,set36,alt2,20260909168
167,2,set38,alt2,20260909168
167,2,set40,alt2,20260909168
167,2,set44,alt1,20260909168
167,2,set45,alt2,20260909168
167,2,set46,alt1,20260909168
168,2,set1,alt2,20260909169
168,2,set2,alt1,20260909169
168,2,set7,alt1,20260909169
168,2,set8,alt1,20260909169
168,2,set10,alt1,20260909169
168,2,set13,alt1,20260909169
168,2,set36,alt2,20260909169
168,2,set38,alt2,20260909169
168,2,set40,alt2,20260909169
168,2,set44,alt1,20260909169
168,2,set45,alt2,20260909169
168,2,set46,alt1,20260909169
169,4,set14,alt1,20260909170
169,4,set15,alt2,20260909170
169,4,set16,alt2,20260909170
169,4,set17,alt2,20260909170
169,4,set20,alt1,20260909170
169,4,set21,alt1,20260909170
169,4,set23,alt1,20260909170
169,4,set26,alt1,20260909170
169,4,set27,alt1,20260909170
169,4,set32,alt1,20260909170
169,4,set34,alt2,20260909170
169,4,set43,alt2,20260909170
170,1,set5,alt2,20260909171
170,1,set6,alt2,20260909171
170,1,set9,alt2,20260909171
170,1,set11,alt2,20260909171
170,1,set18,alt1,20260909171
170,1,set19,alt2,20260909171
170,1,set33,alt1,20260909171
170,1,set35,alt2,20260909171
170,1,set37,alt1,20260909171
170,1,set41,alt1,20260909171
170,1,set42,alt2,20260909171
170,1,set48,alt2,20260909171
171,1,set5,alt2,20260909172
171,1,set6,alt2,20260909172
171,1,set9,alt2,20260909172
171,1,set11,alt2,20260909172
171,1,set18,alt1,20260909172
171,1,set19,alt2,20260909172
171,1,set33,alt1,20260909172
171,1,set35,alt2,20260909172
171,1,set37,alt1,20260909172
171,1,set41,alt1,20260909172
171,1,set42,alt2,20260909172
171,1,set48,alt2,20260909172
172,4,set14,alt1,20260909173
172,4,set15,alt1,20260909173
172,4,set16,alt1,20260909173
172,4,set17,alt1,20260909173
172,4,set20,alt1,20260909173
172,4,set21,alt1,20260909173
172,4,set23,alt1,20260909173
172,4,set26,alt1,20260909173
172,4,set27,alt1,20260909173
172,4,set32,alt1,20260909173
172,4,set34,alt2,20260909173
172,4,set43,alt1,20260909173
173,3,set3,alt2,20260909174
173,3,set4,alt2,20260909174
173,3,set12,alt1,20260909174
173,3,set22,alt2,20260909174
173,3,set24,alt1,20260909174
173,3,set25,alt1,20260909174
173,3,set28,alt1,20260909174
173,3,set29,alt1,20260909174
173,3,set30,alt2,20260909174
173,3,set31,alt2,20260909174
173,3,set39,alt2,20260909174
173,3,set47,alt2,20260909174
174,3,set3,alt2,20260909175
174,3,set4,alt2,20260909175
174,3,set12,alt1,20260909175
174,3,set22,alt2,20260909175
174,3,set24,alt1,20260909175
174,3,set25,alt1,20260909175
174,3,set28,alt1,20260909175
174,3,set29,alt1,20260909175
174,3,set30,alt2,20260909175
174,3,set31,alt2,20260909175
174,3,set39,alt2,20260909175
174,3,set47,alt2,20260909175
175,4,set14,alt1,20260909176
175,4,set15,alt2,20260909176
175,4,set16,alt2,20260909176
175,4,set17,alt2,20260909176
175,4,set20,alt1,20260909176
175,4,set21,alt1,20260909176
175,4,set23,alt1,20260909176
175,4,set26,alt1,20260909176
175,4,set27,alt1,20260909176
175,4,set32,alt1,20260909176
175,4,set34,alt2,20260909176
175,4,set43,alt2,20260909176
176,3,set3,alt1,20260909177
176,3,set4,alt2,20260909177
176,3,set12,alt1,20260909177
176,3,set22,alt1,20260909177
176,3,set24,alt1,20260909177
176,3,set25,alt1,20260909177
176,3,set28,alt1,20260909177
176,3,set29,alt1,20260909177
176,3,set30,alt2,20260909177
176,3,set31,alt2,20260909177
176,3,set39,alt2,20260909177
176,3,set47,alt2,20260909177
177,2,set1,alt2,20260909178
177,2,set2,alt1,20260909178
177,2,set7,alt1,20260909178
177,2,set8,alt1,20260909178
177,2,set10,alt2,20260909178
177,2,set13,alt1,20260909178
177,2,set36,alt2,20260909178
177,2,set38,alt2,20260909178
177,2,set40,alt2,20260909178
177,2,set44,alt1,20260909178
177,2,set45,alt2,20260909178
177,2,set46,alt1,20260909178
178,4,set14,alt1,20260909179
178,4,set15,alt2,20260909179
178,4,set16,alt2,20260909179
178,4,set17,alt2,20260909179
178,4,set20,alt1,20260909179
178,4,set21,alt1,20260909179
178,4,set23,alt1,20260909179
178,4,set26,alt1,20260909179
178,4,set27,alt1,20260909179
178,4,set32,alt1,20260909179
178,4,set34,alt2,20260909179
178,4,set43,alt2,20260909179
179,3,set3,alt1,20260909180
179,3,set4,alt2,20260909180
179,3,set12,alt1,20260909180
179,3,set22,alt1,20260909180
179,3,set24,alt1,20260909180
179,3,set25,alt1,20260909180
179,3,set28,alt1,20260909180
179,3,set29,alt1,20260909180
179,3,set30,alt2,20260909180
179,3,set31,alt2,20260909180
179,3,set39,alt2,20260909180
179,3,set47,alt2,20260909180
180,2,set1,alt2,20260909181
180,2,set2,alt1,20260909181
180,2,set7,alt2,20260909181
180,2,set8,alt1,20260909181
180,2,set10,alt2,20260909181
180,2,set13,alt1,20260909181
180,2,set36,alt2,20260909181
180,2,set38,alt1,20260909181
180,2,set40,alt2,20260909181
180,2,set44,alt2,20260909181
180,2,set45,alt2,20260909181
180,2,set46,alt2,20260909181
181,2,set1,alt2,20260909182
181,2,set2,alt1,20260909182
181,2,set7,alt1,20260909182
181,2,set8,alt1,20260909182
181,2,set10,alt1,20260909182
181,2,set13,alt1,20260909182
181,2,set36,alt2,20260909182
181,2,set38,alt2,20260909182
181,2,set40,alt2,20260909182
181,2,set44,alt1,20260909182
181,2,set45,alt2,20260909182
181,2,set46,alt1,20260909182
182,2,set1,alt2,20260909183
182,2,set2,alt1,20260909183
182,2,set7,alt2,20260909183
182,2,set8,alt1,20260909183
182,2,set10,alt2,20260909183
182,2,set13,alt1,20260909183
182,2,set36,alt2,20260909183
182,2,set38,alt1,20260909183
182,2,set40,alt2,20260909183
182,2,set44,alt2,20260909183
182,2,set45,alt2,20260909183
182,2,set46,alt2,20260909183
183,3,set3,alt1,20260909184
183,3,set4,alt2,20260909184
183,3,set12,alt1,20260909184
183,3,set22,alt1,20260909184
183,3,set24,alt1,20260909184
183,3,set25,alt1,20260909184
183,3,set28,alt1,20260909184
183,3,set29,alt1,20260909184
183,3,set30,alt2,20260909184
183,3,set31,alt2,20260909184
183,3,set39,alt2,20260909184
183,3,set47,alt2,20260909184
184,2,set1,alt2,20260909185
184,2,set2,alt1,20260909185
184,2,set7,alt1,20260909185
184,2,set8,alt1,20260909185
184,2,set10,alt1,20260909185
184,2,set13,alt1,20260909185
184,2,set36,alt2,20260909185
184,2,set38,alt2,20260909185
184,2,set40,alt2,20260909185
184,2,set44,alt1,20260909185
184,2,set45,alt2,20260909185
184,2,set46,alt1,20260909185
185,2,set1,alt2,20260909186
185,2,set2,alt1,20260909186
185,2,set7,alt2,20260909186
185,2,set8,alt1,20260909186
185,2,set10,alt2,20260909186
185,2,set13,alt1,20260909186
185,2,set36,alt2,20260909186
185,2,set38,alt1,20260909186
185,2,set40,alt2,20260909186
185,2,set44,alt2,20260909186
185,2,set45,alt2,20260909186
185,2,set46,alt2,20260909186
186,1,set5,alt2,20260909187
186,1,set6,alt2,20260909187
186,1,set9,alt2,20260909187
186,1,set11,alt2,20260909187
186,1,set18,alt2,20260909187
186,1,set19,alt2,20260909187
186,1,set33,alt1,20260909187
186,1,set35,alt2,20260909187
186,1,set37,alt1,20260909187
186,1,set41,alt2,20260909187
186,1,set42,alt2,20260909187
186,1,set48,alt2,20260909187
187,1,set5,alt2,20260909188
187,1,set6,alt1,20260909188
187,1,set9,alt2,20260909188
187,1,set11,alt2,20260909188
187,1,set18,alt2,20260909188
187,1,set19,alt2,20260909188
187,1,set33,alt1,20260909188
187,1,set35,alt2,20260909188
187,1,set37,alt1,20260909188
187,1,set41,alt1,20260909188
187,1,set42,alt2,20260909188
187,1,set48,alt2,20260909188
188,2,set1,alt2,20260909189
188,2,set2,alt1,20260909189
188,2,set7,alt2,20260909189
188,2,set8,alt1,20260909189
188,2,set10,alt2,20260909189
188,2,set13,alt1,20260909189
188,2,set36,alt2,20260909189
188,2,set38,alt1,20260909189
188,2,set40,alt2,20260909189
188,2,set44,alt2,20260909189
188,2,set45,alt2,20260909189
188,2,set46,alt2,20260909189
189,4,set14,alt1,20260909190
189,4,set15,alt2,20260909190
189,4,set16,alt2,20260909190
189,4,set17,alt2,20260909190
189,4,set20,alt1,20260909190
189,4,set21,alt1,20260909190
189,4,set23,alt1,20260909190
189,4,set26,alt1,20260909190
189,4,set27,alt1,20260909190
189,4,set32,alt1,20260909190
189,4,set34,alt2,20260909190
189,4,set43,alt2,20260909190
190,1,set5,alt2,20260909191
190,1,set6,alt2,20260909191
190,1,set9,alt2,20260909191
190,1,set11,alt2,20260909191
190,1,set18,alt1,20260909191
190,1,set19,alt2,20260909191
190,1,set33,alt1,20260909191
190,1,set35,alt2,20260909191
190,1,set37,alt1,20260909191
190,1,set41,alt1,20260909191
190,1,set42,alt2,20260909191
190,1,set48,alt2,20260909191
191,3,set3,alt1,20260909192
191,3,set4,alt2,20260909192
191,3,set12,alt1,20260909192
191,3,set22,alt1,20260909192
191,3,set24,alt1,20260909192
191,3,set25,alt1,20260909192
191,3,set28,alt1,20260909192
191,3,set29,alt1,20260909192
191,3,set30,alt2,20260909192
191,3,set31,alt2,20260909192
191,3,set39,alt2,20260909192
191,3,set47,alt2,20260909192
192,4,set14,alt1,20260909193
192,4,set15,alt2,20260909193
192,4,set16,alt2,20260909193
192,4,set17,alt2,20260909193
192,4,set20,alt1,20260909193
192,4,set21,alt1,20260909193
192,4,set23,alt1,20260909193
192,4,set26,alt1,20260909193
192,4,set27,alt1,20260909193
192,4,set32,alt1,20260909193
192,4,set34,alt2,20260909193
192,4,set43,alt2,20260909193
193,1,set5,alt2,20260909194
193,1,set6,alt1,20260909194
193,1,set9,alt2,20260909194
193,1,set11,alt2,20260909194
193,1,set18,alt2,20260909194
193,1,set19,alt2,20260909194
193,1,set33,alt1,20260909194
193,1,set35,alt2,20260909194
193,1,set37,alt1,20260909194
193,1,set41,alt1,20260909194
193,1,set42,alt2,20260909194
193,1,set48,alt2,20260909194
194,3,set3,alt1,20260909195
194,3,set4,alt2,20260909195
194,3,set12,alt1,20260909195
194,3,set22,alt1,20260909195
194,3,set24,alt1,20260909195
194,3,set25,alt1,20260909195
194,3,set28,alt1,20260909195
194,3,set29,alt1,20260909195
194,3,set30,alt2,20260909195
194,3,set31,alt2,20260909195
194,3,set39,alt2,20260909195
194,3,set47,alt2,20260909195
195,1,set5,alt2,20260909196
195,1,set6,alt2,20260909196
195,1,set9,alt2,20260909196
195,1,set11,alt2,20260909196
195,1,set18,alt2,20260909196
195,1,set19,alt2,20260909196
195,1,set33,alt1,20260909196
195,1,set35,alt2,20260909196
195,1,set37,alt1,20260909196
195,1,set41,alt2,20260909196
195,1,set42,alt2,20260909196
195,1,set48,alt2,20260909196
196,1,set5,alt2,20260909197
196,1,set6,alt2,20260909197
196,1,set9,alt2,20260909197
196,1,set11,alt2,20260909197
196,1,set18,alt2,20260909197
196,1,set19,alt2,20260909197
196,1,set33,alt1,20260909197
196,1,set35,alt2,20260909197
196,1,set37,alt1,20260909197
196,1,set41,alt2,20260909197
196,1,set42,alt2,20260909197
196,1,set48,alt2,20260909197
197,1,set5,alt1,20260909198
197,1,set6,alt1,20260909198
197,1,set9,alt1,20260909198
197,1,set11,alt2,20260909198
197,1,set18,alt1,20260909198
197,1,set19,alt1,20260909198
197,1,set33,alt2,20260909198
197,1,set35,alt2,20260909198
197,1,set37,alt1,20260909198
197,1,set41,alt1,20260909198
197,1,set42,alt2,20260909198
197,1,set48,alt2,20260909198
198,2,set1,alt2,20260909199
198,2,set2,alt1,20260909199
198,2,set7,alt1,20260909199
198,2,set8,alt1,20260909199
198,2,set10,alt1,20260909199
198,2,set13,alt1,20260909199
198,2,set36,alt1,20260909199
198,2,set38,alt2,20260909199
198,2,set40,alt1,20260909199
198,2,set44,alt2,20260909199
198,2,set45,alt2,20260909199
198,2,set46,alt2,20260909199
199,1,set5,alt2,20260909200
199,1,set6,alt2,20260909200
199,1,set9,alt2,20260909200
199,1,set11,alt2,20260909200
199,1,set18,alt1,20260909200
199,1,set19,alt2,20260909200
199,1,set33,alt1,20260909200
199,1,set35,alt2,20260909200
199,1,set37,alt1,20260909200
199,1,set41,alt1,20260909200
199,1,set42,alt2,20260909200
199,1,set48,alt2,20260909200
200,3,set3,alt2,20260909201
200,3,set4,alt2,20260909201
200,3,set12,alt1,20260909201
200,3,set22,alt2,20260909201
200,3,set24,alt1,20260909201
200,3,set25,alt1,20260909201
200,3,set28,alt1,20260909201
200,3,set29,alt1,20260909201
200,3,set30,alt2,20260909201
200,3,set31,alt2,20260909201
200,3,set39,alt2,20260909201
200,3,set47,alt2,20260909201
201,4,set14,alt1,20260909202
201,4,set15,alt2,20260909202
201,4,set16,alt2,20260909202
201,4,set17,alt2,20260909202
201,4,set20,alt1,20260909202
201,4,set21,alt1,20260909202
201,4,set23,alt1,20260909202
201,4,set26,alt1,20260909202
201,4,set27,alt1,20260909202
201,4,set32,alt1,20260909202
201,4,set34,alt2,20260909202
201,4,set43,alt2,20260909202
202,1,set5,alt2,20260909203
202,1,set6,alt2,20260909203
202,1,set9,alt2,20260909203
202,1,set11,alt2,20260909203
202,1,set18,alt2,20260909203
202,1,set19,alt1,20260909203
202,1,set33,alt1,20260909203
202,1,set35,alt2,20260909203
202,1,set37,alt1,20260909203
202,1,set41,alt2,20260909203
202,1,set42,alt2,20260909203
202,1,set48,alt2,20260909203
203,3,set3,alt1,20260909204
203,3,set4,alt2,20260909204
203,3,set12,alt1,20260909204
203,3,set22,alt1,20260909204
203,3,set24,alt1,20260909204
203,3,set25,alt1,20260909204
203,3,set28,alt1,20260909204
203,3,set29,alt1,20260909204
203,3,set30,alt2,20260909204
203,3,set31,alt2,20260909204
203,3,set39,alt2,20260909204
203,3,set47,alt2,20260909204
204,4,set14,alt1,20260909205
204,4,set15,alt2,20260909205
204,4,set16,alt2,20260909205
204,4,set17,alt2,20260909205
204,4,set20,alt1,20260909205
204,4,set21,alt1,20260909205
204,4,set23,alt1,20260909205
204,4,set26,alt1,20260909205
204,4,set27,alt1,20260909205
204,4,set32,alt1,20260909205
204,4,set34,alt2,20260909205
204,4,set43,alt2,20260909205
205,1,set5,alt1,20260909206
205,1,set6,alt1,20260909206
205,1,set9,alt1,20260909206
205,1,set11,alt2,20260909206
205,1,set18,alt1,20260909206
205,1,set19,alt1,20260909206
205,1,set33,alt2,20260909206
205,1,set35,alt2,20260909206
205,1,set37,alt1,20260909206
205,1,set41,alt1,20260909206
205,1,set42,alt2,20260909206
205,1,set48,alt2,20260909206
206,3,set3,alt2,20260909207
206,3,set4,alt2,20260909207
206,3,set12,alt1,20260909207
206,3,set22,alt2,20260909207
206,3,set24,alt1,20260909207
206,3,set25,alt1,20260909207
206,3,set28,alt1,20260909207
206,3,set29,alt1,20260909207
206,3,set30,alt2,20260909207
206,3,set31,alt2,20260909207
206,3,set39,alt2,20260909207
206,3,set47,alt2,20260909207
207,3,set3,alt1,20260909208
207,3,set4,alt2,20260909208
207,3,set12,alt1,20260909208
207,3,set22,alt1,20260909208
207,3,set24,alt1,20260909208
207,3,set25,alt1,20260909208
207,3,set28,alt1,20260909208
207,3,set29,alt1,20260909208
207,3,set30,alt2,20260909208
207,3,set31,alt2,20260909208
207,3,set39,alt2,20260909208
207,3,set47,alt2,20260909208
208,2,set1,alt2,20260909209
208,2,set2,alt1,20260909209
208,2,set7,alt1,20260909209
208,2,set8,alt1,20260909209
208,2,set10,alt1,20260909209
208,2,set13,alt1,20260909209
208,2,set36,alt2,20260909209
208,2,set38,alt2,20260909209
208,2,set40,alt2,20260909209
208,2,set44,alt1,20260909209
208,2,set45,alt2,20260909209
208,2,set46,alt1,20260909209
209,2,set1,alt2,20260909210
209,2,set2,alt1,20260909210
209,2,set7,alt1,20260909210
209,2,set8,alt1,20260909210
209,2,set10,alt1,20260909210
209,2,set13,alt1,20260909210
209,2,set36,alt2,20260909210
209,2,set38,alt2,20260909210
209,2,set40,alt2,20260909210
209,2,set44,alt1,20260909210
209,2,set45,alt2,20260909210
209,2,set46,alt1,20260909210
210,2,set1,alt2,20260909211
210,2,set2,alt1,20260909211
210,2,set7,alt1,20260909211
210,2,set8,alt1,20260909211
210,2,set10,alt1,20260909211
210,2,set13,alt1,20260909211
210,2,set36,alt2,20260909211
210,2,set38,alt2,20260909211
210,2,set40,alt2,20260909211
210,2,set44,alt1,20260909211
210,2,set45,alt2,20260909211
210,2,set46,alt1,20260909211
211,4,set14,alt1,20260909212
211,4,set15,alt2,20260909212
211,4,set16,alt2,20260909212
211,4,set17,alt2,20260909212
211,4,set20,alt1,20260909212
211,4,set21,alt1,20260909212
211,4,set23,alt1,20260909212
211,4,set26,alt1,20260909212
211,4,set27,alt1,20260909212
211,4,set32,alt1,20260909212
211,4,set34,alt2,20260909212
211,4,set43,alt2,20260909212
212,2,set1,alt2,20260909213
212,2,set2,alt1,20260909213
212,2,set7,alt1,20260909213
212,2,set8,alt1,20260909213
212,2,set10,alt1,20260909213
212,2,set13,alt1,20260909213
212,2,set36,alt2,20260909213
212,2,set38,alt2,20260909213
212,2,set40,alt2,20260909213
212,2,set44,alt1,20260909213
212,2,set45,alt2,20260909213
212,2,set46,alt1,20260909213
213,2,set1,alt2,20260909214
213,2,set2,alt1,20260909214
213,2,set7,alt1,20260909214
213,2,set8,alt1,20260909214
213,2,set10,alt2,20260909214
213,2,set13,alt1,20260909214
213,2,set36,alt2,20260909214
213,2,set38,alt2,20260909214
213,2,set40,alt2,20260909214
213,2,set44,alt1,20260909214
213,2,set45,alt2,20260909214
213,2,set46,alt1,20260909214
214,2,set1,alt2,20260909215
214,2,set2,alt1,20260909215
214,2,set7,alt1,20260909215
214,2,set8,alt1,20260909215
214,2,set10,alt1,20260909215
214,2,set13,alt1,20260909215
214,2,set36,alt2,20260909215
214,2,set38,alt2,20260909215
214,2,set40,alt2,20260909215
214,2,set44,alt1,20260909215
214,2,set45,alt2,20260909215
214,2,set46,alt1,20260909215
215,2,set1,alt2,20260909216
215,2,set2,alt1,20260909216
215,2,set7,alt1,20260909216
215,2,set8,alt1,20260909216
215,2,set10,alt1,20260909216
215,2,set13,alt1,20260909216
215,2,set36,alt2,20260909216
215,2,set38,alt2,20260909216
215,2,set40,alt2,20260909216
215,2,set44,alt1,20260909216
215,2,set45,alt2,20260909216
215,2,set46,alt1,20260909216
216,1,set5,alt2,20260909217
216,1,set6,alt2,20260909217
216,1,set9,alt2,20260909217
216,1,set11,alt2,20260909217
216,1,set18,alt1,20260909217
216,1,set19,alt2,20260909217
216,1,set33,alt1,20260909217
216,1,set35,alt2,20260909217
216,1,set37,alt1,20260909217
216,1,set41,alt1,20260909217
216,1,set42,alt2,20260909217
216,1,set48,alt2,20260909217
217,2,set1,alt2,20260909218
217,2,set2,alt1,20260909218
217,2,set7,alt1,20260909218
217,2,set8,alt1,20260909218
217,2,set10,alt1,20260909218
217,2,set13,alt1,20260909218
217,2,set36,alt2,20260909218
217,2,set38,alt2,20260909218
217,2,set40,alt2,20260909218
217,2,set44,alt1,20260909218
217,2,set45,alt2,20260909218
217,2,set46,alt1,20260909218
218,4,set14,alt1,20260909219
218,4,set15,alt1,20260909219
218,4,set16,alt1,20260909219
218,4,set17,alt1,20260909219
218,4,set20,alt1,20260909219
218,4,set21,alt1,20260909219
218,4,set23,alt1,20260909219
218,4,set26,alt1,20260909219
218,4,set27,alt1,20260909219
218,4,set32,alt1,20260909219
218,4,set34,alt2,20260909219
218,4,set43,alt1,20260909219
219,2,set1,alt2,20260909220
219,2,set2,alt1,20260909220
219,2,set7,alt1,20260909220
219,2,set8,alt1,20260909220
219,2,set10,alt1,20260909220
219,2,set13,alt1,20260909220
219,2,set36,alt2,20260909220
219,2,set38,alt2,20260909220
219,2,set40,alt2,20260909220
219,2,set44,alt1,20260909220
219,2,set45,alt2,20260909220
219,2,set46,alt1,20260909220
220,1,set5,alt2,20260909221
220,1,set6,alt2,20260909221
220,1,set9,alt2,20260909221
220,1,set11,alt2,20260909221
220,1,set18,alt2,20260909221
220,1,set19,alt2,20260909221
220,1,set33,alt1,20260909221
220,1,set35,alt2,20260909221
220,1,set37,alt1,20260909221
220,1,set41,alt2,20260909221
220,1,set42,alt2,20260909221
220,1,set48,alt2,20260909221
221,4,set14,alt1,20260909222
221,4,set15,alt1,20260909222
221,4,set16,alt1,20260909222
221,4,set17,alt1,20260909222
221,4,set20,alt1,20260909222
221,4,set21,alt1,20260909222
221,4,set23,alt1,20260909222
221,4,set26,alt1,20260909222
221,4,set27,alt1,20260909222
221,4,set32,alt1,20260909222
221,4,set34,alt2,20260909222
221,4,set43,alt1,20260909222
222,3,set3,alt2,20260909223
222,3,set4,alt1,20260909223
222,3,set12,alt1,20260909223
222,3,set22,alt2,20260909223
222,3,set24,alt1,20260909223
222,3,set25,alt2,20260909223
222,3,set28,alt2,20260909223
222,3,set29,alt1,20260909223
222,3,set30,alt2,20260909223
222,3,set31,alt1,20260909223
222,3,set39,alt1,20260909223
222,3,set47,alt2,20260909223
223,3,set3,alt1,20260909224
223,3,set4,alt2,20260909224
223,3,set12,alt1,20260909224
223,3,set22,alt1,20260909224
223,3,set24,alt1,20260909224
223,3,set25,alt1,20260909224
223,3,set28,alt1,20260909224
223,3,set29,alt1,20260909224
223,3,set30,alt2,20260909224
223,3,set31,alt2,20260909224
223,3,set39,alt2,20260909224
223,3,set47,alt2,20260909224
224,1,set5,alt2,20260909225
224,1,set6,alt2,20260909225
224,1,set9,alt2,20260909225
224,1,set11,alt2,20260909225
224,1,set18,alt2,20260909225
224,1,set19,alt2,20260909225
224,1,set33,alt1,20260909225
224,1,set35,alt2,20260909225
224,1,set37,alt1,20260909225
224,1,set41,alt2,20260909225
224,1,set42,alt2,20260909225
224,1,set48,alt2,20260909225
225,1,set5,alt2,20260909226
225,1,set6,alt1,20260909226
225,1,set9,alt2,20260909226
225,1,set11,alt2,20260909226
225,1,set18,alt2,20260909226
225,1,set19,alt2,20260909226
225,1,set33,alt1,20260909226
225,1,set35,alt2,20260909226
225,1,set37,alt1,20260909226
225,1,set41,alt1,20260909226
225,1,set42,alt2,20260909226
225,1,set48,alt2,20260909226
226,3,set3,alt1,20260909227
226,3,set4,alt2,20260909227
226,3,set12,alt1,20260909227
226,3,set22,alt1,20260909227
226,3,set24,alt1,20260909227
226,3,set25,alt1,20260909227
226,3,set28,alt1,20260909227
226,3,set29,alt1,20260909227
226,3,set30,alt2,20260909227
226,3,set31,alt2,20260909227
226,3,set39,alt2,20260909227
226,3,set47,alt2,20260909227
227,4,set14,alt1,20260909228
227,4,set15,alt1,20260909228
227,4,set16,alt1,20260909228
227,4,set17,alt1,20260909228
227,4,set20,alt1,20260909228
227,4,set21,alt1,20260909228
227,4,set23,alt1,20260909228
227,4,set26,alt1,20260909228
227,4,set27,alt1,20260909228
227,4,set32,alt1,20260909228
227,4,set34,alt2,20260909228
227,4,set43,alt1,20260909228
228,4,set14,alt1,20260909229
228,4,set15,alt2,20260909229
228,4,set16,alt2,20260909229
228,4,set17,alt2,20260909229
228,4,set20,alt1,20260909229
228,4,set21,alt1,20260909229
228,4,set23,alt1,20260909229
228,4,set26,alt1,20260909229
228,4,set27,alt1,20260909229
228,4,set32,alt1,20260909229
228,4,set34,alt2,20260909229
228,4,set43,alt2,20260909229
229,4,set14,alt2,20260909230
229,4,set15,alt2,20260909230
229,4,set16,alt1,20260909230
229,4,set17,alt1,20260909230
229,4,set20,alt1,20260909230
229,4,set21,alt1,20260909230
229,4,set23,alt1,20260909230
229,4,set26,alt1,20260909230
229,4,set27,alt2,20260909230
229,4,set32,alt1,20260909230
229,4,set34,alt2,20260909230
229,4,set43,alt1,20260909230
230,1,set5,alt2,20260909231
230,1,set6,alt2,20260909231
230,1,set9,alt2,20260909231
230,1,set11,alt2,20260909231
230,1,set18,alt2,20260909231
230,1,set19,alt2,20260909231
230,1,set33,alt1,20260909231
230,1,set35,alt2,20260909231
230,1,set37,alt1,20260909231
230,1,set41,alt2,20260909231
230,1,set42,alt2,20260909231
230,1,set48,alt2,20260909231
231,3,set3,alt2,20260909232
231,3,set4,alt1,20260909232
231,3,set12,alt1,20260909232
231,3,set22,alt2,20260909232
231,3,set24,alt1,20260909232
231,3,set25,alt2,20260909232
231,3,set28,alt2,20260909232
231,3,set29,alt1,20260909232
231,3,set30,alt2,20260909232
231,3,set31,alt1,20260909232
231,3,set39,alt1,20260909232
231,3,set47,alt2,20260909232
232,4,set14,alt2,20260909233
232,4,set15,alt2,20260909233
232,4,set16,alt1,20260909233
232,4,set17,alt1,20260909233
232,4,set20,alt1,20260909233
232,4,set21,alt1,20260909233
232,4,set23,alt1,20260909233
232,4,set26,alt1,20260909233
232,4,set27,alt2,20260909233
232,4,set32,alt1,20260909233
232,4,set34,alt2,20260909233
232,4,set43,alt1,20260909233
233,2,set1,alt2,20260909234
233,2,set2,alt1,20260909234
233,2,set7,alt2,20260909234
233,2,set8,alt1,20260909234
233,2,set10,alt2,20260909234
233,2,set13,alt1,20260909234
233,2,set36,alt2,20260909234
233,2,set38,alt1,20260909234
233,2,set40,alt2,20260909234
233,2,set44,alt2,20260909234
233,2,set45,alt2,20260909234
233,2,set46,alt2,20260909234
234,4,set14,alt1,20260909235
234,4,set15,alt2,20260909235
234,4,set16,alt2,20260909235
234,4,set17,alt2,20260909235
234,4,set20,alt1,20260909235
234,4,set21,alt1,20260909235
234,4,set23,alt1,20260909235
234,4,set26,alt1,20260909235
234,4,set27,alt1,20260909235
234,4,set32,alt1,20260909235
234,4,set34,alt2,20260909235
234,4,set43,alt2,20260909235
235,1,set5,alt2,20260909236
235,1,set6,alt2,20260909236
235,1,set9,alt2,20260909236
235,1,set11,alt2,20260909236
235,1,set18,alt2,20260909236
235,1,set19,alt2,20260909236
235,1,set33,alt1,20260909236
235,1,set35,alt2,20260909236
235,1,set37,alt1,20260909236
235,1,set41,alt2,20260909236
235,1,set42,alt2,20260909236
235,1,set48,alt2,20260909236
236,2,set1,alt2,20260909237
236,2,set2,alt1,20260909237
236,2,set7,alt2,20260909237
236,2,set8,alt1,20260909237
236,2,set10,alt2,20260909237
236,2,set13,alt1,20260909237
236,2,set36,alt2,20260909237
236,2,set38,alt1,20260909237
236,2,set40,alt2,20260909237
236,2,set44,alt2,20260909237
236,2,set45,alt2,20260909237
236,2,set46,alt2,20260909237
237,4,set14,alt1,20260909238
237,4,set15,alt2,20260909238
237,4,set16,alt2,20260909238
237,4,set17,alt2,20260909238
237,4,set20,alt1,20260909238
237,4,set21,alt1,20260909238
237,4,set23,alt1,20260909238
237,4,set26,alt1,20260909238
237,4,set27,alt1,20260909238
237,4,set32,alt1,20260909238
237,4,set34,alt2,20260909238
237,4,set43,alt2,20260909238
238,1,set5,alt2,20260909239
238,1,set6,alt2,20260909239
238,1,set9,alt2,20260909239
238,1,set11,alt2,20260909239
238,1,set18,alt2,20260909239
238,1,set19,alt1,20260909239
238,1,set33,alt1,20260909239
238,1,set35,alt2,20260909239
238,1,set37,alt1,20260909239
238,1,set41,alt2,20260909239
238,1,set42,alt2,20260909239
238,1,set48,alt2,20260909239
239,2,set1,alt2,20260909240
239,2,set2,alt1,20260909240
239,2,set7,alt1,20260909240
239,2,set8,alt1,20260909240
239,2,set10,alt1,20260909240
239,2,set13,alt1,20260909240
239,2,set36,alt2,20260909240
239,2,set38,alt2,20260909240
239,2,set40,alt2,20260909240
239,2,set44,alt1,20260909240
239,2,set45,alt2,20260909240
239,2,set46,alt1,20260909240
240,2,set1,alt2,20260909241
240,2,set2,alt1,20260909241
240,2,set7,alt1,20260909241
240,2,set8,alt1,20260909241
240,2,set10,alt2,20260909241
240,2,set13,alt1,20260909241
240,2,set36,alt2,20260909241
240,2,set38,alt2,20260909241
240,2,set40,alt2,20260909241
240,2,set44,alt2,20260909241
240,2,set45,alt2,20260909241
240,2,set46,alt2,20260909241
241,4,set14,alt1,20260909242
241,4,set15,alt1,20260909242
241,4,set16,alt1,20260909242
241,4,set17,alt1,20260909242
241,4,set20,alt1,20260909242
241,4,set21,alt1,20260909242
241,4,set23,alt1,20260909242
241,4,set26,alt1,20260909242
241,4,set27,alt1,20260909242
241,4,set32,alt1,20260909242
241,4,set34,alt2,20260909242
241,4,set43,alt1,20260909242
242,2,set1,alt2,20260909243
242,2,set2,alt1,20260909243
242,2,set7,alt2,20260909243
242,2,set8,alt1,20260909243
242,2,set10,alt2,20260909243
242,2,set13,alt1,20260909243
242,2,set36,alt2,20260909243
242,2,set38,alt1,20260909243
242,2,set40,alt2,20260909243
242,2,set44,alt2,20260909243
242,2,set45,alt2,20260909243
242,2,set46,alt2,20260909243
243,3,set3,alt1,20260909244
243,3,set4,alt2,20260909244
243,3,set12,alt1,20260909244
243,3,set22,alt1,20260909244
243,3,set24,alt1,20260909244
243,3,set25,alt1,20260909244
243,3,set28,alt1,20260909244
243,3,set29,alt1,20260909244
243,3,set30,alt2,20260909244
243,3,set31,alt2,20260909244
243,3,set39,alt2,20260909244
243,3,set47,alt2,20260909244
244,3,set3,alt1,20260909245
244,3,set4,alt2,20260909245
244,3,set12,alt1,20260909245
244,3,set22,alt1,20260909245
244,3,set24,alt1,20260909245
244,3,set25,alt1,20260909245
244,3,set28,alt1,20260909245
244,3,set29,alt1,20260909245
244,3,set30,alt2,20260909245
244,3,set31,alt2,20260909245
244,3,set39,alt2,20260909245
244,3,set47,alt2,20260909245
245,1,set5,alt2,20260909246
245,1,set6,alt1,20260909246
245,1,set9,alt2,20260909246
245,1,set11,alt2,20260909246
245,1,set18,alt2,20260909246
245,1,set19,alt2,20260909246
245,1,set33,alt1,20260909246
245,1,set35,alt2,20260909246
245,1,set37,alt1,20260909246
245,1,set41,alt1,20260909246
245,1,set42,alt2,20260909246
245,1,set48,alt2,20260909246
246,3,set3,alt2,20260909247
246,3,set4,alt2,20260909247
246,3,set12,alt1,20260909247
246,3,set22,alt2,20260909247
246,3,set24,alt1,20260909247
246,3,set25,alt1,20260909247
246,3,set28,alt1,20260909247
246,3,set29,alt1,20260909247
246,3,set30,alt2,20260909247
246,3,set31,alt2,20260909247
246,3,set39,alt2,20260909247
246,3,set47,alt2,20260909247
247,3,set3,alt1,20260909248
247,3,set4,alt2,20260909248
247,3,set12,alt1,20260909248
247,3,set22,alt1,20260909248
247,3,set24,alt1,20260909248
247,3,set25,alt1,20260909248
247,3,set28,alt1,20260909248
247,3,set29,alt1,20260909248
247,3,set30,alt2,20260909248
247,3,set31,alt2,20260909248
247,3,set39,alt2,20260909248
247,3,set47,alt2,20260909248
248,3,set3,alt2,20260909249
248,3,set4,alt1,20260909249
248,3,set12,alt1,20260909249
248,3,set22,alt2,20260909249
248,3,set24,alt1,20260909249
248,3,set25,alt2,20260909249
248,3,set28,alt2,20260909249
248,3,set29,alt1,20260909249
248,3,set30,alt2,20260909249
248,3,set31,alt1,20260909249
248,3,set39,alt1,20260909249
248,3,set47,alt2,20260909249
249,4,set14,alt1,20260909250
249,4,set15,alt1,20260909250
249,4,set16,alt1,20260909250
249,4,set17,alt1,20260909250
249,4,set20,alt1,20260909250
249,4,set21,alt1,20260909250
249,4,set23,alt1,20260909250
249,4,set26,alt1,20260909250
249,4,set27,alt1,20260909250
249,4,set32,alt1,20260909250
249,4,set34,alt2,20260909250
249,4,set43,alt1,20260909250
250,2,set1,alt2,20260909251
250,2,set2,alt1,20260909251
250,2,set7,alt2,20260909251
250,2,set8,alt1,20260909251
250,2,set10,alt2,20260909251
250,2,set13,alt1,20260909251
250,2,set36,alt2,20260909251
250,2,set38,alt1,20260909251
250,2,set40,alt2,20260909251
250,2,set44,alt2,20260909251
250,2,set45,alt2,20260909251
250,2,set46,alt2,20260909251
251,1,set5,alt2,20260909252
251,1,set6,alt1,20260909252
251,1,set9,alt2,20260909252
251,1,set11,alt2,20260909252
251,1,set18,alt2,20260909252
251,1,set19,alt2,20260909252
251,1,set33,alt1,20260909252
251,1,set35,alt2,20260909252
251,1,set37,alt1,20260909252
251,1,set41,alt1,20260909252
251,1,set42,alt2,20260909252
251,1,set48,alt2,20260909252
252,2,set1,alt2,20260909253
252,2,set2,alt1,20260909253
252,2,set7,alt1,20260909253
252,2,set8,alt1,20260909253
252,2,set10,alt1,20260909253
252,2,set13,alt1,20260909253
252,2,set36,alt2,20260909253
252,2,set38,alt2,20260909253
252,2,set40,alt2,20260909253
252,2,set44,alt1,20260909253
252,2,set45,alt2,20260909253
252,2,set46,alt1,20260909253
253,3,set3,alt1,20260909254
253,3,set4,alt2,20260909254
253,3,set12,alt1,20260909254
253,3,set22,alt1,20260909254
253,3,set24,alt1,20260909254
253,3,set25,alt1,20260909254
253,3,set28,alt1,20260909254
253,3,set29,alt1,20260909254
253,3,set30,alt2,20260909254
253,3,set31,alt2,20260909254
253,3,set39,alt2,20260909254
253,3,set47,alt2,20260909254
254,4,set14,alt1,20260909255
254,4,set15,alt1,20260909255
254,4,set16,alt1,20260909255
254,4,set17,alt1,20260909255
254,4,set20,alt1,20260909255
254,4,set21,alt1,20260909255
254,4,set23,alt1,20260909255
254,4,set26,alt1,20260909255
254,4,set27,alt1,20260909255
254,4,set32,alt1,20260909255
254,4,set34,alt2,20260909255
254,4,set43,alt1,20260909255
255,4,set14,alt1,20260909256
255,4,set15,alt1,20260909256
255,4,set16,alt1,20260909256
255,4,set17,alt1,20260909256
255,4,set20,alt1,20260909256
255,4,set21,alt1,20260909256
255,4,set23,alt1,20260909256
255,4,set26,alt1,20260909256
255,4,set27,alt1,20260909256
255,4,set32,alt1,20260909256
255,4,set34,alt2,20260909256
255,4,set43,alt1,20260909256
256,1,set5,alt1,20260909257
256,1,set6,alt1,20260909257
256,1,set9,alt1,20260909257
256,1,set11,alt2,20260909257
256,1,set18,alt1,20260909257
256,1,set19,alt1,20260909257
256,1,set33,alt2,20260909257
256,1,set35,alt2,20260909257
256,1,set37,alt1,20260909257
256,1,set41,alt1,20260909257
256,1,set42,alt2,20260909257
256,1,set48,alt2,20260909257
257,3,set3,alt2,20260909258
257,3,set4,alt1,20260909258
257,3,set12,alt1,20260909258
257,3,set22,alt2,20260909258
257,3,set24,alt1,20260909258
257,3,set25,alt2,20260909258
257,3,set28,alt2,20260909258
257,3,set29,alt1,20260909258
257,3,set30,alt2,20260909258
257,3,set31,alt1,20260909258
257,3,set39,alt1,20260909258
257,3,set47,alt2,20260909258
258,4,set14,alt1,20260909259
258,4,set15,alt2,20260909259
258,4,set16,alt2,20260909259
258,4,set17,alt2,20260909259
258,4,set20,alt1,20260909259
258,4,set21,alt1,20260909259
258,4,set23,alt1,20260909259
258,4,set26,alt1,20260909259
258,4,set27,alt1,20260909259
258,4,set32,alt1,20260909259
258,4,set34,alt2,20260909259
258,4,set43,alt2,20260909259
259,4,set14,alt1,20260909260
259,4,set15,alt2,20260909260
259,4,set16,alt1,20260909260
259,4,set17,alt2,20260909260
259,4,set20,alt1,20260909260
259,4,set21,alt1,20260909260
259,4,set23,alt1,20260909260
259,4,set26,alt1,20260909260
259,4,set27,alt1,20260909260
259,4,set32,alt1,20260909260
259,4,set34,alt1,20260909260
259,4,set43,alt1,20260909260
260,2,set1,alt2,20260909261
260,2,set2,alt1,20260909261
260,2,set7,alt1,20260909261
260,2,set8,alt1,20260909261
260,2,set10,alt2,20260909261
260,2,set13,alt1,20260909261
260,2,set36,alt2,20260909261
260,2,set38,alt2,20260909261
260,2,set40,alt2,20260909261
260,2,set44,alt1,20260909261
260,2,set45,alt2,20260909261
260,2,set46,alt1,20260909261
261,2,set1,alt2,20260909262
261,2,set2,alt1,20260909262
261,2,set7,alt1,20260909262
261,2,set8,alt1,20260909262
261,2,set10,alt1,20260909262
261,2,set13,alt1,20260909262
261,2,set36,alt2,20260909262
261,2,set38,alt2,20260909262
261,2,set40,alt2,20260909262
261,2,set44,alt1,20260909262
261,2,set45,alt2,20260909262
261,2,set46,alt1,20260909262
262,2,set1,alt2,20260909263
262,2,set2,alt1,20260909263
262,2,set7,alt1,20260909263
262,2,set8,alt1,20260909263
262,2,set10,alt2,20260909263
262,2,set13,alt1,20260909263
262,2,set36,alt2,20260909263
262,2,set38,alt2,20260909263
262,2,set40,alt2,20260909263
262,2,set44,alt1,20260909263
262,2,set45,alt2,20260909263
262,2,set46,alt1,20260909263
263,3,set3,alt1,20260909264
263,3,set4,alt2,20260909264
263,3,set12,alt1,20260909264
263,3,set22,alt1,20260909264
263,3,set24,alt1,20260909264
263,3,set25,alt1,20260909264
263,3,set28,alt1,20260909264
263,3,set29,alt1,20260909264
263,3,set30,alt2,20260909264
263,3,set31,alt2,20260909264
263,3,set39,alt2,20260909264
263,3,set47,alt2,20260909264
264,1,set5,alt1,20260909265
264,1,set6,alt1,20260909265
264,1,set9,alt1,20260909265
264,1,set11,alt2,20260909265
264,1,set18,alt1,20260909265
264,1,set19,alt1,20260909265
264,1,set33,alt2,20260909265
264,1,set35,alt2,20260909265
264,1,set37,alt1,20260909265
264,1,set41,alt1,20260909265
264,1,set42,alt2,20260909265
264,1,set48,alt2,20260909265
265,1,set5,alt2,20260909266
265,1,set6,alt2,20260909266
265,1,set9,alt2,20260909266
265,1,set11,alt2,20260909266
265,1,set18,alt2,20260909266
265,1,set19,alt2,20260909266
265,1,set33,alt1,20260909266
265,1,set35,alt2,20260909266
265,1,set37,alt1,20260909266
265,1,set41,alt2,20260909266
265,1,set42,alt2,20260909266
265,1,set48,alt2,20260909266
266,1,set5,alt2,20260909267
266,1,set6,alt2,20260909267
266,1,set9,alt2,20260909267
266,1,set11,alt2,20260909267
266,1,set18,alt2,20260909267
266,1,set19,alt2,20260909267
266,1,set33,alt1,20260909267
266,1,set35,alt2,20260909267
266,1,set37,alt1,20260909267
266,1,set41,alt2,20260909267
266,1,set42,alt2,20260909267
266,1,set48,alt2,20260909267
267,3,set3,alt1,20260909268
267,3,set4,alt2,20260909268
267,3,set12,alt1,20260909268
267,3,set22,alt1,20260909268
267,3,set24,alt1,20260909268
267,3,set25,alt1,20260909268
267,3,set28,alt1,20260909268
267,3,set29,alt1,20260909268
267,3,set30,alt2,20260909268
267,3,set31,alt2,20260909268
267,3,set39,alt2,20260909268
267,3,set47,alt2,20260909268
268,3,set3,alt1,20260909269
268,3,set4,alt2,20260909269
268,3,set12,alt1,20260909269
268,3,set22,alt1,20260909269
268,3,set24,alt1,20260909269
268,3,set25,alt1,20260909269
268,3,set28,alt1,20260909269
268,3,set29,alt1,20260909269
268,3,set30,alt2,20260909269
268,3,set31,alt2,20260909269
268,3,set39,alt2,20260909269
268,3,set47,alt2,20260909269
269,4,set14,alt1,20260909270
269,4,set15,alt1,20260909270
269,4,set16,alt1,20260909270
269,4,set17,alt1,20260909270
269,4,set20,alt1,20260909270
269,4,set21,alt1,20260909270
269,4,set23,alt1,20260909270
269,4,set26,alt1,20260909270
269,4,set27,alt1,20260909270
269,4,set32,alt1,20260909270
269,4,set34,alt2,20260909270
269,4,set43,alt1,20260909270
270,2,set1,alt2,20260909271
270,2,set2,alt1,20260909271
270,2,set7,alt1,20260909271
270,2,set8,alt1,20260909271
270,2,set10,alt1,20260909271
270,2,set13,alt1,20260909271
270,2,set36,alt2,20260909271
270,2,set38,alt2,20260909271
270,2,set40,alt2,20260909271
270,2,set44,alt1,20260909271
270,2,set45,alt2,20260909271
270,2,set46,alt1,20260909271
271,3,set3,alt1,20260909272
271,3,set4,alt2,20260909272
271,3,set12,alt1,20260909272
271,3,set22,alt1,20260909272
271,3,set24,alt1,20260909272
271,3,set25,alt1,20260909272
271,3,set28,alt1,20260909272
271,3,set29,alt1,20260909272
271,3,set30,alt2,20260909272
271,3,set31,alt2,20260909272
271,3,set39,alt2,20260909272
271,3,set47,alt2,20260909272
272,1,set5,alt2,20260909273
272,1,set6,alt2,20260909273
272,1,set9,alt2,20260909273
272,1,set11,alt2,20260909273
272,1,set18,alt2,20260909273
272,1,set19,alt2,20260909273
272,1,set33,alt1,20260909273
272,1,set35,alt2,20260909273
272,1,set37,alt1,20260909273
272,1,set41,alt2,20260909273
272,1,set42,alt2,20260909273
272,1,set48,alt2,20260909273
273,2,set1,alt2,20260909274
273,2,set2,alt1,20260909274
273,2,set7,alt1,20260909274
273,2,set8,alt1,20260909274
273,2,set10,alt1,20260909274
273,2,set13,alt1,20260909274
273,2,set36,alt2,20260909274
273,2,set38,alt2,20260909274
273,2,set40,alt2,20260909274
273,2,set44,alt1,20260909274
273,2,set45,alt2,20260909274
273,2,set46,alt1,20260909274
274,1,set5,alt2,20260909275
274,1,set6,alt2,20260909275
274,1,set9,alt2,20260909275
274,1,set11,alt2,20260909275
274,1,set18,alt2,20260909275
274,1,set19,alt2,20260909275
274,1,set33,alt1,20260909275
274,1,set35,alt2,20260909275
274,1,set37,alt1,20260909275
274,1,set41,alt2,20260909275
274,1,set42,alt2,20260909275
274,1,set48,alt2,20260909275
275,4,set14,alt1,20260909276
275,4,set15,alt1,20260909276
275,4,set16,alt1,20260909276
275,4,set17,alt1,20260909276
275,4,set20,alt1,20260909276
275,4,set21,alt1,20260909276
275,4,set23,alt1,20260909276
275,4,set26,alt1,20260909276
275,4,set27,alt1,20260909276
275,4,set32,alt1,20260909276
275,4,set34,alt2,20260909276
275,4,set43,alt1,20260909276
276,3,set3,alt2,20260909277
276,3,set4,alt1,20260909277
276,3,set12,alt1,20260909277
276,3,set22,alt2,20260909277
276,3,set24,alt1,20260909277
276,3,set25,alt2,20260909277
276,3,set28,alt2,20260909277
276,3,set29,alt1,20260909277
276,3,set30,alt2,20260909277
276,3,set31,alt1,20260909277
276,3,set39,alt1,20260909277
276,3,set47,alt2,20260909277
277,3,set3,alt2,20260909278
277,3,set4,alt2,20260909278
277,3,set12,alt1,20260909278
277,3,set22,alt2,20260909278
277,3,set24,alt1,20260909278
277,3,set25,alt1,20260909278
277,3,set28,alt1,20260909278
277,3,set29,alt1,20260909278
277,3,set30,alt2,20260909278
277,3,set31,alt2,20260909278
277,3,set39,alt2,20260909278
277,3,set47,alt2,20260909278
278,3,set3,alt1,20260909279
278,3,set4,alt2,20260909279
278,3,set12,alt1,20260909279
278,3,set22,alt1,20260909279
278,3,set24,alt1,20260909279
278,3,set25,alt1,20260909279
278,3,set28,alt1,20260909279
278,3,set29,alt1,20260909279
278,3,set30,alt2,20260909279
278,3,set31,alt2,20260909279
278,3,set39,alt2,20260909279
278,3,set47,alt2,20260909279
279,4,set14,alt1,20260909280
279,4,set15,alt2,20260909280
279,4,set16,alt2,20260909280
279,4,set17,alt2,20260909280
279,4,set20,alt1,20260909280
279,4,set21,alt1,20260909280
279,4,set23,alt1,20260909280
279,4,set26,alt1,20260909280
279,4,set27,alt1,20260909280
279,4,set32,alt1,20260909280
279,4,set34,alt2,20260909280
279,4,set43,alt2,20260909280
280,4,set14,alt1,20260909281
280,4,set15,alt2,20260909281
280,4,set16,alt2,20260909281
280,4,set17,alt2,20260909281
280,4,set20,alt1,20260909281
280,4,set21,alt1,20260909281
280,4,set23,alt1,20260909281
280,4,set26,alt1,20260909281
280,4,set27,alt1,20260909281
280,4,set32,alt1,20260909281
280,4,set34,alt2,20260909281
280,4,set43,alt2,20260909281
281,1,set5,alt2,20260909282
281,1,set6,alt2,20260909282
281,1,set9,alt2,20260909282
281,1,set11,alt2,20260909282
281,1,set18,alt2,20260909282
281,1,set19,alt2,20260909282
281,1,set33,alt1,20260909282
281,1,set35,alt2,20260909282
281,1,set37,alt1,20260909282
281,1,set41,alt2,20260909282
281,1,set42,alt2,20260909282
281,1,set48,alt2,20260909282
282,3,set3,alt2,20260909283
282,3,set4,alt1,20260909283
282,3,set12,alt1,20260909283
282,3,set22,alt2,20260909283
282,3,set24,alt1,20260909283
282,3,set25,alt2,20260909283
282,3,set28,alt2,20260909283
282,3,set29,alt1,20260909283
282,3,set30,alt2,20260909283
282,3,set31,alt1,20260909283
282,3,set39,alt1,20260909283
282,3,set47,alt2,20260909283
283,4,set14,alt2,20260909284
283,4,set15,alt2,20260909284
283,4,set16,alt1,20260909284
283,4,set17,alt1,20260909284
283,4,set20,alt1,20260909284
283,4,set21,alt1,20260909284
283,4,set23,alt1,20260909284
283,4,set26,alt1,20260909284
283,4,set27,alt2,20260909284
283,4,set32,alt1,20260909284
283,4,set34,alt2,20260909284
283,4,set43,alt1,20260909284
284,1,set5,alt2,20260909285
284,1,set6,alt1,20260909285
284,1,set9,alt2,20260909285
284,1,set11,alt2,20260909285
284,1,set18,alt2,20260909285
284,1,set19,alt2,20260909285
284,1,set33,alt1,20260909285
284,1,set35,alt2,20260909285
284,1,set37,alt1,20260909285
284,1,set41,alt1,20260909285
284,1,set42,alt2,20260909285
284,1,set48,alt2,20260909285
285,3,set3,alt1,20260909286
285,3,set4,alt2,20260909286
285,3,set12,alt1,20260909286
285,3,set22,alt1,20260909286
285,3,set24,alt1,20260909286
285,3,set25,alt1,20260909286
285,3,set28,alt1,20260909286
285,3,set29,alt1,20260909286
285,3,set30,alt2,20260909286
285,3,set31,alt2,20260909286
285,3,set39,alt2,20260909286
285,3,set47,alt2,20260909286
286,3,set3,alt1,20260909287
286,3,set4,alt2,20260909287
286,3,set12,alt1,20260909287
286,3,set22,alt1,20260909287
286,3,set24,alt1,20260909287
286,3,set25,alt1,20260909287
286,3,set28,alt1,20260909287
286,3,set29,alt1,20260909287
286,3,set30,alt2,20260909287
286,3,set31,alt2,20260909287
286,3,set39,alt2,20260909287
286,3,set47,alt2,20260909287
287,4,set14,alt1,20260909288
287,4,set15,alt2,20260909288
287,4,set16,alt2,20260909288
287,4,set17,alt2,20260909288
287,4,set20,alt1,20260909288
287,4,set21,alt1,20260909288
287,4,set23,alt1,20260909288
287,4,set26,alt1,20260909288
287,4,set27,alt1,20260909288
287,4,set32,alt1,20260909288
287,4,set34,alt2,20260909288
287,4,set43,alt2,20260909288
288,3,set3,alt2,20260909289
288,3,set4,alt2,20260909289
288,3,set12,alt1,20260909289
288,3,set22,alt2,20260909289
288,3,set24,alt1,20260909289
288,3,set25,alt1,20260909289
288,3,set28,alt1,20260909289
288,3,set29,alt1,20260909289
288,3,set30,alt2,20260909289
288,3,set31,alt2,20260909289
288,3,set39,alt2,20260909289
288,3,set47,alt2,20260909289
289,4,set14,alt1,20260909290
289,4,set15,alt1,20260909290
289,4,set16,alt1,20260909290
289,4,set17,alt1,20260909290
289,4,set20,alt1,20260909290
289,4,set21,alt1,20260909290
289,4,set23,alt1,20260909290
289,4,set26,alt1,20260909290
289,4,set27,alt1,20260909290
289,4,set32,alt1,20260909290
289,4,set34,alt2,20260909290
289,4,set43,alt1,20260909290
290,4,set14,alt2,20260909291
290,4,set15,alt2,20260909291
290,4,set16,alt1,20260909291
290,4,set17,alt1,20260909291
290,4,set20,alt1,20260909291
290,4,set21,alt1,20260909291
290,4,set23,alt1,20260909291
290,4,set26,alt1,20260909291
290,4,set27,alt2,20260909291
290,4,set32,alt1,20260909291
290,4,set34,alt2,20260909291
290,4,set43,alt1,20260909291
291,4,set14,alt1,20260909292
291,4,set15,alt1,20260909292
291,4,set16,alt1,20260909292
291,4,set17,alt1,20260909292
291,4,set20,alt1,20260909292
291,4,set21,alt1,20260909292
291,4,set23,alt1,20260909292
291,4,set26,alt1,20260909292
291,4,set27,alt1,20260909292
291,4,set32,alt1,20260909292
291,4,set34,alt2,20260909292
291,4,set43,alt1,20260909292
292,1,set5,alt2,20260909293
292,1,set6,alt2,20260909293
292,1,set9,alt2,20260909293
292,1,set11,alt2,20260909293
292,1,set18,alt2,20260909293
292,1,set19,alt2,20260909293
292,1,set33,alt1,20260909293
292,1,set35,alt2,20260909293
292,1,set37,alt1,20260909293
292,1,set41,alt2,20260909293
292,1,set42,alt2,20260909293
292,1,set48,alt2,20260909293
293,4,set14,alt1,20260909294
293,4,set15,alt2,20260909294
293,4,set16,alt2,20260909294
293,4,set17,alt2,20260909294
293,4,set20,alt1,20260909294
293,4,set21,alt1,20260909294
293,4,set23,alt1,20260909294
293,4,set26,alt1,20260909294
293,4,set27,alt1,20260909294
293,4,set32,alt1,20260909294
293,4,set34,alt2,20260909294
293,4,set43,alt2,20260909294
294,2,set1,alt2,20260909295
294,2,set2,alt1,20260909295
294,2,set7,alt1,20260909295
294,2,set8,alt1,20260909295
294,2,set10,alt1,20260909295
294,2,set13,alt1,20260909295
294,2,set36,alt2,20260909295
294,2,set38,alt2,20260909295
294,2,set40,alt2,20260909295
294,2,set44,alt1,20260909295
294,2,set45,alt2,20260909295
294,2,set46,alt1,20260909295
295,1,set5,alt2,20260909296
295,1,set6,alt1,20260909296
295,1,set9,alt2,20260909296
295,1,set11,alt2,20260909296
295,1,set18,alt2,20260909296
295,1,set19,alt2,20260909296
295,1,set33,alt1,20260909296
295,1,set35,alt2,20260909296
295,1,set37,alt1,20260909296
295,1,set41,alt1,20260909296
295,1,set42,alt2,20260909296
295,1,set48,alt2,20260909296
296,3,set3,alt1,20260909297
296,3,set4,alt2,20260909297
296,3,set12,alt1,20260909297
296,3,set22,alt1,20260909297
296,3,set24,alt1,20260909297
296,3,set25,alt1,20260909297
296,3,set28,alt1,20260909297
296,3,set29,alt1,20260909297
296,3,set30,alt2,20260909297
296,3,set31,alt2,20260909297
296,3,set39,alt2,20260909297
296,3,set47,alt2,20260909297
297,1,set5,alt2,20260909298
297,1,set6,alt1,20260909298
297,1,set9,alt2,20260909298
297,1,set11,alt2,20260909298
297,1,set18,alt2,20260909298
297,1,set19,alt2,20260909298
297,1,set33,alt1,20260909298
297,1,set35,alt2,20260909298
297,1,set37,alt1,20260909298
297,1,set41,alt1,20260909298
297,1,set42,alt2,20260909298
297,1,set48,alt2,20260909298
298,2,set1,alt2,20260909299
298,2,set2,alt1,20260909299
298,2,set7,alt2,20260909299
298,2,set8,alt1,20260909299
298,2,set10,alt2,20260909299
298,2,set13,alt1,20260909299
298,2,set36,alt2,20260909299
298,2,set38,alt1,20260909299
298,2,set40,alt2,20260909299
298,2,set44,alt2,20260909299
298,2,set45,alt2,20260909299
298,2,set46,alt2,20260909299
299,3,set3,alt1,20260909300
299,3,set4,alt2,20260909300
299,3,set12,alt1,20260909300
299,3,set22,alt1,20260909300
299,3,set24,alt1,20260909300
299,3,set25,alt1,20260909300
299,3,set28,alt1,20260909300
299,3,set29,alt1,20260909300
299,3,set30,alt2,20260909300
299,3,set31,alt2,20260909300
299,3,set39,alt2,20260909300
299,3,set47,alt2,20260909300
300,3,set3,alt1,20260909301
300,3,set4,alt2,20260909301
300,3,set12,alt1,20260909301
300,3,set22,alt1,20260909301
300,3,set24,alt1,20260909301
300,3,set25,alt1,20260909301
300,3,set28,alt1,20260909301
300,3,set29,alt1,20260909301
300,3,set30,alt2,20260909301
300,3,set31,alt2,20260909301
300,3,set39,alt2,20260909301
300,3,set47,alt2,20260909301
301,2,set1,alt2,20260909302
301,2,set2,alt1,20260909302
301,2,set7,alt1,20260909302
301,2,set8,alt1,20260909302
301,2,set10,alt1,20260909302
301,2,set13,alt1,20260909302
301,2,set36,alt2,20260909302
301,2,set38,alt2,20260909302
301,2,set40,alt2,20260909302
301,2,set44,alt1,20260909302
301,2,set45,alt2,20260909302
301,2,set46,alt1,20260909302
302,2,set1,alt2,20260909303
302,2,set2,alt1,20260909303
302,2,set7,alt1,20260909303
302,2,set8,alt1,20260909303
302,2,set10,alt1,20260909303
302,2,set13,alt1,20260909303
302,2,set36,alt2,20260909303
302,2,set38,alt2,20260909303
302,2,set40,alt2,20260909303
302,2,set44,alt1,20260909303
302,2,set45,alt2,20260909303
302,2,set46,alt1,20260909303
303,1,set5,alt2,20260909304
303,1,set6,alt1,20260909304
303,1,set9,alt2,20260909304
303,1,set11,alt2,20260909304
303,1,set18,alt2,20260909304
303,1,set19,alt2,20260909304
303,1,set33,alt1,20260909304
303,1,set35,alt2,20260909304
303,1,set37,alt1,20260909304
303,1,set41,alt1,20260909304
303,1,set42,alt2,20260909304
303,1,set48,alt2,20260909304
304,3,set3,alt1,20260909305
304,3,set4,alt2,20260909305
304,3,set12,alt1,20260909305
304,3,set22,alt1,20260909305
304,3,set24,alt1,20260909305
304,3,set25,alt1,20260909305
304,3,set28,alt1,20260909305
304,3,set29,alt1,20260909305
304,3,set30,alt2,20260909305
304,3,set31,alt2,20260909305
304,3,set39,alt2,20260909305
304,3,set47,alt2,20260909305
305,3,set3,alt2,20260909306
305,3,set4,alt2,20260909306
305,3,set12,alt1,20260909306
305,3,set22,alt2,20260909306
305,3,set24,alt1,20260909306
305,3,set25,alt1,20260909306
305,3,set28,alt1,20260909306
305,3,set29,alt1,20260909306
305,3,set30,alt2,20260909306
305,3,set31,alt2,20260909306
305,3,set39,alt2,20260909306
305,3,set47,alt2,20260909306
306,4,set14,alt2,20260909307
306,4,set15,alt2,20260909307
306,4,set16,alt1,20260909307
306,4,set17,alt1,20260909307
306,4,set20,alt1,20260909307
306,4,set21,alt1,20260909307
306,4,set23,alt1,20260909307
306,4,set26,alt1,20260909307
306,4,set27,alt2,20260909307
306,4,set32,alt1,20260909307
306,4,set34,alt2,20260909307
306,4,set43,alt1,20260909307
307,2,set1,alt2,20260909308
307,2,set2,alt1,20260909308
307,2,set7,alt2,20260909308
307,2,set8,alt1,20260909308
307,2,set10,alt2,20260909308
307,2,set13,alt1,20260909308
307,2,set36,alt2,20260909308
307,2,set38,alt1,20260909308
307,2,set40,alt2,20260909308
307,2,set44,alt2,20260909308
307,2,set45,alt2,20260909308
307,2,set46,alt2,20260909308
308,3,set3,alt1,20260909309
308,3,set4,alt2,20260909309
308,3,set12,alt1,20260909309
308,3,set22,alt1,20260909309
308,3,set24,alt1,20260909309
308,3,set25,alt1,20260909309
308,3,set28,alt1,20260909309
308,3,set29,alt1,20260909309
308,3,set30,alt2,20260909309
308,3,set31,alt2,20260909309
308,3,set39,alt2,20260909309
308,3,set47,alt2,20260909309
309,3,set3,alt1,20260909310
309,3,set4,alt2,20260909310
309,3,set12,alt1,20260909310
309,3,set22,alt1,20260909310
309,3,set24,alt1,20260909310
309,3,set25,alt1,20260909310
309,3,set28,alt1,20260909310
309,3,set29,alt1,20260909310
309,3,set30,alt2,20260909310
309,3,set31,alt2,20260909310
309,3,set39,alt2,20260909310
309,3,set47,alt2,20260909310
310,3,set3,alt2,20260909311
310,3,set4,alt1,20260909311
310,3,set12,alt1,20260909311
310,3,set22,alt1,20260909311
310,3,set24,alt1,20260909311
310,3,set25,alt2,20260909311
310,3,set28,alt2,20260909311
310,3,set29,alt1,20260909311
310,3,set30,alt1,20260909311
310,3,set31,alt2,20260909311
310,3,set39,alt1,20260909311
310,3,set47,alt1,20260909311
311,4,set14,alt1,20260909312
311,4,set15,alt2,20260909312
311,4,set16,alt2,20260909312
311,4,set17,alt2,20260909312
311,4,set20,alt1,20260909312
311,4,set21,alt1,20260909312
311,4,set23,alt1,20260909312
311,4,set26,alt1,20260909312
311,4,set27,alt1,20260909312
311,4,set32,alt1,20260909312
311,4,set34,alt2,20260909312
311,4,set43,alt2,20260909312
312,2,set1,alt2,20260909313
312,2,set2,alt1,20260909313
312,2,set7,alt1,20260909313
312,2,set8,alt1,20260909313
312,2,set10,alt1,20260909313
312,2,set13,alt1,20260909313
312,2,set36,alt2,20260909313
312,2,set38,alt2,20260909313
312,2,set40,alt2,20260909313
312,2,set44,alt1,20260909313
312,2,set45,alt2,20260909313
312,2,set46,alt1,20260909313
313,2,set1,alt2,20260909314
313,2,set2,alt1,20260909314
313,2,set7,alt2,20260909314
313,2,set8,alt1,20260909314
313,2,set10,alt2,20260909314
313,2,set13,alt1,20260909314
313,2,set36,alt2,20260909314
313,2,set38,alt1,20260909314
313,2,set40,alt2,20260909314
313,2,set44,alt2,20260909314
313,2,set45,alt2,20260909314
313,2,set46,alt2,20260909314
314,4,set14,alt1,20260909315
314,4,set15,alt2,20260909315
314,4,set16,alt2,20260909315
314,4,set17,alt2,20260909315
314,4,set20,alt1,20260909315
314,4,set21,alt1,20260909315
314,4,set23,alt1,20260909315
314,4,set26,alt1,20260909315
314,4,set27,alt1,20260909315
314,4,set32,alt1,20260909315
314,4,set34,alt2,20260909315
314,4,set43,alt2,20260909315
315,1,set5,alt2,20260909316
315,1,set6,alt2,20260909316
315,1,set9,alt2,20260909316
315,1,set11,alt2,20260909316
315,1,set18,alt2,20260909316
315,1,set19,alt2,20260909316
315,1,set33,alt1,20260909316
315,1,set35,alt2,20260909316
315,1,set37,alt1,20260909316
315,1,set41,alt2,20260909316
315,1,set42,alt2,20260909316
315,1,set48,alt2,20260909316
316,2,set1,alt2,20260909317
316,2,set2,alt1,20260909317
316,2,set7,alt1,20260909317
316,2,set8,alt1,20260909317
316,2,set10,alt1,20260909317
316,2,set13,alt1,20260909317
316,2,set36,alt2,20260909317
316,2,set38,alt2,20260909317
316,2,set40,alt2,20260909317
316,2,set44,alt1,20260909317
316,2,set45,alt2,20260909317
316,2,set46,alt1,20260909317
317,1,set5,alt2,20260909318
317,1,set6,alt2,20260909318
317,1,set9,alt2,20260909318
317,1,set11,alt2,20260909318
317,1,set18,alt2,20260909318
317,1,set19,alt2,20260909318
317,1,set33,alt1,20260909318
317,1,set35,alt2,20260909318
317,1,set37,alt1,20260909318
317,1,set41,alt2,20260909318
317,1,set42,alt2,20260909318
317,1,set48,alt2,20260909318
318,4,set14,alt1,20260909319
318,4,set15,alt2,20260909319
318,4,set16,alt2,20260909319
318,4,set17,alt2,20260909319
318,4,set20,alt1,20260909319
318,4,set21,alt1,20260909319
318,4,set23,alt1,20260909319
318,4,set26,alt1,20260909319
318,4,set27,alt1,20260909319
318,4,set32,alt1,20260909319
318,4,set34,alt2,20260909319
318,4,set43,alt2,20260909319
319,2,set1,alt2,20260909320
319,2,set2,alt1,20260909320
319,2,set7,alt1,20260909320
319,2,set8,alt1,20260909320
319,2,set10,alt1,20260909320
319,2,set13,alt1,20260909320
319,2,set36,alt2,20260909320
319,2,set38,alt2,20260909320
319,2,set40,alt2,20260909320
319,2,set44,alt1,20260909320
319,2,set45,alt2,20260909320
319,2,set46,alt1,20260909320
320,3,set3,alt1,20260909321
320,3,set4,alt2,20260909321
320,3,set12,alt1,20260909321
320,3,set22,alt1,20260909321
320,3,set24,alt1,20260909321
320,3,set25,alt1,20260909321
320,3,set28,alt1,20260909321
320,3,set29,alt1,20260909321
320,3,set30,alt2,20260909321
320,3,set31,alt2,20260909321
320,3,set39,alt2,20260909321
320,3,set47,alt2,20260909321
321,4,set14,alt2,20260909322
321,4,set15,alt2,20260909322
321,4,set16,alt1,20260909322
321,4,set17,alt1,20260909322
321,4,set20,alt1,20260909322
321,4,set21,alt1,20260909322
321,4,set23,alt1,20260909322
321,4,set26,alt1,20260909322
321,4,set27,alt2,20260909322
321,4,set32,alt1,20260909322
321,4,set34,alt2,20260909322
321,4,set43,alt1,20260909322
322,3,set3,alt1,20260909323
322,3,set4,alt2,20260909323
322,3,set12,alt1,20260909323
322,3,set22,alt1,20260909323
322,3,set24,alt1,20260909323
322,3,set25,alt1,20260909323
322,3,set28,alt1,20260909323
322,3,set29,alt1,20260909323
322,3,set30,alt2,20260909323
322,3,set31,alt2,20260909323
322,3,set39,alt2,20260909323
322,3,set47,alt2,20260909323
323,1,set5,alt2,20260909324
323,1,set6,alt1,20260909324
323,1,set9,alt2,20260909324
323,1,set11,alt2,20260909324
323,1,set18,alt2,20260909324
323,1,set19,alt2,20260909324
323,1,set33,alt1,20260909324
323,1,set35,alt2,20260909324
323,1,set37,alt1,20260909324
323,1,set41,alt1,20260909324
323,1,set42,alt2,20260909324
323,1,set48,alt2,20260909324
324,1,set5,alt2,20260909325
324,1,set6,alt2,20260909325
324,1,set9,alt2,20260909325
324,1,set11,alt2,20260909325
324,1,set18,alt2,20260909325
324,1,set19,alt2,20260909325
324,1,set33,alt1,20260909325
324,1,set35,alt2,20260909325
324,1,set37,alt1,20260909325
324,1,set41,alt2,20260909325
324,1,set42,alt2,20260909325
324,1,set48,alt2,20260909325
325,4,set14,alt2,20260909326
325,4,set15,alt2,20260909326
325,4,set16,alt1,20260909326
325,4,set17,alt1,20260909326
325,4,set20,alt1,20260909326
325,4,set21,alt1,20260909326
325,4,set23,alt1,20260909326
325,4,set26,alt1,20260909326
325,4,set27,alt2,20260909326
325,4,set32,alt1,20260909326
325,4,set34,alt2,20260909326
325,4,set43,alt1,20260909326
326,1,set5,alt1,20260909327
326,1,set6,alt1,20260909327
326,1,set9,alt1,20260909327
326,1,set11,alt2,20260909327
326,1,set18,alt1,20260909327
326,1,set19,alt1,20260909327
326,1,set33,alt2,20260909327
326,1,set35,alt2,20260909327
326,1,set37,alt1,20260909327
326,1,set41,alt1,20260909327
326,1,set42,alt2,20260909327
326,1,set48,alt2,20260909327
327,3,set3,alt2,20260909328
327,3,set4,alt1,20260909328
327,3,set12,alt1,20260909328
327,3,set22,alt2,20260909328
327,3,set24,alt1,20260909328
327,3,set25,alt2,20260909328
327,3,set28,alt2,20260909328
327,3,set29,alt1,20260909328
327,3,set30,alt2,20260909328
327,3,set31,alt1,20260909328
327,3,set39,alt1,20260909328
327,3,set47,alt2,20260909328
328,4,set14,alt1,20260909329
328,4,set15,alt2,20260909329
328,4,set16,alt2,20260909329
328,4,set17,alt2,20260909329
328,4,set20,alt1,20260909329
328,4,set21,alt1,20260909329
328,4,set23,alt1,20260909329
328,4,set26,alt1,20260909329
328,4,set27,alt1,20260909329
328,4,set32,alt1,20260909329
328,4,set34,alt2,20260909329
328,4,set43,alt2,20260909329
329,2,set1,alt2,20260909330
329,2,set2,alt1,20260909330
329,2,set7,alt1,20260909330
329,2,set8,alt1,20260909330
329,2,set10,alt1,20260909330
329,2,set13,alt1,20260909330
329,2,set36,alt2,20260909330
329,2,set38,alt2,20260909330
329,2,set40,alt2,20260909330
329,2,set44,alt1,20260909330
329,2,set45,alt2,20260909330
329,2,set46,alt1,20260909330
330,2,set1,alt2,20260909331
330,2,set2,alt1,20260909331
330,2,set7,alt1,20260909331
330,2,set8,alt1,20260909331
330,2,set10,alt1,20260909331
330,2,set13,alt1,20260909331
330,2,set36,alt2,20260909331
330,2,set38,alt2,20260909331
330,2,set40,alt2,20260909331
330,2,set44,alt1,20260909331
330,2,set45,alt2,20260909331
330,2,set46,alt1,20260909331
331,2,set1,alt2,20260909332
331,2,set2,alt1,20260909332
331,2,set7,alt1,20260909332
331,2,set8,alt1,20260909332
331,2,set10,alt1,20260909332
331,2,set13,alt1,20260909332
331,2,set36,alt2,20260909332
331,2,set38,alt2,20260909332
331,2,set40,alt2,20260909332
331,2,set44,alt1,20260909332
331,2,set45,alt2,20260909332
331,2,set46,alt1,20260909332
332,3,set3,alt1,20260909333
332,3,set4,alt2,20260909333
332,3,set12,alt1,20260909333
332,3,set22,alt1,20260909333
332,3,set24,alt1,20260909333
332,3,set25,alt1,20260909333
332,3,set28,alt1,20260909333
332,3,set29,alt1,20260909333
332,3,set30,alt2,20260909333
332,3,set31,alt2,20260909333
332,3,set39,alt2,20260909333
332,3,set47,alt2,20260909333
333,4,set14,alt2,20260909334
333,4,set15,alt2,20260909334
333,4,set16,alt1,20260909334
333,4,set17,alt1,20260909334
333,4,set20,alt1,20260909334
333,4,set21,alt2,20260909334
333,4,set23,alt1,20260909334
333,4,set26,alt1,20260909334
333,4,set27,alt2,20260909334
333,4,set32,alt1,20260909334
333,4,set34,alt2,20260909334
333,4,set43,alt2,20260909334
334,1,set5,alt2,20260909335
334,1,set6,alt2,20260909335
334,1,set9,alt2,20260909335
334,1,set11,alt2,20260909335
334,1,set18,alt2,20260909335
334,1,set19,alt2,20260909335
334,1,set33,alt1,20260909335
334,1,set35,alt2,20260909335
334,1,set37,alt1,20260909335
334,1,set41,alt2,20260909335
334,1,set42,alt2,20260909335
334,1,set48,alt2,20260909335
335,4,set14,alt1,20260909336
335,4,set15,alt1,20260909336
335,4,set16,alt1,20260909336
335,4,set17,alt1,20260909336
335,4,set20,alt1,20260909336
335,4,set21,alt1,20260909336
335,4,set23,alt1,20260909336
335,4,set26,alt1,20260909336
335,4,set27,alt1,20260909336
335,4,set32,alt1,20260909336
335,4,set34,alt2,20260909336
335,4,set43,alt1,20260909336
336,2,set1,alt2,20260909337
336,2,set2,alt1,20260909337
336,2,set7,alt1,20260909337
336,2,set8,alt1,20260909337
336,2,set10,alt1,20260909337
336,2,set13,alt1,20260909337
336,2,set36,alt2,20260909337
336,2,set38,alt2,20260909337
336,2,set40,alt2,20260909337
336,2,set44,alt1,20260909337
336,2,set45,alt2,20260909337
336,2,set46,alt1,20260909337
337,3,set3,alt1,20260909338
337,3,set4,alt2,20260909338
337,3,set12,alt1,20260909338
337,3,set22,alt1,20260909338
337,3,set24,alt1,20260909338
337,3,set25,alt1,20260909338
337,3,set28,alt1,20260909338
337,3,set29,alt1,20260909338
337,3,set30,alt2,20260909338
337,3,set31,alt2,20260909338
337,3,set39,alt2,20260909338
337,3,set47,alt2,20260909338
338,4,set14,alt1,20260909339
338,4,set15,alt1,20260909339
338,4,set16,alt1,20260909339
338,4,set17,alt1,20260909339
338,4,set20,alt1,20260909339
338,4,set21,alt1,20260909339
338,4,set23,alt1,20260909339
338,4,set26,alt1,20260909339
338,4,set27,alt1,20260909339
338,4,set32,alt1,20260909339
338,4,set34,alt2,20260909339
338,4,set43,alt1,20260909339
339,3,set3,alt2,20260909340
339,3,set4,alt2,20260909340
339,3,set12,alt1,20260909340
339,3,set22,alt2,20260909340
339,3,set24,alt1,20260909340
339,3,set25,alt1,20260909340
339,3,set28,alt1,20260909340
339,3,set29,alt1,20260909340
339,3,set30,alt2,20260909340
339,3,set31,alt2,20260909340
339,3,set39,alt2,20260909340
339,3,set47,alt2,20260909340
340,4,set14,alt1,20260909341
340,4,set15,alt2,20260909341
340,4,set16,alt2,20260909341
340,4,set17,alt2,20260909341
340,4,set20,alt1,20260909341
340,4,set21,alt1,20260909341
340,4,set23,alt1,20260909341
340,4,set26,alt1,20260909341
340,4,set27,alt1,20260909341
340,4,set32,alt1,20260909341
340,4,set34,alt2,20260909341
340,4,set43,alt2,20260909341
341,3,set3,alt1,20260909342
341,3,set4,alt2,20260909342
341,3,set12,alt1,20260909342
341,3,set22,alt1,20260909342
341,3,set24,alt1,20260909342
341,3,set25,alt1,20260909342
341,3,set28,alt1,20260909342
341,3,set29,alt1,20260909342
341,3,set30,alt2,20260909342
341,3,set31,alt2,20260909342
341,3,set39,alt2,20260909342
341,3,set47,alt2,20260909342
342,2,set1,alt2,20260909343
342,2,set2,alt1,20260909343
342,2,set7,alt1,20260909343
342,2,set8,alt1,20260909343
342,2,set10,alt1,20260909343
342,2,set13,alt1,20260909343
342,2,set36,alt2,20260909343
342,2,set38,alt2,20260909343
342,2,set40,alt2,20260909343
342,2,set44,alt1,20260909343
342,2,set45,alt2,20260909343
342,2,set46,alt1,20260909343
343,2,set1,alt2,20260909344
343,2,set2,alt1,20260909344
343,2,set7,alt2,20260909344
343,2,set8,alt1,20260909344
343,2,set10,alt2,20260909344
343,2,set13,alt1,20260909344
343,2,set36,alt2,20260909344
343,2,set38,alt1,20260909344
343,2,set40,alt2,20260909344
343,2,set44,alt2,20260909344
343,2,set45,alt2,20260909344
343,2,set46,alt2,20260909344
344,4,set14,alt1,20260909345
344,4,set15,alt2,20260909345
344,4,set16,alt1,20260909345
344,4,set17,alt2,20260909345
344,4,set20,alt1,20260909345
344,4,set21,alt1,20260909345
344,4,set23,alt1,20260909345
344,4,set26,alt1,20260909345
344,4,set27,alt1,20260909345
344,4,set32,alt1,20260909345
344,4,set34,alt1,20260909345
344,4,set43,alt1,20260909345
345,3,set3,alt1,20260909346
345,3,set4,alt2,20260909346
345,3,set12,alt1,20260909346
345,3,set22,alt1,20260909346
345,3,set24,alt1,20260909346
345,3,set25,alt1,20260909346
345,3,set28,alt1,20260909346
345,3,set29,alt1,20260909346
345,3,set30,alt2,20260909346
345,3,set31,alt2,20260909346
345,3,set39,alt2,20260909346
345,3,set47,alt2,20260909346
346,3,set3,alt1,20260909347
346,3,set4,alt2,20260909347
346,3,set12,alt1,20260909347
346,3,set22,alt1,20260909347
346,3,set24,alt1,20260909347
346,3,set25,alt1,20260909347
346,3,set28,alt1,20260909347
346,3,set29,alt1,20260909347
346,3,set30,alt2,20260909347
346,3,set31,alt2,20260909347
346,3,set39,alt2,20260909347
346,3,set47,alt2,20260909347
347,1,set5,alt1,20260909348
347,1,set6,alt1,20260909348
347,1,set9,alt1,20260909348
347,1,set11,alt2,20260909348
347,1,set18,alt1,20260909348
347,1,set19,alt1,20260909348
347,1,set33,alt2,20260909348
347,1,set35,alt2,20260909348
347,1,set37,alt1,20260909348
347,1,set41,alt1,20260909348
347,1,set42,alt2,20260909348
347,1,set48,alt2,20260909348
348,2,set1,alt2,20260909349
348,2,set2,alt1,20260909349
348,2,set7,alt1,20260909349
348,2,set8,alt1,20260909349
348,2,set10,alt1,20260909349
348,2,set13,alt1,20260909349
348,2,set36,alt2,20260909349
348,2,set38,alt2,20260909349
348,2,set40,alt2,20260909349
348,2,set44,alt1,20260909349
348,2,set45,alt2,20260909349
348,2,set46,alt1,20260909349
349,3,set3,alt1,20260909350
349,3,set4,alt2,20260909350
349,3,set12,alt1,20260909350
349,3,set22,alt1,20260909350
349,3,set24,alt1,20260909350
349,3,set25,alt1,20260909350
349,3,set28,alt1,20260909350
349,3,set29,alt1,20260909350
349,3,set30,alt2,20260909350
349,3,set31,alt2,20260909350
349,3,set39,alt2,20260909350
349,3,set47,alt2,20260909350
350,1,set5,alt1,20260909351
350,1,set6,alt1,20260909351
350,1,set9,alt1,20260909351
350,1,set11,alt2,20260909351
350,1,set18,alt1,20260909351
350,1,set19,alt1,20260909351
350,1,set33,alt2,20260909351
350,1,set35,alt2,20260909351
350,1,set37,alt1,20260909351
350,1,set41,alt1,20260909351
350,1,set42,alt2,20260909351
350,1,set48,alt2,20260909351
351,1,set5,alt2,20260909352
351,1,set6,alt2,20260909352
351,1,set9,alt2,20260909352
351,1,set11,alt2,20260909352
351,1,set18,alt2,20260909352
351,1,set19,alt2,20260909352
351,1,set33,alt1,20260909352
351,1,set35,alt2,20260909352
351,1,set37,alt1,20260909352
351,1,set41,alt2,20260909352
351,1,set42,alt2,20260909352
351,1,set48,alt2,20260909352
352,3,set3,alt2,20260909353
352,3,set4,alt2,20260909353
352,3,set12,alt1,20260909353
352,3,set22,alt2,20260909353
352,3,set24,alt1,20260909353
352,3,set25,alt1,20260909353
352,3,set28,alt1,20260909353
352,3,set29,alt1,20260909353
352,3,set30,alt2,20260909353
352,3,set31,alt2,20260909353
352,3,set39,alt2,20260909353
352,3,set47,alt2,20260909353
353,4,set14,alt1,20260909354
353,4,set15,alt2,20260909354
353,4,set16,alt2,20260909354
353,4,set17,alt2,20260909354
353,4,set20,alt1,20260909354
353,4,set21,alt1,20260909354
353,4,set23,alt1,20260909354
353,4,set26,alt1,20260909354
353,4,set27,alt1,20260909354
353,4,set32,alt1,20260909354
353,4,set34,alt2,20260909354
353,4,set43,alt2,20260909354
354,3,set3,alt2,20260909355
354,3,set4,alt2,20260909355
354,3,set12,alt1,20260909355
354,3,set22,alt2,20260909355
354,3,set24,alt1,20260909355
354,3,set25,alt1,20260909355
354,3,set28,alt1,20260909355
354,3,set29,alt1,20260909355
354,3,set30,alt2,20260909355
354,3,set31,alt2,20260909355
354,3,set39,alt2,20260909355
354,3,set47,alt2,20260909355
355,2,set1,alt2,20260909356
355,2,set2,alt1,20260909356
355,2,set7,alt1,20260909356
355,2,set8,alt1,20260909356
355,2,set10,alt1,20260909356
355,2,set13,alt1,20260909356
355,2,set36,alt2,20260909356
355,2,set38,alt2,20260909356
355,2,set40,alt2,20260909356
355,2,set44,alt1,20260909356
355,2,set45,alt2,20260909356
355,2,set46,alt1,20260909356
356,4,set14,alt2,20260909357
356,4,set15,alt2,20260909357
356,4,set16,alt1,20260909357
356,4,set17,alt1,20260909357
356,4,set20,alt1,20260909357
356,4,set21,alt1,20260909357
356,4,set23,alt1,20260909357
356,4,set26,alt1,20260909357
356,4,set27,alt2,20260909357
356,4,set32,alt1,20260909357
356,4,set34,alt2,20260909357
356,4,set43,alt1,20260909357
357,4,set14,alt2,20260909358
357,4,set15,alt2,20260909358
357,4,set16,alt1,20260909358
357,4,set17,alt1,20260909358
357,4,set20,alt1,20260909358
357,4,set21,alt1,20260909358
357,4,set23,alt1,20260909358
357,4,set26,alt1,20260909358
357,4,set27,alt2,20260909358
357,4,set32,alt1,20260909358
357,4,set34,alt2,20260909358
357,4,set43,alt1,20260909358
358,3,set3,alt1,20260909359
358,3,set4,alt2,20260909359
358,3,set12,alt1,20260909359
358,3,set22,alt1,20260909359
358,3,set24,alt1,20260909359
358,3,set25,alt1,20260909359
358,3,set28,alt1,20260909359
358,3,set29,alt1,20260909359
358,3,set30,alt2,20260909359
358,3,set31,alt2,20260909359
358,3,set39,alt2,20260909359
358,3,set47,alt2,20260909359
359,4,set14,alt1,20260909360
359,4,set15,alt2,20260909360
359,4,set16,alt2,20260909360
359,4,set17,alt2,20260909360
359,4,set20,alt1,20260909360
359,4,set21,alt1,20260909360
359,4,set23,alt1,20260909360
359,4,set26,alt1,20260909360
359,4,set27,alt1,20260909360
359,4,set32,alt1,20260909360
359,4,set34,alt2,20260909360
359,4,set43,alt2,20260909360
360,3,set3,alt1,20260909361
360,3,set4,alt2,20260909361
360,3,set12,alt1,20260909361
360,3,set22,alt1,20260909361
360,3,set24,alt1,20260909361
360,3,set25,alt1,20260909361
360,3,set28,alt1,20260909361
360,3,set29,alt1,20260909361
360,3,set30,alt2,20260909361
360,3,set31,alt2,20260909361
360,3,set39,alt2,20260909361
360,3,set47,alt2,20260909361
361,2,set1,alt2,20260909362
361,2,set2,alt1,20260909362
361,2,set7,alt1,20260909362
361,2,set8,alt1,20260909362
361,2,set10,alt1,20260909362
361,2,set13,alt1,20260909362
361,2,set36,alt2,20260909362
361,2,set38,alt2,20260909362
361,2,set40,alt2,20260909362
361,2,set44,alt1,20260909362
361,2,set45,alt2,20260909362
361,2,set46,alt1,20260909362
362,4,set14,alt1,20260909363
362,4,set15,alt2,20260909363
362,4,set16,alt2,20260909363
362,4,set17,alt2,20260909363
362,4,set20,alt1,20260909363
362,4,set21,alt1,20260909363
362,4,set23,alt1,20260909363
362,4,set26,alt1,20260909363
362,4,set27,alt1,20260909363
362,4,set32,alt1,20260909363
362,4,set34,alt2,20260909363
362,4,set43,alt2,20260909363
363,4,set14,alt1,20260909364
363,4,set15,alt2,20260909364
363,4,set16,alt2,20260909364
363,4,set17,alt2,20260909364
363,4,set20,alt1,20260909364
363,4,set21,alt1,20260909364
363,4,set23,alt1,20260909364
363,4,set26,alt1,20260909364
363,4,set27,alt1,20260909364
363,4,set32,alt1,20260909364
363,4,set34,alt2,20260909364
363,4,set43,alt2,20260909364
364,4,set14,alt1,20260909365
364,4,set15,alt2,20260909365
364,4,set16,alt2,20260909365
364,4,set17,alt2,20260909365
364,4,set20,alt1,20260909365
364,4,set21,alt1,20260909365
364,4,set23,alt1,20260909365
364,4,set26,alt1,20260909365
364,4,set27,alt1,20260909365
364,4,set32,alt1,20260909365
364,4,set34,alt2,20260909365
364,4,set43,alt2,20260909365
365,1,set5,alt2,20260909366
365,1,set6,alt1,20260909366
365,1,set9,alt2,20260909366
365,1,set11,alt2,20260909366
365,1,set18,alt2,20260909366
365,1,set19,alt2,20260909366
365,1,set33,alt1,20260909366
365,1,set35,alt2,20260909366
365,1,set37,alt1,20260909366
365,1,set41,alt1,20260909366
365,1,set42,alt2,20260909366
365,1,set48,alt2,20260909366
366,3,set3,alt1,20260909367
366,3,set4,alt2,20260909367
366,3,set12,alt1,20260909367
366,3,set22,alt1,20260909367
366,3,set24,alt1,20260909367
366,3,set25,alt1,20260909367
366,3,set28,alt1,20260909367
366,3,set29,alt1,20260909367
366,3,set30,alt2,20260909367
366,3,set31,alt2,20260909367
366,3,set39,alt2,20260909367
366,3,set47,alt2,20260909367
367,2,set1,alt2,20260909368
367,2,set2,alt1,20260909368
367,2,set7,alt1,20260909368
367,2,set8,alt1,20260909368
367,2,set10,alt1,20260909368
367,2,set13,alt1,20260909368
367,2,set36,alt2,20260909368
367,2,set38,alt2,20260909368
367,2,set40,alt2,20260909368
367,2,set44,alt1,20260909368
367,2,set45,alt2,20260909368
367,2,set46,alt1,20260909368
368,4,set14,alt1,20260909369
368,4,set15,alt2,20260909369
368,4,set16,alt2,20260909369
368,4,set17,alt2,20260909369
368,4,set20,alt1,20260909369
368,4,set21,alt1,20260909369
368,4,set23,alt1,20260909369
368,4,set26,alt1,20260909369
368,4,set27,alt1,20260909369
368,4,set32,alt1,20260909369
368,4,set34,alt2,20260909369
368,4,set43,alt2,20260909369
369,2,set1,alt2,20260909370
369,2,set2,alt1,20260909370
369,2,set7,alt1,20260909370
369,2,set8,alt1,20260909370
369,2,set10,alt1,20260909370
369,2,set13,alt1,20260909370
369,2,set36,alt2,20260909370
369,2,set38,alt2,20260909370
369,2,set40,alt2,20260909370
369,2,set44,alt1,20260909370
369,2,set45,alt2,20260909370
369,2,set46,alt1,20260909370
370,2,set1,alt2,20260909371
370,2,set2,alt1,20260909371
370,2,set7,alt1,20260909371
370,2,set8,alt1,20260909371
370,2,set10,alt1,20260909371
370,2,set13,alt1,20260909371
370,2,set36,alt2,20260909371
370,2,set38,alt2,20260909371
370,2,set40,alt2,20260909371
370,2,set44,alt1,20260909371
370,2,set45,alt2,20260909371
370,2,set46,alt1,20260909371
371,3,set3,alt1,20260909372
371,3,set4,alt2,20260909372
371,3,set12,alt1,20260909372
371,3,set22,alt1,20260909372
371,3,set24,alt1,20260909372
371,3,set25,alt1,20260909372
371,3,set28,alt1,20260909372
371,3,set29,alt1,20260909372
371,3,set30,alt2,20260909372
371,3,set31,alt2,20260909372
371,3,set39,alt2,20260909372
371,3,set47,alt2,20260909372
372,1,set5,alt2,20260909373
372,1,set6,alt2,20260909373
372,1,set9,alt2,20260909373
372,1,set11,alt2,20260909373
372,1,set18,alt1,20260909373
372,1,set19,alt2,20260909373
372,1,set33,alt1,20260909373
372,1,set35,alt2,20260909373
372,1,set37,alt1,20260909373
372,1,set41,alt1,20260909373
372,1,set42,alt2,20260909373
372,1,set48,alt2,20260909373
373,4,set14,alt1,20260909374
373,4,set15,alt2,20260909374
373,4,set16,alt2,20260909374
373,4,set17,alt2,20260909374
373,4,set20,alt1,20260909374
373,4,set21,alt1,20260909374
373,4,set23,alt1,20260909374
373,4,set26,alt1,20260909374
373,4,set27,alt1,20260909374
373,4,set32,alt1,20260909374
373,4,set34,alt2,20260909374
373,4,set43,alt2,20260909374
374,2,set1,alt2,20260909375
374,2,set2,alt1,20260909375
374,2,set7,alt1,20260909375
374,2,set8,alt1,20260909375
374,2,set10,alt2,20260909375
374,2,set13,alt1,20260909375
374,2,set36,alt2,20260909375
374,2,set38,alt2,20260909375
374,2,set40,alt2,20260909375
374,2,set44,alt1,20260909375
374,2,set45,alt2,20260909375
374,2,set46,alt1,20260909375
375,4,set14,alt2,20260909376
375,4,set15,alt2,20260909376
375,4,set16,alt1,20260909376
375,4,set17,alt1,20260909376
375,4,set20,alt1,20260909376
375,4,set21,alt1,20260909376
375,4,set23,alt1,20260909376
375,4,set26,alt1,20260909376
375,4,set27,alt2,20260909376
375,4,set32,alt1,20260909376
375,4,set34,alt2,20260909376
375,4,set43,alt1,20260909376
376,4,set14,alt1,20260909377
376,4,set15,alt2,20260909377
376,4,set16,alt2,20260909377
376,4,set17,alt2,20260909377
376,4,set20,alt1,20260909377
376,4,set21,alt1,20260909377
376,4,set23,alt1,20260909377
376,4,set26,alt1,20260909377
376,4,set27,alt1,20260909377
376,4,set32,alt1,20260909377
376,4,set34,alt2,20260909377
376,4,set43,alt2,20260909377
377,2,set1,alt2,20260909378
377,2,set2,alt1,20260909378
377,2,set7,alt2,20260909378
377,2,set8,alt1,20260909378
377,2,set10,alt2,20260909378
377,2,set13,alt1,20260909378
377,2,set36,alt2,20260909378
377,2,set38,alt1,20260909378
377,2,set40,alt2,20260909378
377,2,set44,alt2,20260909378
377,2,set45,alt2,20260909378
377,2,set46,alt2,20260909378
378,1,set5,alt2,20260909379
378,1,set6,alt2,20260909379
378,1,set9,alt2,20260909379
378,1,set11,alt2,20260909379
378,1,set18,alt2,20260909379
378,1,set19,alt2,20260909379
378,1,set33,alt1,20260909379
378,1,set35,alt2,20260909379
378,1,set37,alt1,20260909379
378,1,set41,alt2,20260909379
378,1,set42,alt2,20260909379
378,1,set48,alt2,20260909379
379,4,set14,alt1,20260909380
379,4,set15,alt2,20260909380
379,4,set16,alt2,20260909380
379,4,set17,alt2,20260909380
379,4,set20,alt1,20260909380
379,4,set21,alt1,20260909380
379,4,set23,alt1,20260909380
379,4,set26,alt1,20260909380
379,4,set27,alt1,20260909380
379,4,set32,alt1,20260909380
379,4,set34,alt2,20260909380
379,4,set43,alt2,20260909380
380,1,set5,alt2,20260909381
380,1,set6,alt2,20260909381
380,1,set9,alt2,20260909381
380,1,set11,alt2,20260909381
380,1,set18,alt1,20260909381
380,1,set19,alt2,20260909381
380,1,set33,alt1,20260909381
380,1,set35,alt2,20260909381
380,1,set37,alt1,20260909381
380,1,set41,alt1,20260909381
380,1,set42,alt2,20260909381
380,1,set48,alt2,20260909381
381,3,set3,alt1,20260909382
381,3,set4,alt2,20260909382
381,3,set12,alt1,20260909382
381,3,set22,alt1,20260909382
381,3,set24,alt1,20260909382
381,3,set25,alt1,20260909382
381,3,set28,alt1,20260909382
381,3,set29,alt1,20260909382
381,3,set30,alt2,20260909382
381,3,set31,alt2,20260909382
381,3,set39,alt2,20260909382
381,3,set47,alt2,20260909382
382,1,set5,alt2,20260909383
382,1,set6,alt1,20260909383
382,1,set9,alt2,20260909383
382,1,set11,alt2,20260909383
382,1,set18,alt2,20260909383
382,1,set19,alt2,20260909383
382,1,set33,alt1,20260909383
382,1,set35,alt2,20260909383
382,1,set37,alt1,20260909383
382,1,set41,alt1,20260909383
382,1,set42,alt2,20260909383
382,1,set48,alt2,20260909383
383,4,set14,alt1,20260909384
383,4,set15,alt1,20260909384
383,4,set16,alt1,20260909384
383,4,set17,alt1,20260909384
383,4,set20,alt1,20260909384
383,4,set21,alt1,20260909384
383,4,set23,alt1,20260909384
383,4,set26,alt1,20260909384
383,4,set27,alt1,20260909384
383,4,set32,alt1,20260909384
383,4,set34,alt2,20260909384
383,4,set43,alt1,20260909384
384,4,set14,alt1,20260909385
384,4,set15,alt2,20260909385
384,4,set16,alt1,20260909385
384,4,set17,alt2,20260909385
384,4,set20,alt1,20260909385
384,4,set21,alt1,20260909385
384,4,set23,alt1,20260909385
384,4,set26,alt1,20260909385
384,4,set27,alt1,20260909385
384,4,set32,alt1,20260909385
384,4,set34,alt1,20260909385
384,4,set43,alt1,20260909385
385,1,set5,alt2,20260909386
385,1,set6,alt1,20260909386
385,1,set9,alt2,20260909386
385,1,set11,alt2,20260909386
385,1,set18,alt2,20260909386
385,1,set19,alt2,20260909386
385,1,set33,alt1,20260909386
385,1,set35,alt2,20260909386
385,1,set37,alt1,20260909386
385,1,set41,alt1,20260909386
385,1,set42,alt2,20260909386
385,1,set48,alt2,20260909386
386,1,set5,alt1,20260909387
386,1,set6,alt2,20260909387
386,1,set9,alt1,20260909387
386,1,set11,alt2,20260909387
386,1,set18,alt2,20260909387
386,1,set19,alt2,20260909387
386,1,set33,alt1,20260909387
386,1,set35,alt2,20260909387
386,1,set37,alt1,20260909387
386,1,set41,alt1,20260909387
386,1,set42,alt1,20260909387
386,1,set48,alt2,20260909387
387,3,set3,alt1,20260909388
387,3,set4,alt2,20260909388
387,3,set12,alt1,20260909388
387,3,set22,alt1,20260909388
387,3,set24,alt1,20260909388
387,3,set25,alt1,20260909388
387,3,set28,alt1,20260909388
387,3,set29,alt1,20260909388
387,3,set30,alt2,20260909388
387,3,set31,alt2,20260909388
387,3,set39,alt2,20260909388
387,3,set47,alt2,20260909388
388,2,set1,alt2,20260909389
388,2,set2,alt1,20260909389
388,2,set7,alt1,20260909389
388,2,set8,alt1,20260909389
388,2,set10,alt1,20260909389
388,2,set13,alt1,20260909389
388,2,set36,alt2,20260909389
388,2,set38,alt2,20260909389
388,2,set40,alt2,20260909389
388,2,set44,alt1,20260909389
388,2,set45,alt2,20260909389
388,2,set46,alt1,20260909389
389,1,set5,alt2,20260909390
389,1,set6,alt1,20260909390
389,1,set9,alt2,20260909390
389,1,set11,alt2,20260909390
389,1,set18,alt2,20260909390
389,1,set19,alt2,20260909390
389,1,set33,alt1,20260909390
389,1,set35,alt2,20260909390
389,1,set37,alt1,20260909390
389,1,set41,alt1,20260909390
389,1,set42,alt2,20260909390
389,1,set48,alt2,20260909390
390,1,set5,alt2,20260909391
390,1,set6,alt1,20260909391
390,1,set9,alt2,20260909391
390,1,set11,alt2,20260909391
390,1,set18,alt2,20260909391
390,1,set19,alt2,20260909391
390,1,set33,alt1,20260909391
390,1,set35,alt2,20260909391
390,1,set37,alt1,20260909391
390,1,set41,alt1,20260909391
390,1,set42,alt2,20260909391
390,1,set48,alt2,20260909391
391,4,set14,alt1,20260909392
391,4,set15,alt2,20260909392
391,4,set16,alt2,20260909392
391,4,set17,alt2,20260909392
391,4,set20,alt1,20260909392
391,4,set21,alt1,20260909392
391,4,set23,alt1,20260909392
391,4,set26,alt1,20260909392
391,4,set27,alt1,20260909392
391,4,set32,alt1,20260909392
391,4,set34,alt2,20260909392
391,4,set43,alt2,20260909392
392,2,set1,alt2,20260909393
392,2,set2,alt1,20260909393
392,2,set7,alt1,20260909393
392,2,set8,alt1,20260909393
392,2,set10,alt1,20260909393
392,2,set13,alt1,20260909393
392,2,set36,alt2,20260909393
392,2,set38,alt2,20260909393
392,2,set40,alt2,20260909393
392,2,set44,alt1,20260909393
392,2,set45,alt2,20260909393
392,2,set46,alt1,20260909393
393,2,set1,alt2,20260909394
393,2,set2,alt1,20260909394
393,2,set7,alt1,20260909394
393,2,set8,alt1,20260909394
393,2,set10,alt1,20260909394
393,2,set13,alt1,20260909394
393,2,set36,alt2,20260909394
393,2,set38,alt2,20260909394
393,2,set40,alt2,20260909394
393,2,set44,alt1,20260909394
393,2,set45,alt2,20260909394
393,2,set46,alt1,20260909394
394,2,set1,alt2,20260909395
394,2,set2,alt1,20260909395
394,2,set7,alt1,20260909395
394,2,set8,alt1,20260909395
394,2,set10,alt1,20260909395
394,2,set13,alt1,20260909395
394,2,set36,alt2,20260909395
394,2,set38,alt2,20260909395
394,2,set40,alt2,20260909395
394,2,set44,alt1,20260909395
394,2,set45,alt2,20260909395
394,2,set46,alt1,20260909395
395,4,set14,alt1,20260909396
395,4,set15,alt1,20260909396
395,4,set16,alt1,20260909396
395,4,set17,alt1,20260909396
395,4,set20,alt1,20260909396
395,4,set21,alt1,20260909396
395,4,set23,alt1,20260909396
395,4,set26,alt1,20260909396
395,4,set27,alt1,20260909396
395,4,set32,alt1,20260909396
395,4,set34,alt2,20260909396
395,4,set43,alt1,20260909396
396,2,set1,alt2,20260909397
396,2,set2,alt1,20260909397
396,2,set7,alt1,20260909397
396,2,set8,alt1,20260909397
396,2,set10,alt1,20260909397
396,2,set13,alt1,20260909397
396,2,set36,alt2,20260909397
396,2,set38,alt2,20260909397
396,2,set40,alt2,20260909397
396,2,set44,alt1,20260909397
396,2,set45,alt2,20260909397
396,2,set46,alt1,20260909397
397,1,set5,alt1,20260909398
397,1,set6,alt1,20260909398
397,1,set9,alt1,20260909398
397,1,set11,alt2,20260909398
397,1,set18,alt1,20260909398
397,1,set19,alt1,20260909398
397,1,set33,alt2,20260909398
397,1,set35,alt2,20260909398
397,1,set37,alt1,20260909398
397,1,set41,alt1,20260909398
397,1,set42,alt2,20260909398
397,1,set48,alt2,20260909398
398,2,set1,alt2,20260909399
398,2,set2,alt1,20260909399
398,2,set7,alt1,20260909399
398,2,set8,alt1,20260909399
398,2,set10,alt1,20260909399
398,2,set13,alt1,20260909399
398,2,set36,alt2,20260909399
398,2,set38,alt2,20260909399
398,2,set40,alt2,20260909399
398,2,set44,alt1,20260909399
398,2,set45,alt2,20260909399
398,2,set46,alt1,20260909399
399,1,set5,alt1,20260909400
399,1,set6,alt1,20260909400
399,1,set9,alt1,20260909400
399,1,set11,alt2,20260909400
399,1,set18,alt1,20260909400
399,1,set19,alt1,20260909400
399,1,set33,alt2,20260909400
399,1,set35,alt2,20260909400
399,1,set37,alt1,20260909400
399,1,set41,alt1,20260909400
399,1,set42,alt2,20260909400
399,1,set48,alt2,20260909400
400,2,set1,alt2,20260909401
400,2,set2,alt1,20260909401
400,2,set7,alt1,20260909401
400,2,set8,alt1,20260909401
400,2,set10,alt1,20260909401
400,2,set13,alt1,20260909401
400,2,set36,alt1,20260909401
400,2,set38,alt2,20260909401
400,2,set40,alt1,20260909401
400,2,set44,alt2,20260909401
400,2,set45,alt2,20260909401
400,2,set46,alt2,20260909401
401,3,set3,alt2,20260909402
401,3,set4,alt2,20260909402
401,3,set12,alt1,20260909402
401,3,set22,alt2,20260909402
401,3,set24,alt1,20260909402
401,3,set25,alt1,20260909402
401,3,set28,alt1,20260909402
401,3,set29,alt1,20260909402
401,3,set30,alt2,20260909402
401,3,set31,alt2,20260909402
401,3,set39,alt2,20260909402
401,3,set47,alt2,20260909402
402,3,set3,alt1,20260909403
402,3,set4,alt2,20260909403
402,3,set12,alt1,20260909403
402,3,set22,alt1,20260909403
402,3,set24,alt1,20260909403
402,3,set25,alt1,20260909403
402,3,set28,alt1,20260909403
402,3,set29,alt1,20260909403
402,3,set30,alt2,20260909403
402,3,set31,alt2,20260909403
402,3,set39,alt2,20260909403
402,3,set47,alt2,20260909403
403,2,set1,alt2,20260909404
403,2,set2,alt1,20260909404
403,2,set7,alt1,20260909404
403,2,set8,alt1,20260909404
403,2,set10,alt1,20260909404
403,2,set13,alt1,20260909404
403,2,set36,alt2,20260909404
403,2,set38,alt2,20260909404
403,2,set40,alt2,20260909404
403,2,set44,alt1,20260909404
403,2,set45,alt2,20260909404
403,2,set46,alt1,20260909404
404,1,set5,alt1,20260909405
404,1,set6,alt1,20260909405
404,1,set9,alt1,20260909405
404,1,set11,alt2,20260909405
404,1,set18,alt1,20260909405
404,1,set19,alt1,20260909405
404,1,set33,alt2,20260909405
404,1,set35,alt2,20260909405
404,1,set37,alt1,20260909405
404,1,set41,alt1,20260909405
404,1,set42,alt2,20260909405
404,1,set48,alt2,20260909405
405,2,set1,alt2,20260909406
405,2,set2,alt1,20260909406
405,2,set7,alt1,20260909406
405,2,set8,alt1,20260909406
405,2,set10,alt1,20260909406
405,2,set13,alt1,20260909406
405,2,set36,alt2,20260909406
405,2,set38,alt2,20260909406
405,2,set40,alt2,20260909406
405,2,set44,alt1,20260909406
405,2,set45,alt2,20260909406
405,2,set46,alt1,20260909406
406,2,set1,alt2,20260909407
406,2,set2,alt1,20260909407
406,2,set7,alt1,20260909407
406,2,set8,alt1,20260909407
406,2,set10,alt1,20260909407
406,2,set13,alt1,20260909407
406,2,set36,alt2,20260909407
406,2,set38,alt2,20260909407
406,2,set40,alt2,20260909407
406,2,set44,alt1,20260909407
406,2,set45,alt2,20260909407
406,2,set46,alt1,20260909407
407,2,set1,alt2,20260909408
407,2,set2,alt1,20260909408
407,2,set7,alt1,20260909408
407,2,set8,alt1,20260909408
407,2,set10,alt1,20260909408
407,2,set13,alt1,20260909408
407,2,set36,alt2,20260909408
407,2,set38,alt2,20260909408
407,2,set40,alt2,20260909408
407,2,set44,alt1,20260909408
407,2,set45,alt2,20260909408
407,2,set46,alt1,20260909408
408,2,set1,alt2,20260909409
408,2,set2,alt1,20260909409
408,2,set7,alt2,20260909409
408,2,set8,alt1,20260909409
408,2,set10,alt2,20260909409
408,2,set13,alt1,20260909409
408,2,set36,alt2,20260909409
408,2,set38,alt1,20260909409
408,2,set40,alt2,20260909409
408,2,set44,alt2,20260909409
408,2,set45,alt2,20260909409
408,2,set46,alt2,20260909409
409,2,set1,alt2,20260909410
409,2,set2,alt1,20260909410
409,2,set7,alt1,20260909410
409,2,set8,alt1,20260909410
409,2,set10,alt1,20260909410
409,2,set13,alt1,20260909410
409,2,set36,alt2,20260909410
409,2,set38,alt2,20260909410
409,2,set40,alt2,20260909410
409,2,set44,alt1,20260909410
409,2,set45,alt2,20260909410
409,2,set46,alt1,20260909410
410,4,set14,alt1,20260909411
410,4,set15,alt2,20260909411
410,4,set16,alt2,20260909411
410,4,set17,alt2,20260909411
410,4,set20,alt1,20260909411
410,4,set21,alt1,20260909411
410,4,set23,alt1,20260909411
410,4,set26,alt1,20260909411
410,4,set27,alt1,20260909411
410,4,set32,alt1,20260909411
410,4,set34,alt2,20260909411
410,4,set43,alt2,20260909411
411,2,set1,alt2,20260909412
411,2,set2,alt1,20260909412
411,2,set7,alt1,20260909412
411,2,set8,alt1,20260909412
411,2,set10,alt2,20260909412
411,2,set13,alt1,20260909412
411,2,set36,alt2,20260909412
411,2,set38,alt2,20260909412
411,2,set40,alt2,20260909412
411,2,set44,alt1,20260909412
411,2,set45,alt2,20260909412
411,2,set46,alt1,20260909412
412,4,set14,alt1,20260909413
412,4,set15,alt2,20260909413
412,4,set16,alt2,20260909413
412,4,set17,alt2,20260909413
412,4,set20,alt1,20260909413
412,4,set21,alt1,20260909413
412,4,set23,alt1,20260909413
412,4,set26,alt1,20260909413
412,4,set27,alt1,20260909413
412,4,set32,alt1,20260909413
412,4,set34,alt2,20260909413
412,4,set43,alt2,20260909413
413,2,set1,alt2,20260909414
413,2,set2,alt1,20260909414
413,2,set7,alt1,20260909414
413,2,set8,alt1,20260909414
413,2,set10,alt1,20260909414
413,2,set13,alt1,20260909414
413,2,set36,alt2,20260909414
413,2,set38,alt2,20260909414
413,2,set40,alt2,20260909414
413,2,set44,alt1,20260909414
413,2,set45,alt2,20260909414
413,2,set46,alt1,20260909414
414,4,set14,alt1,20260909415
414,4,set15,alt2,20260909415
414,4,set16,alt2,20260909415
414,4,set17,alt2,20260909415
414,4,set20,alt1,20260909415
414,4,set21,alt1,20260909415
414,4,set23,alt1,20260909415
414,4,set26,alt1,20260909415
414,4,set27,alt1,20260909415
414,4,set32,alt1,20260909415
414,4,set34,alt2,20260909415
414,4,set43,alt2,20260909415
415,4,set14,alt1,20260909416
415,4,set15,alt2,20260909416
415,4,set16,alt1,20260909416
415,4,set17,alt2,20260909416
415,4,set20,alt1,20260909416
415,4,set21,alt1,20260909416
415,4,set23,alt1,20260909416
415,4,set26,alt1,20260909416
415,4,set27,alt1,20260909416
415,4,set32,alt1,20260909416
415,4,set34,alt1,20260909416
415,4,set43,alt1,20260909416
416,3,set3,alt1,20260909417
416,3,set4,alt2,20260909417
416,3,set12,alt1,20260909417
416,3,set22,alt1,20260909417
416,3,set24,alt1,20260909417
416,3,set25,alt1,20260909417
416,3,set28,alt1,20260909417
416,3,set29,alt1,20260909417
416,3,set30,alt2,20260909417
416,3,set31,alt2,20260909417
416,3,set39,alt2,20260909417
416,3,set47,alt2,20260909417
417,1,set5,alt2,20260909418
417,1,set6,alt2,20260909418
417,1,set9,alt2,20260909418
417,1,set11,alt2,20260909418
417,1,set18,alt2,20260909418
417,1,set19,alt2,20260909418
417,1,set33,alt1,20260909418
417,1,set35,alt2,20260909418
417,1,set37,alt1,20260909418
417,1,set41,alt2,20260909418
417,1,set42,alt2,20260909418
417,1,set48,alt2,20260909418
418,1,set5,alt2,20260909419
418,1,set6,alt1,20260909419
418,1,set9,alt2,20260909419
418,1,set11,alt2,20260909419
418,1,set18,alt2,20260909419
418,1,set19,alt2,20260909419
418,1,set33,alt1,20260909419
418,1,set35,alt2,20260909419
418,1,set37,alt1,20260909419
418,1,set41,alt1,20260909419
418,1,set42,alt2,20260909419
418,1,set48,alt2,20260909419
419,2,set1,alt2,20260909420
419,2,set2,alt1,20260909420
419,2,set7,alt1,20260909420
419,2,set8,alt1,20260909420
419,2,set10,alt2,20260909420
419,2,set13,alt1,20260909420
419,2,set36,alt2,20260909420
419,2,set38,alt2,20260909420
419,2,set40,alt2,20260909420
419,2,set44,alt1,20260909420
419,2,set45,alt2,20260909420
419,2,set46,alt1,20260909420
420,1,set5,alt2,20260909421
420,1,set6,alt2,20260909421
420,1,set9,alt2,20260909421
420,1,set11,alt2,20260909421
420,1,set18,alt2,20260909421
420,1,set19,alt2,20260909421
420,1,set33,alt1,20260909421
420,1,set35,alt2,20260909421
420,1,set37,alt1,20260909421
420,1,set41,alt2,20260909421
420,1,set42,alt2,20260909421
420,1,set48,alt2,20260909421
421,1,set5,alt2,20260909422
421,1,set6,alt2,20260909422
421,1,set9,alt2,20260909422
421,1,set11,alt2,20260909422
421,1,set18,alt2,20260909422
421,1,set19,alt2,20260909422
421,1,set33,alt1,20260909422
421,1,set35,alt2,20260909422
421,1,set37,alt1,20260909422
421,1,set41,alt2,20260909422
421,1,set42,alt2,20260909422
421,1,set48,alt2,20260909422
422,1,set5,alt2,20260909423
422,1,set6,alt1,20260909423
422,1,set9,alt2,20260909423
422,1,set11,alt2,20260909423
422,1,set18,alt2,20260909423
422,1,set19,alt2,20260909423
422,1,set33,alt1,20260909423
422,1,set35,alt2,20260909423
422,1,set37,alt1,20260909423
422,1,set41,alt1,20260909423
422,1,set42,alt2,20260909423
422,1,set48,alt2,20260909423
423,1,set5,alt1,20260909424
423,1,set6,alt1,20260909424
423,1,set9,alt1,20260909424
423,1,set11,alt2,20260909424
423,1,set18,alt1,20260909424
423,1,set19,alt1,20260909424
423,1,set33,alt2,20260909424
423,1,set35,alt2,20260909424
423,1,set37,alt1,20260909424
423,1,set41,alt1,20260909424
423,1,set42,alt2,20260909424
423,1,set48,alt2,20260909424
424,3,set3,alt2,20260909425
424,3,set4,alt1,20260909425
424,3,set12,alt1,20260909425
424,3,set22,alt2,20260909425
424,3,set24,alt1,20260909425
424,3,set25,alt2,20260909425
424,3,set28,alt2,20260909425
424,3,set29,alt1,20260909425
424,3,set30,alt2,20260909425
424,3,set31,alt1,20260909425
424,3,set39,alt1,20260909425
424,3,set47,alt2,20260909425
425,4,set14,alt1,20260909426
425,4,set15,alt2,20260909426
425,4,set16,alt1,20260909426
425,4,set17,alt2,20260909426
425,4,set20,alt1,20260909426
425,4,set21,alt1,20260909426
425,4,set23,alt1,20260909426
425,4,set26,alt1,20260909426
425,4,set27,alt1,20260909426
425,4,set32,alt1,20260909426
425,4,set34,alt1,20260909426
425,4,set43,alt1,20260909426
426,3,set3,alt1,20260909427
426,3,set4,alt2,20260909427
426,3,set12,alt1,20260909427
426,3,set22,alt1,20260909427
426,3,set24,alt1,20260909427
426,3,set25,alt1,20260909427
426,3,set28,alt1,20260909427
426,3,set29,alt1,20260909427
426,3,set30,alt2,20260909427
426,3,set31,alt2,20260909427
426,3,set39,alt2,20260909427
426,3,set47,alt2,20260909427
427,1,set5,alt2,20260909428
427,1,set6,alt2,20260909428
427,1,set9,alt2,20260909428
427,1,set11,alt2,20260909428
427,1,set18,alt2,20260909428
427,1,set19,alt2,20260909428
427,1,set33,alt1,20260909428
427,1,set35,alt2,20260909428
427,1,set37,alt1,20260909428
427,1,set41,alt2,20260909428
427,1,set42,alt2,20260909428
427,1,set48,alt2,20260909428
428,4,set14,alt1,20260909429
428,4,set15,alt2,20260909429
428,4,set16,alt2,20260909429
428,4,set17,alt2,20260909429
428,4,set20,alt1,20260909429
428,4,set21,alt1,20260909429
428,4,set23,alt1,20260909429
428,4,set26,alt1,20260909429
428,4,set27,alt1,20260909429
428,4,set32,alt1,20260909429
428,4,set34,alt2,20260909429
428,4,set43,alt2,20260909429
429,3,set3,alt1,20260909430
429,3,set4,alt2,20260909430
429,3,set12,alt1,20260909430
429,3,set22,alt1,20260909430
429,3,set24,alt1,20260909430
429,3,set25,alt1,20260909430
429,3,set28,alt1,20260909430
429,3,set29,alt1,20260909430
429,3,set30,alt2,20260909430
429,3,set31,alt2,20260909430
429,3,set39,alt2,20260909430
429,3,set47,alt2,20260909430
430,2,set1,alt2,20260909431
430,2,set2,alt1,20260909431
430,2,set7,alt1,20260909431
430,2,set8,alt1,20260909431
430,2,set10,alt1,20260909431
430,2,set13,alt1,20260909431
430,2,set36,alt2,20260909431
430,2,set38,alt2,20260909431
430,2,set40,alt2,20260909431
430,2,set44,alt1,20260909431
430,2,set45,alt2,20260909431
430,2,set46,alt1,20260909431
431,4,set14,alt1,20260909432
431,4,set15,alt2,20260909432
431,4,set16,alt2,20260909432
431,4,set17,alt2,20260909432
431,4,set20,alt1,20260909432
431,4,set21,alt1,20260909432
431,4,set23,alt1,20260909432
431,4,set26,alt1,20260909432
431,4,set27,alt1,20260909432
431,4,set32,alt1,20260909432
431,4,set34,alt2,20260909432
431,4,set43,alt2,20260909432
432,1,set5,alt2,20260909433
432,1,set6,alt1,20260909433
432,1,set9,alt2,20260909433
432,1,set11,alt2,20260909433
432,1,set18,alt2,20260909433
432,1,set19,alt2,20260909433
432,1,set33,alt1,20260909433
432,1,set35,alt2,20260909433
432,1,set37,alt1,20260909433
432,1,set41,alt1,20260909433
432,1,set42,alt2,20260909433
432,1,set48,alt2,20260909433
433,3,set3,alt1,20260909434
433,3,set4,alt2,20260909434
433,3,set12,alt1,20260909434
433,3,set22,alt1,20260909434
433,3,set24,alt1,20260909434
433,3,set25,alt1,20260909434
433,3,set28,alt1,20260909434
433,3,set29,alt1,20260909434
433,3,set30,alt2,20260909434
433,3,set31,alt2,20260909434
433,3,set39,alt2,20260909434
433,3,set47,alt2,20260909434
434,2,set1,alt2,20260909435
434,2,set2,alt1,20260909435
434,2,set7,alt1,20260909435
434,2,set8,alt1,20260909435
434,2,set10,alt1,20260909435
434,2,set13,alt1,20260909435
434,2,set36,alt2,20260909435
434,2,set38,alt2,20260909435
434,2,set40,alt2,20260909435
434,2,set44,alt1,20260909435
434,2,set45,alt2,20260909435
434,2,set46,alt1,20260909435
435,3,set3,alt1,20260909436
435,3,set4,alt2,20260909436
435,3,set12,alt1,20260909436
435,3,set22,alt1,20260909436
435,3,set24,alt1,20260909436
435,3,set25,alt1,20260909436
435,3,set28,alt1,20260909436
435,3,set29,alt1,20260909436
435,3,set30,alt2,20260909436
435,3,set31,alt2,20260909436
435,3,set39,alt2,20260909436
435,3,set47,alt2,20260909436
436,4,set14,alt2,20260909437
436,4,set15,alt2,20260909437
436,4,set16,alt1,20260909437
436,4,set17,alt1,20260909437
436,4,set20,alt1,20260909437
436,4,set21,alt1,20260909437
436,4,set23,alt1,20260909437
436,4,set26,alt1,20260909437
436,4,set27,alt2,20260909437
436,4,set32,alt1,20260909437
436,4,set34,alt2,20260909437
436,4,set43,alt1,20260909437
437,1,set5,alt1,20260909438
437,1,set6,alt2,20260909438
437,1,set9,alt1,20260909438
437,1,set11,alt2,20260909438
437,1,set18,alt2,20260909438
437,1,set19,alt2,20260909438
437,1,set33,alt1,20260909438
437,1,set35,alt2,20260909438
437,1,set37,alt1,20260909438
437,1,set41,alt1,20260909438
437,1,set42,alt1,20260909438
437,1,set48,alt2,20260909438
438,3,set3,alt1,20260909439
438,3,set4,alt2,20260909439
438,3,set12,alt1,20260909439
438,3,set22,alt1,20260909439
438,3,set24,alt1,20260909439
438,3,set25,alt1,20260909439
438,3,set28,alt1,20260909439
438,3,set29,alt1,20260909439
438,3,set30,alt2,20260909439
438,3,set31,alt2,20260909439
438,3,set39,alt2,20260909439
438,3,set47,alt2,20260909439
439,2,set1,alt2,20260909440
439,2,set2,alt1,20260909440
439,2,set7,alt1,20260909440
439,2,set8,alt1,20260909440
439,2,set10,alt1,20260909440
439,2,set13,alt1,20260909440
439,2,set36,alt2,20260909440
439,2,set38,alt2,20260909440
439,2,set40,alt2,20260909440
439,2,set44,alt1,20260909440
439,2,set45,alt2,20260909440
439,2,set46,alt1,20260909440
440,2,set1,alt2,20260909441
440,2,set2,alt1,20260909441
440,2,set7,alt1,20260909441
440,2,set8,alt1,20260909441
440,2,set10,alt2,20260909441
440,2,set13,alt1,20260909441
440,2,set36,alt2,20260909441
440,2,set38,alt2,20260909441
440,2,set40,alt2,20260909441
440,2,set44,alt2,20260909441
440,2,set45,alt2,20260909441
440,2,set46,alt2,20260909441
441,1,set5,alt1,20260909442
441,1,set6,alt1,20260909442
441,1,set9,alt1,20260909442
441,1,set11,alt2,20260909442
441,1,set18,alt1,20260909442
441,1,set19,alt1,20260909442
441,1,set33,alt2,20260909442
441,1,set35,alt2,20260909442
441,1,set37,alt1,20260909442
441,1,set41,alt1,20260909442
441,1,set42,alt2,20260909442
441,1,set48,alt2,20260909442
442,1,set5,alt2,20260909443
442,1,set6,alt2,20260909443
442,1,set9,alt2,20260909443
442,1,set11,alt2,20260909443
442,1,set18,alt2,20260909443
442,1,set19,alt2,20260909443
442,1,set33,alt1,20260909443
442,1,set35,alt2,20260909443
442,1,set37,alt1,20260909443
442,1,set41,alt2,20260909443
442,1,set42,alt2,20260909443
442,1,set48,alt2,20260909443
443,2,set1,alt2,20260909444
443,2,set2,alt1,20260909444
443,2,set7,alt1,20260909444
443,2,set8,alt1,20260909444
443,2,set10,alt2,20260909444
443,2,set13,alt1,20260909444
443,2,set36,alt2,20260909444
443,2,set38,alt2,20260909444
443,2,set40,alt2,20260909444
443,2,set44,alt1,20260909444
443,2,set45,alt2,20260909444
443,2,set46,alt1,20260909444
444,2,set1,alt2,20260909445
444,2,set2,alt1,20260909445
444,2,set7,alt2,20260909445
444,2,set8,alt1,20260909445
444,2,set10,alt2,20260909445
444,2,set13,alt1,20260909445
444,2,set36,alt2,20260909445
444,2,set38,alt1,20260909445
444,2,set40,alt2,20260909445
444,2,set44,alt2,20260909445
444,2,set45,alt2,20260909445
444,2,set46,alt2,20260909445
445,2,set1,alt2,20260909446
445,2,set2,alt1,20260909446
445,2,set7,alt1,20260909446
445,2,set8,alt1,20260909446
445,2,set10,alt1,20260909446
445,2,set13,alt1,20260909446
445,2,set36,alt2,20260909446
445,2,set38,alt2,20260909446
445,2,set40,alt2,20260909446
445,2,set44,alt1,20260909446
445,2,set45,alt2,20260909446
445,2,set46,alt1,20260909446
446,4,set14,alt1,20260909447
446,4,set15,alt2,20260909447
446,4,set16,alt2,20260909447
446,4,set17,alt2,20260909447
446,4,set20,alt1,20260909447
446,4,set21,alt1,20260909447
446,4,set23,alt1,20260909447
446,4,set26,alt1,20260909447
446,4,set27,alt1,20260909447
446,4,set32,alt1,20260909447
446,4,set34,alt2,20260909447
446,4,set43,alt2,20260909447
447,4,set14,alt1,20260909448
447,4,set15,alt2,20260909448
447,4,set16,alt1,20260909448
447,4,set17,alt2,20260909448
447,4,set20,alt1,20260909448
447,4,set21,alt1,20260909448
447,4,set23,alt1,20260909448
447,4,set26,alt1,20260909448
447,4,set27,alt1,20260909448
447,4,set32,alt1,20260909448
447,4,set34,alt1,20260909448
447,4,set43,alt1,20260909448
448,4,set14,alt1,20260909449
448,4,set15,alt1,20260909449
448,4,set16,alt1,20260909449
448,4,set17,alt1,20260909449
448,4,set20,alt1,20260909449
448,4,set21,alt1,20260909449
448,4,set23,alt1,20260909449
448,4,set26,alt1,20260909449
448,4,set27,alt1,20260909449
448,4,set32,alt1,20260909449
448,4,set34,alt2,20260909449
448,4,set43,alt1,20260909449
449,2,set1,alt2,20260909450
449,2,set2,alt1,20260909450
449,2,set7,alt1,20260909450
449,2,set8,alt1,20260909450
449,2,set10,alt1,20260909450
449,2,set13,alt1,20260909450
449,2,set36,alt2,20260909450
449,2,set38,alt2,20260909450
449,2,set40,alt2,20260909450
449,2,set44,alt1,20260909450
449,2,set45,alt2,20260909450
449,2,set46,alt1,20260909450
450,2,set1,alt2,20260909451
450,2,set2,alt1,20260909451
450,2,set7,alt1,20260909451
450,2,set8,alt1,20260909451
450,2,set10,alt1,20260909451
450,2,set13,alt1,20260909451
450,2,set36,alt2,20260909451
450,2,set38,alt2,20260909451
450,2,set40,alt2,20260909451
450,2,set44,alt1,20260909451
450,2,set45,alt2,20260909451
450,2,set46,alt1,20260909451
451,4,set14,alt1,20260909452
451,4,set15,alt2,20260909452
451,4,set16,alt2,20260909452
451,4,set17,alt2,20260909452
451,4,set20,alt1,20260909452
451,4,set21,alt1,20260909452
451,4,set23,alt1,20260909452
451,4,set26,alt1,20260909452
451,4,set27,alt1,20260909452
451,4,set32,alt1,20260909452
451,4,set34,alt2,20260909452
451,4,set43,alt2,20260909452
452,1,set5,alt2,20260909453
452,1,set6,alt2,20260909453
452,1,set9,alt2,20260909453
452,1,set11,alt2,20260909453
452,1,set18,alt1,20260909453
452,1,set19,alt2,20260909453
452,1,set33,alt1,20260909453
452,1,set35,alt2,20260909453
452,1,set37,alt1,20260909453
452,1,set41,alt1,20260909453
452,1,set42,alt2,20260909453
452,1,set48,alt2,20260909453
453,3,set3,alt1,20260909454
453,3,set4,alt2,20260909454
453,3,set12,alt1,20260909454
453,3,set22,alt1,20260909454
453,3,set24,alt1,20260909454
453,3,set25,alt1,20260909454
453,3,set28,alt1,20260909454
453,3,set29,alt1,20260909454
453,3,set30,alt2,20260909454
453,3,set31,alt2,20260909454
453,3,set39,alt2,20260909454
453,3,set47,alt2,20260909454
454,1,set5,alt1,20260909455
454,1,set6,alt1,20260909455
454,1,set9,alt1,20260909455
454,1,set11,alt2,20260909455
454,1,set18,alt1,20260909455
454,1,set19,alt1,20260909455
454,1,set33,alt2,20260909455
454,1,set35,alt2,20260909455
454,1,set37,alt1,20260909455
454,1,set41,alt1,20260909455
454,1,set42,alt2,20260909455
454,1,set48,alt2,20260909455
455,4,set14,alt1,20260909456
455,4,set15,alt2,20260909456
455,4,set16,alt2,20260909456
455,4,set17,alt2,20260909456
455,4,set20,alt1,20260909456
455,4,set21,alt1,20260909456
455,4,set23,alt1,20260909456
455,4,set26,alt1,20260909456
455,4,set27,alt1,20260909456
455,4,set32,alt1,20260909456
455,4,set34,alt2,20260909456
455,4,set43,alt2,20260909456
456,4,set14,alt1,20260909457
456,4,set15,alt2,20260909457
456,4,set16,alt2,20260909457
456,4,set17,alt2,20260909457
456,4,set20,alt1,20260909457
456,4,set21,alt1,20260909457
456,4,set23,alt1,20260909457
456,4,set26,alt1,20260909457
456,4,set27,alt1,20260909457
456,4,set32,alt1,20260909457
456,4,set34,alt2,20260909457
456,4,set43,alt2,20260909457
457,4,set14,alt1,20260909458
457,4,set15,alt2,20260909458
457,4,set16,alt2,20260909458
457,4,set17,alt2,20260909458
457,4,set20,alt1,20260909458
457,4,set21,alt1,20260909458
457,4,set23,alt1,20260909458
457,4,set26,alt1,20260909458
457,4,set27,alt1,20260909458
457,4,set32,alt1,20260909458
457,4,set34,alt2,20260909458
457,4,set43,alt2,20260909458
458,4,set14,alt2,20260909459
458,4,set15,alt2,20260909459
458,4,set16,alt1,20260909459
458,4,set17,alt1,20260909459
458,4,set20,alt1,20260909459
458,4,set21,alt1,20260909459
458,4,set23,alt1,20260909459
458,4,set26,alt1,20260909459
458,4,set27,alt2,20260909459
458,4,set32,alt1,20260909459
458,4,set34,alt2,20260909459
458,4,set43,alt1,20260909459
459,3,set3,alt1,20260909460
459,3,set4,alt2,20260909460
459,3,set12,alt1,20260909460
459,3,set22,alt1,20260909460
459,3,set24,alt1,20260909460
459,3,set25,alt1,20260909460
459,3,set28,alt1,20260909460
459,3,set29,alt1,20260909460
459,3,set30,alt2,20260909460
459,3,set31,alt2,20260909460
459,3,set39,alt2,20260909460
459,3,set47,alt2,20260909460
460,1,set5,alt2,20260909461
460,1,set6,alt2,20260909461
460,1,set9,alt2,20260909461
460,1,set11,alt2,20260909461
460,1,set18,alt2,20260909461
460,1,set19,alt2,20260909461
460,1,set33,alt1,20260909461
460,1,set35,alt2,20260909461
460,1,set37,alt1,20260909461
460,1,set41,alt2,20260909461
460,1,set42,alt2,20260909461
460,1,set48,alt2,20260909461
461,4,set14,alt1,20260909462
461,4,set15,alt2,20260909462
461,4,set16,alt2,20260909462
461,4,set17,alt2,20260909462
461,4,set20,alt1,20260909462
461,4,set21,alt1,20260909462
461,4,set23,alt1,20260909462
461,4,set26,alt1,20260909462
461,4,set27,alt1,20260909462
461,4,set32,alt1,20260909462
461,4,set34,alt2,20260909462
461,4,set43,alt2,20260909462
462,1,set5,alt2,20260909463
462,1,set6,alt1,20260909463
462,1,set9,alt2,20260909463
462,1,set11,alt2,20260909463
462,1,set18,alt2,20260909463
462,1,set19,alt2,20260909463
462,1,set33,alt1,20260909463
462,1,set35,alt2,20260909463
462,1,set37,alt1,20260909463
462,1,set41,alt1,20260909463
462,1,set42,alt2,20260909463
462,1,set48,alt2,20260909463
463,2,set1,alt2,20260909464
463,2,set2,alt1,20260909464
463,2,set7,alt1,20260909464
463,2,set8,alt1,20260909464
463,2,set10,alt1,20260909464
463,2,set13,alt1,20260909464
463,2,set36,alt1,20260909464
463,2,set38,alt2,20260909464
463,2,set40,alt1,20260909464
463,2,set44,alt2,20260909464
463,2,set45,alt2,20260909464
463,2,set46,alt2,20260909464
464,1,set5,alt1,20260909465
464,1,set6,alt1,20260909465
464,1,set9,alt1,20260909465
464,1,set11,alt2,20260909465
464,1,set18,alt1,20260909465
464,1,set19,alt1,20260909465
464,1,set33,alt2,20260909465
464,1,set35,alt2,20260909465
464,1,set37,alt1,20260909465
464,1,set41,alt1,20260909465
464,1,set42,alt2,20260909465
464,1,set48,alt2,20260909465
465,3,set3,alt2,20260909466
465,3,set4,alt1,20260909466
465,3,set12,alt1,20260909466
465,3,set22,alt2,20260909466
465,3,set24,alt1,20260909466
465,3,set25,alt2,20260909466
465,3,set28,alt2,20260909466
465,3,set29,alt1,20260909466
465,3,set30,alt2,20260909466
465,3,set31,alt1,20260909466
465,3,set39,alt1,20260909466
465,3,set47,alt2,20260909466
466,3,set3,alt1,20260909467
466,3,set4,alt2,20260909467
466,3,set12,alt1,20260909467
466,3,set22,alt1,20260909467
466,3,set24,alt1,20260909467
466,3,set25,alt1,20260909467
466,3,set28,alt1,20260909467
466,3,set29,alt1,20260909467
466,3,set30,alt2,20260909467
466,3,set31,alt2,20260909467
466,3,set39,alt2,20260909467
466,3,set47,alt2,20260909467
467,4,set14,alt1,20260909468
467,4,set15,alt2,20260909468
467,4,set16,alt2,20260909468
467,4,set17,alt2,20260909468
467,4,set20,alt1,20260909468
467,4,set21,alt1,20260909468
467,4,set23,alt1,20260909468
467,4,set26,alt1,20260909468
467,4,set27,alt1,20260909468
467,4,set32,alt1,20260909468
467,4,set34,alt2,20260909468
467,4,set43,alt2,20260909468
468,2,set1,alt2,20260909469
468,2,set2,alt1,20260909469
468,2,set7,alt1,20260909469
468,2,set8,alt1,20260909469
468,2,set10,alt1,20260909469
468,2,set13,alt1,20260909469
468,2,set36,alt1,20260909469
468,2,set38,alt2,20260909469
468,2,set40,alt1,20260909469
468,2,set44,alt2,20260909469
468,2,set45,alt2,20260909469
468,2,set46,alt2,20260909469
469,3,set3,alt1,20260909470
469,3,set4,alt2,20260909470
469,3,set12,alt1,20260909470
469,3,set22,alt1,20260909470
469,3,set24,alt1,20260909470
469,3,set25,alt1,20260909470
469,3,set28,alt1,20260909470
469,3,set29,alt1,20260909470
469,3,set30,alt2,20260909470
469,3,set31,alt2,20260909470
469,3,set39,alt2,20260909470
469,3,set47,alt2,20260909470
470,2,set1,alt2,20260909471
470,2,set2,alt1,20260909471
470,2,set7,alt1,20260909471
470,2,set8,alt1,20260909471
470,2,set10,alt2,20260909471
470,2,set13,alt1,20260909471
470,2,set36,alt2,20260909471
470,2,set38,alt2,20260909471
470,2,set40,alt2,20260909471
470,2,set44,alt1,20260909471
470,2,set45,alt2,20260909471
470,2,set46,alt1,20260909471
471,2,set1,alt2,20260909472
471,2,set2,alt1,20260909472
471,2,set7,alt1,20260909472
471,2,set8,alt1,20260909472
471,2,set10,alt2,20260909472
471,2,set13,alt1,20260909472
471,2,set36,alt2,20260909472
471,2,set38,alt2,20260909472
471,2,set40,alt2,20260909472
471,2,set44,alt1,20260909472
471,2,set45,alt2,20260909472
471,2,set46,alt1,20260909472
472,3,set3,alt1,20260909473
472,3,set4,alt2,20260909473
472,3,set12,alt1,20260909473
472,3,set22,alt1,20260909473
472,3,set24,alt1,20260909473
472,3,set25,alt1,20260909473
472,3,set28,alt1,20260909473
472,3,set29,alt1,20260909473
472,3,set30,alt2,20260909473
472,3,set31,alt2,20260909473
472,3,set39,alt2,20260909473
472,3,set47,alt2,20260909473
473,1,set5,alt2,20260909474
473,1,set6,alt2,20260909474
473,1,set9,alt2,20260909474
473,1,set11,alt2,20260909474
473,1,set18,alt1,20260909474
473,1,set19,alt2,20260909474
473,1,set33,alt1,20260909474
473,1,set35,alt2,20260909474
473,1,set37,alt1,20260909474
473,1,set41,alt1,20260909474
473,1,set42,alt2,20260909474
473,1,set48,alt2,20260909474
474,2,set1,alt2,20260909475
474,2,set2,alt1,20260909475
474,2,set7,alt1,20260909475
474,2,set8,alt1,20260909475
474,2,set10,alt1,20260909475
474,2,set13,alt1,20260909475
474,2,set36,alt2,20260909475
474,2,set38,alt2,20260909475
474,2,set40,alt2,20260909475
474,2,set44,alt1,20260909475
474,2,set45,alt2,20260909475
474,2,set46,alt1,20260909475
475,3,set3,alt2,20260909476
475,3,set4,alt1,20260909476
475,3,set12,alt1,20260909476
475,3,set22,alt2,20260909476
475,3,set24,alt1,20260909476
475,3,set25,alt2,20260909476
475,3,set28,alt2,20260909476
475,3,set29,alt1,20260909476
475,3,set30,alt2,20260909476
475,3,set31,alt1,20260909476
475,3,set39,alt1,20260909476
475,3,set47,alt2,20260909476
476,1,set5,alt2,20260909477
476,1,set6,alt1,20260909477
476,1,set9,alt2,20260909477
476,1,set11,alt2,20260909477
476,1,set18,alt2,20260909477
476,1,set19,alt2,20260909477
476,1,set33,alt1,20260909477
476,1,set35,alt2,20260909477
476,1,set37,alt1,20260909477
476,1,set41,alt1,20260909477
476,1,set42,alt2,20260909477
476,1,set48,alt2,20260909477
477,2,set1,alt2,20260909478
477,2,set2,alt1,20260909478
477,2,set7,alt1,20260909478
477,2,set8,alt1,20260909478
477,2,set10,alt1,20260909478
477,2,set13,alt1,20260909478
477,2,set36,alt2,20260909478
477,2,set38,alt2,20260909478
477,2,set40,alt2,20260909478
477,2,set44,alt1,20260909478
477,2,set45,alt2,20260909478
477,2,set46,alt1,20260909478
478,2,set1,alt2,20260909479
478,2,set2,alt1,20260909479
478,2,set7,alt1,20260909479
478,2,set8,alt1,20260909479
478,2,set10,alt1,20260909479
478,2,set13,alt1,20260909479
478,2,set36,alt2,20260909479
478,2,set38,alt2,20260909479
478,2,set40,alt2,20260909479
478,2,set44,alt1,20260909479
478,2,set45,alt2,20260909479
478,2,set46,alt1,20260909479
479,1,set5,alt2,20260909480
479,1,set6,alt1,20260909480
479,1,set9,alt2,20260909480
479,1,set11,alt2,20260909480
479,1,set18,alt2,20260909480
479,1,set19,alt2,20260909480
479,1,set33,alt1,20260909480
479,1,set35,alt2,20260909480
479,1,set37,alt1,20260909480
479,1,set41,alt1,20260909480
479,1,set42,alt2,20260909480
479,1,set48,alt2,20260909480
480,1,set5,alt2,20260909481
480,1,set6,alt2,20260909481
480,1,set9,alt2,20260909481
480,1,set11,alt2,20260909481
480,1,set18,alt2,20260909481
480,1,set19,alt2,20260909481
480,1,set33,alt1,20260909481
480,1,set35,alt2,20260909481
480,1,set37,alt1,20260909481
480,1,set41,alt2,20260909481
480,1,set42,alt2,20260909481
480,1,set48,alt2,20260909481
481,2,set1,alt2,20260909482
481,2,set2,alt1,20260909482
481,2,set7,alt1,20260909482
481,2,set8,alt1,20260909482
481,2,set10,alt1,20260909482
481,2,set13,alt1,20260909482
481,2,set36,alt2,20260909482
481,2,set38,alt2,20260909482
481,2,set40,alt2,20260909482
481,2,set44,alt1,20260909482
481,2,set45,alt2,20260909482
481,2,set46,alt1,20260909482
482,2,set1,alt2,20260909483
482,2,set2,alt1,20260909483
482,2,set7,alt1,20260909483
482,2,set8,alt1,20260909483
482,2,set10,alt2,20260909483
482,2,set13,alt1,20260909483
482,2,set36,alt2,20260909483
482,2,set38,alt2,20260909483
482,2,set40,alt2,20260909483
482,2,set44,alt1,20260909483
482,2,set45,alt2,20260909483
482,2,set46,alt1,20260909483
483,1,set5,alt2,20260909484
483,1,set6,alt1,20260909484
483,1,set9,alt2,20260909484
483,1,set11,alt2,20260909484
483,1,set18,alt2,20260909484
483,1,set19,alt2,20260909484
483,1,set33,alt1,20260909484
483,1,set35,alt2,20260909484
483,1,set37,alt1,20260909484
483,1,set41,alt1,20260909484
483,1,set42,alt2,20260909484
483,1,set48,alt2,20260909484
484,3,set3,alt1,20260909485
484,3,set4,alt2,20260909485
484,3,set12,alt1,20260909485
484,3,set22,alt1,20260909485
484,3,set24,alt1,20260909485
484,3,set25,alt1,20260909485
484,3,set28,alt1,20260909485
484,3,set29,alt1,20260909485
484,3,set30,alt2,20260909485
484,3,set31,alt2,20260909485
484,3,set39,alt2,20260909485
484,3,set47,alt2,20260909485
485,4,set14,alt1,20260909486
485,4,set15,alt1,20260909486
485,4,set16,alt1,20260909486
485,4,set17,alt1,20260909486
485,4,set20,alt1,20260909486
485,4,set21,alt1,20260909486
485,4,set23,alt1,20260909486
485,4,set26,alt1,20260909486
485,4,set27,alt1,20260909486
485,4,set32,alt1,20260909486
485,4,set34,alt2,20260909486
485,4,set43,alt1,20260909486
486,2,set1,alt2,20260909487
486,2,set2,alt1,20260909487
486,2,set7,alt1,20260909487
486,2,set8,alt1,20260909487
486,2,set10,alt1,20260909487
486,2,set13,alt1,20260909487
486,2,set36,alt2,20260909487
486,2,set38,alt2,20260909487
486,2,set40,alt2,20260909487
486,2,set44,alt1,20260909487
486,2,set45,alt2,20260909487
486,2,set46,alt1,20260909487
487,2,set1,alt2,20260909488
487,2,set2,alt1,20260909488
487,2,set7,alt2,20260909488
487,2,set8,alt1,20260909488
487,2,set10,alt2,20260909488
487,2,set13,alt1,20260909488
487,2,set36,alt2,20260909488
487,2,set38,alt1,20260909488
487,2,set40,alt2,20260909488
487,2,set44,alt2,20260909488
487,2,set45,alt2,20260909488
487,2,set46,alt2,20260909488
488,4,set14,alt1,20260909489
488,4,set15,alt2,20260909489
488,4,set16,alt2,20260909489
488,4,set17,alt2,20260909489
488,4,set20,alt1,20260909489
488,4,set21,alt1,20260909489
488,4,set23,alt1,20260909489
488,4,set26,alt1,20260909489
488,4,set27,alt1,20260909489
488,4,set32,alt1,20260909489
488,4,set34,alt2,20260909489
488,4,set43,alt2,20260909489
489,2,set1,alt2,20260909490
489,2,set2,alt1,20260909490
489,2,set7,alt1,20260909490
489,2,set8,alt1,20260909490
489,2,set10,alt2,20260909490
489,2,set13,alt1,20260909490
489,2,set36,alt2,20260909490
489,2,set38,alt2,20260909490
489,2,set40,alt2,20260909490
489,2,set44,alt1,20260909490
489,2,set45,alt2,20260909490
489,2,set46,alt1,20260909490
490,3,set3,alt1,20260909491
490,3,set4,alt2,20260909491
490,3,set12,alt1,20260909491
490,3,set22,alt1,20260909491
490,3,set24,alt1,20260909491
490,3,set25,alt1,20260909491
490,3,set28,alt1,20260909491
490,3,set29,alt1,20260909491
490,3,set30,alt2,20260909491
490,3,set31,alt2,20260909491
490,3,set39,alt2,20260909491
490,3,set47,alt2,20260909491
491,3,set3,alt1,20260909492
491,3,set4,alt2,20260909492
491,3,set12,alt1,20260909492
491,3,set22,alt1,20260909492
491,3,set24,alt1,20260909492
491,3,set25,alt1,20260909492
491,3,set28,alt1,20260909492
491,3,set29,alt1,20260909492
491,3,set30,alt2,20260909492
491,3,set31,alt2,20260909492
491,3,set39,alt2,20260909492
491,3,set47,alt2,20260909492
492,3,set3,alt2,20260909493
492,3,set4,alt2,20260909493
492,3,set12,alt1,20260909493
492,3,set22,alt2,20260909493
492,3,set24,alt1,20260909493
492,3,set25,alt1,20260909493
492,3,set28,alt1,20260909493
492,3,set29,alt1,20260909493
492,3,set30,alt2,20260909493
492,3,set31,alt2,20260909493
492,3,set39,alt2,20260909493
492,3,set47,alt2,20260909493
493,2,set1,alt2,20260909494
493,2,set2,alt1,20260909494
493,2,set7,alt1,20260909494
493,2,set8,alt1,20260909494
493,2,set10,alt1,20260909494
493,2,set13,alt1,20260909494
493,2,set36,alt1,20260909494
493,2,set38,alt2,20260909494
493,2,set40,alt1,20260909494
493,2,set44,alt2,20260909494
493,2,set45,alt2,20260909494
493,2,set46,alt2,20260909494
494,3,set3,alt1,20260909495
494,3,set4,alt2,20260909495
494,3,set12,alt1,20260909495
494,3,set22,alt1,20260909495
494,3,set24,alt1,20260909495
494,3,set25,alt1,20260909495
494,3,set28,alt1,20260909495
494,3,set29,alt1,20260909495
494,3,set30,alt2,20260909495
494,3,set31,alt2,20260909495
494,3,set39,alt2,20260909495
494,3,set47,alt2,20260909495
495,2,set1,alt2,20260909496
495,2,set2,alt1,20260909496
495,2,set7,alt1,20260909496
495,2,set8,alt1,20260909496
495,2,set10,alt2,20260909496
495,2,set13,alt1,20260909496
495,2,set36,alt2,20260909496
495,2,set38,alt2,20260909496
495,2,set40,alt2,20260909496
495,2,set44,alt1,20260909496
495,2,set45,alt2,20260909496
495,2,set46,alt1,20260909496
496,3,set3,alt1,20260909497
496,3,set4,alt2,20260909497
496,3,set12,alt1,20260909497
496,3,set22,alt1,20260909497
496,3,set24,alt1,20260909497
496,3,set25,alt1,20260909497
496,3,set28,alt1,20260909497
496,3,set29,alt1,20260909497
496,3,set30,alt2,20260909497
496,3,set31,alt2,20260909497
496,3,set39,alt2,20260909497
496,3,set47,alt2,20260909497
497,1,set5,alt2,20260909498
497,1,set6,alt1,20260909498
497,1,set9,alt2,20260909498
497,1,set11,alt2,20260909498
497,1,set18,alt2,20260909498
497,1,set19,alt2,20260909498
497,1,set33,alt1,20260909498
497,1,set35,alt2,20260909498
497,1,set37,alt1,20260909498
497,1,set41,alt1,20260909498
497,1,set42,alt2,20260909498
497,1,set48,alt2,20260909498
498,1,set5,alt2,20260909499
498,1,set6,alt1,20260909499
498,1,set9,alt2,20260909499
498,1,set11,alt2,20260909499
498,1,set18,alt2,20260909499
498,1,set19,alt2,20260909499
498,1,set33,alt1,20260909499
498,1,set35,alt2,20260909499
498,1,set37,alt1,20260909499
498,1,set41,alt1,20260909499
498,1,set42,alt2,20260909499
498,1,set48,alt2,20260909499
499,2,set1,alt2,20260909500
499,2,set2,alt1,20260909500
499,2,set7,alt1,20260909500
499,2,set8,alt1,20260909500
499,2,set10,alt1,20260909500
499,2,set13,alt1,20260909500
499,2,set36,alt2,20260909500
499,2,set38,alt2,20260909500
499,2,set40,alt2,20260909500
499,2,set44,alt1,20260909500
499,2,set45,alt2,20260909500
499,2,set46,alt1,20260909500
500,1,set5,alt2,20260909501
500,1,set6,alt1,20260909501
500,1,set9,alt2,20260909501
500,1,set11,alt2,20260909501
500,1,set18,alt2,20260909501
500,1,set19,alt2,20260909501
500,1,set33,alt1,20260909501
500,1,set35,alt2,20260909501
500,1,set37,alt1,20260909501
500,1,set41,alt1,20260909501
500,1,set42,alt2,20260909501
500,1,set48,alt2,20260909501
501,2,set1,alt2,20260909502
501,2,set2,alt1,20260909502
501,2,set7,alt1,20260909502
501,2,set8,alt1,20260909502
501,2,set10,alt1,20260909502
501,2,set13,alt1,20260909502
501,2,set36,alt2,20260909502
501,2,set38,alt2,20260909502
501,2,set40,alt2,20260909502
501,2,set44,alt1,20260909502
501,2,set45,alt2,20260909502
501,2,set46,alt1,20260909502
502,4,set14,alt1,20260909503
502,4,set15,alt2,20260909503
502,4,set16,alt2,20260909503
502,4,set17,alt2,20260909503
502,4,set20,alt1,20260909503
502,4,set21,alt1,20260909503
502,4,set23,alt1,20260909503
502,4,set26,alt1,20260909503
502,4,set27,alt1,20260909503
502,4,set32,alt1,20260909503
502,4,set34,alt2,20260909503
502,4,set43,alt2,20260909503
503,4,set14,alt1,20260909504
503,4,set15,alt1,20260909504
503,4,set16,alt1,20260909504
503,4,set17,alt1,20260909504
503,4,set20,alt1,20260909504
503,4,set21,alt1,20260909504
503,4,set23,alt1,20260909504
503,4,set26,alt1,20260909504
503,4,set27,alt1,20260909504
503,4,set32,alt1,20260909504
503,4,set34,alt2,20260909504
503,4,set43,alt1,20260909504
504,3,set3,alt1,20260909505
504,3,set4,alt2,20260909505
504,3,set12,alt1,20260909505
504,3,set22,alt1,20260909505
504,3,set24,alt1,20260909505
504,3,set25,alt1,20260909505
504,3,set28,alt1,20260909505
504,3,set29,alt1,20260909505
504,3,set30,alt2,20260909505
504,3,set31,alt2,20260909505
504,3,set39,alt2,20260909505
504,3,set47,alt2,20260909505
505,3,set3,alt2,20260909506
505,3,set4,alt1,20260909506
505,3,set12,alt1,20260909506
505,3,set22,alt2,20260909506
505,3,set24,alt1,20260909506
505,3,set25,alt2,20260909506
505,3,set28,alt2,20260909506
505,3,set29,alt1,20260909506
505,3,set30,alt1,20260909506
505,3,set31,alt2,20260909506
505,3,set39,alt1,20260909506
505,3,set47,alt1,20260909506
506,1,set5,alt2,20260909507
506,1,set6,alt1,20260909507
506,1,set9,alt2,20260909507
506,1,set11,alt2,20260909507
506,1,set18,alt2,20260909507
506,1,set19,alt2,20260909507
506,1,set33,alt1,20260909507
506,1,set35,alt2,20260909507
506,1,set37,alt1,20260909507
506,1,set41,alt1,20260909507
506,1,set42,alt2,20260909507
506,1,set48,alt2,20260909507
507,1,set5,alt2,20260909508
507,1,set6,alt1,20260909508
507,1,set9,alt2,20260909508
507,1,set11,alt2,20260909508
507,1,set18,alt2,20260909508
507,1,set19,alt2,20260909508
507,1,set33,alt1,20260909508
507,1,set35,alt2,20260909508
507,1,set37,alt1,20260909508
507,1,set41,alt1,20260909508
507,1,set42,alt2,20260909508
507,1,set48,alt2,20260909508
508,3,set3,alt2,20260909509
508,3,set4,alt1,20260909509
508,3,set12,alt1,20260909509
508,3,set22,alt2,20260909509
508,3,set24,alt1,20260909509
508,3,set25,alt2,20260909509
508,3,set28,alt2,20260909509
508,3,set29,alt1,20260909509
508,3,set30,alt2,20260909509
508,3,set31,alt1,20260909509
508,3,set39,alt1,20260909509
508,3,set47,alt2,20260909509
509,4,set14,alt2,20260909510
509,4,set15,alt2,20260909510
509,4,set16,alt1,20260909510
509,4,set17,alt1,20260909510
509,4,set20,alt1,20260909510
509,4,set21,alt1,20260909510
509,4,set23,alt1,20260909510
509,4,set26,alt1,20260909510
509,4,set27,alt2,20260909510
509,4,set32,alt1,20260909510
509,4,set34,alt2,20260909510
509,4,set43,alt1,20260909510
510,2,set1,alt2,20260909511
510,2,set2,alt1,20260909511
510,2,set7,alt1,20260909511
510,2,set8,alt1,20260909511
510,2,set10,alt2,20260909511
510,2,set13,alt1,20260909511
510,2,set36,alt2,20260909511
510,2,set38,alt2,20260909511
510,2,set40,alt2,20260909511
510,2,set44,alt2,20260909511
510,2,set45,alt2,20260909511
510,2,set46,alt2,20260909511
511,1,set5,alt2,20260909512
511,1,set6,alt1,20260909512
511,1,set9,alt2,20260909512
511,1,set11,alt2,20260909512
511,1,set18,alt2,20260909512
511,1,set19,alt2,20260909512
511,1,set33,alt1,20260909512
511,1,set35,alt2,20260909512
511,1,set37,alt1,20260909512
511,1,set41,alt1,20260909512
511,1,set42,alt2,20260909512
511,1,set48,alt2,20260909512
512,1,set5,alt2,20260909513
512,1,set6,alt1,20260909513
512,1,set9,alt2,20260909513
512,1,set11,alt2,20260909513
512,1,set18,alt2,20260909513
512,1,set19,alt2,20260909513
512,1,set33,alt1,20260909513
512,1,set35,alt2,20260909513
512,1,set37,alt1,20260909513
512,1,set41,alt1,20260909513
512,1,set42,alt2,20260909513
512,1,set48,alt2,20260909513
513,2,set1,alt2,20260909514
513,2,set2,alt1,20260909514
513,2,set7,alt1,20260909514
513,2,set8,alt1,20260909514
513,2,set10,alt2,20260909514
513,2,set13,alt1,20260909514
513,2,set36,alt2,20260909514
513,2,set38,alt2,20260909514
513,2,set40,alt2,20260909514
513,2,set44,alt1,20260909514
513,2,set45,alt2,20260909514
513,2,set46,alt1,20260909514
514,2,set1,alt2,20260909515
514,2,set2,alt1,20260909515
514,2,set7,alt1,20260909515
514,2,set8,alt1,20260909515
514,2,set10,alt1,20260909515
514,2,set13,alt1,20260909515
514,2,set36,alt2,20260909515
514,2,set38,alt2,20260909515
514,2,set40,alt2,20260909515
514,2,set44,alt1,20260909515
514,2,set45,alt2,20260909515
514,2,set46,alt1,20260909515
515,3,set3,alt1,20260909516
515,3,set4,alt2,20260909516
515,3,set12,alt1,20260909516
515,3,set22,alt1,20260909516
515,3,set24,alt1,20260909516
515,3,set25,alt1,20260909516
515,3,set28,alt1,20260909516
515,3,set29,alt1,20260909516
515,3,set30,alt2,20260909516
515,3,set31,alt2,20260909516
515,3,set39,alt2,20260909516
515,3,set47,alt2,20260909516
516,2,set1,alt2,20260909517
516,2,set2,alt1,20260909517
516,2,set7,alt1,20260909517
516,2,set8,alt1,20260909517
516,2,set10,alt2,20260909517
516,2,set13,alt1,20260909517
516,2,set36,alt2,20260909517
516,2,set38,alt2,20260909517
516,2,set40,alt2,20260909517
516,2,set44,alt1,20260909517
516,2,set45,alt2,20260909517
516,2,set46,alt1,20260909517
517,2,set1,alt2,20260909518
517,2,set2,alt1,20260909518
517,2,set7,alt1,20260909518
517,2,set8,alt1,20260909518
517,2,set10,alt1,20260909518
517,2,set13,alt1,20260909518
517,2,set36,alt2,20260909518
517,2,set38,alt2,20260909518
517,2,set40,alt2,20260909518
517,2,set44,alt1,20260909518
517,2,set45,alt2,20260909518
517,2,set46,alt1,20260909518
518,1,set5,alt2,20260909519
518,1,set6,alt1,20260909519
518,1,set9,alt2,20260909519
518,1,set11,alt2,20260909519
518,1,set18,alt2,20260909519
518,1,set19,alt2,20260909519
518,1,set33,alt1,20260909519
518,1,set35,alt2,20260909519
518,1,set37,alt1,20260909519
518,1,set41,alt1,20260909519
518,1,set42,alt2,20260909519
518,1,set48,alt2,20260909519
519,4,set14,alt1,20260909520
519,4,set15,alt2,20260909520
519,4,set16,alt2,20260909520
519,4,set17,alt2,20260909520
519,4,set20,alt1,20260909520
519,4,set21,alt1,20260909520
519,4,set23,alt1,20260909520
519,4,set26,alt1,20260909520
519,4,set27,alt1,20260909520
519,4,set32,alt1,20260909520
519,4,set34,alt2,20260909520
519,4,set43,alt2,20260909520
520,2,set1,alt2,20260909521
520,2,set2,alt1,20260909521
520,2,set7,alt1,20260909521
520,2,set8,alt1,20260909521
520,2,set10,alt1,20260909521
520,2,set13,alt1,20260909521
520,2,set36,alt2,20260909521
520,2,set38,alt2,20260909521
520,2,set40,alt2,20260909521
520,2,set44,alt1,20260909521
520,2,set45,alt2,20260909521
520,2,set46,alt1,20260909521
521,3,set3,alt1,20260909522
521,3,set4,alt2,20260909522
521,3,set12,alt1,20260909522
521,3,set22,alt1,20260909522
521,3,set24,alt1,20260909522
521,3,set25,alt1,20260909522
521,3,set28,alt1,20260909522
521,3,set29,alt1,20260909522
521,3,set30,alt2,20260909522
521,3,set31,alt2,20260909522
521,3,set39,alt2,20260909522
521,3,set47,alt2,20260909522
522,4,set14,alt1,20260909523
522,4,set15,alt2,20260909523
522,4,set16,alt1,20260909523
522,4,set17,alt2,20260909523
522,4,set20,alt1,20260909523
522,4,set21,alt1,20260909523
522,4,set23,alt1,20260909523
522,4,set26,alt1,20260909523
522,4,set27,alt1,20260909523
522,4,set32,alt1,20260909523
522,4,set34,alt1,20260909523
522,4,set43,alt1,20260909523
523,2,set1,alt2,20260909524
523,2,set2,alt1,20260909524
523,2,set7,alt1,20260909524
523,2,set8,alt1,20260909524
523,2,set10,alt1,20260909524
523,2,set13,alt1,20260909524
523,2,set36,alt2,20260909524
523,2,set38,alt2,20260909524
523,2,set40,alt2,20260909524
523,2,set44,alt1,20260909524
523,2,set45,alt2,20260909524
523,2,set46,alt1,20260909524
524,2,set1,alt2,20260909525
524,2,set2,alt1,20260909525
524,2,set7,alt1,20260909525
524,2,set8,alt1,20260909525
524,2,set10,alt1,20260909525
524,2,set13,alt1,20260909525
524,2,set36,alt2,20260909525
524,2,set38,alt2,20260909525
524,2,set40,alt2,20260909525
524,2,set44,alt1,20260909525
524,2,set45,alt2,20260909525
524,2,set46,alt1,20260909525
525,4,set14,alt2,20260909526
525,4,set15,alt2,20260909526
525,4,set16,alt1,20260909526
525,4,set17,alt1,20260909526
525,4,set20,alt1,20260909526
525,4,set21,alt1,20260909526
525,4,set23,alt1,20260909526
525,4,set26,alt1,20260909526
525,4,set27,alt2,20260909526
525,4,set32,alt1,20260909526
525,4,set34,alt2,20260909526
525,4,set43,alt1,20260909526
526,2,set1,alt2,20260909527
526,2,set2,alt1,20260909527
526,2,set7,alt2,20260909527
526,2,set8,alt1,20260909527
526,2,set10,alt2,20260909527
526,2,set13,alt1,20260909527
526,2,set36,alt2,20260909527
526,2,set38,alt1,20260909527
526,2,set40,alt2,20260909527
526,2,set44,alt2,20260909527
526,2,set45,alt2,20260909527
526,2,set46,alt2,20260909527
527,2,set1,alt2,20260909528
527,2,set2,alt1,20260909528
527,2,set7,alt2,20260909528
527,2,set8,alt1,20260909528
527,2,set10,alt2,20260909528
527,2,set13,alt1,20260909528
527,2,set36,alt2,20260909528
527,2,set38,alt1,20260909528
527,2,set40,alt2,20260909528
527,2,set44,alt2,20260909528
527,2,set45,alt2,20260909528
527,2,set46,alt2,20260909528
528,2,set1,alt2,20260909529
528,2,set2,alt1,20260909529
528,2,set7,alt1,20260909529
528,2,set8,alt1,20260909529
528,2,set10,alt1,20260909529
528,2,set13,alt1,20260909529
528,2,set36,alt2,20260909529
528,2,set38,alt2,20260909529
528,2,set40,alt2,20260909529
528,2,set44,alt1,20260909529
528,2,set45,alt2,20260909529
528,2,set46,alt1,20260909529
529,4,set14,alt1,20260909530
529,4,set15,alt2,20260909530
529,4,set16,alt2,20260909530
529,4,set17,alt2,20260909530
529,4,set20,alt1,20260909530
529,4,set21,alt1,20260909530
529,4,set23,alt1,20260909530
529,4,set26,alt1,20260909530
529,4,set27,alt1,20260909530
529,4,set32,alt1,20260909530
529,4,set34,alt2,20260909530
529,4,set43,alt2,20260909530
530,3,set3,alt2,20260909531
530,3,set4,alt2,20260909531
530,3,set12,alt1,20260909531
530,3,set22,alt2,20260909531
530,3,set24,alt1,20260909531
530,3,set25,alt1,20260909531
530,3,set28,alt1,20260909531
530,3,set29,alt1,20260909531
530,3,set30,alt2,20260909531
530,3,set31,alt2,20260909531
530,3,set39,alt2,20260909531
530,3,set47,alt2,20260909531
531,4,set14,alt1,20260909532
531,4,set15,alt1,20260909532
531,4,set16,alt1,20260909532
531,4,set17,alt1,20260909532
531,4,set20,alt1,20260909532
531,4,set21,alt1,20260909532
531,4,set23,alt1,20260909532
531,4,set26,alt1,20260909532
531,4,set27,alt1,20260909532
531,4,set32,alt1,20260909532
531,4,set34,alt2,20260909532
531,4,set43,alt1,20260909532
532,4,set14,alt1,20260909533
532,4,set15,alt2,20260909533
532,4,set16,alt2,20260909533
532,4,set17,alt2,20260909533
532,4,set20,alt1,20260909533
532,4,set21,alt1,20260909533
532,4,set23,alt1,20260909533
532,4,set26,alt1,20260909533
532,4,set27,alt1,20260909533
532,4,set32,alt1,20260909533
532,4,set34,alt2,20260909533
532,4,set43,alt2,20260909533
533,4,set14,alt2,20260909534
533,4,set15,alt2,20260909534
533,4,set16,alt1,20260909534
533,4,set17,alt1,20260909534
533,4,set20,alt1,20260909534
533,4,set21,alt2,20260909534
533,4,set23,alt1,20260909534
533,4,set26,alt1,20260909534
533,4,set27,alt2,20260909534
533,4,set32,alt1,20260909534
533,4,set34,alt2,20260909534
533,4,set43,alt2,20260909534
534,2,set1,alt2,20260909535
534,2,set2,alt1,20260909535
534,2,set7,alt1,20260909535
534,2,set8,alt1,20260909535
534,2,set10,alt1,20260909535
534,2,set13,alt1,20260909535
534,2,set36,alt2,20260909535
534,2,set38,alt2,20260909535
534,2,set40,alt2,20260909535
534,2,set44,alt1,20260909535
534,2,set45,alt2,20260909535
534,2,set46,alt1,20260909535
535,4,set14,alt2,20260909536
535,4,set15,alt2,20260909536
535,4,set16,alt1,20260909536
535,4,set17,alt1,20260909536
535,4,set20,alt1,20260909536
535,4,set21,alt1,20260909536
535,4,set23,alt1,20260909536
535,4,set26,alt1,20260909536
535,4,set27,alt2,20260909536
535,4,set32,alt1,20260909536
535,4,set34,alt2,20260909536
535,4,set43,alt1,20260909536
536,4,set14,alt2,20260909537
536,4,set15,alt2,20260909537
536,4,set16,alt1,20260909537
536,4,set17,alt1,20260909537
536,4,set20,alt1,20260909537
536,4,set21,alt1,20260909537
536,4,set23,alt1,20260909537
536,4,set26,alt1,20260909537
536,4,set27,alt2,20260909537
536,4,set32,alt1,20260909537
536,4,set34,alt2,20260909537
536,4,set43,alt1,20260909537
537,2,set1,alt2,20260909538
537,2,set2,alt1,20260909538
537,2,set7,alt1,20260909538
537,2,set8,alt1,20260909538
537,2,set10,alt1,20260909538
537,2,set13,alt1,20260909538
537,2,set36,alt2,20260909538
537,2,set38,alt2,20260909538
537,2,set40,alt2,20260909538
537,2,set44,alt1,20260909538
537,2,set45,alt2,20260909538
537,2,set46,alt1,20260909538
538,2,set1,alt2,20260909539
538,2,set2,alt1,20260909539
538,2,set7,alt1,20260909539
538,2,set8,alt1,20260909539
538,2,set10,alt1,20260909539
538,2,set13,alt1,20260909539
538,2,set36,alt1,20260909539
538,2,set38,alt2,20260909539
538,2,set40,alt1,20260909539
538,2,set44,alt2,20260909539
538,2,set45,alt2,20260909539
538,2,set46,alt2,20260909539
539,1,set5,alt1,20260909540
539,1,set6,alt1,20260909540
539,1,set9,alt1,20260909540
539,1,set11,alt2,20260909540
539,1,set18,alt1,20260909540
539,1,set19,alt1,20260909540
539,1,set33,alt2,20260909540
539,1,set35,alt2,20260909540
539,1,set37,alt1,20260909540
539,1,set41,alt1,20260909540
539,1,set42,alt2,20260909540
539,1,set48,alt2,20260909540
540,3,set3,alt1,20260909541
540,3,set4,alt2,20260909541
540,3,set12,alt1,20260909541
540,3,set22,alt1,20260909541
540,3,set24,alt1,20260909541
540,3,set25,alt1,20260909541
540,3,set28,alt1,20260909541
540,3,set29,alt1,20260909541
540,3,set30,alt2,20260909541
540,3,set31,alt2,20260909541
540,3,set39,alt2,20260909541
540,3,set47,alt2,20260909541
541,2,set1,alt2,20260909542
541,2,set2,alt1,20260909542
541,2,set7,alt1,20260909542
541,2,set8,alt1,20260909542
541,2,set10,alt1,20260909542
541,2,set13,alt1,20260909542
541,2,set36,alt2,20260909542
541,2,set38,alt2,20260909542
541,2,set40,alt2,20260909542
541,2,set44,alt1,20260909542
541,2,set45,alt2,20260909542
541,2,set46,alt1,20260909542
542,2,set1,alt2,20260909543
542,2,set2,alt1,20260909543
542,2,set7,alt1,20260909543
542,2,set8,alt1,20260909543
542,2,set10,alt2,20260909543
542,2,set13,alt1,20260909543
542,2,set36,alt2,20260909543
542,2,set38,alt2,20260909543
542,2,set40,alt2,20260909543
542,2,set44,alt1,20260909543
542,2,set45,alt2,20260909543
542,2,set46,alt1,20260909543
543,2,set1,alt2,20260909544
543,2,set2,alt1,20260909544
543,2,set7,alt1,20260909544
543,2,set8,alt1,20260909544
543,2,set10,alt1,20260909544
543,2,set13,alt1,20260909544
543,2,set36,alt2,20260909544
543,2,set38,alt2,20260909544
543,2,set40,alt2,20260909544
543,2,set44,alt1,20260909544
543,2,set45,alt2,20260909544
543,2,set46,alt1,20260909544
544,4,set14,alt1,20260909545
544,4,set15,alt2,20260909545
544,4,set16,alt2,20260909545
544,4,set17,alt2,20260909545
544,4,set20,alt1,20260909545
544,4,set21,alt1,20260909545
544,4,set23,alt1,20260909545
544,4,set26,alt1,20260909545
544,4,set27,alt1,20260909545
544,4,set32,alt1,20260909545
544,4,set34,alt2,20260909545
544,4,set43,alt2,20260909545
545,1,set5,alt2,20260909546
545,1,set6,alt2,20260909546
545,1,set9,alt2,20260909546
545,1,set11,alt2,20260909546
545,1,set18,alt2,20260909546
545,1,set19,alt2,20260909546
545,1,set33,alt1,20260909546
545,1,set35,alt2,20260909546
545,1,set37,alt1,20260909546
545,1,set41,alt2,20260909546
545,1,set42,alt2,20260909546
545,1,set48,alt2,20260909546
546,2,set1,alt2,20260909547
546,2,set2,alt1,20260909547
546,2,set7,alt1,20260909547
546,2,set8,alt1,20260909547
546,2,set10,alt1,20260909547
546,2,set13,alt1,20260909547
546,2,set36,alt2,20260909547
546,2,set38,alt2,20260909547
546,2,set40,alt2,20260909547
546,2,set44,alt1,20260909547
546,2,set45,alt2,20260909547
546,2,set46,alt1,20260909547
547,1,set5,alt1,20260909548
547,1,set6,alt1,20260909548
547,1,set9,alt1,20260909548
547,1,set11,alt2,20260909548
547,1,set18,alt1,20260909548
547,1,set19,alt1,20260909548
547,1,set33,alt2,20260909548
547,1,set35,alt2,20260909548
547,1,set37,alt1,20260909548
547,1,set41,alt1,20260909548
547,1,set42,alt2,20260909548
547,1,set48,alt2,20260909548
548,2,set1,alt2,20260909549
548,2,set2,alt1,20260909549
548,2,set7,alt1,20260909549
548,2,set8,alt1,20260909549
548,2,set10,alt1,20260909549
548,2,set13,alt1,20260909549
548,2,set36,alt2,20260909549
548,2,set38,alt2,20260909549
548,2,set40,alt2,20260909549
548,2,set44,alt1,20260909549
548,2,set45,alt2,20260909549
548,2,set46,alt1,20260909549
549,2,set1,alt2,20260909550
549,2,set2,alt1,20260909550
549,2,set7,alt1,20260909550
549,2,set8,alt1,20260909550
549,2,set10,alt1,20260909550
549,2,set13,alt1,20260909550
549,2,set36,alt2,20260909550
549,2,set38,alt2,20260909550
549,2,set40,alt2,20260909550
549,2,set44,alt1,20260909550
549,2,set45,alt2,20260909550
549,2,set46,alt1,20260909550
550,1,set5,alt2,20260909551
550,1,set6,alt1,20260909551
550,1,set9,alt2,20260909551
550,1,set11,alt2,20260909551
550,1,set18,alt2,20260909551
550,1,set19,alt2,20260909551
550,1,set33,alt1,20260909551
550,1,set35,alt2,20260909551
550,1,set37,alt1,20260909551
550,1,set41,alt1,20260909551
550,1,set42,alt2,20260909551
550,1,set48,alt2,20260909551
551,4,set14,alt1,20260909552
551,4,set15,alt1,20260909552
551,4,set16,alt1,20260909552
551,4,set17,alt1,20260909552
551,4,set20,alt1,20260909552
551,4,set21,alt1,20260909552
551,4,set23,alt1,20260909552
551,4,set26,alt1,20260909552
551,4,set27,alt1,20260909552
551,4,set32,alt1,20260909552
551,4,set34,alt2,20260909552
551,4,set43,alt1,20260909552
552,1,set5,alt2,20260909553
552,1,set6,alt2,20260909553
552,1,set9,alt2,20260909553
552,1,set11,alt2,20260909553
552,1,set18,alt1,20260909553
552,1,set19,alt2,20260909553
552,1,set33,alt1,20260909553
552,1,set35,alt2,20260909553
552,1,set37,alt1,20260909553
552,1,set41,alt1,20260909553
552,1,set42,alt2,20260909553
552,1,set48,alt2,20260909553
553,2,set1,alt2,20260909554
553,2,set2,alt1,20260909554
553,2,set7,alt2,20260909554
553,2,set8,alt1,20260909554
553,2,set10,alt2,20260909554
553,2,set13,alt1,20260909554
553,2,set36,alt2,20260909554
553,2,set38,alt1,20260909554
553,2,set40,alt2,20260909554
553,2,set44,alt2,20260909554
553,2,set45,alt2,20260909554
553,2,set46,alt2,20260909554
554,4,set14,alt1,20260909555
554,4,set15,alt1,20260909555
554,4,set16,alt1,20260909555
554,4,set17,alt1,20260909555
554,4,set20,alt1,20260909555
554,4,set21,alt1,20260909555
554,4,set23,alt1,20260909555
554,4,set26,alt1,20260909555
554,4,set27,alt1,20260909555
554,4,set32,alt1,20260909555
554,4,set34,alt2,20260909555
554,4,set43,alt1,20260909555
555,3,set3,alt1,20260909556
555,3,set4,alt2,20260909556
555,3,set12,alt1,20260909556
555,3,set22,alt1,20260909556
555,3,set24,alt1,20260909556
555,3,set25,alt1,20260909556
555,3,set28,alt1,20260909556
555,3,set29,alt1,20260909556
555,3,set30,alt2,20260909556
555,3,set31,alt2,20260909556
555,3,set39,alt2,20260909556
555,3,set47,alt2,20260909556
556,3,set3,alt1,20260909557
556,3,set4,alt2,20260909557
556,3,set12,alt1,20260909557
556,3,set22,alt1,20260909557
556,3,set24,alt1,20260909557
556,3,set25,alt1,20260909557
556,3,set28,alt1,20260909557
556,3,set29,alt1,20260909557
556,3,set30,alt2,20260909557
556,3,set31,alt2,20260909557
556,3,set39,alt2,20260909557
556,3,set47,alt2,20260909557
557,1,set5,alt2,20260909558
557,1,set6,alt1,20260909558
557,1,set9,alt2,20260909558
557,1,set11,alt2,20260909558
557,1,set18,alt2,20260909558
557,1,set19,alt2,20260909558
557,1,set33,alt1,20260909558
557,1,set35,alt2,20260909558
557,1,set37,alt1,20260909558
557,1,set41,alt1,20260909558
557,1,set42,alt2,20260909558
557,1,set48,alt2,20260909558
558,4,set14,alt2,20260909559
558,4,set15,alt2,20260909559
558,4,set16,alt1,20260909559
558,4,set17,alt1,20260909559
558,4,set20,alt1,20260909559
558,4,set21,alt1,20260909559
558,4,set23,alt1,20260909559
558,4,set26,alt1,20260909559
558,4,set27,alt2,20260909559
558,4,set32,alt1,20260909559
558,4,set34,alt2,20260909559
558,4,set43,alt1,20260909559
559,1,set5,alt2,20260909560
559,1,set6,alt1,20260909560
559,1,set9,alt2,20260909560
559,1,set11,alt2,20260909560
559,1,set18,alt2,20260909560
559,1,set19,alt2,20260909560
559,1,set33,alt1,20260909560
559,1,set35,alt2,20260909560
559,1,set37,alt1,20260909560
559,1,set41,alt1,20260909560
559,1,set42,alt2,20260909560
559,1,set48,alt2,20260909560
560,1,set5,alt2,20260909561
560,1,set6,alt1,20260909561
560,1,set9,alt2,20260909561
560,1,set11,alt2,20260909561
560,1,set18,alt2,20260909561
560,1,set19,alt2,20260909561
560,1,set33,alt1,20260909561
560,1,set35,alt2,20260909561
560,1,set37,alt1,20260909561
560,1,set41,alt1,20260909561
560,1,set42,alt2,20260909561
560,1,set48,alt2,20260909561
561,4,set14,alt2,20260909562
561,4,set15,alt2,20260909562
561,4,set16,alt1,20260909562
561,4,set17,alt1,20260909562
561,4,set20,alt1,20260909562
561,4,set21,alt1,20260909562
561,4,set23,alt1,20260909562
561,4,set26,alt1,20260909562
561,4,set27,alt2,20260909562
561,4,set32,alt1,20260909562
561,4,set34,alt2,20260909562
561,4,set43,alt1,20260909562
562,1,set5,alt2,20260909563
562,1,set6,alt1,20260909563
562,1,set9,alt2,20260909563
562,1,set11,alt2,20260909563
562,1,set18,alt2,20260909563
562,1,set19,alt2,20260909563
562,1,set33,alt1,20260909563
562,1,set35,alt2,20260909563
562,1,set37,alt1,20260909563
562,1,set41,alt1,20260909563
562,1,set42,alt2,20260909563
562,1,set48,alt2,20260909563
563,3,set3,alt2,20260909564
563,3,set4,alt1,20260909564
563,3,set12,alt1,20260909564
563,3,set22,alt2,20260909564
563,3,set24,alt1,20260909564
563,3,set25,alt2,20260909564
563,3,set28,alt2,20260909564
563,3,set29,alt1,20260909564
563,3,set30,alt2,20260909564
563,3,set31,alt1,20260909564
563,3,set39,alt1,20260909564
563,3,set47,alt2,20260909564
564,2,set1,alt2,20260909565
564,2,set2,alt1,20260909565
564,2,set7,alt1,20260909565
564,2,set8,alt1,20260909565
564,2,set10,alt1,20260909565
564,2,set13,alt1,20260909565
564,2,set36,alt2,20260909565
564,2,set38,alt2,20260909565
564,2,set40,alt2,20260909565
564,2,set44,alt1,20260909565
564,2,set45,alt2,20260909565
564,2,set46,alt1,20260909565
565,2,set1,alt2,20260909566
565,2,set2,alt1,20260909566
565,2,set7,alt1,20260909566
565,2,set8,alt1,20260909566
565,2,set10,alt1,20260909566
565,2,set13,alt1,20260909566
565,2,set36,alt2,20260909566
565,2,set38,alt2,20260909566
565,2,set40,alt2,20260909566
565,2,set44,alt1,20260909566
565,2,set45,alt2,20260909566
565,2,set46,alt1,20260909566
566,3,set3,alt1,20260909567
566,3,set4,alt2,20260909567
566,3,set12,alt1,20260909567
566,3,set22,alt1,20260909567
566,3,set24,alt1,20260909567
566,3,set25,alt1,20260909567
566,3,set28,alt1,20260909567
566,3,set29,alt1,20260909567
566,3,set30,alt2,20260909567
566,3,set31,alt2,20260909567
566,3,set39,alt2,20260909567
566,3,set47,alt2,20260909567
567,4,set14,alt1,20260909568
567,4,set15,alt1,20260909568
567,4,set16,alt1,20260909568
567,4,set17,alt1,20260909568
567,4,set20,alt1,20260909568
567,4,set21,alt1,20260909568
567,4,set23,alt1,20260909568
567,4,set26,alt1,20260909568
567,4,set27,alt1,20260909568
567,4,set32,alt1,20260909568
567,4,set34,alt2,20260909568
567,4,set43,alt1,20260909568
568,3,set3,alt1,20260909569
568,3,set4,alt2,20260909569
568,3,set12,alt1,20260909569
568,3,set22,alt1,20260909569
568,3,set24,alt1,20260909569
568,3,set25,alt1,20260909569
568,3,set28,alt1,20260909569
568,3,set29,alt1,20260909569
568,3,set30,alt2,20260909569
568,3,set31,alt2,20260909569
568,3,set39,alt2,20260909569
568,3,set47,alt2,20260909569
569,1,set5,alt2,20260909570
569,1,set6,alt1,20260909570
569,1,set9,alt2,20260909570
569,1,set11,alt2,20260909570
569,1,set18,alt2,20260909570
569,1,set19,alt2,20260909570
569,1,set33,alt1,20260909570
569,1,set35,alt2,20260909570
569,1,set37,alt1,20260909570
569,1,set41,alt1,20260909570
569,1,set42,alt2,20260909570
569,1,set48,alt2,20260909570
570,2,set1,alt2,20260909571
570,2,set2,alt1,20260909571
570,2,set7,alt2,20260909571
570,2,set8,alt1,20260909571
570,2,set10,alt2,20260909571
570,2,set13,alt1,20260909571
570,2,set36,alt2,20260909571
570,2,set38,alt1,20260909571
570,2,set40,alt2,20260909571
570,2,set44,alt2,20260909571
570,2,set45,alt2,20260909571
570,2,set46,alt2,20260909571
571,1,set5,alt2,20260909572
571,1,set6,alt2,20260909572
571,1,set9,alt2,20260909572
571,1,set11,alt2,20260909572
571,1,set18,alt2,20260909572
571,1,set19,alt2,20260909572
571,1,set33,alt1,20260909572
571,1,set35,alt2,20260909572
571,1,set37,alt1,20260909572
571,1,set41,alt2,20260909572
571,1,set42,alt2,20260909572
571,1,set48,alt2,20260909572
572,3,set3,alt2,20260909573
572,3,set4,alt2,20260909573
572,3,set12,alt1,20260909573
572,3,set22,alt2,20260909573
572,3,set24,alt1,20260909573
572,3,set25,alt1,20260909573
572,3,set28,alt1,20260909573
572,3,set29,alt1,20260909573
572,3,set30,alt2,20260909573
572,3,set31,alt2,20260909573
572,3,set39,alt2,20260909573
572,3,set47,alt2,20260909573
573,3,set3,alt2,20260909574
573,3,set4,alt1,20260909574
573,3,set12,alt1,20260909574
573,3,set22,alt2,20260909574
573,3,set24,alt1,20260909574
573,3,set25,alt2,20260909574
573,3,set28,alt2,20260909574
573,3,set29,alt1,20260909574
573,3,set30,alt2,20260909574
573,3,set31,alt1,20260909574
573,3,set39,alt1,20260909574
573,3,set47,alt2,20260909574
574,2,set1,alt2,20260909575
574,2,set2,alt1,20260909575
574,2,set7,alt2,20260909575
574,2,set8,alt1,20260909575
574,2,set10,alt2,20260909575
574,2,set13,alt1,20260909575
574,2,set36,alt2,20260909575
574,2,set38,alt1,20260909575
574,2,set40,alt2,20260909575
574,2,set44,alt2,20260909575
574,2,set45,alt2,20260909575
574,2,set46,alt2,20260909575
575,1,set5,alt1,20260909576
575,1,set6,alt1,20260909576
575,1,set9,alt1,20260909576
575,1,set11,alt2,20260909576
575,1,set18,alt1,20260909576
575,1,set19,alt1,20260909576
575,1,set33,alt2,20260909576
575,1,set35,alt2,20260909576
575,1,set37,alt1,20260909576
575,1,set41,alt1,20260909576
575,1,set42,alt2,20260909576
575,1,set48,alt2,20260909576
576,1,set5,alt2,20260909577
576,1,set6,alt2,20260909577
576,1,set9,alt2,20260909577
576,1,set11,alt2,20260909577
576,1,set18,alt1,20260909577
576,1,set19,alt2,20260909577
576,1,set33,alt1,20260909577
576,1,set35,alt2,20260909577
576,1,set37,alt1,20260909577
576,1,set41,alt1,20260909577
576,1,set42,alt2,20260909577
576,1,set48,alt2,20260909577
577,1,set5,alt2,20260909578
577,1,set6,alt1,20260909578
577,1,set9,alt2,20260909578
577,1,set11,alt2,20260909578
577,1,set18,alt2,20260909578
577,1,set19,alt2,20260909578
577,1,set33,alt1,20260909578
577,1,set35,alt2,20260909578
577,1,set37,alt1,20260909578
577,1,set41,alt1,20260909578
577,1,set42,alt2,20260909578
577,1,set48,alt2,20260909578
578,4,set14,alt1,20260909579
578,4,set15,alt1,20260909579
578,4,set16,alt1,20260909579
578,4,set17,alt1,20260909579
578,4,set20,alt1,20260909579
578,4,set21,alt1,20260909579
578,4,set23,alt1,20260909579
578,4,set26,alt1,20260909579
578,4,set27,alt1,20260909579
578,4,set32,alt1,20260909579
578,4,set34,alt2,20260909579
578,4,set43,alt1,20260909579
579,2,set1,alt2,20260909580
579,2,set2,alt1,20260909580
579,2,set7,alt1,20260909580
579,2,set8,alt1,20260909580
579,2,set10,alt1,20260909580
579,2,set13,alt1,20260909580
579,2,set36,alt2,20260909580
579,2,set38,alt2,20260909580
579,2,set40,alt2,20260909580
579,2,set44,alt1,20260909580
579,2,set45,alt2,20260909580
579,2,set46,alt1,20260909580
580,4,set14,alt2,20260909581
580,4,set15,alt2,20260909581
580,4,set16,alt1,20260909581
580,4,set17,alt1,20260909581
580,4,set20,alt1,20260909581
580,4,set21,alt1,20260909581
580,4,set23,alt1,20260909581
580,4,set26,alt1,20260909581
580,4,set27,alt2,20260909581
580,4,set32,alt1,20260909581
580,4,set34,alt2,20260909581
580,4,set43,alt1,20260909581
581,2,set1,alt2,20260909582
581,2,set2,alt1,20260909582
581,2,set7,alt1,20260909582
581,2,set8,alt1,20260909582
581,2,set10,alt2,20260909582
581,2,set13,alt1,20260909582
581,2,set36,alt2,20260909582
581,2,set38,alt2,20260909582
581,2,set40,alt2,20260909582
581,2,set44,alt1,20260909582
581,2,set45,alt2,20260909582
581,2,set46,alt1,20260909582
582,1,set5,alt1,20260909583
582,1,set6,alt1,20260909583
582,1,set9,alt1,20260909583
582,1,set11,alt2,20260909583
582,1,set18,alt1,20260909583
582,1,set19,alt1,20260909583
582,1,set33,alt2,20260909583
582,1,set35,alt2,20260909583
582,1,set37,alt1,20260909583
582,1,set41,alt1,20260909583
582,1,set42,alt2,20260909583
582,1,set48,alt2,20260909583
583,4,set14,alt1,20260909584
583,4,set15,alt2,20260909584
583,4,set16,alt2,20260909584
583,4,set17,alt2,20260909584
583,4,set20,alt1,20260909584
583,4,set21,alt1,20260909584
583,4,set23,alt1,20260909584
583,4,set26,alt1,20260909584
583,4,set27,alt1,20260909584
583,4,set32,alt1,20260909584
583,4,set34,alt2,20260909584
583,4,set43,alt2,20260909584
584,2,set1,alt2,20260909585
584,2,set2,alt1,20260909585
584,2,set7,alt1,20260909585
584,2,set8,alt1,20260909585
584,2,set10,alt2,20260909585
584,2,set13,alt1,20260909585
584,2,set36,alt2,20260909585
584,2,set38,alt2,20260909585
584,2,set40,alt2,20260909585
584,2,set44,alt1,20260909585
584,2,set45,alt2,20260909585
584,2,set46,alt1,20260909585
585,2,set1,alt2,20260909586
585,2,set2,alt1,20260909586
585,2,set7,alt1,20260909586
585,2,set8,alt1,20260909586
585,2,set10,alt1,20260909586
585,2,set13,alt1,20260909586
585,2,set36,alt2,20260909586
585,2,set38,alt2,20260909586
585,2,set40,alt2,20260909586
585,2,set44,alt1,20260909586
585,2,set45,alt2,20260909586
585,2,set46,alt1,20260909586
586,2,set1,alt2,20260909587
586,2,set2,alt1,20260909587
586,2,set7,alt1,20260909587
586,2,set8,alt1,20260909587
586,2,set10,alt1,20260909587
586,2,set13,alt1,20260909587
586,2,set36,alt2,20260909587
586,2,set38,alt2,20260909587
586,2,set40,alt2,20260909587
586,2,set44,alt1,20260909587
586,2,set45,alt2,20260909587
586,2,set46,alt1,20260909587
587,2,set1,alt2,20260909588
587,2,set2,alt1,20260909588
587,2,set7,alt1,20260909588
587,2,set8,alt1,20260909588
587,2,set10,alt2,20260909588
587,2,set13,alt1,20260909588
587,2,set36,alt2,20260909588
587,2,set38,alt2,20260909588
587,2,set40,alt2,20260909588
587,2,set44,alt1,20260909588
587,2,set45,alt2,20260909588
587,2,set46,alt1,20260909588
588,1,set5,alt2,20260909589
588,1,set6,alt2,20260909589
588,1,set9,alt2,20260909589
588,1,set11,alt2,20260909589
588,1,set18,alt1,20260909589
588,1,set19,alt2,20260909589
588,1,set33,alt1,20260909589
588,1,set35,alt2,20260909589
588,1,set37,alt1,20260909589
588,1,set41,alt1,20260909589
588,1,set42,alt2,20260909589
588,1,set48,alt2,20260909589
589,3,set3,alt1,20260909590
589,3,set4,alt2,20260909590
589,3,set12,alt1,20260909590
589,3,set22,alt1,20260909590
589,3,set24,alt1,20260909590
589,3,set25,alt1,20260909590
589,3,set28,alt1,20260909590
589,3,set29,alt1,20260909590
589,3,set30,alt2,20260909590
589,3,set31,alt2,20260909590
589,3,set39,alt2,20260909590
589,3,set47,alt2,20260909590
590,3,set3,alt1,20260909591
590,3,set4,alt2,20260909591
590,3,set12,alt1,20260909591
590,3,set22,alt1,20260909591
590,3,set24,alt1,20260909591
590,3,set25,alt1,20260909591
590,3,set28,alt1,20260909591
590,3,set29,alt1,20260909591
590,3,set30,alt2,20260909591
590,3,set31,alt2,20260909591
590,3,set39,alt2,20260909591
590,3,set47,alt2,20260909591
591,3,set3,alt1,20260909592
591,3,set4,alt2,20260909592
591,3,set12,alt1,20260909592
591,3,set22,alt1,20260909592
591,3,set24,alt1,20260909592
591,3,set25,alt1,20260909592
591,3,set28,alt1,20260909592
591,3,set29,alt1,20260909592
591,3,set30,alt2,20260909592
591,3,set31,alt2,20260909592
591,3,set39,alt2,20260909592
591,3,set47,alt2,20260909592
592,2,set1,alt2,20260909593
592,2,set2,alt1,20260909593
592,2,set7,alt1,20260909593
592,2,set8,alt1,20260909593
592,2,set10,alt1,20260909593
592,2,set13,alt1,20260909593
592,2,set36,alt2,20260909593
592,2,set38,alt2,20260909593
592,2,set40,alt2,20260909593
592,2,set44,alt1,20260909593
592,2,set45,alt2,20260909593
592,2,set46,alt1,20260909593
593,3,set3,alt2,20260909594
593,3,set4,alt2,20260909594
593,3,set12,alt1,20260909594
593,3,set22,alt2,20260909594
593,3,set24,alt1,20260909594
593,3,set25,alt1,20260909594
593,3,set28,alt1,20260909594
593,3,set29,alt1,20260909594
593,3,set30,alt2,20260909594
593,3,set31,alt2,20260909594
593,3,set39,alt2,20260909594
593,3,set47,alt2,20260909594
594,4,set14,alt1,20260909595
594,4,set15,alt1,20260909595
594,4,set16,alt1,20260909595
594,4,set17,alt1,20260909595
594,4,set20,alt1,20260909595
594,4,set21,alt1,20260909595
594,4,set23,alt1,20260909595
594,4,set26,alt1,20260909595
594,4,set27,alt1,20260909595
594,4,set32,alt1,20260909595
594,4,set34,alt2,20260909595
594,4,set43,alt1,20260909595
595,4,set14,alt2,20260909596
595,4,set15,alt2,20260909596
595,4,set16,alt1,20260909596
595,4,set17,alt1,20260909596
595,4,set20,alt1,20260909596
595,4,set21,alt1,20260909596
595,4,set23,alt1,20260909596
595,4,set26,alt1,20260909596
595,4,set27,alt2,20260909596
595,4,set32,alt1,20260909596
595,4,set34,alt2,20260909596
595,4,set43,alt1,20260909596
596,2,set1,alt2,20260909597
596,2,set2,alt1,20260909597
596,2,set7,alt1,20260909597
596,2,set8,alt1,20260909597
596,2,set10,alt2,20260909597
596,2,set13,alt1,20260909597
596,2,set36,alt2,20260909597
596,2,set38,alt2,20260909597
596,2,set40,alt2,20260909597
596,2,set44,alt1,20260909597
596,2,set45,alt2,20260909597
596,2,set46,alt1,20260909597
597,4,set14,alt1,20260909598
597,4,set15,alt2,20260909598
597,4,set16,alt1,20260909598
597,4,set17,alt2,20260909598
597,4,set20,alt1,20260909598
597,4,set21,alt1,20260909598
597,4,set23,alt1,20260909598
597,4,set26,alt1,20260909598
597,4,set27,alt1,20260909598
597,4,set32,alt1,20260909598
597,4,set34,alt1,20260909598
597,4,set43,alt1,20260909598
598,1,set5,alt2,20260909599
598,1,set6,alt1,20260909599
598,1,set9,alt2,20260909599
598,1,set11,alt2,20260909599
598,1,set18,alt2,20260909599
598,1,set19,alt2,20260909599
598,1,set33,alt1,20260909599
598,1,set35,alt2,20260909599
598,1,set37,alt1,20260909599
598,1,set41,alt1,20260909599
598,1,set42,alt2,20260909599
598,1,set48,alt2,20260909599
599,2,set1,alt2,20260909600
599,2,set2,alt1,20260909600
599,2,set7,alt1,20260909600
599,2,set8,alt1,20260909600
599,2,set10,alt1,20260909600
599,2,set13,alt1,20260909600
599,2,set36,alt2,20260909600
599,2,set38,alt2,20260909600
599,2,set40,alt2,20260909600
599,2,set44,alt1,20260909600
599,2,set45,alt2,20260909600
599,2,set46,alt1,20260909600
600,2,set1,alt2,20260909601
600,2,set2,alt1,20260909601
600,2,set7,alt1,20260909601
600,2,set8,alt1,20260909601
600,2,set10,alt2,20260909601
600,2,set13,alt1,20260909601
600,2,set36,alt2,20260909601
600,2,set38,alt2,20260909601
600,2,set40,alt2,20260909601
600,2,set44,alt1,20260909601
600,2,set45,alt2,20260909601
600,2,set46,alt1,20260909601
601,2,set1,alt2,20260909602
601,2,set2,alt1,20260909602
601,2,set7,alt1,20260909602
601,2,set8,alt1,20260909602
601,2,set10,alt1,20260909602
601,2,set13,alt1,20260909602
601,2,set36,alt2,20260909602
601,2,set38,alt2,20260909602
601,2,set40,alt2,20260909602
601,2,set44,alt1,20260909602
601,2,set45,alt2,20260909602
601,2,set46,alt1,20260909602
602,3,set3,alt1,20260909603
602,3,set4,alt2,20260909603
602,3,set12,alt1,20260909603
602,3,set22,alt1,20260909603
602,3,set24,alt1,20260909603
602,3,set25,alt1,20260909603
602,3,set28,alt1,20260909603
602,3,set29,alt1,20260909603
602,3,set30,alt2,20260909603
602,3,set31,alt2,20260909603
602,3,set39,alt2,20260909603
602,3,set47,alt2,20260909603
603,1,set5,alt2,20260909604
603,1,set6,alt2,20260909604
603,1,set9,alt2,20260909604
603,1,set11,alt2,20260909604
603,1,set18,alt1,20260909604
603,1,set19,alt2,20260909604
603,1,set33,alt1,20260909604
603,1,set35,alt2,20260909604
603,1,set37,alt1,20260909604
603,1,set41,alt1,20260909604
603,1,set42,alt2,20260909604
603,1,set48,alt2,20260909604
604,3,set3,alt1,20260909605
604,3,set4,alt2,20260909605
604,3,set12,alt1,20260909605
604,3,set22,alt1,20260909605
604,3,set24,alt1,20260909605
604,3,set25,alt1,20260909605
604,3,set28,alt1,20260909605
604,3,set29,alt1,20260909605
604,3,set30,alt2,20260909605
604,3,set31,alt2,20260909605
604,3,set39,alt2,20260909605
604,3,set47,alt2,20260909605
605,1,set5,alt2,20260909606
605,1,set6,alt2,20260909606
605,1,set9,alt2,20260909606
605,1,set11,alt2,20260909606
605,1,set18,alt2,20260909606
605,1,set19,alt2,20260909606
605,1,set33,alt1,20260909606
605,1,set35,alt2,20260909606
605,1,set37,alt1,20260909606
605,1,set41,alt2,20260909606
605,1,set42,alt2,20260909606
605,1,set48,alt2,20260909606
606,3,set3,alt1,20260909607
606,3,set4,alt2,20260909607
606,3,set12,alt1,20260909607
606,3,set22,alt1,20260909607
606,3,set24,alt1,20260909607
606,3,set25,alt1,20260909607
606,3,set28,alt1,20260909607
606,3,set29,alt1,20260909607
606,3,set30,alt2,20260909607
606,3,set31,alt2,20260909607
606,3,set39,alt2,20260909607
606,3,set47,alt2,20260909607
607,2,set1,alt2,20260909608
607,2,set2,alt1,20260909608
607,2,set7,alt1,20260909608
607,2,set8,alt1,20260909608
607,2,set10,alt2,20260909608
607,2,set13,alt1,20260909608
607,2,set36,alt2,20260909608
607,2,set38,alt2,20260909608
607,2,set40,alt2,20260909608
607,2,set44,alt1,20260909608
607,2,set45,alt2,20260909608
607,2,set46,alt1,20260909608
608,3,set3,alt1,20260909609
608,3,set4,alt2,20260909609
608,3,set12,alt1,20260909609
608,3,set22,alt1,20260909609
608,3,set24,alt1,20260909609
608,3,set25,alt1,20260909609
608,3,set28,alt1,20260909609
608,3,set29,alt1,20260909609
608,3,set30,alt2,20260909609
608,3,set31,alt2,20260909609
608,3,set39,alt2,20260909609
608,3,set47,alt2,20260909609
609,4,set14,alt1,20260909610
609,4,set15,alt2,20260909610
609,4,set16,alt2,20260909610
609,4,set17,alt2,20260909610
609,4,set20,alt1,20260909610
609,4,set21,alt1,20260909610
609,4,set23,alt1,20260909610
609,4,set26,alt1,20260909610
609,4,set27,alt1,20260909610
609,4,set32,alt1,20260909610
609,4,set34,alt2,20260909610
609,4,set43,alt2,20260909610
610,4,set14,alt2,20260909611
610,4,set15,alt2,20260909611
610,4,set16,alt1,20260909611
610,4,set17,alt1,20260909611
610,4,set20,alt1,20260909611
610,4,set21,alt1,20260909611
610,4,set23,alt1,20260909611
610,4,set26,alt1,20260909611
610,4,set27,alt2,20260909611
610,4,set32,alt1,20260909611
610,4,set34,alt2,20260909611
610,4,set43,alt1,20260909611
611,2,set1,alt2,20260909612
611,2,set2,alt1,20260909612
611,2,set7,alt1,20260909612
611,2,set8,alt1,20260909612
611,2,set10,alt1,20260909612
611,2,set13,alt1,20260909612
611,2,set36,alt2,20260909612
611,2,set38,alt2,20260909612
611,2,set40,alt2,20260909612
611,2,set44,alt1,20260909612
611,2,set45,alt2,20260909612
611,2,set46,alt1,20260909612
612,3,set3,alt2,20260909613
612,3,set4,alt1,20260909613
612,3,set12,alt1,20260909613
612,3,set22,alt2,20260909613
612,3,set24,alt1,20260909613
612,3,set25,alt2,20260909613
612,3,set28,alt2,20260909613
612,3,set29,alt1,20260909613
612,3,set30,alt2,20260909613
612,3,set31,alt1,20260909613
612,3,set39,alt1,20260909613
612,3,set47,alt2,20260909613
613,2,set1,alt2,20260909614
613,2,set2,alt1,20260909614
613,2,set7,alt1,20260909614
613,2,set8,alt1,20260909614
613,2,set10,alt1,20260909614
613,2,set13,alt1,20260909614
613,2,set36,alt2,20260909614
613,2,set38,alt2,20260909614
613,2,set40,alt2,20260909614
613,2,set44,alt1,20260909614
613,2,set45,alt2,20260909614
613,2,set46,alt1,20260909614
614,2,set1,alt2,20260909615
614,2,set2,alt1,20260909615
614,2,set7,alt1,20260909615
614,2,set8,alt1,20260909615
614,2,set10,alt1,20260909615
614,2,set13,alt1,20260909615
614,2,set36,alt2,20260909615
614,2,set38,alt2,20260909615
614,2,set40,alt2,20260909615
614,2,set44,alt1,20260909615
614,2,set45,alt2,20260909615
614,2,set46,alt1,20260909615
615,3,set3,alt2,20260909616
615,3,set4,alt2,20260909616
615,3,set12,alt1,20260909616
615,3,set22,alt2,20260909616
615,3,set24,alt1,20260909616
615,3,set25,alt1,20260909616
615,3,set28,alt1,20260909616
615,3,set29,alt1,20260909616
615,3,set30,alt2,20260909616
615,3,set31,alt2,20260909616
615,3,set39,alt2,20260909616
615,3,set47,alt2,20260909616
616,2,set1,alt2,20260909617
616,2,set2,alt1,20260909617
616,2,set7,alt2,20260909617
616,2,set8,alt1,20260909617
616,2,set10,alt2,20260909617
616,2,set13,alt1,20260909617
616,2,set36,alt2,20260909617
616,2,set38,alt1,20260909617
616,2,set40,alt2,20260909617
616,2,set44,alt2,20260909617
616,2,set45,alt2,20260909617
616,2,set46,alt2,20260909617
617,2,set1,alt2,20260909618
617,2,set2,alt1,20260909618
617,2,set7,alt1,20260909618
617,2,set8,alt1,20260909618
617,2,set10,alt1,20260909618
617,2,set13,alt1,20260909618
617,2,set36,alt2,20260909618
617,2,set38,alt2,20260909618
617,2,set40,alt2,20260909618
617,2,set44,alt1,20260909618
617,2,set45,alt2,20260909618
617,2,set46,alt1,20260909618
618,1,set5,alt2,20260909619
618,1,set6,alt2,20260909619
618,1,set9,alt2,20260909619
618,1,set11,alt2,20260909619
618,1,set18,alt2,20260909619
618,1,set19,alt2,20260909619
618,1,set33,alt1,20260909619
618,1,set35,alt2,20260909619
618,1,set37,alt1,20260909619
618,1,set41,alt2,20260909619
618,1,set42,alt2,20260909619
618,1,set48,alt2,20260909619
619,4,set14,alt1,20260909620
619,4,set15,alt2,20260909620
619,4,set16,alt2,20260909620
619,4,set17,alt2,20260909620
619,4,set20,alt1,20260909620
619,4,set21,alt1,20260909620
619,4,set23,alt1,20260909620
619,4,set26,alt1,20260909620
619,4,set27,alt1,20260909620
619,4,set32,alt1,20260909620
619,4,set34,alt2,20260909620
619,4,set43,alt2,20260909620
620,3,set3,alt1,20260909621
620,3,set4,alt2,20260909621
620,3,set12,alt1,20260909621
620,3,set22,alt1,20260909621
620,3,set24,alt1,20260909621
620,3,set25,alt1,20260909621
620,3,set28,alt1,20260909621
620,3,set29,alt1,20260909621
620,3,set30,alt2,20260909621
620,3,set31,alt2,20260909621
620,3,set39,alt2,20260909621
620,3,set47,alt2,20260909621
621,1,set5,alt2,20260909622
621,1,set6,alt1,20260909622
621,1,set9,alt2,20260909622
621,1,set11,alt2,20260909622
621,1,set18,alt2,20260909622
621,1,set19,alt2,20260909622
621,1,set33,alt1,20260909622
621,1,set35,alt2,20260909622
621,1,set37,alt1,20260909622
621,1,set41,alt1,20260909622
621,1,set42,alt2,20260909622
621,1,set48,alt2,20260909622
622,4,set14,alt1,20260909623
622,4,set15,alt2,20260909623
622,4,set16,alt2,20260909623
622,4,set17,alt2,20260909623
622,4,set20,alt1,20260909623
622,4,set21,alt1,20260909623
622,4,set23,alt1,20260909623
622,4,set26,alt1,20260909623
622,4,set27,alt1,20260909623
622,4,set32,alt1,20260909623
622,4,set34,alt2,20260909623
622,4,set43,alt2,20260909623
623,3,set3,alt2,20260909624
623,3,set4,alt1,20260909624
623,3,set12,alt1,20260909624
623,3,set22,alt2,20260909624
623,3,set24,alt1,20260909624
623,3,set25,alt2,20260909624
623,3,set28,alt2,20260909624
623,3,set29,alt1,20260909624
623,3,set30,alt2,20260909624
623,3,set31,alt1,20260909624
623,3,set39,alt1,20260909624
623,3,set47,alt2,20260909624
624,1,set5,alt2,20260909625
624,1,set6,alt1,20260909625
624,1,set9,alt2,20260909625
624,1,set11,alt2,20260909625
624,1,set18,alt2,20260909625
624,1,set19,alt2,20260909625
624,1,set33,alt1,20260909625
624,1,set35,alt2,20260909625
624,1,set37,alt1,20260909625
624,1,set41,alt1,20260909625
624,1,set42,alt2,20260909625
624,1,set48,alt2,20260909625
625,2,set1,alt2,20260909626
625,2,set2,alt1,20260909626
625,2,set7,alt1,20260909626
625,2,set8,alt1,20260909626
625,2,set10,alt1,20260909626
625,2,set13,alt1,20260909626
625,2,set36,alt2,20260909626
625,2,set38,alt2,20260909626
625,2,set40,alt2,20260909626
625,2,set44,alt1,20260909626
625,2,set45,alt2,20260909626
625,2,set46,alt1,20260909626
626,2,set1,alt2,20260909627
626,2,set2,alt1,20260909627
626,2,set7,alt1,20260909627
626,2,set8,alt1,20260909627
626,2,set10,alt2,20260909627
626,2,set13,alt1,20260909627
626,2,set36,alt2,20260909627
626,2,set38,alt2,20260909627
626,2,set40,alt2,20260909627
626,2,set44,alt1,20260909627
626,2,set45,alt2,20260909627
626,2,set46,alt1,20260909627
627,2,set1,alt2,20260909628
627,2,set2,alt1,20260909628
627,2,set7,alt1,20260909628
627,2,set8,alt1,20260909628
627,2,set10,alt2,20260909628
627,2,set13,alt1,20260909628
627,2,set36,alt2,20260909628
627,2,set38,alt2,20260909628
627,2,set40,alt2,20260909628
627,2,set44,alt1,20260909628
627,2,set45,alt2,20260909628
627,2,set46,alt1,20260909628
628,2,set1,alt2,20260909629
628,2,set2,alt1,20260909629
628,2,set7,alt1,20260909629
628,2,set8,alt1,20260909629
628,2,set10,alt1,20260909629
628,2,set13,alt1,20260909629
628,2,set36,alt2,20260909629
628,2,set38,alt2,20260909629
628,2,set40,alt2,20260909629
628,2,set44,alt1,20260909629
628,2,set45,alt2,20260909629
628,2,set46,alt1,20260909629
629,1,set5,alt2,20260909630
629,1,set6,alt1,20260909630
629,1,set9,alt2,20260909630
629,1,set11,alt2,20260909630
629,1,set18,alt2,20260909630
629,1,set19,alt2,20260909630
629,1,set33,alt1,20260909630
629,1,set35,alt2,20260909630
629,1,set37,alt1,20260909630
629,1,set41,alt1,20260909630
629,1,set42,alt2,20260909630
629,1,set48,alt2,20260909630
630,1,set5,alt2,20260909631
630,1,set6,alt1,20260909631
630,1,set9,alt2,20260909631
630,1,set11,alt2,20260909631
630,1,set18,alt2,20260909631
630,1,set19,alt2,20260909631
630,1,set33,alt1,20260909631
630,1,set35,alt2,20260909631
630,1,set37,alt1,20260909631
630,1,set41,alt1,20260909631
630,1,set42,alt2,20260909631
630,1,set48,alt2,20260909631
631,1,set5,alt1,20260909632
631,1,set6,alt1,20260909632
631,1,set9,alt1,20260909632
631,1,set11,alt2,20260909632
631,1,set18,alt1,20260909632
631,1,set19,alt1,20260909632
631,1,set33,alt2,20260909632
631,1,set35,alt2,20260909632
631,1,set37,alt1,20260909632
631,1,set41,alt1,20260909632
631,1,set42,alt2,20260909632
631,1,set48,alt2,20260909632
632,3,set3,alt1,20260909633
632,3,set4,alt2,20260909633
632,3,set12,alt1,20260909633
632,3,set22,alt1,20260909633
632,3,set24,alt1,20260909633
632,3,set25,alt1,20260909633
632,3,set28,alt1,20260909633
632,3,set29,alt1,20260909633
632,3,set30,alt2,20260909633
632,3,set31,alt2,20260909633
632,3,set39,alt2,20260909633
632,3,set47,alt2,20260909633
633,1,set5,alt2,20260909634
633,1,set6,alt1,20260909634
633,1,set9,alt2,20260909634
633,1,set11,alt2,20260909634
633,1,set18,alt2,20260909634
633,1,set19,alt2,20260909634
633,1,set33,alt1,20260909634
633,1,set35,alt2,20260909634
633,1,set37,alt1,20260909634
633,1,set41,alt1,20260909634
633,1,set42,alt2,20260909634
633,1,set48,alt2,20260909634
634,4,set14,alt1,20260909635
634,4,set15,alt2,20260909635
634,4,set16,alt1,20260909635
634,4,set17,alt2,20260909635
634,4,set20,alt1,20260909635
634,4,set21,alt1,20260909635
634,4,set23,alt1,20260909635
634,4,set26,alt1,20260909635
634,4,set27,alt1,20260909635
634,4,set32,alt1,20260909635
634,4,set34,alt1,20260909635
634,4,set43,alt1,20260909635
635,3,set3,alt2,20260909636
635,3,set4,alt1,20260909636
635,3,set12,alt1,20260909636
635,3,set22,alt2,20260909636
635,3,set24,alt1,20260909636
635,3,set25,alt2,20260909636
635,3,set28,alt2,20260909636
635,3,set29,alt1,20260909636
635,3,set30,alt2,20260909636
635,3,set31,alt1,20260909636
635,3,set39,alt1,20260909636
635,3,set47,alt2,20260909636
636,2,set1,alt2,20260909637
636,2,set2,alt1,20260909637
636,2,set7,alt1,20260909637
636,2,set8,alt1,20260909637
636,2,set10,alt1,20260909637
636,2,set13,alt1,20260909637
636,2,set36,alt2,20260909637
636,2,set38,alt2,20260909637
636,2,set40,alt2,20260909637
636,2,set44,alt1,20260909637
636,2,set45,alt2,20260909637
636,2,set46,alt1,20260909637
637,2,set1,alt2,20260909638
637,2,set2,alt1,20260909638
637,2,set7,alt2,20260909638
637,2,set8,alt1,20260909638
637,2,set10,alt2,20260909638
637,2,set13,alt1,20260909638
637,2,set36,alt2,20260909638
637,2,set38,alt1,20260909638
637,2,set40,alt2,20260909638
637,2,set44,alt2,20260909638
637,2,set45,alt2,20260909638
637,2,set46,alt2,20260909638
638,1,set5,alt1,20260909639
638,1,set6,alt1,20260909639
638,1,set9,alt1,20260909639
638,1,set11,alt2,20260909639
638,1,set18,alt1,20260909639
638,1,set19,alt1,20260909639
638,1,set33,alt2,20260909639
638,1,set35,alt2,20260909639
638,1,set37,alt1,20260909639
638,1,set41,alt1,20260909639
638,1,set42,alt2,20260909639
638,1,set48,alt2,20260909639
639,4,set14,alt1,20260909640
639,4,set15,alt2,20260909640
639,4,set16,alt2,20260909640
639,4,set17,alt2,20260909640
639,4,set20,alt1,20260909640
639,4,set21,alt1,20260909640
639,4,set23,alt1,20260909640
639,4,set26,alt1,20260909640
639,4,set27,alt1,20260909640
639,4,set32,alt1,20260909640
639,4,set34,alt2,20260909640
639,4,set43,alt2,20260909640
640,1,set5,alt2,20260909641
640,1,set6,alt1,20260909641
640,1,set9,alt2,20260909641
640,1,set11,alt2,20260909641
640,1,set18,alt2,20260909641
640,1,set19,alt2,20260909641
640,1,set33,alt1,20260909641
640,1,set35,alt2,20260909641
640,1,set37,alt1,20260909641
640,1,set41,alt1,20260909641
640,1,set42,alt2,20260909641
640,1,set48,alt2,20260909641
641,1,set5,alt2,20260909642
641,1,set6,alt2,20260909642
641,1,set9,alt2,20260909642
641,1,set11,alt2,20260909642
641,1,set18,alt2,20260909642
641,1,set19,alt2,20260909642
641,1,set33,alt1,20260909642
641,1,set35,alt2,20260909642
641,1,set37,alt1,20260909642
641,1,set41,alt2,20260909642
641,1,set42,alt2,20260909642
641,1,set48,alt2,20260909642
642,2,set1,alt2,20260909643
642,2,set2,alt1,20260909643
642,2,set7,alt1,20260909643
642,2,set8,alt1,20260909643
642,2,set10,alt2,20260909643
642,2,set13,alt1,20260909643
642,2,set36,alt2,20260909643
642,2,set38,alt2,20260909643
642,2,set40,alt2,20260909643
642,2,set44,alt1,20260909643
642,2,set45,alt2,20260909643
642,2,set46,alt1,20260909643
643,4,set14,alt1,20260909644
643,4,set15,alt1,20260909644
643,4,set16,alt1,20260909644
643,4,set17,alt1,20260909644
643,4,set20,alt1,20260909644
643,4,set21,alt1,20260909644
643,4,set23,alt1,20260909644
643,4,set26,alt1,20260909644
643,4,set27,alt1,20260909644
643,4,set32,alt1,20260909644
643,4,set34,alt2,20260909644
643,4,set43,alt1,20260909644
644,3,set3,alt1,20260909645
644,3,set4,alt2,20260909645
644,3,set12,alt1,20260909645
644,3,set22,alt1,20260909645
644,3,set24,alt1,20260909645
644,3,set25,alt1,20260909645
644,3,set28,alt1,20260909645
644,3,set29,alt1,20260909645
644,3,set30,alt2,20260909645
644,3,set31,alt2,20260909645
644,3,set39,alt2,20260909645
644,3,set47,alt2,20260909645
645,3,set3,alt1,20260909646
645,3,set4,alt2,20260909646
645,3,set12,alt1,20260909646
645,3,set22,alt1,20260909646
645,3,set24,alt1,20260909646
645,3,set25,alt1,20260909646
645,3,set28,alt1,20260909646
645,3,set29,alt1,20260909646
645,3,set30,alt2,20260909646
645,3,set31,alt2,20260909646
645,3,set39,alt2,20260909646
645,3,set47,alt2,20260909646
646,3,set3,alt1,20260909647
646,3,set4,alt2,20260909647
646,3,set12,alt1,20260909647
646,3,set22,alt1,20260909647
646,3,set24,alt1,20260909647
646,3,set25,alt1,20260909647
646,3,set28,alt1,20260909647
646,3,set29,alt1,20260909647
646,3,set30,alt2,20260909647
646,3,set31,alt2,20260909647
646,3,set39,alt2,20260909647
646,3,set47,alt2,20260909647
647,3,set3,alt2,20260909648
647,3,set4,alt1,20260909648
647,3,set12,alt1,20260909648
647,3,set22,alt2,20260909648
647,3,set24,alt1,20260909648
647,3,set25,alt2,20260909648
647,3,set28,alt2,20260909648
647,3,set29,alt1,20260909648
647,3,set30,alt2,20260909648
647,3,set31,alt1,20260909648
647,3,set39,alt1,20260909648
647,3,set47,alt2,20260909648
648,1,set5,alt2,20260909649
648,1,set6,alt1,20260909649
648,1,set9,alt2,20260909649
648,1,set11,alt2,20260909649
648,1,set18,alt2,20260909649
648,1,set19,alt2,20260909649
648,1,set33,alt1,20260909649
648,1,set35,alt2,20260909649
648,1,set37,alt1,20260909649
648,1,set41,alt1,20260909649
648,1,set42,alt2,20260909649
648,1,set48,alt2,20260909649
649,3,set3,alt2,20260909650
649,3,set4,alt2,20260909650
649,3,set12,alt1,20260909650
649,3,set22,alt2,20260909650
649,3,set24,alt1,20260909650
649,3,set25,alt1,20260909650
649,3,set28,alt1,20260909650
649,3,set29,alt1,20260909650
649,3,set30,alt2,20260909650
649,3,set31,alt2,20260909650
649,3,set39,alt2,20260909650
649,3,set47,alt2,20260909650
650,4,set14,alt1,20260909651
650,4,set15,alt2,20260909651
650,4,set16,alt2,20260909651
650,4,set17,alt2,20260909651
650,4,set20,alt1,20260909651
650,4,set21,alt1,20260909651
650,4,set23,alt1,20260909651
650,4,set26,alt1,20260909651
650,4,set27,alt1,20260909651
650,4,set32,alt1,20260909651
650,4,set34,alt2,20260909651
650,4,set43,alt2,20260909651
651,1,set5,alt2,20260909652
651,1,set6,alt1,20260909652
651,1,set9,alt2,20260909652
651,1,set11,alt2,20260909652
651,1,set18,alt2,20260909652
651,1,set19,alt2,20260909652
651,1,set33,alt1,20260909652
651,1,set35,alt2,20260909652
651,1,set37,alt1,20260909652
651,1,set41,alt1,20260909652
651,1,set42,alt2,20260909652
651,1,set48,alt2,20260909652
652,2,set1,alt2,20260909653
652,2,set2,alt1,20260909653
652,2,set7,alt1,20260909653
652,2,set8,alt1,20260909653
652,2,set10,alt1,20260909653
652,2,set13,alt1,20260909653
652,2,set36,alt2,20260909653
652,2,set38,alt2,20260909653
652,2,set40,alt2,20260909653
652,2,set44,alt1,20260909653
652,2,set45,alt2,20260909653
652,2,set46,alt1,20260909653
653,1,set5,alt2,20260909654
653,1,set6,alt2,20260909654
653,1,set9,alt2,20260909654
653,1,set11,alt2,20260909654
653,1,set18,alt1,20260909654
653,1,set19,alt2,20260909654
653,1,set33,alt1,20260909654
653,1,set35,alt2,20260909654
653,1,set37,alt1,20260909654
653,1,set41,alt1,20260909654
653,1,set42,alt2,20260909654
653,1,set48,alt2,20260909654
654,4,set14,alt1,20260909655
654,4,set15,alt2,20260909655
654,4,set16,alt2,20260909655
654,4,set17,alt2,20260909655
654,4,set20,alt1,20260909655
654,4,set21,alt1,20260909655
654,4,set23,alt1,20260909655
654,4,set26,alt1,20260909655
654,4,set27,alt1,20260909655
654,4,set32,alt1,20260909655
654,4,set34,alt2,20260909655
654,4,set43,alt2,20260909655
655,3,set3,alt1,20260909656
655,3,set4,alt2,20260909656
655,3,set12,alt1,20260909656
655,3,set22,alt1,20260909656
655,3,set24,alt1,20260909656
655,3,set25,alt1,20260909656
655,3,set28,alt1,20260909656
655,3,set29,alt1,20260909656
655,3,set30,alt2,20260909656
655,3,set31,alt2,20260909656
655,3,set39,alt2,20260909656
655,3,set47,alt2,20260909656
656,2,set1,alt2,20260909657
656,2,set2,alt1,20260909657
656,2,set7,alt1,20260909657
656,2,set8,alt1,20260909657
656,2,set10,alt2,20260909657
656,2,set13,alt1,20260909657
656,2,set36,alt2,20260909657
656,2,set38,alt2,20260909657
656,2,set40,alt2,20260909657
656,2,set44,alt1,20260909657
656,2,set45,alt2,20260909657
656,2,set46,alt1,20260909657
657,2,set1,alt2,20260909658
657,2,set2,alt1,20260909658
657,2,set7,alt1,20260909658
657,2,set8,alt1,20260909658
657,2,set10,alt1,20260909658
657,2,set13,alt1,20260909658
657,2,set36,alt2,20260909658
657,2,set38,alt2,20260909658
657,2,set40,alt2,20260909658
657,2,set44,alt1,20260909658
657,2,set45,alt2,20260909658
657,2,set46,alt1,20260909658
658,3,set3,alt1,20260909659
658,3,set4,alt2,20260909659
658,3,set12,alt1,20260909659
658,3,set22,alt1,20260909659
658,3,set24,alt1,20260909659
658,3,set25,alt1,20260909659
658,3,set28,alt1,20260909659
658,3,set29,alt1,20260909659
658,3,set30,alt2,20260909659
658,3,set31,alt2,20260909659
658,3,set39,alt2,20260909659
658,3,set47,alt2,20260909659
659,1,set5,alt2,20260909660
659,1,set6,alt1,20260909660
659,1,set9,alt2,20260909660
659,1,set11,alt2,20260909660
659,1,set18,alt2,20260909660
659,1,set19,alt2,20260909660
659,1,set33,alt1,20260909660
659,1,set35,alt2,20260909660
659,1,set37,alt1,20260909660
659,1,set41,alt1,20260909660
659,1,set42,alt2,20260909660
659,1,set48,alt2,20260909660
660,4,set14,alt2,20260909661
660,4,set15,alt2,20260909661
660,4,set16,alt1,20260909661
660,4,set17,alt1,20260909661
660,4,set20,alt1,20260909661
660,4,set21,alt1,20260909661
660,4,set23,alt1,20260909661
660,4,set26,alt1,20260909661
660,4,set27,alt2,20260909661
660,4,set32,alt1,20260909661
660,4,set34,alt2,20260909661
660,4,set43,alt1,20260909661
661,2,set1,alt2,20260909662
661,2,set2,alt1,20260909662
661,2,set7,alt1,20260909662
661,2,set8,alt1,20260909662
661,2,set10,alt1,20260909662
661,2,set13,alt1,20260909662
661,2,set36,alt2,20260909662
661,2,set38,alt2,20260909662
661,2,set40,alt2,20260909662
661,2,set44,alt1,20260909662
661,2,set45,alt2,20260909662
661,2,set46,alt1,20260909662
662,3,set3,alt1,20260909663
662,3,set4,alt2,20260909663
662,3,set12,alt1,20260909663
662,3,set22,alt1,20260909663
662,3,set24,alt1,20260909663
662,3,set25,alt1,20260909663
662,3,set28,alt1,20260909663
662,3,set29,alt1,20260909663
662,3,set30,alt2,20260909663
662,3,set31,alt2,20260909663
662,3,set39,alt2,20260909663
662,3,set47,alt2,20260909663
663,1,set5,alt2,20260909664
663,1,set6,alt2,20260909664
663,1,set9,alt2,20260909664
663,1,set11,alt2,20260909664
663,1,set18,alt2,20260909664
663,1,set19,alt2,20260909664
663,1,set33,alt1,20260909664
663,1,set35,alt2,20260909664
663,1,set37,alt1,20260909664
663,1,set41,alt2,20260909664
663,1,set42,alt2,20260909664
663,1,set48,alt2,20260909664
664,2,set1,alt2,20260909665
664,2,set2,alt1,20260909665
664,2,set7,alt1,20260909665
664,2,set8,alt1,20260909665
664,2,set10,alt1,20260909665
664,2,set13,alt1,20260909665
664,2,set36,alt2,20260909665
664,2,set38,alt2,20260909665
664,2,set40,alt2,20260909665
664,2,set44,alt1,20260909665
664,2,set45,alt2,20260909665
664,2,set46,alt1,20260909665
665,3,set3,alt1,20260909666
665,3,set4,alt2,20260909666
665,3,set12,alt1,20260909666
665,3,set22,alt1,20260909666
665,3,set24,alt1,20260909666
665,3,set25,alt1,20260909666
665,3,set28,alt1,20260909666
665,3,set29,alt1,20260909666
665,3,set30,alt2,20260909666
665,3,set31,alt2,20260909666
665,3,set39,alt2,20260909666
665,3,set47,alt2,20260909666
666,1,set5,alt1,20260909667
666,1,set6,alt1,20260909667
666,1,set9,alt1,20260909667
666,1,set11,alt2,20260909667
666,1,set18,alt1,20260909667
666,1,set19,alt1,20260909667
666,1,set33,alt2,20260909667
666,1,set35,alt2,20260909667
666,1,set37,alt1,20260909667
666,1,set41,alt1,20260909667
666,1,set42,alt2,20260909667
666,1,set48,alt2,20260909667
667,3,set3,alt2,20260909668
667,3,set4,alt2,20260909668
667,3,set12,alt1,20260909668
667,3,set22,alt2,20260909668
667,3,set24,alt1,20260909668
667,3,set25,alt1,20260909668
667,3,set28,alt1,20260909668
667,3,set29,alt1,20260909668
667,3,set30,alt2,20260909668
667,3,set31,alt2,20260909668
667,3,set39,alt2,20260909668
667,3,set47,alt2,20260909668
668,2,set1,alt2,20260909669
668,2,set2,alt1,20260909669
668,2,set7,alt1,20260909669
668,2,set8,alt1,20260909669
668,2,set10,alt1,20260909669
668,2,set13,alt1,20260909669
668,2,set36,alt2,20260909669
668,2,set38,alt2,20260909669
668,2,set40,alt2,20260909669
668,2,set44,alt1,20260909669
668,2,set45,alt2,20260909669
668,2,set46,alt1,20260909669
669,1,set5,alt2,20260909670
669,1,set6,alt2,20260909670
669,1,set9,alt2,20260909670
669,1,set11,alt2,20260909670
669,1,set18,alt2,20260909670
669,1,set19,alt2,20260909670
669,1,set33,alt1,20260909670
669,1,set35,alt2,20260909670
669,1,set37,alt1,20260909670
669,1,set41,alt2,20260909670
669,1,set42,alt2,20260909670
669,1,set48,alt2,20260909670
670,3,set3,alt2,20260909671
670,3,set4,alt2,20260909671
670,3,set12,alt1,20260909671
670,3,set22,alt2,20260909671
670,3,set24,alt1,20260909671
670,3,set25,alt1,20260909671
670,3,set28,alt1,20260909671
670,3,set29,alt1,20260909671
670,3,set30,alt2,20260909671
670,3,set31,alt2,20260909671
670,3,set39,alt2,20260909671
670,3,set47,alt2,20260909671
671,2,set1,alt2,20260909672
671,2,set2,alt1,20260909672
671,2,set7,alt1,20260909672
671,2,set8,alt1,20260909672
671,2,set10,alt1,20260909672
671,2,set13,alt1,20260909672
671,2,set36,alt2,20260909672
671,2,set38,alt2,20260909672
671,2,set40,alt2,20260909672
671,2,set44,alt1,20260909672
671,2,set45,alt2,20260909672
671,2,set46,alt1,20260909672
672,3,set3,alt1,20260909673
672,3,set4,alt2,20260909673
672,3,set12,alt1,20260909673
672,3,set22,alt1,20260909673
672,3,set24,alt1,20260909673
672,3,set25,alt1,20260909673
672,3,set28,alt1,20260909673
672,3,set29,alt1,20260909673
672,3,set30,alt2,20260909673
672,3,set31,alt2,20260909673
672,3,set39,alt2,20260909673
672,3,set47,alt2,20260909673
673,1,set5,alt2,20260909674
673,1,set6,alt2,20260909674
673,1,set9,alt2,20260909674
673,1,set11,alt2,20260909674
673,1,set18,alt2,20260909674
673,1,set19,alt2,20260909674
673,1,set33,alt1,20260909674
673,1,set35,alt2,20260909674
673,1,set37,alt1,20260909674
673,1,set41,alt2,20260909674
673,1,set42,alt2,20260909674
673,1,set48,alt2,20260909674
674,1,set5,alt2,20260909675
674,1,set6,alt1,20260909675
674,1,set9,alt2,20260909675
674,1,set11,alt2,20260909675
674,1,set18,alt2,20260909675
674,1,set19,alt2,20260909675
674,1,set33,alt1,20260909675
674,1,set35,alt2,20260909675
674,1,set37,alt1,20260909675
674,1,set41,alt1,20260909675
674,1,set42,alt2,20260909675
674,1,set48,alt2,20260909675
675,2,set1,alt2,20260909676
675,2,set2,alt1,20260909676
675,2,set7,alt1,20260909676
675,2,set8,alt1,20260909676
675,2,set10,alt1,20260909676
675,2,set13,alt1,20260909676
675,2,set36,alt2,20260909676
675,2,set38,alt2,20260909676
675,2,set40,alt2,20260909676
675,2,set44,alt1,20260909676
675,2,set45,alt2,20260909676
675,2,set46,alt1,20260909676
676,3,set3,alt1,20260909677
676,3,set4,alt2,20260909677
676,3,set12,alt1,20260909677
676,3,set22,alt1,20260909677
676,3,set24,alt1,20260909677
676,3,set25,alt1,20260909677
676,3,set28,alt1,20260909677
676,3,set29,alt1,20260909677
676,3,set30,alt2,20260909677
676,3,set31,alt2,20260909677
676,3,set39,alt2,20260909677
676,3,set47,alt2,20260909677
677,1,set5,alt2,20260909678
677,1,set6,alt1,20260909678
677,1,set9,alt2,20260909678
677,1,set11,alt2,20260909678
677,1,set18,alt2,20260909678
677,1,set19,alt2,20260909678
677,1,set33,alt1,20260909678
677,1,set35,alt2,20260909678
677,1,set37,alt1,20260909678
677,1,set41,alt1,20260909678
677,1,set42,alt2,20260909678
677,1,set48,alt2,20260909678
678,2,set1,alt2,20260909679
678,2,set2,alt1,20260909679
678,2,set7,alt1,20260909679
678,2,set8,alt1,20260909679
678,2,set10,alt1,20260909679
678,2,set13,alt1,20260909679
678,2,set36,alt2,20260909679
678,2,set38,alt2,20260909679
678,2,set40,alt2,20260909679
678,2,set44,alt1,20260909679
678,2,set45,alt2,20260909679
678,2,set46,alt1,20260909679
679,3,set3,alt2,20260909680
679,3,set4,alt2,20260909680
679,3,set12,alt1,20260909680
679,3,set22,alt2,20260909680
679,3,set24,alt1,20260909680
679,3,set25,alt1,20260909680
679,3,set28,alt1,20260909680
679,3,set29,alt1,20260909680
679,3,set30,alt2,20260909680
679,3,set31,alt2,20260909680
679,3,set39,alt2,20260909680
679,3,set47,alt2,20260909680
680,4,set14,alt1,20260909681
680,4,set15,alt2,20260909681
680,4,set16,alt2,20260909681
680,4,set17,alt2,20260909681
680,4,set20,alt1,20260909681
680,4,set21,alt1,20260909681
680,4,set23,alt1,20260909681
680,4,set26,alt1,20260909681
680,4,set27,alt1,20260909681
680,4,set32,alt1,20260909681
680,4,set34,alt2,20260909681
680,4,set43,alt2,20260909681
681,1,set5,alt1,20260909682
681,1,set6,alt1,20260909682
681,1,set9,alt1,20260909682
681,1,set11,alt2,20260909682
681,1,set18,alt1,20260909682
681,1,set19,alt1,20260909682
681,1,set33,alt2,20260909682
681,1,set35,alt2,20260909682
681,1,set37,alt1,20260909682
681,1,set41,alt1,20260909682
681,1,set42,alt2,20260909682
681,1,set48,alt2,20260909682
682,3,set3,alt1,20260909683
682,3,set4,alt2,20260909683
682,3,set12,alt1,20260909683
682,3,set22,alt1,20260909683
682,3,set24,alt1,20260909683
682,3,set25,alt1,20260909683
682,3,set28,alt1,20260909683
682,3,set29,alt1,20260909683
682,3,set30,alt2,20260909683
682,3,set31,alt2,20260909683
682,3,set39,alt2,20260909683
682,3,set47,alt2,20260909683
683,4,set14,alt1,20260909684
683,4,set15,alt2,20260909684
683,4,set16,alt2,20260909684
683,4,set17,alt2,20260909684
683,4,set20,alt1,20260909684
683,4,set21,alt1,20260909684
683,4,set23,alt1,20260909684
683,4,set26,alt1,20260909684
683,4,set27,alt1,20260909684
683,4,set32,alt1,20260909684
683,4,set34,alt2,20260909684
683,4,set43,alt2,20260909684
684,1,set5,alt2,20260909685
684,1,set6,alt1,20260909685
684,1,set9,alt2,20260909685
684,1,set11,alt2,20260909685
684,1,set18,alt2,20260909685
684,1,set19,alt2,20260909685
684,1,set33,alt1,20260909685
684,1,set35,alt2,20260909685
684,1,set37,alt1,20260909685
684,1,set41,alt1,20260909685
684,1,set42,alt2,20260909685
684,1,set48,alt2,20260909685
685,3,set3,alt1,20260909686
685,3,set4,alt2,20260909686
685,3,set12,alt1,20260909686
685,3,set22,alt1,20260909686
685,3,set24,alt1,20260909686
685,3,set25,alt1,20260909686
685,3,set28,alt1,20260909686
685,3,set29,alt1,20260909686
685,3,set30,alt2,20260909686
685,3,set31,alt2,20260909686
685,3,set39,alt2,20260909686
685,3,set47,alt2,20260909686
686,3,set3,alt1,20260909687
686,3,set4,alt2,20260909687
686,3,set12,alt1,20260909687
686,3,set22,alt1,20260909687
686,3,set24,alt1,20260909687
686,3,set25,alt1,20260909687
686,3,set28,alt1,20260909687
686,3,set29,alt1,20260909687
686,3,set30,alt2,20260909687
686,3,set31,alt2,20260909687
686,3,set39,alt2,20260909687
686,3,set47,alt2,20260909687
687,1,set5,alt2,20260909688
687,1,set6,alt2,20260909688
687,1,set9,alt2,20260909688
687,1,set11,alt2,20260909688
687,1,set18,alt2,20260909688
687,1,set19,alt2,20260909688
687,1,set33,alt1,20260909688
687,1,set35,alt2,20260909688
687,1,set37,alt1,20260909688
687,1,set41,alt2,20260909688
687,1,set42,alt2,20260909688
687,1,set48,alt2,20260909688
688,4,set14,alt1,20260909689
688,4,set15,alt1,20260909689
688,4,set16,alt1,20260909689
688,4,set17,alt1,20260909689
688,4,set20,alt1,20260909689
688,4,set21,alt1,20260909689
688,4,set23,alt1,20260909689
688,4,set26,alt1,20260909689
688,4,set27,alt1,20260909689
688,4,set32,alt1,20260909689
688,4,set34,alt2,20260909689
688,4,set43,alt1,20260909689
689,4,set14,alt2,20260909690
689,4,set15,alt2,20260909690
689,4,set16,alt1,20260909690
689,4,set17,alt1,20260909690
689,4,set20,alt1,20260909690
689,4,set21,alt1,20260909690
689,4,set23,alt1,20260909690
689,4,set26,alt1,20260909690
689,4,set27,alt2,20260909690
689,4,set32,alt1,20260909690
689,4,set34,alt2,20260909690
689,4,set43,alt1,20260909690
690,3,set3,alt1,20260909691
690,3,set4,alt2,20260909691
690,3,set12,alt1,20260909691
690,3,set22,alt1,20260909691
690,3,set24,alt1,20260909691
690,3,set25,alt1,20260909691
690,3,set28,alt1,20260909691
690,3,set29,alt1,20260909691
690,3,set30,alt2,20260909691
690,3,set31,alt2,20260909691
690,3,set39,alt2,20260909691
690,3,set47,alt2,20260909691
691,4,set14,alt2,20260909692
691,4,set15,alt2,20260909692
691,4,set16,alt1,20260909692
691,4,set17,alt1,20260909692
691,4,set20,alt1,20260909692
691,4,set21,alt1,20260909692
691,4,set23,alt1,20260909692
691,4,set26,alt1,20260909692
691,4,set27,alt2,20260909692
691,4,set32,alt1,20260909692
691,4,set34,alt2,20260909692
691,4,set43,alt1,20260909692
692,3,set3,alt1,20260909693
692,3,set4,alt2,20260909693
692,3,set12,alt1,20260909693
692,3,set22,alt1,20260909693
692,3,set24,alt1,20260909693
692,3,set25,alt1,20260909693
692,3,set28,alt1,20260909693
692,3,set29,alt1,20260909693
692,3,set30,alt2,20260909693
692,3,set31,alt2,20260909693
692,3,set39,alt2,20260909693
692,3,set47,alt2,20260909693
693,2,set1,alt2,20260909694
693,2,set2,alt1,20260909694
693,2,set7,alt1,20260909694
693,2,set8,alt1,20260909694
693,2,set10,alt1,20260909694
693,2,set13,alt1,20260909694
693,2,set36,alt2,20260909694
693,2,set38,alt2,20260909694
693,2,set40,alt2,20260909694
693,2,set44,alt1,20260909694
693,2,set45,alt2,20260909694
693,2,set46,alt1,20260909694
694,3,set3,alt2,20260909695
694,3,set4,alt2,20260909695
694,3,set12,alt1,20260909695
694,3,set22,alt2,20260909695
694,3,set24,alt1,20260909695
694,3,set25,alt1,20260909695
694,3,set28,alt1,20260909695
694,3,set29,alt1,20260909695
694,3,set30,alt2,20260909695
694,3,set31,alt2,20260909695
694,3,set39,alt2,20260909695
694,3,set47,alt2,20260909695
695,3,set3,alt1,20260909696
695,3,set4,alt2,20260909696
695,3,set12,alt1,20260909696
695,3,set22,alt1,20260909696
695,3,set24,alt1,20260909696
695,3,set25,alt1,20260909696
695,3,set28,alt1,20260909696
695,3,set29,alt1,20260909696
695,3,set30,alt2,20260909696
695,3,set31,alt2,20260909696
695,3,set39,alt2,20260909696
695,3,set47,alt2,20260909696
696,3,set3,alt2,20260909697
696,3,set4,alt2,20260909697
696,3,set12,alt1,20260909697
696,3,set22,alt2,20260909697
696,3,set24,alt1,20260909697
696,3,set25,alt1,20260909697
696,3,set28,alt1,20260909697
696,3,set29,alt1,20260909697
696,3,set30,alt2,20260909697
696,3,set31,alt2,20260909697
696,3,set39,alt2,20260909697
696,3,set47,alt2,20260909697
697,3,set3,alt2,20260909698
697,3,set4,alt1,20260909698
697,3,set12,alt1,20260909698
697,3,set22,alt2,20260909698
697,3,set24,alt1,20260909698
697,3,set25,alt2,20260909698
697,3,set28,alt2,20260909698
697,3,set29,alt1,20260909698
697,3,set30,alt2,20260909698
697,3,set31,alt1,20260909698
697,3,set39,alt1,20260909698
697,3,set47,alt2,20260909698
698,2,set1,alt2,20260909699
698,2,set2,alt1,20260909699
698,2,set7,alt1,20260909699
698,2,set8,alt1,20260909699
698,2,set10,alt1,20260909699
698,2,set13,alt1,20260909699
698,2,set36,alt2,20260909699
698,2,set38,alt2,20260909699
698,2,set40,alt2,20260909699
698,2,set44,alt1,20260909699
698,2,set45,alt2,20260909699
698,2,set46,alt1,20260909699
699,3,set3,alt1,20260909700
699,3,set4,alt2,20260909700
699,3,set12,alt1,20260909700
699,3,set22,alt1,20260909700
699,3,set24,alt1,20260909700
699,3,set25,alt1,20260909700
699,3,set28,alt1,20260909700
699,3,set29,alt1,20260909700
699,3,set30,alt2,20260909700
699,3,set31,alt2,20260909700
699,3,set39,alt2,20260909700
699,3,set47,alt2,20260909700
700,1,set5,alt2,20260909701
700,1,set6,alt2,20260909701
700,1,set9,alt2,20260909701
700,1,set11,alt2,20260909701
700,1,set18,alt2,20260909701
700,1,set19,alt2,20260909701
700,1,set33,alt1,20260909701
700,1,set35,alt2,20260909701
700,1,set37,alt1,20260909701
700,1,set41,alt2,20260909701
700,1,set42,alt2,20260909701
700,1,set48,alt2,20260909701
701,3,set3,alt1,20260909702
701,3,set4,alt2,20260909702
701,3,set12,alt1,20260909702
701,3,set22,alt1,20260909702
701,3,set24,alt1,20260909702
701,3,set25,alt1,20260909702
701,3,set28,alt1,20260909702
701,3,set29,alt1,20260909702
701,3,set30,alt2,20260909702
701,3,set31,alt2,20260909702
701,3,set39,alt2,20260909702
701,3,set47,alt2,20260909702
702,2,set1,alt2,20260909703
702,2,set2,alt1,20260909703
702,2,set7,alt1,20260909703
702,2,set8,alt1,20260909703
702,2,set10,alt1,20260909703
702,2,set13,alt1,20260909703
702,2,set36,alt2,20260909703
702,2,set38,alt2,20260909703
702,2,set40,alt2,20260909703
702,2,set44,alt1,20260909703
702,2,set45,alt2,20260909703
702,2,set46,alt1,20260909703
703,3,set3,alt2,20260909704
703,3,set4,alt2,20260909704
703,3,set12,alt1,20260909704
703,3,set22,alt2,20260909704
703,3,set24,alt1,20260909704
703,3,set25,alt1,20260909704
703,3,set28,alt1,20260909704
703,3,set29,alt1,20260909704
703,3,set30,alt2,20260909704
703,3,set31,alt2,20260909704
703,3,set39,alt2,20260909704
703,3,set47,alt2,20260909704
704,3,set3,alt1,20260909705
704,3,set4,alt2,20260909705
704,3,set12,alt1,20260909705
704,3,set22,alt1,20260909705
704,3,set24,alt1,20260909705
704,3,set25,alt1,20260909705
704,3,set28,alt1,20260909705
704,3,set29,alt1,20260909705
704,3,set30,alt2,20260909705
704,3,set31,alt2,20260909705
704,3,set39,alt2,20260909705
704,3,set47,alt2,20260909705
705,1,set5,alt2,20260909706
705,1,set6,alt1,20260909706
705,1,set9,alt2,20260909706
705,1,set11,alt2,20260909706
705,1,set18,alt2,20260909706
705,1,set19,alt2,20260909706
705,1,set33,alt1,20260909706
705,1,set35,alt2,20260909706
705,1,set37,alt1,20260909706
705,1,set41,alt1,20260909706
705,1,set42,alt2,20260909706
705,1,set48,alt2,20260909706
706,1,set5,alt2,20260909707
706,1,set6,alt1,20260909707
706,1,set9,alt2,20260909707
706,1,set11,alt2,20260909707
706,1,set18,alt2,20260909707
706,1,set19,alt2,20260909707
706,1,set33,alt1,20260909707
706,1,set35,alt2,20260909707
706,1,set37,alt1,20260909707
706,1,set41,alt1,20260909707
706,1,set42,alt2,20260909707
706,1,set48,alt2,20260909707
707,1,set5,alt2,20260909708
707,1,set6,alt2,20260909708
707,1,set9,alt2,20260909708
707,1,set11,alt2,20260909708
707,1,set18,alt1,20260909708
707,1,set19,alt2,20260909708
707,1,set33,alt1,20260909708
707,1,set35,alt2,20260909708
707,1,set37,alt1,20260909708
707,1,set41,alt1,20260909708
707,1,set42,alt2,20260909708
707,1,set48,alt2,20260909708
708,4,set14,alt2,20260909709
708,4,set15,alt2,20260909709
708,4,set16,alt1,20260909709
708,4,set17,alt1,20260909709
708,4,set20,alt1,20260909709
708,4,set21,alt1,20260909709
708,4,set23,alt1,20260909709
708,4,set26,alt1,20260909709
708,4,set27,alt2,20260909709
708,4,set32,alt1,20260909709
708,4,set34,alt2,20260909709
708,4,set43,alt1,20260909709
709,1,set5,alt2,20260909710
709,1,set6,alt2,20260909710
709,1,set9,alt2,20260909710
709,1,set11,alt2,20260909710
709,1,set18,alt2,20260909710
709,1,set19,alt2,20260909710
709,1,set33,alt1,20260909710
709,1,set35,alt2,20260909710
709,1,set37,alt1,20260909710
709,1,set41,alt2,20260909710
709,1,set42,alt2,20260909710
709,1,set48,alt2,20260909710
710,4,set14,alt2,20260909711
710,4,set15,alt2,20260909711
710,4,set16,alt1,20260909711
710,4,set17,alt1,20260909711
710,4,set20,alt1,20260909711
710,4,set21,alt1,20260909711
710,4,set23,alt1,20260909711
710,4,set26,alt1,20260909711
710,4,set27,alt2,20260909711
710,4,set32,alt1,20260909711
710,4,set34,alt2,20260909711
710,4,set43,alt1,20260909711
711,1,set5,alt2,20260909712
711,1,set6,alt1,20260909712
711,1,set9,alt2,20260909712
711,1,set11,alt2,20260909712
711,1,set18,alt2,20260909712
711,1,set19,alt2,20260909712
711,1,set33,alt1,20260909712
711,1,set35,alt2,20260909712
711,1,set37,alt1,20260909712
711,1,set41,alt1,20260909712
711,1,set42,alt2,20260909712
711,1,set48,alt2,20260909712
712,2,set1,alt2,20260909713
712,2,set2,alt1,20260909713
712,2,set7,alt1,20260909713
712,2,set8,alt1,20260909713
712,2,set10,alt1,20260909713
712,2,set13,alt1,20260909713
712,2,set36,alt2,20260909713
712,2,set38,alt2,20260909713
712,2,set40,alt2,20260909713
712,2,set44,alt1,20260909713
712,2,set45,alt2,20260909713
712,2,set46,alt1,20260909713
713,2,set1,alt2,20260909714
713,2,set2,alt1,20260909714
713,2,set7,alt1,20260909714
713,2,set8,alt1,20260909714
713,2,set10,alt1,20260909714
713,2,set13,alt1,20260909714
713,2,set36,alt2,20260909714
713,2,set38,alt2,20260909714
713,2,set40,alt2,20260909714
713,2,set44,alt1,20260909714
713,2,set45,alt2,20260909714
713,2,set46,alt1,20260909714
714,2,set1,alt2,20260909715
714,2,set2,alt1,20260909715
714,2,set7,alt1,20260909715
714,2,set8,alt1,20260909715
714,2,set10,alt2,20260909715
714,2,set13,alt1,20260909715
714,2,set36,alt2,20260909715
714,2,set38,alt2,20260909715
714,2,set40,alt2,20260909715
714,2,set44,alt1,20260909715
714,2,set45,alt2,20260909715
714,2,set46,alt1,20260909715
715,1,set5,alt2,20260909716
715,1,set6,alt1,20260909716
715,1,set9,alt2,20260909716
715,1,set11,alt2,20260909716
715,1,set18,alt2,20260909716
715,1,set19,alt2,20260909716
715,1,set33,alt1,20260909716
715,1,set35,alt2,20260909716
715,1,set37,alt1,20260909716
715,1,set41,alt1,20260909716
715,1,set42,alt2,20260909716
715,1,set48,alt2,20260909716
716,3,set3,alt1,20260909717
716,3,set4,alt2,20260909717
716,3,set12,alt1,20260909717
716,3,set22,alt1,20260909717
716,3,set24,alt1,20260909717
716,3,set25,alt1,20260909717
716,3,set28,alt1,20260909717
716,3,set29,alt1,20260909717
716,3,set30,alt2,20260909717
716,3,set31,alt2,20260909717
716,3,set39,alt2,20260909717
716,3,set47,alt2,20260909717
717,4,set14,alt1,20260909718
717,4,set15,alt2,20260909718
717,4,set16,alt2,20260909718
717,4,set17,alt2,20260909718
717,4,set20,alt1,20260909718
717,4,set21,alt1,20260909718
717,4,set23,alt1,20260909718
717,4,set26,alt1,20260909718
717,4,set27,alt1,20260909718
717,4,set32,alt1,20260909718
717,4,set34,alt2,20260909718
717,4,set43,alt2,20260909718
718,1,set5,alt1,20260909719
718,1,set6,alt1,20260909719
718,1,set9,alt1,20260909719
718,1,set11,alt2,20260909719
718,1,set18,alt1,20260909719
718,1,set19,alt1,20260909719
718,1,set33,alt2,20260909719
718,1,set35,alt2,20260909719
718,1,set37,alt1,20260909719
718,1,set41,alt1,20260909719
718,1,set42,alt2,20260909719
718,1,set48,alt2,20260909719
719,2,set1,alt2,20260909720
719,2,set2,alt1,20260909720
719,2,set7,alt1,20260909720
719,2,set8,alt1,20260909720
719,2,set10,alt1,20260909720
719,2,set13,alt1,20260909720
719,2,set36,alt2,20260909720
719,2,set38,alt2,20260909720
719,2,set40,alt2,20260909720
719,2,set44,alt1,20260909720
719,2,set45,alt2,20260909720
719,2,set46,alt1,20260909720
720,2,set1,alt2,20260909721
720,2,set2,alt1,20260909721
720,2,set7,alt1,20260909721
720,2,set8,alt1,20260909721
720,2,set10,alt1,20260909721
720,2,set13,alt1,20260909721
720,2,set36,alt2,20260909721
720,2,set38,alt2,20260909721
720,2,set40,alt2,20260909721
720,2,set44,alt1,20260909721
720,2,set45,alt2,20260909721
720,2,set46,alt1,20260909721
721,3,set3,alt2,20260909722
721,3,set4,alt1,20260909722
721,3,set12,alt1,20260909722
721,3,set22,alt2,20260909722
721,3,set24,alt1,20260909722
721,3,set25,alt2,20260909722
721,3,set28,alt2,20260909722
721,3,set29,alt1,20260909722
721,3,set30,alt2,20260909722
721,3,set31,alt1,20260909722
721,3,set39,alt1,20260909722
721,3,set47,alt2,20260909722
722,3,set3,alt2,20260909723
722,3,set4,alt1,20260909723
722,3,set12,alt1,20260909723
722,3,set22,alt2,20260909723
722,3,set24,alt1,20260909723
722,3,set25,alt2,20260909723
722,3,set28,alt2,20260909723
722,3,set29,alt1,20260909723
722,3,set30,alt2,20260909723
722,3,set31,alt1,20260909723
722,3,set39,alt1,20260909723
722,3,set47,alt2,20260909723
723,2,set1,alt2,20260909724
723,2,set2,alt1,20260909724
723,2,set7,alt1,20260909724
723,2,set8,alt1,20260909724
723,2,set10,alt1,20260909724
723,2,set13,alt1,20260909724
723,2,set36,alt2,20260909724
723,2,set38,alt2,20260909724
723,2,set40,alt2,20260909724
723,2,set44,alt1,20260909724
723,2,set45,alt2,20260909724
723,2,set46,alt1,20260909724
724,1,set5,alt1,20260909725
724,1,set6,alt1,20260909725
724,1,set9,alt1,20260909725
724,1,set11,alt2,20260909725
724,1,set18,alt1,20260909725
724,1,set19,alt1,20260909725
724,1,set33,alt2,20260909725
724,1,set35,alt2,20260909725
724,1,set37,alt1,20260909725
724,1,set41,alt1,20260909725
724,1,set42,alt2,20260909725
724,1,set48,alt2,20260909725
725,4,set14,alt1,20260909726
725,4,set15,alt1,20260909726
725,4,set16,alt1,20260909726
725,4,set17,alt1,20260909726
725,4,set20,alt1,20260909726
725,4,set21,alt1,20260909726
725,4,set23,alt1,20260909726
725,4,set26,alt1,20260909726
725,4,set27,alt1,20260909726
725,4,set32,alt1,20260909726
725,4,set34,alt2,20260909726
725,4,set43,alt1,20260909726
726,2,set1,alt2,20260909727
726,2,set2,alt1,20260909727
726,2,set7,alt1,20260909727
726,2,set8,alt1,20260909727
726,2,set10,alt1,20260909727
726,2,set13,alt1,20260909727
726,2,set36,alt2,20260909727
726,2,set38,alt2,20260909727
726,2,set40,alt2,20260909727
726,2,set44,alt1,20260909727
726,2,set45,alt2,20260909727
726,2,set46,alt1,20260909727
727,1,set5,alt1,20260909728
727,1,set6,alt1,20260909728
727,1,set9,alt1,20260909728
727,1,set11,alt2,20260909728
727,1,set18,alt1,20260909728
727,1,set19,alt1,20260909728
727,1,set33,alt2,20260909728
727,1,set35,alt2,20260909728
727,1,set37,alt1,20260909728
727,1,set41,alt1,20260909728
727,1,set42,alt2,20260909728
727,1,set48,alt2,20260909728
728,3,set3,alt2,20260909729
728,3,set4,alt2,20260909729
728,3,set12,alt1,20260909729
728,3,set22,alt2,20260909729
728,3,set24,alt1,20260909729
728,3,set25,alt1,20260909729
728,3,set28,alt1,20260909729
728,3,set29,alt1,20260909729
728,3,set30,alt2,20260909729
728,3,set31,alt2,20260909729
728,3,set39,alt2,20260909729
728,3,set47,alt2,20260909729
729,2,set1,alt2,20260909730
729,2,set2,alt1,20260909730
729,2,set7,alt1,20260909730
729,2,set8,alt1,20260909730
729,2,set10,alt1,20260909730
729,2,set13,alt1,20260909730
729,2,set36,alt2,20260909730
729,2,set38,alt2,20260909730
729,2,set40,alt2,20260909730
729,2,set44,alt1,20260909730
729,2,set45,alt2,20260909730
729,2,set46,alt1,20260909730
730,3,set3,alt1,20260909731
730,3,set4,alt2,20260909731
730,3,set12,alt1,20260909731
730,3,set22,alt1,20260909731
730,3,set24,alt1,20260909731
730,3,set25,alt1,20260909731
730,3,set28,alt1,20260909731
730,3,set29,alt1,20260909731
730,3,set30,alt2,20260909731
730,3,set31,alt2,20260909731
730,3,set39,alt2,20260909731
730,3,set47,alt2,20260909731
731,3,set3,alt2,20260909732
731,3,set4,alt1,20260909732
731,3,set12,alt1,20260909732
731,3,set22,alt2,20260909732
731,3,set24,alt1,20260909732
731,3,set25,alt2,20260909732
731,3,set28,alt2,20260909732
731,3,set29,alt1,20260909732
731,3,set30,alt1,20260909732
731,3,set31,alt2,20260909732
731,3,set39,alt1,20260909732
731,3,set47,alt1,20260909732
732,1,set5,alt2,20260909733
732,1,set6,alt2,20260909733
732,1,set9,alt2,20260909733
732,1,set11,alt2,20260909733
732,1,set18,alt2,20260909733
732,1,set19,alt2,20260909733
732,1,set33,alt1,20260909733
732,1,set35,alt2,20260909733
732,1,set37,alt1,20260909733
732,1,set41,alt2,20260909733
732,1,set42,alt2,20260909733
732,1,set48,alt2,20260909733
733,1,set5,alt2,20260909734
733,1,set6,alt1,20260909734
733,1,set9,alt2,20260909734
733,1,set11,alt2,20260909734
733,1,set18,alt2,20260909734
733,1,set19,alt2,20260909734
733,1,set33,alt1,20260909734
733,1,set35,alt2,20260909734
733,1,set37,alt1,20260909734
733,1,set41,alt1,20260909734
733,1,set42,alt2,20260909734
733,1,set48,alt2,20260909734
734,2,set1,alt2,20260909735
734,2,set2,alt1,20260909735
734,2,set7,alt1,20260909735
734,2,set8,alt1,20260909735
734,2,set10,alt1,20260909735
734,2,set13,alt1,20260909735
734,2,set36,alt2,20260909735
734,2,set38,alt2,20260909735
734,2,set40,alt2,20260909735
734,2,set44,alt1,20260909735
734,2,set45,alt2,20260909735
734,2,set46,alt1,20260909735
735,4,set14,alt2,20260909736
735,4,set15,alt2,20260909736
735,4,set16,alt1,20260909736
735,4,set17,alt1,20260909736
735,4,set20,alt1,20260909736
735,4,set21,alt1,20260909736
735,4,set23,alt1,20260909736
735,4,set26,alt1,20260909736
735,4,set27,alt2,20260909736
735,4,set32,alt1,20260909736
735,4,set34,alt2,20260909736
735,4,set43,alt1,20260909736
736,1,set5,alt1,20260909737
736,1,set6,alt1,20260909737
736,1,set9,alt1,20260909737
736,1,set11,alt2,20260909737
736,1,set18,alt1,20260909737
736,1,set19,alt1,20260909737
736,1,set33,alt2,20260909737
736,1,set35,alt2,20260909737
736,1,set37,alt1,20260909737
736,1,set41,alt1,20260909737
736,1,set42,alt2,20260909737
736,1,set48,alt2,20260909737
737,3,set3,alt2,20260909738
737,3,set4,alt1,20260909738
737,3,set12,alt1,20260909738
737,3,set22,alt2,20260909738
737,3,set24,alt1,20260909738
737,3,set25,alt2,20260909738
737,3,set28,alt2,20260909738
737,3,set29,alt1,20260909738
737,3,set30,alt1,20260909738
737,3,set31,alt2,20260909738
737,3,set39,alt1,20260909738
737,3,set47,alt1,20260909738
738,1,set5,alt2,20260909739
738,1,set6,alt2,20260909739
738,1,set9,alt2,20260909739
738,1,set11,alt2,20260909739
738,1,set18,alt2,20260909739
738,1,set19,alt2,20260909739
738,1,set33,alt1,20260909739
738,1,set35,alt2,20260909739
738,1,set37,alt1,20260909739
738,1,set41,alt2,20260909739
738,1,set42,alt2,20260909739
738,1,set48,alt2,20260909739
739,3,set3,alt2,20260909740
739,3,set4,alt1,20260909740
739,3,set12,alt1,20260909740
739,3,set22,alt2,20260909740
739,3,set24,alt1,20260909740
739,3,set25,alt2,20260909740
739,3,set28,alt2,20260909740
739,3,set29,alt1,20260909740
739,3,set30,alt1,20260909740
739,3,set31,alt2,20260909740
739,3,set39,alt1,20260909740
739,3,set47,alt1,20260909740
740,4,set14,alt1,20260909741
740,4,set15,alt2,20260909741
740,4,set16,alt2,20260909741
740,4,set17,alt2,20260909741
740,4,set20,alt1,20260909741
740,4,set21,alt1,20260909741
740,4,set23,alt1,20260909741
740,4,set26,alt1,20260909741
740,4,set27,alt1,20260909741
740,4,set32,alt1,20260909741
740,4,set34,alt2,20260909741
740,4,set43,alt2,20260909741
741,2,set1,alt2,20260909742
741,2,set2,alt1,20260909742
741,2,set7,alt1,20260909742
741,2,set8,alt1,20260909742
741,2,set10,alt1,20260909742
741,2,set13,alt1,20260909742
741,2,set36,alt2,20260909742
741,2,set38,alt2,20260909742
741,2,set40,alt2,20260909742
741,2,set44,alt1,20260909742
741,2,set45,alt2,20260909742
741,2,set46,alt1,20260909742
742,2,set1,alt2,20260909743
742,2,set2,alt1,20260909743
742,2,set7,alt1,20260909743
742,2,set8,alt1,20260909743
742,2,set10,alt1,20260909743
742,2,set13,alt1,20260909743
742,2,set36,alt2,20260909743
742,2,set38,alt2,20260909743
742,2,set40,alt2,20260909743
742,2,set44,alt1,20260909743
742,2,set45,alt2,20260909743
742,2,set46,alt1,20260909743
743,2,set1,alt2,20260909744
743,2,set2,alt1,20260909744
743,2,set7,alt2,20260909744
743,2,set8,alt1,20260909744
743,2,set10,alt2,20260909744
743,2,set13,alt1,20260909744
743,2,set36,alt2,20260909744
743,2,set38,alt1,20260909744
743,2,set40,alt2,20260909744
743,2,set44,alt2,20260909744
743,2,set45,alt2,20260909744
743,2,set46,alt2,20260909744
744,3,set3,alt1,20260909745
744,3,set4,alt2,20260909745
744,3,set12,alt1,20260909745
744,3,set22,alt1,20260909745
744,3,set24,alt1,20260909745
744,3,set25,alt1,20260909745
744,3,set28,alt1,20260909745
744,3,set29,alt1,20260909745
744,3,set30,alt2,20260909745
744,3,set31,alt2,20260909745
744,3,set39,alt2,20260909745
744,3,set47,alt2,20260909745
745,4,set14,alt1,20260909746
745,4,set15,alt2,20260909746
745,4,set16,alt2,20260909746
745,4,set17,alt2,20260909746
745,4,set20,alt1,20260909746
745,4,set21,alt1,20260909746
745,4,set23,alt1,20260909746
745,4,set26,alt1,20260909746
745,4,set27,alt1,20260909746
745,4,set32,alt1,20260909746
745,4,set34,alt2,20260909746
745,4,set43,alt2,20260909746
746,2,set1,alt2,20260909747
746,2,set2,alt1,20260909747
746,2,set7,alt2,20260909747
746,2,set8,alt1,20260909747
746,2,set10,alt2,20260909747
746,2,set13,alt1,20260909747
746,2,set36,alt2,20260909747
746,2,set38,alt1,20260909747
746,2,set40,alt2,20260909747
746,2,set44,alt2,20260909747
746,2,set45,alt2,20260909747
746,2,set46,alt2,20260909747
747,3,set3,alt2,20260909748
747,3,set4,alt1,20260909748
747,3,set12,alt1,20260909748
747,3,set22,alt2,20260909748
747,3,set24,alt1,20260909748
747,3,set25,alt2,20260909748
747,3,set28,alt2,20260909748
747,3,set29,alt1,20260909748
747,3,set30,alt2,20260909748
747,3,set31,alt1,20260909748
747,3,set39,alt1,20260909748
747,3,set47,alt2,20260909748
748,2,set1,alt2,20260909749
748,2,set2,alt1,20260909749
748,2,set7,alt1,20260909749
748,2,set8,alt1,20260909749
748,2,set10,alt1,20260909749
748,2,set13,alt1,20260909749
748,2,set36,alt2,20260909749
748,2,set38,alt2,20260909749
748,2,set40,alt2,20260909749
748,2,set44,alt1,20260909749
748,2,set45,alt2,20260909749
748,2,set46,alt1,20260909749
749,4,set14,alt1,20260909750
749,4,set15,alt2,20260909750
749,4,set16,alt2,20260909750
749,4,set17,alt2,20260909750
749,4,set20,alt1,20260909750
749,4,set21,alt1,20260909750
749,4,set23,alt1,20260909750
749,4,set26,alt1,20260909750
749,4,set27,alt1,20260909750
749,4,set32,alt1,20260909750
749,4,set34,alt2,20260909750
749,4,set43,alt2,20260909750
750,2,set1,alt2,20260909751
750,2,set2,alt1,20260909751
750,2,set7,alt1,20260909751
750,2,set8,alt1,20260909751
750,2,set10,alt2,20260909751
750,2,set13,alt1,20260909751
750,2,set36,alt2,20260909751
750,2,set38,alt2,20260909751
750,2,set40,alt2,20260909751
750,2,set44,alt1,20260909751
750,2,set45,alt2,20260909751
750,2,set46,alt1,20260909751
751,3,set3,alt1,20260909752
751,3,set4,alt2,20260909752
751,3,set12,alt1,20260909752
751,3,set22,alt1,20260909752
751,3,set24,alt1,20260909752
751,3,set25,alt1,20260909752
751,3,set28,alt1,20260909752
751,3,set29,alt1,20260909752
751,3,set30,alt2,20260909752
751,3,set31,alt2,20260909752
751,3,set39,alt2,20260909752
751,3,set47,alt2,20260909752
752,4,set14,alt1,20260909753
752,4,set15,alt2,20260909753
752,4,set16,alt2,20260909753
752,4,set17,alt2,20260909753
752,4,set20,alt1,20260909753
752,4,set21,alt1,20260909753
752,4,set23,alt1,20260909753
752,4,set26,alt1,20260909753
752,4,set27,alt1,20260909753
752,4,set32,alt1,20260909753
752,4,set34,alt2,20260909753
752,4,set43,alt2,20260909753
753,1,set5,alt2,20260909754
753,1,set6,alt2,20260909754
753,1,set9,alt2,20260909754
753,1,set11,alt2,20260909754
753,1,set18,alt2,20260909754
753,1,set19,alt2,20260909754
753,1,set33,alt1,20260909754
753,1,set35,alt2,20260909754
753,1,set37,alt1,20260909754
753,1,set41,alt2,20260909754
753,1,set42,alt2,20260909754
753,1,set48,alt2,20260909754
754,3,set3,alt1,20260909755
754,3,set4,alt2,20260909755
754,3,set12,alt1,20260909755
754,3,set22,alt1,20260909755
754,3,set24,alt1,20260909755
754,3,set25,alt1,20260909755
754,3,set28,alt1,20260909755
754,3,set29,alt1,20260909755
754,3,set30,alt2,20260909755
754,3,set31,alt2,20260909755
754,3,set39,alt2,20260909755
754,3,set47,alt2,20260909755
755,3,set3,alt2,20260909756
755,3,set4,alt1,20260909756
755,3,set12,alt1,20260909756
755,3,set22,alt2,20260909756
755,3,set24,alt1,20260909756
755,3,set25,alt2,20260909756
755,3,set28,alt2,20260909756
755,3,set29,alt1,20260909756
755,3,set30,alt2,20260909756
755,3,set31,alt1,20260909756
755,3,set39,alt1,20260909756
755,3,set47,alt2,20260909756
756,4,set14,alt1,20260909757
756,4,set15,alt2,20260909757
756,4,set16,alt2,20260909757
756,4,set17,alt2,20260909757
756,4,set20,alt1,20260909757
756,4,set21,alt1,20260909757
756,4,set23,alt1,20260909757
756,4,set26,alt1,20260909757
756,4,set27,alt1,20260909757
756,4,set32,alt1,20260909757
756,4,set34,alt2,20260909757
756,4,set43,alt2,20260909757
757,2,set1,alt2,20260909758
757,2,set2,alt1,20260909758
757,2,set7,alt1,20260909758
757,2,set8,alt1,20260909758
757,2,set10,alt1,20260909758
757,2,set13,alt1,20260909758
757,2,set36,alt2,20260909758
757,2,set38,alt2,20260909758
757,2,set40,alt2,20260909758
757,2,set44,alt1,20260909758
757,2,set45,alt2,20260909758
757,2,set46,alt1,20260909758
758,4,set14,alt2,20260909759
758,4,set15,alt2,20260909759
758,4,set16,alt1,20260909759
758,4,set17,alt1,20260909759
758,4,set20,alt1,20260909759
758,4,set21,alt2,20260909759
758,4,set23,alt1,20260909759
758,4,set26,alt1,20260909759
758,4,set27,alt2,20260909759
758,4,set32,alt1,20260909759
758,4,set34,alt2,20260909759
758,4,set43,alt2,20260909759
759,4,set14,alt1,20260909760
759,4,set15,alt2,20260909760
759,4,set16,alt2,20260909760
759,4,set17,alt2,20260909760
759,4,set20,alt1,20260909760
759,4,set21,alt1,20260909760
759,4,set23,alt1,20260909760
759,4,set26,alt1,20260909760
759,4,set27,alt1,20260909760
759,4,set32,alt1,20260909760
759,4,set34,alt2,20260909760
759,4,set43,alt2,20260909760
760,1,set5,alt2,20260909761
760,1,set6,alt2,20260909761
760,1,set9,alt2,20260909761
760,1,set11,alt2,20260909761
760,1,set18,alt2,20260909761
760,1,set19,alt2,20260909761
760,1,set33,alt1,20260909761
760,1,set35,alt2,20260909761
760,1,set37,alt1,20260909761
760,1,set41,alt2,20260909761
760,1,set42,alt2,20260909761
760,1,set48,alt2,20260909761
761,3,set3,alt1,20260909762
761,3,set4,alt2,20260909762
761,3,set12,alt1,20260909762
761,3,set22,alt1,20260909762
761,3,set24,alt1,20260909762
761,3,set25,alt1,20260909762
761,3,set28,alt1,20260909762
761,3,set29,alt1,20260909762
761,3,set30,alt2,20260909762
761,3,set31,alt2,20260909762
761,3,set39,alt2,20260909762
761,3,set47,alt2,20260909762
762,2,set1,alt2,20260909763
762,2,set2,alt1,20260909763
762,2,set7,alt2,20260909763
762,2,set8,alt1,20260909763
762,2,set10,alt2,20260909763
762,2,set13,alt1,20260909763
762,2,set36,alt2,20260909763
762,2,set38,alt1,20260909763
762,2,set40,alt2,20260909763
762,2,set44,alt2,20260909763
762,2,set45,alt2,20260909763
762,2,set46,alt2,20260909763
763,4,set14,alt2,20260909764
763,4,set15,alt2,20260909764
763,4,set16,alt1,20260909764
763,4,set17,alt1,20260909764
763,4,set20,alt1,20260909764
763,4,set21,alt2,20260909764
763,4,set23,alt1,20260909764
763,4,set26,alt1,20260909764
763,4,set27,alt2,20260909764
763,4,set32,alt1,20260909764
763,4,set34,alt2,20260909764
763,4,set43,alt2,20260909764
764,3,set3,alt1,20260909765
764,3,set4,alt2,20260909765
764,3,set12,alt1,20260909765
764,3,set22,alt1,20260909765
764,3,set24,alt1,20260909765
764,3,set25,alt1,20260909765
764,3,set28,alt1,20260909765
764,3,set29,alt1,20260909765
764,3,set30,alt2,20260909765
764,3,set31,alt2,20260909765
764,3,set39,alt2,20260909765
764,3,set47,alt2,20260909765
765,4,set14,alt2,20260909766
765,4,set15,alt2,20260909766
765,4,set16,alt1,20260909766
765,4,set17,alt1,20260909766
765,4,set20,alt1,20260909766
765,4,set21,alt1,20260909766
765,4,set23,alt1,20260909766
765,4,set26,alt1,20260909766
765,4,set27,alt2,20260909766
765,4,set32,alt1,20260909766
765,4,set34,alt2,20260909766
765,4,set43,alt1,20260909766
766,1,set5,alt2,20260909767
766,1,set6,alt1,20260909767
766,1,set9,alt2,20260909767
766,1,set11,alt2,20260909767
766,1,set18,alt2,20260909767
766,1,set19,alt2,20260909767
766,1,set33,alt1,20260909767
766,1,set35,alt2,20260909767
766,1,set37,alt1,20260909767
766,1,set41,alt1,20260909767
766,1,set42,alt2,20260909767
766,1,set48,alt2,20260909767
767,2,set1,alt2,20260909768
767,2,set2,alt1,20260909768
767,2,set7,alt1,20260909768
767,2,set8,alt1,20260909768
767,2,set10,alt1,20260909768
767,2,set13,alt1,20260909768
767,2,set36,alt2,20260909768
767,2,set38,alt2,20260909768
767,2,set40,alt2,20260909768
767,2,set44,alt1,20260909768
767,2,set45,alt2,20260909768
767,2,set46,alt1,20260909768
768,3,set3,alt2,20260909769
768,3,set4,alt2,20260909769
768,3,set12,alt1,20260909769
768,3,set22,alt2,20260909769
768,3,set24,alt1,20260909769
768,3,set25,alt1,20260909769
768,3,set28,alt1,20260909769
768,3,set29,alt1,20260909769
768,3,set30,alt2,20260909769
768,3,set31,alt2,20260909769
768,3,set39,alt2,20260909769
768,3,set47,alt2,20260909769
769,1,set5,alt2,20260909770
769,1,set6,alt2,20260909770
769,1,set9,alt2,20260909770
769,1,set11,alt2,20260909770
769,1,set18,alt2,20260909770
769,1,set19,alt2,20260909770
769,1,set33,alt1,20260909770
769,1,set35,alt2,20260909770
769,1,set37,alt1,20260909770
769,1,set41,alt2,20260909770
769,1,set42,alt2,20260909770
769,1,set48,alt2,20260909770
770,1,set5,alt2,20260909771
770,1,set6,alt1,20260909771
770,1,set9,alt2,20260909771
770,1,set11,alt2,20260909771
770,1,set18,alt2,20260909771
770,1,set19,alt2,20260909771
770,1,set33,alt1,20260909771
770,1,set35,alt2,20260909771
770,1,set37,alt1,20260909771
770,1,set41,alt1,20260909771
770,1,set42,alt2,20260909771
770,1,set48,alt2,20260909771
771,1,set5,alt2,20260909772
771,1,set6,alt2,20260909772
771,1,set9,alt2,20260909772
771,1,set11,alt2,20260909772
771,1,set18,alt1,20260909772
771,1,set19,alt2,20260909772
771,1,set33,alt1,20260909772
771,1,set35,alt2,20260909772
771,1,set37,alt1,20260909772
771,1,set41,alt1,20260909772
771,1,set42,alt2,20260909772
771,1,set48,alt2,20260909772
772,1,set5,alt2,20260909773
772,1,set6,alt2,20260909773
772,1,set9,alt2,20260909773
772,1,set11,alt2,20260909773
772,1,set18,alt2,20260909773
772,1,set19,alt1,20260909773
772,1,set33,alt1,20260909773
772,1,set35,alt2,20260909773
772,1,set37,alt1,20260909773
772,1,set41,alt2,20260909773
772,1,set42,alt2,20260909773
772,1,set48,alt2,20260909773
773,1,set5,alt1,20260909774
773,1,set6,alt1,20260909774
773,1,set9,alt1,20260909774
773,1,set11,alt2,20260909774
773,1,set18,alt1,20260909774
773,1,set19,alt1,20260909774
773,1,set33,alt2,20260909774
773,1,set35,alt2,20260909774
773,1,set37,alt1,20260909774
773,1,set41,alt1,20260909774
773,1,set42,alt2,20260909774
773,1,set48,alt2,20260909774
774,3,set3,alt1,20260909775
774,3,set4,alt2,20260909775
774,3,set12,alt1,20260909775
774,3,set22,alt1,20260909775
774,3,set24,alt1,20260909775
774,3,set25,alt1,20260909775
774,3,set28,alt1,20260909775
774,3,set29,alt1,20260909775
774,3,set30,alt2,20260909775
774,3,set31,alt2,20260909775
774,3,set39,alt2,20260909775
774,3,set47,alt2,20260909775
775,2,set1,alt2,20260909776
775,2,set2,alt1,20260909776
775,2,set7,alt1,20260909776
775,2,set8,alt1,20260909776
775,2,set10,alt2,20260909776
775,2,set13,alt1,20260909776
775,2,set36,alt2,20260909776
775,2,set38,alt2,20260909776
775,2,set40,alt2,20260909776
775,2,set44,alt1,20260909776
775,2,set45,alt2,20260909776
775,2,set46,alt1,20260909776
776,4,set14,alt1,20260909777
776,4,set15,alt2,20260909777
776,4,set16,alt2,20260909777
776,4,set17,alt2,20260909777
776,4,set20,alt1,20260909777
776,4,set21,alt1,20260909777
776,4,set23,alt1,20260909777
776,4,set26,alt1,20260909777
776,4,set27,alt1,20260909777
776,4,set32,alt1,20260909777
776,4,set34,alt2,20260909777
776,4,set43,alt2,20260909777
777,4,set14,alt1,20260909778
777,4,set15,alt2,20260909778
777,4,set16,alt1,20260909778
777,4,set17,alt2,20260909778
777,4,set20,alt1,20260909778
777,4,set21,alt1,20260909778
777,4,set23,alt1,20260909778
777,4,set26,alt1,20260909778
777,4,set27,alt1,20260909778
777,4,set32,alt1,20260909778
777,4,set34,alt1,20260909778
777,4,set43,alt1,20260909778
778,3,set3,alt1,20260909779
778,3,set4,alt2,20260909779
778,3,set12,alt1,20260909779
778,3,set22,alt1,20260909779
778,3,set24,alt1,20260909779
778,3,set25,alt1,20260909779
778,3,set28,alt1,20260909779
778,3,set29,alt1,20260909779
778,3,set30,alt2,20260909779
778,3,set31,alt2,20260909779
778,3,set39,alt2,20260909779
778,3,set47,alt2,20260909779
779,1,set5,alt2,20260909780
779,1,set6,alt1,20260909780
779,1,set9,alt2,20260909780
779,1,set11,alt2,20260909780
779,1,set18,alt2,20260909780
779,1,set19,alt2,20260909780
779,1,set33,alt1,20260909780
779,1,set35,alt2,20260909780
779,1,set37,alt1,20260909780
779,1,set41,alt1,20260909780
779,1,set42,alt2,20260909780
779,1,set48,alt2,20260909780
780,3,set3,alt2,20260909781
780,3,set4,alt1,20260909781
780,3,set12,alt1,20260909781
780,3,set22,alt2,20260909781
780,3,set24,alt1,20260909781
780,3,set25,alt2,20260909781
780,3,set28,alt2,20260909781
780,3,set29,alt1,20260909781
780,3,set30,alt2,20260909781
780,3,set31,alt1,20260909781
780,3,set39,alt1,20260909781
780,3,set47,alt2,20260909781
781,4,set14,alt1,20260909782
781,4,set15,alt1,20260909782
781,4,set16,alt1,20260909782
781,4,set17,alt1,20260909782
781,4,set20,alt1,20260909782
781,4,set21,alt1,20260909782
781,4,set23,alt1,20260909782
781,4,set26,alt1,20260909782
781,4,set27,alt1,20260909782
781,4,set32,alt1,20260909782
781,4,set34,alt2,20260909782
781,4,set43,alt1,20260909782
782,2,set1,alt2,20260909783
782,2,set2,alt1,20260909783
782,2,set7,alt1,20260909783
782,2,set8,alt1,20260909783
782,2,set10,alt1,20260909783
782,2,set13,alt1,20260909783
782,2,set36,alt2,20260909783
782,2,set38,alt2,20260909783
782,2,set40,alt2,20260909783
782,2,set44,alt1,20260909783
782,2,set45,alt2,20260909783
782,2,set46,alt1,20260909783
783,1,set5,alt2,20260909784
783,1,set6,alt2,20260909784
783,1,set9,alt2,20260909784
783,1,set11,alt2,20260909784
783,1,set18,alt2,20260909784
783,1,set19,alt1,20260909784
783,1,set33,alt1,20260909784
783,1,set35,alt2,20260909784
783,1,set37,alt1,20260909784
783,1,set41,alt2,20260909784
783,1,set42,alt2,20260909784
783,1,set48,alt2,20260909784
784,3,set3,alt1,20260909785
784,3,set4,alt2,20260909785
784,3,set12,alt1,20260909785
784,3,set22,alt1,20260909785
784,3,set24,alt1,20260909785
784,3,set25,alt1,20260909785
784,3,set28,alt1,20260909785
784,3,set29,alt1,20260909785
784,3,set30,alt2,20260909785
784,3,set31,alt2,20260909785
784,3,set39,alt2,20260909785
784,3,set47,alt2,20260909785
785,3,set3,alt1,20260909786
785,3,set4,alt2,20260909786
785,3,set12,alt1,20260909786
785,3,set22,alt1,20260909786
785,3,set24,alt1,20260909786
785,3,set25,alt1,20260909786
785,3,set28,alt1,20260909786
785,3,set29,alt1,20260909786
785,3,set30,alt2,20260909786
785,3,set31,alt2,20260909786
785,3,set39,alt2,20260909786
785,3,set47,alt2,20260909786
786,2,set1,alt2,20260909787
786,2,set2,alt1,20260909787
786,2,set7,alt1,20260909787
786,2,set8,alt1,20260909787
786,2,set10,alt2,20260909787
786,2,set13,alt1,20260909787
786,2,set36,alt2,20260909787
786,2,set38,alt2,20260909787
786,2,set40,alt2,20260909787
786,2,set44,alt1,20260909787
786,2,set45,alt2,20260909787
786,2,set46,alt1,20260909787
787,2,set1,alt2,20260909788
787,2,set2,alt1,20260909788
787,2,set7,alt2,20260909788
787,2,set8,alt1,20260909788
787,2,set10,alt2,20260909788
787,2,set13,alt1,20260909788
787,2,set36,alt2,20260909788
787,2,set38,alt1,20260909788
787,2,set40,alt2,20260909788
787,2,set44,alt2,20260909788
787,2,set45,alt2,20260909788
787,2,set46,alt2,20260909788
788,4,set14,alt1,20260909789
788,4,set15,alt2,20260909789
788,4,set16,alt1,20260909789
788,4,set17,alt2,20260909789
788,4,set20,alt1,20260909789
788,4,set21,alt1,20260909789
788,4,set23,alt1,20260909789
788,4,set26,alt1,20260909789
788,4,set27,alt1,20260909789
788,4,set32,alt1,20260909789
788,4,set34,alt1,20260909789
788,4,set43,alt1,20260909789
789,2,set1,alt2,20260909790
789,2,set2,alt1,20260909790
789,2,set7,alt1,20260909790
789,2,set8,alt1,20260909790
789,2,set10,alt1,20260909790
789,2,set13,alt1,20260909790
789,2,set36,alt2,20260909790
789,2,set38,alt2,20260909790
789,2,set40,alt2,20260909790
789,2,set44,alt1,20260909790
789,2,set45,alt2,20260909790
789,2,set46,alt1,20260909790
790,2,set1,alt2,20260909791
790,2,set2,alt1,20260909791
790,2,set7,alt1,20260909791
790,2,set8,alt1,20260909791
790,2,set10,alt1,20260909791
790,2,set13,alt1,20260909791
790,2,set36,alt2,20260909791
790,2,set38,alt2,20260909791
790,2,set40,alt2,20260909791
790,2,set44,alt1,20260909791
790,2,set45,alt2,20260909791
790,2,set46,alt1,20260909791
791,3,set3,alt1,20260909792
791,3,set4,alt2,20260909792
791,3,set12,alt1,20260909792
791,3,set22,alt1,20260909792
791,3,set24,alt1,20260909792
791,3,set25,alt1,20260909792
791,3,set28,alt1,20260909792
791,3,set29,alt1,20260909792
791,3,set30,alt2,20260909792
791,3,set31,alt2,20260909792
791,3,set39,alt2,20260909792
791,3,set47,alt2,20260909792
792,3,set3,alt2,20260909793
792,3,set4,alt1,20260909793
792,3,set12,alt1,20260909793
792,3,set22,alt2,20260909793
792,3,set24,alt1,20260909793
792,3,set25,alt2,20260909793
792,3,set28,alt2,20260909793
792,3,set29,alt1,20260909793
792,3,set30,alt2,20260909793
792,3,set31,alt1,20260909793
792,3,set39,alt1,20260909793
792,3,set47,alt2,20260909793
793,1,set5,alt2,20260909794
793,1,set6,alt2,20260909794
793,1,set9,alt2,20260909794
793,1,set11,alt2,20260909794
793,1,set18,alt1,20260909794
793,1,set19,alt2,20260909794
793,1,set33,alt1,20260909794
793,1,set35,alt2,20260909794
793,1,set37,alt1,20260909794
793,1,set41,alt1,20260909794
793,1,set42,alt2,20260909794
793,1,set48,alt2,20260909794
794,1,set5,alt1,20260909795
794,1,set6,alt1,20260909795
794,1,set9,alt1,20260909795
794,1,set11,alt2,20260909795
794,1,set18,alt1,20260909795
794,1,set19,alt1,20260909795
794,1,set33,alt2,20260909795
794,1,set35,alt2,20260909795
794,1,set37,alt1,20260909795
794,1,set41,alt1,20260909795
794,1,set42,alt2,20260909795
794,1,set48,alt2,20260909795
795,3,set3,alt1,20260909796
795,3,set4,alt2,20260909796
795,3,set12,alt1,20260909796
795,3,set22,alt1,20260909796
795,3,set24,alt1,20260909796
795,3,set25,alt1,20260909796
795,3,set28,alt1,20260909796
795,3,set29,alt1,20260909796
795,3,set30,alt2,20260909796
795,3,set31,alt2,20260909796
795,3,set39,alt2,20260909796
795,3,set47,alt2,20260909796
796,3,set3,alt1,20260909797
796,3,set4,alt2,20260909797
796,3,set12,alt1,20260909797
796,3,set22,alt1,20260909797
796,3,set24,alt1,20260909797
796,3,set25,alt1,20260909797
796,3,set28,alt1,20260909797
796,3,set29,alt1,20260909797
796,3,set30,alt2,20260909797
796,3,set31,alt2,20260909797
796,3,set39,alt2,20260909797
796,3,set47,alt2,20260909797
797,1,set5,alt2,20260909798
797,1,set6,alt1,20260909798
797,1,set9,alt2,20260909798
797,1,set11,alt2,20260909798
797,1,set18,alt2,20260909798
797,1,set19,alt2,20260909798
797,1,set33,alt1,20260909798
797,1,set35,alt2,20260909798
797,1,set37,alt1,20260909798
797,1,set41,alt1,20260909798
797,1,set42,alt2,20260909798
797,1,set48,alt2,20260909798
798,2,set1,alt2,20260909799
798,2,set2,alt1,20260909799
798,2,set7,alt1,20260909799
798,2,set8,alt1,20260909799
798,2,set10,alt1,20260909799
798,2,set13,alt1,20260909799
798,2,set36,alt2,20260909799
798,2,set38,alt2,20260909799
798,2,set40,alt2,20260909799
798,2,set44,alt1,20260909799
798,2,set45,alt2,20260909799
798,2,set46,alt1,20260909799
799,4,set14,alt2,20260909800
799,4,set15,alt2,20260909800
799,4,set16,alt1,20260909800
799,4,set17,alt1,20260909800
799,4,set20,alt1,20260909800
799,4,set21,alt2,20260909800
799,4,set23,alt1,20260909800
799,4,set26,alt1,20260909800
799,4,set27,alt2,20260909800
799,4,set32,alt1,20260909800
799,4,set34,alt2,20260909800
799,4,set43,alt2,20260909800
800,2,set1,alt2,20260909801
800,2,set2,alt1,20260909801
800,2,set7,alt1,20260909801
800,2,set8,alt1,20260909801
800,2,set10,alt1,20260909801
800,2,set13,alt1,20260909801
800,2,set36,alt2,20260909801
800,2,set38,alt2,20260909801
800,2,set40,alt2,20260909801
800,2,set44,alt1,20260909801
800,2,set45,alt2,20260909801
800,2,set46,alt1,20260909801
801,3,set3,alt2,20260909802
801,3,set4,alt1,20260909802
801,3,set12,alt1,20260909802
801,3,set22,alt1,20260909802
801,3,set24,alt1,20260909802
801,3,set25,alt2,20260909802
801,3,set28,alt2,20260909802
801,3,set29,alt1,20260909802
801,3,set30,alt1,20260909802
801,3,set31,alt2,20260909802
801,3,set39,alt1,20260909802
801,3,set47,alt1,20260909802
802,2,set1,alt2,20260909803
802,2,set2,alt1,20260909803
802,2,set7,alt1,20260909803
802,2,set8,alt1,20260909803
802,2,set10,alt1,20260909803
802,2,set13,alt1,20260909803
802,2,set36,alt2,20260909803
802,2,set38,alt2,20260909803
802,2,set40,alt2,20260909803
802,2,set44,alt1,20260909803
802,2,set45,alt2,20260909803
802,2,set46,alt1,20260909803
803,3,set3,alt1,20260909804
803,3,set4,alt2,20260909804
803,3,set12,alt1,20260909804
803,3,set22,alt1,20260909804
803,3,set24,alt1,20260909804
803,3,set25,alt1,20260909804
803,3,set28,alt1,20260909804
803,3,set29,alt1,20260909804
803,3,set30,alt2,20260909804
803,3,set31,alt2,20260909804
803,3,set39,alt2,20260909804
803,3,set47,alt2,20260909804
804,4,set14,alt1,20260909805
804,4,set15,alt1,20260909805
804,4,set16,alt1,20260909805
804,4,set17,alt1,20260909805
804,4,set20,alt1,20260909805
804,4,set21,alt1,20260909805
804,4,set23,alt1,20260909805
804,4,set26,alt1,20260909805
804,4,set27,alt1,20260909805
804,4,set32,alt1,20260909805
804,4,set34,alt2,20260909805
804,4,set43,alt1,20260909805
805,2,set1,alt2,20260909806
805,2,set2,alt1,20260909806
805,2,set7,alt1,20260909806
805,2,set8,alt1,20260909806
805,2,set10,alt1,20260909806
805,2,set13,alt1,20260909806
805,2,set36,alt2,20260909806
805,2,set38,alt2,20260909806
805,2,set40,alt2,20260909806
805,2,set44,alt1,20260909806
805,2,set45,alt2,20260909806
805,2,set46,alt1,20260909806
806,1,set5,alt2,20260909807
806,1,set6,alt2,20260909807
806,1,set9,alt2,20260909807
806,1,set11,alt2,20260909807
806,1,set18,alt2,20260909807
806,1,set19,alt2,20260909807
806,1,set33,alt1,20260909807
806,1,set35,alt2,20260909807
806,1,set37,alt1,20260909807
806,1,set41,alt2,20260909807
806,1,set42,alt2,20260909807
806,1,set48,alt2,20260909807
807,3,set3,alt1,20260909808
807,3,set4,alt2,20260909808
807,3,set12,alt1,20260909808
807,3,set22,alt1,20260909808
807,3,set24,alt1,20260909808
807,3,set25,alt1,20260909808
807,3,set28,alt1,20260909808
807,3,set29,alt1,20260909808
807,3,set30,alt2,20260909808
807,3,set31,alt2,20260909808
807,3,set39,alt2,20260909808
807,3,set47,alt2,20260909808
808,3,set3,alt1,20260909809
808,3,set4,alt2,20260909809
808,3,set12,alt1,20260909809
808,3,set22,alt1,20260909809
808,3,set24,alt1,20260909809
808,3,set25,alt1,20260909809
808,3,set28,alt1,20260909809
808,3,set29,alt1,20260909809
808,3,set30,alt2,20260909809
808,3,set31,alt2,20260909809
808,3,set39,alt2,20260909809
808,3,set47,alt2,20260909809
809,1,set5,alt2,20260909810
809,1,set6,alt1,20260909810
809,1,set9,alt2,20260909810
809,1,set11,alt2,20260909810
809,1,set18,alt2,20260909810
809,1,set19,alt2,20260909810
809,1,set33,alt1,20260909810
809,1,set35,alt2,20260909810
809,1,set37,alt1,20260909810
809,1,set41,alt1,20260909810
809,1,set42,alt2,20260909810
809,1,set48,alt2,20260909810
810,1,set5,alt2,20260909811
810,1,set6,alt2,20260909811
810,1,set9,alt2,20260909811
810,1,set11,alt2,20260909811
810,1,set18,alt2,20260909811
810,1,set19,alt2,20260909811
810,1,set33,alt1,20260909811
810,1,set35,alt2,20260909811
810,1,set37,alt1,20260909811
810,1,set41,alt2,20260909811
810,1,set42,alt2,20260909811
810,1,set48,alt2,20260909811
811,2,set1,alt2,20260909812
811,2,set2,alt1,20260909812
811,2,set7,alt1,20260909812
811,2,set8,alt1,20260909812
811,2,set10,alt1,20260909812
811,2,set13,alt1,20260909812
811,2,set36,alt2,20260909812
811,2,set38,alt2,20260909812
811,2,set40,alt2,20260909812
811,2,set44,alt1,20260909812
811,2,set45,alt2,20260909812
811,2,set46,alt1,20260909812
812,4,set14,alt1,20260909813
812,4,set15,alt2,20260909813
812,4,set16,alt1,20260909813
812,4,set17,alt2,20260909813
812,4,set20,alt1,20260909813
812,4,set21,alt1,20260909813
812,4,set23,alt1,20260909813
812,4,set26,alt1,20260909813
812,4,set27,alt1,20260909813
812,4,set32,alt1,20260909813
812,4,set34,alt1,20260909813
812,4,set43,alt1,20260909813
813,2,set1,alt2,20260909814
813,2,set2,alt1,20260909814
813,2,set7,alt1,20260909814
813,2,set8,alt1,20260909814
813,2,set10,alt2,20260909814
813,2,set13,alt1,20260909814
813,2,set36,alt2,20260909814
813,2,set38,alt2,20260909814
813,2,set40,alt2,20260909814
813,2,set44,alt1,20260909814
813,2,set45,alt2,20260909814
813,2,set46,alt1,20260909814
814,2,set1,alt2,20260909815
814,2,set2,alt1,20260909815
814,2,set7,alt2,20260909815
814,2,set8,alt1,20260909815
814,2,set10,alt2,20260909815
814,2,set13,alt1,20260909815
814,2,set36,alt2,20260909815
814,2,set38,alt1,20260909815
814,2,set40,alt2,20260909815
814,2,set44,alt2,20260909815
814,2,set45,alt2,20260909815
814,2,set46,alt2,20260909815
815,1,set5,alt2,20260909816
815,1,set6,alt1,20260909816
815,1,set9,alt2,20260909816
815,1,set11,alt2,20260909816
815,1,set18,alt2,20260909816
815,1,set19,alt2,20260909816
815,1,set33,alt1,20260909816
815,1,set35,alt2,20260909816
815,1,set37,alt1,20260909816
815,1,set41,alt1,20260909816
815,1,set42,alt2,20260909816
815,1,set48,alt2,20260909816
816,1,set5,alt2,20260909817
816,1,set6,alt2,20260909817
816,1,set9,alt2,20260909817
816,1,set11,alt2,20260909817
816,1,set18,alt1,20260909817
816,1,set19,alt2,20260909817
816,1,set33,alt1,20260909817
816,1,set35,alt2,20260909817
816,1,set37,alt1,20260909817
816,1,set41,alt1,20260909817
816,1,set42,alt2,20260909817
816,1,set48,alt2,20260909817
817,1,set5,alt1,20260909818
817,1,set6,alt1,20260909818
817,1,set9,alt1,20260909818
817,1,set11,alt2,20260909818
817,1,set18,alt1,20260909818
817,1,set19,alt1,20260909818
817,1,set33,alt2,20260909818
817,1,set35,alt2,20260909818
817,1,set37,alt1,20260909818
817,1,set41,alt1,20260909818
817,1,set42,alt2,20260909818
817,1,set48,alt2,20260909818
818,3,set3,alt1,20260909819
818,3,set4,alt2,20260909819
818,3,set12,alt1,20260909819
818,3,set22,alt1,20260909819
818,3,set24,alt1,20260909819
818,3,set25,alt1,20260909819
818,3,set28,alt1,20260909819
818,3,set29,alt1,20260909819
818,3,set30,alt2,20260909819
818,3,set31,alt2,20260909819
818,3,set39,alt2,20260909819
818,3,set47,alt2,20260909819
819,1,set5,alt2,20260909820
819,1,set6,alt1,20260909820
819,1,set9,alt2,20260909820
819,1,set11,alt2,20260909820
819,1,set18,alt2,20260909820
819,1,set19,alt2,20260909820
819,1,set33,alt1,20260909820
819,1,set35,alt2,20260909820
819,1,set37,alt1,20260909820
819,1,set41,alt1,20260909820
819,1,set42,alt2,20260909820
819,1,set48,alt2,20260909820
820,2,set1,alt2,20260909821
820,2,set2,alt1,20260909821
820,2,set7,alt1,20260909821
820,2,set8,alt1,20260909821
820,2,set10,alt1,20260909821
820,2,set13,alt1,20260909821
820,2,set36,alt2,20260909821
820,2,set38,alt2,20260909821
820,2,set40,alt2,20260909821
820,2,set44,alt1,20260909821
820,2,set45,alt2,20260909821
820,2,set46,alt1,20260909821
821,3,set3,alt1,20260909822
821,3,set4,alt2,20260909822
821,3,set12,alt1,20260909822
821,3,set22,alt1,20260909822
821,3,set24,alt1,20260909822
821,3,set25,alt1,20260909822
821,3,set28,alt1,20260909822
821,3,set29,alt1,20260909822
821,3,set30,alt2,20260909822
821,3,set31,alt2,20260909822
821,3,set39,alt2,20260909822
821,3,set47,alt2,20260909822
822,4,set14,alt1,20260909823
822,4,set15,alt2,20260909823
822,4,set16,alt2,20260909823
822,4,set17,alt2,20260909823
822,4,set20,alt1,20260909823
822,4,set21,alt1,20260909823
822,4,set23,alt1,20260909823
822,4,set26,alt1,20260909823
822,4,set27,alt1,20260909823
822,4,set32,alt1,20260909823
822,4,set34,alt2,20260909823
822,4,set43,alt2,20260909823
823,1,set5,alt2,20260909824
823,1,set6,alt2,20260909824
823,1,set9,alt2,20260909824
823,1,set11,alt2,20260909824
823,1,set18,alt2,20260909824
823,1,set19,alt2,20260909824
823,1,set33,alt1,20260909824
823,1,set35,alt2,20260909824
823,1,set37,alt1,20260909824
823,1,set41,alt2,20260909824
823,1,set42,alt2,20260909824
823,1,set48,alt2,20260909824
824,2,set1,alt2,20260909825
824,2,set2,alt1,20260909825
824,2,set7,alt1,20260909825
824,2,set8,alt1,20260909825
824,2,set10,alt1,20260909825
824,2,set13,alt1,20260909825
824,2,set36,alt2,20260909825
824,2,set38,alt2,20260909825
824,2,set40,alt2,20260909825
824,2,set44,alt1,20260909825
824,2,set45,alt2,20260909825
824,2,set46,alt1,20260909825
825,2,set1,alt2,20260909826
825,2,set2,alt1,20260909826
825,2,set7,alt2,20260909826
825,2,set8,alt1,20260909826
825,2,set10,alt2,20260909826
825,2,set13,alt1,20260909826
825,2,set36,alt2,20260909826
825,2,set38,alt1,20260909826
825,2,set40,alt2,20260909826
825,2,set44,alt2,20260909826
825,2,set45,alt2,20260909826
825,2,set46,alt2,20260909826
826,2,set1,alt2,20260909827
826,2,set2,alt1,20260909827
826,2,set7,alt1,20260909827
826,2,set8,alt1,20260909827
826,2,set10,alt1,20260909827
826,2,set13,alt1,20260909827
826,2,set36,alt2,20260909827
826,2,set38,alt2,20260909827
826,2,set40,alt2,20260909827
826,2,set44,alt1,20260909827
826,2,set45,alt2,20260909827
826,2,set46,alt1,20260909827
827,2,set1,alt2,20260909828
827,2,set2,alt1,20260909828
827,2,set7,alt1,20260909828
827,2,set8,alt1,20260909828
827,2,set10,alt1,20260909828
827,2,set13,alt1,20260909828
827,2,set36,alt2,20260909828
827,2,set38,alt2,20260909828
827,2,set40,alt2,20260909828
827,2,set44,alt1,20260909828
827,2,set45,alt2,20260909828
827,2,set46,alt1,20260909828
828,1,set5,alt1,20260909829
828,1,set6,alt1,20260909829
828,1,set9,alt1,20260909829
828,1,set11,alt2,20260909829
828,1,set18,alt1,20260909829
828,1,set19,alt1,20260909829
828,1,set33,alt2,20260909829
828,1,set35,alt2,20260909829
828,1,set37,alt1,20260909829
828,1,set41,alt1,20260909829
828,1,set42,alt2,20260909829
828,1,set48,alt2,20260909829
829,4,set14,alt1,20260909830
829,4,set15,alt2,20260909830
829,4,set16,alt2,20260909830
829,4,set17,alt2,20260909830
829,4,set20,alt1,20260909830
829,4,set21,alt1,20260909830
829,4,set23,alt1,20260909830
829,4,set26,alt1,20260909830
829,4,set27,alt1,20260909830
829,4,set32,alt1,20260909830
829,4,set34,alt2,20260909830
829,4,set43,alt2,20260909830
830,1,set5,alt2,20260909831
830,1,set6,alt2,20260909831
830,1,set9,alt2,20260909831
830,1,set11,alt2,20260909831
830,1,set18,alt1,20260909831
830,1,set19,alt2,20260909831
830,1,set33,alt1,20260909831
830,1,set35,alt2,20260909831
830,1,set37,alt1,20260909831
830,1,set41,alt1,20260909831
830,1,set42,alt2,20260909831
830,1,set48,alt2,20260909831
831,2,set1,alt2,20260909832
831,2,set2,alt1,20260909832
831,2,set7,alt1,20260909832
831,2,set8,alt1,20260909832
831,2,set10,alt1,20260909832
831,2,set13,alt1,20260909832
831,2,set36,alt2,20260909832
831,2,set38,alt2,20260909832
831,2,set40,alt2,20260909832
831,2,set44,alt1,20260909832
831,2,set45,alt2,20260909832
831,2,set46,alt1,20260909832
832,3,set3,alt2,20260909833
832,3,set4,alt1,20260909833
832,3,set12,alt1,20260909833
832,3,set22,alt2,20260909833
832,3,set24,alt1,20260909833
832,3,set25,alt2,20260909833
832,3,set28,alt2,20260909833
832,3,set29,alt1,20260909833
832,3,set30,alt1,20260909833
832,3,set31,alt2,20260909833
832,3,set39,alt1,20260909833
832,3,set47,alt1,20260909833
833,2,set1,alt2,20260909834
833,2,set2,alt1,20260909834
833,2,set7,alt1,20260909834
833,2,set8,alt1,20260909834
833,2,set10,alt1,20260909834
833,2,set13,alt1,20260909834
833,2,set36,alt2,20260909834
833,2,set38,alt2,20260909834
833,2,set40,alt2,20260909834
833,2,set44,alt1,20260909834
833,2,set45,alt2,20260909834
833,2,set46,alt1,20260909834
834,2,set1,alt2,20260909835
834,2,set2,alt1,20260909835
834,2,set7,alt1,20260909835
834,2,set8,alt1,20260909835
834,2,set10,alt1,20260909835
834,2,set13,alt1,20260909835
834,2,set36,alt2,20260909835
834,2,set38,alt2,20260909835
834,2,set40,alt2,20260909835
834,2,set44,alt1,20260909835
834,2,set45,alt2,20260909835
834,2,set46,alt1,20260909835
835,2,set1,alt2,20260909836
835,2,set2,alt1,20260909836
835,2,set7,alt1,20260909836
835,2,set8,alt1,20260909836
835,2,set10,alt1,20260909836
835,2,set13,alt1,20260909836
835,2,set36,alt2,20260909836
835,2,set38,alt2,20260909836
835,2,set40,alt2,20260909836
835,2,set44,alt1,20260909836
835,2,set45,alt2,20260909836
835,2,set46,alt1,20260909836
836,2,set1,alt2,20260909837
836,2,set2,alt1,20260909837
836,2,set7,alt1,20260909837
836,2,set8,alt1,20260909837
836,2,set10,alt1,20260909837
836,2,set13,alt1,20260909837
836,2,set36,alt2,20260909837
836,2,set38,alt2,20260909837
836,2,set40,alt2,20260909837
836,2,set44,alt1,20260909837
836,2,set45,alt2,20260909837
836,2,set46,alt1,20260909837
837,1,set5,alt1,20260909838
837,1,set6,alt2,20260909838
837,1,set9,alt1,20260909838
837,1,set11,alt2,20260909838
837,1,set18,alt1,20260909838
837,1,set19,alt2,20260909838
837,1,set33,alt1,20260909838
837,1,set35,alt2,20260909838
837,1,set37,alt1,20260909838
837,1,set41,alt1,20260909838
837,1,set42,alt1,20260909838
837,1,set48,alt2,20260909838
838,4,set14,alt1,20260909839
838,4,set15,alt2,20260909839
838,4,set16,alt2,20260909839
838,4,set17,alt2,20260909839
838,4,set20,alt1,20260909839
838,4,set21,alt1,20260909839
838,4,set23,alt1,20260909839
838,4,set26,alt1,20260909839
838,4,set27,alt1,20260909839
838,4,set32,alt1,20260909839
838,4,set34,alt2,20260909839
838,4,set43,alt2,20260909839
839,1,set5,alt2,20260909840
839,1,set6,alt2,20260909840
839,1,set9,alt2,20260909840
839,1,set11,alt2,20260909840
839,1,set18,alt2,20260909840
839,1,set19,alt2,20260909840
839,1,set33,alt1,20260909840
839,1,set35,alt2,20260909840
839,1,set37,alt1,20260909840
839,1,set41,alt2,20260909840
839,1,set42,alt2,20260909840
839,1,set48,alt2,20260909840
840,4,set14,alt1,20260909841
840,4,set15,alt2,20260909841
840,4,set16,alt2,20260909841
840,4,set17,alt2,20260909841
840,4,set20,alt1,20260909841
840,4,set21,alt1,20260909841
840,4,set23,alt1,20260909841
840,4,set26,alt1,20260909841
840,4,set27,alt1,20260909841
840,4,set32,alt1,20260909841
840,4,set34,alt2,20260909841
840,4,set43,alt2,20260909841
841,3,set3,alt1,20260909842
841,3,set4,alt2,20260909842
841,3,set12,alt1,20260909842
841,3,set22,alt1,20260909842
841,3,set24,alt1,20260909842
841,3,set25,alt1,20260909842
841,3,set28,alt1,20260909842
841,3,set29,alt1,20260909842
841,3,set30,alt2,20260909842
841,3,set31,alt2,20260909842
841,3,set39,alt2,20260909842
841,3,set47,alt2,20260909842
842,4,set14,alt1,20260909843
842,4,set15,alt2,20260909843
842,4,set16,alt1,20260909843
842,4,set17,alt2,20260909843
842,4,set20,alt1,20260909843
842,4,set21,alt1,20260909843
842,4,set23,alt1,20260909843
842,4,set26,alt1,20260909843
842,4,set27,alt1,20260909843
842,4,set32,alt1,20260909843
842,4,set34,alt1,20260909843
842,4,set43,alt1,20260909843
843,2,set1,alt2,20260909844
843,2,set2,alt1,20260909844
843,2,set7,alt1,20260909844
843,2,set8,alt1,20260909844
843,2,set10,alt1,20260909844
843,2,set13,alt1,20260909844
843,2,set36,alt2,20260909844
843,2,set38,alt2,20260909844
843,2,set40,alt2,20260909844
843,2,set44,alt1,20260909844
843,2,set45,alt2,20260909844
843,2,set46,alt1,20260909844
844,3,set3,alt2,20260909845
844,3,set4,alt2,20260909845
844,3,set12,alt1,20260909845
844,3,set22,alt2,20260909845
844,3,set24,alt1,20260909845
844,3,set25,alt1,20260909845
844,3,set28,alt1,20260909845
844,3,set29,alt1,20260909845
844,3,set30,alt2,20260909845
844,3,set31,alt2,20260909845
844,3,set39,alt2,20260909845
844,3,set47,alt2,20260909845
845,2,set1,alt2,20260909846
845,2,set2,alt1,20260909846
845,2,set7,alt1,20260909846
845,2,set8,alt1,20260909846
845,2,set10,alt1,20260909846
845,2,set13,alt1,20260909846
845,2,set36,alt2,20260909846
845,2,set38,alt2,20260909846
845,2,set40,alt2,20260909846
845,2,set44,alt1,20260909846
845,2,set45,alt2,20260909846
845,2,set46,alt1,20260909846
846,4,set14,alt1,20260909847
846,4,set15,alt2,20260909847
846,4,set16,alt2,20260909847
846,4,set17,alt2,20260909847
846,4,set20,alt1,20260909847
846,4,set21,alt1,20260909847
846,4,set23,alt1,20260909847
846,4,set26,alt1,20260909847
846,4,set27,alt1,20260909847
846,4,set32,alt1,20260909847
846,4,set34,alt2,20260909847
846,4,set43,alt2,20260909847
847,1,set5,alt2,20260909848
847,1,set6,alt1,20260909848
847,1,set9,alt2,20260909848
847,1,set11,alt2,20260909848
847,1,set18,alt2,20260909848
847,1,set19,alt2,20260909848
847,1,set33,alt1,20260909848
847,1,set35,alt2,20260909848
847,1,set37,alt1,20260909848
847,1,set41,alt1,20260909848
847,1,set42,alt2,20260909848
847,1,set48,alt2,20260909848
848,4,set14,alt1,20260909849
848,4,set15,alt2,20260909849
848,4,set16,alt2,20260909849
848,4,set17,alt2,20260909849
848,4,set20,alt1,20260909849
848,4,set21,alt1,20260909849
848,4,set23,alt1,20260909849
848,4,set26,alt1,20260909849
848,4,set27,alt1,20260909849
848,4,set32,alt1,20260909849
848,4,set34,alt2,20260909849
848,4,set43,alt2,20260909849
849,1,set5,alt2,20260909850
849,1,set6,alt1,20260909850
849,1,set9,alt2,20260909850
849,1,set11,alt2,20260909850
849,1,set18,alt2,20260909850
849,1,set19,alt2,20260909850
849,1,set33,alt1,20260909850
849,1,set35,alt2,20260909850
849,1,set37,alt1,20260909850
849,1,set41,alt1,20260909850
849,1,set42,alt2,20260909850
849,1,set48,alt2,20260909850
850,2,set1,alt2,20260909851
850,2,set2,alt1,20260909851
850,2,set7,alt1,20260909851
850,2,set8,alt1,20260909851
850,2,set10,alt1,20260909851
850,2,set13,alt1,20260909851
850,2,set36,alt2,20260909851
850,2,set38,alt2,20260909851
850,2,set40,alt2,20260909851
850,2,set44,alt1,20260909851
850,2,set45,alt2,20260909851
850,2,set46,alt1,20260909851
851,1,set5,alt1,20260909852
851,1,set6,alt2,20260909852
851,1,set9,alt1,20260909852
851,1,set11,alt2,20260909852
851,1,set18,alt1,20260909852
851,1,set19,alt2,20260909852
851,1,set33,alt1,20260909852
851,1,set35,alt2,20260909852
851,1,set37,alt1,20260909852
851,1,set41,alt1,20260909852
851,1,set42,alt1,20260909852
851,1,set48,alt2,20260909852
852,1,set5,alt2,20260909853
852,1,set6,alt1,20260909853
852,1,set9,alt2,20260909853
852,1,set11,alt2,20260909853
852,1,set18,alt2,20260909853
852,1,set19,alt2,20260909853
852,1,set33,alt1,20260909853
852,1,set35,alt2,20260909853
852,1,set37,alt1,20260909853
852,1,set41,alt1,20260909853
852,1,set42,alt2,20260909853
852,1,set48,alt2,20260909853
853,3,set3,alt2,20260909854
853,3,set4,alt2,20260909854
853,3,set12,alt1,20260909854
853,3,set22,alt2,20260909854
853,3,set24,alt1,20260909854
853,3,set25,alt1,20260909854
853,3,set28,alt1,20260909854
853,3,set29,alt1,20260909854
853,3,set30,alt2,20260909854
853,3,set31,alt2,20260909854
853,3,set39,alt2,20260909854
853,3,set47,alt2,20260909854
854,1,set5,alt2,20260909855
854,1,set6,alt2,20260909855
854,1,set9,alt2,20260909855
854,1,set11,alt2,20260909855
854,1,set18,alt2,20260909855
854,1,set19,alt2,20260909855
854,1,set33,alt1,20260909855
854,1,set35,alt2,20260909855
854,1,set37,alt1,20260909855
854,1,set41,alt2,20260909855
854,1,set42,alt2,20260909855
854,1,set48,alt2,20260909855
855,3,set3,alt2,20260909856
855,3,set4,alt2,20260909856
855,3,set12,alt1,20260909856
855,3,set22,alt2,20260909856
855,3,set24,alt1,20260909856
855,3,set25,alt1,20260909856
855,3,set28,alt1,20260909856
855,3,set29,alt1,20260909856
855,3,set30,alt2,20260909856
855,3,set31,alt2,20260909856
855,3,set39,alt2,20260909856
855,3,set47,alt2,20260909856
856,4,set14,alt2,20260909857
856,4,set15,alt2,20260909857
856,4,set16,alt1,20260909857
856,4,set17,alt1,20260909857
856,4,set20,alt1,20260909857
856,4,set21,alt1,20260909857
856,4,set23,alt1,20260909857
856,4,set26,alt1,20260909857
856,4,set27,alt2,20260909857
856,4,set32,alt1,20260909857
856,4,set34,alt2,20260909857
856,4,set43,alt1,20260909857
857,3,set3,alt1,20260909858
857,3,set4,alt2,20260909858
857,3,set12,alt1,20260909858
857,3,set22,alt1,20260909858
857,3,set24,alt1,20260909858
857,3,set25,alt1,20260909858
857,3,set28,alt1,20260909858
857,3,set29,alt1,20260909858
857,3,set30,alt2,20260909858
857,3,set31,alt2,20260909858
857,3,set39,alt2,20260909858
857,3,set47,alt2,20260909858
858,1,set5,alt2,20260909859
858,1,set6,alt1,20260909859
858,1,set9,alt2,20260909859
858,1,set11,alt2,20260909859
858,1,set18,alt2,20260909859
858,1,set19,alt2,20260909859
858,1,set33,alt1,20260909859
858,1,set35,alt2,20260909859
858,1,set37,alt1,20260909859
858,1,set41,alt1,20260909859
858,1,set42,alt2,20260909859
858,1,set48,alt2,20260909859
859,4,set14,alt1,20260909860
859,4,set15,alt2,20260909860
859,4,set16,alt2,20260909860
859,4,set17,alt2,20260909860
859,4,set20,alt1,20260909860
859,4,set21,alt1,20260909860
859,4,set23,alt1,20260909860
859,4,set26,alt1,20260909860
859,4,set27,alt1,20260909860
859,4,set32,alt1,20260909860
859,4,set34,alt2,20260909860
859,4,set43,alt2,20260909860
860,4,set14,alt1,20260909861
860,4,set15,alt2,20260909861
860,4,set16,alt2,20260909861
860,4,set17,alt2,20260909861
860,4,set20,alt1,20260909861
860,4,set21,alt1,20260909861
860,4,set23,alt1,20260909861
860,4,set26,alt1,20260909861
860,4,set27,alt1,20260909861
860,4,set32,alt1,20260909861
860,4,set34,alt2,20260909861
860,4,set43,alt2,20260909861
861,4,set14,alt1,20260909862
861,4,set15,alt2,20260909862
861,4,set16,alt2,20260909862
861,4,set17,alt2,20260909862
861,4,set20,alt1,20260909862
861,4,set21,alt1,20260909862
861,4,set23,alt1,20260909862
861,4,set26,alt1,20260909862
861,4,set27,alt1,20260909862
861,4,set32,alt1,20260909862
861,4,set34,alt2,20260909862
861,4,set43,alt2,20260909862
862,1,set5,alt2,20260909863
862,1,set6,alt2,20260909863
862,1,set9,alt2,20260909863
862,1,set11,alt2,20260909863
862,1,set18,alt2,20260909863
862,1,set19,alt2,20260909863
862,1,set33,alt1,20260909863
862,1,set35,alt2,20260909863
862,1,set37,alt1,20260909863
862,1,set41,alt2,20260909863
862,1,set42,alt2,20260909863
862,1,set48,alt2,20260909863
863,3,set3,alt2,20260909864
863,3,set4,alt2,20260909864
863,3,set12,alt1,20260909864
863,3,set22,alt2,20260909864
863,3,set24,alt1,20260909864
863,3,set25,alt1,20260909864
863,3,set28,alt1,20260909864
863,3,set29,alt1,20260909864
863,3,set30,alt2,20260909864
863,3,set31,alt2,20260909864
863,3,set39,alt2,20260909864
863,3,set47,alt2,20260909864
864,1,set5,alt2,20260909865
864,1,set6,alt1,20260909865
864,1,set9,alt2,20260909865
864,1,set11,alt2,20260909865
864,1,set18,alt2,20260909865
864,1,set19,alt2,20260909865
864,1,set33,alt1,20260909865
864,1,set35,alt2,20260909865
864,1,set37,alt1,20260909865
864,1,set41,alt1,20260909865
864,1,set42,alt2,20260909865
864,1,set48,alt2,20260909865
865,4,set14,alt1,20260909866
865,4,set15,alt2,20260909866
865,4,set16,alt2,20260909866
865,4,set17,alt2,20260909866
865,4,set20,alt1,20260909866
865,4,set21,alt1,20260909866
865,4,set23,alt1,20260909866
865,4,set26,alt1,20260909866
865,4,set27,alt1,20260909866
865,4,set32,alt1,20260909866
865,4,set34,alt2,20260909866
865,4,set43,alt2,20260909866
866,2,set1,alt2,20260909867
866,2,set2,alt1,20260909867
866,2,set7,alt2,20260909867
866,2,set8,alt1,20260909867
866,2,set10,alt2,20260909867
866,2,set13,alt1,20260909867
866,2,set36,alt2,20260909867
866,2,set38,alt1,20260909867
866,2,set40,alt2,20260909867
866,2,set44,alt2,20260909867
866,2,set45,alt2,20260909867
866,2,set46,alt2,20260909867
867,3,set3,alt1,20260909868
867,3,set4,alt2,20260909868
867,3,set12,alt1,20260909868
867,3,set22,alt1,20260909868
867,3,set24,alt1,20260909868
867,3,set25,alt1,20260909868
867,3,set28,alt1,20260909868
867,3,set29,alt1,20260909868
867,3,set30,alt2,20260909868
867,3,set31,alt2,20260909868
867,3,set39,alt2,20260909868
867,3,set47,alt2,20260909868
868,1,set5,alt2,20260909869
868,1,set6,alt1,20260909869
868,1,set9,alt2,20260909869
868,1,set11,alt2,20260909869
868,1,set18,alt2,20260909869
868,1,set19,alt2,20260909869
868,1,set33,alt1,20260909869
868,1,set35,alt2,20260909869
868,1,set37,alt1,20260909869
868,1,set41,alt1,20260909869
868,1,set42,alt2,20260909869
868,1,set48,alt2,20260909869
869,4,set14,alt1,20260909870
869,4,set15,alt1,20260909870
869,4,set16,alt1,20260909870
869,4,set17,alt1,20260909870
869,4,set20,alt1,20260909870
869,4,set21,alt1,20260909870
869,4,set23,alt1,20260909870
869,4,set26,alt1,20260909870
869,4,set27,alt1,20260909870
869,4,set32,alt1,20260909870
869,4,set34,alt2,20260909870
869,4,set43,alt1,20260909870
870,2,set1,alt2,20260909871
870,2,set2,alt1,20260909871
870,2,set7,alt2,20260909871
870,2,set8,alt1,20260909871
870,2,set10,alt2,20260909871
870,2,set13,alt1,20260909871
870,2,set36,alt2,20260909871
870,2,set38,alt1,20260909871
870,2,set40,alt2,20260909871
870,2,set44,alt2,20260909871
870,2,set45,alt2,20260909871
870,2,set46,alt2,20260909871
871,1,set5,alt1,20260909872
871,1,set6,alt1,20260909872
871,1,set9,alt1,20260909872
871,1,set11,alt2,20260909872
871,1,set18,alt1,20260909872
871,1,set19,alt1,20260909872
871,1,set33,alt2,20260909872
871,1,set35,alt2,20260909872
871,1,set37,alt1,20260909872
871,1,set41,alt1,20260909872
871,1,set42,alt2,20260909872
871,1,set48,alt2,20260909872
872,1,set5,alt2,20260909873
872,1,set6,alt2,20260909873
872,1,set9,alt2,20260909873
872,1,set11,alt2,20260909873
872,1,set18,alt2,20260909873
872,1,set19,alt2,20260909873
872,1,set33,alt1,20260909873
872,1,set35,alt2,20260909873
872,1,set37,alt1,20260909873
872,1,set41,alt2,20260909873
872,1,set42,alt2,20260909873
872,1,set48,alt2,20260909873
873,2,set1,alt2,20260909874
873,2,set2,alt1,20260909874
873,2,set7,alt1,20260909874
873,2,set8,alt1,20260909874
873,2,set10,alt1,20260909874
873,2,set13,alt1,20260909874
873,2,set36,alt2,20260909874
873,2,set38,alt2,20260909874
873,2,set40,alt2,20260909874
873,2,set44,alt1,20260909874
873,2,set45,alt2,20260909874
873,2,set46,alt1,20260909874
874,4,set14,alt1,20260909875
874,4,set15,alt2,20260909875
874,4,set16,alt2,20260909875
874,4,set17,alt2,20260909875
874,4,set20,alt1,20260909875
874,4,set21,alt1,20260909875
874,4,set23,alt1,20260909875
874,4,set26,alt1,20260909875
874,4,set27,alt1,20260909875
874,4,set32,alt1,20260909875
874,4,set34,alt2,20260909875
874,4,set43,alt2,20260909875
875,3,set3,alt2,20260909876
875,3,set4,alt1,20260909876
875,3,set12,alt1,20260909876
875,3,set22,alt2,20260909876
875,3,set24,alt1,20260909876
875,3,set25,alt2,20260909876
875,3,set28,alt2,20260909876
875,3,set29,alt1,20260909876
875,3,set30,alt1,20260909876
875,3,set31,alt2,20260909876
875,3,set39,alt1,20260909876
875,3,set47,alt1,20260909876
876,1,set5,alt2,20260909877
876,1,set6,alt1,20260909877
876,1,set9,alt2,20260909877
876,1,set11,alt2,20260909877
876,1,set18,alt2,20260909877
876,1,set19,alt2,20260909877
876,1,set33,alt1,20260909877
876,1,set35,alt2,20260909877
876,1,set37,alt1,20260909877
876,1,set41,alt1,20260909877
876,1,set42,alt2,20260909877
876,1,set48,alt2,20260909877
877,3,set3,alt2,20260909878
877,3,set4,alt2,20260909878
877,3,set12,alt1,20260909878
877,3,set22,alt2,20260909878
877,3,set24,alt1,20260909878
877,3,set25,alt1,20260909878
877,3,set28,alt1,20260909878
877,3,set29,alt1,20260909878
877,3,set30,alt2,20260909878
877,3,set31,alt2,20260909878
877,3,set39,alt2,20260909878
877,3,set47,alt2,20260909878
878,1,set5,alt2,20260909879
878,1,set6,alt2,20260909879
878,1,set9,alt2,20260909879
878,1,set11,alt2,20260909879
878,1,set18,alt2,20260909879
878,1,set19,alt2,20260909879
878,1,set33,alt1,20260909879
878,1,set35,alt2,20260909879
878,1,set37,alt1,20260909879
878,1,set41,alt2,20260909879
878,1,set42,alt2,20260909879
878,1,set48,alt2,20260909879
879,3,set3,alt2,20260909880
879,3,set4,alt2,20260909880
879,3,set12,alt1,20260909880
879,3,set22,alt2,20260909880
879,3,set24,alt1,20260909880
879,3,set25,alt1,20260909880
879,3,set28,alt1,20260909880
879,3,set29,alt1,20260909880
879,3,set30,alt2,20260909880
879,3,set31,alt2,20260909880
879,3,set39,alt2,20260909880
879,3,set47,alt2,20260909880
880,3,set3,alt1,20260909881
880,3,set4,alt2,20260909881
880,3,set12,alt1,20260909881
880,3,set22,alt1,20260909881
880,3,set24,alt1,20260909881
880,3,set25,alt1,20260909881
880,3,set28,alt1,20260909881
880,3,set29,alt1,20260909881
880,3,set30,alt2,20260909881
880,3,set31,alt2,20260909881
880,3,set39,alt2,20260909881
880,3,set47,alt2,20260909881
881,1,set5,alt2,20260909882
881,1,set6,alt2,20260909882
881,1,set9,alt2,20260909882
881,1,set11,alt2,20260909882
881,1,set18,alt1,20260909882
881,1,set19,alt2,20260909882
881,1,set33,alt1,20260909882
881,1,set35,alt2,20260909882
881,1,set37,alt1,20260909882
881,1,set41,alt1,20260909882
881,1,set42,alt2,20260909882
881,1,set48,alt2,20260909882
882,3,set3,alt1,20260909883
882,3,set4,alt2,20260909883
882,3,set12,alt1,20260909883
882,3,set22,alt1,20260909883
882,3,set24,alt1,20260909883
882,3,set25,alt1,20260909883
882,3,set28,alt1,20260909883
882,3,set29,alt1,20260909883
882,3,set30,alt2,20260909883
882,3,set31,alt2,20260909883
882,3,set39,alt2,20260909883
882,3,set47,alt2,20260909883
883,4,set14,alt1,20260909884
883,4,set15,alt2,20260909884
883,4,set16,alt1,20260909884
883,4,set17,alt2,20260909884
883,4,set20,alt1,20260909884
883,4,set21,alt1,20260909884
883,4,set23,alt1,20260909884
883,4,set26,alt1,20260909884
883,4,set27,alt1,20260909884
883,4,set32,alt1,20260909884
883,4,set34,alt1,20260909884
883,4,set43,alt1,20260909884
884,3,set3,alt1,20260909885
884,3,set4,alt2,20260909885
884,3,set12,alt1,20260909885
884,3,set22,alt1,20260909885
884,3,set24,alt1,20260909885
884,3,set25,alt1,20260909885
884,3,set28,alt1,20260909885
884,3,set29,alt1,20260909885
884,3,set30,alt2,20260909885
884,3,set31,alt2,20260909885
884,3,set39,alt2,20260909885
884,3,set47,alt2,20260909885
885,1,set5,alt2,20260909886
885,1,set6,alt2,20260909886
885,1,set9,alt2,20260909886
885,1,set11,alt2,20260909886
885,1,set18,alt1,20260909886
885,1,set19,alt2,20260909886
885,1,set33,alt1,20260909886
885,1,set35,alt2,20260909886
885,1,set37,alt1,20260909886
885,1,set41,alt1,20260909886
885,1,set42,alt2,20260909886
885,1,set48,alt2,20260909886
886,3,set3,alt1,20260909887
886,3,set4,alt2,20260909887
886,3,set12,alt1,20260909887
886,3,set22,alt1,20260909887
886,3,set24,alt1,20260909887
886,3,set25,alt1,20260909887
886,3,set28,alt1,20260909887
886,3,set29,alt1,20260909887
886,3,set30,alt2,20260909887
886,3,set31,alt2,20260909887
886,3,set39,alt2,20260909887
886,3,set47,alt2,20260909887
887,4,set14,alt1,20260909888
887,4,set15,alt2,20260909888
887,4,set16,alt1,20260909888
887,4,set17,alt2,20260909888
887,4,set20,alt1,20260909888
887,4,set21,alt1,20260909888
887,4,set23,alt1,20260909888
887,4,set26,alt1,20260909888
887,4,set27,alt1,20260909888
887,4,set32,alt1,20260909888
887,4,set34,alt1,20260909888
887,4,set43,alt1,20260909888
888,3,set3,alt1,20260909889
888,3,set4,alt2,20260909889
888,3,set12,alt1,20260909889
888,3,set22,alt1,20260909889
888,3,set24,alt1,20260909889
888,3,set25,alt1,20260909889
888,3,set28,alt1,20260909889
888,3,set29,alt1,20260909889
888,3,set30,alt2,20260909889
888,3,set31,alt2,20260909889
888,3,set39,alt2,20260909889
888,3,set47,alt2,20260909889
889,1,set5,alt1,20260909890
889,1,set6,alt1,20260909890
889,1,set9,alt1,20260909890
889,1,set11,alt2,20260909890
889,1,set18,alt1,20260909890
889,1,set19,alt1,20260909890
889,1,set33,alt2,20260909890
889,1,set35,alt2,20260909890
889,1,set37,alt1,20260909890
889,1,set41,alt1,20260909890
889,1,set42,alt2,20260909890
889,1,set48,alt2,20260909890
890,1,set5,alt2,20260909891
890,1,set6,alt1,20260909891
890,1,set9,alt2,20260909891
890,1,set11,alt2,20260909891
890,1,set18,alt2,20260909891
890,1,set19,alt2,20260909891
890,1,set33,alt1,20260909891
890,1,set35,alt2,20260909891
890,1,set37,alt1,20260909891
890,1,set41,alt1,20260909891
890,1,set42,alt2,20260909891
890,1,set48,alt2,20260909891
891,1,set5,alt2,20260909892
891,1,set6,alt2,20260909892
891,1,set9,alt2,20260909892
891,1,set11,alt2,20260909892
891,1,set18,alt2,20260909892
891,1,set19,alt2,20260909892
891,1,set33,alt1,20260909892
891,1,set35,alt2,20260909892
891,1,set37,alt1,20260909892
891,1,set41,alt2,20260909892
891,1,set42,alt2,20260909892
891,1,set48,alt2,20260909892
892,1,set5,alt2,20260909893
892,1,set6,alt2,20260909893
892,1,set9,alt2,20260909893
892,1,set11,alt2,20260909893
892,1,set18,alt2,20260909893
892,1,set19,alt2,20260909893
892,1,set33,alt1,20260909893
892,1,set35,alt2,20260909893
892,1,set37,alt1,20260909893
892,1,set41,alt2,20260909893
892,1,set42,alt2,20260909893
892,1,set48,alt2,20260909893
893,3,set3,alt2,20260909894
893,3,set4,alt2,20260909894
893,3,set12,alt1,20260909894
893,3,set22,alt2,20260909894
893,3,set24,alt1,20260909894
893,3,set25,alt1,20260909894
893,3,set28,alt1,20260909894
893,3,set29,alt1,20260909894
893,3,set30,alt2,20260909894
893,3,set31,alt2,20260909894
893,3,set39,alt2,20260909894
893,3,set47,alt2,20260909894
894,3,set3,alt1,20260909895
894,3,set4,alt2,20260909895
894,3,set12,alt1,20260909895
894,3,set22,alt1,20260909895
894,3,set24,alt1,20260909895
894,3,set25,alt1,20260909895
894,3,set28,alt1,20260909895
894,3,set29,alt1,20260909895
894,3,set30,alt2,20260909895
894,3,set31,alt2,20260909895
894,3,set39,alt2,20260909895
894,3,set47,alt2,20260909895
895,3,set3,alt2,20260909896
895,3,set4,alt1,20260909896
895,3,set12,alt1,20260909896
895,3,set22,alt2,20260909896
895,3,set24,alt1,20260909896
895,3,set25,alt2,20260909896
895,3,set28,alt2,20260909896
895,3,set29,alt1,20260909896
895,3,set30,alt2,20260909896
895,3,set31,alt1,20260909896
895,3,set39,alt1,20260909896
895,3,set47,alt2,20260909896
896,3,set3,alt1,20260909897
896,3,set4,alt2,20260909897
896,3,set12,alt1,20260909897
896,3,set22,alt1,20260909897
896,3,set24,alt1,20260909897
896,3,set25,alt1,20260909897
896,3,set28,alt1,20260909897
896,3,set29,alt1,20260909897
896,3,set30,alt2,20260909897
896,3,set31,alt2,20260909897
896,3,set39,alt2,20260909897
896,3,set47,alt2,20260909897
897,1,set5,alt1,20260909898
897,1,set6,alt1,20260909898
897,1,set9,alt1,20260909898
897,1,set11,alt2,20260909898
897,1,set18,alt1,20260909898
897,1,set19,alt1,20260909898
897,1,set33,alt2,20260909898
897,1,set35,alt2,20260909898
897,1,set37,alt1,20260909898
897,1,set41,alt1,20260909898
897,1,set42,alt2,20260909898
897,1,set48,alt2,20260909898
898,3,set3,alt1,20260909899
898,3,set4,alt2,20260909899
898,3,set12,alt1,20260909899
898,3,set22,alt1,20260909899
898,3,set24,alt1,20260909899
898,3,set25,alt1,20260909899
898,3,set28,alt1,20260909899
898,3,set29,alt1,20260909899
898,3,set30,alt2,20260909899
898,3,set31,alt2,20260909899
898,3,set39,alt2,20260909899
898,3,set47,alt2,20260909899
899,3,set3,alt2,20260909900
899,3,set4,alt1,20260909900
899,3,set12,alt1,20260909900
899,3,set22,alt2,20260909900
899,3,set24,alt1,20260909900
899,3,set25,alt2,20260909900
899,3,set28,alt2,20260909900
899,3,set29,alt1,20260909900
899,3,set30,alt2,20260909900
899,3,set31,alt1,20260909900
899,3,set39,alt1,20260909900
899,3,set47,alt2,20260909900
900,4,set14,alt2,20260909901
900,4,set15,alt2,20260909901
900,4,set16,alt1,20260909901
900,4,set17,alt1,20260909901
900,4,set20,alt1,20260909901
900,4,set21,alt1,20260909901
900,4,set23,alt1,20260909901
900,4,set26,alt1,20260909901
900,4,set27,alt2,20260909901
900,4,set32,alt1,20260909901
900,4,set34,alt2,20260909901
900,4,set43,alt1,20260909901
901,1,set5,alt2,20260909902
901,1,set6,alt1,20260909902
901,1,set9,alt2,20260909902
901,1,set11,alt2,20260909902
901,1,set18,alt2,20260909902
901,1,set19,alt2,20260909902
901,1,set33,alt1,20260909902
901,1,set35,alt2,20260909902
901,1,set37,alt1,20260909902
901,1,set41,alt1,20260909902
901,1,set42,alt2,20260909902
901,1,set48,alt2,20260909902
902,2,set1,alt2,20260909903
902,2,set2,alt1,20260909903
902,2,set7,alt1,20260909903
902,2,set8,alt1,20260909903
902,2,set10,alt1,20260909903
902,2,set13,alt1,20260909903
902,2,set36,alt2,20260909903
902,2,set38,alt2,20260909903
902,2,set40,alt2,20260909903
902,2,set44,alt1,20260909903
902,2,set45,alt2,20260909903
902,2,set46,alt1,20260909903
903,3,set3,alt1,20260909904
903,3,set4,alt2,20260909904
903,3,set12,alt1,20260909904
903,3,set22,alt1,20260909904
903,3,set24,alt1,20260909904
903,3,set25,alt1,20260909904
903,3,set28,alt1,20260909904
903,3,set29,alt1,20260909904
903,3,set30,alt2,20260909904
903,3,set31,alt2,20260909904
903,3,set39,alt2,20260909904
903,3,set47,alt2,20260909904
904,1,set5,alt1,20260909905
904,1,set6,alt1,20260909905
904,1,set9,alt1,20260909905
904,1,set11,alt2,20260909905
904,1,set18,alt1,20260909905
904,1,set19,alt1,20260909905
904,1,set33,alt2,20260909905
904,1,set35,alt2,20260909905
904,1,set37,alt1,20260909905
904,1,set41,alt1,20260909905
904,1,set42,alt2,20260909905
904,1,set48,alt2,20260909905
905,2,set1,alt2,20260909906
905,2,set2,alt1,20260909906
905,2,set7,alt1,20260909906
905,2,set8,alt1,20260909906
905,2,set10,alt1,20260909906
905,2,set13,alt1,20260909906
905,2,set36,alt2,20260909906
905,2,set38,alt2,20260909906
905,2,set40,alt2,20260909906
905,2,set44,alt1,20260909906
905,2,set45,alt2,20260909906
905,2,set46,alt1,20260909906
906,2,set1,alt2,20260909907
906,2,set2,alt1,20260909907
906,2,set7,alt1,20260909907
906,2,set8,alt1,20260909907
906,2,set10,alt1,20260909907
906,2,set13,alt1,20260909907
906,2,set36,alt2,20260909907
906,2,set38,alt2,20260909907
906,2,set40,alt2,20260909907
906,2,set44,alt1,20260909907
906,2,set45,alt2,20260909907
906,2,set46,alt1,20260909907
907,4,set14,alt1,20260909908
907,4,set15,alt2,20260909908
907,4,set16,alt1,20260909908
907,4,set17,alt2,20260909908
907,4,set20,alt1,20260909908
907,4,set21,alt1,20260909908
907,4,set23,alt1,20260909908
907,4,set26,alt1,20260909908
907,4,set27,alt1,20260909908
907,4,set32,alt1,20260909908
907,4,set34,alt1,20260909908
907,4,set43,alt1,20260909908
908,3,set3,alt1,20260909909
908,3,set4,alt2,20260909909
908,3,set12,alt1,20260909909
908,3,set22,alt1,20260909909
908,3,set24,alt1,20260909909
908,3,set25,alt1,20260909909
908,3,set28,alt1,20260909909
908,3,set29,alt1,20260909909
908,3,set30,alt2,20260909909
908,3,set31,alt2,20260909909
908,3,set39,alt2,20260909909
908,3,set47,alt2,20260909909
909,1,set5,alt1,20260909910
909,1,set6,alt2,20260909910
909,1,set9,alt1,20260909910
909,1,set11,alt2,20260909910
909,1,set18,alt1,20260909910
909,1,set19,alt2,20260909910
909,1,set33,alt1,20260909910
909,1,set35,alt2,20260909910
909,1,set37,alt1,20260909910
909,1,set41,alt1,20260909910
909,1,set42,alt1,20260909910
909,1,set48,alt2,20260909910
910,2,set1,alt2,20260909911
910,2,set2,alt1,20260909911
910,2,set7,alt1,20260909911
910,2,set8,alt1,20260909911
910,2,set10,alt1,20260909911
910,2,set13,alt1,20260909911
910,2,set36,alt2,20260909911
910,2,set38,alt2,20260909911
910,2,set40,alt2,20260909911
910,2,set44,alt1,20260909911
910,2,set45,alt2,20260909911
910,2,set46,alt1,20260909911
911,3,set3,alt2,20260909912
911,3,set4,alt2,20260909912
911,3,set12,alt1,20260909912
911,3,set22,alt2,20260909912
911,3,set24,alt1,20260909912
911,3,set25,alt1,20260909912
911,3,set28,alt1,20260909912
911,3,set29,alt1,20260909912
911,3,set30,alt2,20260909912
911,3,set31,alt2,20260909912
911,3,set39,alt2,20260909912
911,3,set47,alt2,20260909912
912,3,set3,alt1,20260909913
912,3,set4,alt2,20260909913
912,3,set12,alt1,20260909913
912,3,set22,alt1,20260909913
912,3,set24,alt1,20260909913
912,3,set25,alt1,20260909913
912,3,set28,alt1,20260909913
912,3,set29,alt1,20260909913
912,3,set30,alt2,20260909913
912,3,set31,alt2,20260909913
912,3,set39,alt2,20260909913
912,3,set47,alt2,20260909913
913,4,set14,alt1,20260909914
913,4,set15,alt2,20260909914
913,4,set16,alt2,20260909914
913,4,set17,alt2,20260909914
913,4,set20,alt1,20260909914
913,4,set21,alt1,20260909914
913,4,set23,alt1,20260909914
913,4,set26,alt1,20260909914
913,4,set27,alt1,20260909914
913,4,set32,alt1,20260909914
913,4,set34,alt2,20260909914
913,4,set43,alt2,20260909914
914,3,set3,alt1,20260909915
914,3,set4,alt2,20260909915
914,3,set12,alt1,20260909915
914,3,set22,alt1,20260909915
914,3,set24,alt1,20260909915
914,3,set25,alt1,20260909915
914,3,set28,alt1,20260909915
914,3,set29,alt1,20260909915
914,3,set30,alt2,20260909915
914,3,set31,alt2,20260909915
914,3,set39,alt2,20260909915
914,3,set47,alt2,20260909915
915,2,set1,alt2,20260909916
915,2,set2,alt1,20260909916
915,2,set7,alt1,20260909916
915,2,set8,alt1,20260909916
915,2,set10,alt1,20260909916
915,2,set13,alt1,20260909916
915,2,set36,alt2,20260909916
915,2,set38,alt2,20260909916
915,2,set40,alt2,20260909916
915,2,set44,alt1,20260909916
915,2,set45,alt2,20260909916
915,2,set46,alt1,20260909916
916,2,set1,alt2,20260909917
916,2,set2,alt1,20260909917
916,2,set7,alt1,20260909917
916,2,set8,alt1,20260909917
916,2,set10,alt1,20260909917
916,2,set13,alt1,20260909917
916,2,set36,alt2,20260909917
916,2,set38,alt2,20260909917
916,2,set40,alt2,20260909917
916,2,set44,alt1,20260909917
916,2,set45,alt2,20260909917
916,2,set46,alt1,20260909917
917,1,set5,alt2,20260909918
917,1,set6,alt1,20260909918
917,1,set9,alt2,20260909918
917,1,set11,alt2,20260909918
917,1,set18,alt2,20260909918
917,1,set19,alt2,20260909918
917,1,set33,alt1,20260909918
917,1,set35,alt2,20260909918
917,1,set37,alt1,20260909918
917,1,set41,alt1,20260909918
917,1,set42,alt2,20260909918
917,1,set48,alt2,20260909918
918,2,set1,alt2,20260909919
918,2,set2,alt1,20260909919
918,2,set7,alt1,20260909919
918,2,set8,alt1,20260909919
918,2,set10,alt1,20260909919
918,2,set13,alt1,20260909919
918,2,set36,alt2,20260909919
918,2,set38,alt2,20260909919
918,2,set40,alt2,20260909919
918,2,set44,alt1,20260909919
918,2,set45,alt2,20260909919
918,2,set46,alt1,20260909919
919,4,set14,alt1,20260909920
919,4,set15,alt2,20260909920
919,4,set16,alt2,20260909920
919,4,set17,alt2,20260909920
919,4,set20,alt1,20260909920
919,4,set21,alt1,20260909920
919,4,set23,alt1,20260909920
919,4,set26,alt1,20260909920
919,4,set27,alt1,20260909920
919,4,set32,alt1,20260909920
919,4,set34,alt2,20260909920
919,4,set43,alt2,20260909920
920,2,set1,alt2,20260909921
920,2,set2,alt1,20260909921
920,2,set7,alt1,20260909921
920,2,set8,alt1,20260909921
920,2,set10,alt1,20260909921
920,2,set13,alt1,20260909921
920,2,set36,alt2,20260909921
920,2,set38,alt2,20260909921
920,2,set40,alt2,20260909921
920,2,set44,alt1,20260909921
920,2,set45,alt2,20260909921
920,2,set46,alt1,20260909921
921,2,set1,alt2,20260909922
921,2,set2,alt1,20260909922
921,2,set7,alt1,20260909922
921,2,set8,alt1,20260909922
921,2,set10,alt1,20260909922
921,2,set13,alt1,20260909922
921,2,set36,alt2,20260909922
921,2,set38,alt2,20260909922
921,2,set40,alt2,20260909922
921,2,set44,alt1,20260909922
921,2,set45,alt2,20260909922
921,2,set46,alt1,20260909922
922,1,set5,alt2,20260909923
922,1,set6,alt2,20260909923
922,1,set9,alt2,20260909923
922,1,set11,alt2,20260909923
922,1,set18,alt2,20260909923
922,1,set19,alt2,20260909923
922,1,set33,alt1,20260909923
922,1,set35,alt2,20260909923
922,1,set37,alt1,20260909923
922,1,set41,alt2,20260909923
922,1,set42,alt2,20260909923
922,1,set48,alt2,20260909923
923,3,set3,alt1,20260909924
923,3,set4,alt2,20260909924
923,3,set12,alt1,20260909924
923,3,set22,alt1,20260909924
923,3,set24,alt1,20260909924
923,3,set25,alt1,20260909924
923,3,set28,alt1,20260909924
923,3,set29,alt1,20260909924
923,3,set30,alt2,20260909924
923,3,set31,alt2,20260909924
923,3,set39,alt2,20260909924
923,3,set47,alt2,20260909924
924,4,set14,alt1,20260909925
924,4,set15,alt2,20260909925
924,4,set16,alt2,20260909925
924,4,set17,alt2,20260909925
924,4,set20,alt1,20260909925
924,4,set21,alt1,20260909925
924,4,set23,alt1,20260909925
924,4,set26,alt1,20260909925
924,4,set27,alt1,20260909925
924,4,set32,alt1,20260909925
924,4,set34,alt2,20260909925
924,4,set43,alt2,20260909925
925,2,set1,alt2,20260909926
925,2,set2,alt1,20260909926
925,2,set7,alt2,20260909926
925,2,set8,alt1,20260909926
925,2,set10,alt2,20260909926
925,2,set13,alt1,20260909926
925,2,set36,alt2,20260909926
925,2,set38,alt1,20260909926
925,2,set40,alt2,20260909926
925,2,set44,alt2,20260909926
925,2,set45,alt2,20260909926
925,2,set46,alt2,20260909926
926,2,set1,alt2,20260909927
926,2,set2,alt1,20260909927
926,2,set7,alt1,20260909927
926,2,set8,alt1,20260909927
926,2,set10,alt1,20260909927
926,2,set13,alt1,20260909927
926,2,set36,alt2,20260909927
926,2,set38,alt2,20260909927
926,2,set40,alt2,20260909927
926,2,set44,alt1,20260909927
926,2,set45,alt2,20260909927
926,2,set46,alt1,20260909927
927,3,set3,alt2,20260909928
927,3,set4,alt2,20260909928
927,3,set12,alt1,20260909928
927,3,set22,alt2,20260909928
927,3,set24,alt1,20260909928
927,3,set25,alt1,20260909928
927,3,set28,alt1,20260909928
927,3,set29,alt1,20260909928
927,3,set30,alt2,20260909928
927,3,set31,alt2,20260909928
927,3,set39,alt2,20260909928
927,3,set47,alt2,20260909928
928,2,set1,alt2,20260909929
928,2,set2,alt1,20260909929
928,2,set7,alt1,20260909929
928,2,set8,alt1,20260909929
928,2,set10,alt2,20260909929
928,2,set13,alt1,20260909929
928,2,set36,alt2,20260909929
928,2,set38,alt2,20260909929
928,2,set40,alt2,20260909929
928,2,set44,alt2,20260909929
928,2,set45,alt2,20260909929
928,2,set46,alt2,20260909929
929,4,set14,alt1,20260909930
929,4,set15,alt1,20260909930
929,4,set16,alt1,20260909930
929,4,set17,alt1,20260909930
929,4,set20,alt1,20260909930
929,4,set21,alt1,20260909930
929,4,set23,alt1,20260909930
929,4,set26,alt1,20260909930
929,4,set27,alt1,20260909930
929,4,set32,alt1,20260909930
929,4,set34,alt2,20260909930
929,4,set43,alt1,20260909930
930,4,set14,alt2,20260909931
930,4,set15,alt2,20260909931
930,4,set16,alt1,20260909931
930,4,set17,alt1,20260909931
930,4,set20,alt1,20260909931
930,4,set21,alt2,20260909931
930,4,set23,alt1,20260909931
930,4,set26,alt1,20260909931
930,4,set27,alt2,20260909931
930,4,set32,alt1,20260909931
930,4,set34,alt2,20260909931
930,4,set43,alt2,20260909931
931,1,set5,alt2,20260909932
931,1,set6,alt1,20260909932
931,1,set9,alt2,20260909932
931,1,set11,alt2,20260909932
931,1,set18,alt2,20260909932
931,1,set19,alt2,20260909932
931,1,set33,alt1,20260909932
931,1,set35,alt2,20260909932
931,1,set37,alt1,20260909932
931,1,set41,alt1,20260909932
931,1,set42,alt2,20260909932
931,1,set48,alt2,20260909932
932,1,set5,alt1,20260909933
932,1,set6,alt1,20260909933
932,1,set9,alt1,20260909933
932,1,set11,alt2,20260909933
932,1,set18,alt1,20260909933
932,1,set19,alt1,20260909933
932,1,set33,alt2,20260909933
932,1,set35,alt2,20260909933
932,1,set37,alt1,20260909933
932,1,set41,alt1,20260909933
932,1,set42,alt2,20260909933
932,1,set48,alt2,20260909933
933,3,set3,alt2,20260909934
933,3,set4,alt1,20260909934
933,3,set12,alt1,20260909934
933,3,set22,alt2,20260909934
933,3,set24,alt1,20260909934
933,3,set25,alt2,20260909934
933,3,set28,alt2,20260909934
933,3,set29,alt1,20260909934
933,3,set30,alt2,20260909934
933,3,set31,alt1,20260909934
933,3,set39,alt1,20260909934
933,3,set47,alt2,20260909934
934,3,set3,alt1,20260909935
934,3,set4,alt2,20260909935
934,3,set12,alt1,20260909935
934,3,set22,alt1,20260909935
934,3,set24,alt1,20260909935
934,3,set25,alt1,20260909935
934,3,set28,alt1,20260909935
934,3,set29,alt1,20260909935
934,3,set30,alt2,20260909935
934,3,set31,alt2,20260909935
934,3,set39,alt2,20260909935
934,3,set47,alt2,20260909935
935,2,set1,alt2,20260909936
935,2,set2,alt1,20260909936
935,2,set7,alt1,20260909936
935,2,set8,alt1,20260909936
935,2,set10,alt2,20260909936
935,2,set13,alt1,20260909936
935,2,set36,alt2,20260909936
935,2,set38,alt2,20260909936
935,2,set40,alt2,20260909936
935,2,set44,alt1,20260909936
935,2,set45,alt2,20260909936
935,2,set46,alt1,20260909936
936,1,set5,alt2,20260909937
936,1,set6,alt1,20260909937
936,1,set9,alt2,20260909937
936,1,set11,alt2,20260909937
936,1,set18,alt2,20260909937
936,1,set19,alt2,20260909937
936,1,set33,alt1,20260909937
936,1,set35,alt2,20260909937
936,1,set37,alt1,20260909937
936,1,set41,alt1,20260909937
936,1,set42,alt2,20260909937
936,1,set48,alt2,20260909937
937,3,set3,alt1,20260909938
937,3,set4,alt2,20260909938
937,3,set12,alt1,20260909938
937,3,set22,alt1,20260909938
937,3,set24,alt1,20260909938
937,3,set25,alt1,20260909938
937,3,set28,alt1,20260909938
937,3,set29,alt1,20260909938
937,3,set30,alt2,20260909938
937,3,set31,alt2,20260909938
937,3,set39,alt2,20260909938
937,3,set47,alt2,20260909938
938,2,set1,alt2,20260909939
938,2,set2,alt1,20260909939
938,2,set7,alt1,20260909939
938,2,set8,alt1,20260909939
938,2,set10,alt2,20260909939
938,2,set13,alt1,20260909939
938,2,set36,alt2,20260909939
938,2,set38,alt2,20260909939
938,2,set40,alt2,20260909939
938,2,set44,alt1,20260909939
938,2,set45,alt2,20260909939
938,2,set46,alt1,20260909939
939,2,set1,alt2,20260909940
939,2,set2,alt1,20260909940
939,2,set7,alt1,20260909940
939,2,set8,alt1,20260909940
939,2,set10,alt1,20260909940
939,2,set13,alt1,20260909940
939,2,set36,alt2,20260909940
939,2,set38,alt2,20260909940
939,2,set40,alt2,20260909940
939,2,set44,alt1,20260909940
939,2,set45,alt2,20260909940
939,2,set46,alt1,20260909940
940,1,set5,alt2,20260909941
940,1,set6,alt1,20260909941
940,1,set9,alt2,20260909941
940,1,set11,alt2,20260909941
940,1,set18,alt2,20260909941
940,1,set19,alt2,20260909941
940,1,set33,alt1,20260909941
940,1,set35,alt2,20260909941
940,1,set37,alt1,20260909941
940,1,set41,alt1,20260909941
940,1,set42,alt2,20260909941
940,1,set48,alt2,20260909941
941,4,set14,alt1,20260909942
941,4,set15,alt2,20260909942
941,4,set16,alt2,20260909942
941,4,set17,alt2,20260909942
941,4,set20,alt1,20260909942
941,4,set21,alt1,20260909942
941,4,set23,alt1,20260909942
941,4,set26,alt1,20260909942
941,4,set27,alt1,20260909942
941,4,set32,alt1,20260909942
941,4,set34,alt2,20260909942
941,4,set43,alt2,20260909942
942,2,set1,alt2,20260909943
942,2,set2,alt1,20260909943
942,2,set7,alt1,20260909943
942,2,set8,alt1,20260909943
942,2,set10,alt1,20260909943
942,2,set13,alt1,20260909943
942,2,set36,alt2,20260909943
942,2,set38,alt2,20260909943
942,2,set40,alt2,20260909943
942,2,set44,alt1,20260909943
942,2,set45,alt2,20260909943
942,2,set46,alt1,20260909943
943,4,set14,alt1,20260909944
943,4,set15,alt2,20260909944
943,4,set16,alt2,20260909944
943,4,set17,alt2,20260909944
943,4,set20,alt1,20260909944
943,4,set21,alt1,20260909944
943,4,set23,alt1,20260909944
943,4,set26,alt1,20260909944
943,4,set27,alt1,20260909944
943,4,set32,alt1,20260909944
943,4,set34,alt2,20260909944
943,4,set43,alt2,20260909944
944,4,set14,alt1,20260909945
944,4,set15,alt2,20260909945
944,4,set16,alt2,20260909945
944,4,set17,alt2,20260909945
944,4,set20,alt1,20260909945
944,4,set21,alt1,20260909945
944,4,set23,alt1,20260909945
944,4,set26,alt1,20260909945
944,4,set27,alt1,20260909945
944,4,set32,alt1,20260909945
944,4,set34,alt2,20260909945
944,4,set43,alt2,20260909945
945,2,set1,alt2,20260909946
945,2,set2,alt1,20260909946
945,2,set7,alt1,20260909946
945,2,set8,alt1,20260909946
945,2,set10,alt1,20260909946
945,2,set13,alt1,20260909946
945,2,set36,alt2,20260909946
945,2,set38,alt2,20260909946
945,2,set40,alt2,20260909946
945,2,set44,alt1,20260909946
945,2,set45,alt2,20260909946
945,2,set46,alt1,20260909946
946,1,set5,alt2,20260909947
946,1,set6,alt2,20260909947
946,1,set9,alt2,20260909947
946,1,set11,alt2,20260909947
946,1,set18,alt2,20260909947
946,1,set19,alt2,20260909947
946,1,set33,alt1,20260909947
946,1,set35,alt2,20260909947
946,1,set37,alt1,20260909947
946,1,set41,alt2,20260909947
946,1,set42,alt2,20260909947
946,1,set48,alt2,20260909947
947,2,set1,alt2,20260909948
947,2,set2,alt1,20260909948
947,2,set7,alt1,20260909948
947,2,set8,alt1,20260909948
947,2,set10,alt1,20260909948
947,2,set13,alt1,20260909948
947,2,set36,alt2,20260909948
947,2,set38,alt2,20260909948
947,2,set40,alt2,20260909948
947,2,set44,alt1,20260909948
947,2,set45,alt2,20260909948
947,2,set46,alt1,20260909948
948,2,set1,alt2,20260909949
948,2,set2,alt1,20260909949
948,2,set7,alt1,20260909949
948,2,set8,alt1,20260909949
948,2,set10,alt1,20260909949
948,2,set13,alt1,20260909949
948,2,set36,alt2,20260909949
948,2,set38,alt2,20260909949
948,2,set40,alt2,20260909949
948,2,set44,alt1,20260909949
948,2,set45,alt2,20260909949
948,2,set46,alt1,20260909949
949,1,set5,alt2,20260909950
949,1,set6,alt2,20260909950
949,1,set9,alt2,20260909950
949,1,set11,alt2,20260909950
949,1,set18,alt2,20260909950
949,1,set19,alt2,20260909950
949,1,set33,alt1,20260909950
949,1,set35,alt2,20260909950
949,1,set37,alt1,20260909950
949,1,set41,alt2,20260909950
949,1,set42,alt2,20260909950
949,1,set48,alt2,20260909950
950,3,set3,alt1,20260909951
950,3,set4,alt2,20260909951
950,3,set12,alt1,20260909951
950,3,set22,alt1,20260909951
950,3,set24,alt1,20260909951
950,3,set25,alt1,20260909951
950,3,set28,alt1,20260909951
950,3,set29,alt1,20260909951
950,3,set30,alt2,20260909951
950,3,set31,alt2,20260909951
950,3,set39,alt2,20260909951
950,3,set47,alt2,20260909951
951,4,set14,alt1,20260909952
951,4,set15,alt2,20260909952
951,4,set16,alt2,20260909952
951,4,set17,alt2,20260909952
951,4,set20,alt1,20260909952
951,4,set21,alt1,20260909952
951,4,set23,alt1,20260909952
951,4,set26,alt1,20260909952
951,4,set27,alt1,20260909952
951,4,set32,alt1,20260909952
951,4,set34,alt2,20260909952
951,4,set43,alt2,20260909952
952,3,set3,alt1,20260909953
952,3,set4,alt2,20260909953
952,3,set12,alt1,20260909953
952,3,set22,alt1,20260909953
952,3,set24,alt1,20260909953
952,3,set25,alt1,20260909953
952,3,set28,alt1,20260909953
952,3,set29,alt1,20260909953
952,3,set30,alt2,20260909953
952,3,set31,alt2,20260909953
952,3,set39,alt2,20260909953
952,3,set47,alt2,20260909953
953,1,set5,alt2,20260909954
953,1,set6,alt1,20260909954
953,1,set9,alt2,20260909954
953,1,set11,alt2,20260909954
953,1,set18,alt2,20260909954
953,1,set19,alt2,20260909954
953,1,set33,alt1,20260909954
953,1,set35,alt2,20260909954
953,1,set37,alt1,20260909954
953,1,set41,alt1,20260909954
953,1,set42,alt2,20260909954
953,1,set48,alt2,20260909954
954,1,set5,alt2,20260909955
954,1,set6,alt1,20260909955
954,1,set9,alt2,20260909955
954,1,set11,alt2,20260909955
954,1,set18,alt2,20260909955
954,1,set19,alt2,20260909955
954,1,set33,alt1,20260909955
954,1,set35,alt2,20260909955
954,1,set37,alt1,20260909955
954,1,set41,alt1,20260909955
954,1,set42,alt2,20260909955
954,1,set48,alt2,20260909955
955,4,set14,alt2,20260909956
955,4,set15,alt2,20260909956
955,4,set16,alt1,20260909956
955,4,set17,alt1,20260909956
955,4,set20,alt1,20260909956
955,4,set21,alt2,20260909956
955,4,set23,alt1,20260909956
955,4,set26,alt1,20260909956
955,4,set27,alt2,20260909956
955,4,set32,alt1,20260909956
955,4,set34,alt2,20260909956
955,4,set43,alt2,20260909956
956,4,set14,alt1,20260909957
956,4,set15,alt2,20260909957
956,4,set16,alt2,20260909957
956,4,set17,alt2,20260909957
956,4,set20,alt1,20260909957
956,4,set21,alt1,20260909957
956,4,set23,alt1,20260909957
956,4,set26,alt1,20260909957
956,4,set27,alt1,20260909957
956,4,set32,alt1,20260909957
956,4,set34,alt2,20260909957
956,4,set43,alt2,20260909957
957,3,set3,alt2,20260909958
957,3,set4,alt2,20260909958
957,3,set12,alt1,20260909958
957,3,set22,alt2,20260909958
957,3,set24,alt1,20260909958
957,3,set25,alt1,20260909958
957,3,set28,alt1,20260909958
957,3,set29,alt1,20260909958
957,3,set30,alt2,20260909958
957,3,set31,alt2,20260909958
957,3,set39,alt2,20260909958
957,3,set47,alt2,20260909958
958,4,set14,alt1,20260909959
958,4,set15,alt2,20260909959
958,4,set16,alt1,20260909959
958,4,set17,alt2,20260909959
958,4,set20,alt1,20260909959
958,4,set21,alt1,20260909959
958,4,set23,alt1,20260909959
958,4,set26,alt1,20260909959
958,4,set27,alt1,20260909959
958,4,set32,alt1,20260909959
958,4,set34,alt1,20260909959
958,4,set43,alt1,20260909959
959,3,set3,alt1,20260909960
959,3,set4,alt2,20260909960
959,3,set12,alt1,20260909960
959,3,set22,alt1,20260909960
959,3,set24,alt1,20260909960
959,3,set25,alt1,20260909960
959,3,set28,alt1,20260909960
959,3,set29,alt1,20260909960
959,3,set30,alt2,20260909960
959,3,set31,alt2,20260909960
959,3,set39,alt2,20260909960
959,3,set47,alt2,20260909960
960,1,set5,alt2,20260909961
960,1,set6,alt2,20260909961
960,1,set9,alt2,20260909961
960,1,set11,alt2,20260909961
960,1,set18,alt2,20260909961
960,1,set19,alt2,20260909961
960,1,set33,alt1,20260909961
960,1,set35,alt2,20260909961
960,1,set37,alt1,20260909961
960,1,set41,alt2,20260909961
960,1,set42,alt2,20260909961
960,1,set48,alt2,20260909961
961,1,set5,alt2,20260909962
961,1,set6,alt1,20260909962
961,1,set9,alt2,20260909962
961,1,set11,alt2,20260909962
961,1,set18,alt2,20260909962
961,1,set19,alt2,20260909962
961,1,set33,alt1,20260909962
961,1,set35,alt2,20260909962
961,1,set37,alt1,20260909962
961,1,set41,alt1,20260909962
961,1,set42,alt2,20260909962
961,1,set48,alt2,20260909962
962,3,set3,alt1,20260909963
962,3,set4,alt2,20260909963
962,3,set12,alt1,20260909963
962,3,set22,alt1,20260909963
962,3,set24,alt1,20260909963
962,3,set25,alt1,20260909963
962,3,set28,alt1,20260909963
962,3,set29,alt1,20260909963
962,3,set30,alt2,20260909963
962,3,set31,alt2,20260909963
962,3,set39,alt2,20260909963
962,3,set47,alt2,20260909963
963,3,set3,alt2,20260909964
963,3,set4,alt2,20260909964
963,3,set12,alt1,20260909964
963,3,set22,alt2,20260909964
963,3,set24,alt1,20260909964
963,3,set25,alt1,20260909964
963,3,set28,alt1,20260909964
963,3,set29,alt1,20260909964
963,3,set30,alt2,20260909964
963,3,set31,alt2,20260909964
963,3,set39,alt2,20260909964
963,3,set47,alt2,20260909964
964,3,set3,alt1,20260909965
964,3,set4,alt2,20260909965
964,3,set12,alt1,20260909965
964,3,set22,alt1,20260909965
964,3,set24,alt1,20260909965
964,3,set25,alt1,20260909965
964,3,set28,alt1,20260909965
964,3,set29,alt1,20260909965
964,3,set30,alt2,20260909965
964,3,set31,alt2,20260909965
964,3,set39,alt2,20260909965
964,3,set47,alt2,20260909965
965,1,set5,alt1,20260909966
965,1,set6,alt1,20260909966
965,1,set9,alt1,20260909966
965,1,set11,alt2,20260909966
965,1,set18,alt1,20260909966
965,1,set19,alt1,20260909966
965,1,set33,alt2,20260909966
965,1,set35,alt2,20260909966
965,1,set37,alt1,20260909966
965,1,set41,alt1,20260909966
965,1,set42,alt2,20260909966
965,1,set48,alt2,20260909966
966,3,set3,alt2,20260909967
966,3,set4,alt1,20260909967
966,3,set12,alt1,20260909967
966,3,set22,alt1,20260909967
966,3,set24,alt1,20260909967
966,3,set25,alt2,20260909967
966,3,set28,alt2,20260909967
966,3,set29,alt1,20260909967
966,3,set30,alt1,20260909967
966,3,set31,alt2,20260909967
966,3,set39,alt1,20260909967
966,3,set47,alt1,20260909967
967,3,set3,alt2,20260909968
967,3,set4,alt1,20260909968
967,3,set12,alt1,20260909968
967,3,set22,alt2,20260909968
967,3,set24,alt1,20260909968
967,3,set25,alt2,20260909968
967,3,set28,alt2,20260909968
967,3,set29,alt1,20260909968
967,3,set30,alt2,20260909968
967,3,set31,alt1,20260909968
967,3,set39,alt1,20260909968
967,3,set47,alt2,20260909968
968,4,set14,alt1,20260909969
968,4,set15,alt2,20260909969
968,4,set16,alt2,20260909969
968,4,set17,alt2,20260909969
968,4,set20,alt1,20260909969
968,4,set21,alt1,20260909969
968,4,set23,alt1,20260909969
968,4,set26,alt1,20260909969
968,4,set27,alt1,20260909969
968,4,set32,alt1,20260909969
968,4,set34,alt2,20260909969
968,4,set43,alt2,20260909969
969,1,set5,alt1,20260909970
969,1,set6,alt1,20260909970
969,1,set9,alt1,20260909970
969,1,set11,alt2,20260909970
969,1,set18,alt1,20260909970
969,1,set19,alt1,20260909970
969,1,set33,alt2,20260909970
969,1,set35,alt2,20260909970
969,1,set37,alt1,20260909970
969,1,set41,alt1,20260909970
969,1,set42,alt2,20260909970
969,1,set48,alt2,20260909970
970,2,set1,alt2,20260909971
970,2,set2,alt1,20260909971
970,2,set7,alt1,20260909971
970,2,set8,alt1,20260909971
970,2,set10,alt1,20260909971
970,2,set13,alt1,20260909971
970,2,set36,alt2,20260909971
970,2,set38,alt2,20260909971
970,2,set40,alt2,20260909971
970,2,set44,alt1,20260909971
970,2,set45,alt2,20260909971
970,2,set46,alt1,20260909971
971,1,set5,alt1,20260909972
971,1,set6,alt1,20260909972
971,1,set9,alt1,20260909972
971,1,set11,alt2,20260909972
971,1,set18,alt1,20260909972
971,1,set19,alt1,20260909972
971,1,set33,alt2,20260909972
971,1,set35,alt2,20260909972
971,1,set37,alt1,20260909972
971,1,set41,alt1,20260909972
971,1,set42,alt2,20260909972
971,1,set48,alt2,20260909972
972,1,set5,alt2,20260909973
972,1,set6,alt2,20260909973
972,1,set9,alt2,20260909973
972,1,set11,alt2,20260909973
972,1,set18,alt1,20260909973
972,1,set19,alt2,20260909973
972,1,set33,alt1,20260909973
972,1,set35,alt2,20260909973
972,1,set37,alt1,20260909973
972,1,set41,alt1,20260909973
972,1,set42,alt2,20260909973
972,1,set48,alt2,20260909973
973,4,set14,alt1,20260909974
973,4,set15,alt2,20260909974
973,4,set16,alt2,20260909974
973,4,set17,alt2,20260909974
973,4,set20,alt1,20260909974
973,4,set21,alt1,20260909974
973,4,set23,alt1,20260909974
973,4,set26,alt1,20260909974
973,4,set27,alt1,20260909974
973,4,set32,alt1,20260909974
973,4,set34,alt2,20260909974
973,4,set43,alt2,20260909974
974,2,set1,alt2,20260909975
974,2,set2,alt1,20260909975
974,2,set7,alt1,20260909975
974,2,set8,alt1,20260909975
974,2,set10,alt1,20260909975
974,2,set13,alt1,20260909975
974,2,set36,alt2,20260909975
974,2,set38,alt2,20260909975
974,2,set40,alt2,20260909975
974,2,set44,alt1,20260909975
974,2,set45,alt2,20260909975
974,2,set46,alt1,20260909975
975,1,set5,alt2,20260909976
975,1,set6,alt2,20260909976
975,1,set9,alt2,20260909976
975,1,set11,alt2,20260909976
975,1,set18,alt2,20260909976
975,1,set19,alt2,20260909976
975,1,set33,alt1,20260909976
975,1,set35,alt2,20260909976
975,1,set37,alt1,20260909976
975,1,set41,alt2,20260909976
975,1,set42,alt2,20260909976
975,1,set48,alt2,20260909976
976,3,set3,alt1,20260909977
976,3,set4,alt2,20260909977
976,3,set12,alt1,20260909977
976,3,set22,alt1,20260909977
976,3,set24,alt1,20260909977
976,3,set25,alt1,20260909977
976,3,set28,alt1,20260909977
976,3,set29,alt1,20260909977
976,3,set30,alt2,20260909977
976,3,set31,alt2,20260909977
976,3,set39,alt2,20260909977
976,3,set47,alt2,20260909977
977,2,set1,alt2,20260909978
977,2,set2,alt1,20260909978
977,2,set7,alt1,20260909978
977,2,set8,alt1,20260909978
977,2,set10,alt1,20260909978
977,2,set13,alt1,20260909978
977,2,set36,alt2,20260909978
977,2,set38,alt2,20260909978
977,2,set40,alt2,20260909978
977,2,set44,alt1,20260909978
977,2,set45,alt2,20260909978
977,2,set46,alt1,20260909978
978,4,set14,alt1,20260909979
978,4,set15,alt2,20260909979
978,4,set16,alt2,20260909979
978,4,set17,alt2,20260909979
978,4,set20,alt1,20260909979
978,4,set21,alt1,20260909979
978,4,set23,alt1,20260909979
978,4,set26,alt1,20260909979
978,4,set27,alt1,20260909979
978,4,set32,alt1,20260909979
978,4,set34,alt2,20260909979
978,4,set43,alt2,20260909979
979,4,set14,alt1,20260909980
979,4,set15,alt1,20260909980
979,4,set16,alt1,20260909980
979,4,set17,alt1,20260909980
979,4,set20,alt1,20260909980
979,4,set21,alt1,20260909980
979,4,set23,alt1,20260909980
979,4,set26,alt1,20260909980
979,4,set27,alt1,20260909980
979,4,set32,alt1,20260909980
979,4,set34,alt2,20260909980
979,4,set43,alt1,20260909980
980,2,set1,alt2,20260909981
980,2,set2,alt1,20260909981
980,2,set7,alt1,20260909981
980,2,set8,alt1,20260909981
980,2,set10,alt1,20260909981
980,2,set13,alt1,20260909981
980,2,set36,alt2,20260909981
980,2,set38,alt2,20260909981
980,2,set40,alt2,20260909981
980,2,set44,alt1,20260909981
980,2,set45,alt2,20260909981
980,2,set46,alt1,20260909981
981,2,set1,alt2,20260909982
981,2,set2,alt1,20260909982
981,2,set7,alt1,20260909982
981,2,set8,alt1,20260909982
981,2,set10,alt1,20260909982
981,2,set13,alt1,20260909982
981,2,set36,alt2,20260909982
981,2,set38,alt2,20260909982
981,2,set40,alt2,20260909982
981,2,set44,alt1,20260909982
981,2,set45,alt2,20260909982
981,2,set46,alt1,20260909982
982,1,set5,alt2,20260909983
982,1,set6,alt1,20260909983
982,1,set9,alt2,20260909983
982,1,set11,alt2,20260909983
982,1,set18,alt2,20260909983
982,1,set19,alt2,20260909983
982,1,set33,alt1,20260909983
982,1,set35,alt2,20260909983
982,1,set37,alt1,20260909983
982,1,set41,alt1,20260909983
982,1,set42,alt2,20260909983
982,1,set48,alt2,20260909983
983,1,set5,alt2,20260909984
983,1,set6,alt2,20260909984
983,1,set9,alt2,20260909984
983,1,set11,alt2,20260909984
983,1,set18,alt2,20260909984
983,1,set19,alt2,20260909984
983,1,set33,alt1,20260909984
983,1,set35,alt2,20260909984
983,1,set37,alt1,20260909984
983,1,set41,alt2,20260909984
983,1,set42,alt2,20260909984
983,1,set48,alt2,20260909984
984,4,set14,alt1,20260909985
984,4,set15,alt1,20260909985
984,4,set16,alt1,20260909985
984,4,set17,alt1,20260909985
984,4,set20,alt1,20260909985
984,4,set21,alt1,20260909985
984,4,set23,alt1,20260909985
984,4,set26,alt1,20260909985
984,4,set27,alt1,20260909985
984,4,set32,alt1,20260909985
984,4,set34,alt2,20260909985
984,4,set43,alt1,20260909985
985,4,set14,alt1,20260909986
985,4,set15,alt2,20260909986
985,4,set16,alt2,20260909986
985,4,set17,alt2,20260909986
985,4,set20,alt1,20260909986
985,4,set21,alt1,20260909986
985,4,set23,alt1,20260909986
985,4,set26,alt1,20260909986
985,4,set27,alt1,20260909986
985,4,set32,alt1,20260909986
985,4,set34,alt2,20260909986
985,4,set43,alt2,20260909986
986,3,set3,alt1,20260909987
986,3,set4,alt2,20260909987
986,3,set12,alt1,20260909987
986,3,set22,alt1,20260909987
986,3,set24,alt1,20260909987
986,3,set25,alt1,20260909987
986,3,set28,alt1,20260909987
986,3,set29,alt1,20260909987
986,3,set30,alt2,20260909987
986,3,set31,alt2,20260909987
986,3,set39,alt2,20260909987
986,3,set47,alt2,20260909987
987,3,set3,alt1,20260909988
987,3,set4,alt2,20260909988
987,3,set12,alt1,20260909988
987,3,set22,alt1,20260909988
987,3,set24,alt1,20260909988
987,3,set25,alt1,20260909988
987,3,set28,alt1,20260909988
987,3,set29,alt1,20260909988
987,3,set30,alt2,20260909988
987,3,set31,alt2,20260909988
987,3,set39,alt2,20260909988
987,3,set47,alt2,20260909988
988,4,set14,alt1,20260909989
988,4,set15,alt2,20260909989
988,4,set16,alt2,20260909989
988,4,set17,alt2,20260909989
988,4,set20,alt1,20260909989
988,4,set21,alt1,20260909989
988,4,set23,alt1,20260909989
988,4,set26,alt1,20260909989
988,4,set27,alt1,20260909989
988,4,set32,alt1,20260909989
988,4,set34,alt2,20260909989
988,4,set43,alt2,20260909989
989,4,set14,alt1,20260909990
989,4,set15,alt2,20260909990
989,4,set16,alt1,20260909990
989,4,set17,alt2,20260909990
989,4,set20,alt1,20260909990
989,4,set21,alt1,20260909990
989,4,set23,alt1,20260909990
989,4,set26,alt1,20260909990
989,4,set27,alt1,20260909990
989,4,set32,alt1,20260909990
989,4,set34,alt1,20260909990
989,4,set43,alt1,20260909990
990,4,set14,alt2,20260909991
990,4,set15,alt2,20260909991
990,4,set16,alt1,20260909991
990,4,set17,alt1,20260909991
990,4,set20,alt1,20260909991
990,4,set21,alt1,20260909991
990,4,set23,alt1,20260909991
990,4,set26,alt1,20260909991
990,4,set27,alt2,20260909991
990,4,set32,alt1,20260909991
990,4,set34,alt2,20260909991
990,4,set43,alt1,20260909991
991,4,set14,alt1,20260909992
991,4,set15,alt2,20260909992
991,4,set16,alt1,20260909992
991,4,set17,alt2,20260909992
991,4,set20,alt1,20260909992
991,4,set21,alt1,20260909992
991,4,set23,alt1,20260909992
991,4,set26,alt1,20260909992
991,4,set27,alt1,20260909992
991,4,set32,alt1,20260909992
991,4,set34,alt1,20260909992
991,4,set43,alt1,20260909992
992,3,set3,alt1,20260909993
992,3,set4,alt2,20260909993
992,3,set12,alt1,20260909993
992,3,set22,alt1,20260909993
992,3,set24,alt1,20260909993
992,3,set25,alt1,20260909993
992,3,set28,alt1,20260909993
992,3,set29,alt1,20260909993
992,3,set30,alt2,20260909993
992,3,set31,alt2,20260909993
992,3,set39,alt2,20260909993
992,3,set47,alt2,20260909993
993,3,set3,alt2,20260909994
993,3,set4,alt1,20260909994
993,3,set12,alt1,20260909994
993,3,set22,alt2,20260909994
993,3,set24,alt1,20260909994
993,3,set25,alt2,20260909994
993,3,set28,alt2,20260909994
993,3,set29,alt1,20260909994
993,3,set30,alt1,20260909994
993,3,set31,alt2,20260909994
993,3,set39,alt1,20260909994
993,3,set47,alt1,20260909994
994,2,set1,alt2,20260909995
994,2,set2,alt1,20260909995
994,2,set7,alt2,20260909995
994,2,set8,alt1,20260909995
994,2,set10,alt2,20260909995
994,2,set13,alt1,20260909995
994,2,set36,alt2,20260909995
994,2,set38,alt1,20260909995
994,2,set40,alt2,20260909995
994,2,set44,alt2,20260909995
994,2,set45,alt2,20260909995
994,2,set46,alt2,20260909995
995,4,set14,alt1,20260909996
995,4,set15,alt2,20260909996
995,4,set16,alt2,20260909996
995,4,set17,alt2,20260909996
995,4,set20,alt1,20260909996
995,4,set21,alt1,20260909996
995,4,set23,alt1,20260909996
995,4,set26,alt1,20260909996
995,4,set27,alt1,20260909996
995,4,set32,alt1,20260909996
995,4,set34,alt2,20260909996
995,4,set43,alt2,20260909996
996,1,set5,alt2,20260909997
996,1,set6,alt1,20260909997
996,1,set9,alt2,20260909997
996,1,set11,alt2,20260909997
996,1,set18,alt2,20260909997
996,1,set19,alt2,20260909997
996,1,set33,alt1,20260909997
996,1,set35,alt2,20260909997
996,1,set37,alt1,20260909997
996,1,set41,alt1,20260909997
996,1,set42,alt2,20260909997
996,1,set48,alt2,20260909997
997,2,set1,alt2,20260909998
997,2,set2,alt1,20260909998
997,2,set7,alt1,20260909998
997,2,set8,alt1,20260909998
997,2,set10,alt1,20260909998
997,2,set13,alt1,20260909998
997,2,set36,alt2,20260909998
997,2,set38,alt2,20260909998
997,2,set40,alt2,20260909998
997,2,set44,alt1,20260909998
997,2,set45,alt2,20260909998
997,2,set46,alt1,20260909998
998,4,set14,alt2,20260909999
998,4,set15,alt2,20260909999
998,4,set16,alt1,20260909999
998,4,set17,alt1,20260909999
998,4,set20,alt1,20260909999
998,4,set21,alt1,20260909999
998,4,set23,alt1,20260909999
998,4,set26,alt1,20260909999
998,4,set27,alt2,20260909999
998,4,set32,alt1,20260909999
998,4,set34,alt2,20260909999
998,4,set43,alt1,20260909999
999,4,set14,alt1,20260910000
999,4,set15,alt2,20260910000
999,4,set16,alt2,20260910000
999,4,set17,alt2,20260910000
999,4,set20,alt1,20260910000
999,4,set21,alt1,20260910000
999,4,set23,alt1,20260910000
999,4,set26,alt1,20260910000
999,4,set27,alt1,20260910000
999,4,set32,alt1,20260910000
999,4,set34,alt2,20260910000
999,4,set43,alt2,20260910000
1000,2,set1,alt2,20260910001
1000,2,set2,alt1,20260910001
1000,2,set7,alt1,20260910001
1000,2,set8,alt1,20260910001
1000,2,set10,alt2,20260910001
1000,2,set13,alt1,20260910001
1000,2,set36,alt2,20260910001
1000,2,set38,alt2,20260910001
1000,2,set40,alt2,20260910001
1000,2,set44,alt1,20260910001
1000,2,set45,alt2,20260910001
1000,2,set46,alt1,20260910001
1001,4,set14,alt1,20260910002
1001,4,set15,alt2,20260910002
1001,4,set16,alt2,20260910002
1001,4,set17,alt2,20260910002
1001,4,set20,alt1,20260910002
1001,4,set21,alt1,20260910002
1001,4,set23,alt1,20260910002
1001,4,set26,alt1,20260910002
1001,4,set27,alt1,20260910002
1001,4,set32,alt1,20260910002
1001,4,set34,alt2,20260910002
1001,4,set43,alt2,20260910002
1002,1,set5,alt2,20260910003
1002,1,set6,alt1,20260910003
1002,1,set9,alt2,20260910003
1002,1,set11,alt2,20260910003
1002,1,set18,alt2,20260910003
1002,1,set19,alt2,20260910003
1002,1,set33,alt1,20260910003
1002,1,set35,alt2,20260910003
1002,1,set37,alt1,20260910003
1002,1,set41,alt1,20260910003
1002,1,set42,alt2,20260910003
1002,1,set48,alt2,20260910003
1003,1,set5,alt1,20260910004
1003,1,set6,alt1,20260910004
1003,1,set9,alt1,20260910004
1003,1,set11,alt2,20260910004
1003,1,set18,alt1,20260910004
1003,1,set19,alt1,20260910004
1003,1,set33,alt2,20260910004
1003,1,set35,alt2,20260910004
1003,1,set37,alt1,20260910004
1003,1,set41,alt1,20260910004
1003,1,set42,alt2,20260910004
1003,1,set48,alt2,20260910004
1004,1,set5,alt2,20260910005
1004,1,set6,alt1,20260910005
1004,1,set9,alt2,20260910005
1004,1,set11,alt2,20260910005
1004,1,set18,alt2,20260910005
1004,1,set19,alt2,20260910005
1004,1,set33,alt1,20260910005
1004,1,set35,alt2,20260910005
1004,1,set37,alt1,20260910005
1004,1,set41,alt1,20260910005
1004,1,set42,alt2,20260910005
1004,1,set48,alt2,20260910005
1005,4,set14,alt1,20260910006
1005,4,set15,alt2,20260910006
1005,4,set16,alt2,20260910006
1005,4,set17,alt2,20260910006
1005,4,set20,alt1,20260910006
1005,4,set21,alt1,20260910006
1005,4,set23,alt1,20260910006
1005,4,set26,alt1,20260910006
1005,4,set27,alt1,20260910006
1005,4,set32,alt1,20260910006
1005,4,set34,alt2,20260910006
1005,4,set43,alt2,20260910006
1006,1,set5,alt2,20260910007
1006,1,set6,alt2,20260910007
1006,1,set9,alt2,20260910007
1006,1,set11,alt2,20260910007
1006,1,set18,alt1,20260910007
1006,1,set19,alt2,20260910007
1006,1,set33,alt1,20260910007
1006,1,set35,alt2,20260910007
1006,1,set37,alt1,20260910007
1006,1,set41,alt1,20260910007
1006,1,set42,alt2,20260910007
1006,1,set48,alt2,20260910007
1007,4,set14,alt1,20260910008
1007,4,set15,alt2,20260910008
1007,4,set16,alt2,20260910008
1007,4,set17,alt2,20260910008
1007,4,set20,alt1,20260910008
1007,4,set21,alt1,20260910008
1007,4,set23,alt1,20260910008
1007,4,set26,alt1,20260910008
1007,4,set27,alt1,20260910008
1007,4,set32,alt1,20260910008
1007,4,set34,alt2,20260910008
1007,4,set43,alt2,20260910008
1008,1,set5,alt2,20260910009
1008,1,set6,alt1,20260910009
1008,1,set9,alt2,20260910009
1008,1,set11,alt2,20260910009
1008,1,set18,alt2,20260910009
1008,1,set19,alt2,20260910009
1008,1,set33,alt1,20260910009
1008,1,set35,alt2,20260910009
1008,1,set37,alt1,20260910009
1008,1,set41,alt1,20260910009
1008,1,set42,alt2,20260910009
1008,1,set48,alt2,20260910009
1009,4,set14,alt1,20260910010
1009,4,set15,alt2,20260910010
1009,4,set16,alt2,20260910010
1009,4,set17,alt2,20260910010
1009,4,set20,alt1,20260910010
1009,4,set21,alt1,20260910010
1009,4,set23,alt1,20260910010
1009,4,set26,alt1,20260910010
1009,4,set27,alt1,20260910010
1009,4,set32,alt1,20260910010
1009,4,set34,alt2,20260910010
1009,4,set43,alt2,20260910010
1010,4,set14,alt1,20260910011
1010,4,set15,alt1,20260910011
1010,4,set16,alt1,20260910011
1010,4,set17,alt1,20260910011
1010,4,set20,alt1,20260910011
1010,4,set21,alt1,20260910011
1010,4,set23,alt1,20260910011
1010,4,set26,alt1,20260910011
1010,4,set27,alt1,20260910011
1010,4,set32,alt1,20260910011
1010,4,set34,alt2,20260910011
1010,4,set43,alt1,20260910011
1011,4,set14,alt2,20260910012
1011,4,set15,alt2,20260910012
1011,4,set16,alt1,20260910012
1011,4,set17,alt1,20260910012
1011,4,set20,alt1,20260910012
1011,4,set21,alt2,20260910012
1011,4,set23,alt1,20260910012
1011,4,set26,alt1,20260910012
1011,4,set27,alt2,20260910012
1011,4,set32,alt1,20260910012
1011,4,set34,alt2,20260910012
1011,4,set43,alt2,20260910012
1012,4,set14,alt1,20260910013
1012,4,set15,alt2,20260910013
1012,4,set16,alt2,20260910013
1012,4,set17,alt2,20260910013
1012,4,set20,alt1,20260910013
1012,4,set21,alt1,20260910013
1012,4,set23,alt1,20260910013
1012,4,set26,alt1,20260910013
1012,4,set27,alt1,20260910013
1012,4,set32,alt1,20260910013
1012,4,set34,alt2,20260910013
1012,4,set43,alt2,20260910013
1013,1,set5,alt1,20260910014
1013,1,set6,alt1,20260910014
1013,1,set9,alt1,20260910014
1013,1,set11,alt2,20260910014
1013,1,set18,alt1,20260910014
1013,1,set19,alt1,20260910014
1013,1,set33,alt2,20260910014
1013,1,set35,alt2,20260910014
1013,1,set37,alt1,20260910014
1013,1,set41,alt1,20260910014
1013,1,set42,alt2,20260910014
1013,1,set48,alt2,20260910014
1014,1,set5,alt1,20260910015
1014,1,set6,alt2,20260910015
1014,1,set9,alt1,20260910015
1014,1,set11,alt2,20260910015
1014,1,set18,alt1,20260910015
1014,1,set19,alt2,20260910015
1014,1,set33,alt1,20260910015
1014,1,set35,alt2,20260910015
1014,1,set37,alt1,20260910015
1014,1,set41,alt1,20260910015
1014,1,set42,alt1,20260910015
1014,1,set48,alt2,20260910015
1015,1,set5,alt2,20260910016
1015,1,set6,alt1,20260910016
1015,1,set9,alt2,20260910016
1015,1,set11,alt2,20260910016
1015,1,set18,alt2,20260910016
1015,1,set19,alt2,20260910016
1015,1,set33,alt1,20260910016
1015,1,set35,alt2,20260910016
1015,1,set37,alt1,20260910016
1015,1,set41,alt1,20260910016
1015,1,set42,alt2,20260910016
1015,1,set48,alt2,20260910016
1016,3,set3,alt1,20260910017
1016,3,set4,alt2,20260910017
1016,3,set12,alt1,20260910017
1016,3,set22,alt1,20260910017
1016,3,set24,alt1,20260910017
1016,3,set25,alt1,20260910017
1016,3,set28,alt1,20260910017
1016,3,set29,alt1,20260910017
1016,3,set30,alt2,20260910017
1016,3,set31,alt2,20260910017
1016,3,set39,alt2,20260910017
1016,3,set47,alt2,20260910017
1017,2,set1,alt2,20260910018
1017,2,set2,alt1,20260910018
1017,2,set7,alt1,20260910018
1017,2,set8,alt1,20260910018
1017,2,set10,alt1,20260910018
1017,2,set13,alt1,20260910018
1017,2,set36,alt2,20260910018
1017,2,set38,alt2,20260910018
1017,2,set40,alt2,20260910018
1017,2,set44,alt1,20260910018
1017,2,set45,alt2,20260910018
1017,2,set46,alt1,20260910018
1018,2,set1,alt2,20260910019
1018,2,set2,alt1,20260910019
1018,2,set7,alt1,20260910019
1018,2,set8,alt1,20260910019
1018,2,set10,alt1,20260910019
1018,2,set13,alt1,20260910019
1018,2,set36,alt2,20260910019
1018,2,set38,alt2,20260910019
1018,2,set40,alt2,20260910019
1018,2,set44,alt1,20260910019
1018,2,set45,alt2,20260910019
1018,2,set46,alt1,20260910019
1019,1,set5,alt2,20260910020
1019,1,set6,alt2,20260910020
1019,1,set9,alt2,20260910020
1019,1,set11,alt2,20260910020
1019,1,set18,alt1,20260910020
1019,1,set19,alt2,20260910020
1019,1,set33,alt1,20260910020
1019,1,set35,alt2,20260910020
1019,1,set37,alt1,20260910020
1019,1,set41,alt1,20260910020
1019,1,set42,alt2,20260910020
1019,1,set48,alt2,20260910020
1020,2,set1,alt2,20260910021
1020,2,set2,alt1,20260910021
1020,2,set7,alt1,20260910021
1020,2,set8,alt1,20260910021
1020,2,set10,alt1,20260910021
1020,2,set13,alt1,20260910021
1020,2,set36,alt2,20260910021
1020,2,set38,alt2,20260910021
1020,2,set40,alt2,20260910021
1020,2,set44,alt1,20260910021
1020,2,set45,alt2,20260910021
1020,2,set46,alt1,20260910021
1021,1,set5,alt2,20260910022
1021,1,set6,alt1,20260910022
1021,1,set9,alt2,20260910022
1021,1,set11,alt2,20260910022
1021,1,set18,alt2,20260910022
1021,1,set19,alt2,20260910022
1021,1,set33,alt1,20260910022
1021,1,set35,alt2,20260910022
1021,1,set37,alt1,20260910022
1021,1,set41,alt1,20260910022
1021,1,set42,alt2,20260910022
1021,1,set48,alt2,20260910022
1022,1,set5,alt2,20260910023
1022,1,set6,alt1,20260910023
1022,1,set9,alt2,20260910023
1022,1,set11,alt2,20260910023
1022,1,set18,alt2,20260910023
1022,1,set19,alt2,20260910023
1022,1,set33,alt1,20260910023
1022,1,set35,alt2,20260910023
1022,1,set37,alt1,20260910023
1022,1,set41,alt1,20260910023
1022,1,set42,alt2,20260910023
1022,1,set48,alt2,20260910023
1023,3,set3,alt2,20260910024
1023,3,set4,alt1,20260910024
1023,3,set12,alt1,20260910024
1023,3,set22,alt2,20260910024
1023,3,set24,alt1,20260910024
1023,3,set25,alt2,20260910024
1023,3,set28,alt2,20260910024
1023,3,set29,alt1,20260910024
1023,3,set30,alt2,20260910024
1023,3,set31,alt1,20260910024
1023,3,set39,alt1,20260910024
1023,3,set47,alt2,20260910024
1024,4,set14,alt1,20260910025
1024,4,set15,alt2,20260910025
1024,4,set16,alt2,20260910025
1024,4,set17,alt2,20260910025
1024,4,set20,alt1,20260910025
1024,4,set21,alt1,20260910025
1024,4,set23,alt1,20260910025
1024,4,set26,alt1,20260910025
1024,4,set27,alt1,20260910025
1024,4,set32,alt1,20260910025
1024,4,set34,alt2,20260910025
1024,4,set43,alt2,20260910025
1025,1,set5,alt2,20260910026
1025,1,set6,alt2,20260910026
1025,1,set9,alt2,20260910026
1025,1,set11,alt2,20260910026
1025,1,set18,alt2,20260910026
1025,1,set19,alt1,20260910026
1025,1,set33,alt1,20260910026
1025,1,set35,alt2,20260910026
1025,1,set37,alt1,20260910026
1025,1,set41,alt2,20260910026
1025,1,set42,alt2,20260910026
1025,1,set48,alt2,20260910026
1026,1,set5,alt1,20260910027
1026,1,set6,alt1,20260910027
1026,1,set9,alt1,20260910027
1026,1,set11,alt2,20260910027
1026,1,set18,alt1,20260910027
1026,1,set19,alt1,20260910027
1026,1,set33,alt2,20260910027
1026,1,set35,alt2,20260910027
1026,1,set37,alt1,20260910027
1026,1,set41,alt1,20260910027
1026,1,set42,alt2,20260910027
1026,1,set48,alt2,20260910027
1027,4,set14,alt1,20260910028
1027,4,set15,alt1,20260910028
1027,4,set16,alt1,20260910028
1027,4,set17,alt1,20260910028
1027,4,set20,alt1,20260910028
1027,4,set21,alt1,20260910028
1027,4,set23,alt1,20260910028
1027,4,set26,alt1,20260910028
1027,4,set27,alt1,20260910028
1027,4,set32,alt1,20260910028
1027,4,set34,alt2,20260910028
1027,4,set43,alt1,20260910028
1028,2,set1,alt2,20260910029
1028,2,set2,alt1,20260910029
1028,2,set7,alt1,20260910029
1028,2,set8,alt1,20260910029
1028,2,set10,alt2,20260910029
1028,2,set13,alt1,20260910029
1028,2,set36,alt2,20260910029
1028,2,set38,alt2,20260910029
1028,2,set40,alt2,20260910029
1028,2,set44,alt1,20260910029
1028,2,set45,alt2,20260910029
1028,2,set46,alt1,20260910029
1029,1,set5,alt1,20260910030
1029,1,set6,alt1,20260910030
1029,1,set9,alt1,20260910030
1029,1,set11,alt2,20260910030
1029,1,set18,alt1,20260910030
1029,1,set19,alt1,20260910030
1029,1,set33,alt2,20260910030
1029,1,set35,alt2,20260910030
1029,1,set37,alt1,20260910030
1029,1,set41,alt1,20260910030
1029,1,set42,alt2,20260910030
1029,1,set48,alt2,20260910030
1030,2,set1,alt2,20260910031
1030,2,set2,alt1,20260910031
1030,2,set7,alt1,20260910031
1030,2,set8,alt1,20260910031
1030,2,set10,alt1,20260910031
1030,2,set13,alt1,20260910031
1030,2,set36,alt2,20260910031
1030,2,set38,alt2,20260910031
1030,2,set40,alt2,20260910031
1030,2,set44,alt1,20260910031
1030,2,set45,alt2,20260910031
1030,2,set46,alt1,20260910031
1031,1,set5,alt1,20260910032
1031,1,set6,alt1,20260910032
1031,1,set9,alt1,20260910032
1031,1,set11,alt2,20260910032
1031,1,set18,alt1,20260910032
1031,1,set19,alt1,20260910032
1031,1,set33,alt2,20260910032
1031,1,set35,alt2,20260910032
1031,1,set37,alt1,20260910032
1031,1,set41,alt1,20260910032
1031,1,set42,alt2,20260910032
1031,1,set48,alt2,20260910032
1032,3,set3,alt2,20260910033
1032,3,set4,alt1,20260910033
1032,3,set12,alt1,20260910033
1032,3,set22,alt2,20260910033
1032,3,set24,alt1,20260910033
1032,3,set25,alt2,20260910033
1032,3,set28,alt2,20260910033
1032,3,set29,alt1,20260910033
1032,3,set30,alt2,20260910033
1032,3,set31,alt1,20260910033
1032,3,set39,alt1,20260910033
1032,3,set47,alt2,20260910033
1033,1,set5,alt2,20260910034
1033,1,set6,alt1,20260910034
1033,1,set9,alt2,20260910034
1033,1,set11,alt2,20260910034
1033,1,set18,alt2,20260910034
1033,1,set19,alt2,20260910034
1033,1,set33,alt1,20260910034
1033,1,set35,alt2,20260910034
1033,1,set37,alt1,20260910034
1033,1,set41,alt1,20260910034
1033,1,set42,alt2,20260910034
1033,1,set48,alt2,20260910034
1034,2,set1,alt2,20260910035
1034,2,set2,alt1,20260910035
1034,2,set7,alt1,20260910035
1034,2,set8,alt1,20260910035
1034,2,set10,alt1,20260910035
1034,2,set13,alt1,20260910035
1034,2,set36,alt2,20260910035
1034,2,set38,alt2,20260910035
1034,2,set40,alt2,20260910035
1034,2,set44,alt1,20260910035
1034,2,set45,alt2,20260910035
1034,2,set46,alt1,20260910035
1035,1,set5,alt2,20260910036
1035,1,set6,alt2,20260910036
1035,1,set9,alt2,20260910036
1035,1,set11,alt2,20260910036
1035,1,set18,alt2,20260910036
1035,1,set19,alt2,20260910036
1035,1,set33,alt1,20260910036
1035,1,set35,alt2,20260910036
1035,1,set37,alt1,20260910036
1035,1,set41,alt2,20260910036
1035,1,set42,alt2,20260910036
1035,1,set48,alt2,20260910036
1036,1,set5,alt2,20260910037
1036,1,set6,alt1,20260910037
1036,1,set9,alt2,20260910037
1036,1,set11,alt2,20260910037
1036,1,set18,alt2,20260910037
1036,1,set19,alt2,20260910037
1036,1,set33,alt1,20260910037
1036,1,set35,alt2,20260910037
1036,1,set37,alt1,20260910037
1036,1,set41,alt1,20260910037
1036,1,set42,alt2,20260910037
1036,1,set48,alt2,20260910037
1037,1,set5,alt2,20260910038
1037,1,set6,alt2,20260910038
1037,1,set9,alt2,20260910038
1037,1,set11,alt2,20260910038
1037,1,set18,alt2,20260910038
1037,1,set19,alt2,20260910038
1037,1,set33,alt1,20260910038
1037,1,set35,alt2,20260910038
1037,1,set37,alt1,20260910038
1037,1,set41,alt2,20260910038
1037,1,set42,alt2,20260910038
1037,1,set48,alt2,20260910038
1038,2,set1,alt2,20260910039
1038,2,set2,alt1,20260910039
1038,2,set7,alt1,20260910039
1038,2,set8,alt1,20260910039
1038,2,set10,alt1,20260910039
1038,2,set13,alt1,20260910039
1038,2,set36,alt2,20260910039
1038,2,set38,alt2,20260910039
1038,2,set40,alt2,20260910039
1038,2,set44,alt1,20260910039
1038,2,set45,alt2,20260910039
1038,2,set46,alt1,20260910039
1039,4,set14,alt1,20260910040
1039,4,set15,alt2,20260910040
1039,4,set16,alt2,20260910040
1039,4,set17,alt2,20260910040
1039,4,set20,alt1,20260910040
1039,4,set21,alt1,20260910040
1039,4,set23,alt1,20260910040
1039,4,set26,alt1,20260910040
1039,4,set27,alt1,20260910040
1039,4,set32,alt1,20260910040
1039,4,set34,alt2,20260910040
1039,4,set43,alt2,20260910040
1040,2,set1,alt2,20260910041
1040,2,set2,alt1,20260910041
1040,2,set7,alt1,20260910041
1040,2,set8,alt1,20260910041
1040,2,set10,alt1,20260910041
1040,2,set13,alt1,20260910041
1040,2,set36,alt2,20260910041
1040,2,set38,alt2,20260910041
1040,2,set40,alt2,20260910041
1040,2,set44,alt1,20260910041
1040,2,set45,alt2,20260910041
1040,2,set46,alt1,20260910041
1041,1,set5,alt2,20260910042
1041,1,set6,alt2,20260910042
1041,1,set9,alt2,20260910042
1041,1,set11,alt2,20260910042
1041,1,set18,alt2,20260910042
1041,1,set19,alt2,20260910042
1041,1,set33,alt1,20260910042
1041,1,set35,alt2,20260910042
1041,1,set37,alt1,20260910042
1041,1,set41,alt2,20260910042
1041,1,set42,alt2,20260910042
1041,1,set48,alt2,20260910042
1042,1,set5,alt2,20260910043
1042,1,set6,alt2,20260910043
1042,1,set9,alt2,20260910043
1042,1,set11,alt2,20260910043
1042,1,set18,alt1,20260910043
1042,1,set19,alt2,20260910043
1042,1,set33,alt1,20260910043
1042,1,set35,alt2,20260910043
1042,1,set37,alt1,20260910043
1042,1,set41,alt1,20260910043
1042,1,set42,alt2,20260910043
1042,1,set48,alt2,20260910043
1043,1,set5,alt2,20260910044
1043,1,set6,alt2,20260910044
1043,1,set9,alt2,20260910044
1043,1,set11,alt2,20260910044
1043,1,set18,alt2,20260910044
1043,1,set19,alt2,20260910044
1043,1,set33,alt1,20260910044
1043,1,set35,alt2,20260910044
1043,1,set37,alt1,20260910044
1043,1,set41,alt2,20260910044
1043,1,set42,alt2,20260910044
1043,1,set48,alt2,20260910044
1044,2,set1,alt2,20260910045
1044,2,set2,alt1,20260910045
1044,2,set7,alt1,20260910045
1044,2,set8,alt1,20260910045
1044,2,set10,alt2,20260910045
1044,2,set13,alt1,20260910045
1044,2,set36,alt2,20260910045
1044,2,set38,alt2,20260910045
1044,2,set40,alt2,20260910045
1044,2,set44,alt1,20260910045
1044,2,set45,alt2,20260910045
1044,2,set46,alt1,20260910045
1045,1,set5,alt1,20260910046
1045,1,set6,alt1,20260910046
1045,1,set9,alt1,20260910046
1045,1,set11,alt2,20260910046
1045,1,set18,alt1,20260910046
1045,1,set19,alt1,20260910046
1045,1,set33,alt2,20260910046
1045,1,set35,alt2,20260910046
1045,1,set37,alt1,20260910046
1045,1,set41,alt1,20260910046
1045,1,set42,alt2,20260910046
1045,1,set48,alt2,20260910046
1046,1,set5,alt2,20260910047
1046,1,set6,alt1,20260910047
1046,1,set9,alt2,20260910047
1046,1,set11,alt2,20260910047
1046,1,set18,alt2,20260910047
1046,1,set19,alt2,20260910047
1046,1,set33,alt1,20260910047
1046,1,set35,alt2,20260910047
1046,1,set37,alt1,20260910047
1046,1,set41,alt1,20260910047
1046,1,set42,alt2,20260910047
1046,1,set48,alt2,20260910047
1047,3,set3,alt1,20260910048
1047,3,set4,alt2,20260910048
1047,3,set12,alt1,20260910048
1047,3,set22,alt1,20260910048
1047,3,set24,alt1,20260910048
1047,3,set25,alt1,20260910048
1047,3,set28,alt1,20260910048
1047,3,set29,alt1,20260910048
1047,3,set30,alt2,20260910048
1047,3,set31,alt2,20260910048
1047,3,set39,alt2,20260910048
1047,3,set47,alt2,20260910048
1048,2,set1,alt2,20260910049
1048,2,set2,alt1,20260910049
1048,2,set7,alt1,20260910049
1048,2,set8,alt1,20260910049
1048,2,set10,alt2,20260910049
1048,2,set13,alt1,20260910049
1048,2,set36,alt2,20260910049
1048,2,set38,alt2,20260910049
1048,2,set40,alt2,20260910049
1048,2,set44,alt1,20260910049
1048,2,set45,alt2,20260910049
1048,2,set46,alt1,20260910049
1049,1,set5,alt2,20260910050
1049,1,set6,alt2,20260910050
1049,1,set9,alt2,20260910050
1049,1,set11,alt2,20260910050
1049,1,set18,alt2,20260910050
1049,1,set19,alt2,20260910050
1049,1,set33,alt1,20260910050
1049,1,set35,alt2,20260910050
1049,1,set37,alt1,20260910050
1049,1,set41,alt2,20260910050
1049,1,set42,alt2,20260910050
1049,1,set48,alt2,20260910050
1050,2,set1,alt2,20260910051
1050,2,set2,alt1,20260910051
1050,2,set7,alt1,20260910051
1050,2,set8,alt1,20260910051
1050,2,set10,alt1,20260910051
1050,2,set13,alt1,20260910051
1050,2,set36,alt2,20260910051
1050,2,set38,alt2,20260910051
1050,2,set40,alt2,20260910051
1050,2,set44,alt1,20260910051
1050,2,set45,alt2,20260910051
1050,2,set46,alt1,20260910051
1051,4,set14,alt1,20260910052
1051,4,set15,alt1,20260910052
1051,4,set16,alt1,20260910052
1051,4,set17,alt1,20260910052
1051,4,set20,alt1,20260910052
1051,4,set21,alt1,20260910052
1051,4,set23,alt1,20260910052
1051,4,set26,alt1,20260910052
1051,4,set27,alt1,20260910052
1051,4,set32,alt1,20260910052
1051,4,set34,alt2,20260910052
1051,4,set43,alt1,20260910052
1052,2,set1,alt2,20260910053
1052,2,set2,alt1,20260910053
1052,2,set7,alt1,20260910053
1052,2,set8,alt1,20260910053
1052,2,set10,alt1,20260910053
1052,2,set13,alt1,20260910053
1052,2,set36,alt2,20260910053
1052,2,set38,alt2,20260910053
1052,2,set40,alt2,20260910053
1052,2,set44,alt1,20260910053
1052,2,set45,alt2,20260910053
1052,2,set46,alt1,20260910053
1053,3,set3,alt1,20260910054
1053,3,set4,alt2,20260910054
1053,3,set12,alt1,20260910054
1053,3,set22,alt1,20260910054
1053,3,set24,alt1,20260910054
1053,3,set25,alt1,20260910054
1053,3,set28,alt1,20260910054
1053,3,set29,alt1,20260910054
1053,3,set30,alt2,20260910054
1053,3,set31,alt2,20260910054
1053,3,set39,alt2,20260910054
1053,3,set47,alt2,20260910054
1054,4,set14,alt1,20260910055
1054,4,set15,alt2,20260910055
1054,4,set16,alt2,20260910055
1054,4,set17,alt2,20260910055
1054,4,set20,alt1,20260910055
1054,4,set21,alt1,20260910055
1054,4,set23,alt1,20260910055
1054,4,set26,alt1,20260910055
1054,4,set27,alt1,20260910055
1054,4,set32,alt1,20260910055
1054,4,set34,alt2,20260910055
1054,4,set43,alt2,20260910055
1055,1,set5,alt2,20260910056
1055,1,set6,alt1,20260910056
1055,1,set9,alt2,20260910056
1055,1,set11,alt2,20260910056
1055,1,set18,alt2,20260910056
1055,1,set19,alt2,20260910056
1055,1,set33,alt1,20260910056
1055,1,set35,alt2,20260910056
1055,1,set37,alt1,20260910056
1055,1,set41,alt1,20260910056
1055,1,set42,alt2,20260910056
1055,1,set48,alt2,20260910056
1056,4,set14,alt1,20260910057
1056,4,set15,alt2,20260910057
1056,4,set16,alt2,20260910057
1056,4,set17,alt2,20260910057
1056,4,set20,alt1,20260910057
1056,4,set21,alt1,20260910057
1056,4,set23,alt1,20260910057
1056,4,set26,alt1,20260910057
1056,4,set27,alt1,20260910057
1056,4,set32,alt1,20260910057
1056,4,set34,alt2,20260910057
1056,4,set43,alt2,20260910057
1057,3,set3,alt1,20260910058
1057,3,set4,alt2,20260910058
1057,3,set12,alt1,20260910058
1057,3,set22,alt1,20260910058
1057,3,set24,alt1,20260910058
1057,3,set25,alt1,20260910058
1057,3,set28,alt1,20260910058
1057,3,set29,alt1,20260910058
1057,3,set30,alt2,20260910058
1057,3,set31,alt2,20260910058
1057,3,set39,alt2,20260910058
1057,3,set47,alt2,20260910058
1058,3,set3,alt2,20260910059
1058,3,set4,alt1,20260910059
1058,3,set12,alt1,20260910059
1058,3,set22,alt2,20260910059
1058,3,set24,alt1,20260910059
1058,3,set25,alt2,20260910059
1058,3,set28,alt2,20260910059
1058,3,set29,alt1,20260910059
1058,3,set30,alt2,20260910059
1058,3,set31,alt1,20260910059
1058,3,set39,alt1,20260910059
1058,3,set47,alt2,20260910059
1059,2,set1,alt2,20260910060
1059,2,set2,alt1,20260910060
1059,2,set7,alt1,20260910060
1059,2,set8,alt1,20260910060
1059,2,set10,alt1,20260910060
1059,2,set13,alt1,20260910060
1059,2,set36,alt2,20260910060
1059,2,set38,alt2,20260910060
1059,2,set40,alt2,20260910060
1059,2,set44,alt1,20260910060
1059,2,set45,alt2,20260910060
1059,2,set46,alt1,20260910060
1060,3,set3,alt1,20260910061
1060,3,set4,alt2,20260910061
1060,3,set12,alt1,20260910061
1060,3,set22,alt1,20260910061
1060,3,set24,alt1,20260910061
1060,3,set25,alt1,20260910061
1060,3,set28,alt1,20260910061
1060,3,set29,alt1,20260910061
1060,3,set30,alt2,20260910061
1060,3,set31,alt2,20260910061
1060,3,set39,alt2,20260910061
1060,3,set47,alt2,20260910061
1061,3,set3,alt1,20260910062
1061,3,set4,alt2,20260910062
1061,3,set12,alt1,20260910062
1061,3,set22,alt1,20260910062
1061,3,set24,alt1,20260910062
1061,3,set25,alt1,20260910062
1061,3,set28,alt1,20260910062
1061,3,set29,alt1,20260910062
1061,3,set30,alt2,20260910062
1061,3,set31,alt2,20260910062
1061,3,set39,alt2,20260910062
1061,3,set47,alt2,20260910062
1062,4,set14,alt1,20260910063
1062,4,set15,alt2,20260910063
1062,4,set16,alt2,20260910063
1062,4,set17,alt2,20260910063
1062,4,set20,alt1,20260910063
1062,4,set21,alt1,20260910063
1062,4,set23,alt1,20260910063
1062,4,set26,alt1,20260910063
1062,4,set27,alt1,20260910063
1062,4,set32,alt1,20260910063
1062,4,set34,alt2,20260910063
1062,4,set43,alt2,20260910063
1063,4,set14,alt1,20260910064
1063,4,set15,alt2,20260910064
1063,4,set16,alt2,20260910064
1063,4,set17,alt2,20260910064
1063,4,set20,alt1,20260910064
1063,4,set21,alt1,20260910064
1063,4,set23,alt1,20260910064
1063,4,set26,alt1,20260910064
1063,4,set27,alt1,20260910064
1063,4,set32,alt1,20260910064
1063,4,set34,alt2,20260910064
1063,4,set43,alt2,20260910064
1064,3,set3,alt1,20260910065
1064,3,set4,alt2,20260910065
1064,3,set12,alt1,20260910065
1064,3,set22,alt1,20260910065
1064,3,set24,alt1,20260910065
1064,3,set25,alt1,20260910065
1064,3,set28,alt1,20260910065
1064,3,set29,alt1,20260910065
1064,3,set30,alt2,20260910065
1064,3,set31,alt2,20260910065
1064,3,set39,alt2,20260910065
1064,3,set47,alt2,20260910065
1065,2,set1,alt2,20260910066
1065,2,set2,alt1,20260910066
1065,2,set7,alt1,20260910066
1065,2,set8,alt1,20260910066
1065,2,set10,alt1,20260910066
1065,2,set13,alt1,20260910066
1065,2,set36,alt2,20260910066
1065,2,set38,alt2,20260910066
1065,2,set40,alt2,20260910066
1065,2,set44,alt1,20260910066
1065,2,set45,alt2,20260910066
1065,2,set46,alt1,20260910066
1066,1,set5,alt1,20260910067
1066,1,set6,alt2,20260910067
1066,1,set9,alt1,20260910067
1066,1,set11,alt2,20260910067
1066,1,set18,alt1,20260910067
1066,1,set19,alt2,20260910067
1066,1,set33,alt1,20260910067
1066,1,set35,alt2,20260910067
1066,1,set37,alt1,20260910067
1066,1,set41,alt1,20260910067
1066,1,set42,alt1,20260910067
1066,1,set48,alt2,20260910067
1067,4,set14,alt1,20260910068
1067,4,set15,alt2,20260910068
1067,4,set16,alt2,20260910068
1067,4,set17,alt2,20260910068
1067,4,set20,alt1,20260910068
1067,4,set21,alt1,20260910068
1067,4,set23,alt1,20260910068
1067,4,set26,alt1,20260910068
1067,4,set27,alt1,20260910068
1067,4,set32,alt1,20260910068
1067,4,set34,alt2,20260910068
1067,4,set43,alt2,20260910068
1068,4,set14,alt1,20260910069
1068,4,set15,alt1,20260910069
1068,4,set16,alt1,20260910069
1068,4,set17,alt1,20260910069
1068,4,set20,alt1,20260910069
1068,4,set21,alt1,20260910069
1068,4,set23,alt1,20260910069
1068,4,set26,alt1,20260910069
1068,4,set27,alt1,20260910069
1068,4,set32,alt1,20260910069
1068,4,set34,alt2,20260910069
1068,4,set43,alt1,20260910069
1069,1,set5,alt2,20260910070
1069,1,set6,alt2,20260910070
1069,1,set9,alt2,20260910070
1069,1,set11,alt2,20260910070
1069,1,set18,alt1,20260910070
1069,1,set19,alt2,20260910070
1069,1,set33,alt1,20260910070
1069,1,set35,alt2,20260910070
1069,1,set37,alt1,20260910070
1069,1,set41,alt1,20260910070
1069,1,set42,alt2,20260910070
1069,1,set48,alt2,20260910070
1070,3,set3,alt1,20260910071
1070,3,set4,alt2,20260910071
1070,3,set12,alt1,20260910071
1070,3,set22,alt1,20260910071
1070,3,set24,alt1,20260910071
1070,3,set25,alt1,20260910071
1070,3,set28,alt1,20260910071
1070,3,set29,alt1,20260910071
1070,3,set30,alt2,20260910071
1070,3,set31,alt2,20260910071
1070,3,set39,alt2,20260910071
1070,3,set47,alt2,20260910071
1071,3,set3,alt1,20260910072
1071,3,set4,alt2,20260910072
1071,3,set12,alt1,20260910072
1071,3,set22,alt1,20260910072
1071,3,set24,alt1,20260910072
1071,3,set25,alt1,20260910072
1071,3,set28,alt1,20260910072
1071,3,set29,alt1,20260910072
1071,3,set30,alt2,20260910072
1071,3,set31,alt2,20260910072
1071,3,set39,alt2,20260910072
1071,3,set47,alt2,20260910072
1072,2,set1,alt2,20260910073
1072,2,set2,alt1,20260910073
1072,2,set7,alt1,20260910073
1072,2,set8,alt1,20260910073
1072,2,set10,alt1,20260910073
1072,2,set13,alt1,20260910073
1072,2,set36,alt2,20260910073
1072,2,set38,alt2,20260910073
1072,2,set40,alt2,20260910073
1072,2,set44,alt1,20260910073
1072,2,set45,alt2,20260910073
1072,2,set46,alt1,20260910073
1073,1,set5,alt2,20260910074
1073,1,set6,alt1,20260910074
1073,1,set9,alt2,20260910074
1073,1,set11,alt2,20260910074
1073,1,set18,alt2,20260910074
1073,1,set19,alt2,20260910074
1073,1,set33,alt1,20260910074
1073,1,set35,alt2,20260910074
1073,1,set37,alt1,20260910074
1073,1,set41,alt1,20260910074
1073,1,set42,alt2,20260910074
1073,1,set48,alt2,20260910074
1074,2,set1,alt2,20260910075
1074,2,set2,alt1,20260910075
1074,2,set7,alt1,20260910075
1074,2,set8,alt1,20260910075
1074,2,set10,alt1,20260910075
1074,2,set13,alt1,20260910075
1074,2,set36,alt1,20260910075
1074,2,set38,alt2,20260910075
1074,2,set40,alt1,20260910075
1074,2,set44,alt2,20260910075
1074,2,set45,alt2,20260910075
1074,2,set46,alt2,20260910075
1075,3,set3,alt1,20260910076
1075,3,set4,alt2,20260910076
1075,3,set12,alt1,20260910076
1075,3,set22,alt1,20260910076
1075,3,set24,alt1,20260910076
1075,3,set25,alt1,20260910076
1075,3,set28,alt1,20260910076
1075,3,set29,alt1,20260910076
1075,3,set30,alt2,20260910076
1075,3,set31,alt2,20260910076
1075,3,set39,alt2,20260910076
1075,3,set47,alt2,20260910076
1076,3,set3,alt1,20260910077
1076,3,set4,alt2,20260910077
1076,3,set12,alt1,20260910077
1076,3,set22,alt1,20260910077
1076,3,set24,alt1,20260910077
1076,3,set25,alt1,20260910077
1076,3,set28,alt1,20260910077
1076,3,set29,alt1,20260910077
1076,3,set30,alt2,20260910077
1076,3,set31,alt2,20260910077
1076,3,set39,alt2,20260910077
1076,3,set47,alt2,20260910077
1077,1,set5,alt2,20260910078
1077,1,set6,alt2,20260910078
1077,1,set9,alt2,20260910078
1077,1,set11,alt2,20260910078
1077,1,set18,alt1,20260910078
1077,1,set19,alt2,20260910078
1077,1,set33,alt1,20260910078
1077,1,set35,alt2,20260910078
1077,1,set37,alt1,20260910078
1077,1,set41,alt1,20260910078
1077,1,set42,alt2,20260910078
1077,1,set48,alt2,20260910078
1078,3,set3,alt1,20260910079
1078,3,set4,alt2,20260910079
1078,3,set12,alt1,20260910079
1078,3,set22,alt1,20260910079
1078,3,set24,alt1,20260910079
1078,3,set25,alt1,20260910079
1078,3,set28,alt1,20260910079
1078,3,set29,alt1,20260910079
1078,3,set30,alt2,20260910079
1078,3,set31,alt2,20260910079
1078,3,set39,alt2,20260910079
1078,3,set47,alt2,20260910079
1079,2,set1,alt2,20260910080
1079,2,set2,alt1,20260910080
1079,2,set7,alt1,20260910080
1079,2,set8,alt1,20260910080
1079,2,set10,alt2,20260910080
1079,2,set13,alt1,20260910080
1079,2,set36,alt2,20260910080
1079,2,set38,alt2,20260910080
1079,2,set40,alt2,20260910080
1079,2,set44,alt1,20260910080
1079,2,set45,alt2,20260910080
1079,2,set46,alt1,20260910080
1080,3,set3,alt1,20260910081
1080,3,set4,alt2,20260910081
1080,3,set12,alt1,20260910081
1080,3,set22,alt1,20260910081
1080,3,set24,alt1,20260910081
1080,3,set25,alt1,20260910081
1080,3,set28,alt1,20260910081
1080,3,set29,alt1,20260910081
1080,3,set30,alt2,20260910081
1080,3,set31,alt2,20260910081
1080,3,set39,alt2,20260910081
1080,3,set47,alt2,20260910081
1081,2,set1,alt2,20260910082
1081,2,set2,alt1,20260910082
1081,2,set7,alt1,20260910082
1081,2,set8,alt1,20260910082
1081,2,set10,alt1,20260910082
1081,2,set13,alt1,20260910082
1081,2,set36,alt2,20260910082
1081,2,set38,alt2,20260910082
1081,2,set40,alt2,20260910082
1081,2,set44,alt1,20260910082
1081,2,set45,alt2,20260910082
1081,2,set46,alt1,20260910082
1082,4,set14,alt1,20260910083
1082,4,set15,alt2,20260910083
1082,4,set16,alt2,20260910083
1082,4,set17,alt2,20260910083
1082,4,set20,alt1,20260910083
1082,4,set21,alt1,20260910083
1082,4,set23,alt1,20260910083
1082,4,set26,alt1,20260910083
1082,4,set27,alt1,20260910083
1082,4,set32,alt1,20260910083
1082,4,set34,alt2,20260910083
1082,4,set43,alt2,20260910083
1083,3,set3,alt1,20260910084
1083,3,set4,alt2,20260910084
1083,3,set12,alt1,20260910084
1083,3,set22,alt1,20260910084
1083,3,set24,alt1,20260910084
1083,3,set25,alt1,20260910084
1083,3,set28,alt1,20260910084
1083,3,set29,alt1,20260910084
1083,3,set30,alt2,20260910084
1083,3,set31,alt2,20260910084
1083,3,set39,alt2,20260910084
1083,3,set47,alt2,20260910084
1084,4,set14,alt2,20260910085
1084,4,set15,alt2,20260910085
1084,4,set16,alt1,20260910085
1084,4,set17,alt1,20260910085
1084,4,set20,alt1,20260910085
1084,4,set21,alt1,20260910085
1084,4,set23,alt1,20260910085
1084,4,set26,alt1,20260910085
1084,4,set27,alt2,20260910085
1084,4,set32,alt1,20260910085
1084,4,set34,alt2,20260910085
1084,4,set43,alt1,20260910085
1085,4,set14,alt1,20260910086
1085,4,set15,alt2,20260910086
1085,4,set16,alt2,20260910086
1085,4,set17,alt2,20260910086
1085,4,set20,alt1,20260910086
1085,4,set21,alt1,20260910086
1085,4,set23,alt1,20260910086
1085,4,set26,alt1,20260910086
1085,4,set27,alt1,20260910086
1085,4,set32,alt1,20260910086
1085,4,set34,alt2,20260910086
1085,4,set43,alt2,20260910086
1086,4,set14,alt1,20260910087
1086,4,set15,alt1,20260910087
1086,4,set16,alt1,20260910087
1086,4,set17,alt1,20260910087
1086,4,set20,alt1,20260910087
1086,4,set21,alt1,20260910087
1086,4,set23,alt1,20260910087
1086,4,set26,alt1,20260910087
1086,4,set27,alt1,20260910087
1086,4,set32,alt1,20260910087
1086,4,set34,alt2,20260910087
1086,4,set43,alt1,20260910087
1087,2,set1,alt2,20260910088
1087,2,set2,alt1,20260910088
1087,2,set7,alt1,20260910088
1087,2,set8,alt1,20260910088
1087,2,set10,alt1,20260910088
1087,2,set13,alt1,20260910088
1087,2,set36,alt2,20260910088
1087,2,set38,alt2,20260910088
1087,2,set40,alt2,20260910088
1087,2,set44,alt1,20260910088
1087,2,set45,alt2,20260910088
1087,2,set46,alt1,20260910088
1088,3,set3,alt1,20260910089
1088,3,set4,alt2,20260910089
1088,3,set12,alt1,20260910089
1088,3,set22,alt1,20260910089
1088,3,set24,alt1,20260910089
1088,3,set25,alt1,20260910089
1088,3,set28,alt1,20260910089
1088,3,set29,alt1,20260910089
1088,3,set30,alt2,20260910089
1088,3,set31,alt2,20260910089
1088,3,set39,alt2,20260910089
1088,3,set47,alt2,20260910089
1089,4,set14,alt2,20260910090
1089,4,set15,alt2,20260910090
1089,4,set16,alt1,20260910090
1089,4,set17,alt1,20260910090
1089,4,set20,alt1,20260910090
1089,4,set21,alt1,20260910090
1089,4,set23,alt1,20260910090
1089,4,set26,alt1,20260910090
1089,4,set27,alt2,20260910090
1089,4,set32,alt1,20260910090
1089,4,set34,alt2,20260910090
1089,4,set43,alt1,20260910090
1090,4,set14,alt1,20260910091
1090,4,set15,alt1,20260910091
1090,4,set16,alt1,20260910091
1090,4,set17,alt1,20260910091
1090,4,set20,alt1,20260910091
1090,4,set21,alt1,20260910091
1090,4,set23,alt1,20260910091
1090,4,set26,alt1,20260910091
1090,4,set27,alt1,20260910091
1090,4,set32,alt1,20260910091
1090,4,set34,alt2,20260910091
1090,4,set43,alt1,20260910091
1091,1,set5,alt2,20260910092
1091,1,set6,alt1,20260910092
1091,1,set9,alt2,20260910092
1091,1,set11,alt2,20260910092
1091,1,set18,alt2,20260910092
1091,1,set19,alt2,20260910092
1091,1,set33,alt1,20260910092
1091,1,set35,alt2,20260910092
1091,1,set37,alt1,20260910092
1091,1,set41,alt1,20260910092
1091,1,set42,alt2,20260910092
1091,1,set48,alt2,20260910092
1092,3,set3,alt1,20260910093
1092,3,set4,alt2,20260910093
1092,3,set12,alt1,20260910093
1092,3,set22,alt1,20260910093
1092,3,set24,alt1,20260910093
1092,3,set25,alt1,20260910093
1092,3,set28,alt1,20260910093
1092,3,set29,alt1,20260910093
1092,3,set30,alt2,20260910093
1092,3,set31,alt2,20260910093
1092,3,set39,alt2,20260910093
1092,3,set47,alt2,20260910093
1093,1,set5,alt1,20260910094
1093,1,set6,alt1,20260910094
1093,1,set9,alt1,20260910094
1093,1,set11,alt2,20260910094
1093,1,set18,alt1,20260910094
1093,1,set19,alt1,20260910094
1093,1,set33,alt2,20260910094
1093,1,set35,alt2,20260910094
1093,1,set37,alt1,20260910094
1093,1,set41,alt1,20260910094
1093,1,set42,alt2,20260910094
1093,1,set48,alt2,20260910094
1094,4,set14,alt1,20260910095
1094,4,set15,alt2,20260910095
1094,4,set16,alt2,20260910095
1094,4,set17,alt2,20260910095
1094,4,set20,alt1,20260910095
1094,4,set21,alt1,20260910095
1094,4,set23,alt1,20260910095
1094,4,set26,alt1,20260910095
1094,4,set27,alt1,20260910095
1094,4,set32,alt1,20260910095
1094,4,set34,alt2,20260910095
1094,4,set43,alt2,20260910095
1095,3,set3,alt1,20260910096
1095,3,set4,alt2,20260910096
1095,3,set12,alt1,20260910096
1095,3,set22,alt1,20260910096
1095,3,set24,alt1,20260910096
1095,3,set25,alt1,20260910096
1095,3,set28,alt1,20260910096
1095,3,set29,alt1,20260910096
1095,3,set30,alt2,20260910096
1095,3,set31,alt2,20260910096
1095,3,set39,alt2,20260910096
1095,3,set47,alt2,20260910096
1096,1,set5,alt2,20260910097
1096,1,set6,alt1,20260910097
1096,1,set9,alt2,20260910097
1096,1,set11,alt2,20260910097
1096,1,set18,alt2,20260910097
1096,1,set19,alt2,20260910097
1096,1,set33,alt1,20260910097
1096,1,set35,alt2,20260910097
1096,1,set37,alt1,20260910097
1096,1,set41,alt1,20260910097
1096,1,set42,alt2,20260910097
1096,1,set48,alt2,20260910097
1097,2,set1,alt2,20260910098
1097,2,set2,alt1,20260910098
1097,2,set7,alt1,20260910098
1097,2,set8,alt1,20260910098
1097,2,set10,alt2,20260910098
1097,2,set13,alt1,20260910098
1097,2,set36,alt2,20260910098
1097,2,set38,alt2,20260910098
1097,2,set40,alt2,20260910098
1097,2,set44,alt1,20260910098
1097,2,set45,alt2,20260910098
1097,2,set46,alt1,20260910098
1098,3,set3,alt1,20260910099
1098,3,set4,alt2,20260910099
1098,3,set12,alt1,20260910099
1098,3,set22,alt1,20260910099
1098,3,set24,alt1,20260910099
1098,3,set25,alt1,20260910099
1098,3,set28,alt1,20260910099
1098,3,set29,alt1,20260910099
1098,3,set30,alt2,20260910099
1098,3,set31,alt2,20260910099
1098,3,set39,alt2,20260910099
1098,3,set47,alt2,20260910099
1099,2,set1,alt2,20260910100
1099,2,set2,alt1,20260910100
1099,2,set7,alt1,20260910100
1099,2,set8,alt1,20260910100
1099,2,set10,alt1,20260910100
1099,2,set13,alt1,20260910100
1099,2,set36,alt2,20260910100
1099,2,set38,alt2,20260910100
1099,2,set40,alt2,20260910100
1099,2,set44,alt1,20260910100
1099,2,set45,alt2,20260910100
1099,2,set46,alt1,20260910100
1100,2,set1,alt2,20260910101
1100,2,set2,alt1,20260910101
1100,2,set7,alt1,20260910101
1100,2,set8,alt1,20260910101
1100,2,set10,alt2,20260910101
1100,2,set13,alt1,20260910101
1100,2,set36,alt2,20260910101
1100,2,set38,alt2,20260910101
1100,2,set40,alt2,20260910101
1100,2,set44,alt1,20260910101
1100,2,set45,alt2,20260910101
1100,2,set46,alt1,20260910101
1101,2,set1,alt2,20260910102
1101,2,set2,alt1,20260910102
1101,2,set7,alt1,20260910102
1101,2,set8,alt1,20260910102
1101,2,set10,alt2,20260910102
1101,2,set13,alt1,20260910102
1101,2,set36,alt2,20260910102
1101,2,set38,alt2,20260910102
1101,2,set40,alt2,20260910102
1101,2,set44,alt1,20260910102
1101,2,set45,alt2,20260910102
1101,2,set46,alt1,20260910102
1102,2,set1,alt2,20260910103
1102,2,set2,alt1,20260910103
1102,2,set7,alt1,20260910103
1102,2,set8,alt1,20260910103
1102,2,set10,alt1,20260910103
1102,2,set13,alt1,20260910103
1102,2,set36,alt2,20260910103
1102,2,set38,alt2,20260910103
1102,2,set40,alt2,20260910103
1102,2,set44,alt1,20260910103
1102,2,set45,alt2,20260910103
1102,2,set46,alt1,20260910103
1103,3,set3,alt1,20260910104
1103,3,set4,alt2,20260910104
1103,3,set12,alt1,20260910104
1103,3,set22,alt1,20260910104
1103,3,set24,alt1,20260910104
1103,3,set25,alt1,20260910104
1103,3,set28,alt1,20260910104
1103,3,set29,alt1,20260910104
1103,3,set30,alt2,20260910104
1103,3,set31,alt2,20260910104
1103,3,set39,alt2,20260910104
1103,3,set47,alt2,20260910104
1104,4,set14,alt1,20260910105
1104,4,set15,alt2,20260910105
1104,4,set16,alt2,20260910105
1104,4,set17,alt2,20260910105
1104,4,set20,alt1,20260910105
1104,4,set21,alt1,20260910105
1104,4,set23,alt1,20260910105
1104,4,set26,alt1,20260910105
1104,4,set27,alt1,20260910105
1104,4,set32,alt1,20260910105
1104,4,set34,alt2,20260910105
1104,4,set43,alt2,20260910105
1105,2,set1,alt2,20260910106
1105,2,set2,alt1,20260910106
1105,2,set7,alt1,20260910106
1105,2,set8,alt1,20260910106
1105,2,set10,alt2,20260910106
1105,2,set13,alt1,20260910106
1105,2,set36,alt2,20260910106
1105,2,set38,alt2,20260910106
1105,2,set40,alt2,20260910106
1105,2,set44,alt1,20260910106
1105,2,set45,alt2,20260910106
1105,2,set46,alt1,20260910106
1106,4,set14,alt1,20260910107
1106,4,set15,alt2,20260910107
1106,4,set16,alt1,20260910107
1106,4,set17,alt2,20260910107
1106,4,set20,alt1,20260910107
1106,4,set21,alt1,20260910107
1106,4,set23,alt1,20260910107
1106,4,set26,alt1,20260910107
1106,4,set27,alt1,20260910107
1106,4,set32,alt1,20260910107
1106,4,set34,alt1,20260910107
1106,4,set43,alt1,20260910107
1107,4,set14,alt2,20260910108
1107,4,set15,alt2,20260910108
1107,4,set16,alt1,20260910108
1107,4,set17,alt1,20260910108
1107,4,set20,alt1,20260910108
1107,4,set21,alt1,20260910108
1107,4,set23,alt1,20260910108
1107,4,set26,alt1,20260910108
1107,4,set27,alt2,20260910108
1107,4,set32,alt1,20260910108
1107,4,set34,alt2,20260910108
1107,4,set43,alt1,20260910108
1108,2,set1,alt2,20260910109
1108,2,set2,alt1,20260910109
1108,2,set7,alt1,20260910109
1108,2,set8,alt1,20260910109
1108,2,set10,alt1,20260910109
1108,2,set13,alt1,20260910109
1108,2,set36,alt2,20260910109
1108,2,set38,alt2,20260910109
1108,2,set40,alt2,20260910109
1108,2,set44,alt1,20260910109
1108,2,set45,alt2,20260910109
1108,2,set46,alt1,20260910109
1109,3,set3,alt1,20260910110
1109,3,set4,alt2,20260910110
1109,3,set12,alt1,20260910110
1109,3,set22,alt1,20260910110
1109,3,set24,alt1,20260910110
1109,3,set25,alt1,20260910110
1109,3,set28,alt1,20260910110
1109,3,set29,alt1,20260910110
1109,3,set30,alt2,20260910110
1109,3,set31,alt2,20260910110
1109,3,set39,alt2,20260910110
1109,3,set47,alt2,20260910110
1110,3,set3,alt2,20260910111
1110,3,set4,alt2,20260910111
1110,3,set12,alt1,20260910111
1110,3,set22,alt2,20260910111
1110,3,set24,alt1,20260910111
1110,3,set25,alt1,20260910111
1110,3,set28,alt1,20260910111
1110,3,set29,alt1,20260910111
1110,3,set30,alt2,20260910111
1110,3,set31,alt2,20260910111
1110,3,set39,alt2,20260910111
1110,3,set47,alt2,20260910111
1111,2,set1,alt2,20260910112
1111,2,set2,alt1,20260910112
1111,2,set7,alt2,20260910112
1111,2,set8,alt1,20260910112
1111,2,set10,alt2,20260910112
1111,2,set13,alt1,20260910112
1111,2,set36,alt2,20260910112
1111,2,set38,alt1,20260910112
1111,2,set40,alt2,20260910112
1111,2,set44,alt2,20260910112
1111,2,set45,alt2,20260910112
1111,2,set46,alt2,20260910112
1112,1,set5,alt2,20260910113
1112,1,set6,alt2,20260910113
1112,1,set9,alt2,20260910113
1112,1,set11,alt2,20260910113
1112,1,set18,alt2,20260910113
1112,1,set19,alt2,20260910113
1112,1,set33,alt1,20260910113
1112,1,set35,alt2,20260910113
1112,1,set37,alt1,20260910113
1112,1,set41,alt2,20260910113
1112,1,set42,alt2,20260910113
1112,1,set48,alt2,20260910113
1113,1,set5,alt2,20260910114
1113,1,set6,alt1,20260910114
1113,1,set9,alt2,20260910114
1113,1,set11,alt2,20260910114
1113,1,set18,alt2,20260910114
1113,1,set19,alt2,20260910114
1113,1,set33,alt1,20260910114
1113,1,set35,alt2,20260910114
1113,1,set37,alt1,20260910114
1113,1,set41,alt1,20260910114
1113,1,set42,alt2,20260910114
1113,1,set48,alt2,20260910114
1114,1,set5,alt2,20260910115
1114,1,set6,alt2,20260910115
1114,1,set9,alt2,20260910115
1114,1,set11,alt2,20260910115
1114,1,set18,alt2,20260910115
1114,1,set19,alt2,20260910115
1114,1,set33,alt1,20260910115
1114,1,set35,alt2,20260910115
1114,1,set37,alt1,20260910115
1114,1,set41,alt2,20260910115
1114,1,set42,alt2,20260910115
1114,1,set48,alt2,20260910115
1115,3,set3,alt1,20260910116
1115,3,set4,alt2,20260910116
1115,3,set12,alt1,20260910116
1115,3,set22,alt1,20260910116
1115,3,set24,alt1,20260910116
1115,3,set25,alt1,20260910116
1115,3,set28,alt1,20260910116
1115,3,set29,alt1,20260910116
1115,3,set30,alt2,20260910116
1115,3,set31,alt2,20260910116
1115,3,set39,alt2,20260910116
1115,3,set47,alt2,20260910116
1116,4,set14,alt1,20260910117
1116,4,set15,alt2,20260910117
1116,4,set16,alt2,20260910117
1116,4,set17,alt2,20260910117
1116,4,set20,alt1,20260910117
1116,4,set21,alt1,20260910117
1116,4,set23,alt1,20260910117
1116,4,set26,alt1,20260910117
1116,4,set27,alt1,20260910117
1116,4,set32,alt1,20260910117
1116,4,set34,alt2,20260910117
1116,4,set43,alt2,20260910117
1117,2,set1,alt2,20260910118
1117,2,set2,alt1,20260910118
1117,2,set7,alt1,20260910118
1117,2,set8,alt1,20260910118
1117,2,set10,alt1,20260910118
1117,2,set13,alt1,20260910118
1117,2,set36,alt2,20260910118
1117,2,set38,alt2,20260910118
1117,2,set40,alt2,20260910118
1117,2,set44,alt1,20260910118
1117,2,set45,alt2,20260910118
1117,2,set46,alt1,20260910118
1118,4,set14,alt1,20260910119
1118,4,set15,alt2,20260910119
1118,4,set16,alt2,20260910119
1118,4,set17,alt2,20260910119
1118,4,set20,alt1,20260910119
1118,4,set21,alt1,20260910119
1118,4,set23,alt1,20260910119
1118,4,set26,alt1,20260910119
1118,4,set27,alt1,20260910119
1118,4,set32,alt1,20260910119
1118,4,set34,alt2,20260910119
1118,4,set43,alt2,20260910119
1119,3,set3,alt1,20260910120
1119,3,set4,alt2,20260910120
1119,3,set12,alt1,20260910120
1119,3,set22,alt1,20260910120
1119,3,set24,alt1,20260910120
1119,3,set25,alt1,20260910120
1119,3,set28,alt1,20260910120
1119,3,set29,alt1,20260910120
1119,3,set30,alt2,20260910120
1119,3,set31,alt2,20260910120
1119,3,set39,alt2,20260910120
1119,3,set47,alt2,20260910120
1120,4,set14,alt1,20260910121
1120,4,set15,alt2,20260910121
1120,4,set16,alt2,20260910121
1120,4,set17,alt2,20260910121
1120,4,set20,alt1,20260910121
1120,4,set21,alt1,20260910121
1120,4,set23,alt1,20260910121
1120,4,set26,alt1,20260910121
1120,4,set27,alt1,20260910121
1120,4,set32,alt1,20260910121
1120,4,set34,alt2,20260910121
1120,4,set43,alt2,20260910121
1121,3,set3,alt2,20260910122
1121,3,set4,alt1,20260910122
1121,3,set12,alt1,20260910122
1121,3,set22,alt2,20260910122
1121,3,set24,alt1,20260910122
1121,3,set25,alt2,20260910122
1121,3,set28,alt2,20260910122
1121,3,set29,alt1,20260910122
1121,3,set30,alt2,20260910122
1121,3,set31,alt1,20260910122
1121,3,set39,alt1,20260910122
1121,3,set47,alt2,20260910122
1122,4,set14,alt2,20260910123
1122,4,set15,alt2,20260910123
1122,4,set16,alt1,20260910123
1122,4,set17,alt1,20260910123
1122,4,set20,alt1,20260910123
1122,4,set21,alt1,20260910123
1122,4,set23,alt1,20260910123
1122,4,set26,alt1,20260910123
1122,4,set27,alt2,20260910123
1122,4,set32,alt1,20260910123
1122,4,set34,alt2,20260910123
1122,4,set43,alt1,20260910123
1123,1,set5,alt2,20260910124
1123,1,set6,alt2,20260910124
1123,1,set9,alt2,20260910124
1123,1,set11,alt2,20260910124
1123,1,set18,alt1,20260910124
1123,1,set19,alt2,20260910124
1123,1,set33,alt1,20260910124
1123,1,set35,alt2,20260910124
1123,1,set37,alt1,20260910124
1123,1,set41,alt1,20260910124
1123,1,set42,alt2,20260910124
1123,1,set48,alt2,20260910124
1124,1,set5,alt2,20260910125
1124,1,set6,alt1,20260910125
1124,1,set9,alt2,20260910125
1124,1,set11,alt2,20260910125
1124,1,set18,alt2,20260910125
1124,1,set19,alt2,20260910125
1124,1,set33,alt1,20260910125
1124,1,set35,alt2,20260910125
1124,1,set37,alt1,20260910125
1124,1,set41,alt1,20260910125
1124,1,set42,alt2,20260910125
1124,1,set48,alt2,20260910125
1125,4,set14,alt2,20260910126
1125,4,set15,alt2,20260910126
1125,4,set16,alt1,20260910126
1125,4,set17,alt1,20260910126
1125,4,set20,alt1,20260910126
1125,4,set21,alt1,20260910126
1125,4,set23,alt1,20260910126
1125,4,set26,alt1,20260910126
1125,4,set27,alt2,20260910126
1125,4,set32,alt1,20260910126
1125,4,set34,alt2,20260910126
1125,4,set43,alt1,20260910126
1126,2,set1,alt2,20260910127
1126,2,set2,alt1,20260910127
1126,2,set7,alt1,20260910127
1126,2,set8,alt1,20260910127
1126,2,set10,alt2,20260910127
1126,2,set13,alt1,20260910127
1126,2,set36,alt2,20260910127
1126,2,set38,alt2,20260910127
1126,2,set40,alt2,20260910127
1126,2,set44,alt1,20260910127
1126,2,set45,alt2,20260910127
1126,2,set46,alt1,20260910127
1127,4,set14,alt1,20260910128
1127,4,set15,alt2,20260910128
1127,4,set16,alt2,20260910128
1127,4,set17,alt2,20260910128
1127,4,set20,alt1,20260910128
1127,4,set21,alt1,20260910128
1127,4,set23,alt1,20260910128
1127,4,set26,alt1,20260910128
1127,4,set27,alt1,20260910128
1127,4,set32,alt1,20260910128
1127,4,set34,alt2,20260910128
1127,4,set43,alt2,20260910128
1128,4,set14,alt1,20260910129
1128,4,set15,alt1,20260910129
1128,4,set16,alt1,20260910129
1128,4,set17,alt1,20260910129
1128,4,set20,alt1,20260910129
1128,4,set21,alt1,20260910129
1128,4,set23,alt1,20260910129
1128,4,set26,alt1,20260910129
1128,4,set27,alt1,20260910129
1128,4,set32,alt1,20260910129
1128,4,set34,alt2,20260910129
1128,4,set43,alt1,20260910129
1129,3,set3,alt2,20260910130
1129,3,set4,alt1,20260910130
1129,3,set12,alt1,20260910130
1129,3,set22,alt2,20260910130
1129,3,set24,alt1,20260910130
1129,3,set25,alt2,20260910130
1129,3,set28,alt2,20260910130
1129,3,set29,alt1,20260910130
1129,3,set30,alt1,20260910130
1129,3,set31,alt2,20260910130
1129,3,set39,alt1,20260910130
1129,3,set47,alt1,20260910130
1130,2,set1,alt2,20260910131
1130,2,set2,alt1,20260910131
1130,2,set7,alt1,20260910131
1130,2,set8,alt1,20260910131
1130,2,set10,alt1,20260910131
1130,2,set13,alt1,20260910131
1130,2,set36,alt2,20260910131
1130,2,set38,alt2,20260910131
1130,2,set40,alt2,20260910131
1130,2,set44,alt1,20260910131
1130,2,set45,alt2,20260910131
1130,2,set46,alt1,20260910131
1131,1,set5,alt2,20260910132
1131,1,set6,alt1,20260910132
1131,1,set9,alt2,20260910132
1131,1,set11,alt2,20260910132
1131,1,set18,alt2,20260910132
1131,1,set19,alt2,20260910132
1131,1,set33,alt1,20260910132
1131,1,set35,alt2,20260910132
1131,1,set37,alt1,20260910132
1131,1,set41,alt1,20260910132
1131,1,set42,alt2,20260910132
1131,1,set48,alt2,20260910132
1132,1,set5,alt2,20260910133
1132,1,set6,alt2,20260910133
1132,1,set9,alt2,20260910133
1132,1,set11,alt2,20260910133
1132,1,set18,alt2,20260910133
1132,1,set19,alt2,20260910133
1132,1,set33,alt1,20260910133
1132,1,set35,alt2,20260910133
1132,1,set37,alt1,20260910133
1132,1,set41,alt2,20260910133
1132,1,set42,alt2,20260910133
1132,1,set48,alt2,20260910133
1133,2,set1,alt2,20260910134
1133,2,set2,alt1,20260910134
1133,2,set7,alt1,20260910134
1133,2,set8,alt1,20260910134
1133,2,set10,alt2,20260910134
1133,2,set13,alt1,20260910134
1133,2,set36,alt2,20260910134
1133,2,set38,alt2,20260910134
1133,2,set40,alt2,20260910134
1133,2,set44,alt2,20260910134
1133,2,set45,alt2,20260910134
1133,2,set46,alt2,20260910134
1134,4,set14,alt1,20260910135
1134,4,set15,alt2,20260910135
1134,4,set16,alt2,20260910135
1134,4,set17,alt2,20260910135
1134,4,set20,alt1,20260910135
1134,4,set21,alt1,20260910135
1134,4,set23,alt1,20260910135
1134,4,set26,alt1,20260910135
1134,4,set27,alt1,20260910135
1134,4,set32,alt1,20260910135
1134,4,set34,alt2,20260910135
1134,4,set43,alt2,20260910135
1135,4,set14,alt1,20260910136
1135,4,set15,alt2,20260910136
1135,4,set16,alt2,20260910136
1135,4,set17,alt2,20260910136
1135,4,set20,alt1,20260910136
1135,4,set21,alt1,20260910136
1135,4,set23,alt1,20260910136
1135,4,set26,alt1,20260910136
1135,4,set27,alt1,20260910136
1135,4,set32,alt1,20260910136
1135,4,set34,alt2,20260910136
1135,4,set43,alt2,20260910136
1136,3,set3,alt2,20260910137
1136,3,set4,alt1,20260910137
1136,3,set12,alt1,20260910137
1136,3,set22,alt2,20260910137
1136,3,set24,alt1,20260910137
1136,3,set25,alt2,20260910137
1136,3,set28,alt2,20260910137
1136,3,set29,alt1,20260910137
1136,3,set30,alt2,20260910137
1136,3,set31,alt1,20260910137
1136,3,set39,alt1,20260910137
1136,3,set47,alt2,20260910137
1137,1,set5,alt2,20260910138
1137,1,set6,alt1,20260910138
1137,1,set9,alt2,20260910138
1137,1,set11,alt2,20260910138
1137,1,set18,alt2,20260910138
1137,1,set19,alt2,20260910138
1137,1,set33,alt1,20260910138
1137,1,set35,alt2,20260910138
1137,1,set37,alt1,20260910138
1137,1,set41,alt1,20260910138
1137,1,set42,alt2,20260910138
1137,1,set48,alt2,20260910138
1138,2,set1,alt2,20260910139
1138,2,set2,alt1,20260910139
1138,2,set7,alt1,20260910139
1138,2,set8,alt1,20260910139
1138,2,set10,alt1,20260910139
1138,2,set13,alt1,20260910139
1138,2,set36,alt2,20260910139
1138,2,set38,alt2,20260910139
1138,2,set40,alt2,20260910139
1138,2,set44,alt1,20260910139
1138,2,set45,alt2,20260910139
1138,2,set46,alt1,20260910139
1139,3,set3,alt1,20260910140
1139,3,set4,alt2,20260910140
1139,3,set12,alt1,20260910140
1139,3,set22,alt1,20260910140
1139,3,set24,alt1,20260910140
1139,3,set25,alt1,20260910140
1139,3,set28,alt1,20260910140
1139,3,set29,alt1,20260910140
1139,3,set30,alt2,20260910140
1139,3,set31,alt2,20260910140
1139,3,set39,alt2,20260910140
1139,3,set47,alt2,20260910140
1140,1,set5,alt2,20260910141
1140,1,set6,alt1,20260910141
1140,1,set9,alt2,20260910141
1140,1,set11,alt2,20260910141
1140,1,set18,alt2,20260910141
1140,1,set19,alt2,20260910141
1140,1,set33,alt1,20260910141
1140,1,set35,alt2,20260910141
1140,1,set37,alt1,20260910141
1140,1,set41,alt1,20260910141
1140,1,set42,alt2,20260910141
1140,1,set48,alt2,20260910141
1141,1,set5,alt2,20260910142
1141,1,set6,alt1,20260910142
1141,1,set9,alt2,20260910142
1141,1,set11,alt2,20260910142
1141,1,set18,alt2,20260910142
1141,1,set19,alt2,20260910142
1141,1,set33,alt1,20260910142
1141,1,set35,alt2,20260910142
1141,1,set37,alt1,20260910142
1141,1,set41,alt1,20260910142
1141,1,set42,alt2,20260910142
1141,1,set48,alt2,20260910142
1142,1,set5,alt2,20260910143
1142,1,set6,alt1,20260910143
1142,1,set9,alt2,20260910143
1142,1,set11,alt2,20260910143
1142,1,set18,alt2,20260910143
1142,1,set19,alt2,20260910143
1142,1,set33,alt1,20260910143
1142,1,set35,alt2,20260910143
1142,1,set37,alt1,20260910143
1142,1,set41,alt1,20260910143
1142,1,set42,alt2,20260910143
1142,1,set48,alt2,20260910143
1143,2,set1,alt2,20260910144
1143,2,set2,alt1,20260910144
1143,2,set7,alt2,20260910144
1143,2,set8,alt1,20260910144
1143,2,set10,alt2,20260910144
1143,2,set13,alt1,20260910144
1143,2,set36,alt2,20260910144
1143,2,set38,alt1,20260910144
1143,2,set40,alt2,20260910144
1143,2,set44,alt2,20260910144
1143,2,set45,alt2,20260910144
1143,2,set46,alt2,20260910144
1144,3,set3,alt2,20260910145
1144,3,set4,alt1,20260910145
1144,3,set12,alt1,20260910145
1144,3,set22,alt2,20260910145
1144,3,set24,alt1,20260910145
1144,3,set25,alt2,20260910145
1144,3,set28,alt2,20260910145
1144,3,set29,alt1,20260910145
1144,3,set30,alt2,20260910145
1144,3,set31,alt1,20260910145
1144,3,set39,alt1,20260910145
1144,3,set47,alt2,20260910145
1145,4,set14,alt1,20260910146
1145,4,set15,alt2,20260910146
1145,4,set16,alt2,20260910146
1145,4,set17,alt2,20260910146
1145,4,set20,alt1,20260910146
1145,4,set21,alt1,20260910146
1145,4,set23,alt1,20260910146
1145,4,set26,alt1,20260910146
1145,4,set27,alt1,20260910146
1145,4,set32,alt1,20260910146
1145,4,set34,alt2,20260910146
1145,4,set43,alt2,20260910146
1146,3,set3,alt1,20260910147
1146,3,set4,alt2,20260910147
1146,3,set12,alt1,20260910147
1146,3,set22,alt1,20260910147
1146,3,set24,alt1,20260910147
1146,3,set25,alt1,20260910147
1146,3,set28,alt1,20260910147
1146,3,set29,alt1,20260910147
1146,3,set30,alt2,20260910147
1146,3,set31,alt2,20260910147
1146,3,set39,alt2,20260910147
1146,3,set47,alt2,20260910147
1147,3,set3,alt2,20260910148
1147,3,set4,alt1,20260910148
1147,3,set12,alt1,20260910148
1147,3,set22,alt2,20260910148
1147,3,set24,alt1,20260910148
1147,3,set25,alt2,20260910148
1147,3,set28,alt2,20260910148
1147,3,set29,alt1,20260910148
1147,3,set30,alt2,20260910148
1147,3,set31,alt1,20260910148
1147,3,set39,alt1,20260910148
1147,3,set47,alt2,20260910148
1148,4,set14,alt1,20260910149
1148,4,set15,alt2,20260910149
1148,4,set16,alt2,20260910149
1148,4,set17,alt2,20260910149
1148,4,set20,alt1,20260910149
1148,4,set21,alt1,20260910149
1148,4,set23,alt1,20260910149
1148,4,set26,alt1,20260910149
1148,4,set27,alt1,20260910149
1148,4,set32,alt1,20260910149
1148,4,set34,alt2,20260910149
1148,4,set43,alt2,20260910149
1149,2,set1,alt2,20260910150
1149,2,set2,alt1,20260910150
1149,2,set7,alt1,20260910150
1149,2,set8,alt1,20260910150
1149,2,set10,alt2,20260910150
1149,2,set13,alt1,20260910150
1149,2,set36,alt2,20260910150
1149,2,set38,alt2,20260910150
1149,2,set40,alt2,20260910150
1149,2,set44,alt1,20260910150
1149,2,set45,alt2,20260910150
1149,2,set46,alt1,20260910150
1150,2,set1,alt2,20260910151
1150,2,set2,alt1,20260910151
1150,2,set7,alt1,20260910151
1150,2,set8,alt1,20260910151
1150,2,set10,alt1,20260910151
1150,2,set13,alt1,20260910151
1150,2,set36,alt2,20260910151
1150,2,set38,alt2,20260910151
1150,2,set40,alt2,20260910151
1150,2,set44,alt1,20260910151
1150,2,set45,alt2,20260910151
1150,2,set46,alt1,20260910151
1151,1,set5,alt2,20260910152
1151,1,set6,alt1,20260910152
1151,1,set9,alt2,20260910152
1151,1,set11,alt2,20260910152
1151,1,set18,alt2,20260910152
1151,1,set19,alt2,20260910152
1151,1,set33,alt1,20260910152
1151,1,set35,alt2,20260910152
1151,1,set37,alt1,20260910152
1151,1,set41,alt1,20260910152
1151,1,set42,alt2,20260910152
1151,1,set48,alt2,20260910152
1152,4,set14,alt1,20260910153
1152,4,set15,alt2,20260910153
1152,4,set16,alt2,20260910153
1152,4,set17,alt2,20260910153
1152,4,set20,alt1,20260910153
1152,4,set21,alt1,20260910153
1152,4,set23,alt1,20260910153
1152,4,set26,alt1,20260910153
1152,4,set27,alt1,20260910153
1152,4,set32,alt1,20260910153
1152,4,set34,alt2,20260910153
1152,4,set43,alt2,20260910153
1153,1,set5,alt2,20260910154
1153,1,set6,alt2,20260910154
1153,1,set9,alt2,20260910154
1153,1,set11,alt2,20260910154
1153,1,set18,alt2,20260910154
1153,1,set19,alt2,20260910154
1153,1,set33,alt1,20260910154
1153,1,set35,alt2,20260910154
1153,1,set37,alt1,20260910154
1153,1,set41,alt2,20260910154
1153,1,set42,alt2,20260910154
1153,1,set48,alt2,20260910154
1154,4,set14,alt1,20260910155
1154,4,set15,alt2,20260910155
1154,4,set16,alt2,20260910155
1154,4,set17,alt2,20260910155
1154,4,set20,alt1,20260910155
1154,4,set21,alt1,20260910155
1154,4,set23,alt1,20260910155
1154,4,set26,alt1,20260910155
1154,4,set27,alt1,20260910155
1154,4,set32,alt1,20260910155
1154,4,set34,alt2,20260910155
1154,4,set43,alt2,20260910155
1155,1,set5,alt2,20260910156
1155,1,set6,alt2,20260910156
1155,1,set9,alt2,20260910156
1155,1,set11,alt2,20260910156
1155,1,set18,alt2,20260910156
1155,1,set19,alt2,20260910156
1155,1,set33,alt1,20260910156
1155,1,set35,alt2,20260910156
1155,1,set37,alt1,20260910156
1155,1,set41,alt2,20260910156
1155,1,set42,alt2,20260910156
1155,1,set48,alt2,20260910156
1156,2,set1,alt2,20260910157
1156,2,set2,alt1,20260910157
1156,2,set7,alt1,20260910157
1156,2,set8,alt1,20260910157
1156,2,set10,alt2,20260910157
1156,2,set13,alt1,20260910157
1156,2,set36,alt2,20260910157
1156,2,set38,alt2,20260910157
1156,2,set40,alt2,20260910157
1156,2,set44,alt1,20260910157
1156,2,set45,alt2,20260910157
1156,2,set46,alt1,20260910157
1157,2,set1,alt2,20260910158
1157,2,set2,alt1,20260910158
1157,2,set7,alt1,20260910158
1157,2,set8,alt1,20260910158
1157,2,set10,alt1,20260910158
1157,2,set13,alt1,20260910158
1157,2,set36,alt2,20260910158
1157,2,set38,alt2,20260910158
1157,2,set40,alt2,20260910158
1157,2,set44,alt1,20260910158
1157,2,set45,alt2,20260910158
1157,2,set46,alt1,20260910158
1158,1,set5,alt2,20260910159
1158,1,set6,alt2,20260910159
1158,1,set9,alt2,20260910159
1158,1,set11,alt2,20260910159
1158,1,set18,alt2,20260910159
1158,1,set19,alt2,20260910159
1158,1,set33,alt1,20260910159
1158,1,set35,alt2,20260910159
1158,1,set37,alt1,20260910159
1158,1,set41,alt2,20260910159
1158,1,set42,alt2,20260910159
1158,1,set48,alt2,20260910159
1159,4,set14,alt1,20260910160
1159,4,set15,alt2,20260910160
1159,4,set16,alt2,20260910160
1159,4,set17,alt2,20260910160
1159,4,set20,alt1,20260910160
1159,4,set21,alt1,20260910160
1159,4,set23,alt1,20260910160
1159,4,set26,alt1,20260910160
1159,4,set27,alt1,20260910160
1159,4,set32,alt1,20260910160
1159,4,set34,alt2,20260910160
1159,4,set43,alt2,20260910160
1160,2,set1,alt2,20260910161
1160,2,set2,alt1,20260910161
1160,2,set7,alt1,20260910161
1160,2,set8,alt1,20260910161
1160,2,set10,alt1,20260910161
1160,2,set13,alt1,20260910161
1160,2,set36,alt2,20260910161
1160,2,set38,alt2,20260910161
1160,2,set40,alt2,20260910161
1160,2,set44,alt1,20260910161
1160,2,set45,alt2,20260910161
1160,2,set46,alt1,20260910161
1161,3,set3,alt1,20260910162
1161,3,set4,alt2,20260910162
1161,3,set12,alt1,20260910162
1161,3,set22,alt1,20260910162
1161,3,set24,alt1,20260910162
1161,3,set25,alt1,20260910162
1161,3,set28,alt1,20260910162
1161,3,set29,alt1,20260910162
1161,3,set30,alt2,20260910162
1161,3,set31,alt2,20260910162
1161,3,set39,alt2,20260910162
1161,3,set47,alt2,20260910162
1162,1,set5,alt1,20260910163
1162,1,set6,alt1,20260910163
1162,1,set9,alt1,20260910163
1162,1,set11,alt2,20260910163
1162,1,set18,alt1,20260910163
1162,1,set19,alt1,20260910163
1162,1,set33,alt2,20260910163
1162,1,set35,alt2,20260910163
1162,1,set37,alt1,20260910163
1162,1,set41,alt1,20260910163
1162,1,set42,alt2,20260910163
1162,1,set48,alt2,20260910163
1163,1,set5,alt2,20260910164
1163,1,set6,alt1,20260910164
1163,1,set9,alt2,20260910164
1163,1,set11,alt2,20260910164
1163,1,set18,alt2,20260910164
1163,1,set19,alt2,20260910164
1163,1,set33,alt1,20260910164
1163,1,set35,alt2,20260910164
1163,1,set37,alt1,20260910164
1163,1,set41,alt1,20260910164
1163,1,set42,alt2,20260910164
1163,1,set48,alt2,20260910164
1164,3,set3,alt2,20260910165
1164,3,set4,alt1,20260910165
1164,3,set12,alt1,20260910165
1164,3,set22,alt2,20260910165
1164,3,set24,alt1,20260910165
1164,3,set25,alt2,20260910165
1164,3,set28,alt2,20260910165
1164,3,set29,alt1,20260910165
1164,3,set30,alt2,20260910165
1164,3,set31,alt1,20260910165
1164,3,set39,alt1,20260910165
1164,3,set47,alt2,20260910165
1165,2,set1,alt2,20260910166
1165,2,set2,alt1,20260910166
1165,2,set7,alt1,20260910166
1165,2,set8,alt1,20260910166
1165,2,set10,alt2,20260910166
1165,2,set13,alt1,20260910166
1165,2,set36,alt2,20260910166
1165,2,set38,alt2,20260910166
1165,2,set40,alt2,20260910166
1165,2,set44,alt2,20260910166
1165,2,set45,alt2,20260910166
1165,2,set46,alt2,20260910166
1166,2,set1,alt2,20260910167
1166,2,set2,alt1,20260910167
1166,2,set7,alt1,20260910167
1166,2,set8,alt1,20260910167
1166,2,set10,alt2,20260910167
1166,2,set13,alt1,20260910167
1166,2,set36,alt2,20260910167
1166,2,set38,alt2,20260910167
1166,2,set40,alt2,20260910167
1166,2,set44,alt1,20260910167
1166,2,set45,alt2,20260910167
1166,2,set46,alt1,20260910167
1167,2,set1,alt2,20260910168
1167,2,set2,alt1,20260910168
1167,2,set7,alt1,20260910168
1167,2,set8,alt1,20260910168
1167,2,set10,alt1,20260910168
1167,2,set13,alt1,20260910168
1167,2,set36,alt2,20260910168
1167,2,set38,alt2,20260910168
1167,2,set40,alt2,20260910168
1167,2,set44,alt1,20260910168
1167,2,set45,alt2,20260910168
1167,2,set46,alt1,20260910168
1168,4,set14,alt1,20260910169
1168,4,set15,alt2,20260910169
1168,4,set16,alt1,20260910169
1168,4,set17,alt2,20260910169
1168,4,set20,alt1,20260910169
1168,4,set21,alt1,20260910169
1168,4,set23,alt1,20260910169
1168,4,set26,alt1,20260910169
1168,4,set27,alt1,20260910169
1168,4,set32,alt1,20260910169
1168,4,set34,alt1,20260910169
1168,4,set43,alt1,20260910169
1169,4,set14,alt1,20260910170
1169,4,set15,alt2,20260910170
1169,4,set16,alt2,20260910170
1169,4,set17,alt2,20260910170
1169,4,set20,alt1,20260910170
1169,4,set21,alt1,20260910170
1169,4,set23,alt1,20260910170
1169,4,set26,alt1,20260910170
1169,4,set27,alt1,20260910170
1169,4,set32,alt1,20260910170
1169,4,set34,alt2,20260910170
1169,4,set43,alt2,20260910170
1170,1,set5,alt1,20260910171
1170,1,set6,alt1,20260910171
1170,1,set9,alt1,20260910171
1170,1,set11,alt2,20260910171
1170,1,set18,alt1,20260910171
1170,1,set19,alt1,20260910171
1170,1,set33,alt2,20260910171
1170,1,set35,alt2,20260910171
1170,1,set37,alt1,20260910171
1170,1,set41,alt1,20260910171
1170,1,set42,alt2,20260910171
1170,1,set48,alt2,20260910171
1171,4,set14,alt2,20260910172
1171,4,set15,alt2,20260910172
1171,4,set16,alt1,20260910172
1171,4,set17,alt1,20260910172
1171,4,set20,alt1,20260910172
1171,4,set21,alt2,20260910172
1171,4,set23,alt1,20260910172
1171,4,set26,alt1,20260910172
1171,4,set27,alt2,20260910172
1171,4,set32,alt1,20260910172
1171,4,set34,alt2,20260910172
1171,4,set43,alt2,20260910172
1172,4,set14,alt2,20260910173
1172,4,set15,alt2,20260910173
1172,4,set16,alt1,20260910173
1172,4,set17,alt1,20260910173
1172,4,set20,alt1,20260910173
1172,4,set21,alt1,20260910173
1172,4,set23,alt1,20260910173
1172,4,set26,alt1,20260910173
1172,4,set27,alt2,20260910173
1172,4,set32,alt1,20260910173
1172,4,set34,alt2,20260910173
1172,4,set43,alt1,20260910173
1173,1,set5,alt1,20260910174
1173,1,set6,alt1,20260910174
1173,1,set9,alt1,20260910174
1173,1,set11,alt2,20260910174
1173,1,set18,alt1,20260910174
1173,1,set19,alt1,20260910174
1173,1,set33,alt2,20260910174
1173,1,set35,alt2,20260910174
1173,1,set37,alt1,20260910174
1173,1,set41,alt1,20260910174
1173,1,set42,alt2,20260910174
1173,1,set48,alt2,20260910174
1174,3,set3,alt1,20260910175
1174,3,set4,alt2,20260910175
1174,3,set12,alt1,20260910175
1174,3,set22,alt1,20260910175
1174,3,set24,alt1,20260910175
1174,3,set25,alt1,20260910175
1174,3,set28,alt1,20260910175
1174,3,set29,alt1,20260910175
1174,3,set30,alt2,20260910175
1174,3,set31,alt2,20260910175
1174,3,set39,alt2,20260910175
1174,3,set47,alt2,20260910175
1175,4,set14,alt2,20260910176
1175,4,set15,alt2,20260910176
1175,4,set16,alt1,20260910176
1175,4,set17,alt1,20260910176
1175,4,set20,alt1,20260910176
1175,4,set21,alt1,20260910176
1175,4,set23,alt1,20260910176
1175,4,set26,alt1,20260910176
1175,4,set27,alt2,20260910176
1175,4,set32,alt1,20260910176
1175,4,set34,alt2,20260910176
1175,4,set43,alt1,20260910176
1176,3,set3,alt1,20260910177
1176,3,set4,alt2,20260910177
1176,3,set12,alt1,20260910177
1176,3,set22,alt1,20260910177
1176,3,set24,alt1,20260910177
1176,3,set25,alt1,20260910177
1176,3,set28,alt1,20260910177
1176,3,set29,alt1,20260910177
1176,3,set30,alt2,20260910177
1176,3,set31,alt2,20260910177
1176,3,set39,alt2,20260910177
1176,3,set47,alt2,20260910177
1177,2,set1,alt2,20260910178
1177,2,set2,alt1,20260910178
1177,2,set7,alt2,20260910178
1177,2,set8,alt1,20260910178
1177,2,set10,alt2,20260910178
1177,2,set13,alt1,20260910178
1177,2,set36,alt2,20260910178
1177,2,set38,alt1,20260910178
1177,2,set40,alt2,20260910178
1177,2,set44,alt2,20260910178
1177,2,set45,alt2,20260910178
1177,2,set46,alt2,20260910178
1178,1,set5,alt2,20260910179
1178,1,set6,alt1,20260910179
1178,1,set9,alt2,20260910179
1178,1,set11,alt2,20260910179
1178,1,set18,alt2,20260910179
1178,1,set19,alt2,20260910179
1178,1,set33,alt1,20260910179
1178,1,set35,alt2,20260910179
1178,1,set37,alt1,20260910179
1178,1,set41,alt1,20260910179
1178,1,set42,alt2,20260910179
1178,1,set48,alt2,20260910179
1179,1,set5,alt2,20260910180
1179,1,set6,alt1,20260910180
1179,1,set9,alt2,20260910180
1179,1,set11,alt2,20260910180
1179,1,set18,alt2,20260910180
1179,1,set19,alt2,20260910180
1179,1,set33,alt1,20260910180
1179,1,set35,alt2,20260910180
1179,1,set37,alt1,20260910180
1179,1,set41,alt1,20260910180
1179,1,set42,alt2,20260910180
1179,1,set48,alt2,20260910180
1180,1,set5,alt2,20260910181
1180,1,set6,alt1,20260910181
1180,1,set9,alt2,20260910181
1180,1,set11,alt2,20260910181
1180,1,set18,alt2,20260910181
1180,1,set19,alt2,20260910181
1180,1,set33,alt1,20260910181
1180,1,set35,alt2,20260910181
1180,1,set37,alt1,20260910181
1180,1,set41,alt1,20260910181
1180,1,set42,alt2,20260910181
1180,1,set48,alt2,20260910181
1181,2,set1,alt2,20260910182
1181,2,set2,alt1,20260910182
1181,2,set7,alt1,20260910182
1181,2,set8,alt1,20260910182
1181,2,set10,alt1,20260910182
1181,2,set13,alt1,20260910182
1181,2,set36,alt2,20260910182
1181,2,set38,alt2,20260910182
1181,2,set40,alt2,20260910182
1181,2,set44,alt1,20260910182
1181,2,set45,alt2,20260910182
1181,2,set46,alt1,20260910182
1182,1,set5,alt2,20260910183
1182,1,set6,alt2,20260910183
1182,1,set9,alt2,20260910183
1182,1,set11,alt2,20260910183
1182,1,set18,alt1,20260910183
1182,1,set19,alt2,20260910183
1182,1,set33,alt1,20260910183
1182,1,set35,alt2,20260910183
1182,1,set37,alt1,20260910183
1182,1,set41,alt1,20260910183
1182,1,set42,alt2,20260910183
1182,1,set48,alt2,20260910183
1183,2,set1,alt2,20260910184
1183,2,set2,alt1,20260910184
1183,2,set7,alt2,20260910184
1183,2,set8,alt1,20260910184
1183,2,set10,alt2,20260910184
1183,2,set13,alt1,20260910184
1183,2,set36,alt2,20260910184
1183,2,set38,alt1,20260910184
1183,2,set40,alt2,20260910184
1183,2,set44,alt2,20260910184
1183,2,set45,alt2,20260910184
1183,2,set46,alt2,20260910184
1184,4,set14,alt2,20260910185
1184,4,set15,alt2,20260910185
1184,4,set16,alt1,20260910185
1184,4,set17,alt1,20260910185
1184,4,set20,alt1,20260910185
1184,4,set21,alt1,20260910185
1184,4,set23,alt1,20260910185
1184,4,set26,alt1,20260910185
1184,4,set27,alt2,20260910185
1184,4,set32,alt1,20260910185
1184,4,set34,alt2,20260910185
1184,4,set43,alt1,20260910185
1185,4,set14,alt1,20260910186
1185,4,set15,alt1,20260910186
1185,4,set16,alt1,20260910186
1185,4,set17,alt1,20260910186
1185,4,set20,alt1,20260910186
1185,4,set21,alt1,20260910186
1185,4,set23,alt1,20260910186
1185,4,set26,alt1,20260910186
1185,4,set27,alt1,20260910186
1185,4,set32,alt1,20260910186
1185,4,set34,alt2,20260910186
1185,4,set43,alt1,20260910186
1186,3,set3,alt2,20260910187
1186,3,set4,alt2,20260910187
1186,3,set12,alt1,20260910187
1186,3,set22,alt2,20260910187
1186,3,set24,alt1,20260910187
1186,3,set25,alt1,20260910187
1186,3,set28,alt1,20260910187
1186,3,set29,alt1,20260910187
1186,3,set30,alt2,20260910187
1186,3,set31,alt2,20260910187
1186,3,set39,alt2,20260910187
1186,3,set47,alt2,20260910187
1187,2,set1,alt2,20260910188
1187,2,set2,alt1,20260910188
1187,2,set7,alt1,20260910188
1187,2,set8,alt1,20260910188
1187,2,set10,alt1,20260910188
1187,2,set13,alt1,20260910188
1187,2,set36,alt2,20260910188
1187,2,set38,alt2,20260910188
1187,2,set40,alt2,20260910188
1187,2,set44,alt1,20260910188
1187,2,set45,alt2,20260910188
1187,2,set46,alt1,20260910188
1188,2,set1,alt2,20260910189
1188,2,set2,alt1,20260910189
1188,2,set7,alt2,20260910189
1188,2,set8,alt1,20260910189
1188,2,set10,alt2,20260910189
1188,2,set13,alt1,20260910189
1188,2,set36,alt2,20260910189
1188,2,set38,alt1,20260910189
1188,2,set40,alt2,20260910189
1188,2,set44,alt2,20260910189
1188,2,set45,alt2,20260910189
1188,2,set46,alt2,20260910189
1189,3,set3,alt1,20260910190
1189,3,set4,alt2,20260910190
1189,3,set12,alt1,20260910190
1189,3,set22,alt1,20260910190
1189,3,set24,alt1,20260910190
1189,3,set25,alt1,20260910190
1189,3,set28,alt1,20260910190
1189,3,set29,alt1,20260910190
1189,3,set30,alt2,20260910190
1189,3,set31,alt2,20260910190
1189,3,set39,alt2,20260910190
1189,3,set47,alt2,20260910190
1190,4,set14,alt1,20260910191
1190,4,set15,alt2,20260910191
1190,4,set16,alt1,20260910191
1190,4,set17,alt2,20260910191
1190,4,set20,alt1,20260910191
1190,4,set21,alt1,20260910191
1190,4,set23,alt1,20260910191
1190,4,set26,alt1,20260910191
1190,4,set27,alt1,20260910191
1190,4,set32,alt1,20260910191
1190,4,set34,alt1,20260910191
1190,4,set43,alt1,20260910191
1191,3,set3,alt1,20260910192
1191,3,set4,alt2,20260910192
1191,3,set12,alt1,20260910192
1191,3,set22,alt1,20260910192
1191,3,set24,alt1,20260910192
1191,3,set25,alt1,20260910192
1191,3,set28,alt1,20260910192
1191,3,set29,alt1,20260910192
1191,3,set30,alt2,20260910192
1191,3,set31,alt2,20260910192
1191,3,set39,alt2,20260910192
1191,3,set47,alt2,20260910192
1192,1,set5,alt2,20260910193
1192,1,set6,alt1,20260910193
1192,1,set9,alt2,20260910193
1192,1,set11,alt2,20260910193
1192,1,set18,alt2,20260910193
1192,1,set19,alt2,20260910193
1192,1,set33,alt1,20260910193
1192,1,set35,alt2,20260910193
1192,1,set37,alt1,20260910193
1192,1,set41,alt1,20260910193
1192,1,set42,alt2,20260910193
1192,1,set48,alt2,20260910193
1193,1,set5,alt2,20260910194
1193,1,set6,alt2,20260910194
1193,1,set9,alt2,20260910194
1193,1,set11,alt2,20260910194
1193,1,set18,alt1,20260910194
1193,1,set19,alt2,20260910194
1193,1,set33,alt1,20260910194
1193,1,set35,alt2,20260910194
1193,1,set37,alt1,20260910194
1193,1,set41,alt1,20260910194
1193,1,set42,alt2,20260910194
1193,1,set48,alt2,20260910194
1194,1,set5,alt2,20260910195
1194,1,set6,alt1,20260910195
1194,1,set9,alt2,20260910195
1194,1,set11,alt2,20260910195
1194,1,set18,alt2,20260910195
1194,1,set19,alt2,20260910195
1194,1,set33,alt1,20260910195
1194,1,set35,alt2,20260910195
1194,1,set37,alt1,20260910195
1194,1,set41,alt1,20260910195
1194,1,set42,alt2,20260910195
1194,1,set48,alt2,20260910195
1195,3,set3,alt2,20260910196
1195,3,set4,alt1,20260910196
1195,3,set12,alt1,20260910196
1195,3,set22,alt2,20260910196
1195,3,set24,alt1,20260910196
1195,3,set25,alt2,20260910196
1195,3,set28,alt2,20260910196
1195,3,set29,alt1,20260910196
1195,3,set30,alt1,20260910196
1195,3,set31,alt2,20260910196
1195,3,set39,alt1,20260910196
1195,3,set47,alt1,20260910196
1196,2,set1,alt2,20260910197
1196,2,set2,alt1,20260910197
1196,2,set7,alt1,20260910197
1196,2,set8,alt1,20260910197
1196,2,set10,alt1,20260910197
1196,2,set13,alt1,20260910197
1196,2,set36,alt2,20260910197
1196,2,set38,alt2,20260910197
1196,2,set40,alt2,20260910197
1196,2,set44,alt1,20260910197
1196,2,set45,alt2,20260910197
1196,2,set46,alt1,20260910197
1197,2,set1,alt2,20260910198
1197,2,set2,alt1,20260910198
1197,2,set7,alt1,20260910198
1197,2,set8,alt1,20260910198
1197,2,set10,alt2,20260910198
1197,2,set13,alt1,20260910198
1197,2,set36,alt2,20260910198
1197,2,set38,alt2,20260910198
1197,2,set40,alt2,20260910198
1197,2,set44,alt1,20260910198
1197,2,set45,alt2,20260910198
1197,2,set46,alt1,20260910198
1198,1,set5,alt1,20260910199
1198,1,set6,alt1,20260910199
1198,1,set9,alt1,20260910199
1198,1,set11,alt2,20260910199
1198,1,set18,alt1,20260910199
1198,1,set19,alt1,20260910199
1198,1,set33,alt2,20260910199
1198,1,set35,alt2,20260910199
1198,1,set37,alt1,20260910199
1198,1,set41,alt1,20260910199
1198,1,set42,alt2,20260910199
1198,1,set48,alt2,20260910199
1199,2,set1,alt2,20260910200
1199,2,set2,alt1,20260910200
1199,2,set7,alt1,20260910200
1199,2,set8,alt1,20260910200
1199,2,set10,alt1,20260910200
1199,2,set13,alt1,20260910200
1199,2,set36,alt1,20260910200
1199,2,set38,alt2,20260910200
1199,2,set40,alt1,20260910200
1199,2,set44,alt2,20260910200
1199,2,set45,alt2,20260910200
1199,2,set46,alt2,20260910200
1200,3,set3,alt1,20260910201
1200,3,set4,alt2,20260910201
1200,3,set12,alt1,20260910201
1200,3,set22,alt1,20260910201
1200,3,set24,alt1,20260910201
1200,3,set25,alt1,20260910201
1200,3,set28,alt1,20260910201
1200,3,set29,alt1,20260910201
1200,3,set30,alt2,20260910201
1200,3,set31,alt2,20260910201
1200,3,set39,alt2,20260910201
1200,3,set47,alt2,20260910201
1201,1,set5,alt2,20260910202
1201,1,set6,alt1,20260910202
1201,1,set9,alt2,20260910202
1201,1,set11,alt2,20260910202
1201,1,set18,alt2,20260910202
1201,1,set19,alt2,20260910202
1201,1,set33,alt1,20260910202
1201,1,set35,alt2,20260910202
1201,1,set37,alt1,20260910202
1201,1,set41,alt1,20260910202
1201,1,set42,alt2,20260910202
1201,1,set48,alt2,20260910202
1202,4,set14,alt1,20260910203
1202,4,set15,alt2,20260910203
1202,4,set16,alt2,20260910203
1202,4,set17,alt2,20260910203
1202,4,set20,alt1,20260910203
1202,4,set21,alt1,20260910203
1202,4,set23,alt1,20260910203
1202,4,set26,alt1,20260910203
1202,4,set27,alt1,20260910203
1202,4,set32,alt1,20260910203
1202,4,set34,alt2,20260910203
1202,4,set43,alt2,20260910203
1203,2,set1,alt2,20260910204
1203,2,set2,alt1,20260910204
1203,2,set7,alt1,20260910204
1203,2,set8,alt1,20260910204
1203,2,set10,alt1,20260910204
1203,2,set13,alt1,20260910204
1203,2,set36,alt2,20260910204
1203,2,set38,alt2,20260910204
1203,2,set40,alt2,20260910204
1203,2,set44,alt1,20260910204
1203,2,set45,alt2,20260910204
1203,2,set46,alt1,20260910204
1204,1,set5,alt1,20260910205
1204,1,set6,alt1,20260910205
1204,1,set9,alt1,20260910205
1204,1,set11,alt2,20260910205
1204,1,set18,alt1,20260910205
1204,1,set19,alt1,20260910205
1204,1,set33,alt2,20260910205
1204,1,set35,alt2,20260910205
1204,1,set37,alt1,20260910205
1204,1,set41,alt1,20260910205
1204,1,set42,alt2,20260910205
1204,1,set48,alt2,20260910205
1205,1,set5,alt1,20260910206
1205,1,set6,alt1,20260910206
1205,1,set9,alt1,20260910206
1205,1,set11,alt2,20260910206
1205,1,set18,alt1,20260910206
1205,1,set19,alt1,20260910206
1205,1,set33,alt2,20260910206
1205,1,set35,alt2,20260910206
1205,1,set37,alt1,20260910206
1205,1,set41,alt1,20260910206
1205,1,set42,alt2,20260910206
1205,1,set48,alt2,20260910206
1206,1,set5,alt1,20260910207
1206,1,set6,alt1,20260910207
1206,1,set9,alt1,20260910207
1206,1,set11,alt2,20260910207
1206,1,set18,alt1,20260910207
1206,1,set19,alt1,20260910207
1206,1,set33,alt2,20260910207
1206,1,set35,alt2,20260910207
1206,1,set37,alt1,20260910207
1206,1,set41,alt1,20260910207
1206,1,set42,alt2,20260910207
1206,1,set48,alt2,20260910207
1207,1,set5,alt2,20260910208
1207,1,set6,alt1,20260910208
1207,1,set9,alt2,20260910208
1207,1,set11,alt2,20260910208
1207,1,set18,alt2,20260910208
1207,1,set19,alt2,20260910208
1207,1,set33,alt1,20260910208
1207,1,set35,alt2,20260910208
1207,1,set37,alt1,20260910208
1207,1,set41,alt1,20260910208
1207,1,set42,alt2,20260910208
1207,1,set48,alt2,20260910208
1208,3,set3,alt1,20260910209
1208,3,set4,alt2,20260910209
1208,3,set12,alt1,20260910209
1208,3,set22,alt1,20260910209
1208,3,set24,alt1,20260910209
1208,3,set25,alt1,20260910209
1208,3,set28,alt1,20260910209
1208,3,set29,alt1,20260910209
1208,3,set30,alt2,20260910209
1208,3,set31,alt2,20260910209
1208,3,set39,alt2,20260910209
1208,3,set47,alt2,20260910209
1209,4,set14,alt1,20260910210
1209,4,set15,alt2,20260910210
1209,4,set16,alt2,20260910210
1209,4,set17,alt2,20260910210
1209,4,set20,alt1,20260910210
1209,4,set21,alt1,20260910210
1209,4,set23,alt1,20260910210
1209,4,set26,alt1,20260910210
1209,4,set27,alt1,20260910210
1209,4,set32,alt1,20260910210
1209,4,set34,alt2,20260910210
1209,4,set43,alt2,20260910210
1210,1,set5,alt2,20260910211
1210,1,set6,alt2,20260910211
1210,1,set9,alt2,20260910211
1210,1,set11,alt2,20260910211
1210,1,set18,alt1,20260910211
1210,1,set19,alt2,20260910211
1210,1,set33,alt1,20260910211
1210,1,set35,alt2,20260910211
1210,1,set37,alt1,20260910211
1210,1,set41,alt1,20260910211
1210,1,set42,alt2,20260910211
1210,1,set48,alt2,20260910211
1211,2,set1,alt2,20260910212
1211,2,set2,alt1,20260910212
1211,2,set7,alt2,20260910212
1211,2,set8,alt1,20260910212
1211,2,set10,alt2,20260910212
1211,2,set13,alt1,20260910212
1211,2,set36,alt2,20260910212
1211,2,set38,alt1,20260910212
1211,2,set40,alt2,20260910212
1211,2,set44,alt2,20260910212
1211,2,set45,alt2,20260910212
1211,2,set46,alt2,20260910212
1212,2,set1,alt2,20260910213
1212,2,set2,alt1,20260910213
1212,2,set7,alt1,20260910213
1212,2,set8,alt1,20260910213
1212,2,set10,alt2,20260910213
1212,2,set13,alt1,20260910213
1212,2,set36,alt2,20260910213
1212,2,set38,alt2,20260910213
1212,2,set40,alt2,20260910213
1212,2,set44,alt1,20260910213
1212,2,set45,alt2,20260910213
1212,2,set46,alt1,20260910213
1213,4,set14,alt1,20260910214
1213,4,set15,alt2,20260910214
1213,4,set16,alt2,20260910214
1213,4,set17,alt2,20260910214
1213,4,set20,alt1,20260910214
1213,4,set21,alt1,20260910214
1213,4,set23,alt1,20260910214
1213,4,set26,alt1,20260910214
1213,4,set27,alt1,20260910214
1213,4,set32,alt1,20260910214
1213,4,set34,alt2,20260910214
1213,4,set43,alt2,20260910214
1214,3,set3,alt2,20260910215
1214,3,set4,alt2,20260910215
1214,3,set12,alt1,20260910215
1214,3,set22,alt2,20260910215
1214,3,set24,alt1,20260910215
1214,3,set25,alt1,20260910215
1214,3,set28,alt1,20260910215
1214,3,set29,alt1,20260910215
1214,3,set30,alt2,20260910215
1214,3,set31,alt2,20260910215
1214,3,set39,alt2,20260910215
1214,3,set47,alt2,20260910215
1215,1,set5,alt2,20260910216
1215,1,set6,alt2,20260910216
1215,1,set9,alt2,20260910216
1215,1,set11,alt2,20260910216
1215,1,set18,alt2,20260910216
1215,1,set19,alt2,20260910216
1215,1,set33,alt1,20260910216
1215,1,set35,alt2,20260910216
1215,1,set37,alt1,20260910216
1215,1,set41,alt2,20260910216
1215,1,set42,alt2,20260910216
1215,1,set48,alt2,20260910216
1216,1,set5,alt2,20260910217
1216,1,set6,alt2,20260910217
1216,1,set9,alt2,20260910217
1216,1,set11,alt2,20260910217
1216,1,set18,alt2,20260910217
1216,1,set19,alt2,20260910217
1216,1,set33,alt1,20260910217
1216,1,set35,alt2,20260910217
1216,1,set37,alt1,20260910217
1216,1,set41,alt2,20260910217
1216,1,set42,alt2,20260910217
1216,1,set48,alt2,20260910217
1217,3,set3,alt1,20260910218
1217,3,set4,alt2,20260910218
1217,3,set12,alt1,20260910218
1217,3,set22,alt1,20260910218
1217,3,set24,alt1,20260910218
1217,3,set25,alt1,20260910218
1217,3,set28,alt1,20260910218
1217,3,set29,alt1,20260910218
1217,3,set30,alt2,20260910218
1217,3,set31,alt2,20260910218
1217,3,set39,alt2,20260910218
1217,3,set47,alt2,20260910218
1218,3,set3,alt1,20260910219
1218,3,set4,alt2,20260910219
1218,3,set12,alt1,20260910219
1218,3,set22,alt1,20260910219
1218,3,set24,alt1,20260910219
1218,3,set25,alt1,20260910219
1218,3,set28,alt1,20260910219
1218,3,set29,alt1,20260910219
1218,3,set30,alt2,20260910219
1218,3,set31,alt2,20260910219
1218,3,set39,alt2,20260910219
1218,3,set47,alt2,20260910219
1219,4,set14,alt1,20260910220
1219,4,set15,alt2,20260910220
1219,4,set16,alt2,20260910220
1219,4,set17,alt2,20260910220
1219,4,set20,alt1,20260910220
1219,4,set21,alt1,20260910220
1219,4,set23,alt1,20260910220
1219,4,set26,alt1,20260910220
1219,4,set27,alt1,20260910220
1219,4,set32,alt1,20260910220
1219,4,set34,alt2,20260910220
1219,4,set43,alt2,20260910220
1220,3,set3,alt2,20260910221
1220,3,set4,alt1,20260910221
1220,3,set12,alt1,20260910221
1220,3,set22,alt2,20260910221
1220,3,set24,alt1,20260910221
1220,3,set25,alt2,20260910221
1220,3,set28,alt2,20260910221
1220,3,set29,alt1,20260910221
1220,3,set30,alt2,20260910221
1220,3,set31,alt1,20260910221
1220,3,set39,alt1,20260910221
1220,3,set47,alt2,20260910221
1221,1,set5,alt2,20260910222
1221,1,set6,alt1,20260910222
1221,1,set9,alt2,20260910222
1221,1,set11,alt2,20260910222
1221,1,set18,alt2,20260910222
1221,1,set19,alt2,20260910222
1221,1,set33,alt1,20260910222
1221,1,set35,alt2,20260910222
1221,1,set37,alt1,20260910222
1221,1,set41,alt1,20260910222
1221,1,set42,alt2,20260910222
1221,1,set48,alt2,20260910222
1222,2,set1,alt2,20260910223
1222,2,set2,alt1,20260910223
1222,2,set7,alt1,20260910223
1222,2,set8,alt1,20260910223
1222,2,set10,alt1,20260910223
1222,2,set13,alt1,20260910223
1222,2,set36,alt2,20260910223
1222,2,set38,alt2,20260910223
1222,2,set40,alt2,20260910223
1222,2,set44,alt1,20260910223
1222,2,set45,alt2,20260910223
1222,2,set46,alt1,20260910223
1223,3,set3,alt1,20260910224
1223,3,set4,alt2,20260910224
1223,3,set12,alt1,20260910224
1223,3,set22,alt1,20260910224
1223,3,set24,alt1,20260910224
1223,3,set25,alt1,20260910224
1223,3,set28,alt1,20260910224
1223,3,set29,alt1,20260910224
1223,3,set30,alt2,20260910224
1223,3,set31,alt2,20260910224
1223,3,set39,alt2,20260910224
1223,3,set47,alt2,20260910224
1224,2,set1,alt2,20260910225
1224,2,set2,alt1,20260910225
1224,2,set7,alt1,20260910225
1224,2,set8,alt1,20260910225
1224,2,set10,alt1,20260910225
1224,2,set13,alt1,20260910225
1224,2,set36,alt2,20260910225
1224,2,set38,alt2,20260910225
1224,2,set40,alt2,20260910225
1224,2,set44,alt1,20260910225
1224,2,set45,alt2,20260910225
1224,2,set46,alt1,20260910225
1225,3,set3,alt1,20260910226
1225,3,set4,alt2,20260910226
1225,3,set12,alt1,20260910226
1225,3,set22,alt1,20260910226
1225,3,set24,alt1,20260910226
1225,3,set25,alt1,20260910226
1225,3,set28,alt1,20260910226
1225,3,set29,alt1,20260910226
1225,3,set30,alt2,20260910226
1225,3,set31,alt2,20260910226
1225,3,set39,alt2,20260910226
1225,3,set47,alt2,20260910226
1226,2,set1,alt2,20260910227
1226,2,set2,alt1,20260910227
1226,2,set7,alt1,20260910227
1226,2,set8,alt1,20260910227
1226,2,set10,alt1,20260910227
1226,2,set13,alt1,20260910227
1226,2,set36,alt2,20260910227
1226,2,set38,alt2,20260910227
1226,2,set40,alt2,20260910227
1226,2,set44,alt1,20260910227
1226,2,set45,alt2,20260910227
1226,2,set46,alt1,20260910227
1227,1,set5,alt2,20260910228
1227,1,set6,alt1,20260910228
1227,1,set9,alt2,20260910228
1227,1,set11,alt2,20260910228
1227,1,set18,alt2,20260910228
1227,1,set19,alt2,20260910228
1227,1,set33,alt1,20260910228
1227,1,set35,alt2,20260910228
1227,1,set37,alt1,20260910228
1227,1,set41,alt1,20260910228
1227,1,set42,alt2,20260910228
1227,1,set48,alt2,20260910228
1228,4,set14,alt2,20260910229
1228,4,set15,alt2,20260910229
1228,4,set16,alt1,20260910229
1228,4,set17,alt1,20260910229
1228,4,set20,alt1,20260910229
1228,4,set21,alt1,20260910229
1228,4,set23,alt1,20260910229
1228,4,set26,alt1,20260910229
1228,4,set27,alt2,20260910229
1228,4,set32,alt1,20260910229
1228,4,set34,alt2,20260910229
1228,4,set43,alt1,20260910229
1229,1,set5,alt2,20260910230
1229,1,set6,alt2,20260910230
1229,1,set9,alt2,20260910230
1229,1,set11,alt2,20260910230
1229,1,set18,alt2,20260910230
1229,1,set19,alt2,20260910230
1229,1,set33,alt1,20260910230
1229,1,set35,alt2,20260910230
1229,1,set37,alt1,20260910230
1229,1,set41,alt2,20260910230
1229,1,set42,alt2,20260910230
1229,1,set48,alt2,20260910230
1230,4,set14,alt2,20260910231
1230,4,set15,alt2,20260910231
1230,4,set16,alt1,20260910231
1230,4,set17,alt1,20260910231
1230,4,set20,alt1,20260910231
1230,4,set21,alt1,20260910231
1230,4,set23,alt1,20260910231
1230,4,set26,alt1,20260910231
1230,4,set27,alt2,20260910231
1230,4,set32,alt1,20260910231
1230,4,set34,alt2,20260910231
1230,4,set43,alt1,20260910231
1231,3,set3,alt1,20260910232
1231,3,set4,alt2,20260910232
1231,3,set12,alt1,20260910232
1231,3,set22,alt1,20260910232
1231,3,set24,alt1,20260910232
1231,3,set25,alt1,20260910232
1231,3,set28,alt1,20260910232
1231,3,set29,alt1,20260910232
1231,3,set30,alt2,20260910232
1231,3,set31,alt2,20260910232
1231,3,set39,alt2,20260910232
1231,3,set47,alt2,20260910232
1232,3,set3,alt1,20260910233
1232,3,set4,alt2,20260910233
1232,3,set12,alt1,20260910233
1232,3,set22,alt1,20260910233
1232,3,set24,alt1,20260910233
1232,3,set25,alt1,20260910233
1232,3,set28,alt1,20260910233
1232,3,set29,alt1,20260910233
1232,3,set30,alt2,20260910233
1232,3,set31,alt2,20260910233
1232,3,set39,alt2,20260910233
1232,3,set47,alt2,20260910233
1233,1,set5,alt2,20260910234
1233,1,set6,alt2,20260910234
1233,1,set9,alt2,20260910234
1233,1,set11,alt2,20260910234
1233,1,set18,alt1,20260910234
1233,1,set19,alt2,20260910234
1233,1,set33,alt1,20260910234
1233,1,set35,alt2,20260910234
1233,1,set37,alt1,20260910234
1233,1,set41,alt1,20260910234
1233,1,set42,alt2,20260910234
1233,1,set48,alt2,20260910234
1234,3,set3,alt2,20260910235
1234,3,set4,alt1,20260910235
1234,3,set12,alt1,20260910235
1234,3,set22,alt2,20260910235
1234,3,set24,alt1,20260910235
1234,3,set25,alt2,20260910235
1234,3,set28,alt2,20260910235
1234,3,set29,alt1,20260910235
1234,3,set30,alt1,20260910235
1234,3,set31,alt2,20260910235
1234,3,set39,alt1,20260910235
1234,3,set47,alt1,20260910235
1235,3,set3,alt2,20260910236
1235,3,set4,alt2,20260910236
1235,3,set12,alt1,20260910236
1235,3,set22,alt2,20260910236
1235,3,set24,alt1,20260910236
1235,3,set25,alt1,20260910236
1235,3,set28,alt1,20260910236
1235,3,set29,alt1,20260910236
1235,3,set30,alt2,20260910236
1235,3,set31,alt2,20260910236
1235,3,set39,alt2,20260910236
1235,3,set47,alt2,20260910236
1236,4,set14,alt1,20260910237
1236,4,set15,alt2,20260910237
1236,4,set16,alt2,20260910237
1236,4,set17,alt2,20260910237
1236,4,set20,alt1,20260910237
1236,4,set21,alt1,20260910237
1236,4,set23,alt1,20260910237
1236,4,set26,alt1,20260910237
1236,4,set27,alt1,20260910237
1236,4,set32,alt1,20260910237
1236,4,set34,alt2,20260910237
1236,4,set43,alt2,20260910237
1237,4,set14,alt1,20260910238
1237,4,set15,alt1,20260910238
1237,4,set16,alt1,20260910238
1237,4,set17,alt1,20260910238
1237,4,set20,alt1,20260910238
1237,4,set21,alt1,20260910238
1237,4,set23,alt1,20260910238
1237,4,set26,alt1,20260910238
1237,4,set27,alt1,20260910238
1237,4,set32,alt1,20260910238
1237,4,set34,alt2,20260910238
1237,4,set43,alt1,20260910238
1238,1,set5,alt2,20260910239
1238,1,set6,alt1,20260910239
1238,1,set9,alt2,20260910239
1238,1,set11,alt2,20260910239
1238,1,set18,alt2,20260910239
1238,1,set19,alt2,20260910239
1238,1,set33,alt1,20260910239
1238,1,set35,alt2,20260910239
1238,1,set37,alt1,20260910239
1238,1,set41,alt1,20260910239
1238,1,set42,alt2,20260910239
1238,1,set48,alt2,20260910239
1239,1,set5,alt2,20260910240
1239,1,set6,alt1,20260910240
1239,1,set9,alt2,20260910240
1239,1,set11,alt2,20260910240
1239,1,set18,alt2,20260910240
1239,1,set19,alt2,20260910240
1239,1,set33,alt1,20260910240
1239,1,set35,alt2,20260910240
1239,1,set37,alt1,20260910240
1239,1,set41,alt1,20260910240
1239,1,set42,alt2,20260910240
1239,1,set48,alt2,20260910240
1240,4,set14,alt1,20260910241
1240,4,set15,alt2,20260910241
1240,4,set16,alt2,20260910241
1240,4,set17,alt2,20260910241
1240,4,set20,alt1,20260910241
1240,4,set21,alt1,20260910241
1240,4,set23,alt1,20260910241
1240,4,set26,alt1,20260910241
1240,4,set27,alt1,20260910241
1240,4,set32,alt1,20260910241
1240,4,set34,alt2,20260910241
1240,4,set43,alt2,20260910241
1241,4,set14,alt1,20260910242
1241,4,set15,alt2,20260910242
1241,4,set16,alt2,20260910242
1241,4,set17,alt2,20260910242
1241,4,set20,alt1,20260910242
1241,4,set21,alt1,20260910242
1241,4,set23,alt1,20260910242
1241,4,set26,alt1,20260910242
1241,4,set27,alt1,20260910242
1241,4,set32,alt1,20260910242
1241,4,set34,alt2,20260910242
1241,4,set43,alt2,20260910242
1242,4,set14,alt1,20260910243
1242,4,set15,alt2,20260910243
1242,4,set16,alt2,20260910243
1242,4,set17,alt2,20260910243
1242,4,set20,alt1,20260910243
1242,4,set21,alt1,20260910243
1242,4,set23,alt1,20260910243
1242,4,set26,alt1,20260910243
1242,4,set27,alt1,20260910243
1242,4,set32,alt1,20260910243
1242,4,set34,alt2,20260910243
1242,4,set43,alt2,20260910243
1243,2,set1,alt2,20260910244
1243,2,set2,alt1,20260910244
1243,2,set7,alt2,20260910244
1243,2,set8,alt1,20260910244
1243,2,set10,alt2,20260910244
1243,2,set13,alt1,20260910244
1243,2,set36,alt2,20260910244
1243,2,set38,alt1,20260910244
1243,2,set40,alt2,20260910244
1243,2,set44,alt2,20260910244
1243,2,set45,alt2,20260910244
1243,2,set46,alt2,20260910244
1244,3,set3,alt2,20260910245
1244,3,set4,alt1,20260910245
1244,3,set12,alt1,20260910245
1244,3,set22,alt2,20260910245
1244,3,set24,alt1,20260910245
1244,3,set25,alt2,20260910245
1244,3,set28,alt2,20260910245
1244,3,set29,alt1,20260910245
1244,3,set30,alt1,20260910245
1244,3,set31,alt2,20260910245
1244,3,set39,alt1,20260910245
1244,3,set47,alt1,20260910245
1245,3,set3,alt1,20260910246
1245,3,set4,alt2,20260910246
1245,3,set12,alt1,20260910246
1245,3,set22,alt1,20260910246
1245,3,set24,alt1,20260910246
1245,3,set25,alt1,20260910246
1245,3,set28,alt1,20260910246
1245,3,set29,alt1,20260910246
1245,3,set30,alt2,20260910246
1245,3,set31,alt2,20260910246
1245,3,set39,alt2,20260910246
1245,3,set47,alt2,20260910246
1246,1,set5,alt2,20260910247
1246,1,set6,alt1,20260910247
1246,1,set9,alt2,20260910247
1246,1,set11,alt2,20260910247
1246,1,set18,alt2,20260910247
1246,1,set19,alt2,20260910247
1246,1,set33,alt1,20260910247
1246,1,set35,alt2,20260910247
1246,1,set37,alt1,20260910247
1246,1,set41,alt1,20260910247
1246,1,set42,alt2,20260910247
1246,1,set48,alt2,20260910247
1247,4,set14,alt1,20260910248
1247,4,set15,alt2,20260910248
1247,4,set16,alt1,20260910248
1247,4,set17,alt2,20260910248
1247,4,set20,alt1,20260910248
1247,4,set21,alt1,20260910248
1247,4,set23,alt1,20260910248
1247,4,set26,alt1,20260910248
1247,4,set27,alt1,20260910248
1247,4,set32,alt1,20260910248
1247,4,set34,alt1,20260910248
1247,4,set43,alt1,20260910248
1248,2,set1,alt2,20260910249
1248,2,set2,alt1,20260910249
1248,2,set7,alt1,20260910249
1248,2,set8,alt1,20260910249
1248,2,set10,alt1,20260910249
1248,2,set13,alt1,20260910249
1248,2,set36,alt2,20260910249
1248,2,set38,alt2,20260910249
1248,2,set40,alt2,20260910249
1248,2,set44,alt1,20260910249
1248,2,set45,alt2,20260910249
1248,2,set46,alt1,20260910249
1249,1,set5,alt2,20260910250
1249,1,set6,alt1,20260910250
1249,1,set9,alt2,20260910250
1249,1,set11,alt2,20260910250
1249,1,set18,alt2,20260910250
1249,1,set19,alt2,20260910250
1249,1,set33,alt1,20260910250
1249,1,set35,alt2,20260910250
1249,1,set37,alt1,20260910250
1249,1,set41,alt1,20260910250
1249,1,set42,alt2,20260910250
1249,1,set48,alt2,20260910250
1250,2,set1,alt2,20260910251
1250,2,set2,alt1,20260910251
1250,2,set7,alt1,20260910251
1250,2,set8,alt1,20260910251
1250,2,set10,alt1,20260910251
1250,2,set13,alt1,20260910251
1250,2,set36,alt2,20260910251
1250,2,set38,alt2,20260910251
1250,2,set40,alt2,20260910251
1250,2,set44,alt1,20260910251
1250,2,set45,alt2,20260910251
1250,2,set46,alt1,20260910251
1251,1,set5,alt2,20260910252
1251,1,set6,alt1,20260910252
1251,1,set9,alt2,20260910252
1251,1,set11,alt2,20260910252
1251,1,set18,alt2,20260910252
1251,1,set19,alt2,20260910252
1251,1,set33,alt1,20260910252
1251,1,set35,alt2,20260910252
1251,1,set37,alt1,20260910252
1251,1,set41,alt1,20260910252
1251,1,set42,alt2,20260910252
1251,1,set48,alt2,20260910252
1252,2,set1,alt2,20260910253
1252,2,set2,alt1,20260910253
1252,2,set7,alt1,20260910253
1252,2,set8,alt1,20260910253
1252,2,set10,alt1,20260910253
1252,2,set13,alt1,20260910253
1252,2,set36,alt2,20260910253
1252,2,set38,alt2,20260910253
1252,2,set40,alt2,20260910253
1252,2,set44,alt1,20260910253
1252,2,set45,alt2,20260910253
1252,2,set46,alt1,20260910253
1253,1,set5,alt1,20260910254
1253,1,set6,alt1,20260910254
1253,1,set9,alt1,20260910254
1253,1,set11,alt2,20260910254
1253,1,set18,alt1,20260910254
1253,1,set19,alt1,20260910254
1253,1,set33,alt2,20260910254
1253,1,set35,alt2,20260910254
1253,1,set37,alt1,20260910254
1253,1,set41,alt1,20260910254
1253,1,set42,alt2,20260910254
1253,1,set48,alt2,20260910254
1254,3,set3,alt1,20260910255
1254,3,set4,alt2,20260910255
1254,3,set12,alt1,20260910255
1254,3,set22,alt1,20260910255
1254,3,set24,alt1,20260910255
1254,3,set25,alt1,20260910255
1254,3,set28,alt1,20260910255
1254,3,set29,alt1,20260910255
1254,3,set30,alt2,20260910255
1254,3,set31,alt2,20260910255
1254,3,set39,alt2,20260910255
1254,3,set47,alt2,20260910255
1255,2,set1,alt2,20260910256
1255,2,set2,alt1,20260910256
1255,2,set7,alt1,20260910256
1255,2,set8,alt1,20260910256
1255,2,set10,alt1,20260910256
1255,2,set13,alt1,20260910256
1255,2,set36,alt2,20260910256
1255,2,set38,alt2,20260910256
1255,2,set40,alt2,20260910256
1255,2,set44,alt1,20260910256
1255,2,set45,alt2,20260910256
1255,2,set46,alt1,20260910256
1256,3,set3,alt1,20260910257
1256,3,set4,alt2,20260910257
1256,3,set12,alt1,20260910257
1256,3,set22,alt1,20260910257
1256,3,set24,alt1,20260910257
1256,3,set25,alt1,20260910257
1256,3,set28,alt1,20260910257
1256,3,set29,alt1,20260910257
1256,3,set30,alt2,20260910257
1256,3,set31,alt2,20260910257
1256,3,set39,alt2,20260910257
1256,3,set47,alt2,20260910257
1257,2,set1,alt2,20260910258
1257,2,set2,alt1,20260910258
1257,2,set7,alt1,20260910258
1257,2,set8,alt1,20260910258
1257,2,set10,alt2,20260910258
1257,2,set13,alt1,20260910258
1257,2,set36,alt2,20260910258
1257,2,set38,alt2,20260910258
1257,2,set40,alt2,20260910258
1257,2,set44,alt1,20260910258
1257,2,set45,alt2,20260910258
1257,2,set46,alt1,20260910258
1258,2,set1,alt2,20260910259
1258,2,set2,alt1,20260910259
1258,2,set7,alt1,20260910259
1258,2,set8,alt1,20260910259
1258,2,set10,alt1,20260910259
1258,2,set13,alt1,20260910259
1258,2,set36,alt2,20260910259
1258,2,set38,alt2,20260910259
1258,2,set40,alt2,20260910259
1258,2,set44,alt1,20260910259
1258,2,set45,alt2,20260910259
1258,2,set46,alt1,20260910259
1259,2,set1,alt2,20260910260
1259,2,set2,alt1,20260910260
1259,2,set7,alt1,20260910260
1259,2,set8,alt1,20260910260
1259,2,set10,alt1,20260910260
1259,2,set13,alt1,20260910260
1259,2,set36,alt2,20260910260
1259,2,set38,alt2,20260910260
1259,2,set40,alt2,20260910260
1259,2,set44,alt1,20260910260
1259,2,set45,alt2,20260910260
1259,2,set46,alt1,20260910260
1260,3,set3,alt1,20260910261
1260,3,set4,alt2,20260910261
1260,3,set12,alt1,20260910261
1260,3,set22,alt1,20260910261
1260,3,set24,alt1,20260910261
1260,3,set25,alt1,20260910261
1260,3,set28,alt1,20260910261
1260,3,set29,alt1,20260910261
1260,3,set30,alt2,20260910261
1260,3,set31,alt2,20260910261
1260,3,set39,alt2,20260910261
1260,3,set47,alt2,20260910261
1261,4,set14,alt1,20260910262
1261,4,set15,alt2,20260910262
1261,4,set16,alt1,20260910262
1261,4,set17,alt2,20260910262
1261,4,set20,alt1,20260910262
1261,4,set21,alt1,20260910262
1261,4,set23,alt1,20260910262
1261,4,set26,alt1,20260910262
1261,4,set27,alt1,20260910262
1261,4,set32,alt1,20260910262
1261,4,set34,alt1,20260910262
1261,4,set43,alt1,20260910262
1262,1,set5,alt2,20260910263
1262,1,set6,alt2,20260910263
1262,1,set9,alt2,20260910263
1262,1,set11,alt2,20260910263
1262,1,set18,alt2,20260910263
1262,1,set19,alt2,20260910263
1262,1,set33,alt1,20260910263
1262,1,set35,alt2,20260910263
1262,1,set37,alt1,20260910263
1262,1,set41,alt2,20260910263
1262,1,set42,alt2,20260910263
1262,1,set48,alt2,20260910263
1263,4,set14,alt1,20260910264
1263,4,set15,alt2,20260910264
1263,4,set16,alt2,20260910264
1263,4,set17,alt2,20260910264
1263,4,set20,alt1,20260910264
1263,4,set21,alt1,20260910264
1263,4,set23,alt1,20260910264
1263,4,set26,alt1,20260910264
1263,4,set27,alt1,20260910264
1263,4,set32,alt1,20260910264
1263,4,set34,alt2,20260910264
1263,4,set43,alt2,20260910264
1264,1,set5,alt1,20260910265
1264,1,set6,alt1,20260910265
1264,1,set9,alt1,20260910265
1264,1,set11,alt2,20260910265
1264,1,set18,alt1,20260910265
1264,1,set19,alt1,20260910265
1264,1,set33,alt2,20260910265
1264,1,set35,alt2,20260910265
1264,1,set37,alt1,20260910265
1264,1,set41,alt1,20260910265
1264,1,set42,alt2,20260910265
1264,1,set48,alt2,20260910265
1265,1,set5,alt1,20260910266
1265,1,set6,alt2,20260910266
1265,1,set9,alt1,20260910266
1265,1,set11,alt2,20260910266
1265,1,set18,alt1,20260910266
1265,1,set19,alt2,20260910266
1265,1,set33,alt1,20260910266
1265,1,set35,alt2,20260910266
1265,1,set37,alt1,20260910266
1265,1,set41,alt1,20260910266
1265,1,set42,alt1,20260910266
1265,1,set48,alt2,20260910266
1266,3,set3,alt2,20260910267
1266,3,set4,alt2,20260910267
1266,3,set12,alt1,20260910267
1266,3,set22,alt2,20260910267
1266,3,set24,alt1,20260910267
1266,3,set25,alt1,20260910267
1266,3,set28,alt1,20260910267
1266,3,set29,alt1,20260910267
1266,3,set30,alt2,20260910267
1266,3,set31,alt2,20260910267
1266,3,set39,alt2,20260910267
1266,3,set47,alt2,20260910267
1267,3,set3,alt2,20260910268
1267,3,set4,alt2,20260910268
1267,3,set12,alt1,20260910268
1267,3,set22,alt2,20260910268
1267,3,set24,alt1,20260910268
1267,3,set25,alt1,20260910268
1267,3,set28,alt1,20260910268
1267,3,set29,alt1,20260910268
1267,3,set30,alt2,20260910268
1267,3,set31,alt2,20260910268
1267,3,set39,alt2,20260910268
1267,3,set47,alt2,20260910268
1268,4,set14,alt1,20260910269
1268,4,set15,alt2,20260910269
1268,4,set16,alt2,20260910269
1268,4,set17,alt2,20260910269
1268,4,set20,alt1,20260910269
1268,4,set21,alt1,20260910269
1268,4,set23,alt1,20260910269
1268,4,set26,alt1,20260910269
1268,4,set27,alt1,20260910269
1268,4,set32,alt1,20260910269
1268,4,set34,alt2,20260910269
1268,4,set43,alt2,20260910269
1269,2,set1,alt2,20260910270
1269,2,set2,alt1,20260910270
1269,2,set7,alt2,20260910270
1269,2,set8,alt1,20260910270
1269,2,set10,alt2,20260910270
1269,2,set13,alt1,20260910270
1269,2,set36,alt2,20260910270
1269,2,set38,alt1,20260910270
1269,2,set40,alt2,20260910270
1269,2,set44,alt2,20260910270
1269,2,set45,alt2,20260910270
1269,2,set46,alt2,20260910270
1270,4,set14,alt1,20260910271
1270,4,set15,alt2,20260910271
1270,4,set16,alt2,20260910271
1270,4,set17,alt2,20260910271
1270,4,set20,alt1,20260910271
1270,4,set21,alt1,20260910271
1270,4,set23,alt1,20260910271
1270,4,set26,alt1,20260910271
1270,4,set27,alt1,20260910271
1270,4,set32,alt1,20260910271
1270,4,set34,alt2,20260910271
1270,4,set43,alt2,20260910271
1271,3,set3,alt1,20260910272
1271,3,set4,alt2,20260910272
1271,3,set12,alt1,20260910272
1271,3,set22,alt1,20260910272
1271,3,set24,alt1,20260910272
1271,3,set25,alt1,20260910272
1271,3,set28,alt1,20260910272
1271,3,set29,alt1,20260910272
1271,3,set30,alt2,20260910272
1271,3,set31,alt2,20260910272
1271,3,set39,alt2,20260910272
1271,3,set47,alt2,20260910272
1272,3,set3,alt1,20260910273
1272,3,set4,alt2,20260910273
1272,3,set12,alt1,20260910273
1272,3,set22,alt1,20260910273
1272,3,set24,alt1,20260910273
1272,3,set25,alt1,20260910273
1272,3,set28,alt1,20260910273
1272,3,set29,alt1,20260910273
1272,3,set30,alt2,20260910273
1272,3,set31,alt2,20260910273
1272,3,set39,alt2,20260910273
1272,3,set47,alt2,20260910273
1273,1,set5,alt2,20260910274
1273,1,set6,alt1,20260910274
1273,1,set9,alt2,20260910274
1273,1,set11,alt2,20260910274
1273,1,set18,alt2,20260910274
1273,1,set19,alt2,20260910274
1273,1,set33,alt1,20260910274
1273,1,set35,alt2,20260910274
1273,1,set37,alt1,20260910274
1273,1,set41,alt1,20260910274
1273,1,set42,alt2,20260910274
1273,1,set48,alt2,20260910274
1274,3,set3,alt2,20260910275
1274,3,set4,alt2,20260910275
1274,3,set12,alt1,20260910275
1274,3,set22,alt2,20260910275
1274,3,set24,alt1,20260910275
1274,3,set25,alt1,20260910275
1274,3,set28,alt1,20260910275
1274,3,set29,alt1,20260910275
1274,3,set30,alt2,20260910275
1274,3,set31,alt2,20260910275
1274,3,set39,alt2,20260910275
1274,3,set47,alt2,20260910275
1275,4,set14,alt1,20260910276
1275,4,set15,alt1,20260910276
1275,4,set16,alt1,20260910276
1275,4,set17,alt1,20260910276
1275,4,set20,alt1,20260910276
1275,4,set21,alt1,20260910276
1275,4,set23,alt1,20260910276
1275,4,set26,alt1,20260910276
1275,4,set27,alt1,20260910276
1275,4,set32,alt1,20260910276
1275,4,set34,alt2,20260910276
1275,4,set43,alt1,20260910276
1276,2,set1,alt2,20260910277
1276,2,set2,alt1,20260910277
1276,2,set7,alt1,20260910277
1276,2,set8,alt1,20260910277
1276,2,set10,alt1,20260910277
1276,2,set13,alt1,20260910277
1276,2,set36,alt2,20260910277
1276,2,set38,alt2,20260910277
1276,2,set40,alt2,20260910277
1276,2,set44,alt1,20260910277
1276,2,set45,alt2,20260910277
1276,2,set46,alt1,20260910277
1277,3,set3,alt1,20260910278
1277,3,set4,alt2,20260910278
1277,3,set12,alt1,20260910278
1277,3,set22,alt1,20260910278
1277,3,set24,alt1,20260910278
1277,3,set25,alt1,20260910278
1277,3,set28,alt1,20260910278
1277,3,set29,alt1,20260910278
1277,3,set30,alt2,20260910278
1277,3,set31,alt2,20260910278
1277,3,set39,alt2,20260910278
1277,3,set47,alt2,20260910278
1278,3,set3,alt1,20260910279
1278,3,set4,alt2,20260910279
1278,3,set12,alt1,20260910279
1278,3,set22,alt1,20260910279
1278,3,set24,alt1,20260910279
1278,3,set25,alt1,20260910279
1278,3,set28,alt1,20260910279
1278,3,set29,alt1,20260910279
1278,3,set30,alt2,20260910279
1278,3,set31,alt2,20260910279
1278,3,set39,alt2,20260910279
1278,3,set47,alt2,20260910279
1279,4,set14,alt1,20260910280
1279,4,set15,alt2,20260910280
1279,4,set16,alt2,20260910280
1279,4,set17,alt2,20260910280
1279,4,set20,alt1,20260910280
1279,4,set21,alt1,20260910280
1279,4,set23,alt1,20260910280
1279,4,set26,alt1,20260910280
1279,4,set27,alt1,20260910280
1279,4,set32,alt1,20260910280
1279,4,set34,alt2,20260910280
1279,4,set43,alt2,20260910280
1280,1,set5,alt2,20260910281
1280,1,set6,alt2,20260910281
1280,1,set9,alt2,20260910281
1280,1,set11,alt2,20260910281
1280,1,set18,alt2,20260910281
1280,1,set19,alt2,20260910281
1280,1,set33,alt1,20260910281
1280,1,set35,alt2,20260910281
1280,1,set37,alt1,20260910281
1280,1,set41,alt2,20260910281
1280,1,set42,alt2,20260910281
1280,1,set48,alt2,20260910281
1281,3,set3,alt2,20260910282
1281,3,set4,alt2,20260910282
1281,3,set12,alt1,20260910282
1281,3,set22,alt2,20260910282
1281,3,set24,alt1,20260910282
1281,3,set25,alt1,20260910282
1281,3,set28,alt1,20260910282
1281,3,set29,alt1,20260910282
1281,3,set30,alt2,20260910282
1281,3,set31,alt2,20260910282
1281,3,set39,alt2,20260910282
1281,3,set47,alt2,20260910282
1282,1,set5,alt2,20260910283
1282,1,set6,alt1,20260910283
1282,1,set9,alt2,20260910283
1282,1,set11,alt2,20260910283
1282,1,set18,alt2,20260910283
1282,1,set19,alt2,20260910283
1282,1,set33,alt1,20260910283
1282,1,set35,alt2,20260910283
1282,1,set37,alt1,20260910283
1282,1,set41,alt1,20260910283
1282,1,set42,alt2,20260910283
1282,1,set48,alt2,20260910283
1283,4,set14,alt1,20260910284
1283,4,set15,alt2,20260910284
1283,4,set16,alt2,20260910284
1283,4,set17,alt2,20260910284
1283,4,set20,alt1,20260910284
1283,4,set21,alt1,20260910284
1283,4,set23,alt1,20260910284
1283,4,set26,alt1,20260910284
1283,4,set27,alt1,20260910284
1283,4,set32,alt1,20260910284
1283,4,set34,alt2,20260910284
1283,4,set43,alt2,20260910284
1284,3,set3,alt1,20260910285
1284,3,set4,alt2,20260910285
1284,3,set12,alt1,20260910285
1284,3,set22,alt1,20260910285
1284,3,set24,alt1,20260910285
1284,3,set25,alt1,20260910285
1284,3,set28,alt1,20260910285
1284,3,set29,alt1,20260910285
1284,3,set30,alt2,20260910285
1284,3,set31,alt2,20260910285
1284,3,set39,alt2,20260910285
1284,3,set47,alt2,20260910285
1285,2,set1,alt2,20260910286
1285,2,set2,alt1,20260910286
1285,2,set7,alt1,20260910286
1285,2,set8,alt1,20260910286
1285,2,set10,alt1,20260910286
1285,2,set13,alt1,20260910286
1285,2,set36,alt2,20260910286
1285,2,set38,alt2,20260910286
1285,2,set40,alt2,20260910286
1285,2,set44,alt1,20260910286
1285,2,set45,alt2,20260910286
1285,2,set46,alt1,20260910286
1286,2,set1,alt2,20260910287
1286,2,set2,alt1,20260910287
1286,2,set7,alt1,20260910287
1286,2,set8,alt1,20260910287
1286,2,set10,alt1,20260910287
1286,2,set13,alt1,20260910287
1286,2,set36,alt2,20260910287
1286,2,set38,alt2,20260910287
1286,2,set40,alt2,20260910287
1286,2,set44,alt1,20260910287
1286,2,set45,alt2,20260910287
1286,2,set46,alt1,20260910287
1287,4,set14,alt1,20260910288
1287,4,set15,alt2,20260910288
1287,4,set16,alt2,20260910288
1287,4,set17,alt2,20260910288
1287,4,set20,alt1,20260910288
1287,4,set21,alt1,20260910288
1287,4,set23,alt1,20260910288
1287,4,set26,alt1,20260910288
1287,4,set27,alt1,20260910288
1287,4,set32,alt1,20260910288
1287,4,set34,alt2,20260910288
1287,4,set43,alt2,20260910288
1288,4,set14,alt1,20260910289
1288,4,set15,alt2,20260910289
1288,4,set16,alt2,20260910289
1288,4,set17,alt2,20260910289
1288,4,set20,alt1,20260910289
1288,4,set21,alt1,20260910289
1288,4,set23,alt1,20260910289
1288,4,set26,alt1,20260910289
1288,4,set27,alt1,20260910289
1288,4,set32,alt1,20260910289
1288,4,set34,alt2,20260910289
1288,4,set43,alt2,20260910289
1289,3,set3,alt1,20260910290
1289,3,set4,alt2,20260910290
1289,3,set12,alt1,20260910290
1289,3,set22,alt1,20260910290
1289,3,set24,alt1,20260910290
1289,3,set25,alt1,20260910290
1289,3,set28,alt1,20260910290
1289,3,set29,alt1,20260910290
1289,3,set30,alt2,20260910290
1289,3,set31,alt2,20260910290
1289,3,set39,alt2,20260910290
1289,3,set47,alt2,20260910290
1290,4,set14,alt2,20260910291
1290,4,set15,alt2,20260910291
1290,4,set16,alt1,20260910291
1290,4,set17,alt1,20260910291
1290,4,set20,alt1,20260910291
1290,4,set21,alt1,20260910291
1290,4,set23,alt1,20260910291
1290,4,set26,alt1,20260910291
1290,4,set27,alt2,20260910291
1290,4,set32,alt1,20260910291
1290,4,set34,alt2,20260910291
1290,4,set43,alt1,20260910291
1291,2,set1,alt2,20260910292
1291,2,set2,alt1,20260910292
1291,2,set7,alt1,20260910292
1291,2,set8,alt1,20260910292
1291,2,set10,alt1,20260910292
1291,2,set13,alt1,20260910292
1291,2,set36,alt2,20260910292
1291,2,set38,alt2,20260910292
1291,2,set40,alt2,20260910292
1291,2,set44,alt1,20260910292
1291,2,set45,alt2,20260910292
1291,2,set46,alt1,20260910292
1292,3,set3,alt2,20260910293
1292,3,set4,alt1,20260910293
1292,3,set12,alt1,20260910293
1292,3,set22,alt1,20260910293
1292,3,set24,alt1,20260910293
1292,3,set25,alt2,20260910293
1292,3,set28,alt2,20260910293
1292,3,set29,alt1,20260910293
1292,3,set30,alt1,20260910293
1292,3,set31,alt2,20260910293
1292,3,set39,alt1,20260910293
1292,3,set47,alt1,20260910293
1293,1,set5,alt2,20260910294
1293,1,set6,alt1,20260910294
1293,1,set9,alt2,20260910294
1293,1,set11,alt2,20260910294
1293,1,set18,alt2,20260910294
1293,1,set19,alt2,20260910294
1293,1,set33,alt1,20260910294
1293,1,set35,alt2,20260910294
1293,1,set37,alt1,20260910294
1293,1,set41,alt1,20260910294
1293,1,set42,alt2,20260910294
1293,1,set48,alt2,20260910294
1294,4,set14,alt1,20260910295
1294,4,set15,alt2,20260910295
1294,4,set16,alt2,20260910295
1294,4,set17,alt2,20260910295
1294,4,set20,alt1,20260910295
1294,4,set21,alt1,20260910295
1294,4,set23,alt1,20260910295
1294,4,set26,alt1,20260910295
1294,4,set27,alt1,20260910295
1294,4,set32,alt1,20260910295
1294,4,set34,alt2,20260910295
1294,4,set43,alt2,20260910295
1295,3,set3,alt1,20260910296
1295,3,set4,alt2,20260910296
1295,3,set12,alt1,20260910296
1295,3,set22,alt1,20260910296
1295,3,set24,alt1,20260910296
1295,3,set25,alt1,20260910296
1295,3,set28,alt1,20260910296
1295,3,set29,alt1,20260910296
1295,3,set30,alt2,20260910296
1295,3,set31,alt2,20260910296
1295,3,set39,alt2,20260910296
1295,3,set47,alt2,20260910296
1296,4,set14,alt2,20260910297
1296,4,set15,alt2,20260910297
1296,4,set16,alt1,20260910297
1296,4,set17,alt1,20260910297
1296,4,set20,alt1,20260910297
1296,4,set21,alt1,20260910297
1296,4,set23,alt1,20260910297
1296,4,set26,alt1,20260910297
1296,4,set27,alt2,20260910297
1296,4,set32,alt1,20260910297
1296,4,set34,alt2,20260910297
1296,4,set43,alt1,20260910297
1297,2,set1,alt2,20260910298
1297,2,set2,alt1,20260910298
1297,2,set7,alt1,20260910298
1297,2,set8,alt1,20260910298
1297,2,set10,alt1,20260910298
1297,2,set13,alt1,20260910298
1297,2,set36,alt2,20260910298
1297,2,set38,alt2,20260910298
1297,2,set40,alt2,20260910298
1297,2,set44,alt1,20260910298
1297,2,set45,alt2,20260910298
1297,2,set46,alt1,20260910298
1298,4,set14,alt1,20260910299
1298,4,set15,alt2,20260910299
1298,4,set16,alt2,20260910299
1298,4,set17,alt2,20260910299
1298,4,set20,alt1,20260910299
1298,4,set21,alt1,20260910299
1298,4,set23,alt1,20260910299
1298,4,set26,alt1,20260910299
1298,4,set27,alt1,20260910299
1298,4,set32,alt1,20260910299
1298,4,set34,alt2,20260910299
1298,4,set43,alt2,20260910299
1299,1,set5,alt1,20260910300
1299,1,set6,alt1,20260910300
1299,1,set9,alt1,20260910300
1299,1,set11,alt2,20260910300
1299,1,set18,alt1,20260910300
1299,1,set19,alt1,20260910300
1299,1,set33,alt2,20260910300
1299,1,set35,alt2,20260910300
1299,1,set37,alt1,20260910300
1299,1,set41,alt1,20260910300
1299,1,set42,alt2,20260910300
1299,1,set48,alt2,20260910300
1300,3,set3,alt2,20260910301
1300,3,set4,alt1,20260910301
1300,3,set12,alt1,20260910301
1300,3,set22,alt2,20260910301
1300,3,set24,alt1,20260910301
1300,3,set25,alt2,20260910301
1300,3,set28,alt2,20260910301
1300,3,set29,alt1,20260910301
1300,3,set30,alt2,20260910301
1300,3,set31,alt1,20260910301
1300,3,set39,alt1,20260910301
1300,3,set47,alt2,20260910301
1301,4,set14,alt1,20260910302
1301,4,set15,alt1,20260910302
1301,4,set16,alt1,20260910302
1301,4,set17,alt1,20260910302
1301,4,set20,alt1,20260910302
1301,4,set21,alt1,20260910302
1301,4,set23,alt1,20260910302
1301,4,set26,alt1,20260910302
1301,4,set27,alt1,20260910302
1301,4,set32,alt1,20260910302
1301,4,set34,alt2,20260910302
1301,4,set43,alt1,20260910302
1302,3,set3,alt1,20260910303
1302,3,set4,alt2,20260910303
1302,3,set12,alt1,20260910303
1302,3,set22,alt1,20260910303
1302,3,set24,alt1,20260910303
1302,3,set25,alt1,20260910303
1302,3,set28,alt1,20260910303
1302,3,set29,alt1,20260910303
1302,3,set30,alt2,20260910303
1302,3,set31,alt2,20260910303
1302,3,set39,alt2,20260910303
1302,3,set47,alt2,20260910303
1303,3,set3,alt2,20260910304
1303,3,set4,alt1,20260910304
1303,3,set12,alt1,20260910304
1303,3,set22,alt2,20260910304
1303,3,set24,alt1,20260910304
1303,3,set25,alt2,20260910304
1303,3,set28,alt2,20260910304
1303,3,set29,alt1,20260910304
1303,3,set30,alt2,20260910304
1303,3,set31,alt1,20260910304
1303,3,set39,alt1,20260910304
1303,3,set47,alt2,20260910304
1304,2,set1,alt2,20260910305
1304,2,set2,alt1,20260910305
1304,2,set7,alt2,20260910305
1304,2,set8,alt1,20260910305
1304,2,set10,alt2,20260910305
1304,2,set13,alt1,20260910305
1304,2,set36,alt2,20260910305
1304,2,set38,alt1,20260910305
1304,2,set40,alt2,20260910305
1304,2,set44,alt2,20260910305
1304,2,set45,alt2,20260910305
1304,2,set46,alt2,20260910305
1305,1,set5,alt1,20260910306
1305,1,set6,alt2,20260910306
1305,1,set9,alt1,20260910306
1305,1,set11,alt2,20260910306
1305,1,set18,alt2,20260910306
1305,1,set19,alt2,20260910306
1305,1,set33,alt1,20260910306
1305,1,set35,alt2,20260910306
1305,1,set37,alt1,20260910306
1305,1,set41,alt1,20260910306
1305,1,set42,alt1,20260910306
1305,1,set48,alt2,20260910306
1306,3,set3,alt1,20260910307
1306,3,set4,alt2,20260910307
1306,3,set12,alt1,20260910307
1306,3,set22,alt1,20260910307
1306,3,set24,alt1,20260910307
1306,3,set25,alt1,20260910307
1306,3,set28,alt1,20260910307
1306,3,set29,alt1,20260910307
1306,3,set30,alt2,20260910307
1306,3,set31,alt2,20260910307
1306,3,set39,alt2,20260910307
1306,3,set47,alt2,20260910307
1307,1,set5,alt2,20260910308
1307,1,set6,alt2,20260910308
1307,1,set9,alt2,20260910308
1307,1,set11,alt2,20260910308
1307,1,set18,alt2,20260910308
1307,1,set19,alt2,20260910308
1307,1,set33,alt1,20260910308
1307,1,set35,alt2,20260910308
1307,1,set37,alt1,20260910308
1307,1,set41,alt2,20260910308
1307,1,set42,alt2,20260910308
1307,1,set48,alt2,20260910308
1308,2,set1,alt2,20260910309
1308,2,set2,alt1,20260910309
1308,2,set7,alt1,20260910309
1308,2,set8,alt1,20260910309
1308,2,set10,alt2,20260910309
1308,2,set13,alt1,20260910309
1308,2,set36,alt2,20260910309
1308,2,set38,alt2,20260910309
1308,2,set40,alt2,20260910309
1308,2,set44,alt1,20260910309
1308,2,set45,alt2,20260910309
1308,2,set46,alt1,20260910309
1309,4,set14,alt1,20260910310
1309,4,set15,alt2,20260910310
1309,4,set16,alt2,20260910310
1309,4,set17,alt2,20260910310
1309,4,set20,alt1,20260910310
1309,4,set21,alt1,20260910310
1309,4,set23,alt1,20260910310
1309,4,set26,alt1,20260910310
1309,4,set27,alt1,20260910310
1309,4,set32,alt1,20260910310
1309,4,set34,alt2,20260910310
1309,4,set43,alt2,20260910310
1310,3,set3,alt1,20260910311
1310,3,set4,alt2,20260910311
1310,3,set12,alt1,20260910311
1310,3,set22,alt1,20260910311
1310,3,set24,alt1,20260910311
1310,3,set25,alt1,20260910311
1310,3,set28,alt1,20260910311
1310,3,set29,alt1,20260910311
1310,3,set30,alt2,20260910311
1310,3,set31,alt2,20260910311
1310,3,set39,alt2,20260910311
1310,3,set47,alt2,20260910311
1311,4,set14,alt1,20260910312
1311,4,set15,alt2,20260910312
1311,4,set16,alt2,20260910312
1311,4,set17,alt2,20260910312
1311,4,set20,alt1,20260910312
1311,4,set21,alt1,20260910312
1311,4,set23,alt1,20260910312
1311,4,set26,alt1,20260910312
1311,4,set27,alt1,20260910312
1311,4,set32,alt1,20260910312
1311,4,set34,alt2,20260910312
1311,4,set43,alt2,20260910312
1312,4,set14,alt1,20260910313
1312,4,set15,alt2,20260910313
1312,4,set16,alt2,20260910313
1312,4,set17,alt2,20260910313
1312,4,set20,alt1,20260910313
1312,4,set21,alt1,20260910313
1312,4,set23,alt1,20260910313
1312,4,set26,alt1,20260910313
1312,4,set27,alt1,20260910313
1312,4,set32,alt1,20260910313
1312,4,set34,alt2,20260910313
1312,4,set43,alt2,20260910313
1313,2,set1,alt2,20260910314
1313,2,set2,alt1,20260910314
1313,2,set7,alt1,20260910314
1313,2,set8,alt1,20260910314
1313,2,set10,alt1,20260910314
1313,2,set13,alt1,20260910314
1313,2,set36,alt2,20260910314
1313,2,set38,alt2,20260910314
1313,2,set40,alt2,20260910314
1313,2,set44,alt1,20260910314
1313,2,set45,alt2,20260910314
1313,2,set46,alt1,20260910314
1314,4,set14,alt1,20260910315
1314,4,set15,alt2,20260910315
1314,4,set16,alt2,20260910315
1314,4,set17,alt2,20260910315
1314,4,set20,alt1,20260910315
1314,4,set21,alt1,20260910315
1314,4,set23,alt1,20260910315
1314,4,set26,alt1,20260910315
1314,4,set27,alt1,20260910315
1314,4,set32,alt1,20260910315
1314,4,set34,alt2,20260910315
1314,4,set43,alt2,20260910315
1315,1,set5,alt1,20260910316
1315,1,set6,alt1,20260910316
1315,1,set9,alt1,20260910316
1315,1,set11,alt2,20260910316
1315,1,set18,alt1,20260910316
1315,1,set19,alt1,20260910316
1315,1,set33,alt2,20260910316
1315,1,set35,alt2,20260910316
1315,1,set37,alt1,20260910316
1315,1,set41,alt1,20260910316
1315,1,set42,alt2,20260910316
1315,1,set48,alt2,20260910316
1316,2,set1,alt2,20260910317
1316,2,set2,alt1,20260910317
1316,2,set7,alt1,20260910317
1316,2,set8,alt1,20260910317
1316,2,set10,alt1,20260910317
1316,2,set13,alt1,20260910317
1316,2,set36,alt2,20260910317
1316,2,set38,alt2,20260910317
1316,2,set40,alt2,20260910317
1316,2,set44,alt1,20260910317
1316,2,set45,alt2,20260910317
1316,2,set46,alt1,20260910317
1317,1,set5,alt2,20260910318
1317,1,set6,alt2,20260910318
1317,1,set9,alt2,20260910318
1317,1,set11,alt2,20260910318
1317,1,set18,alt2,20260910318
1317,1,set19,alt2,20260910318
1317,1,set33,alt1,20260910318
1317,1,set35,alt2,20260910318
1317,1,set37,alt1,20260910318
1317,1,set41,alt2,20260910318
1317,1,set42,alt2,20260910318
1317,1,set48,alt2,20260910318
1318,2,set1,alt2,20260910319
1318,2,set2,alt1,20260910319
1318,2,set7,alt2,20260910319
1318,2,set8,alt1,20260910319
1318,2,set10,alt2,20260910319
1318,2,set13,alt1,20260910319
1318,2,set36,alt2,20260910319
1318,2,set38,alt1,20260910319
1318,2,set40,alt2,20260910319
1318,2,set44,alt2,20260910319
1318,2,set45,alt2,20260910319
1318,2,set46,alt2,20260910319
1319,4,set14,alt1,20260910320
1319,4,set15,alt2,20260910320
1319,4,set16,alt1,20260910320
1319,4,set17,alt2,20260910320
1319,4,set20,alt1,20260910320
1319,4,set21,alt1,20260910320
1319,4,set23,alt1,20260910320
1319,4,set26,alt1,20260910320
1319,4,set27,alt1,20260910320
1319,4,set32,alt1,20260910320
1319,4,set34,alt1,20260910320
1319,4,set43,alt1,20260910320
1320,4,set14,alt1,20260910321
1320,4,set15,alt2,20260910321
1320,4,set16,alt2,20260910321
1320,4,set17,alt2,20260910321
1320,4,set20,alt1,20260910321
1320,4,set21,alt1,20260910321
1320,4,set23,alt1,20260910321
1320,4,set26,alt1,20260910321
1320,4,set27,alt1,20260910321
1320,4,set32,alt1,20260910321
1320,4,set34,alt2,20260910321
1320,4,set43,alt2,20260910321
1321,2,set1,alt2,20260910322
1321,2,set2,alt1,20260910322
1321,2,set7,alt2,20260910322
1321,2,set8,alt1,20260910322
1321,2,set10,alt2,20260910322
1321,2,set13,alt1,20260910322
1321,2,set36,alt2,20260910322
1321,2,set38,alt1,20260910322
1321,2,set40,alt2,20260910322
1321,2,set44,alt2,20260910322
1321,2,set45,alt2,20260910322
1321,2,set46,alt2,20260910322
1322,2,set1,alt2,20260910323
1322,2,set2,alt1,20260910323
1322,2,set7,alt2,20260910323
1322,2,set8,alt1,20260910323
1322,2,set10,alt2,20260910323
1322,2,set13,alt1,20260910323
1322,2,set36,alt2,20260910323
1322,2,set38,alt1,20260910323
1322,2,set40,alt2,20260910323
1322,2,set44,alt2,20260910323
1322,2,set45,alt2,20260910323
1322,2,set46,alt2,20260910323
1323,1,set5,alt2,20260910324
1323,1,set6,alt2,20260910324
1323,1,set9,alt2,20260910324
1323,1,set11,alt2,20260910324
1323,1,set18,alt1,20260910324
1323,1,set19,alt2,20260910324
1323,1,set33,alt1,20260910324
1323,1,set35,alt2,20260910324
1323,1,set37,alt1,20260910324
1323,1,set41,alt1,20260910324
1323,1,set42,alt2,20260910324
1323,1,set48,alt2,20260910324
1324,1,set5,alt2,20260910325
1324,1,set6,alt1,20260910325
1324,1,set9,alt2,20260910325
1324,1,set11,alt2,20260910325
1324,1,set18,alt2,20260910325
1324,1,set19,alt2,20260910325
1324,1,set33,alt1,20260910325
1324,1,set35,alt2,20260910325
1324,1,set37,alt1,20260910325
1324,1,set41,alt1,20260910325
1324,1,set42,alt2,20260910325
1324,1,set48,alt2,20260910325
1325,2,set1,alt2,20260910326
1325,2,set2,alt1,20260910326
1325,2,set7,alt1,20260910326
1325,2,set8,alt1,20260910326
1325,2,set10,alt1,20260910326
1325,2,set13,alt1,20260910326
1325,2,set36,alt2,20260910326
1325,2,set38,alt2,20260910326
1325,2,set40,alt2,20260910326
1325,2,set44,alt1,20260910326
1325,2,set45,alt2,20260910326
1325,2,set46,alt1,20260910326
1326,1,set5,alt2,20260910327
1326,1,set6,alt1,20260910327
1326,1,set9,alt2,20260910327
1326,1,set11,alt2,20260910327
1326,1,set18,alt2,20260910327
1326,1,set19,alt2,20260910327
1326,1,set33,alt1,20260910327
1326,1,set35,alt2,20260910327
1326,1,set37,alt1,20260910327
1326,1,set41,alt1,20260910327
1326,1,set42,alt2,20260910327
1326,1,set48,alt2,20260910327
1327,3,set3,alt1,20260910328
1327,3,set4,alt2,20260910328
1327,3,set12,alt1,20260910328
1327,3,set22,alt1,20260910328
1327,3,set24,alt1,20260910328
1327,3,set25,alt1,20260910328
1327,3,set28,alt1,20260910328
1327,3,set29,alt1,20260910328
1327,3,set30,alt2,20260910328
1327,3,set31,alt2,20260910328
1327,3,set39,alt2,20260910328
1327,3,set47,alt2,20260910328
1328,3,set3,alt1,20260910329
1328,3,set4,alt2,20260910329
1328,3,set12,alt1,20260910329
1328,3,set22,alt1,20260910329
1328,3,set24,alt1,20260910329
1328,3,set25,alt1,20260910329
1328,3,set28,alt1,20260910329
1328,3,set29,alt1,20260910329
1328,3,set30,alt2,20260910329
1328,3,set31,alt2,20260910329
1328,3,set39,alt2,20260910329
1328,3,set47,alt2,20260910329
1329,2,set1,alt2,20260910330
1329,2,set2,alt1,20260910330
1329,2,set7,alt1,20260910330
1329,2,set8,alt1,20260910330
1329,2,set10,alt1,20260910330
1329,2,set13,alt1,20260910330
1329,2,set36,alt2,20260910330
1329,2,set38,alt2,20260910330
1329,2,set40,alt2,20260910330
1329,2,set44,alt1,20260910330
1329,2,set45,alt2,20260910330
1329,2,set46,alt1,20260910330
1330,4,set14,alt1,20260910331
1330,4,set15,alt2,20260910331
1330,4,set16,alt2,20260910331
1330,4,set17,alt2,20260910331
1330,4,set20,alt1,20260910331
1330,4,set21,alt1,20260910331
1330,4,set23,alt1,20260910331
1330,4,set26,alt1,20260910331
1330,4,set27,alt1,20260910331
1330,4,set32,alt1,20260910331
1330,4,set34,alt2,20260910331
1330,4,set43,alt2,20260910331
1331,1,set5,alt2,20260910332
1331,1,set6,alt1,20260910332
1331,1,set9,alt2,20260910332
1331,1,set11,alt2,20260910332
1331,1,set18,alt2,20260910332
1331,1,set19,alt2,20260910332
1331,1,set33,alt1,20260910332
1331,1,set35,alt2,20260910332
1331,1,set37,alt1,20260910332
1331,1,set41,alt1,20260910332
1331,1,set42,alt2,20260910332
1331,1,set48,alt2,20260910332
1332,3,set3,alt1,20260910333
1332,3,set4,alt2,20260910333
1332,3,set12,alt1,20260910333
1332,3,set22,alt1,20260910333
1332,3,set24,alt1,20260910333
1332,3,set25,alt1,20260910333
1332,3,set28,alt1,20260910333
1332,3,set29,alt1,20260910333
1332,3,set30,alt2,20260910333
1332,3,set31,alt2,20260910333
1332,3,set39,alt2,20260910333
1332,3,set47,alt2,20260910333
1333,3,set3,alt1,20260910334
1333,3,set4,alt2,20260910334
1333,3,set12,alt1,20260910334
1333,3,set22,alt1,20260910334
1333,3,set24,alt1,20260910334
1333,3,set25,alt1,20260910334
1333,3,set28,alt1,20260910334
1333,3,set29,alt1,20260910334
1333,3,set30,alt2,20260910334
1333,3,set31,alt2,20260910334
1333,3,set39,alt2,20260910334
1333,3,set47,alt2,20260910334
1334,3,set3,alt1,20260910335
1334,3,set4,alt2,20260910335
1334,3,set12,alt1,20260910335
1334,3,set22,alt1,20260910335
1334,3,set24,alt1,20260910335
1334,3,set25,alt1,20260910335
1334,3,set28,alt1,20260910335
1334,3,set29,alt1,20260910335
1334,3,set30,alt2,20260910335
1334,3,set31,alt2,20260910335
1334,3,set39,alt2,20260910335
1334,3,set47,alt2,20260910335
1335,2,set1,alt2,20260910336
1335,2,set2,alt1,20260910336
1335,2,set7,alt1,20260910336
1335,2,set8,alt1,20260910336
1335,2,set10,alt1,20260910336
1335,2,set13,alt1,20260910336
1335,2,set36,alt2,20260910336
1335,2,set38,alt2,20260910336
1335,2,set40,alt2,20260910336
1335,2,set44,alt1,20260910336
1335,2,set45,alt2,20260910336
1335,2,set46,alt1,20260910336
1336,3,set3,alt1,20260910337
1336,3,set4,alt2,20260910337
1336,3,set12,alt1,20260910337
1336,3,set22,alt1,20260910337
1336,3,set24,alt1,20260910337
1336,3,set25,alt1,20260910337
1336,3,set28,alt1,20260910337
1336,3,set29,alt1,20260910337
1336,3,set30,alt2,20260910337
1336,3,set31,alt2,20260910337
1336,3,set39,alt2,20260910337
1336,3,set47,alt2,20260910337
1337,4,set14,alt1,20260910338
1337,4,set15,alt2,20260910338
1337,4,set16,alt2,20260910338
1337,4,set17,alt2,20260910338
1337,4,set20,alt1,20260910338
1337,4,set21,alt1,20260910338
1337,4,set23,alt1,20260910338
1337,4,set26,alt1,20260910338
1337,4,set27,alt1,20260910338
1337,4,set32,alt1,20260910338
1337,4,set34,alt2,20260910338
1337,4,set43,alt2,20260910338
1338,2,set1,alt2,20260910339
1338,2,set2,alt1,20260910339
1338,2,set7,alt1,20260910339
1338,2,set8,alt1,20260910339
1338,2,set10,alt1,20260910339
1338,2,set13,alt1,20260910339
1338,2,set36,alt2,20260910339
1338,2,set38,alt2,20260910339
1338,2,set40,alt2,20260910339
1338,2,set44,alt1,20260910339
1338,2,set45,alt2,20260910339
1338,2,set46,alt1,20260910339
1339,2,set1,alt2,20260910340
1339,2,set2,alt1,20260910340
1339,2,set7,alt1,20260910340
1339,2,set8,alt1,20260910340
1339,2,set10,alt1,20260910340
1339,2,set13,alt1,20260910340
1339,2,set36,alt2,20260910340
1339,2,set38,alt2,20260910340
1339,2,set40,alt2,20260910340
1339,2,set44,alt1,20260910340
1339,2,set45,alt2,20260910340
1339,2,set46,alt1,20260910340
1340,1,set5,alt2,20260910341
1340,1,set6,alt1,20260910341
1340,1,set9,alt2,20260910341
1340,1,set11,alt2,20260910341
1340,1,set18,alt2,20260910341
1340,1,set19,alt2,20260910341
1340,1,set33,alt1,20260910341
1340,1,set35,alt2,20260910341
1340,1,set37,alt1,20260910341
1340,1,set41,alt1,20260910341
1340,1,set42,alt2,20260910341
1340,1,set48,alt2,20260910341
1341,4,set14,alt1,20260910342
1341,4,set15,alt2,20260910342
1341,4,set16,alt2,20260910342
1341,4,set17,alt2,20260910342
1341,4,set20,alt1,20260910342
1341,4,set21,alt1,20260910342
1341,4,set23,alt1,20260910342
1341,4,set26,alt1,20260910342
1341,4,set27,alt1,20260910342
1341,4,set32,alt1,20260910342
1341,4,set34,alt2,20260910342
1341,4,set43,alt2,20260910342
1342,1,set5,alt2,20260910343
1342,1,set6,alt2,20260910343
1342,1,set9,alt2,20260910343
1342,1,set11,alt2,20260910343
1342,1,set18,alt1,20260910343
1342,1,set19,alt2,20260910343
1342,1,set33,alt1,20260910343
1342,1,set35,alt2,20260910343
1342,1,set37,alt1,20260910343
1342,1,set41,alt1,20260910343
1342,1,set42,alt2,20260910343
1342,1,set48,alt2,20260910343
1343,1,set5,alt2,20260910344
1343,1,set6,alt1,20260910344
1343,1,set9,alt2,20260910344
1343,1,set11,alt2,20260910344
1343,1,set18,alt2,20260910344
1343,1,set19,alt2,20260910344
1343,1,set33,alt1,20260910344
1343,1,set35,alt2,20260910344
1343,1,set37,alt1,20260910344
1343,1,set41,alt1,20260910344
1343,1,set42,alt2,20260910344
1343,1,set48,alt2,20260910344
1344,2,set1,alt2,20260910345
1344,2,set2,alt1,20260910345
1344,2,set7,alt1,20260910345
1344,2,set8,alt1,20260910345
1344,2,set10,alt1,20260910345
1344,2,set13,alt1,20260910345
1344,2,set36,alt2,20260910345
1344,2,set38,alt2,20260910345
1344,2,set40,alt2,20260910345
1344,2,set44,alt1,20260910345
1344,2,set45,alt2,20260910345
1344,2,set46,alt1,20260910345
1345,1,set5,alt2,20260910346
1345,1,set6,alt1,20260910346
1345,1,set9,alt2,20260910346
1345,1,set11,alt2,20260910346
1345,1,set18,alt2,20260910346
1345,1,set19,alt2,20260910346
1345,1,set33,alt1,20260910346
1345,1,set35,alt2,20260910346
1345,1,set37,alt1,20260910346
1345,1,set41,alt1,20260910346
1345,1,set42,alt2,20260910346
1345,1,set48,alt2,20260910346
1346,4,set14,alt1,20260910347
1346,4,set15,alt2,20260910347
1346,4,set16,alt1,20260910347
1346,4,set17,alt2,20260910347
1346,4,set20,alt1,20260910347
1346,4,set21,alt1,20260910347
1346,4,set23,alt1,20260910347
1346,4,set26,alt1,20260910347
1346,4,set27,alt1,20260910347
1346,4,set32,alt1,20260910347
1346,4,set34,alt1,20260910347
1346,4,set43,alt1,20260910347
1347,1,set5,alt2,20260910348
1347,1,set6,alt1,20260910348
1347,1,set9,alt2,20260910348
1347,1,set11,alt2,20260910348
1347,1,set18,alt2,20260910348
1347,1,set19,alt2,20260910348
1347,1,set33,alt1,20260910348
1347,1,set35,alt2,20260910348
1347,1,set37,alt1,20260910348
1347,1,set41,alt1,20260910348
1347,1,set42,alt2,20260910348
1347,1,set48,alt2,20260910348
1348,3,set3,alt2,20260910349
1348,3,set4,alt1,20260910349
1348,3,set12,alt1,20260910349
1348,3,set22,alt2,20260910349
1348,3,set24,alt1,20260910349
1348,3,set25,alt2,20260910349
1348,3,set28,alt2,20260910349
1348,3,set29,alt1,20260910349
1348,3,set30,alt2,20260910349
1348,3,set31,alt1,20260910349
1348,3,set39,alt1,20260910349
1348,3,set47,alt2,20260910349
1349,2,set1,alt2,20260910350
1349,2,set2,alt1,20260910350
1349,2,set7,alt1,20260910350
1349,2,set8,alt1,20260910350
1349,2,set10,alt1,20260910350
1349,2,set13,alt1,20260910350
1349,2,set36,alt2,20260910350
1349,2,set38,alt2,20260910350
1349,2,set40,alt2,20260910350
1349,2,set44,alt1,20260910350
1349,2,set45,alt2,20260910350
1349,2,set46,alt1,20260910350
1350,2,set1,alt2,20260910351
1350,2,set2,alt1,20260910351
1350,2,set7,alt2,20260910351
1350,2,set8,alt1,20260910351
1350,2,set10,alt2,20260910351
1350,2,set13,alt1,20260910351
1350,2,set36,alt2,20260910351
1350,2,set38,alt1,20260910351
1350,2,set40,alt2,20260910351
1350,2,set44,alt2,20260910351
1350,2,set45,alt2,20260910351
1350,2,set46,alt2,20260910351
1351,1,set5,alt2,20260910352
1351,1,set6,alt2,20260910352
1351,1,set9,alt2,20260910352
1351,1,set11,alt2,20260910352
1351,1,set18,alt2,20260910352
1351,1,set19,alt2,20260910352
1351,1,set33,alt1,20260910352
1351,1,set35,alt2,20260910352
1351,1,set37,alt1,20260910352
1351,1,set41,alt2,20260910352
1351,1,set42,alt2,20260910352
1351,1,set48,alt2,20260910352
1352,1,set5,alt2,20260910353
1352,1,set6,alt1,20260910353
1352,1,set9,alt2,20260910353
1352,1,set11,alt2,20260910353
1352,1,set18,alt2,20260910353
1352,1,set19,alt2,20260910353
1352,1,set33,alt1,20260910353
1352,1,set35,alt2,20260910353
1352,1,set37,alt1,20260910353
1352,1,set41,alt1,20260910353
1352,1,set42,alt2,20260910353
1352,1,set48,alt2,20260910353
1353,4,set14,alt2,20260910354
1353,4,set15,alt2,20260910354
1353,4,set16,alt1,20260910354
1353,4,set17,alt1,20260910354
1353,4,set20,alt1,20260910354
1353,4,set21,alt1,20260910354
1353,4,set23,alt1,20260910354
1353,4,set26,alt1,20260910354
1353,4,set27,alt2,20260910354
1353,4,set32,alt1,20260910354
1353,4,set34,alt2,20260910354
1353,4,set43,alt1,20260910354
1354,1,set5,alt1,20260910355
1354,1,set6,alt1,20260910355
1354,1,set9,alt1,20260910355
1354,1,set11,alt2,20260910355
1354,1,set18,alt1,20260910355
1354,1,set19,alt1,20260910355
1354,1,set33,alt2,20260910355
1354,1,set35,alt2,20260910355
1354,1,set37,alt1,20260910355
1354,1,set41,alt1,20260910355
1354,1,set42,alt2,20260910355
1354,1,set48,alt2,20260910355
1355,1,set5,alt1,20260910356
1355,1,set6,alt1,20260910356
1355,1,set9,alt1,20260910356
1355,1,set11,alt2,20260910356
1355,1,set18,alt1,20260910356
1355,1,set19,alt1,20260910356
1355,1,set33,alt2,20260910356
1355,1,set35,alt2,20260910356
1355,1,set37,alt1,20260910356
1355,1,set41,alt1,20260910356
1355,1,set42,alt2,20260910356
1355,1,set48,alt2,20260910356
1356,3,set3,alt2,20260910357
1356,3,set4,alt2,20260910357
1356,3,set12,alt1,20260910357
1356,3,set22,alt2,20260910357
1356,3,set24,alt1,20260910357
1356,3,set25,alt1,20260910357
1356,3,set28,alt1,20260910357
1356,3,set29,alt1,20260910357
1356,3,set30,alt2,20260910357
1356,3,set31,alt2,20260910357
1356,3,set39,alt2,20260910357
1356,3,set47,alt2,20260910357
1357,2,set1,alt2,20260910358
1357,2,set2,alt1,20260910358
1357,2,set7,alt1,20260910358
1357,2,set8,alt1,20260910358
1357,2,set10,alt1,20260910358
1357,2,set13,alt1,20260910358
1357,2,set36,alt2,20260910358
1357,2,set38,alt2,20260910358
1357,2,set40,alt2,20260910358
1357,2,set44,alt1,20260910358
1357,2,set45,alt2,20260910358
1357,2,set46,alt1,20260910358
1358,4,set14,alt2,20260910359
1358,4,set15,alt2,20260910359
1358,4,set16,alt1,20260910359
1358,4,set17,alt1,20260910359
1358,4,set20,alt1,20260910359
1358,4,set21,alt1,20260910359
1358,4,set23,alt1,20260910359
1358,4,set26,alt1,20260910359
1358,4,set27,alt2,20260910359
1358,4,set32,alt1,20260910359
1358,4,set34,alt2,20260910359
1358,4,set43,alt1,20260910359
1359,3,set3,alt1,20260910360
1359,3,set4,alt2,20260910360
1359,3,set12,alt1,20260910360
1359,3,set22,alt1,20260910360
1359,3,set24,alt1,20260910360
1359,3,set25,alt1,20260910360
1359,3,set28,alt1,20260910360
1359,3,set29,alt1,20260910360
1359,3,set30,alt2,20260910360
1359,3,set31,alt2,20260910360
1359,3,set39,alt2,20260910360
1359,3,set47,alt2,20260910360
1360,4,set14,alt1,20260910361
1360,4,set15,alt1,20260910361
1360,4,set16,alt1,20260910361
1360,4,set17,alt1,20260910361
1360,4,set20,alt1,20260910361
1360,4,set21,alt1,20260910361
1360,4,set23,alt1,20260910361
1360,4,set26,alt1,20260910361
1360,4,set27,alt1,20260910361
1360,4,set32,alt1,20260910361
1360,4,set34,alt2,20260910361
1360,4,set43,alt1,20260910361
1361,4,set14,alt1,20260910362
1361,4,set15,alt2,20260910362
1361,4,set16,alt2,20260910362
1361,4,set17,alt2,20260910362
1361,4,set20,alt1,20260910362
1361,4,set21,alt1,20260910362
1361,4,set23,alt1,20260910362
1361,4,set26,alt1,20260910362
1361,4,set27,alt1,20260910362
1361,4,set32,alt1,20260910362
1361,4,set34,alt2,20260910362
1361,4,set43,alt2,20260910362
1362,3,set3,alt1,20260910363
1362,3,set4,alt2,20260910363
1362,3,set12,alt1,20260910363
1362,3,set22,alt1,20260910363
1362,3,set24,alt1,20260910363
1362,3,set25,alt1,20260910363
1362,3,set28,alt1,20260910363
1362,3,set29,alt1,20260910363
1362,3,set30,alt2,20260910363
1362,3,set31,alt2,20260910363
1362,3,set39,alt2,20260910363
1362,3,set47,alt2,20260910363
1363,3,set3,alt1,20260910364
1363,3,set4,alt2,20260910364
1363,3,set12,alt1,20260910364
1363,3,set22,alt1,20260910364
1363,3,set24,alt1,20260910364
1363,3,set25,alt1,20260910364
1363,3,set28,alt1,20260910364
1363,3,set29,alt1,20260910364
1363,3,set30,alt2,20260910364
1363,3,set31,alt2,20260910364
1363,3,set39,alt2,20260910364
1363,3,set47,alt2,20260910364
1364,1,set5,alt2,20260910365
1364,1,set6,alt2,20260910365
1364,1,set9,alt2,20260910365
1364,1,set11,alt2,20260910365
1364,1,set18,alt2,20260910365
1364,1,set19,alt2,20260910365
1364,1,set33,alt1,20260910365
1364,1,set35,alt2,20260910365
1364,1,set37,alt1,20260910365
1364,1,set41,alt2,20260910365
1364,1,set42,alt2,20260910365
1364,1,set48,alt2,20260910365
1365,2,set1,alt2,20260910366
1365,2,set2,alt1,20260910366
1365,2,set7,alt1,20260910366
1365,2,set8,alt1,20260910366
1365,2,set10,alt1,20260910366
1365,2,set13,alt1,20260910366
1365,2,set36,alt2,20260910366
1365,2,set38,alt2,20260910366
1365,2,set40,alt2,20260910366
1365,2,set44,alt1,20260910366
1365,2,set45,alt2,20260910366
1365,2,set46,alt1,20260910366
1366,3,set3,alt1,20260910367
1366,3,set4,alt2,20260910367
1366,3,set12,alt1,20260910367
1366,3,set22,alt1,20260910367
1366,3,set24,alt1,20260910367
1366,3,set25,alt1,20260910367
1366,3,set28,alt1,20260910367
1366,3,set29,alt1,20260910367
1366,3,set30,alt2,20260910367
1366,3,set31,alt2,20260910367
1366,3,set39,alt2,20260910367
1366,3,set47,alt2,20260910367
1367,4,set14,alt1,20260910368
1367,4,set15,alt1,20260910368
1367,4,set16,alt1,20260910368
1367,4,set17,alt1,20260910368
1367,4,set20,alt1,20260910368
1367,4,set21,alt1,20260910368
1367,4,set23,alt1,20260910368
1367,4,set26,alt1,20260910368
1367,4,set27,alt1,20260910368
1367,4,set32,alt1,20260910368
1367,4,set34,alt2,20260910368
1367,4,set43,alt1,20260910368
1368,4,set14,alt1,20260910369
1368,4,set15,alt1,20260910369
1368,4,set16,alt1,20260910369
1368,4,set17,alt1,20260910369
1368,4,set20,alt1,20260910369
1368,4,set21,alt1,20260910369
1368,4,set23,alt1,20260910369
1368,4,set26,alt1,20260910369
1368,4,set27,alt1,20260910369
1368,4,set32,alt1,20260910369
1368,4,set34,alt2,20260910369
1368,4,set43,alt1,20260910369
1369,2,set1,alt2,20260910370
1369,2,set2,alt1,20260910370
1369,2,set7,alt1,20260910370
1369,2,set8,alt1,20260910370
1369,2,set10,alt1,20260910370
1369,2,set13,alt1,20260910370
1369,2,set36,alt2,20260910370
1369,2,set38,alt2,20260910370
1369,2,set40,alt2,20260910370
1369,2,set44,alt1,20260910370
1369,2,set45,alt2,20260910370
1369,2,set46,alt1,20260910370
1370,4,set14,alt1,20260910371
1370,4,set15,alt1,20260910371
1370,4,set16,alt1,20260910371
1370,4,set17,alt1,20260910371
1370,4,set20,alt1,20260910371
1370,4,set21,alt1,20260910371
1370,4,set23,alt1,20260910371
1370,4,set26,alt1,20260910371
1370,4,set27,alt1,20260910371
1370,4,set32,alt1,20260910371
1370,4,set34,alt2,20260910371
1370,4,set43,alt1,20260910371
1371,4,set14,alt1,20260910372
1371,4,set15,alt2,20260910372
1371,4,set16,alt2,20260910372
1371,4,set17,alt2,20260910372
1371,4,set20,alt1,20260910372
1371,4,set21,alt1,20260910372
1371,4,set23,alt1,20260910372
1371,4,set26,alt1,20260910372
1371,4,set27,alt1,20260910372
1371,4,set32,alt1,20260910372
1371,4,set34,alt2,20260910372
1371,4,set43,alt2,20260910372
1372,1,set5,alt2,20260910373
1372,1,set6,alt1,20260910373
1372,1,set9,alt2,20260910373
1372,1,set11,alt2,20260910373
1372,1,set18,alt2,20260910373
1372,1,set19,alt2,20260910373
1372,1,set33,alt1,20260910373
1372,1,set35,alt2,20260910373
1372,1,set37,alt1,20260910373
1372,1,set41,alt1,20260910373
1372,1,set42,alt2,20260910373
1372,1,set48,alt2,20260910373
1373,1,set5,alt2,20260910374
1373,1,set6,alt1,20260910374
1373,1,set9,alt2,20260910374
1373,1,set11,alt2,20260910374
1373,1,set18,alt2,20260910374
1373,1,set19,alt2,20260910374
1373,1,set33,alt1,20260910374
1373,1,set35,alt2,20260910374
1373,1,set37,alt1,20260910374
1373,1,set41,alt1,20260910374
1373,1,set42,alt2,20260910374
1373,1,set48,alt2,20260910374
1374,4,set14,alt1,20260910375
1374,4,set15,alt2,20260910375
1374,4,set16,alt2,20260910375
1374,4,set17,alt2,20260910375
1374,4,set20,alt1,20260910375
1374,4,set21,alt1,20260910375
1374,4,set23,alt1,20260910375
1374,4,set26,alt1,20260910375
1374,4,set27,alt1,20260910375
1374,4,set32,alt1,20260910375
1374,4,set34,alt2,20260910375
1374,4,set43,alt2,20260910375
1375,1,set5,alt2,20260910376
1375,1,set6,alt2,20260910376
1375,1,set9,alt2,20260910376
1375,1,set11,alt2,20260910376
1375,1,set18,alt2,20260910376
1375,1,set19,alt2,20260910376
1375,1,set33,alt1,20260910376
1375,1,set35,alt2,20260910376
1375,1,set37,alt1,20260910376
1375,1,set41,alt2,20260910376
1375,1,set42,alt2,20260910376
1375,1,set48,alt2,20260910376
1376,1,set5,alt2,20260910377
1376,1,set6,alt1,20260910377
1376,1,set9,alt2,20260910377
1376,1,set11,alt2,20260910377
1376,1,set18,alt2,20260910377
1376,1,set19,alt2,20260910377
1376,1,set33,alt1,20260910377
1376,1,set35,alt2,20260910377
1376,1,set37,alt1,20260910377
1376,1,set41,alt1,20260910377
1376,1,set42,alt2,20260910377
1376,1,set48,alt2,20260910377
1377,4,set14,alt1,20260910378
1377,4,set15,alt2,20260910378
1377,4,set16,alt2,20260910378
1377,4,set17,alt2,20260910378
1377,4,set20,alt1,20260910378
1377,4,set21,alt1,20260910378
1377,4,set23,alt1,20260910378
1377,4,set26,alt1,20260910378
1377,4,set27,alt1,20260910378
1377,4,set32,alt1,20260910378
1377,4,set34,alt2,20260910378
1377,4,set43,alt2,20260910378
1378,3,set3,alt1,20260910379
1378,3,set4,alt2,20260910379
1378,3,set12,alt1,20260910379
1378,3,set22,alt1,20260910379
1378,3,set24,alt1,20260910379
1378,3,set25,alt1,20260910379
1378,3,set28,alt1,20260910379
1378,3,set29,alt1,20260910379
1378,3,set30,alt2,20260910379
1378,3,set31,alt2,20260910379
1378,3,set39,alt2,20260910379
1378,3,set47,alt2,20260910379
1379,4,set14,alt1,20260910380
1379,4,set15,alt2,20260910380
1379,4,set16,alt2,20260910380
1379,4,set17,alt2,20260910380
1379,4,set20,alt1,20260910380
1379,4,set21,alt1,20260910380
1379,4,set23,alt1,20260910380
1379,4,set26,alt1,20260910380
1379,4,set27,alt1,20260910380
1379,4,set32,alt1,20260910380
1379,4,set34,alt2,20260910380
1379,4,set43,alt2,20260910380
1380,1,set5,alt1,20260910381
1380,1,set6,alt1,20260910381
1380,1,set9,alt1,20260910381
1380,1,set11,alt2,20260910381
1380,1,set18,alt1,20260910381
1380,1,set19,alt1,20260910381
1380,1,set33,alt2,20260910381
1380,1,set35,alt2,20260910381
1380,1,set37,alt1,20260910381
1380,1,set41,alt1,20260910381
1380,1,set42,alt2,20260910381
1380,1,set48,alt2,20260910381
1381,1,set5,alt2,20260910382
1381,1,set6,alt1,20260910382
1381,1,set9,alt2,20260910382
1381,1,set11,alt2,20260910382
1381,1,set18,alt2,20260910382
1381,1,set19,alt2,20260910382
1381,1,set33,alt1,20260910382
1381,1,set35,alt2,20260910382
1381,1,set37,alt1,20260910382
1381,1,set41,alt1,20260910382
1381,1,set42,alt2,20260910382
1381,1,set48,alt2,20260910382
1382,3,set3,alt1,20260910383
1382,3,set4,alt2,20260910383
1382,3,set12,alt1,20260910383
1382,3,set22,alt1,20260910383
1382,3,set24,alt1,20260910383
1382,3,set25,alt1,20260910383
1382,3,set28,alt1,20260910383
1382,3,set29,alt1,20260910383
1382,3,set30,alt2,20260910383
1382,3,set31,alt2,20260910383
1382,3,set39,alt2,20260910383
1382,3,set47,alt2,20260910383
1383,2,set1,alt2,20260910384
1383,2,set2,alt1,20260910384
1383,2,set7,alt1,20260910384
1383,2,set8,alt1,20260910384
1383,2,set10,alt1,20260910384
1383,2,set13,alt1,20260910384
1383,2,set36,alt2,20260910384
1383,2,set38,alt2,20260910384
1383,2,set40,alt2,20260910384
1383,2,set44,alt1,20260910384
1383,2,set45,alt2,20260910384
1383,2,set46,alt1,20260910384
1384,2,set1,alt2,20260910385
1384,2,set2,alt1,20260910385
1384,2,set7,alt1,20260910385
1384,2,set8,alt1,20260910385
1384,2,set10,alt1,20260910385
1384,2,set13,alt1,20260910385
1384,2,set36,alt2,20260910385
1384,2,set38,alt2,20260910385
1384,2,set40,alt2,20260910385
1384,2,set44,alt1,20260910385
1384,2,set45,alt2,20260910385
1384,2,set46,alt1,20260910385
1385,2,set1,alt2,20260910386
1385,2,set2,alt1,20260910386
1385,2,set7,alt1,20260910386
1385,2,set8,alt1,20260910386
1385,2,set10,alt1,20260910386
1385,2,set13,alt1,20260910386
1385,2,set36,alt1,20260910386
1385,2,set38,alt2,20260910386
1385,2,set40,alt1,20260910386
1385,2,set44,alt2,20260910386
1385,2,set45,alt2,20260910386
1385,2,set46,alt2,20260910386
1386,2,set1,alt2,20260910387
1386,2,set2,alt1,20260910387
1386,2,set7,alt1,20260910387
1386,2,set8,alt1,20260910387
1386,2,set10,alt1,20260910387
1386,2,set13,alt1,20260910387
1386,2,set36,alt2,20260910387
1386,2,set38,alt2,20260910387
1386,2,set40,alt2,20260910387
1386,2,set44,alt1,20260910387
1386,2,set45,alt2,20260910387
1386,2,set46,alt1,20260910387
1387,1,set5,alt1,20260910388
1387,1,set6,alt1,20260910388
1387,1,set9,alt1,20260910388
1387,1,set11,alt2,20260910388
1387,1,set18,alt1,20260910388
1387,1,set19,alt1,20260910388
1387,1,set33,alt2,20260910388
1387,1,set35,alt2,20260910388
1387,1,set37,alt1,20260910388
1387,1,set41,alt1,20260910388
1387,1,set42,alt2,20260910388
1387,1,set48,alt2,20260910388
1388,4,set14,alt1,20260910389
1388,4,set15,alt2,20260910389
1388,4,set16,alt2,20260910389
1388,4,set17,alt2,20260910389
1388,4,set20,alt1,20260910389
1388,4,set21,alt1,20260910389
1388,4,set23,alt1,20260910389
1388,4,set26,alt1,20260910389
1388,4,set27,alt1,20260910389
1388,4,set32,alt1,20260910389
1388,4,set34,alt2,20260910389
1388,4,set43,alt2,20260910389
1389,1,set5,alt1,20260910390
1389,1,set6,alt1,20260910390
1389,1,set9,alt1,20260910390
1389,1,set11,alt2,20260910390
1389,1,set18,alt1,20260910390
1389,1,set19,alt1,20260910390
1389,1,set33,alt2,20260910390
1389,1,set35,alt2,20260910390
1389,1,set37,alt1,20260910390
1389,1,set41,alt1,20260910390
1389,1,set42,alt2,20260910390
1389,1,set48,alt2,20260910390
1390,2,set1,alt2,20260910391
1390,2,set2,alt1,20260910391
1390,2,set7,alt2,20260910391
1390,2,set8,alt1,20260910391
1390,2,set10,alt2,20260910391
1390,2,set13,alt1,20260910391
1390,2,set36,alt2,20260910391
1390,2,set38,alt1,20260910391
1390,2,set40,alt2,20260910391
1390,2,set44,alt2,20260910391
1390,2,set45,alt2,20260910391
1390,2,set46,alt2,20260910391
1391,2,set1,alt2,20260910392
1391,2,set2,alt1,20260910392
1391,2,set7,alt1,20260910392
1391,2,set8,alt1,20260910392
1391,2,set10,alt1,20260910392
1391,2,set13,alt1,20260910392
1391,2,set36,alt2,20260910392
1391,2,set38,alt2,20260910392
1391,2,set40,alt2,20260910392
1391,2,set44,alt1,20260910392
1391,2,set45,alt2,20260910392
1391,2,set46,alt1,20260910392
1392,3,set3,alt1,20260910393
1392,3,set4,alt2,20260910393
1392,3,set12,alt1,20260910393
1392,3,set22,alt1,20260910393
1392,3,set24,alt1,20260910393
1392,3,set25,alt1,20260910393
1392,3,set28,alt1,20260910393
1392,3,set29,alt1,20260910393
1392,3,set30,alt2,20260910393
1392,3,set31,alt2,20260910393
1392,3,set39,alt2,20260910393
1392,3,set47,alt2,20260910393
1393,4,set14,alt2,20260910394
1393,4,set15,alt2,20260910394
1393,4,set16,alt1,20260910394
1393,4,set17,alt1,20260910394
1393,4,set20,alt1,20260910394
1393,4,set21,alt2,20260910394
1393,4,set23,alt1,20260910394
1393,4,set26,alt1,20260910394
1393,4,set27,alt2,20260910394
1393,4,set32,alt1,20260910394
1393,4,set34,alt2,20260910394
1393,4,set43,alt2,20260910394
1394,2,set1,alt2,20260910395
1394,2,set2,alt1,20260910395
1394,2,set7,alt1,20260910395
1394,2,set8,alt1,20260910395
1394,2,set10,alt1,20260910395
1394,2,set13,alt1,20260910395
1394,2,set36,alt2,20260910395
1394,2,set38,alt2,20260910395
1394,2,set40,alt2,20260910395
1394,2,set44,alt1,20260910395
1394,2,set45,alt2,20260910395
1394,2,set46,alt1,20260910395
1395,3,set3,alt1,20260910396
1395,3,set4,alt2,20260910396
1395,3,set12,alt1,20260910396
1395,3,set22,alt1,20260910396
1395,3,set24,alt1,20260910396
1395,3,set25,alt1,20260910396
1395,3,set28,alt1,20260910396
1395,3,set29,alt1,20260910396
1395,3,set30,alt2,20260910396
1395,3,set31,alt2,20260910396
1395,3,set39,alt2,20260910396
1395,3,set47,alt2,20260910396
1396,2,set1,alt2,20260910397
1396,2,set2,alt1,20260910397
1396,2,set7,alt2,20260910397
1396,2,set8,alt1,20260910397
1396,2,set10,alt2,20260910397
1396,2,set13,alt1,20260910397
1396,2,set36,alt2,20260910397
1396,2,set38,alt1,20260910397
1396,2,set40,alt2,20260910397
1396,2,set44,alt2,20260910397
1396,2,set45,alt2,20260910397
1396,2,set46,alt2,20260910397
1397,3,set3,alt1,20260910398
1397,3,set4,alt2,20260910398
1397,3,set12,alt1,20260910398
1397,3,set22,alt1,20260910398
1397,3,set24,alt1,20260910398
1397,3,set25,alt1,20260910398
1397,3,set28,alt1,20260910398
1397,3,set29,alt1,20260910398
1397,3,set30,alt2,20260910398
1397,3,set31,alt2,20260910398
1397,3,set39,alt2,20260910398
1397,3,set47,alt2,20260910398
1398,2,set1,alt2,20260910399
1398,2,set2,alt1,20260910399
1398,2,set7,alt1,20260910399
1398,2,set8,alt1,20260910399
1398,2,set10,alt1,20260910399
1398,2,set13,alt1,20260910399
1398,2,set36,alt2,20260910399
1398,2,set38,alt2,20260910399
1398,2,set40,alt2,20260910399
1398,2,set44,alt1,20260910399
1398,2,set45,alt2,20260910399
1398,2,set46,alt1,20260910399
1399,4,set14,alt1,20260910400
1399,4,set15,alt2,20260910400
1399,4,set16,alt2,20260910400
1399,4,set17,alt2,20260910400
1399,4,set20,alt1,20260910400
1399,4,set21,alt1,20260910400
1399,4,set23,alt1,20260910400
1399,4,set26,alt1,20260910400
1399,4,set27,alt1,20260910400
1399,4,set32,alt1,20260910400
1399,4,set34,alt2,20260910400
1399,4,set43,alt2,20260910400
1400,2,set1,alt2,20260910401
1400,2,set2,alt1,20260910401
1400,2,set7,alt1,20260910401
1400,2,set8,alt1,20260910401
1400,2,set10,alt1,20260910401
1400,2,set13,alt1,20260910401
1400,2,set36,alt2,20260910401
1400,2,set38,alt2,20260910401
1400,2,set40,alt2,20260910401
1400,2,set44,alt1,20260910401
1400,2,set45,alt2,20260910401
1400,2,set46,alt1,20260910401
1401,3,set3,alt1,20260910402
1401,3,set4,alt2,20260910402
1401,3,set12,alt1,20260910402
1401,3,set22,alt1,20260910402
1401,3,set24,alt1,20260910402
1401,3,set25,alt1,20260910402
1401,3,set28,alt1,20260910402
1401,3,set29,alt1,20260910402
1401,3,set30,alt2,20260910402
1401,3,set31,alt2,20260910402
1401,3,set39,alt2,20260910402
1401,3,set47,alt2,20260910402
1402,4,set14,alt1,20260910403
1402,4,set15,alt2,20260910403
1402,4,set16,alt2,20260910403
1402,4,set17,alt2,20260910403
1402,4,set20,alt1,20260910403
1402,4,set21,alt1,20260910403
1402,4,set23,alt1,20260910403
1402,4,set26,alt1,20260910403
1402,4,set27,alt1,20260910403
1402,4,set32,alt1,20260910403
1402,4,set34,alt2,20260910403
1402,4,set43,alt2,20260910403
1403,1,set5,alt1,20260910404
1403,1,set6,alt2,20260910404
1403,1,set9,alt1,20260910404
1403,1,set11,alt2,20260910404
1403,1,set18,alt2,20260910404
1403,1,set19,alt2,20260910404
1403,1,set33,alt1,20260910404
1403,1,set35,alt2,20260910404
1403,1,set37,alt1,20260910404
1403,1,set41,alt1,20260910404
1403,1,set42,alt1,20260910404
1403,1,set48,alt2,20260910404
1404,2,set1,alt2,20260910405
1404,2,set2,alt1,20260910405
1404,2,set7,alt1,20260910405
1404,2,set8,alt1,20260910405
1404,2,set10,alt1,20260910405
1404,2,set13,alt1,20260910405
1404,2,set36,alt2,20260910405
1404,2,set38,alt2,20260910405
1404,2,set40,alt2,20260910405
1404,2,set44,alt1,20260910405
1404,2,set45,alt2,20260910405
1404,2,set46,alt1,20260910405
1405,1,set5,alt2,20260910406
1405,1,set6,alt2,20260910406
1405,1,set9,alt2,20260910406
1405,1,set11,alt2,20260910406
1405,1,set18,alt2,20260910406
1405,1,set19,alt2,20260910406
1405,1,set33,alt1,20260910406
1405,1,set35,alt2,20260910406
1405,1,set37,alt1,20260910406
1405,1,set41,alt2,20260910406
1405,1,set42,alt2,20260910406
1405,1,set48,alt2,20260910406
1406,1,set5,alt2,20260910407
1406,1,set6,alt2,20260910407
1406,1,set9,alt2,20260910407
1406,1,set11,alt2,20260910407
1406,1,set18,alt2,20260910407
1406,1,set19,alt1,20260910407
1406,1,set33,alt1,20260910407
1406,1,set35,alt2,20260910407
1406,1,set37,alt1,20260910407
1406,1,set41,alt2,20260910407
1406,1,set42,alt2,20260910407
1406,1,set48,alt2,20260910407
1407,2,set1,alt2,20260910408
1407,2,set2,alt1,20260910408
1407,2,set7,alt1,20260910408
1407,2,set8,alt1,20260910408
1407,2,set10,alt2,20260910408
1407,2,set13,alt1,20260910408
1407,2,set36,alt2,20260910408
1407,2,set38,alt2,20260910408
1407,2,set40,alt2,20260910408
1407,2,set44,alt1,20260910408
1407,2,set45,alt2,20260910408
1407,2,set46,alt1,20260910408
1408,3,set3,alt1,20260910409
1408,3,set4,alt2,20260910409
1408,3,set12,alt1,20260910409
1408,3,set22,alt1,20260910409
1408,3,set24,alt1,20260910409
1408,3,set25,alt1,20260910409
1408,3,set28,alt1,20260910409
1408,3,set29,alt1,20260910409
1408,3,set30,alt2,20260910409
1408,3,set31,alt2,20260910409
1408,3,set39,alt2,20260910409
1408,3,set47,alt2,20260910409
1409,1,set5,alt2,20260910410
1409,1,set6,alt1,20260910410
1409,1,set9,alt2,20260910410
1409,1,set11,alt2,20260910410
1409,1,set18,alt2,20260910410
1409,1,set19,alt2,20260910410
1409,1,set33,alt1,20260910410
1409,1,set35,alt2,20260910410
1409,1,set37,alt1,20260910410
1409,1,set41,alt1,20260910410
1409,1,set42,alt2,20260910410
1409,1,set48,alt2,20260910410
1410,1,set5,alt2,20260910411
1410,1,set6,alt2,20260910411
1410,1,set9,alt2,20260910411
1410,1,set11,alt2,20260910411
1410,1,set18,alt2,20260910411
1410,1,set19,alt2,20260910411
1410,1,set33,alt1,20260910411
1410,1,set35,alt2,20260910411
1410,1,set37,alt1,20260910411
1410,1,set41,alt2,20260910411
1410,1,set42,alt2,20260910411
1410,1,set48,alt2,20260910411
1411,2,set1,alt2,20260910412
1411,2,set2,alt1,20260910412
1411,2,set7,alt1,20260910412
1411,2,set8,alt1,20260910412
1411,2,set10,alt1,20260910412
1411,2,set13,alt1,20260910412
1411,2,set36,alt2,20260910412
1411,2,set38,alt2,20260910412
1411,2,set40,alt2,20260910412
1411,2,set44,alt1,20260910412
1411,2,set45,alt2,20260910412
1411,2,set46,alt1,20260910412
1412,2,set1,alt2,20260910413
1412,2,set2,alt1,20260910413
1412,2,set7,alt1,20260910413
1412,2,set8,alt1,20260910413
1412,2,set10,alt1,20260910413
1412,2,set13,alt1,20260910413
1412,2,set36,alt2,20260910413
1412,2,set38,alt2,20260910413
1412,2,set40,alt2,20260910413
1412,2,set44,alt1,20260910413
1412,2,set45,alt2,20260910413
1412,2,set46,alt1,20260910413
1413,1,set5,alt2,20260910414
1413,1,set6,alt1,20260910414
1413,1,set9,alt2,20260910414
1413,1,set11,alt2,20260910414
1413,1,set18,alt2,20260910414
1413,1,set19,alt2,20260910414
1413,1,set33,alt1,20260910414
1413,1,set35,alt2,20260910414
1413,1,set37,alt1,20260910414
1413,1,set41,alt1,20260910414
1413,1,set42,alt2,20260910414
1413,1,set48,alt2,20260910414
1414,3,set3,alt2,20260910415
1414,3,set4,alt1,20260910415
1414,3,set12,alt1,20260910415
1414,3,set22,alt2,20260910415
1414,3,set24,alt1,20260910415
1414,3,set25,alt2,20260910415
1414,3,set28,alt2,20260910415
1414,3,set29,alt1,20260910415
1414,3,set30,alt1,20260910415
1414,3,set31,alt2,20260910415
1414,3,set39,alt1,20260910415
1414,3,set47,alt1,20260910415
1415,1,set5,alt2,20260910416
1415,1,set6,alt1,20260910416
1415,1,set9,alt2,20260910416
1415,1,set11,alt2,20260910416
1415,1,set18,alt2,20260910416
1415,1,set19,alt2,20260910416
1415,1,set33,alt1,20260910416
1415,1,set35,alt2,20260910416
1415,1,set37,alt1,20260910416
1415,1,set41,alt1,20260910416
1415,1,set42,alt2,20260910416
1415,1,set48,alt2,20260910416
1416,2,set1,alt2,20260910417
1416,2,set2,alt1,20260910417
1416,2,set7,alt2,20260910417
1416,2,set8,alt1,20260910417
1416,2,set10,alt2,20260910417
1416,2,set13,alt1,20260910417
1416,2,set36,alt2,20260910417
1416,2,set38,alt1,20260910417
1416,2,set40,alt2,20260910417
1416,2,set44,alt2,20260910417
1416,2,set45,alt2,20260910417
1416,2,set46,alt2,20260910417
1417,3,set3,alt1,20260910418
1417,3,set4,alt2,20260910418
1417,3,set12,alt1,20260910418
1417,3,set22,alt1,20260910418
1417,3,set24,alt1,20260910418
1417,3,set25,alt1,20260910418
1417,3,set28,alt1,20260910418
1417,3,set29,alt1,20260910418
1417,3,set30,alt2,20260910418
1417,3,set31,alt2,20260910418
1417,3,set39,alt2,20260910418
1417,3,set47,alt2,20260910418
1418,4,set14,alt1,20260910419
1418,4,set15,alt1,20260910419
1418,4,set16,alt1,20260910419
1418,4,set17,alt1,20260910419
1418,4,set20,alt1,20260910419
1418,4,set21,alt1,20260910419
1418,4,set23,alt1,20260910419
1418,4,set26,alt1,20260910419
1418,4,set27,alt1,20260910419
1418,4,set32,alt1,20260910419
1418,4,set34,alt2,20260910419
1418,4,set43,alt1,20260910419
1419,2,set1,alt2,20260910420
1419,2,set2,alt1,20260910420
1419,2,set7,alt1,20260910420
1419,2,set8,alt1,20260910420
1419,2,set10,alt1,20260910420
1419,2,set13,alt1,20260910420
1419,2,set36,alt2,20260910420
1419,2,set38,alt2,20260910420
1419,2,set40,alt2,20260910420
1419,2,set44,alt1,20260910420
1419,2,set45,alt2,20260910420
1419,2,set46,alt1,20260910420
1420,2,set1,alt2,20260910421
1420,2,set2,alt1,20260910421
1420,2,set7,alt1,20260910421
1420,2,set8,alt1,20260910421
1420,2,set10,alt1,20260910421
1420,2,set13,alt1,20260910421
1420,2,set36,alt2,20260910421
1420,2,set38,alt2,20260910421
1420,2,set40,alt2,20260910421
1420,2,set44,alt1,20260910421
1420,2,set45,alt2,20260910421
1420,2,set46,alt1,20260910421
1421,2,set1,alt2,20260910422
1421,2,set2,alt1,20260910422
1421,2,set7,alt1,20260910422
1421,2,set8,alt1,20260910422
1421,2,set10,alt1,20260910422
1421,2,set13,alt1,20260910422
1421,2,set36,alt2,20260910422
1421,2,set38,alt2,20260910422
1421,2,set40,alt2,20260910422
1421,2,set44,alt1,20260910422
1421,2,set45,alt2,20260910422
1421,2,set46,alt1,20260910422
1422,1,set5,alt2,20260910423
1422,1,set6,alt2,20260910423
1422,1,set9,alt2,20260910423
1422,1,set11,alt2,20260910423
1422,1,set18,alt1,20260910423
1422,1,set19,alt2,20260910423
1422,1,set33,alt1,20260910423
1422,1,set35,alt2,20260910423
1422,1,set37,alt1,20260910423
1422,1,set41,alt1,20260910423
1422,1,set42,alt2,20260910423
1422,1,set48,alt2,20260910423
1423,4,set14,alt2,20260910424
1423,4,set15,alt2,20260910424
1423,4,set16,alt1,20260910424
1423,4,set17,alt1,20260910424
1423,4,set20,alt1,20260910424
1423,4,set21,alt2,20260910424
1423,4,set23,alt1,20260910424
1423,4,set26,alt1,20260910424
1423,4,set27,alt2,20260910424
1423,4,set32,alt1,20260910424
1423,4,set34,alt2,20260910424
1423,4,set43,alt2,20260910424
1424,4,set14,alt1,20260910425
1424,4,set15,alt2,20260910425
1424,4,set16,alt2,20260910425
1424,4,set17,alt2,20260910425
1424,4,set20,alt1,20260910425
1424,4,set21,alt1,20260910425
1424,4,set23,alt1,20260910425
1424,4,set26,alt1,20260910425
1424,4,set27,alt1,20260910425
1424,4,set32,alt1,20260910425
1424,4,set34,alt2,20260910425
1424,4,set43,alt2,20260910425
1425,1,set5,alt2,20260910426
1425,1,set6,alt1,20260910426
1425,1,set9,alt2,20260910426
1425,1,set11,alt2,20260910426
1425,1,set18,alt2,20260910426
1425,1,set19,alt2,20260910426
1425,1,set33,alt1,20260910426
1425,1,set35,alt2,20260910426
1425,1,set37,alt1,20260910426
1425,1,set41,alt1,20260910426
1425,1,set42,alt2,20260910426
1425,1,set48,alt2,20260910426
1426,1,set5,alt2,20260910427
1426,1,set6,alt1,20260910427
1426,1,set9,alt2,20260910427
1426,1,set11,alt2,20260910427
1426,1,set18,alt2,20260910427
1426,1,set19,alt2,20260910427
1426,1,set33,alt1,20260910427
1426,1,set35,alt2,20260910427
1426,1,set37,alt1,20260910427
1426,1,set41,alt1,20260910427
1426,1,set42,alt2,20260910427
1426,1,set48,alt2,20260910427
1427,2,set1,alt2,20260910428
1427,2,set2,alt1,20260910428
1427,2,set7,alt2,20260910428
1427,2,set8,alt1,20260910428
1427,2,set10,alt2,20260910428
1427,2,set13,alt1,20260910428
1427,2,set36,alt2,20260910428
1427,2,set38,alt1,20260910428
1427,2,set40,alt2,20260910428
1427,2,set44,alt2,20260910428
1427,2,set45,alt2,20260910428
1427,2,set46,alt2,20260910428
1428,3,set3,alt1,20260910429
1428,3,set4,alt2,20260910429
1428,3,set12,alt1,20260910429
1428,3,set22,alt1,20260910429
1428,3,set24,alt1,20260910429
1428,3,set25,alt1,20260910429
1428,3,set28,alt1,20260910429
1428,3,set29,alt1,20260910429
1428,3,set30,alt2,20260910429
1428,3,set31,alt2,20260910429
1428,3,set39,alt2,20260910429
1428,3,set47,alt2,20260910429
1429,2,set1,alt2,20260910430
1429,2,set2,alt1,20260910430
1429,2,set7,alt1,20260910430
1429,2,set8,alt1,20260910430
1429,2,set10,alt1,20260910430
1429,2,set13,alt1,20260910430
1429,2,set36,alt2,20260910430
1429,2,set38,alt2,20260910430
1429,2,set40,alt2,20260910430
1429,2,set44,alt1,20260910430
1429,2,set45,alt2,20260910430
1429,2,set46,alt1,20260910430
1430,4,set14,alt1,20260910431
1430,4,set15,alt2,20260910431
1430,4,set16,alt2,20260910431
1430,4,set17,alt2,20260910431
1430,4,set20,alt1,20260910431
1430,4,set21,alt1,20260910431
1430,4,set23,alt1,20260910431
1430,4,set26,alt1,20260910431
1430,4,set27,alt1,20260910431
1430,4,set32,alt1,20260910431
1430,4,set34,alt2,20260910431
1430,4,set43,alt2,20260910431
1431,4,set14,alt1,20260910432
1431,4,set15,alt2,20260910432
1431,4,set16,alt1,20260910432
1431,4,set17,alt2,20260910432
1431,4,set20,alt1,20260910432
1431,4,set21,alt1,20260910432
1431,4,set23,alt1,20260910432
1431,4,set26,alt1,20260910432
1431,4,set27,alt1,20260910432
1431,4,set32,alt1,20260910432
1431,4,set34,alt1,20260910432
1431,4,set43,alt1,20260910432
1432,3,set3,alt1,20260910433
1432,3,set4,alt2,20260910433
1432,3,set12,alt1,20260910433
1432,3,set22,alt1,20260910433
1432,3,set24,alt1,20260910433
1432,3,set25,alt1,20260910433
1432,3,set28,alt1,20260910433
1432,3,set29,alt1,20260910433
1432,3,set30,alt2,20260910433
1432,3,set31,alt2,20260910433
1432,3,set39,alt2,20260910433
1432,3,set47,alt2,20260910433
1433,4,set14,alt1,20260910434
1433,4,set15,alt2,20260910434
1433,4,set16,alt2,20260910434
1433,4,set17,alt2,20260910434
1433,4,set20,alt1,20260910434
1433,4,set21,alt1,20260910434
1433,4,set23,alt1,20260910434
1433,4,set26,alt1,20260910434
1433,4,set27,alt1,20260910434
1433,4,set32,alt1,20260910434
1433,4,set34,alt2,20260910434
1433,4,set43,alt2,20260910434
1434,3,set3,alt2,20260910435
1434,3,set4,alt1,20260910435
1434,3,set12,alt1,20260910435
1434,3,set22,alt2,20260910435
1434,3,set24,alt1,20260910435
1434,3,set25,alt2,20260910435
1434,3,set28,alt2,20260910435
1434,3,set29,alt1,20260910435
1434,3,set30,alt2,20260910435
1434,3,set31,alt1,20260910435
1434,3,set39,alt1,20260910435
1434,3,set47,alt2,20260910435
1435,3,set3,alt1,20260910436
1435,3,set4,alt2,20260910436
1435,3,set12,alt1,20260910436
1435,3,set22,alt1,20260910436
1435,3,set24,alt1,20260910436
1435,3,set25,alt1,20260910436
1435,3,set28,alt1,20260910436
1435,3,set29,alt1,20260910436
1435,3,set30,alt2,20260910436
1435,3,set31,alt2,20260910436
1435,3,set39,alt2,20260910436
1435,3,set47,alt2,20260910436
1436,4,set14,alt2,20260910437
1436,4,set15,alt2,20260910437
1436,4,set16,alt1,20260910437
1436,4,set17,alt1,20260910437
1436,4,set20,alt1,20260910437
1436,4,set21,alt2,20260910437
1436,4,set23,alt1,20260910437
1436,4,set26,alt1,20260910437
1436,4,set27,alt2,20260910437
1436,4,set32,alt1,20260910437
1436,4,set34,alt2,20260910437
1436,4,set43,alt2,20260910437
1437,1,set5,alt2,20260910438
1437,1,set6,alt2,20260910438
1437,1,set9,alt2,20260910438
1437,1,set11,alt2,20260910438
1437,1,set18,alt1,20260910438
1437,1,set19,alt2,20260910438
1437,1,set33,alt1,20260910438
1437,1,set35,alt2,20260910438
1437,1,set37,alt1,20260910438
1437,1,set41,alt1,20260910438
1437,1,set42,alt2,20260910438
1437,1,set48,alt2,20260910438
1438,3,set3,alt2,20260910439
1438,3,set4,alt2,20260910439
1438,3,set12,alt1,20260910439
1438,3,set22,alt2,20260910439
1438,3,set24,alt1,20260910439
1438,3,set25,alt1,20260910439
1438,3,set28,alt1,20260910439
1438,3,set29,alt1,20260910439
1438,3,set30,alt2,20260910439
1438,3,set31,alt2,20260910439
1438,3,set39,alt2,20260910439
1438,3,set47,alt2,20260910439
1439,4,set14,alt2,20260910440
1439,4,set15,alt2,20260910440
1439,4,set16,alt1,20260910440
1439,4,set17,alt1,20260910440
1439,4,set20,alt1,20260910440
1439,4,set21,alt1,20260910440
1439,4,set23,alt1,20260910440
1439,4,set26,alt1,20260910440
1439,4,set27,alt2,20260910440
1439,4,set32,alt1,20260910440
1439,4,set34,alt2,20260910440
1439,4,set43,alt1,20260910440
1440,3,set3,alt1,20260910441
1440,3,set4,alt2,20260910441
1440,3,set12,alt1,20260910441
1440,3,set22,alt1,20260910441
1440,3,set24,alt1,20260910441
1440,3,set25,alt1,20260910441
1440,3,set28,alt1,20260910441
1440,3,set29,alt1,20260910441
1440,3,set30,alt2,20260910441
1440,3,set31,alt2,20260910441
1440,3,set39,alt2,20260910441
1440,3,set47,alt2,20260910441
1441,2,set1,alt2,20260910442
1441,2,set2,alt1,20260910442
1441,2,set7,alt2,20260910442
1441,2,set8,alt1,20260910442
1441,2,set10,alt2,20260910442
1441,2,set13,alt1,20260910442
1441,2,set36,alt2,20260910442
1441,2,set38,alt1,20260910442
1441,2,set40,alt2,20260910442
1441,2,set44,alt2,20260910442
1441,2,set45,alt2,20260910442
1441,2,set46,alt2,20260910442
1442,4,set14,alt2,20260910443
1442,4,set15,alt2,20260910443
1442,4,set16,alt1,20260910443
1442,4,set17,alt1,20260910443
1442,4,set20,alt1,20260910443
1442,4,set21,alt1,20260910443
1442,4,set23,alt1,20260910443
1442,4,set26,alt1,20260910443
1442,4,set27,alt2,20260910443
1442,4,set32,alt1,20260910443
1442,4,set34,alt2,20260910443
1442,4,set43,alt1,20260910443
1443,4,set14,alt1,20260910444
1443,4,set15,alt2,20260910444
1443,4,set16,alt1,20260910444
1443,4,set17,alt2,20260910444
1443,4,set20,alt1,20260910444
1443,4,set21,alt1,20260910444
1443,4,set23,alt1,20260910444
1443,4,set26,alt1,20260910444
1443,4,set27,alt1,20260910444
1443,4,set32,alt1,20260910444
1443,4,set34,alt1,20260910444
1443,4,set43,alt1,20260910444
1444,2,set1,alt2,20260910445
1444,2,set2,alt1,20260910445
1444,2,set7,alt1,20260910445
1444,2,set8,alt1,20260910445
1444,2,set10,alt2,20260910445
1444,2,set13,alt1,20260910445
1444,2,set36,alt2,20260910445
1444,2,set38,alt2,20260910445
1444,2,set40,alt2,20260910445
1444,2,set44,alt1,20260910445
1444,2,set45,alt2,20260910445
1444,2,set46,alt1,20260910445
1445,3,set3,alt1,20260910446
1445,3,set4,alt2,20260910446
1445,3,set12,alt1,20260910446
1445,3,set22,alt1,20260910446
1445,3,set24,alt1,20260910446
1445,3,set25,alt1,20260910446
1445,3,set28,alt1,20260910446
1445,3,set29,alt1,20260910446
1445,3,set30,alt2,20260910446
1445,3,set31,alt2,20260910446
1445,3,set39,alt2,20260910446
1445,3,set47,alt2,20260910446
1446,3,set3,alt2,20260910447
1446,3,set4,alt1,20260910447
1446,3,set12,alt1,20260910447
1446,3,set22,alt2,20260910447
1446,3,set24,alt1,20260910447
1446,3,set25,alt2,20260910447
1446,3,set28,alt2,20260910447
1446,3,set29,alt1,20260910447
1446,3,set30,alt2,20260910447
1446,3,set31,alt1,20260910447
1446,3,set39,alt1,20260910447
1446,3,set47,alt2,20260910447
1447,1,set5,alt2,20260910448
1447,1,set6,alt1,20260910448
1447,1,set9,alt2,20260910448
1447,1,set11,alt2,20260910448
1447,1,set18,alt2,20260910448
1447,1,set19,alt2,20260910448
1447,1,set33,alt1,20260910448
1447,1,set35,alt2,20260910448
1447,1,set37,alt1,20260910448
1447,1,set41,alt1,20260910448
1447,1,set42,alt2,20260910448
1447,1,set48,alt2,20260910448
1448,2,set1,alt2,20260910449
1448,2,set2,alt1,20260910449
1448,2,set7,alt1,20260910449
1448,2,set8,alt1,20260910449
1448,2,set10,alt1,20260910449
1448,2,set13,alt1,20260910449
1448,2,set36,alt2,20260910449
1448,2,set38,alt2,20260910449
1448,2,set40,alt2,20260910449
1448,2,set44,alt1,20260910449
1448,2,set45,alt2,20260910449
1448,2,set46,alt1,20260910449
1449,4,set14,alt1,20260910450
1449,4,set15,alt2,20260910450
1449,4,set16,alt2,20260910450
1449,4,set17,alt2,20260910450
1449,4,set20,alt1,20260910450
1449,4,set21,alt1,20260910450
1449,4,set23,alt1,20260910450
1449,4,set26,alt1,20260910450
1449,4,set27,alt1,20260910450
1449,4,set32,alt1,20260910450
1449,4,set34,alt2,20260910450
1449,4,set43,alt2,20260910450
1450,2,set1,alt2,20260910451
1450,2,set2,alt1,20260910451
1450,2,set7,alt1,20260910451
1450,2,set8,alt1,20260910451
1450,2,set10,alt2,20260910451
1450,2,set13,alt1,20260910451
1450,2,set36,alt2,20260910451
1450,2,set38,alt2,20260910451
1450,2,set40,alt2,20260910451
1450,2,set44,alt1,20260910451
1450,2,set45,alt2,20260910451
1450,2,set46,alt1,20260910451
1451,2,set1,alt2,20260910452
1451,2,set2,alt1,20260910452
1451,2,set7,alt1,20260910452
1451,2,set8,alt1,20260910452
1451,2,set10,alt1,20260910452
1451,2,set13,alt1,20260910452
1451,2,set36,alt2,20260910452
1451,2,set38,alt2,20260910452
1451,2,set40,alt2,20260910452
1451,2,set44,alt1,20260910452
1451,2,set45,alt2,20260910452
1451,2,set46,alt1,20260910452
1452,3,set3,alt2,20260910453
1452,3,set4,alt1,20260910453
1452,3,set12,alt1,20260910453
1452,3,set22,alt2,20260910453
1452,3,set24,alt1,20260910453
1452,3,set25,alt2,20260910453
1452,3,set28,alt2,20260910453
1452,3,set29,alt1,20260910453
1452,3,set30,alt2,20260910453
1452,3,set31,alt1,20260910453
1452,3,set39,alt1,20260910453
1452,3,set47,alt2,20260910453
1453,3,set3,alt1,20260910454
1453,3,set4,alt2,20260910454
1453,3,set12,alt1,20260910454
1453,3,set22,alt1,20260910454
1453,3,set24,alt1,20260910454
1453,3,set25,alt1,20260910454
1453,3,set28,alt1,20260910454
1453,3,set29,alt1,20260910454
1453,3,set30,alt2,20260910454
1453,3,set31,alt2,20260910454
1453,3,set39,alt2,20260910454
1453,3,set47,alt2,20260910454
1454,1,set5,alt2,20260910455
1454,1,set6,alt2,20260910455
1454,1,set9,alt2,20260910455
1454,1,set11,alt2,20260910455
1454,1,set18,alt2,20260910455
1454,1,set19,alt2,20260910455
1454,1,set33,alt1,20260910455
1454,1,set35,alt2,20260910455
1454,1,set37,alt1,20260910455
1454,1,set41,alt2,20260910455
1454,1,set42,alt2,20260910455
1454,1,set48,alt2,20260910455
1455,2,set1,alt2,20260910456
1455,2,set2,alt1,20260910456
1455,2,set7,alt2,20260910456
1455,2,set8,alt1,20260910456
1455,2,set10,alt2,20260910456
1455,2,set13,alt1,20260910456
1455,2,set36,alt2,20260910456
1455,2,set38,alt1,20260910456
1455,2,set40,alt2,20260910456
1455,2,set44,alt2,20260910456
1455,2,set45,alt2,20260910456
1455,2,set46,alt2,20260910456
1456,1,set5,alt2,20260910457
1456,1,set6,alt1,20260910457
1456,1,set9,alt2,20260910457
1456,1,set11,alt2,20260910457
1456,1,set18,alt2,20260910457
1456,1,set19,alt2,20260910457
1456,1,set33,alt1,20260910457
1456,1,set35,alt2,20260910457
1456,1,set37,alt1,20260910457
1456,1,set41,alt1,20260910457
1456,1,set42,alt2,20260910457
1456,1,set48,alt2,20260910457
1457,1,set5,alt2,20260910458
1457,1,set6,alt1,20260910458
1457,1,set9,alt2,20260910458
1457,1,set11,alt2,20260910458
1457,1,set18,alt2,20260910458
1457,1,set19,alt2,20260910458
1457,1,set33,alt1,20260910458
1457,1,set35,alt2,20260910458
1457,1,set37,alt1,20260910458
1457,1,set41,alt1,20260910458
1457,1,set42,alt2,20260910458
1457,1,set48,alt2,20260910458
1458,2,set1,alt2,20260910459
1458,2,set2,alt1,20260910459
1458,2,set7,alt2,20260910459
1458,2,set8,alt1,20260910459
1458,2,set10,alt2,20260910459
1458,2,set13,alt1,20260910459
1458,2,set36,alt2,20260910459
1458,2,set38,alt1,20260910459
1458,2,set40,alt2,20260910459
1458,2,set44,alt2,20260910459
1458,2,set45,alt2,20260910459
1458,2,set46,alt2,20260910459
1459,1,set5,alt2,20260910460
1459,1,set6,alt1,20260910460
1459,1,set9,alt2,20260910460
1459,1,set11,alt2,20260910460
1459,1,set18,alt2,20260910460
1459,1,set19,alt2,20260910460
1459,1,set33,alt1,20260910460
1459,1,set35,alt2,20260910460
1459,1,set37,alt1,20260910460
1459,1,set41,alt1,20260910460
1459,1,set42,alt2,20260910460
1459,1,set48,alt2,20260910460
1460,4,set14,alt1,20260910461
1460,4,set15,alt2,20260910461
1460,4,set16,alt2,20260910461
1460,4,set17,alt2,20260910461
1460,4,set20,alt1,20260910461
1460,4,set21,alt1,20260910461
1460,4,set23,alt1,20260910461
1460,4,set26,alt1,20260910461
1460,4,set27,alt1,20260910461
1460,4,set32,alt1,20260910461
1460,4,set34,alt2,20260910461
1460,4,set43,alt2,20260910461
1461,3,set3,alt1,20260910462
1461,3,set4,alt2,20260910462
1461,3,set12,alt1,20260910462
1461,3,set22,alt1,20260910462
1461,3,set24,alt1,20260910462
1461,3,set25,alt1,20260910462
1461,3,set28,alt1,20260910462
1461,3,set29,alt1,20260910462
1461,3,set30,alt2,20260910462
1461,3,set31,alt2,20260910462
1461,3,set39,alt2,20260910462
1461,3,set47,alt2,20260910462
1462,3,set3,alt1,20260910463
1462,3,set4,alt2,20260910463
1462,3,set12,alt1,20260910463
1462,3,set22,alt1,20260910463
1462,3,set24,alt1,20260910463
1462,3,set25,alt1,20260910463
1462,3,set28,alt1,20260910463
1462,3,set29,alt1,20260910463
1462,3,set30,alt2,20260910463
1462,3,set31,alt2,20260910463
1462,3,set39,alt2,20260910463
1462,3,set47,alt2,20260910463
1463,2,set1,alt2,20260910464
1463,2,set2,alt1,20260910464
1463,2,set7,alt1,20260910464
1463,2,set8,alt1,20260910464
1463,2,set10,alt1,20260910464
1463,2,set13,alt1,20260910464
1463,2,set36,alt2,20260910464
1463,2,set38,alt2,20260910464
1463,2,set40,alt2,20260910464
1463,2,set44,alt1,20260910464
1463,2,set45,alt2,20260910464
1463,2,set46,alt1,20260910464
1464,2,set1,alt2,20260910465
1464,2,set2,alt1,20260910465
1464,2,set7,alt1,20260910465
1464,2,set8,alt1,20260910465
1464,2,set10,alt1,20260910465
1464,2,set13,alt1,20260910465
1464,2,set36,alt2,20260910465
1464,2,set38,alt2,20260910465
1464,2,set40,alt2,20260910465
1464,2,set44,alt1,20260910465
1464,2,set45,alt2,20260910465
1464,2,set46,alt1,20260910465
1465,4,set14,alt1,20260910466
1465,4,set15,alt2,20260910466
1465,4,set16,alt1,20260910466
1465,4,set17,alt2,20260910466
1465,4,set20,alt1,20260910466
1465,4,set21,alt1,20260910466
1465,4,set23,alt1,20260910466
1465,4,set26,alt1,20260910466
1465,4,set27,alt1,20260910466
1465,4,set32,alt1,20260910466
1465,4,set34,alt1,20260910466
1465,4,set43,alt1,20260910466
1466,2,set1,alt2,20260910467
1466,2,set2,alt1,20260910467
1466,2,set7,alt1,20260910467
1466,2,set8,alt1,20260910467
1466,2,set10,alt1,20260910467
1466,2,set13,alt1,20260910467
1466,2,set36,alt2,20260910467
1466,2,set38,alt2,20260910467
1466,2,set40,alt2,20260910467
1466,2,set44,alt1,20260910467
1466,2,set45,alt2,20260910467
1466,2,set46,alt1,20260910467
1467,3,set3,alt1,20260910468
1467,3,set4,alt2,20260910468
1467,3,set12,alt1,20260910468
1467,3,set22,alt1,20260910468
1467,3,set24,alt1,20260910468
1467,3,set25,alt1,20260910468
1467,3,set28,alt1,20260910468
1467,3,set29,alt1,20260910468
1467,3,set30,alt2,20260910468
1467,3,set31,alt2,20260910468
1467,3,set39,alt2,20260910468
1467,3,set47,alt2,20260910468
1468,2,set1,alt2,20260910469
1468,2,set2,alt1,20260910469
1468,2,set7,alt1,20260910469
1468,2,set8,alt1,20260910469
1468,2,set10,alt2,20260910469
1468,2,set13,alt1,20260910469
1468,2,set36,alt2,20260910469
1468,2,set38,alt2,20260910469
1468,2,set40,alt2,20260910469
1468,2,set44,alt1,20260910469
1468,2,set45,alt2,20260910469
1468,2,set46,alt1,20260910469
1469,1,set5,alt2,20260910470
1469,1,set6,alt1,20260910470
1469,1,set9,alt2,20260910470
1469,1,set11,alt2,20260910470
1469,1,set18,alt2,20260910470
1469,1,set19,alt2,20260910470
1469,1,set33,alt1,20260910470
1469,1,set35,alt2,20260910470
1469,1,set37,alt1,20260910470
1469,1,set41,alt1,20260910470
1469,1,set42,alt2,20260910470
1469,1,set48,alt2,20260910470
1470,1,set5,alt2,20260910471
1470,1,set6,alt2,20260910471
1470,1,set9,alt2,20260910471
1470,1,set11,alt2,20260910471
1470,1,set18,alt1,20260910471
1470,1,set19,alt2,20260910471
1470,1,set33,alt1,20260910471
1470,1,set35,alt2,20260910471
1470,1,set37,alt1,20260910471
1470,1,set41,alt1,20260910471
1470,1,set42,alt2,20260910471
1470,1,set48,alt2,20260910471
1471,1,set5,alt2,20260910472
1471,1,set6,alt1,20260910472
1471,1,set9,alt2,20260910472
1471,1,set11,alt2,20260910472
1471,1,set18,alt2,20260910472
1471,1,set19,alt2,20260910472
1471,1,set33,alt1,20260910472
1471,1,set35,alt2,20260910472
1471,1,set37,alt1,20260910472
1471,1,set41,alt1,20260910472
1471,1,set42,alt2,20260910472
1471,1,set48,alt2,20260910472
1472,2,set1,alt2,20260910473
1472,2,set2,alt1,20260910473
1472,2,set7,alt1,20260910473
1472,2,set8,alt1,20260910473
1472,2,set10,alt1,20260910473
1472,2,set13,alt1,20260910473
1472,2,set36,alt2,20260910473
1472,2,set38,alt2,20260910473
1472,2,set40,alt2,20260910473
1472,2,set44,alt1,20260910473
1472,2,set45,alt2,20260910473
1472,2,set46,alt1,20260910473
1473,4,set14,alt1,20260910474
1473,4,set15,alt2,20260910474
1473,4,set16,alt2,20260910474
1473,4,set17,alt2,20260910474
1473,4,set20,alt1,20260910474
1473,4,set21,alt1,20260910474
1473,4,set23,alt1,20260910474
1473,4,set26,alt1,20260910474
1473,4,set27,alt1,20260910474
1473,4,set32,alt1,20260910474
1473,4,set34,alt2,20260910474
1473,4,set43,alt2,20260910474
1474,2,set1,alt2,20260910475
1474,2,set2,alt1,20260910475
1474,2,set7,alt1,20260910475
1474,2,set8,alt1,20260910475
1474,2,set10,alt1,20260910475
1474,2,set13,alt1,20260910475
1474,2,set36,alt2,20260910475
1474,2,set38,alt2,20260910475
1474,2,set40,alt2,20260910475
1474,2,set44,alt1,20260910475
1474,2,set45,alt2,20260910475
1474,2,set46,alt1,20260910475
1475,3,set3,alt1,20260910476
1475,3,set4,alt2,20260910476
1475,3,set12,alt1,20260910476
1475,3,set22,alt1,20260910476
1475,3,set24,alt1,20260910476
1475,3,set25,alt1,20260910476
1475,3,set28,alt1,20260910476
1475,3,set29,alt1,20260910476
1475,3,set30,alt2,20260910476
1475,3,set31,alt2,20260910476
1475,3,set39,alt2,20260910476
1475,3,set47,alt2,20260910476
1476,4,set14,alt1,20260910477
1476,4,set15,alt2,20260910477
1476,4,set16,alt2,20260910477
1476,4,set17,alt2,20260910477
1476,4,set20,alt1,20260910477
1476,4,set21,alt1,20260910477
1476,4,set23,alt1,20260910477
1476,4,set26,alt1,20260910477
1476,4,set27,alt1,20260910477
1476,4,set32,alt1,20260910477
1476,4,set34,alt2,20260910477
1476,4,set43,alt2,20260910477
1477,1,set5,alt2,20260910478
1477,1,set6,alt2,20260910478
1477,1,set9,alt2,20260910478
1477,1,set11,alt2,20260910478
1477,1,set18,alt2,20260910478
1477,1,set19,alt2,20260910478
1477,1,set33,alt1,20260910478
1477,1,set35,alt2,20260910478
1477,1,set37,alt1,20260910478
1477,1,set41,alt2,20260910478
1477,1,set42,alt2,20260910478
1477,1,set48,alt2,20260910478
1478,4,set14,alt1,20260910479
1478,4,set15,alt2,20260910479
1478,4,set16,alt2,20260910479
1478,4,set17,alt2,20260910479
1478,4,set20,alt1,20260910479
1478,4,set21,alt1,20260910479
1478,4,set23,alt1,20260910479
1478,4,set26,alt1,20260910479
1478,4,set27,alt1,20260910479
1478,4,set32,alt1,20260910479
1478,4,set34,alt2,20260910479
1478,4,set43,alt2,20260910479
1479,3,set3,alt2,20260910480
1479,3,set4,alt2,20260910480
1479,3,set12,alt1,20260910480
1479,3,set22,alt2,20260910480
1479,3,set24,alt1,20260910480
1479,3,set25,alt1,20260910480
1479,3,set28,alt1,20260910480
1479,3,set29,alt1,20260910480
1479,3,set30,alt2,20260910480
1479,3,set31,alt2,20260910480
1479,3,set39,alt2,20260910480
1479,3,set47,alt2,20260910480
1480,1,set5,alt1,20260910481
1480,1,set6,alt1,20260910481
1480,1,set9,alt1,20260910481
1480,1,set11,alt2,20260910481
1480,1,set18,alt1,20260910481
1480,1,set19,alt1,20260910481
1480,1,set33,alt2,20260910481
1480,1,set35,alt2,20260910481
1480,1,set37,alt1,20260910481
1480,1,set41,alt1,20260910481
1480,1,set42,alt2,20260910481
1480,1,set48,alt2,20260910481
1481,4,set14,alt1,20260910482
1481,4,set15,alt2,20260910482
1481,4,set16,alt2,20260910482
1481,4,set17,alt2,20260910482
1481,4,set20,alt1,20260910482
1481,4,set21,alt1,20260910482
1481,4,set23,alt1,20260910482
1481,4,set26,alt1,20260910482
1481,4,set27,alt1,20260910482
1481,4,set32,alt1,20260910482
1481,4,set34,alt2,20260910482
1481,4,set43,alt2,20260910482
1482,1,set5,alt2,20260910483
1482,1,set6,alt1,20260910483
1482,1,set9,alt2,20260910483
1482,1,set11,alt2,20260910483
1482,1,set18,alt2,20260910483
1482,1,set19,alt2,20260910483
1482,1,set33,alt1,20260910483
1482,1,set35,alt2,20260910483
1482,1,set37,alt1,20260910483
1482,1,set41,alt1,20260910483
1482,1,set42,alt2,20260910483
1482,1,set48,alt2,20260910483
1483,2,set1,alt2,20260910484
1483,2,set2,alt1,20260910484
1483,2,set7,alt1,20260910484
1483,2,set8,alt1,20260910484
1483,2,set10,alt1,20260910484
1483,2,set13,alt1,20260910484
1483,2,set36,alt2,20260910484
1483,2,set38,alt2,20260910484
1483,2,set40,alt2,20260910484
1483,2,set44,alt1,20260910484
1483,2,set45,alt2,20260910484
1483,2,set46,alt1,20260910484
1484,1,set5,alt2,20260910485
1484,1,set6,alt1,20260910485
1484,1,set9,alt2,20260910485
1484,1,set11,alt2,20260910485
1484,1,set18,alt2,20260910485
1484,1,set19,alt2,20260910485
1484,1,set33,alt1,20260910485
1484,1,set35,alt2,20260910485
1484,1,set37,alt1,20260910485
1484,1,set41,alt1,20260910485
1484,1,set42,alt2,20260910485
1484,1,set48,alt2,20260910485
1485,4,set14,alt1,20260910486
1485,4,set15,alt2,20260910486
1485,4,set16,alt2,20260910486
1485,4,set17,alt2,20260910486
1485,4,set20,alt1,20260910486
1485,4,set21,alt1,20260910486
1485,4,set23,alt1,20260910486
1485,4,set26,alt1,20260910486
1485,4,set27,alt1,20260910486
1485,4,set32,alt1,20260910486
1485,4,set34,alt2,20260910486
1485,4,set43,alt2,20260910486
1486,4,set14,alt1,20260910487
1486,4,set15,alt1,20260910487
1486,4,set16,alt1,20260910487
1486,4,set17,alt1,20260910487
1486,4,set20,alt1,20260910487
1486,4,set21,alt1,20260910487
1486,4,set23,alt1,20260910487
1486,4,set26,alt1,20260910487
1486,4,set27,alt1,20260910487
1486,4,set32,alt1,20260910487
1486,4,set34,alt2,20260910487
1486,4,set43,alt1,20260910487
1487,4,set14,alt1,20260910488
1487,4,set15,alt2,20260910488
1487,4,set16,alt1,20260910488
1487,4,set17,alt2,20260910488
1487,4,set20,alt1,20260910488
1487,4,set21,alt1,20260910488
1487,4,set23,alt1,20260910488
1487,4,set26,alt1,20260910488
1487,4,set27,alt1,20260910488
1487,4,set32,alt1,20260910488
1487,4,set34,alt1,20260910488
1487,4,set43,alt1,20260910488
1488,3,set3,alt1,20260910489
1488,3,set4,alt2,20260910489
1488,3,set12,alt1,20260910489
1488,3,set22,alt1,20260910489
1488,3,set24,alt1,20260910489
1488,3,set25,alt1,20260910489
1488,3,set28,alt1,20260910489
1488,3,set29,alt1,20260910489
1488,3,set30,alt2,20260910489
1488,3,set31,alt2,20260910489
1488,3,set39,alt2,20260910489
1488,3,set47,alt2,20260910489
1489,1,set5,alt2,20260910490
1489,1,set6,alt2,20260910490
1489,1,set9,alt2,20260910490
1489,1,set11,alt2,20260910490
1489,1,set18,alt2,20260910490
1489,1,set19,alt2,20260910490
1489,1,set33,alt1,20260910490
1489,1,set35,alt2,20260910490
1489,1,set37,alt1,20260910490
1489,1,set41,alt2,20260910490
1489,1,set42,alt2,20260910490
1489,1,set48,alt2,20260910490
1490,3,set3,alt1,20260910491
1490,3,set4,alt2,20260910491
1490,3,set12,alt1,20260910491
1490,3,set22,alt1,20260910491
1490,3,set24,alt1,20260910491
1490,3,set25,alt1,20260910491
1490,3,set28,alt1,20260910491
1490,3,set29,alt1,20260910491
1490,3,set30,alt2,20260910491
1490,3,set31,alt2,20260910491
1490,3,set39,alt2,20260910491
1490,3,set47,alt2,20260910491
1491,2,set1,alt2,20260910492
1491,2,set2,alt1,20260910492
1491,2,set7,alt1,20260910492
1491,2,set8,alt1,20260910492
1491,2,set10,alt1,20260910492
1491,2,set13,alt1,20260910492
1491,2,set36,alt2,20260910492
1491,2,set38,alt2,20260910492
1491,2,set40,alt2,20260910492
1491,2,set44,alt1,20260910492
1491,2,set45,alt2,20260910492
1491,2,set46,alt1,20260910492
1492,1,set5,alt2,20260910493
1492,1,set6,alt2,20260910493
1492,1,set9,alt2,20260910493
1492,1,set11,alt2,20260910493
1492,1,set18,alt2,20260910493
1492,1,set19,alt2,20260910493
1492,1,set33,alt1,20260910493
1492,1,set35,alt2,20260910493
1492,1,set37,alt1,20260910493
1492,1,set41,alt2,20260910493
1492,1,set42,alt2,20260910493
1492,1,set48,alt2,20260910493
1493,3,set3,alt1,20260910494
1493,3,set4,alt2,20260910494
1493,3,set12,alt1,20260910494
1493,3,set22,alt1,20260910494
1493,3,set24,alt1,20260910494
1493,3,set25,alt1,20260910494
1493,3,set28,alt1,20260910494
1493,3,set29,alt1,20260910494
1493,3,set30,alt2,20260910494
1493,3,set31,alt2,20260910494
1493,3,set39,alt2,20260910494
1493,3,set47,alt2,20260910494
1494,2,set1,alt2,20260910495
1494,2,set2,alt1,20260910495
1494,2,set7,alt1,20260910495
1494,2,set8,alt1,20260910495
1494,2,set10,alt1,20260910495
1494,2,set13,alt1,20260910495
1494,2,set36,alt2,20260910495
1494,2,set38,alt2,20260910495
1494,2,set40,alt2,20260910495
1494,2,set44,alt1,20260910495
1494,2,set45,alt2,20260910495
1494,2,set46,alt1,20260910495
1495,1,set5,alt2,20260910496
1495,1,set6,alt2,20260910496
1495,1,set9,alt2,20260910496
1495,1,set11,alt2,20260910496
1495,1,set18,alt2,20260910496
1495,1,set19,alt2,20260910496
1495,1,set33,alt1,20260910496
1495,1,set35,alt2,20260910496
1495,1,set37,alt1,20260910496
1495,1,set41,alt2,20260910496
1495,1,set42,alt2,20260910496
1495,1,set48,alt2,20260910496
1496,2,set1,alt2,20260910497
1496,2,set2,alt1,20260910497
1496,2,set7,alt1,20260910497
1496,2,set8,alt1,20260910497
1496,2,set10,alt1,20260910497
1496,2,set13,alt1,20260910497
1496,2,set36,alt2,20260910497
1496,2,set38,alt2,20260910497
1496,2,set40,alt2,20260910497
1496,2,set44,alt1,20260910497
1496,2,set45,alt2,20260910497
1496,2,set46,alt1,20260910497
1497,1,set5,alt2,20260910498
1497,1,set6,alt2,20260910498
1497,1,set9,alt2,20260910498
1497,1,set11,alt2,20260910498
1497,1,set18,alt2,20260910498
1497,1,set19,alt2,20260910498
1497,1,set33,alt1,20260910498
1497,1,set35,alt2,20260910498
1497,1,set37,alt1,20260910498
1497,1,set41,alt2,20260910498
1497,1,set42,alt2,20260910498
1497,1,set48,alt2,20260910498
1498,4,set14,alt2,20260910499
1498,4,set15,alt2,20260910499
1498,4,set16,alt1,20260910499
1498,4,set17,alt1,20260910499
1498,4,set20,alt1,20260910499
1498,4,set21,alt1,20260910499
1498,4,set23,alt1,20260910499
1498,4,set26,alt1,20260910499
1498,4,set27,alt2,20260910499
1498,4,set32,alt1,20260910499
1498,4,set34,alt2,20260910499
1498,4,set43,alt1,20260910499
1499,4,set14,alt1,20260910500
1499,4,set15,alt2,20260910500
1499,4,set16,alt2,20260910500
1499,4,set17,alt2,20260910500
1499,4,set20,alt1,20260910500
1499,4,set21,alt1,20260910500
1499,4,set23,alt1,20260910500
1499,4,set26,alt1,20260910500
1499,4,set27,alt1,20260910500
1499,4,set32,alt1,20260910500
1499,4,set34,alt2,20260910500
1499,4,set43,alt2,20260910500
1500,4,set14,alt1,20260910501
1500,4,set15,alt2,20260910501
1500,4,set16,alt2,20260910501
1500,4,set17,alt2,20260910501
1500,4,set20,alt1,20260910501
1500,4,set21,alt1,20260910501
1500,4,set23,alt1,20260910501
1500,4,set26,alt1,20260910501
1500,4,set27,alt1,20260910501
1500,4,set32,alt1,20260910501
1500,4,set34,alt2,20260910501
1500,4,set43,alt2,20260910501
1501,3,set3,alt1,20260910502
1501,3,set4,alt2,20260910502
1501,3,set12,alt1,20260910502
1501,3,set22,alt1,20260910502
1501,3,set24,alt1,20260910502
1501,3,set25,alt1,20260910502
1501,3,set28,alt1,20260910502
1501,3,set29,alt1,20260910502
1501,3,set30,alt2,20260910502
1501,3,set31,alt2,20260910502
1501,3,set39,alt2,20260910502
1501,3,set47,alt2,20260910502
1502,1,set5,alt2,20260910503
1502,1,set6,alt1,20260910503
1502,1,set9,alt2,20260910503
1502,1,set11,alt2,20260910503
1502,1,set18,alt2,20260910503
1502,1,set19,alt2,20260910503
1502,1,set33,alt1,20260910503
1502,1,set35,alt2,20260910503
1502,1,set37,alt1,20260910503
1502,1,set41,alt1,20260910503
1502,1,set42,alt2,20260910503
1502,1,set48,alt2,20260910503
1503,3,set3,alt2,20260910504
1503,3,set4,alt2,20260910504
1503,3,set12,alt1,20260910504
1503,3,set22,alt2,20260910504
1503,3,set24,alt1,20260910504
1503,3,set25,alt1,20260910504
1503,3,set28,alt1,20260910504
1503,3,set29,alt1,20260910504
1503,3,set30,alt2,20260910504
1503,3,set31,alt2,20260910504
1503,3,set39,alt2,20260910504
1503,3,set47,alt2,20260910504
1504,4,set14,alt1,20260910505
1504,4,set15,alt2,20260910505
1504,4,set16,alt2,20260910505
1504,4,set17,alt2,20260910505
1504,4,set20,alt1,20260910505
1504,4,set21,alt1,20260910505
1504,4,set23,alt1,20260910505
1504,4,set26,alt1,20260910505
1504,4,set27,alt1,20260910505
1504,4,set32,alt1,20260910505
1504,4,set34,alt2,20260910505
1504,4,set43,alt2,20260910505
1505,1,set5,alt2,20260910506
1505,1,set6,alt1,20260910506
1505,1,set9,alt2,20260910506
1505,1,set11,alt2,20260910506
1505,1,set18,alt2,20260910506
1505,1,set19,alt2,20260910506
1505,1,set33,alt1,20260910506
1505,1,set35,alt2,20260910506
1505,1,set37,alt1,20260910506
1505,1,set41,alt1,20260910506
1505,1,set42,alt2,20260910506
1505,1,set48,alt2,20260910506
1506,3,set3,alt2,20260910507
1506,3,set4,alt2,20260910507
1506,3,set12,alt1,20260910507
1506,3,set22,alt2,20260910507
1506,3,set24,alt1,20260910507
1506,3,set25,alt1,20260910507
1506,3,set28,alt1,20260910507
1506,3,set29,alt1,20260910507
1506,3,set30,alt2,20260910507
1506,3,set31,alt2,20260910507
1506,3,set39,alt2,20260910507
1506,3,set47,alt2,20260910507
1507,4,set14,alt1,20260910508
1507,4,set15,alt2,20260910508
1507,4,set16,alt2,20260910508
1507,4,set17,alt2,20260910508
1507,4,set20,alt1,20260910508
1507,4,set21,alt1,20260910508
1507,4,set23,alt1,20260910508
1507,4,set26,alt1,20260910508
1507,4,set27,alt1,20260910508
1507,4,set32,alt1,20260910508
1507,4,set34,alt2,20260910508
1507,4,set43,alt2,20260910508
1508,3,set3,alt2,20260910509
1508,3,set4,alt1,20260910509
1508,3,set12,alt1,20260910509
1508,3,set22,alt2,20260910509
1508,3,set24,alt1,20260910509
1508,3,set25,alt2,20260910509
1508,3,set28,alt2,20260910509
1508,3,set29,alt1,20260910509
1508,3,set30,alt2,20260910509
1508,3,set31,alt1,20260910509
1508,3,set39,alt1,20260910509
1508,3,set47,alt2,20260910509
1509,3,set3,alt1,20260910510
1509,3,set4,alt2,20260910510
1509,3,set12,alt1,20260910510
1509,3,set22,alt1,20260910510
1509,3,set24,alt1,20260910510
1509,3,set25,alt1,20260910510
1509,3,set28,alt1,20260910510
1509,3,set29,alt1,20260910510
1509,3,set30,alt2,20260910510
1509,3,set31,alt2,20260910510
1509,3,set39,alt2,20260910510
1509,3,set47,alt2,20260910510
1510,4,set14,alt1,20260910511
1510,4,set15,alt2,20260910511
1510,4,set16,alt2,20260910511
1510,4,set17,alt2,20260910511
1510,4,set20,alt1,20260910511
1510,4,set21,alt1,20260910511
1510,4,set23,alt1,20260910511
1510,4,set26,alt1,20260910511
1510,4,set27,alt1,20260910511
1510,4,set32,alt1,20260910511
1510,4,set34,alt2,20260910511
1510,4,set43,alt2,20260910511
1511,3,set3,alt1,20260910512
1511,3,set4,alt2,20260910512
1511,3,set12,alt1,20260910512
1511,3,set22,alt1,20260910512
1511,3,set24,alt1,20260910512
1511,3,set25,alt1,20260910512
1511,3,set28,alt1,20260910512
1511,3,set29,alt1,20260910512
1511,3,set30,alt2,20260910512
1511,3,set31,alt2,20260910512
1511,3,set39,alt2,20260910512
1511,3,set47,alt2,20260910512
1512,1,set5,alt2,20260910513
1512,1,set6,alt1,20260910513
1512,1,set9,alt2,20260910513
1512,1,set11,alt2,20260910513
1512,1,set18,alt2,20260910513
1512,1,set19,alt2,20260910513
1512,1,set33,alt1,20260910513
1512,1,set35,alt2,20260910513
1512,1,set37,alt1,20260910513
1512,1,set41,alt1,20260910513
1512,1,set42,alt2,20260910513
1512,1,set48,alt2,20260910513
1513,1,set5,alt2,20260910514
1513,1,set6,alt2,20260910514
1513,1,set9,alt2,20260910514
1513,1,set11,alt2,20260910514
1513,1,set18,alt1,20260910514
1513,1,set19,alt2,20260910514
1513,1,set33,alt1,20260910514
1513,1,set35,alt2,20260910514
1513,1,set37,alt1,20260910514
1513,1,set41,alt1,20260910514
1513,1,set42,alt2,20260910514
1513,1,set48,alt2,20260910514
1514,4,set14,alt1,20260910515
1514,4,set15,alt2,20260910515
1514,4,set16,alt2,20260910515
1514,4,set17,alt2,20260910515
1514,4,set20,alt1,20260910515
1514,4,set21,alt1,20260910515
1514,4,set23,alt1,20260910515
1514,4,set26,alt1,20260910515
1514,4,set27,alt1,20260910515
1514,4,set32,alt1,20260910515
1514,4,set34,alt2,20260910515
1514,4,set43,alt2,20260910515
1515,4,set14,alt2,20260910516
1515,4,set15,alt2,20260910516
1515,4,set16,alt1,20260910516
1515,4,set17,alt1,20260910516
1515,4,set20,alt1,20260910516
1515,4,set21,alt1,20260910516
1515,4,set23,alt1,20260910516
1515,4,set26,alt1,20260910516
1515,4,set27,alt2,20260910516
1515,4,set32,alt1,20260910516
1515,4,set34,alt2,20260910516
1515,4,set43,alt1,20260910516
1516,4,set14,alt2,20260910517
1516,4,set15,alt2,20260910517
1516,4,set16,alt1,20260910517
1516,4,set17,alt1,20260910517
1516,4,set20,alt1,20260910517
1516,4,set21,alt1,20260910517
1516,4,set23,alt1,20260910517
1516,4,set26,alt1,20260910517
1516,4,set27,alt2,20260910517
1516,4,set32,alt1,20260910517
1516,4,set34,alt2,20260910517
1516,4,set43,alt1,20260910517
1517,1,set5,alt2,20260910518
1517,1,set6,alt2,20260910518
1517,1,set9,alt2,20260910518
1517,1,set11,alt2,20260910518
1517,1,set18,alt2,20260910518
1517,1,set19,alt2,20260910518
1517,1,set33,alt1,20260910518
1517,1,set35,alt2,20260910518
1517,1,set37,alt1,20260910518
1517,1,set41,alt2,20260910518
1517,1,set42,alt2,20260910518
1517,1,set48,alt2,20260910518
1518,1,set5,alt2,20260910519
1518,1,set6,alt1,20260910519
1518,1,set9,alt2,20260910519
1518,1,set11,alt2,20260910519
1518,1,set18,alt2,20260910519
1518,1,set19,alt2,20260910519
1518,1,set33,alt1,20260910519
1518,1,set35,alt2,20260910519
1518,1,set37,alt1,20260910519
1518,1,set41,alt1,20260910519
1518,1,set42,alt2,20260910519
1518,1,set48,alt2,20260910519
1519,2,set1,alt2,20260910520
1519,2,set2,alt1,20260910520
1519,2,set7,alt1,20260910520
1519,2,set8,alt1,20260910520
1519,2,set10,alt1,20260910520
1519,2,set13,alt1,20260910520
1519,2,set36,alt2,20260910520
1519,2,set38,alt2,20260910520
1519,2,set40,alt2,20260910520
1519,2,set44,alt1,20260910520
1519,2,set45,alt2,20260910520
1519,2,set46,alt1,20260910520
1520,4,set14,alt1,20260910521
1520,4,set15,alt1,20260910521
1520,4,set16,alt1,20260910521
1520,4,set17,alt1,20260910521
1520,4,set20,alt1,20260910521
1520,4,set21,alt1,20260910521
1520,4,set23,alt1,20260910521
1520,4,set26,alt1,20260910521
1520,4,set27,alt1,20260910521
1520,4,set32,alt1,20260910521
1520,4,set34,alt2,20260910521
1520,4,set43,alt1,20260910521
1521,3,set3,alt2,20260910522
1521,3,set4,alt1,20260910522
1521,3,set12,alt1,20260910522
1521,3,set22,alt2,20260910522
1521,3,set24,alt1,20260910522
1521,3,set25,alt2,20260910522
1521,3,set28,alt2,20260910522
1521,3,set29,alt1,20260910522
1521,3,set30,alt2,20260910522
1521,3,set31,alt1,20260910522
1521,3,set39,alt1,20260910522
1521,3,set47,alt2,20260910522
1522,4,set14,alt1,20260910523
1522,4,set15,alt2,20260910523
1522,4,set16,alt2,20260910523
1522,4,set17,alt2,20260910523
1522,4,set20,alt1,20260910523
1522,4,set21,alt1,20260910523
1522,4,set23,alt1,20260910523
1522,4,set26,alt1,20260910523
1522,4,set27,alt1,20260910523
1522,4,set32,alt1,20260910523
1522,4,set34,alt2,20260910523
1522,4,set43,alt2,20260910523
1523,4,set14,alt2,20260910524
1523,4,set15,alt2,20260910524
1523,4,set16,alt1,20260910524
1523,4,set17,alt1,20260910524
1523,4,set20,alt1,20260910524
1523,4,set21,alt1,20260910524
1523,4,set23,alt1,20260910524
1523,4,set26,alt1,20260910524
1523,4,set27,alt2,20260910524
1523,4,set32,alt1,20260910524
1523,4,set34,alt2,20260910524
1523,4,set43,alt1,20260910524
1524,1,set5,alt2,20260910525
1524,1,set6,alt2,20260910525
1524,1,set9,alt2,20260910525
1524,1,set11,alt2,20260910525
1524,1,set18,alt2,20260910525
1524,1,set19,alt2,20260910525
1524,1,set33,alt1,20260910525
1524,1,set35,alt2,20260910525
1524,1,set37,alt1,20260910525
1524,1,set41,alt2,20260910525
1524,1,set42,alt2,20260910525
1524,1,set48,alt2,20260910525
1525,4,set14,alt2,20260910526
1525,4,set15,alt2,20260910526
1525,4,set16,alt1,20260910526
1525,4,set17,alt1,20260910526
1525,4,set20,alt1,20260910526
1525,4,set21,alt1,20260910526
1525,4,set23,alt1,20260910526
1525,4,set26,alt1,20260910526
1525,4,set27,alt2,20260910526
1525,4,set32,alt1,20260910526
1525,4,set34,alt2,20260910526
1525,4,set43,alt1,20260910526
1526,2,set1,alt2,20260910527
1526,2,set2,alt1,20260910527
1526,2,set7,alt1,20260910527
1526,2,set8,alt1,20260910527
1526,2,set10,alt1,20260910527
1526,2,set13,alt1,20260910527
1526,2,set36,alt2,20260910527
1526,2,set38,alt2,20260910527
1526,2,set40,alt2,20260910527
1526,2,set44,alt1,20260910527
1526,2,set45,alt2,20260910527
1526,2,set46,alt1,20260910527
1527,1,set5,alt2,20260910528
1527,1,set6,alt1,20260910528
1527,1,set9,alt2,20260910528
1527,1,set11,alt2,20260910528
1527,1,set18,alt2,20260910528
1527,1,set19,alt2,20260910528
1527,1,set33,alt1,20260910528
1527,1,set35,alt2,20260910528
1527,1,set37,alt1,20260910528
1527,1,set41,alt1,20260910528
1527,1,set42,alt2,20260910528
1527,1,set48,alt2,20260910528
1528,2,set1,alt2,20260910529
1528,2,set2,alt1,20260910529
1528,2,set7,alt1,20260910529
1528,2,set8,alt1,20260910529
1528,2,set10,alt1,20260910529
1528,2,set13,alt1,20260910529
1528,2,set36,alt2,20260910529
1528,2,set38,alt2,20260910529
1528,2,set40,alt2,20260910529
1528,2,set44,alt1,20260910529
1528,2,set45,alt2,20260910529
1528,2,set46,alt1,20260910529
1529,2,set1,alt2,20260910530
1529,2,set2,alt1,20260910530
1529,2,set7,alt1,20260910530
1529,2,set8,alt1,20260910530
1529,2,set10,alt1,20260910530
1529,2,set13,alt1,20260910530
1529,2,set36,alt2,20260910530
1529,2,set38,alt2,20260910530
1529,2,set40,alt2,20260910530
1529,2,set44,alt1,20260910530
1529,2,set45,alt2,20260910530
1529,2,set46,alt1,20260910530
1530,1,set5,alt2,20260910531
1530,1,set6,alt2,20260910531
1530,1,set9,alt2,20260910531
1530,1,set11,alt2,20260910531
1530,1,set18,alt2,20260910531
1530,1,set19,alt2,20260910531
1530,1,set33,alt1,20260910531
1530,1,set35,alt2,20260910531
1530,1,set37,alt1,20260910531
1530,1,set41,alt2,20260910531
1530,1,set42,alt2,20260910531
1530,1,set48,alt2,20260910531
1531,4,set14,alt1,20260910532
1531,4,set15,alt1,20260910532
1531,4,set16,alt1,20260910532
1531,4,set17,alt1,20260910532
1531,4,set20,alt1,20260910532
1531,4,set21,alt1,20260910532
1531,4,set23,alt1,20260910532
1531,4,set26,alt1,20260910532
1531,4,set27,alt1,20260910532
1531,4,set32,alt1,20260910532
1531,4,set34,alt2,20260910532
1531,4,set43,alt1,20260910532
1532,3,set3,alt1,20260910533
1532,3,set4,alt2,20260910533
1532,3,set12,alt1,20260910533
1532,3,set22,alt1,20260910533
1532,3,set24,alt1,20260910533
1532,3,set25,alt1,20260910533
1532,3,set28,alt1,20260910533
1532,3,set29,alt1,20260910533
1532,3,set30,alt2,20260910533
1532,3,set31,alt2,20260910533
1532,3,set39,alt2,20260910533
1532,3,set47,alt2,20260910533
1533,4,set14,alt1,20260910534
1533,4,set15,alt2,20260910534
1533,4,set16,alt2,20260910534
1533,4,set17,alt2,20260910534
1533,4,set20,alt1,20260910534
1533,4,set21,alt1,20260910534
1533,4,set23,alt1,20260910534
1533,4,set26,alt1,20260910534
1533,4,set27,alt1,20260910534
1533,4,set32,alt1,20260910534
1533,4,set34,alt2,20260910534
1533,4,set43,alt2,20260910534
1534,3,set3,alt1,20260910535
1534,3,set4,alt2,20260910535
1534,3,set12,alt1,20260910535
1534,3,set22,alt1,20260910535
1534,3,set24,alt1,20260910535
1534,3,set25,alt1,20260910535
1534,3,set28,alt1,20260910535
1534,3,set29,alt1,20260910535
1534,3,set30,alt2,20260910535
1534,3,set31,alt2,20260910535
1534,3,set39,alt2,20260910535
1534,3,set47,alt2,20260910535
1535,1,set5,alt1,20260910536
1535,1,set6,alt1,20260910536
1535,1,set9,alt1,20260910536
1535,1,set11,alt2,20260910536
1535,1,set18,alt1,20260910536
1535,1,set19,alt1,20260910536
1535,1,set33,alt2,20260910536
1535,1,set35,alt2,20260910536
1535,1,set37,alt1,20260910536
1535,1,set41,alt1,20260910536
1535,1,set42,alt2,20260910536
1535,1,set48,alt2,20260910536
1536,2,set1,alt2,20260910537
1536,2,set2,alt1,20260910537
1536,2,set7,alt1,20260910537
1536,2,set8,alt1,20260910537
1536,2,set10,alt1,20260910537
1536,2,set13,alt1,20260910537
1536,2,set36,alt2,20260910537
1536,2,set38,alt2,20260910537
1536,2,set40,alt2,20260910537
1536,2,set44,alt1,20260910537
1536,2,set45,alt2,20260910537
1536,2,set46,alt1,20260910537
1537,1,set5,alt2,20260910538
1537,1,set6,alt2,20260910538
1537,1,set9,alt2,20260910538
1537,1,set11,alt2,20260910538
1537,1,set18,alt1,20260910538
1537,1,set19,alt2,20260910538
1537,1,set33,alt1,20260910538
1537,1,set35,alt2,20260910538
1537,1,set37,alt1,20260910538
1537,1,set41,alt1,20260910538
1537,1,set42,alt2,20260910538
1537,1,set48,alt2,20260910538
1538,3,set3,alt1,20260910539
1538,3,set4,alt2,20260910539
1538,3,set12,alt1,20260910539
1538,3,set22,alt1,20260910539
1538,3,set24,alt1,20260910539
1538,3,set25,alt1,20260910539
1538,3,set28,alt1,20260910539
1538,3,set29,alt1,20260910539
1538,3,set30,alt2,20260910539
1538,3,set31,alt2,20260910539
1538,3,set39,alt2,20260910539
1538,3,set47,alt2,20260910539
1539,3,set3,alt1,20260910540
1539,3,set4,alt2,20260910540
1539,3,set12,alt1,20260910540
1539,3,set22,alt1,20260910540
1539,3,set24,alt1,20260910540
1539,3,set25,alt1,20260910540
1539,3,set28,alt1,20260910540
1539,3,set29,alt1,20260910540
1539,3,set30,alt2,20260910540
1539,3,set31,alt2,20260910540
1539,3,set39,alt2,20260910540
1539,3,set47,alt2,20260910540
1540,2,set1,alt2,20260910541
1540,2,set2,alt1,20260910541
1540,2,set7,alt1,20260910541
1540,2,set8,alt1,20260910541
1540,2,set10,alt1,20260910541
1540,2,set13,alt1,20260910541
1540,2,set36,alt2,20260910541
1540,2,set38,alt2,20260910541
1540,2,set40,alt2,20260910541
1540,2,set44,alt1,20260910541
1540,2,set45,alt2,20260910541
1540,2,set46,alt1,20260910541
1541,2,set1,alt2,20260910542
1541,2,set2,alt1,20260910542
1541,2,set7,alt1,20260910542
1541,2,set8,alt1,20260910542
1541,2,set10,alt2,20260910542
1541,2,set13,alt1,20260910542
1541,2,set36,alt2,20260910542
1541,2,set38,alt2,20260910542
1541,2,set40,alt2,20260910542
1541,2,set44,alt1,20260910542
1541,2,set45,alt2,20260910542
1541,2,set46,alt1,20260910542
1542,1,set5,alt2,20260910543
1542,1,set6,alt2,20260910543
1542,1,set9,alt2,20260910543
1542,1,set11,alt2,20260910543
1542,1,set18,alt1,20260910543
1542,1,set19,alt2,20260910543
1542,1,set33,alt1,20260910543
1542,1,set35,alt2,20260910543
1542,1,set37,alt1,20260910543
1542,1,set41,alt1,20260910543
1542,1,set42,alt2,20260910543
1542,1,set48,alt2,20260910543
1543,4,set14,alt1,20260910544
1543,4,set15,alt2,20260910544
1543,4,set16,alt2,20260910544
1543,4,set17,alt2,20260910544
1543,4,set20,alt1,20260910544
1543,4,set21,alt1,20260910544
1543,4,set23,alt1,20260910544
1543,4,set26,alt1,20260910544
1543,4,set27,alt1,20260910544
1543,4,set32,alt1,20260910544
1543,4,set34,alt2,20260910544
1543,4,set43,alt2,20260910544
1544,3,set3,alt1,20260910545
1544,3,set4,alt2,20260910545
1544,3,set12,alt1,20260910545
1544,3,set22,alt1,20260910545
1544,3,set24,alt1,20260910545
1544,3,set25,alt1,20260910545
1544,3,set28,alt1,20260910545
1544,3,set29,alt1,20260910545
1544,3,set30,alt2,20260910545
1544,3,set31,alt2,20260910545
1544,3,set39,alt2,20260910545
1544,3,set47,alt2,20260910545
1545,4,set14,alt1,20260910546
1545,4,set15,alt2,20260910546
1545,4,set16,alt2,20260910546
1545,4,set17,alt2,20260910546
1545,4,set20,alt1,20260910546
1545,4,set21,alt1,20260910546
1545,4,set23,alt1,20260910546
1545,4,set26,alt1,20260910546
1545,4,set27,alt1,20260910546
1545,4,set32,alt1,20260910546
1545,4,set34,alt2,20260910546
1545,4,set43,alt2,20260910546
1546,3,set3,alt1,20260910547
1546,3,set4,alt2,20260910547
1546,3,set12,alt1,20260910547
1546,3,set22,alt1,20260910547
1546,3,set24,alt1,20260910547
1546,3,set25,alt1,20260910547
1546,3,set28,alt1,20260910547
1546,3,set29,alt1,20260910547
1546,3,set30,alt2,20260910547
1546,3,set31,alt2,20260910547
1546,3,set39,alt2,20260910547
1546,3,set47,alt2,20260910547
1547,3,set3,alt1,20260910548
1547,3,set4,alt2,20260910548
1547,3,set12,alt1,20260910548
1547,3,set22,alt1,20260910548
1547,3,set24,alt1,20260910548
1547,3,set25,alt1,20260910548
1547,3,set28,alt1,20260910548
1547,3,set29,alt1,20260910548
1547,3,set30,alt2,20260910548
1547,3,set31,alt2,20260910548
1547,3,set39,alt2,20260910548
1547,3,set47,alt2,20260910548
1548,3,set3,alt2,20260910549
1548,3,set4,alt1,20260910549
1548,3,set12,alt1,20260910549
1548,3,set22,alt2,20260910549
1548,3,set24,alt1,20260910549
1548,3,set25,alt2,20260910549
1548,3,set28,alt2,20260910549
1548,3,set29,alt1,20260910549
1548,3,set30,alt2,20260910549
1548,3,set31,alt1,20260910549
1548,3,set39,alt1,20260910549
1548,3,set47,alt2,20260910549
1549,4,set14,alt1,20260910550
1549,4,set15,alt2,20260910550
1549,4,set16,alt1,20260910550
1549,4,set17,alt2,20260910550
1549,4,set20,alt1,20260910550
1549,4,set21,alt1,20260910550
1549,4,set23,alt1,20260910550
1549,4,set26,alt1,20260910550
1549,4,set27,alt1,20260910550
1549,4,set32,alt1,20260910550
1549,4,set34,alt1,20260910550
1549,4,set43,alt1,20260910550
1550,4,set14,alt2,20260910551
1550,4,set15,alt2,20260910551
1550,4,set16,alt1,20260910551
1550,4,set17,alt1,20260910551
1550,4,set20,alt1,20260910551
1550,4,set21,alt1,20260910551
1550,4,set23,alt1,20260910551
1550,4,set26,alt1,20260910551
1550,4,set27,alt2,20260910551
1550,4,set32,alt1,20260910551
1550,4,set34,alt2,20260910551
1550,4,set43,alt1,20260910551
1551,3,set3,alt2,20260910552
1551,3,set4,alt1,20260910552
1551,3,set12,alt1,20260910552
1551,3,set22,alt2,20260910552
1551,3,set24,alt1,20260910552
1551,3,set25,alt2,20260910552
1551,3,set28,alt2,20260910552
1551,3,set29,alt1,20260910552
1551,3,set30,alt2,20260910552
1551,3,set31,alt1,20260910552
1551,3,set39,alt1,20260910552
1551,3,set47,alt2,20260910552
1552,1,set5,alt1,20260910553
1552,1,set6,alt1,20260910553
1552,1,set9,alt1,20260910553
1552,1,set11,alt2,20260910553
1552,1,set18,alt1,20260910553
1552,1,set19,alt1,20260910553
1552,1,set33,alt2,20260910553
1552,1,set35,alt2,20260910553
1552,1,set37,alt1,20260910553
1552,1,set41,alt1,20260910553
1552,1,set42,alt2,20260910553
1552,1,set48,alt2,20260910553
1553,3,set3,alt2,20260910554
1553,3,set4,alt1,20260910554
1553,3,set12,alt1,20260910554
1553,3,set22,alt2,20260910554
1553,3,set24,alt1,20260910554
1553,3,set25,alt2,20260910554
1553,3,set28,alt2,20260910554
1553,3,set29,alt1,20260910554
1553,3,set30,alt2,20260910554
1553,3,set31,alt1,20260910554
1553,3,set39,alt1,20260910554
1553,3,set47,alt2,20260910554
1554,2,set1,alt2,20260910555
1554,2,set2,alt1,20260910555
1554,2,set7,alt2,20260910555
1554,2,set8,alt1,20260910555
1554,2,set10,alt2,20260910555
1554,2,set13,alt1,20260910555
1554,2,set36,alt2,20260910555
1554,2,set38,alt1,20260910555
1554,2,set40,alt2,20260910555
1554,2,set44,alt2,20260910555
1554,2,set45,alt2,20260910555
1554,2,set46,alt2,20260910555
1555,2,set1,alt2,20260910556
1555,2,set2,alt1,20260910556
1555,2,set7,alt1,20260910556
1555,2,set8,alt1,20260910556
1555,2,set10,alt2,20260910556
1555,2,set13,alt1,20260910556
1555,2,set36,alt2,20260910556
1555,2,set38,alt2,20260910556
1555,2,set40,alt2,20260910556
1555,2,set44,alt1,20260910556
1555,2,set45,alt2,20260910556
1555,2,set46,alt1,20260910556
1556,4,set14,alt1,20260910557
1556,4,set15,alt2,20260910557
1556,4,set16,alt2,20260910557
1556,4,set17,alt2,20260910557
1556,4,set20,alt1,20260910557
1556,4,set21,alt1,20260910557
1556,4,set23,alt1,20260910557
1556,4,set26,alt1,20260910557
1556,4,set27,alt1,20260910557
1556,4,set32,alt1,20260910557
1556,4,set34,alt2,20260910557
1556,4,set43,alt2,20260910557
1557,3,set3,alt1,20260910558
1557,3,set4,alt2,20260910558
1557,3,set12,alt1,20260910558
1557,3,set22,alt1,20260910558
1557,3,set24,alt1,20260910558
1557,3,set25,alt1,20260910558
1557,3,set28,alt1,20260910558
1557,3,set29,alt1,20260910558
1557,3,set30,alt2,20260910558
1557,3,set31,alt2,20260910558
1557,3,set39,alt2,20260910558
1557,3,set47,alt2,20260910558
1558,3,set3,alt2,20260910559
1558,3,set4,alt2,20260910559
1558,3,set12,alt1,20260910559
1558,3,set22,alt2,20260910559
1558,3,set24,alt1,20260910559
1558,3,set25,alt1,20260910559
1558,3,set28,alt1,20260910559
1558,3,set29,alt1,20260910559
1558,3,set30,alt2,20260910559
1558,3,set31,alt2,20260910559
1558,3,set39,alt2,20260910559
1558,3,set47,alt2,20260910559
1559,1,set5,alt2,20260910560
1559,1,set6,alt1,20260910560
1559,1,set9,alt2,20260910560
1559,1,set11,alt2,20260910560
1559,1,set18,alt2,20260910560
1559,1,set19,alt2,20260910560
1559,1,set33,alt1,20260910560
1559,1,set35,alt2,20260910560
1559,1,set37,alt1,20260910560
1559,1,set41,alt1,20260910560
1559,1,set42,alt2,20260910560
1559,1,set48,alt2,20260910560
1560,1,set5,alt1,20260910561
1560,1,set6,alt2,20260910561
1560,1,set9,alt1,20260910561
1560,1,set11,alt2,20260910561
1560,1,set18,alt1,20260910561
1560,1,set19,alt2,20260910561
1560,1,set33,alt1,20260910561
1560,1,set35,alt2,20260910561
1560,1,set37,alt1,20260910561
1560,1,set41,alt1,20260910561
1560,1,set42,alt1,20260910561
1560,1,set48,alt2,20260910561
1561,2,set1,alt2,20260910562
1561,2,set2,alt1,20260910562
1561,2,set7,alt1,20260910562
1561,2,set8,alt1,20260910562
1561,2,set10,alt1,20260910562
1561,2,set13,alt1,20260910562
1561,2,set36,alt2,20260910562
1561,2,set38,alt2,20260910562
1561,2,set40,alt2,20260910562
1561,2,set44,alt1,20260910562
1561,2,set45,alt2,20260910562
1561,2,set46,alt1,20260910562
1562,2,set1,alt2,20260910563
1562,2,set2,alt1,20260910563
1562,2,set7,alt1,20260910563
1562,2,set8,alt1,20260910563
1562,2,set10,alt1,20260910563
1562,2,set13,alt1,20260910563
1562,2,set36,alt2,20260910563
1562,2,set38,alt2,20260910563
1562,2,set40,alt2,20260910563
1562,2,set44,alt1,20260910563
1562,2,set45,alt2,20260910563
1562,2,set46,alt1,20260910563
1563,2,set1,alt2,20260910564
1563,2,set2,alt1,20260910564
1563,2,set7,alt1,20260910564
1563,2,set8,alt1,20260910564
1563,2,set10,alt1,20260910564
1563,2,set13,alt1,20260910564
1563,2,set36,alt2,20260910564
1563,2,set38,alt2,20260910564
1563,2,set40,alt2,20260910564
1563,2,set44,alt1,20260910564
1563,2,set45,alt2,20260910564
1563,2,set46,alt1,20260910564
1564,1,set5,alt2,20260910565
1564,1,set6,alt1,20260910565
1564,1,set9,alt2,20260910565
1564,1,set11,alt2,20260910565
1564,1,set18,alt2,20260910565
1564,1,set19,alt2,20260910565
1564,1,set33,alt1,20260910565
1564,1,set35,alt2,20260910565
1564,1,set37,alt1,20260910565
1564,1,set41,alt1,20260910565
1564,1,set42,alt2,20260910565
1564,1,set48,alt2,20260910565
1565,1,set5,alt2,20260910566
1565,1,set6,alt1,20260910566
1565,1,set9,alt2,20260910566
1565,1,set11,alt2,20260910566
1565,1,set18,alt2,20260910566
1565,1,set19,alt2,20260910566
1565,1,set33,alt1,20260910566
1565,1,set35,alt2,20260910566
1565,1,set37,alt1,20260910566
1565,1,set41,alt1,20260910566
1565,1,set42,alt2,20260910566
1565,1,set48,alt2,20260910566
1566,3,set3,alt1,20260910567
1566,3,set4,alt2,20260910567
1566,3,set12,alt1,20260910567
1566,3,set22,alt1,20260910567
1566,3,set24,alt1,20260910567
1566,3,set25,alt1,20260910567
1566,3,set28,alt1,20260910567
1566,3,set29,alt1,20260910567
1566,3,set30,alt2,20260910567
1566,3,set31,alt2,20260910567
1566,3,set39,alt2,20260910567
1566,3,set47,alt2,20260910567
1567,1,set5,alt2,20260910568
1567,1,set6,alt2,20260910568
1567,1,set9,alt2,20260910568
1567,1,set11,alt2,20260910568
1567,1,set18,alt2,20260910568
1567,1,set19,alt2,20260910568
1567,1,set33,alt1,20260910568
1567,1,set35,alt2,20260910568
1567,1,set37,alt1,20260910568
1567,1,set41,alt2,20260910568
1567,1,set42,alt2,20260910568
1567,1,set48,alt2,20260910568
1568,4,set14,alt1,20260910569
1568,4,set15,alt2,20260910569
1568,4,set16,alt2,20260910569
1568,4,set17,alt2,20260910569
1568,4,set20,alt1,20260910569
1568,4,set21,alt1,20260910569
1568,4,set23,alt1,20260910569
1568,4,set26,alt1,20260910569
1568,4,set27,alt1,20260910569
1568,4,set32,alt1,20260910569
1568,4,set34,alt2,20260910569
1568,4,set43,alt2,20260910569
1569,1,set5,alt2,20260910570
1569,1,set6,alt1,20260910570
1569,1,set9,alt2,20260910570
1569,1,set11,alt2,20260910570
1569,1,set18,alt2,20260910570
1569,1,set19,alt2,20260910570
1569,1,set33,alt1,20260910570
1569,1,set35,alt2,20260910570
1569,1,set37,alt1,20260910570
1569,1,set41,alt1,20260910570
1569,1,set42,alt2,20260910570
1569,1,set48,alt2,20260910570
1570,2,set1,alt2,20260910571
1570,2,set2,alt1,20260910571
1570,2,set7,alt1,20260910571
1570,2,set8,alt1,20260910571
1570,2,set10,alt2,20260910571
1570,2,set13,alt1,20260910571
1570,2,set36,alt2,20260910571
1570,2,set38,alt2,20260910571
1570,2,set40,alt2,20260910571
1570,2,set44,alt2,20260910571
1570,2,set45,alt2,20260910571
1570,2,set46,alt2,20260910571
1571,4,set14,alt1,20260910572
1571,4,set15,alt2,20260910572
1571,4,set16,alt1,20260910572
1571,4,set17,alt2,20260910572
1571,4,set20,alt1,20260910572
1571,4,set21,alt1,20260910572
1571,4,set23,alt1,20260910572
1571,4,set26,alt1,20260910572
1571,4,set27,alt1,20260910572
1571,4,set32,alt1,20260910572
1571,4,set34,alt1,20260910572
1571,4,set43,alt1,20260910572
1572,1,set5,alt1,20260910573
1572,1,set6,alt1,20260910573
1572,1,set9,alt1,20260910573
1572,1,set11,alt2,20260910573
1572,1,set18,alt1,20260910573
1572,1,set19,alt1,20260910573
1572,1,set33,alt2,20260910573
1572,1,set35,alt2,20260910573
1572,1,set37,alt1,20260910573
1572,1,set41,alt1,20260910573
1572,1,set42,alt2,20260910573
1572,1,set48,alt2,20260910573
1573,2,set1,alt2,20260910574
1573,2,set2,alt1,20260910574
1573,2,set7,alt1,20260910574
1573,2,set8,alt1,20260910574
1573,2,set10,alt1,20260910574
1573,2,set13,alt1,20260910574
1573,2,set36,alt2,20260910574
1573,2,set38,alt2,20260910574
1573,2,set40,alt2,20260910574
1573,2,set44,alt1,20260910574
1573,2,set45,alt2,20260910574
1573,2,set46,alt1,20260910574
1574,2,set1,alt2,20260910575
1574,2,set2,alt1,20260910575
1574,2,set7,alt1,20260910575
1574,2,set8,alt1,20260910575
1574,2,set10,alt1,20260910575
1574,2,set13,alt1,20260910575
1574,2,set36,alt2,20260910575
1574,2,set38,alt2,20260910575
1574,2,set40,alt2,20260910575
1574,2,set44,alt1,20260910575
1574,2,set45,alt2,20260910575
1574,2,set46,alt1,20260910575
1575,2,set1,alt2,20260910576
1575,2,set2,alt1,20260910576
1575,2,set7,alt1,20260910576
1575,2,set8,alt1,20260910576
1575,2,set10,alt1,20260910576
1575,2,set13,alt1,20260910576
1575,2,set36,alt2,20260910576
1575,2,set38,alt2,20260910576
1575,2,set40,alt2,20260910576
1575,2,set44,alt1,20260910576
1575,2,set45,alt2,20260910576
1575,2,set46,alt1,20260910576
1576,2,set1,alt2,20260910577
1576,2,set2,alt1,20260910577
1576,2,set7,alt2,20260910577
1576,2,set8,alt1,20260910577
1576,2,set10,alt2,20260910577
1576,2,set13,alt1,20260910577
1576,2,set36,alt2,20260910577
1576,2,set38,alt1,20260910577
1576,2,set40,alt2,20260910577
1576,2,set44,alt2,20260910577
1576,2,set45,alt2,20260910577
1576,2,set46,alt2,20260910577
1577,4,set14,alt1,20260910578
1577,4,set15,alt2,20260910578
1577,4,set16,alt2,20260910578
1577,4,set17,alt2,20260910578
1577,4,set20,alt1,20260910578
1577,4,set21,alt1,20260910578
1577,4,set23,alt1,20260910578
1577,4,set26,alt1,20260910578
1577,4,set27,alt1,20260910578
1577,4,set32,alt1,20260910578
1577,4,set34,alt2,20260910578
1577,4,set43,alt2,20260910578
1578,3,set3,alt2,20260910579
1578,3,set4,alt2,20260910579
1578,3,set12,alt1,20260910579
1578,3,set22,alt2,20260910579
1578,3,set24,alt1,20260910579
1578,3,set25,alt1,20260910579
1578,3,set28,alt1,20260910579
1578,3,set29,alt1,20260910579
1578,3,set30,alt2,20260910579
1578,3,set31,alt2,20260910579
1578,3,set39,alt2,20260910579
1578,3,set47,alt2,20260910579
1579,4,set14,alt1,20260910580
1579,4,set15,alt2,20260910580
1579,4,set16,alt1,20260910580
1579,4,set17,alt2,20260910580
1579,4,set20,alt1,20260910580
1579,4,set21,alt1,20260910580
1579,4,set23,alt1,20260910580
1579,4,set26,alt1,20260910580
1579,4,set27,alt1,20260910580
1579,4,set32,alt1,20260910580
1579,4,set34,alt1,20260910580
1579,4,set43,alt1,20260910580
1580,2,set1,alt2,20260910581
1580,2,set2,alt1,20260910581
1580,2,set7,alt1,20260910581
1580,2,set8,alt1,20260910581
1580,2,set10,alt1,20260910581
1580,2,set13,alt1,20260910581
1580,2,set36,alt2,20260910581
1580,2,set38,alt2,20260910581
1580,2,set40,alt2,20260910581
1580,2,set44,alt1,20260910581
1580,2,set45,alt2,20260910581
1580,2,set46,alt1,20260910581
1581,4,set14,alt2,20260910582
1581,4,set15,alt2,20260910582
1581,4,set16,alt1,20260910582
1581,4,set17,alt1,20260910582
1581,4,set20,alt1,20260910582
1581,4,set21,alt1,20260910582
1581,4,set23,alt1,20260910582
1581,4,set26,alt1,20260910582
1581,4,set27,alt2,20260910582
1581,4,set32,alt1,20260910582
1581,4,set34,alt2,20260910582
1581,4,set43,alt1,20260910582
1582,4,set14,alt2,20260910583
1582,4,set15,alt2,20260910583
1582,4,set16,alt1,20260910583
1582,4,set17,alt1,20260910583
1582,4,set20,alt1,20260910583
1582,4,set21,alt1,20260910583
1582,4,set23,alt1,20260910583
1582,4,set26,alt1,20260910583
1582,4,set27,alt2,20260910583
1582,4,set32,alt1,20260910583
1582,4,set34,alt2,20260910583
1582,4,set43,alt1,20260910583
1583,3,set3,alt1,20260910584
1583,3,set4,alt2,20260910584
1583,3,set12,alt1,20260910584
1583,3,set22,alt1,20260910584
1583,3,set24,alt1,20260910584
1583,3,set25,alt1,20260910584
1583,3,set28,alt1,20260910584
1583,3,set29,alt1,20260910584
1583,3,set30,alt2,20260910584
1583,3,set31,alt2,20260910584
1583,3,set39,alt2,20260910584
1583,3,set47,alt2,20260910584
1584,2,set1,alt2,20260910585
1584,2,set2,alt1,20260910585
1584,2,set7,alt1,20260910585
1584,2,set8,alt1,20260910585
1584,2,set10,alt1,20260910585
1584,2,set13,alt1,20260910585
1584,2,set36,alt2,20260910585
1584,2,set38,alt2,20260910585
1584,2,set40,alt2,20260910585
1584,2,set44,alt1,20260910585
1584,2,set45,alt2,20260910585
1584,2,set46,alt1,20260910585
1585,4,set14,alt1,20260910586
1585,4,set15,alt2,20260910586
1585,4,set16,alt2,20260910586
1585,4,set17,alt2,20260910586
1585,4,set20,alt1,20260910586
1585,4,set21,alt1,20260910586
1585,4,set23,alt1,20260910586
1585,4,set26,alt1,20260910586
1585,4,set27,alt1,20260910586
1585,4,set32,alt1,20260910586
1585,4,set34,alt2,20260910586
1585,4,set43,alt2,20260910586
1586,2,set1,alt2,20260910587
1586,2,set2,alt1,20260910587
1586,2,set7,alt1,20260910587
1586,2,set8,alt1,20260910587
1586,2,set10,alt2,20260910587
1586,2,set13,alt1,20260910587
1586,2,set36,alt2,20260910587
1586,2,set38,alt2,20260910587
1586,2,set40,alt2,20260910587
1586,2,set44,alt1,20260910587
1586,2,set45,alt2,20260910587
1586,2,set46,alt1,20260910587
1587,2,set1,alt2,20260910588
1587,2,set2,alt1,20260910588
1587,2,set7,alt1,20260910588
1587,2,set8,alt1,20260910588
1587,2,set10,alt1,20260910588
1587,2,set13,alt1,20260910588
1587,2,set36,alt2,20260910588
1587,2,set38,alt2,20260910588
1587,2,set40,alt2,20260910588
1587,2,set44,alt1,20260910588
1587,2,set45,alt2,20260910588
1587,2,set46,alt1,20260910588
1588,2,set1,alt2,20260910589
1588,2,set2,alt1,20260910589
1588,2,set7,alt1,20260910589
1588,2,set8,alt1,20260910589
1588,2,set10,alt1,20260910589
1588,2,set13,alt1,20260910589
1588,2,set36,alt2,20260910589
1588,2,set38,alt2,20260910589
1588,2,set40,alt2,20260910589
1588,2,set44,alt1,20260910589
1588,2,set45,alt2,20260910589
1588,2,set46,alt1,20260910589
1589,2,set1,alt2,20260910590
1589,2,set2,alt1,20260910590
1589,2,set7,alt1,20260910590
1589,2,set8,alt1,20260910590
1589,2,set10,alt1,20260910590
1589,2,set13,alt1,20260910590
1589,2,set36,alt2,20260910590
1589,2,set38,alt2,20260910590
1589,2,set40,alt2,20260910590
1589,2,set44,alt1,20260910590
1589,2,set45,alt2,20260910590
1589,2,set46,alt1,20260910590
1590,1,set5,alt2,20260910591
1590,1,set6,alt2,20260910591
1590,1,set9,alt2,20260910591
1590,1,set11,alt2,20260910591
1590,1,set18,alt2,20260910591
1590,1,set19,alt2,20260910591
1590,1,set33,alt1,20260910591
1590,1,set35,alt2,20260910591
1590,1,set37,alt1,20260910591
1590,1,set41,alt2,20260910591
1590,1,set42,alt2,20260910591
1590,1,set48,alt2,20260910591
1591,1,set5,alt2,20260910592
1591,1,set6,alt2,20260910592
1591,1,set9,alt2,20260910592
1591,1,set11,alt2,20260910592
1591,1,set18,alt2,20260910592
1591,1,set19,alt2,20260910592
1591,1,set33,alt1,20260910592
1591,1,set35,alt2,20260910592
1591,1,set37,alt1,20260910592
1591,1,set41,alt2,20260910592
1591,1,set42,alt2,20260910592
1591,1,set48,alt2,20260910592
1592,3,set3,alt1,20260910593
1592,3,set4,alt2,20260910593
1592,3,set12,alt1,20260910593
1592,3,set22,alt1,20260910593
1592,3,set24,alt1,20260910593
1592,3,set25,alt1,20260910593
1592,3,set28,alt1,20260910593
1592,3,set29,alt1,20260910593
1592,3,set30,alt2,20260910593
1592,3,set31,alt2,20260910593
1592,3,set39,alt2,20260910593
1592,3,set47,alt2,20260910593
1593,3,set3,alt2,20260910594
1593,3,set4,alt1,20260910594
1593,3,set12,alt1,20260910594
1593,3,set22,alt2,20260910594
1593,3,set24,alt1,20260910594
1593,3,set25,alt2,20260910594
1593,3,set28,alt2,20260910594
1593,3,set29,alt1,20260910594
1593,3,set30,alt2,20260910594
1593,3,set31,alt1,20260910594
1593,3,set39,alt1,20260910594
1593,3,set47,alt2,20260910594
1594,1,set5,alt1,20260910595
1594,1,set6,alt1,20260910595
1594,1,set9,alt1,20260910595
1594,1,set11,alt2,20260910595
1594,1,set18,alt1,20260910595
1594,1,set19,alt1,20260910595
1594,1,set33,alt2,20260910595
1594,1,set35,alt2,20260910595
1594,1,set37,alt1,20260910595
1594,1,set41,alt1,20260910595
1594,1,set42,alt2,20260910595
1594,1,set48,alt2,20260910595
1595,1,set5,alt1,20260910596
1595,1,set6,alt2,20260910596
1595,1,set9,alt1,20260910596
1595,1,set11,alt2,20260910596
1595,1,set18,alt1,20260910596
1595,1,set19,alt2,20260910596
1595,1,set33,alt1,20260910596
1595,1,set35,alt2,20260910596
1595,1,set37,alt1,20260910596
1595,1,set41,alt1,20260910596
1595,1,set42,alt1,20260910596
1595,1,set48,alt2,20260910596
1596,2,set1,alt2,20260910597
1596,2,set2,alt1,20260910597
1596,2,set7,alt1,20260910597
1596,2,set8,alt1,20260910597
1596,2,set10,alt2,20260910597
1596,2,set13,alt1,20260910597
1596,2,set36,alt2,20260910597
1596,2,set38,alt2,20260910597
1596,2,set40,alt2,20260910597
1596,2,set44,alt1,20260910597
1596,2,set45,alt2,20260910597
1596,2,set46,alt1,20260910597
1597,4,set14,alt2,20260910598
1597,4,set15,alt2,20260910598
1597,4,set16,alt1,20260910598
1597,4,set17,alt1,20260910598
1597,4,set20,alt1,20260910598
1597,4,set21,alt1,20260910598
1597,4,set23,alt1,20260910598
1597,4,set26,alt1,20260910598
1597,4,set27,alt2,20260910598
1597,4,set32,alt1,20260910598
1597,4,set34,alt2,20260910598
1597,4,set43,alt1,20260910598
1598,3,set3,alt2,20260910599
1598,3,set4,alt2,20260910599
1598,3,set12,alt1,20260910599
1598,3,set22,alt2,20260910599
1598,3,set24,alt1,20260910599
1598,3,set25,alt1,20260910599
1598,3,set28,alt1,20260910599
1598,3,set29,alt1,20260910599
1598,3,set30,alt2,20260910599
1598,3,set31,alt2,20260910599
1598,3,set39,alt2,20260910599
1598,3,set47,alt2,20260910599
1599,1,set5,alt2,20260910600
1599,1,set6,alt1,20260910600
1599,1,set9,alt2,20260910600
1599,1,set11,alt2,20260910600
1599,1,set18,alt2,20260910600
1599,1,set19,alt2,20260910600
1599,1,set33,alt1,20260910600
1599,1,set35,alt2,20260910600
1599,1,set37,alt1,20260910600
1599,1,set41,alt1,20260910600
1599,1,set42,alt2,20260910600
1599,1,set48,alt2,20260910600
1600,4,set14,alt2,20260910601
1600,4,set15,alt2,20260910601
1600,4,set16,alt1,20260910601
1600,4,set17,alt1,20260910601
1600,4,set20,alt1,20260910601
1600,4,set21,alt2,20260910601
1600,4,set23,alt1,20260910601
1600,4,set26,alt1,20260910601
1600,4,set27,alt2,20260910601
1600,4,set32,alt1,20260910601
1600,4,set34,alt2,20260910601
1600,4,set43,alt2,20260910601
1601,3,set3,alt1,20260910602
1601,3,set4,alt2,20260910602
1601,3,set12,alt1,20260910602
1601,3,set22,alt1,20260910602
1601,3,set24,alt1,20260910602
1601,3,set25,alt1,20260910602
1601,3,set28,alt1,20260910602
1601,3,set29,alt1,20260910602
1601,3,set30,alt2,20260910602
1601,3,set31,alt2,20260910602
1601,3,set39,alt2,20260910602
1601,3,set47,alt2,20260910602
1602,1,set5,alt2,20260910603
1602,1,set6,alt1,20260910603
1602,1,set9,alt2,20260910603
1602,1,set11,alt2,20260910603
1602,1,set18,alt2,20260910603
1602,1,set19,alt2,20260910603
1602,1,set33,alt1,20260910603
1602,1,set35,alt2,20260910603
1602,1,set37,alt1,20260910603
1602,1,set41,alt1,20260910603
1602,1,set42,alt2,20260910603
1602,1,set48,alt2,20260910603
1603,2,set1,alt2,20260910604
1603,2,set2,alt1,20260910604
1603,2,set7,alt1,20260910604
1603,2,set8,alt1,20260910604
1603,2,set10,alt1,20260910604
1603,2,set13,alt1,20260910604
1603,2,set36,alt2,20260910604
1603,2,set38,alt2,20260910604
1603,2,set40,alt2,20260910604
1603,2,set44,alt1,20260910604
1603,2,set45,alt2,20260910604
1603,2,set46,alt1,20260910604
1604,4,set14,alt1,20260910605
1604,4,set15,alt2,20260910605
1604,4,set16,alt2,20260910605
1604,4,set17,alt2,20260910605
1604,4,set20,alt1,20260910605
1604,4,set21,alt1,20260910605
1604,4,set23,alt1,20260910605
1604,4,set26,alt1,20260910605
1604,4,set27,alt1,20260910605
1604,4,set32,alt1,20260910605
1604,4,set34,alt2,20260910605
1604,4,set43,alt2,20260910605
1605,2,set1,alt2,20260910606
1605,2,set2,alt1,20260910606
1605,2,set7,alt1,20260910606
1605,2,set8,alt1,20260910606
1605,2,set10,alt1,20260910606
1605,2,set13,alt1,20260910606
1605,2,set36,alt2,20260910606
1605,2,set38,alt2,20260910606
1605,2,set40,alt2,20260910606
1605,2,set44,alt1,20260910606
1605,2,set45,alt2,20260910606
1605,2,set46,alt1,20260910606
1606,1,set5,alt2,20260910607
1606,1,set6,alt2,20260910607
1606,1,set9,alt2,20260910607
1606,1,set11,alt2,20260910607
1606,1,set18,alt2,20260910607
1606,1,set19,alt2,20260910607
1606,1,set33,alt1,20260910607
1606,1,set35,alt2,20260910607
1606,1,set37,alt1,20260910607
1606,1,set41,alt2,20260910607
1606,1,set42,alt2,20260910607
1606,1,set48,alt2,20260910607
1607,1,set5,alt1,20260910608
1607,1,set6,alt1,20260910608
1607,1,set9,alt1,20260910608
1607,1,set11,alt2,20260910608
1607,1,set18,alt1,20260910608
1607,1,set19,alt1,20260910608
1607,1,set33,alt2,20260910608
1607,1,set35,alt2,20260910608
1607,1,set37,alt1,20260910608
1607,1,set41,alt1,20260910608
1607,1,set42,alt2,20260910608
1607,1,set48,alt2,20260910608
1608,2,set1,alt2,20260910609
1608,2,set2,alt1,20260910609
1608,2,set7,alt1,20260910609
1608,2,set8,alt1,20260910609
1608,2,set10,alt1,20260910609
1608,2,set13,alt1,20260910609
1608,2,set36,alt2,20260910609
1608,2,set38,alt2,20260910609
1608,2,set40,alt2,20260910609
1608,2,set44,alt1,20260910609
1608,2,set45,alt2,20260910609
1608,2,set46,alt1,20260910609
1609,1,set5,alt2,20260910610
1609,1,set6,alt2,20260910610
1609,1,set9,alt2,20260910610
1609,1,set11,alt2,20260910610
1609,1,set18,alt2,20260910610
1609,1,set19,alt2,20260910610
1609,1,set33,alt1,20260910610
1609,1,set35,alt2,20260910610
1609,1,set37,alt1,20260910610
1609,1,set41,alt2,20260910610
1609,1,set42,alt2,20260910610
1609,1,set48,alt2,20260910610
1610,2,set1,alt2,20260910611
1610,2,set2,alt1,20260910611
1610,2,set7,alt1,20260910611
1610,2,set8,alt1,20260910611
1610,2,set10,alt1,20260910611
1610,2,set13,alt1,20260910611
1610,2,set36,alt2,20260910611
1610,2,set38,alt2,20260910611
1610,2,set40,alt2,20260910611
1610,2,set44,alt1,20260910611
1610,2,set45,alt2,20260910611
1610,2,set46,alt1,20260910611
1611,3,set3,alt1,20260910612
1611,3,set4,alt2,20260910612
1611,3,set12,alt1,20260910612
1611,3,set22,alt1,20260910612
1611,3,set24,alt1,20260910612
1611,3,set25,alt1,20260910612
1611,3,set28,alt1,20260910612
1611,3,set29,alt1,20260910612
1611,3,set30,alt2,20260910612
1611,3,set31,alt2,20260910612
1611,3,set39,alt2,20260910612
1611,3,set47,alt2,20260910612
1612,4,set14,alt1,20260910613
1612,4,set15,alt1,20260910613
1612,4,set16,alt1,20260910613
1612,4,set17,alt1,20260910613
1612,4,set20,alt1,20260910613
1612,4,set21,alt1,20260910613
1612,4,set23,alt1,20260910613
1612,4,set26,alt1,20260910613
1612,4,set27,alt1,20260910613
1612,4,set32,alt1,20260910613
1612,4,set34,alt2,20260910613
1612,4,set43,alt1,20260910613
1613,4,set14,alt1,20260910614
1613,4,set15,alt2,20260910614
1613,4,set16,alt2,20260910614
1613,4,set17,alt2,20260910614
1613,4,set20,alt1,20260910614
1613,4,set21,alt1,20260910614
1613,4,set23,alt1,20260910614
1613,4,set26,alt1,20260910614
1613,4,set27,alt1,20260910614
1613,4,set32,alt1,20260910614
1613,4,set34,alt2,20260910614
1613,4,set43,alt2,20260910614
1614,3,set3,alt1,20260910615
1614,3,set4,alt2,20260910615
1614,3,set12,alt1,20260910615
1614,3,set22,alt1,20260910615
1614,3,set24,alt1,20260910615
1614,3,set25,alt1,20260910615
1614,3,set28,alt1,20260910615
1614,3,set29,alt1,20260910615
1614,3,set30,alt2,20260910615
1614,3,set31,alt2,20260910615
1614,3,set39,alt2,20260910615
1614,3,set47,alt2,20260910615
1615,3,set3,alt2,20260910616
1615,3,set4,alt1,20260910616
1615,3,set12,alt1,20260910616
1615,3,set22,alt2,20260910616
1615,3,set24,alt1,20260910616
1615,3,set25,alt2,20260910616
1615,3,set28,alt2,20260910616
1615,3,set29,alt1,20260910616
1615,3,set30,alt2,20260910616
1615,3,set31,alt1,20260910616
1615,3,set39,alt1,20260910616
1615,3,set47,alt2,20260910616
1616,3,set3,alt1,20260910617
1616,3,set4,alt2,20260910617
1616,3,set12,alt1,20260910617
1616,3,set22,alt1,20260910617
1616,3,set24,alt1,20260910617
1616,3,set25,alt1,20260910617
1616,3,set28,alt1,20260910617
1616,3,set29,alt1,20260910617
1616,3,set30,alt2,20260910617
1616,3,set31,alt2,20260910617
1616,3,set39,alt2,20260910617
1616,3,set47,alt2,20260910617
1617,4,set14,alt1,20260910618
1617,4,set15,alt2,20260910618
1617,4,set16,alt1,20260910618
1617,4,set17,alt2,20260910618
1617,4,set20,alt1,20260910618
1617,4,set21,alt1,20260910618
1617,4,set23,alt1,20260910618
1617,4,set26,alt1,20260910618
1617,4,set27,alt1,20260910618
1617,4,set32,alt1,20260910618
1617,4,set34,alt1,20260910618
1617,4,set43,alt1,20260910618
1618,2,set1,alt2,20260910619
1618,2,set2,alt1,20260910619
1618,2,set7,alt1,20260910619
1618,2,set8,alt1,20260910619
1618,2,set10,alt2,20260910619
1618,2,set13,alt1,20260910619
1618,2,set36,alt2,20260910619
1618,2,set38,alt2,20260910619
1618,2,set40,alt2,20260910619
1618,2,set44,alt1,20260910619
1618,2,set45,alt2,20260910619
1618,2,set46,alt1,20260910619
1619,4,set14,alt1,20260910620
1619,4,set15,alt2,20260910620
1619,4,set16,alt1,20260910620
1619,4,set17,alt2,20260910620
1619,4,set20,alt1,20260910620
1619,4,set21,alt1,20260910620
1619,4,set23,alt1,20260910620
1619,4,set26,alt1,20260910620
1619,4,set27,alt1,20260910620
1619,4,set32,alt1,20260910620
1619,4,set34,alt1,20260910620
1619,4,set43,alt1,20260910620
1620,2,set1,alt2,20260910621
1620,2,set2,alt1,20260910621
1620,2,set7,alt2,20260910621
1620,2,set8,alt1,20260910621
1620,2,set10,alt2,20260910621
1620,2,set13,alt1,20260910621
1620,2,set36,alt2,20260910621
1620,2,set38,alt1,20260910621
1620,2,set40,alt2,20260910621
1620,2,set44,alt2,20260910621
1620,2,set45,alt2,20260910621
1620,2,set46,alt2,20260910621
1621,2,set1,alt2,20260910622
1621,2,set2,alt1,20260910622
1621,2,set7,alt1,20260910622
1621,2,set8,alt1,20260910622
1621,2,set10,alt1,20260910622
1621,2,set13,alt1,20260910622
1621,2,set36,alt2,20260910622
1621,2,set38,alt2,20260910622
1621,2,set40,alt2,20260910622
1621,2,set44,alt1,20260910622
1621,2,set45,alt2,20260910622
1621,2,set46,alt1,20260910622
1622,4,set14,alt1,20260910623
1622,4,set15,alt2,20260910623
1622,4,set16,alt2,20260910623
1622,4,set17,alt2,20260910623
1622,4,set20,alt1,20260910623
1622,4,set21,alt1,20260910623
1622,4,set23,alt1,20260910623
1622,4,set26,alt1,20260910623
1622,4,set27,alt1,20260910623
1622,4,set32,alt1,20260910623
1622,4,set34,alt2,20260910623
1622,4,set43,alt2,20260910623
1623,4,set14,alt2,20260910624
1623,4,set15,alt2,20260910624
1623,4,set16,alt1,20260910624
1623,4,set17,alt1,20260910624
1623,4,set20,alt1,20260910624
1623,4,set21,alt1,20260910624
1623,4,set23,alt1,20260910624
1623,4,set26,alt1,20260910624
1623,4,set27,alt2,20260910624
1623,4,set32,alt1,20260910624
1623,4,set34,alt2,20260910624
1623,4,set43,alt1,20260910624
1624,1,set5,alt1,20260910625
1624,1,set6,alt2,20260910625
1624,1,set9,alt1,20260910625
1624,1,set11,alt2,20260910625
1624,1,set18,alt1,20260910625
1624,1,set19,alt2,20260910625
1624,1,set33,alt1,20260910625
1624,1,set35,alt2,20260910625
1624,1,set37,alt1,20260910625
1624,1,set41,alt1,20260910625
1624,1,set42,alt1,20260910625
1624,1,set48,alt2,20260910625
1625,3,set3,alt1,20260910626
1625,3,set4,alt2,20260910626
1625,3,set12,alt1,20260910626
1625,3,set22,alt1,20260910626
1625,3,set24,alt1,20260910626
1625,3,set25,alt1,20260910626
1625,3,set28,alt1,20260910626
1625,3,set29,alt1,20260910626
1625,3,set30,alt2,20260910626
1625,3,set31,alt2,20260910626
1625,3,set39,alt2,20260910626
1625,3,set47,alt2,20260910626
1626,4,set14,alt1,20260910627
1626,4,set15,alt2,20260910627
1626,4,set16,alt2,20260910627
1626,4,set17,alt2,20260910627
1626,4,set20,alt1,20260910627
1626,4,set21,alt1,20260910627
1626,4,set23,alt1,20260910627
1626,4,set26,alt1,20260910627
1626,4,set27,alt1,20260910627
1626,4,set32,alt1,20260910627
1626,4,set34,alt2,20260910627
1626,4,set43,alt2,20260910627
1627,3,set3,alt2,20260910628
1627,3,set4,alt2,20260910628
1627,3,set12,alt1,20260910628
1627,3,set22,alt2,20260910628
1627,3,set24,alt1,20260910628
1627,3,set25,alt1,20260910628
1627,3,set28,alt1,20260910628
1627,3,set29,alt1,20260910628
1627,3,set30,alt2,20260910628
1627,3,set31,alt2,20260910628
1627,3,set39,alt2,20260910628
1627,3,set47,alt2,20260910628
1628,4,set14,alt1,20260910629
1628,4,set15,alt2,20260910629
1628,4,set16,alt2,20260910629
1628,4,set17,alt2,20260910629
1628,4,set20,alt1,20260910629
1628,4,set21,alt1,20260910629
1628,4,set23,alt1,20260910629
1628,4,set26,alt1,20260910629
1628,4,set27,alt1,20260910629
1628,4,set32,alt1,20260910629
1628,4,set34,alt2,20260910629
1628,4,set43,alt2,20260910629
1629,3,set3,alt1,20260910630
1629,3,set4,alt2,20260910630
1629,3,set12,alt1,20260910630
1629,3,set22,alt1,20260910630
1629,3,set24,alt1,20260910630
1629,3,set25,alt1,20260910630
1629,3,set28,alt1,20260910630
1629,3,set29,alt1,20260910630
1629,3,set30,alt2,20260910630
1629,3,set31,alt2,20260910630
1629,3,set39,alt2,20260910630
1629,3,set47,alt2,20260910630
1630,3,set3,alt2,20260910631
1630,3,set4,alt1,20260910631
1630,3,set12,alt1,20260910631
1630,3,set22,alt1,20260910631
1630,3,set24,alt1,20260910631
1630,3,set25,alt2,20260910631
1630,3,set28,alt2,20260910631
1630,3,set29,alt1,20260910631
1630,3,set30,alt1,20260910631
1630,3,set31,alt2,20260910631
1630,3,set39,alt1,20260910631
1630,3,set47,alt1,20260910631
1631,3,set3,alt2,20260910632
1631,3,set4,alt2,20260910632
1631,3,set12,alt1,20260910632
1631,3,set22,alt2,20260910632
1631,3,set24,alt1,20260910632
1631,3,set25,alt1,20260910632
1631,3,set28,alt1,20260910632
1631,3,set29,alt1,20260910632
1631,3,set30,alt2,20260910632
1631,3,set31,alt2,20260910632
1631,3,set39,alt2,20260910632
1631,3,set47,alt2,20260910632
1632,3,set3,alt1,20260910633
1632,3,set4,alt2,20260910633
1632,3,set12,alt1,20260910633
1632,3,set22,alt1,20260910633
1632,3,set24,alt1,20260910633
1632,3,set25,alt1,20260910633
1632,3,set28,alt1,20260910633
1632,3,set29,alt1,20260910633
1632,3,set30,alt2,20260910633
1632,3,set31,alt2,20260910633
1632,3,set39,alt2,20260910633
1632,3,set47,alt2,20260910633
1633,1,set5,alt1,20260910634
1633,1,set6,alt1,20260910634
1633,1,set9,alt1,20260910634
1633,1,set11,alt2,20260910634
1633,1,set18,alt1,20260910634
1633,1,set19,alt1,20260910634
1633,1,set33,alt2,20260910634
1633,1,set35,alt2,20260910634
1633,1,set37,alt1,20260910634
1633,1,set41,alt1,20260910634
1633,1,set42,alt2,20260910634
1633,1,set48,alt2,20260910634
1634,1,set5,alt1,20260910635
1634,1,set6,alt1,20260910635
1634,1,set9,alt1,20260910635
1634,1,set11,alt2,20260910635
1634,1,set18,alt1,20260910635
1634,1,set19,alt1,20260910635
1634,1,set33,alt2,20260910635
1634,1,set35,alt2,20260910635
1634,1,set37,alt1,20260910635
1634,1,set41,alt1,20260910635
1634,1,set42,alt2,20260910635
1634,1,set48,alt2,20260910635
1635,1,set5,alt1,20260910636
1635,1,set6,alt2,20260910636
1635,1,set9,alt1,20260910636
1635,1,set11,alt2,20260910636
1635,1,set18,alt2,20260910636
1635,1,set19,alt2,20260910636
1635,1,set33,alt1,20260910636
1635,1,set35,alt2,20260910636
1635,1,set37,alt1,20260910636
1635,1,set41,alt1,20260910636
1635,1,set42,alt1,20260910636
1635,1,set48,alt2,20260910636
1636,3,set3,alt1,20260910637
1636,3,set4,alt2,20260910637
1636,3,set12,alt1,20260910637
1636,3,set22,alt1,20260910637
1636,3,set24,alt1,20260910637
1636,3,set25,alt1,20260910637
1636,3,set28,alt1,20260910637
1636,3,set29,alt1,20260910637
1636,3,set30,alt2,20260910637
1636,3,set31,alt2,20260910637
1636,3,set39,alt2,20260910637
1636,3,set47,alt2,20260910637
1637,2,set1,alt2,20260910638
1637,2,set2,alt1,20260910638
1637,2,set7,alt1,20260910638
1637,2,set8,alt1,20260910638
1637,2,set10,alt1,20260910638
1637,2,set13,alt1,20260910638
1637,2,set36,alt2,20260910638
1637,2,set38,alt2,20260910638
1637,2,set40,alt2,20260910638
1637,2,set44,alt1,20260910638
1637,2,set45,alt2,20260910638
1637,2,set46,alt1,20260910638
1638,3,set3,alt2,20260910639
1638,3,set4,alt2,20260910639
1638,3,set12,alt1,20260910639
1638,3,set22,alt2,20260910639
1638,3,set24,alt1,20260910639
1638,3,set25,alt1,20260910639
1638,3,set28,alt1,20260910639
1638,3,set29,alt1,20260910639
1638,3,set30,alt2,20260910639
1638,3,set31,alt2,20260910639
1638,3,set39,alt2,20260910639
1638,3,set47,alt2,20260910639
1639,4,set14,alt1,20260910640
1639,4,set15,alt2,20260910640
1639,4,set16,alt2,20260910640
1639,4,set17,alt2,20260910640
1639,4,set20,alt1,20260910640
1639,4,set21,alt1,20260910640
1639,4,set23,alt1,20260910640
1639,4,set26,alt1,20260910640
1639,4,set27,alt1,20260910640
1639,4,set32,alt1,20260910640
1639,4,set34,alt2,20260910640
1639,4,set43,alt2,20260910640
1640,3,set3,alt1,20260910641
1640,3,set4,alt2,20260910641
1640,3,set12,alt1,20260910641
1640,3,set22,alt1,20260910641
1640,3,set24,alt1,20260910641
1640,3,set25,alt1,20260910641
1640,3,set28,alt1,20260910641
1640,3,set29,alt1,20260910641
1640,3,set30,alt2,20260910641
1640,3,set31,alt2,20260910641
1640,3,set39,alt2,20260910641
1640,3,set47,alt2,20260910641
1641,1,set5,alt1,20260910642
1641,1,set6,alt2,20260910642
1641,1,set9,alt1,20260910642
1641,1,set11,alt2,20260910642
1641,1,set18,alt2,20260910642
1641,1,set19,alt2,20260910642
1641,1,set33,alt1,20260910642
1641,1,set35,alt2,20260910642
1641,1,set37,alt1,20260910642
1641,1,set41,alt1,20260910642
1641,1,set42,alt1,20260910642
1641,1,set48,alt2,20260910642
1642,4,set14,alt1,20260910643
1642,4,set15,alt1,20260910643
1642,4,set16,alt1,20260910643
1642,4,set17,alt1,20260910643
1642,4,set20,alt1,20260910643
1642,4,set21,alt1,20260910643
1642,4,set23,alt1,20260910643
1642,4,set26,alt1,20260910643
1642,4,set27,alt1,20260910643
1642,4,set32,alt1,20260910643
1642,4,set34,alt2,20260910643
1642,4,set43,alt1,20260910643
1643,4,set14,alt2,20260910644
1643,4,set15,alt2,20260910644
1643,4,set16,alt1,20260910644
1643,4,set17,alt1,20260910644
1643,4,set20,alt1,20260910644
1643,4,set21,alt1,20260910644
1643,4,set23,alt1,20260910644
1643,4,set26,alt1,20260910644
1643,4,set27,alt2,20260910644
1643,4,set32,alt1,20260910644
1643,4,set34,alt2,20260910644
1643,4,set43,alt1,20260910644
1644,2,set1,alt2,20260910645
1644,2,set2,alt1,20260910645
1644,2,set7,alt2,20260910645
1644,2,set8,alt1,20260910645
1644,2,set10,alt2,20260910645
1644,2,set13,alt1,20260910645
1644,2,set36,alt2,20260910645
1644,2,set38,alt1,20260910645
1644,2,set40,alt2,20260910645
1644,2,set44,alt2,20260910645
1644,2,set45,alt2,20260910645
1644,2,set46,alt2,20260910645
1645,4,set14,alt2,20260910646
1645,4,set15,alt2,20260910646
1645,4,set16,alt1,20260910646
1645,4,set17,alt1,20260910646
1645,4,set20,alt1,20260910646
1645,4,set21,alt1,20260910646
1645,4,set23,alt1,20260910646
1645,4,set26,alt1,20260910646
1645,4,set27,alt2,20260910646
1645,4,set32,alt1,20260910646
1645,4,set34,alt2,20260910646
1645,4,set43,alt1,20260910646
1646,1,set5,alt2,20260910647
1646,1,set6,alt2,20260910647
1646,1,set9,alt2,20260910647
1646,1,set11,alt2,20260910647
1646,1,set18,alt1,20260910647
1646,1,set19,alt2,20260910647
1646,1,set33,alt1,20260910647
1646,1,set35,alt2,20260910647
1646,1,set37,alt1,20260910647
1646,1,set41,alt1,20260910647
1646,1,set42,alt2,20260910647
1646,1,set48,alt2,20260910647
1647,1,set5,alt1,20260910648
1647,1,set6,alt2,20260910648
1647,1,set9,alt1,20260910648
1647,1,set11,alt2,20260910648
1647,1,set18,alt2,20260910648
1647,1,set19,alt2,20260910648
1647,1,set33,alt1,20260910648
1647,1,set35,alt2,20260910648
1647,1,set37,alt1,20260910648
1647,1,set41,alt1,20260910648
1647,1,set42,alt1,20260910648
1647,1,set48,alt2,20260910648
1648,2,set1,alt2,20260910649
1648,2,set2,alt1,20260910649
1648,2,set7,alt1,20260910649
1648,2,set8,alt1,20260910649
1648,2,set10,alt1,20260910649
1648,2,set13,alt1,20260910649
1648,2,set36,alt2,20260910649
1648,2,set38,alt2,20260910649
1648,2,set40,alt2,20260910649
1648,2,set44,alt1,20260910649
1648,2,set45,alt2,20260910649
1648,2,set46,alt1,20260910649
1649,1,set5,alt2,20260910650
1649,1,set6,alt2,20260910650
1649,1,set9,alt2,20260910650
1649,1,set11,alt2,20260910650
1649,1,set18,alt2,20260910650
1649,1,set19,alt2,20260910650
1649,1,set33,alt1,20260910650
1649,1,set35,alt2,20260910650
1649,1,set37,alt1,20260910650
1649,1,set41,alt2,20260910650
1649,1,set42,alt2,20260910650
1649,1,set48,alt2,20260910650
1650,1,set5,alt2,20260910651
1650,1,set6,alt2,20260910651
1650,1,set9,alt2,20260910651
1650,1,set11,alt2,20260910651
1650,1,set18,alt2,20260910651
1650,1,set19,alt2,20260910651
1650,1,set33,alt1,20260910651
1650,1,set35,alt2,20260910651
1650,1,set37,alt1,20260910651
1650,1,set41,alt2,20260910651
1650,1,set42,alt2,20260910651
1650,1,set48,alt2,20260910651
1651,3,set3,alt2,20260910652
1651,3,set4,alt1,20260910652
1651,3,set12,alt1,20260910652
1651,3,set22,alt2,20260910652
1651,3,set24,alt1,20260910652
1651,3,set25,alt2,20260910652
1651,3,set28,alt2,20260910652
1651,3,set29,alt1,20260910652
1651,3,set30,alt2,20260910652
1651,3,set31,alt1,20260910652
1651,3,set39,alt1,20260910652
1651,3,set47,alt2,20260910652
1652,1,set5,alt2,20260910653
1652,1,set6,alt1,20260910653
1652,1,set9,alt2,20260910653
1652,1,set11,alt2,20260910653
1652,1,set18,alt2,20260910653
1652,1,set19,alt2,20260910653
1652,1,set33,alt1,20260910653
1652,1,set35,alt2,20260910653
1652,1,set37,alt1,20260910653
1652,1,set41,alt1,20260910653
1652,1,set42,alt2,20260910653
1652,1,set48,alt2,20260910653
1653,1,set5,alt2,20260910654
1653,1,set6,alt1,20260910654
1653,1,set9,alt2,20260910654
1653,1,set11,alt2,20260910654
1653,1,set18,alt2,20260910654
1653,1,set19,alt2,20260910654
1653,1,set33,alt1,20260910654
1653,1,set35,alt2,20260910654
1653,1,set37,alt1,20260910654
1653,1,set41,alt1,20260910654
1653,1,set42,alt2,20260910654
1653,1,set48,alt2,20260910654
1654,3,set3,alt1,20260910655
1654,3,set4,alt2,20260910655
1654,3,set12,alt1,20260910655
1654,3,set22,alt1,20260910655
1654,3,set24,alt1,20260910655
1654,3,set25,alt1,20260910655
1654,3,set28,alt1,20260910655
1654,3,set29,alt1,20260910655
1654,3,set30,alt2,20260910655
1654,3,set31,alt2,20260910655
1654,3,set39,alt2,20260910655
1654,3,set47,alt2,20260910655
1655,1,set5,alt2,20260910656
1655,1,set6,alt1,20260910656
1655,1,set9,alt2,20260910656
1655,1,set11,alt2,20260910656
1655,1,set18,alt2,20260910656
1655,1,set19,alt2,20260910656
1655,1,set33,alt1,20260910656
1655,1,set35,alt2,20260910656
1655,1,set37,alt1,20260910656
1655,1,set41,alt1,20260910656
1655,1,set42,alt2,20260910656
1655,1,set48,alt2,20260910656
1656,4,set14,alt2,20260910657
1656,4,set15,alt2,20260910657
1656,4,set16,alt1,20260910657
1656,4,set17,alt1,20260910657
1656,4,set20,alt1,20260910657
1656,4,set21,alt1,20260910657
1656,4,set23,alt1,20260910657
1656,4,set26,alt1,20260910657
1656,4,set27,alt2,20260910657
1656,4,set32,alt1,20260910657
1656,4,set34,alt2,20260910657
1656,4,set43,alt1,20260910657
1657,3,set3,alt1,20260910658
1657,3,set4,alt2,20260910658
1657,3,set12,alt1,20260910658
1657,3,set22,alt1,20260910658
1657,3,set24,alt1,20260910658
1657,3,set25,alt1,20260910658
1657,3,set28,alt1,20260910658
1657,3,set29,alt1,20260910658
1657,3,set30,alt2,20260910658
1657,3,set31,alt2,20260910658
1657,3,set39,alt2,20260910658
1657,3,set47,alt2,20260910658
1658,1,set5,alt2,20260910659
1658,1,set6,alt2,20260910659
1658,1,set9,alt2,20260910659
1658,1,set11,alt2,20260910659
1658,1,set18,alt1,20260910659
1658,1,set19,alt2,20260910659
1658,1,set33,alt1,20260910659
1658,1,set35,alt2,20260910659
1658,1,set37,alt1,20260910659
1658,1,set41,alt1,20260910659
1658,1,set42,alt2,20260910659
1658,1,set48,alt2,20260910659
1659,4,set14,alt1,20260910660
1659,4,set15,alt1,20260910660
1659,4,set16,alt1,20260910660
1659,4,set17,alt1,20260910660
1659,4,set20,alt1,20260910660
1659,4,set21,alt1,20260910660
1659,4,set23,alt1,20260910660
1659,4,set26,alt1,20260910660
1659,4,set27,alt1,20260910660
1659,4,set32,alt1,20260910660
1659,4,set34,alt2,20260910660
1659,4,set43,alt1,20260910660
1660,3,set3,alt2,20260910661
1660,3,set4,alt1,20260910661
1660,3,set12,alt1,20260910661
1660,3,set22,alt2,20260910661
1660,3,set24,alt1,20260910661
1660,3,set25,alt2,20260910661
1660,3,set28,alt2,20260910661
1660,3,set29,alt1,20260910661
1660,3,set30,alt2,20260910661
1660,3,set31,alt1,20260910661
1660,3,set39,alt1,20260910661
1660,3,set47,alt2,20260910661
1661,3,set3,alt1,20260910662
1661,3,set4,alt2,20260910662
1661,3,set12,alt1,20260910662
1661,3,set22,alt1,20260910662
1661,3,set24,alt1,20260910662
1661,3,set25,alt1,20260910662
1661,3,set28,alt1,20260910662
1661,3,set29,alt1,20260910662
1661,3,set30,alt2,20260910662
1661,3,set31,alt2,20260910662
1661,3,set39,alt2,20260910662
1661,3,set47,alt2,20260910662
1662,4,set14,alt1,20260910663
1662,4,set15,alt1,20260910663
1662,4,set16,alt1,20260910663
1662,4,set17,alt1,20260910663
1662,4,set20,alt1,20260910663
1662,4,set21,alt1,20260910663
1662,4,set23,alt1,20260910663
1662,4,set26,alt1,20260910663
1662,4,set27,alt1,20260910663
1662,4,set32,alt1,20260910663
1662,4,set34,alt2,20260910663
1662,4,set43,alt1,20260910663
1663,3,set3,alt2,20260910664
1663,3,set4,alt1,20260910664
1663,3,set12,alt1,20260910664
1663,3,set22,alt1,20260910664
1663,3,set24,alt1,20260910664
1663,3,set25,alt2,20260910664
1663,3,set28,alt2,20260910664
1663,3,set29,alt1,20260910664
1663,3,set30,alt1,20260910664
1663,3,set31,alt2,20260910664
1663,3,set39,alt1,20260910664
1663,3,set47,alt1,20260910664
1664,2,set1,alt2,20260910665
1664,2,set2,alt1,20260910665
1664,2,set7,alt1,20260910665
1664,2,set8,alt1,20260910665
1664,2,set10,alt1,20260910665
1664,2,set13,alt1,20260910665
1664,2,set36,alt1,20260910665
1664,2,set38,alt2,20260910665
1664,2,set40,alt1,20260910665
1664,2,set44,alt2,20260910665
1664,2,set45,alt2,20260910665
1664,2,set46,alt2,20260910665
1665,2,set1,alt2,20260910666
1665,2,set2,alt1,20260910666
1665,2,set7,alt1,20260910666
1665,2,set8,alt1,20260910666
1665,2,set10,alt2,20260910666
1665,2,set13,alt1,20260910666
1665,2,set36,alt2,20260910666
1665,2,set38,alt2,20260910666
1665,2,set40,alt2,20260910666
1665,2,set44,alt1,20260910666
1665,2,set45,alt2,20260910666
1665,2,set46,alt1,20260910666
1666,2,set1,alt2,20260910667
1666,2,set2,alt1,20260910667
1666,2,set7,alt1,20260910667
1666,2,set8,alt1,20260910667
1666,2,set10,alt1,20260910667
1666,2,set13,alt1,20260910667
1666,2,set36,alt1,20260910667
1666,2,set38,alt2,20260910667
1666,2,set40,alt1,20260910667
1666,2,set44,alt2,20260910667
1666,2,set45,alt2,20260910667
1666,2,set46,alt2,20260910667
1667,2,set1,alt2,20260910668
1667,2,set2,alt1,20260910668
1667,2,set7,alt2,20260910668
1667,2,set8,alt1,20260910668
1667,2,set10,alt2,20260910668
1667,2,set13,alt1,20260910668
1667,2,set36,alt2,20260910668
1667,2,set38,alt1,20260910668
1667,2,set40,alt2,20260910668
1667,2,set44,alt2,20260910668
1667,2,set45,alt2,20260910668
1667,2,set46,alt2,20260910668
1668,1,set5,alt2,20260910669
1668,1,set6,alt1,20260910669
1668,1,set9,alt2,20260910669
1668,1,set11,alt2,20260910669
1668,1,set18,alt2,20260910669
1668,1,set19,alt2,20260910669
1668,1,set33,alt1,20260910669
1668,1,set35,alt2,20260910669
1668,1,set37,alt1,20260910669
1668,1,set41,alt1,20260910669
1668,1,set42,alt2,20260910669
1668,1,set48,alt2,20260910669
1669,1,set5,alt2,20260910670
1669,1,set6,alt1,20260910670
1669,1,set9,alt2,20260910670
1669,1,set11,alt2,20260910670
1669,1,set18,alt2,20260910670
1669,1,set19,alt2,20260910670
1669,1,set33,alt1,20260910670
1669,1,set35,alt2,20260910670
1669,1,set37,alt1,20260910670
1669,1,set41,alt1,20260910670
1669,1,set42,alt2,20260910670
1669,1,set48,alt2,20260910670
1670,4,set14,alt1,20260910671
1670,4,set15,alt2,20260910671
1670,4,set16,alt2,20260910671
1670,4,set17,alt2,20260910671
1670,4,set20,alt1,20260910671
1670,4,set21,alt1,20260910671
1670,4,set23,alt1,20260910671
1670,4,set26,alt1,20260910671
1670,4,set27,alt1,20260910671
1670,4,set32,alt1,20260910671
1670,4,set34,alt2,20260910671
1670,4,set43,alt2,20260910671
1671,1,set5,alt2,20260910672
1671,1,set6,alt2,20260910672
1671,1,set9,alt2,20260910672
1671,1,set11,alt2,20260910672
1671,1,set18,alt2,20260910672
1671,1,set19,alt2,20260910672
1671,1,set33,alt1,20260910672
1671,1,set35,alt2,20260910672
1671,1,set37,alt1,20260910672
1671,1,set41,alt2,20260910672
1671,1,set42,alt2,20260910672
1671,1,set48,alt2,20260910672
1672,2,set1,alt2,20260910673
1672,2,set2,alt1,20260910673
1672,2,set7,alt1,20260910673
1672,2,set8,alt1,20260910673
1672,2,set10,alt1,20260910673
1672,2,set13,alt1,20260910673
1672,2,set36,alt2,20260910673
1672,2,set38,alt2,20260910673
1672,2,set40,alt2,20260910673
1672,2,set44,alt1,20260910673
1672,2,set45,alt2,20260910673
1672,2,set46,alt1,20260910673
1673,1,set5,alt2,20260910674
1673,1,set6,alt1,20260910674
1673,1,set9,alt2,20260910674
1673,1,set11,alt2,20260910674
1673,1,set18,alt2,20260910674
1673,1,set19,alt2,20260910674
1673,1,set33,alt1,20260910674
1673,1,set35,alt2,20260910674
1673,1,set37,alt1,20260910674
1673,1,set41,alt1,20260910674
1673,1,set42,alt2,20260910674
1673,1,set48,alt2,20260910674
1674,1,set5,alt2,20260910675
1674,1,set6,alt1,20260910675
1674,1,set9,alt2,20260910675
1674,1,set11,alt2,20260910675
1674,1,set18,alt2,20260910675
1674,1,set19,alt2,20260910675
1674,1,set33,alt1,20260910675
1674,1,set35,alt2,20260910675
1674,1,set37,alt1,20260910675
1674,1,set41,alt1,20260910675
1674,1,set42,alt2,20260910675
1674,1,set48,alt2,20260910675
1675,4,set14,alt1,20260910676
1675,4,set15,alt2,20260910676
1675,4,set16,alt2,20260910676
1675,4,set17,alt2,20260910676
1675,4,set20,alt1,20260910676
1675,4,set21,alt1,20260910676
1675,4,set23,alt1,20260910676
1675,4,set26,alt1,20260910676
1675,4,set27,alt1,20260910676
1675,4,set32,alt1,20260910676
1675,4,set34,alt2,20260910676
1675,4,set43,alt2,20260910676
1676,4,set14,alt2,20260910677
1676,4,set15,alt2,20260910677
1676,4,set16,alt1,20260910677
1676,4,set17,alt1,20260910677
1676,4,set20,alt1,20260910677
1676,4,set21,alt1,20260910677
1676,4,set23,alt1,20260910677
1676,4,set26,alt1,20260910677
1676,4,set27,alt2,20260910677
1676,4,set32,alt1,20260910677
1676,4,set34,alt2,20260910677
1676,4,set43,alt1,20260910677
1677,3,set3,alt2,20260910678
1677,3,set4,alt2,20260910678
1677,3,set12,alt1,20260910678
1677,3,set22,alt2,20260910678
1677,3,set24,alt1,20260910678
1677,3,set25,alt1,20260910678
1677,3,set28,alt1,20260910678
1677,3,set29,alt1,20260910678
1677,3,set30,alt2,20260910678
1677,3,set31,alt2,20260910678
1677,3,set39,alt2,20260910678
1677,3,set47,alt2,20260910678
1678,4,set14,alt1,20260910679
1678,4,set15,alt2,20260910679
1678,4,set16,alt2,20260910679
1678,4,set17,alt2,20260910679
1678,4,set20,alt1,20260910679
1678,4,set21,alt1,20260910679
1678,4,set23,alt1,20260910679
1678,4,set26,alt1,20260910679
1678,4,set27,alt1,20260910679
1678,4,set32,alt1,20260910679
1678,4,set34,alt2,20260910679
1678,4,set43,alt2,20260910679
1679,3,set3,alt2,20260910680
1679,3,set4,alt2,20260910680
1679,3,set12,alt1,20260910680
1679,3,set22,alt2,20260910680
1679,3,set24,alt1,20260910680
1679,3,set25,alt1,20260910680
1679,3,set28,alt1,20260910680
1679,3,set29,alt1,20260910680
1679,3,set30,alt2,20260910680
1679,3,set31,alt2,20260910680
1679,3,set39,alt2,20260910680
1679,3,set47,alt2,20260910680
1680,1,set5,alt2,20260910681
1680,1,set6,alt2,20260910681
1680,1,set9,alt2,20260910681
1680,1,set11,alt2,20260910681
1680,1,set18,alt2,20260910681
1680,1,set19,alt2,20260910681
1680,1,set33,alt1,20260910681
1680,1,set35,alt2,20260910681
1680,1,set37,alt1,20260910681
1680,1,set41,alt2,20260910681
1680,1,set42,alt2,20260910681
1680,1,set48,alt2,20260910681
1681,3,set3,alt2,20260910682
1681,3,set4,alt1,20260910682
1681,3,set12,alt1,20260910682
1681,3,set22,alt2,20260910682
1681,3,set24,alt1,20260910682
1681,3,set25,alt2,20260910682
1681,3,set28,alt2,20260910682
1681,3,set29,alt1,20260910682
1681,3,set30,alt2,20260910682
1681,3,set31,alt1,20260910682
1681,3,set39,alt1,20260910682
1681,3,set47,alt2,20260910682
1682,3,set3,alt1,20260910683
1682,3,set4,alt2,20260910683
1682,3,set12,alt1,20260910683
1682,3,set22,alt1,20260910683
1682,3,set24,alt1,20260910683
1682,3,set25,alt1,20260910683
1682,3,set28,alt1,20260910683
1682,3,set29,alt1,20260910683
1682,3,set30,alt2,20260910683
1682,3,set31,alt2,20260910683
1682,3,set39,alt2,20260910683
1682,3,set47,alt2,20260910683
1683,2,set1,alt2,20260910684
1683,2,set2,alt1,20260910684
1683,2,set7,alt2,20260910684
1683,2,set8,alt1,20260910684
1683,2,set10,alt2,20260910684
1683,2,set13,alt1,20260910684
1683,2,set36,alt2,20260910684
1683,2,set38,alt1,20260910684
1683,2,set40,alt2,20260910684
1683,2,set44,alt2,20260910684
1683,2,set45,alt2,20260910684
1683,2,set46,alt2,20260910684
1684,4,set14,alt1,20260910685
1684,4,set15,alt2,20260910685
1684,4,set16,alt1,20260910685
1684,4,set17,alt2,20260910685
1684,4,set20,alt1,20260910685
1684,4,set21,alt1,20260910685
1684,4,set23,alt1,20260910685
1684,4,set26,alt1,20260910685
1684,4,set27,alt1,20260910685
1684,4,set32,alt1,20260910685
1684,4,set34,alt1,20260910685
1684,4,set43,alt1,20260910685
1685,1,set5,alt2,20260910686
1685,1,set6,alt1,20260910686
1685,1,set9,alt2,20260910686
1685,1,set11,alt2,20260910686
1685,1,set18,alt2,20260910686
1685,1,set19,alt2,20260910686
1685,1,set33,alt1,20260910686
1685,1,set35,alt2,20260910686
1685,1,set37,alt1,20260910686
1685,1,set41,alt1,20260910686
1685,1,set42,alt2,20260910686
1685,1,set48,alt2,20260910686
1686,3,set3,alt1,20260910687
1686,3,set4,alt2,20260910687
1686,3,set12,alt1,20260910687
1686,3,set22,alt1,20260910687
1686,3,set24,alt1,20260910687
1686,3,set25,alt1,20260910687
1686,3,set28,alt1,20260910687
1686,3,set29,alt1,20260910687
1686,3,set30,alt2,20260910687
1686,3,set31,alt2,20260910687
1686,3,set39,alt2,20260910687
1686,3,set47,alt2,20260910687
1687,4,set14,alt1,20260910688
1687,4,set15,alt1,20260910688
1687,4,set16,alt1,20260910688
1687,4,set17,alt1,20260910688
1687,4,set20,alt1,20260910688
1687,4,set21,alt1,20260910688
1687,4,set23,alt1,20260910688
1687,4,set26,alt1,20260910688
1687,4,set27,alt1,20260910688
1687,4,set32,alt1,20260910688
1687,4,set34,alt2,20260910688
1687,4,set43,alt1,20260910688
1688,2,set1,alt2,20260910689
1688,2,set2,alt1,20260910689
1688,2,set7,alt1,20260910689
1688,2,set8,alt1,20260910689
1688,2,set10,alt1,20260910689
1688,2,set13,alt1,20260910689
1688,2,set36,alt2,20260910689
1688,2,set38,alt2,20260910689
1688,2,set40,alt2,20260910689
1688,2,set44,alt1,20260910689
1688,2,set45,alt2,20260910689
1688,2,set46,alt1,20260910689
1689,2,set1,alt2,20260910690
1689,2,set2,alt1,20260910690
1689,2,set7,alt1,20260910690
1689,2,set8,alt1,20260910690
1689,2,set10,alt1,20260910690
1689,2,set13,alt1,20260910690
1689,2,set36,alt2,20260910690
1689,2,set38,alt2,20260910690
1689,2,set40,alt2,20260910690
1689,2,set44,alt1,20260910690
1689,2,set45,alt2,20260910690
1689,2,set46,alt1,20260910690
1690,3,set3,alt2,20260910691
1690,3,set4,alt1,20260910691
1690,3,set12,alt1,20260910691
1690,3,set22,alt1,20260910691
1690,3,set24,alt1,20260910691
1690,3,set25,alt2,20260910691
1690,3,set28,alt2,20260910691
1690,3,set29,alt1,20260910691
1690,3,set30,alt1,20260910691
1690,3,set31,alt2,20260910691
1690,3,set39,alt1,20260910691
1690,3,set47,alt1,20260910691
1691,4,set14,alt1,20260910692
1691,4,set15,alt2,20260910692
1691,4,set16,alt2,20260910692
1691,4,set17,alt2,20260910692
1691,4,set20,alt1,20260910692
1691,4,set21,alt1,20260910692
1691,4,set23,alt1,20260910692
1691,4,set26,alt1,20260910692
1691,4,set27,alt1,20260910692
1691,4,set32,alt1,20260910692
1691,4,set34,alt2,20260910692
1691,4,set43,alt2,20260910692
1692,3,set3,alt1,20260910693
1692,3,set4,alt2,20260910693
1692,3,set12,alt1,20260910693
1692,3,set22,alt1,20260910693
1692,3,set24,alt1,20260910693
1692,3,set25,alt1,20260910693
1692,3,set28,alt1,20260910693
1692,3,set29,alt1,20260910693
1692,3,set30,alt2,20260910693
1692,3,set31,alt2,20260910693
1692,3,set39,alt2,20260910693
1692,3,set47,alt2,20260910693
1693,1,set5,alt2,20260910694
1693,1,set6,alt2,20260910694
1693,1,set9,alt2,20260910694
1693,1,set11,alt2,20260910694
1693,1,set18,alt2,20260910694
1693,1,set19,alt2,20260910694
1693,1,set33,alt1,20260910694
1693,1,set35,alt2,20260910694
1693,1,set37,alt1,20260910694
1693,1,set41,alt2,20260910694
1693,1,set42,alt2,20260910694
1693,1,set48,alt2,20260910694
1694,1,set5,alt2,20260910695
1694,1,set6,alt1,20260910695
1694,1,set9,alt2,20260910695
1694,1,set11,alt2,20260910695
1694,1,set18,alt2,20260910695
1694,1,set19,alt2,20260910695
1694,1,set33,alt1,20260910695
1694,1,set35,alt2,20260910695
1694,1,set37,alt1,20260910695
1694,1,set41,alt1,20260910695
1694,1,set42,alt2,20260910695
1694,1,set48,alt2,20260910695
1695,4,set14,alt1,20260910696
1695,4,set15,alt2,20260910696
1695,4,set16,alt2,20260910696
1695,4,set17,alt2,20260910696
1695,4,set20,alt1,20260910696
1695,4,set21,alt1,20260910696
1695,4,set23,alt1,20260910696
1695,4,set26,alt1,20260910696
1695,4,set27,alt1,20260910696
1695,4,set32,alt1,20260910696
1695,4,set34,alt2,20260910696
1695,4,set43,alt2,20260910696
1696,2,set1,alt2,20260910697
1696,2,set2,alt1,20260910697
1696,2,set7,alt1,20260910697
1696,2,set8,alt1,20260910697
1696,2,set10,alt1,20260910697
1696,2,set13,alt1,20260910697
1696,2,set36,alt2,20260910697
1696,2,set38,alt2,20260910697
1696,2,set40,alt2,20260910697
1696,2,set44,alt1,20260910697
1696,2,set45,alt2,20260910697
1696,2,set46,alt1,20260910697
1697,3,set3,alt1,20260910698
1697,3,set4,alt2,20260910698
1697,3,set12,alt1,20260910698
1697,3,set22,alt1,20260910698
1697,3,set24,alt1,20260910698
1697,3,set25,alt1,20260910698
1697,3,set28,alt1,20260910698
1697,3,set29,alt1,20260910698
1697,3,set30,alt2,20260910698
1697,3,set31,alt2,20260910698
1697,3,set39,alt2,20260910698
1697,3,set47,alt2,20260910698
1698,1,set5,alt2,20260910699
1698,1,set6,alt2,20260910699
1698,1,set9,alt2,20260910699
1698,1,set11,alt2,20260910699
1698,1,set18,alt2,20260910699
1698,1,set19,alt1,20260910699
1698,1,set33,alt1,20260910699
1698,1,set35,alt2,20260910699
1698,1,set37,alt1,20260910699
1698,1,set41,alt2,20260910699
1698,1,set42,alt2,20260910699
1698,1,set48,alt2,20260910699
1699,2,set1,alt2,20260910700
1699,2,set2,alt1,20260910700
1699,2,set7,alt1,20260910700
1699,2,set8,alt1,20260910700
1699,2,set10,alt1,20260910700
1699,2,set13,alt1,20260910700
1699,2,set36,alt2,20260910700
1699,2,set38,alt2,20260910700
1699,2,set40,alt2,20260910700
1699,2,set44,alt1,20260910700
1699,2,set45,alt2,20260910700
1699,2,set46,alt1,20260910700
1700,4,set14,alt1,20260910701
1700,4,set15,alt2,20260910701
1700,4,set16,alt2,20260910701
1700,4,set17,alt2,20260910701
1700,4,set20,alt1,20260910701
1700,4,set21,alt1,20260910701
1700,4,set23,alt1,20260910701
1700,4,set26,alt1,20260910701
1700,4,set27,alt1,20260910701
1700,4,set32,alt1,20260910701
1700,4,set34,alt2,20260910701
1700,4,set43,alt2,20260910701
1701,3,set3,alt2,20260910702
1701,3,set4,alt1,20260910702
1701,3,set12,alt1,20260910702
1701,3,set22,alt1,20260910702
1701,3,set24,alt1,20260910702
1701,3,set25,alt2,20260910702
1701,3,set28,alt2,20260910702
1701,3,set29,alt1,20260910702
1701,3,set30,alt1,20260910702
1701,3,set31,alt2,20260910702
1701,3,set39,alt1,20260910702
1701,3,set47,alt1,20260910702
1702,2,set1,alt2,20260910703
1702,2,set2,alt1,20260910703
1702,2,set7,alt1,20260910703
1702,2,set8,alt1,20260910703
1702,2,set10,alt2,20260910703
1702,2,set13,alt1,20260910703
1702,2,set36,alt2,20260910703
1702,2,set38,alt2,20260910703
1702,2,set40,alt2,20260910703
1702,2,set44,alt1,20260910703
1702,2,set45,alt2,20260910703
1702,2,set46,alt1,20260910703
1703,4,set14,alt1,20260910704
1703,4,set15,alt2,20260910704
1703,4,set16,alt1,20260910704
1703,4,set17,alt2,20260910704
1703,4,set20,alt1,20260910704
1703,4,set21,alt1,20260910704
1703,4,set23,alt1,20260910704
1703,4,set26,alt1,20260910704
1703,4,set27,alt1,20260910704
1703,4,set32,alt1,20260910704
1703,4,set34,alt1,20260910704
1703,4,set43,alt1,20260910704
1704,3,set3,alt1,20260910705
1704,3,set4,alt2,20260910705
1704,3,set12,alt1,20260910705
1704,3,set22,alt1,20260910705
1704,3,set24,alt1,20260910705
1704,3,set25,alt1,20260910705
1704,3,set28,alt1,20260910705
1704,3,set29,alt1,20260910705
1704,3,set30,alt2,20260910705
1704,3,set31,alt2,20260910705
1704,3,set39,alt2,20260910705
1704,3,set47,alt2,20260910705
1705,3,set3,alt2,20260910706
1705,3,set4,alt2,20260910706
1705,3,set12,alt1,20260910706
1705,3,set22,alt2,20260910706
1705,3,set24,alt1,20260910706
1705,3,set25,alt1,20260910706
1705,3,set28,alt1,20260910706
1705,3,set29,alt1,20260910706
1705,3,set30,alt2,20260910706
1705,3,set31,alt2,20260910706
1705,3,set39,alt2,20260910706
1705,3,set47,alt2,20260910706
1706,4,set14,alt1,20260910707
1706,4,set15,alt2,20260910707
1706,4,set16,alt2,20260910707
1706,4,set17,alt2,20260910707
1706,4,set20,alt1,20260910707
1706,4,set21,alt1,20260910707
1706,4,set23,alt1,20260910707
1706,4,set26,alt1,20260910707
1706,4,set27,alt1,20260910707
1706,4,set32,alt1,20260910707
1706,4,set34,alt2,20260910707
1706,4,set43,alt2,20260910707
1707,4,set14,alt1,20260910708
1707,4,set15,alt1,20260910708
1707,4,set16,alt1,20260910708
1707,4,set17,alt1,20260910708
1707,4,set20,alt1,20260910708
1707,4,set21,alt1,20260910708
1707,4,set23,alt1,20260910708
1707,4,set26,alt1,20260910708
1707,4,set27,alt1,20260910708
1707,4,set32,alt1,20260910708
1707,4,set34,alt2,20260910708
1707,4,set43,alt1,20260910708
1708,3,set3,alt1,20260910709
1708,3,set4,alt2,20260910709
1708,3,set12,alt1,20260910709
1708,3,set22,alt1,20260910709
1708,3,set24,alt1,20260910709
1708,3,set25,alt1,20260910709
1708,3,set28,alt1,20260910709
1708,3,set29,alt1,20260910709
1708,3,set30,alt2,20260910709
1708,3,set31,alt2,20260910709
1708,3,set39,alt2,20260910709
1708,3,set47,alt2,20260910709
1709,1,set5,alt2,20260910710
1709,1,set6,alt2,20260910710
1709,1,set9,alt2,20260910710
1709,1,set11,alt2,20260910710
1709,1,set18,alt1,20260910710
1709,1,set19,alt2,20260910710
1709,1,set33,alt1,20260910710
1709,1,set35,alt2,20260910710
1709,1,set37,alt1,20260910710
1709,1,set41,alt1,20260910710
1709,1,set42,alt2,20260910710
1709,1,set48,alt2,20260910710
1710,1,set5,alt2,20260910711
1710,1,set6,alt1,20260910711
1710,1,set9,alt2,20260910711
1710,1,set11,alt2,20260910711
1710,1,set18,alt2,20260910711
1710,1,set19,alt2,20260910711
1710,1,set33,alt1,20260910711
1710,1,set35,alt2,20260910711
1710,1,set37,alt1,20260910711
1710,1,set41,alt1,20260910711
1710,1,set42,alt2,20260910711
1710,1,set48,alt2,20260910711
1711,1,set5,alt2,20260910712
1711,1,set6,alt1,20260910712
1711,1,set9,alt2,20260910712
1711,1,set11,alt2,20260910712
1711,1,set18,alt2,20260910712
1711,1,set19,alt2,20260910712
1711,1,set33,alt1,20260910712
1711,1,set35,alt2,20260910712
1711,1,set37,alt1,20260910712
1711,1,set41,alt1,20260910712
1711,1,set42,alt2,20260910712
1711,1,set48,alt2,20260910712
1712,1,set5,alt2,20260910713
1712,1,set6,alt1,20260910713
1712,1,set9,alt2,20260910713
1712,1,set11,alt2,20260910713
1712,1,set18,alt2,20260910713
1712,1,set19,alt2,20260910713
1712,1,set33,alt1,20260910713
1712,1,set35,alt2,20260910713
1712,1,set37,alt1,20260910713
1712,1,set41,alt1,20260910713
1712,1,set42,alt2,20260910713
1712,1,set48,alt2,20260910713
1713,1,set5,alt2,20260910714
1713,1,set6,alt2,20260910714
1713,1,set9,alt2,20260910714
1713,1,set11,alt2,20260910714
1713,1,set18,alt2,20260910714
1713,1,set19,alt2,20260910714
1713,1,set33,alt1,20260910714
1713,1,set35,alt2,20260910714
1713,1,set37,alt1,20260910714
1713,1,set41,alt2,20260910714
1713,1,set42,alt2,20260910714
1713,1,set48,alt2,20260910714
1714,4,set14,alt2,20260910715
1714,4,set15,alt2,20260910715
1714,4,set16,alt1,20260910715
1714,4,set17,alt1,20260910715
1714,4,set20,alt1,20260910715
1714,4,set21,alt1,20260910715
1714,4,set23,alt1,20260910715
1714,4,set26,alt1,20260910715
1714,4,set27,alt2,20260910715
1714,4,set32,alt1,20260910715
1714,4,set34,alt2,20260910715
1714,4,set43,alt1,20260910715
1715,3,set3,alt1,20260910716
1715,3,set4,alt2,20260910716
1715,3,set12,alt1,20260910716
1715,3,set22,alt1,20260910716
1715,3,set24,alt1,20260910716
1715,3,set25,alt1,20260910716
1715,3,set28,alt1,20260910716
1715,3,set29,alt1,20260910716
1715,3,set30,alt2,20260910716
1715,3,set31,alt2,20260910716
1715,3,set39,alt2,20260910716
1715,3,set47,alt2,20260910716
1716,4,set14,alt2,20260910717
1716,4,set15,alt2,20260910717
1716,4,set16,alt1,20260910717
1716,4,set17,alt1,20260910717
1716,4,set20,alt1,20260910717
1716,4,set21,alt2,20260910717
1716,4,set23,alt1,20260910717
1716,4,set26,alt1,20260910717
1716,4,set27,alt2,20260910717
1716,4,set32,alt1,20260910717
1716,4,set34,alt2,20260910717
1716,4,set43,alt2,20260910717
1717,2,set1,alt2,20260910718
1717,2,set2,alt1,20260910718
1717,2,set7,alt1,20260910718
1717,2,set8,alt1,20260910718
1717,2,set10,alt2,20260910718
1717,2,set13,alt1,20260910718
1717,2,set36,alt2,20260910718
1717,2,set38,alt2,20260910718
1717,2,set40,alt2,20260910718
1717,2,set44,alt1,20260910718
1717,2,set45,alt2,20260910718
1717,2,set46,alt1,20260910718
1718,4,set14,alt1,20260910719
1718,4,set15,alt2,20260910719
1718,4,set16,alt2,20260910719
1718,4,set17,alt2,20260910719
1718,4,set20,alt1,20260910719
1718,4,set21,alt1,20260910719
1718,4,set23,alt1,20260910719
1718,4,set26,alt1,20260910719
1718,4,set27,alt1,20260910719
1718,4,set32,alt1,20260910719
1718,4,set34,alt2,20260910719
1718,4,set43,alt2,20260910719
1719,1,set5,alt2,20260910720
1719,1,set6,alt1,20260910720
1719,1,set9,alt2,20260910720
1719,1,set11,alt2,20260910720
1719,1,set18,alt2,20260910720
1719,1,set19,alt2,20260910720
1719,1,set33,alt1,20260910720
1719,1,set35,alt2,20260910720
1719,1,set37,alt1,20260910720
1719,1,set41,alt1,20260910720
1719,1,set42,alt2,20260910720
1719,1,set48,alt2,20260910720
1720,2,set1,alt2,20260910721
1720,2,set2,alt1,20260910721
1720,2,set7,alt1,20260910721
1720,2,set8,alt1,20260910721
1720,2,set10,alt1,20260910721
1720,2,set13,alt1,20260910721
1720,2,set36,alt2,20260910721
1720,2,set38,alt2,20260910721
1720,2,set40,alt2,20260910721
1720,2,set44,alt1,20260910721
1720,2,set45,alt2,20260910721
1720,2,set46,alt1,20260910721
1721,1,set5,alt2,20260910722
1721,1,set6,alt1,20260910722
1721,1,set9,alt2,20260910722
1721,1,set11,alt2,20260910722
1721,1,set18,alt2,20260910722
1721,1,set19,alt2,20260910722
1721,1,set33,alt1,20260910722
1721,1,set35,alt2,20260910722
1721,1,set37,alt1,20260910722
1721,1,set41,alt1,20260910722
1721,1,set42,alt2,20260910722
1721,1,set48,alt2,20260910722
1722,3,set3,alt2,20260910723
1722,3,set4,alt1,20260910723
1722,3,set12,alt1,20260910723
1722,3,set22,alt2,20260910723
1722,3,set24,alt1,20260910723
1722,3,set25,alt2,20260910723
1722,3,set28,alt2,20260910723
1722,3,set29,alt1,20260910723
1722,3,set30,alt2,20260910723
1722,3,set31,alt1,20260910723
1722,3,set39,alt1,20260910723
1722,3,set47,alt2,20260910723
1723,2,set1,alt2,20260910724
1723,2,set2,alt1,20260910724
1723,2,set7,alt1,20260910724
1723,2,set8,alt1,20260910724
1723,2,set10,alt1,20260910724
1723,2,set13,alt1,20260910724
1723,2,set36,alt2,20260910724
1723,2,set38,alt2,20260910724
1723,2,set40,alt2,20260910724
1723,2,set44,alt1,20260910724
1723,2,set45,alt2,20260910724
1723,2,set46,alt1,20260910724
1724,3,set3,alt1,20260910725
1724,3,set4,alt2,20260910725
1724,3,set12,alt1,20260910725
1724,3,set22,alt1,20260910725
1724,3,set24,alt1,20260910725
1724,3,set25,alt1,20260910725
1724,3,set28,alt1,20260910725
1724,3,set29,alt1,20260910725
1724,3,set30,alt2,20260910725
1724,3,set31,alt2,20260910725
1724,3,set39,alt2,20260910725
1724,3,set47,alt2,20260910725
1725,2,set1,alt2,20260910726
1725,2,set2,alt1,20260910726
1725,2,set7,alt1,20260910726
1725,2,set8,alt1,20260910726
1725,2,set10,alt1,20260910726
1725,2,set13,alt1,20260910726
1725,2,set36,alt2,20260910726
1725,2,set38,alt2,20260910726
1725,2,set40,alt2,20260910726
1725,2,set44,alt1,20260910726
1725,2,set45,alt2,20260910726
1725,2,set46,alt1,20260910726
1726,2,set1,alt2,20260910727
1726,2,set2,alt1,20260910727
1726,2,set7,alt1,20260910727
1726,2,set8,alt1,20260910727
1726,2,set10,alt1,20260910727
1726,2,set13,alt1,20260910727
1726,2,set36,alt2,20260910727
1726,2,set38,alt2,20260910727
1726,2,set40,alt2,20260910727
1726,2,set44,alt1,20260910727
1726,2,set45,alt2,20260910727
1726,2,set46,alt1,20260910727
1727,1,set5,alt2,20260910728
1727,1,set6,alt2,20260910728
1727,1,set9,alt2,20260910728
1727,1,set11,alt2,20260910728
1727,1,set18,alt1,20260910728
1727,1,set19,alt2,20260910728
1727,1,set33,alt1,20260910728
1727,1,set35,alt2,20260910728
1727,1,set37,alt1,20260910728
1727,1,set41,alt1,20260910728
1727,1,set42,alt2,20260910728
1727,1,set48,alt2,20260910728
1728,2,set1,alt2,20260910729
1728,2,set2,alt1,20260910729
1728,2,set7,alt2,20260910729
1728,2,set8,alt1,20260910729
1728,2,set10,alt2,20260910729
1728,2,set13,alt1,20260910729
1728,2,set36,alt2,20260910729
1728,2,set38,alt1,20260910729
1728,2,set40,alt2,20260910729
1728,2,set44,alt2,20260910729
1728,2,set45,alt2,20260910729
1728,2,set46,alt2,20260910729
1729,2,set1,alt2,20260910730
1729,2,set2,alt1,20260910730
1729,2,set7,alt1,20260910730
1729,2,set8,alt1,20260910730
1729,2,set10,alt1,20260910730
1729,2,set13,alt1,20260910730
1729,2,set36,alt2,20260910730
1729,2,set38,alt2,20260910730
1729,2,set40,alt2,20260910730
1729,2,set44,alt1,20260910730
1729,2,set45,alt2,20260910730
1729,2,set46,alt1,20260910730
1730,4,set14,alt1,20260910731
1730,4,set15,alt2,20260910731
1730,4,set16,alt2,20260910731
1730,4,set17,alt2,20260910731
1730,4,set20,alt1,20260910731
1730,4,set21,alt1,20260910731
1730,4,set23,alt1,20260910731
1730,4,set26,alt1,20260910731
1730,4,set27,alt1,20260910731
1730,4,set32,alt1,20260910731
1730,4,set34,alt2,20260910731
1730,4,set43,alt2,20260910731
1731,3,set3,alt1,20260910732
1731,3,set4,alt2,20260910732
1731,3,set12,alt1,20260910732
1731,3,set22,alt1,20260910732
1731,3,set24,alt1,20260910732
1731,3,set25,alt1,20260910732
1731,3,set28,alt1,20260910732
1731,3,set29,alt1,20260910732
1731,3,set30,alt2,20260910732
1731,3,set31,alt2,20260910732
1731,3,set39,alt2,20260910732
1731,3,set47,alt2,20260910732
1732,3,set3,alt1,20260910733
1732,3,set4,alt2,20260910733
1732,3,set12,alt1,20260910733
1732,3,set22,alt1,20260910733
1732,3,set24,alt1,20260910733
1732,3,set25,alt1,20260910733
1732,3,set28,alt1,20260910733
1732,3,set29,alt1,20260910733
1732,3,set30,alt2,20260910733
1732,3,set31,alt2,20260910733
1732,3,set39,alt2,20260910733
1732,3,set47,alt2,20260910733
1733,4,set14,alt1,20260910734
1733,4,set15,alt1,20260910734
1733,4,set16,alt1,20260910734
1733,4,set17,alt1,20260910734
1733,4,set20,alt1,20260910734
1733,4,set21,alt1,20260910734
1733,4,set23,alt1,20260910734
1733,4,set26,alt1,20260910734
1733,4,set27,alt1,20260910734
1733,4,set32,alt1,20260910734
1733,4,set34,alt2,20260910734
1733,4,set43,alt1,20260910734
1734,2,set1,alt2,20260910735
1734,2,set2,alt1,20260910735
1734,2,set7,alt1,20260910735
1734,2,set8,alt1,20260910735
1734,2,set10,alt1,20260910735
1734,2,set13,alt1,20260910735
1734,2,set36,alt2,20260910735
1734,2,set38,alt2,20260910735
1734,2,set40,alt2,20260910735
1734,2,set44,alt1,20260910735
1734,2,set45,alt2,20260910735
1734,2,set46,alt1,20260910735
1735,4,set14,alt1,20260910736
1735,4,set15,alt2,20260910736
1735,4,set16,alt1,20260910736
1735,4,set17,alt2,20260910736
1735,4,set20,alt1,20260910736
1735,4,set21,alt1,20260910736
1735,4,set23,alt1,20260910736
1735,4,set26,alt1,20260910736
1735,4,set27,alt1,20260910736
1735,4,set32,alt1,20260910736
1735,4,set34,alt1,20260910736
1735,4,set43,alt1,20260910736
1736,3,set3,alt1,20260910737
1736,3,set4,alt2,20260910737
1736,3,set12,alt1,20260910737
1736,3,set22,alt1,20260910737
1736,3,set24,alt1,20260910737
1736,3,set25,alt1,20260910737
1736,3,set28,alt1,20260910737
1736,3,set29,alt1,20260910737
1736,3,set30,alt2,20260910737
1736,3,set31,alt2,20260910737
1736,3,set39,alt2,20260910737
1736,3,set47,alt2,20260910737
1737,3,set3,alt1,20260910738
1737,3,set4,alt2,20260910738
1737,3,set12,alt1,20260910738
1737,3,set22,alt1,20260910738
1737,3,set24,alt1,20260910738
1737,3,set25,alt1,20260910738
1737,3,set28,alt1,20260910738
1737,3,set29,alt1,20260910738
1737,3,set30,alt2,20260910738
1737,3,set31,alt2,20260910738
1737,3,set39,alt2,20260910738
1737,3,set47,alt2,20260910738
1738,4,set14,alt1,20260910739
1738,4,set15,alt2,20260910739
1738,4,set16,alt1,20260910739
1738,4,set17,alt2,20260910739
1738,4,set20,alt1,20260910739
1738,4,set21,alt1,20260910739
1738,4,set23,alt1,20260910739
1738,4,set26,alt1,20260910739
1738,4,set27,alt1,20260910739
1738,4,set32,alt1,20260910739
1738,4,set34,alt1,20260910739
1738,4,set43,alt1,20260910739
1739,4,set14,alt1,20260910740
1739,4,set15,alt2,20260910740
1739,4,set16,alt2,20260910740
1739,4,set17,alt2,20260910740
1739,4,set20,alt1,20260910740
1739,4,set21,alt1,20260910740
1739,4,set23,alt1,20260910740
1739,4,set26,alt1,20260910740
1739,4,set27,alt1,20260910740
1739,4,set32,alt1,20260910740
1739,4,set34,alt2,20260910740
1739,4,set43,alt2,20260910740
1740,1,set5,alt1,20260910741
1740,1,set6,alt1,20260910741
1740,1,set9,alt1,20260910741
1740,1,set11,alt2,20260910741
1740,1,set18,alt1,20260910741
1740,1,set19,alt1,20260910741
1740,1,set33,alt2,20260910741
1740,1,set35,alt2,20260910741
1740,1,set37,alt1,20260910741
1740,1,set41,alt1,20260910741
1740,1,set42,alt2,20260910741
1740,1,set48,alt2,20260910741
1741,4,set14,alt2,20260910742
1741,4,set15,alt2,20260910742
1741,4,set16,alt1,20260910742
1741,4,set17,alt1,20260910742
1741,4,set20,alt1,20260910742
1741,4,set21,alt2,20260910742
1741,4,set23,alt1,20260910742
1741,4,set26,alt1,20260910742
1741,4,set27,alt2,20260910742
1741,4,set32,alt1,20260910742
1741,4,set34,alt2,20260910742
1741,4,set43,alt2,20260910742
1742,2,set1,alt2,20260910743
1742,2,set2,alt1,20260910743
1742,2,set7,alt2,20260910743
1742,2,set8,alt1,20260910743
1742,2,set10,alt2,20260910743
1742,2,set13,alt1,20260910743
1742,2,set36,alt2,20260910743
1742,2,set38,alt1,20260910743
1742,2,set40,alt2,20260910743
1742,2,set44,alt2,20260910743
1742,2,set45,alt2,20260910743
1742,2,set46,alt2,20260910743
1743,2,set1,alt2,20260910744
1743,2,set2,alt1,20260910744
1743,2,set7,alt1,20260910744
1743,2,set8,alt1,20260910744
1743,2,set10,alt1,20260910744
1743,2,set13,alt1,20260910744
1743,2,set36,alt2,20260910744
1743,2,set38,alt2,20260910744
1743,2,set40,alt2,20260910744
1743,2,set44,alt1,20260910744
1743,2,set45,alt2,20260910744
1743,2,set46,alt1,20260910744
1744,2,set1,alt2,20260910745
1744,2,set2,alt1,20260910745
1744,2,set7,alt1,20260910745
1744,2,set8,alt1,20260910745
1744,2,set10,alt1,20260910745
1744,2,set13,alt1,20260910745
1744,2,set36,alt2,20260910745
1744,2,set38,alt2,20260910745
1744,2,set40,alt2,20260910745
1744,2,set44,alt1,20260910745
1744,2,set45,alt2,20260910745
1744,2,set46,alt1,20260910745
1745,2,set1,alt2,20260910746
1745,2,set2,alt1,20260910746
1745,2,set7,alt1,20260910746
1745,2,set8,alt1,20260910746
1745,2,set10,alt2,20260910746
1745,2,set13,alt1,20260910746
1745,2,set36,alt2,20260910746
1745,2,set38,alt2,20260910746
1745,2,set40,alt2,20260910746
1745,2,set44,alt1,20260910746
1745,2,set45,alt2,20260910746
1745,2,set46,alt1,20260910746
1746,4,set14,alt1,20260910747
1746,4,set15,alt2,20260910747
1746,4,set16,alt2,20260910747
1746,4,set17,alt2,20260910747
1746,4,set20,alt1,20260910747
1746,4,set21,alt1,20260910747
1746,4,set23,alt1,20260910747
1746,4,set26,alt1,20260910747
1746,4,set27,alt1,20260910747
1746,4,set32,alt1,20260910747
1746,4,set34,alt2,20260910747
1746,4,set43,alt2,20260910747
1747,1,set5,alt2,20260910748
1747,1,set6,alt1,20260910748
1747,1,set9,alt2,20260910748
1747,1,set11,alt2,20260910748
1747,1,set18,alt2,20260910748
1747,1,set19,alt2,20260910748
1747,1,set33,alt1,20260910748
1747,1,set35,alt2,20260910748
1747,1,set37,alt1,20260910748
1747,1,set41,alt1,20260910748
1747,1,set42,alt2,20260910748
1747,1,set48,alt2,20260910748
1748,4,set14,alt1,20260910749
1748,4,set15,alt2,20260910749
1748,4,set16,alt1,20260910749
1748,4,set17,alt2,20260910749
1748,4,set20,alt1,20260910749
1748,4,set21,alt1,20260910749
1748,4,set23,alt1,20260910749
1748,4,set26,alt1,20260910749
1748,4,set27,alt1,20260910749
1748,4,set32,alt1,20260910749
1748,4,set34,alt1,20260910749
1748,4,set43,alt1,20260910749
1749,3,set3,alt1,20260910750
1749,3,set4,alt2,20260910750
1749,3,set12,alt1,20260910750
1749,3,set22,alt1,20260910750
1749,3,set24,alt1,20260910750
1749,3,set25,alt1,20260910750
1749,3,set28,alt1,20260910750
1749,3,set29,alt1,20260910750
1749,3,set30,alt2,20260910750
1749,3,set31,alt2,20260910750
1749,3,set39,alt2,20260910750
1749,3,set47,alt2,20260910750
1750,3,set3,alt2,20260910751
1750,3,set4,alt1,20260910751
1750,3,set12,alt1,20260910751
1750,3,set22,alt2,20260910751
1750,3,set24,alt1,20260910751
1750,3,set25,alt2,20260910751
1750,3,set28,alt2,20260910751
1750,3,set29,alt1,20260910751
1750,3,set30,alt2,20260910751
1750,3,set31,alt1,20260910751
1750,3,set39,alt1,20260910751
1750,3,set47,alt2,20260910751
1751,2,set1,alt2,20260910752
1751,2,set2,alt1,20260910752
1751,2,set7,alt1,20260910752
1751,2,set8,alt1,20260910752
1751,2,set10,alt1,20260910752
1751,2,set13,alt1,20260910752
1751,2,set36,alt1,20260910752
1751,2,set38,alt2,20260910752
1751,2,set40,alt1,20260910752
1751,2,set44,alt2,20260910752
1751,2,set45,alt2,20260910752
1751,2,set46,alt2,20260910752
1752,4,set14,alt1,20260910753
1752,4,set15,alt2,20260910753
1752,4,set16,alt2,20260910753
1752,4,set17,alt2,20260910753
1752,4,set20,alt1,20260910753
1752,4,set21,alt1,20260910753
1752,4,set23,alt1,20260910753
1752,4,set26,alt1,20260910753
1752,4,set27,alt1,20260910753
1752,4,set32,alt1,20260910753
1752,4,set34,alt2,20260910753
1752,4,set43,alt2,20260910753
1753,2,set1,alt2,20260910754
1753,2,set2,alt1,20260910754
1753,2,set7,alt1,20260910754
1753,2,set8,alt1,20260910754
1753,2,set10,alt1,20260910754
1753,2,set13,alt1,20260910754
1753,2,set36,alt2,20260910754
1753,2,set38,alt2,20260910754
1753,2,set40,alt2,20260910754
1753,2,set44,alt1,20260910754
1753,2,set45,alt2,20260910754
1753,2,set46,alt1,20260910754
1754,3,set3,alt2,20260910755
1754,3,set4,alt1,20260910755
1754,3,set12,alt1,20260910755
1754,3,set22,alt2,20260910755
1754,3,set24,alt1,20260910755
1754,3,set25,alt2,20260910755
1754,3,set28,alt2,20260910755
1754,3,set29,alt1,20260910755
1754,3,set30,alt1,20260910755
1754,3,set31,alt2,20260910755
1754,3,set39,alt1,20260910755
1754,3,set47,alt1,20260910755
1755,3,set3,alt1,20260910756
1755,3,set4,alt2,20260910756
1755,3,set12,alt1,20260910756
1755,3,set22,alt1,20260910756
1755,3,set24,alt1,20260910756
1755,3,set25,alt1,20260910756
1755,3,set28,alt1,20260910756
1755,3,set29,alt1,20260910756
1755,3,set30,alt2,20260910756
1755,3,set31,alt2,20260910756
1755,3,set39,alt2,20260910756
1755,3,set47,alt2,20260910756
1756,2,set1,alt2,20260910757
1756,2,set2,alt1,20260910757
1756,2,set7,alt1,20260910757
1756,2,set8,alt1,20260910757
1756,2,set10,alt1,20260910757
1756,2,set13,alt1,20260910757
1756,2,set36,alt2,20260910757
1756,2,set38,alt2,20260910757
1756,2,set40,alt2,20260910757
1756,2,set44,alt1,20260910757
1756,2,set45,alt2,20260910757
1756,2,set46,alt1,20260910757
1757,4,set14,alt1,20260910758
1757,4,set15,alt1,20260910758
1757,4,set16,alt1,20260910758
1757,4,set17,alt1,20260910758
1757,4,set20,alt1,20260910758
1757,4,set21,alt1,20260910758
1757,4,set23,alt1,20260910758
1757,4,set26,alt1,20260910758
1757,4,set27,alt1,20260910758
1757,4,set32,alt1,20260910758
1757,4,set34,alt2,20260910758
1757,4,set43,alt1,20260910758
1758,4,set14,alt2,20260910759
1758,4,set15,alt2,20260910759
1758,4,set16,alt1,20260910759
1758,4,set17,alt1,20260910759
1758,4,set20,alt1,20260910759
1758,4,set21,alt1,20260910759
1758,4,set23,alt1,20260910759
1758,4,set26,alt1,20260910759
1758,4,set27,alt2,20260910759
1758,4,set32,alt1,20260910759
1758,4,set34,alt2,20260910759
1758,4,set43,alt1,20260910759
1759,4,set14,alt1,20260910760
1759,4,set15,alt2,20260910760
1759,4,set16,alt1,20260910760
1759,4,set17,alt2,20260910760
1759,4,set20,alt1,20260910760
1759,4,set21,alt1,20260910760
1759,4,set23,alt1,20260910760
1759,4,set26,alt1,20260910760
1759,4,set27,alt1,20260910760
1759,4,set32,alt1,20260910760
1759,4,set34,alt1,20260910760
1759,4,set43,alt1,20260910760
1760,1,set5,alt1,20260910761
1760,1,set6,alt1,20260910761
1760,1,set9,alt1,20260910761
1760,1,set11,alt2,20260910761
1760,1,set18,alt1,20260910761
1760,1,set19,alt1,20260910761
1760,1,set33,alt2,20260910761
1760,1,set35,alt2,20260910761
1760,1,set37,alt1,20260910761
1760,1,set41,alt1,20260910761
1760,1,set42,alt2,20260910761
1760,1,set48,alt2,20260910761
1761,1,set5,alt1,20260910762
1761,1,set6,alt2,20260910762
1761,1,set9,alt1,20260910762
1761,1,set11,alt2,20260910762
1761,1,set18,alt1,20260910762
1761,1,set19,alt2,20260910762
1761,1,set33,alt1,20260910762
1761,1,set35,alt2,20260910762
1761,1,set37,alt1,20260910762
1761,1,set41,alt1,20260910762
1761,1,set42,alt1,20260910762
1761,1,set48,alt2,20260910762
1762,4,set14,alt2,20260910763
1762,4,set15,alt2,20260910763
1762,4,set16,alt1,20260910763
1762,4,set17,alt1,20260910763
1762,4,set20,alt1,20260910763
1762,4,set21,alt1,20260910763
1762,4,set23,alt1,20260910763
1762,4,set26,alt1,20260910763
1762,4,set27,alt2,20260910763
1762,4,set32,alt1,20260910763
1762,4,set34,alt2,20260910763
1762,4,set43,alt1,20260910763
1763,3,set3,alt2,20260910764
1763,3,set4,alt1,20260910764
1763,3,set12,alt1,20260910764
1763,3,set22,alt2,20260910764
1763,3,set24,alt1,20260910764
1763,3,set25,alt2,20260910764
1763,3,set28,alt2,20260910764
1763,3,set29,alt1,20260910764
1763,3,set30,alt2,20260910764
1763,3,set31,alt1,20260910764
1763,3,set39,alt1,20260910764
1763,3,set47,alt2,20260910764
1764,4,set14,alt1,20260910765
1764,4,set15,alt2,20260910765
1764,4,set16,alt2,20260910765
1764,4,set17,alt2,20260910765
1764,4,set20,alt1,20260910765
1764,4,set21,alt1,20260910765
1764,4,set23,alt1,20260910765
1764,4,set26,alt1,20260910765
1764,4,set27,alt1,20260910765
1764,4,set32,alt1,20260910765
1764,4,set34,alt2,20260910765
1764,4,set43,alt2,20260910765
1765,1,set5,alt2,20260910766
1765,1,set6,alt2,20260910766
1765,1,set9,alt2,20260910766
1765,1,set11,alt2,20260910766
1765,1,set18,alt2,20260910766
1765,1,set19,alt2,20260910766
1765,1,set33,alt1,20260910766
1765,1,set35,alt2,20260910766
1765,1,set37,alt1,20260910766
1765,1,set41,alt2,20260910766
1765,1,set42,alt2,20260910766
1765,1,set48,alt2,20260910766
1766,1,set5,alt2,20260910767
1766,1,set6,alt1,20260910767
1766,1,set9,alt2,20260910767
1766,1,set11,alt2,20260910767
1766,1,set18,alt2,20260910767
1766,1,set19,alt2,20260910767
1766,1,set33,alt1,20260910767
1766,1,set35,alt2,20260910767
1766,1,set37,alt1,20260910767
1766,1,set41,alt1,20260910767
1766,1,set42,alt2,20260910767
1766,1,set48,alt2,20260910767
1767,2,set1,alt2,20260910768
1767,2,set2,alt1,20260910768
1767,2,set7,alt2,20260910768
1767,2,set8,alt1,20260910768
1767,2,set10,alt2,20260910768
1767,2,set13,alt1,20260910768
1767,2,set36,alt2,20260910768
1767,2,set38,alt1,20260910768
1767,2,set40,alt2,20260910768
1767,2,set44,alt2,20260910768
1767,2,set45,alt2,20260910768
1767,2,set46,alt2,20260910768
1768,3,set3,alt1,20260910769
1768,3,set4,alt2,20260910769
1768,3,set12,alt1,20260910769
1768,3,set22,alt1,20260910769
1768,3,set24,alt1,20260910769
1768,3,set25,alt1,20260910769
1768,3,set28,alt1,20260910769
1768,3,set29,alt1,20260910769
1768,3,set30,alt2,20260910769
1768,3,set31,alt2,20260910769
1768,3,set39,alt2,20260910769
1768,3,set47,alt2,20260910769
1769,1,set5,alt2,20260910770
1769,1,set6,alt2,20260910770
1769,1,set9,alt2,20260910770
1769,1,set11,alt2,20260910770
1769,1,set18,alt1,20260910770
1769,1,set19,alt2,20260910770
1769,1,set33,alt1,20260910770
1769,1,set35,alt2,20260910770
1769,1,set37,alt1,20260910770
1769,1,set41,alt1,20260910770
1769,1,set42,alt2,20260910770
1769,1,set48,alt2,20260910770
1770,2,set1,alt2,20260910771
1770,2,set2,alt1,20260910771
1770,2,set7,alt2,20260910771
1770,2,set8,alt1,20260910771
1770,2,set10,alt2,20260910771
1770,2,set13,alt1,20260910771
1770,2,set36,alt2,20260910771
1770,2,set38,alt1,20260910771
1770,2,set40,alt2,20260910771
1770,2,set44,alt2,20260910771
1770,2,set45,alt2,20260910771
1770,2,set46,alt2,20260910771
1771,3,set3,alt2,20260910772
1771,3,set4,alt1,20260910772
1771,3,set12,alt1,20260910772
1771,3,set22,alt2,20260910772
1771,3,set24,alt1,20260910772
1771,3,set25,alt2,20260910772
1771,3,set28,alt2,20260910772
1771,3,set29,alt1,20260910772
1771,3,set30,alt2,20260910772
1771,3,set31,alt1,20260910772
1771,3,set39,alt1,20260910772
1771,3,set47,alt2,20260910772
1772,4,set14,alt1,20260910773
1772,4,set15,alt2,20260910773
1772,4,set16,alt1,20260910773
1772,4,set17,alt2,20260910773
1772,4,set20,alt1,20260910773
1772,4,set21,alt1,20260910773
1772,4,set23,alt1,20260910773
1772,4,set26,alt1,20260910773
1772,4,set27,alt1,20260910773
1772,4,set32,alt1,20260910773
1772,4,set34,alt1,20260910773
1772,4,set43,alt1,20260910773
1773,3,set3,alt1,20260910774
1773,3,set4,alt2,20260910774
1773,3,set12,alt1,20260910774
1773,3,set22,alt1,20260910774
1773,3,set24,alt1,20260910774
1773,3,set25,alt1,20260910774
1773,3,set28,alt1,20260910774
1773,3,set29,alt1,20260910774
1773,3,set30,alt2,20260910774
1773,3,set31,alt2,20260910774
1773,3,set39,alt2,20260910774
1773,3,set47,alt2,20260910774
1774,1,set5,alt2,20260910775
1774,1,set6,alt1,20260910775
1774,1,set9,alt2,20260910775
1774,1,set11,alt2,20260910775
1774,1,set18,alt2,20260910775
1774,1,set19,alt2,20260910775
1774,1,set33,alt1,20260910775
1774,1,set35,alt2,20260910775
1774,1,set37,alt1,20260910775
1774,1,set41,alt1,20260910775
1774,1,set42,alt2,20260910775
1774,1,set48,alt2,20260910775
1775,2,set1,alt2,20260910776
1775,2,set2,alt1,20260910776
1775,2,set7,alt1,20260910776
1775,2,set8,alt1,20260910776
1775,2,set10,alt1,20260910776
1775,2,set13,alt1,20260910776
1775,2,set36,alt2,20260910776
1775,2,set38,alt2,20260910776
1775,2,set40,alt2,20260910776
1775,2,set44,alt1,20260910776
1775,2,set45,alt2,20260910776
1775,2,set46,alt1,20260910776
1776,1,set5,alt2,20260910777
1776,1,set6,alt1,20260910777
1776,1,set9,alt2,20260910777
1776,1,set11,alt2,20260910777
1776,1,set18,alt2,20260910777
1776,1,set19,alt2,20260910777
1776,1,set33,alt1,20260910777
1776,1,set35,alt2,20260910777
1776,1,set37,alt1,20260910777
1776,1,set41,alt1,20260910777
1776,1,set42,alt2,20260910777
1776,1,set48,alt2,20260910777
1777,2,set1,alt2,20260910778
1777,2,set2,alt1,20260910778
1777,2,set7,alt1,20260910778
1777,2,set8,alt1,20260910778
1777,2,set10,alt1,20260910778
1777,2,set13,alt1,20260910778
1777,2,set36,alt2,20260910778
1777,2,set38,alt2,20260910778
1777,2,set40,alt2,20260910778
1777,2,set44,alt1,20260910778
1777,2,set45,alt2,20260910778
1777,2,set46,alt1,20260910778
1778,4,set14,alt1,20260910779
1778,4,set15,alt2,20260910779
1778,4,set16,alt2,20260910779
1778,4,set17,alt2,20260910779
1778,4,set20,alt1,20260910779
1778,4,set21,alt1,20260910779
1778,4,set23,alt1,20260910779
1778,4,set26,alt1,20260910779
1778,4,set27,alt1,20260910779
1778,4,set32,alt1,20260910779
1778,4,set34,alt2,20260910779
1778,4,set43,alt2,20260910779
1779,1,set5,alt2,20260910780
1779,1,set6,alt2,20260910780
1779,1,set9,alt2,20260910780
1779,1,set11,alt2,20260910780
1779,1,set18,alt2,20260910780
1779,1,set19,alt2,20260910780
1779,1,set33,alt1,20260910780
1779,1,set35,alt2,20260910780
1779,1,set37,alt1,20260910780
1779,1,set41,alt2,20260910780
1779,1,set42,alt2,20260910780
1779,1,set48,alt2,20260910780
1780,1,set5,alt1,20260910781
1780,1,set6,alt1,20260910781
1780,1,set9,alt1,20260910781
1780,1,set11,alt2,20260910781
1780,1,set18,alt1,20260910781
1780,1,set19,alt1,20260910781
1780,1,set33,alt2,20260910781
1780,1,set35,alt2,20260910781
1780,1,set37,alt1,20260910781
1780,1,set41,alt1,20260910781
1780,1,set42,alt2,20260910781
1780,1,set48,alt2,20260910781
1781,2,set1,alt2,20260910782
1781,2,set2,alt1,20260910782
1781,2,set7,alt1,20260910782
1781,2,set8,alt1,20260910782
1781,2,set10,alt1,20260910782
1781,2,set13,alt1,20260910782
1781,2,set36,alt2,20260910782
1781,2,set38,alt2,20260910782
1781,2,set40,alt2,20260910782
1781,2,set44,alt1,20260910782
1781,2,set45,alt2,20260910782
1781,2,set46,alt1,20260910782
1782,1,set5,alt2,20260910783
1782,1,set6,alt2,20260910783
1782,1,set9,alt2,20260910783
1782,1,set11,alt2,20260910783
1782,1,set18,alt2,20260910783
1782,1,set19,alt2,20260910783
1782,1,set33,alt1,20260910783
1782,1,set35,alt2,20260910783
1782,1,set37,alt1,20260910783
1782,1,set41,alt2,20260910783
1782,1,set42,alt2,20260910783
1782,1,set48,alt2,20260910783
1783,1,set5,alt2,20260910784
1783,1,set6,alt2,20260910784
1783,1,set9,alt2,20260910784
1783,1,set11,alt2,20260910784
1783,1,set18,alt1,20260910784
1783,1,set19,alt2,20260910784
1783,1,set33,alt1,20260910784
1783,1,set35,alt2,20260910784
1783,1,set37,alt1,20260910784
1783,1,set41,alt1,20260910784
1783,1,set42,alt2,20260910784
1783,1,set48,alt2,20260910784
1784,1,set5,alt2,20260910785
1784,1,set6,alt1,20260910785
1784,1,set9,alt2,20260910785
1784,1,set11,alt2,20260910785
1784,1,set18,alt2,20260910785
1784,1,set19,alt2,20260910785
1784,1,set33,alt1,20260910785
1784,1,set35,alt2,20260910785
1784,1,set37,alt1,20260910785
1784,1,set41,alt1,20260910785
1784,1,set42,alt2,20260910785
1784,1,set48,alt2,20260910785
1785,4,set14,alt1,20260910786
1785,4,set15,alt2,20260910786
1785,4,set16,alt2,20260910786
1785,4,set17,alt2,20260910786
1785,4,set20,alt1,20260910786
1785,4,set21,alt1,20260910786
1785,4,set23,alt1,20260910786
1785,4,set26,alt1,20260910786
1785,4,set27,alt1,20260910786
1785,4,set32,alt1,20260910786
1785,4,set34,alt2,20260910786
1785,4,set43,alt2,20260910786
1786,3,set3,alt1,20260910787
1786,3,set4,alt2,20260910787
1786,3,set12,alt1,20260910787
1786,3,set22,alt1,20260910787
1786,3,set24,alt1,20260910787
1786,3,set25,alt1,20260910787
1786,3,set28,alt1,20260910787
1786,3,set29,alt1,20260910787
1786,3,set30,alt2,20260910787
1786,3,set31,alt2,20260910787
1786,3,set39,alt2,20260910787
1786,3,set47,alt2,20260910787
1787,2,set1,alt2,20260910788
1787,2,set2,alt1,20260910788
1787,2,set7,alt1,20260910788
1787,2,set8,alt1,20260910788
1787,2,set10,alt2,20260910788
1787,2,set13,alt1,20260910788
1787,2,set36,alt2,20260910788
1787,2,set38,alt2,20260910788
1787,2,set40,alt2,20260910788
1787,2,set44,alt1,20260910788
1787,2,set45,alt2,20260910788
1787,2,set46,alt1,20260910788
1788,2,set1,alt2,20260910789
1788,2,set2,alt1,20260910789
1788,2,set7,alt1,20260910789
1788,2,set8,alt1,20260910789
1788,2,set10,alt1,20260910789
1788,2,set13,alt1,20260910789
1788,2,set36,alt2,20260910789
1788,2,set38,alt2,20260910789
1788,2,set40,alt2,20260910789
1788,2,set44,alt1,20260910789
1788,2,set45,alt2,20260910789
1788,2,set46,alt1,20260910789
1789,4,set14,alt1,20260910790
1789,4,set15,alt2,20260910790
1789,4,set16,alt2,20260910790
1789,4,set17,alt2,20260910790
1789,4,set20,alt1,20260910790
1789,4,set21,alt1,20260910790
1789,4,set23,alt1,20260910790
1789,4,set26,alt1,20260910790
1789,4,set27,alt1,20260910790
1789,4,set32,alt1,20260910790
1789,4,set34,alt2,20260910790
1789,4,set43,alt2,20260910790
1790,2,set1,alt2,20260910791
1790,2,set2,alt1,20260910791
1790,2,set7,alt2,20260910791
1790,2,set8,alt1,20260910791
1790,2,set10,alt2,20260910791
1790,2,set13,alt1,20260910791
1790,2,set36,alt2,20260910791
1790,2,set38,alt1,20260910791
1790,2,set40,alt2,20260910791
1790,2,set44,alt2,20260910791
1790,2,set45,alt2,20260910791
1790,2,set46,alt2,20260910791
1791,2,set1,alt2,20260910792
1791,2,set2,alt1,20260910792
1791,2,set7,alt1,20260910792
1791,2,set8,alt1,20260910792
1791,2,set10,alt1,20260910792
1791,2,set13,alt1,20260910792
1791,2,set36,alt2,20260910792
1791,2,set38,alt2,20260910792
1791,2,set40,alt2,20260910792
1791,2,set44,alt1,20260910792
1791,2,set45,alt2,20260910792
1791,2,set46,alt1,20260910792
1792,3,set3,alt1,20260910793
1792,3,set4,alt2,20260910793
1792,3,set12,alt1,20260910793
1792,3,set22,alt1,20260910793
1792,3,set24,alt1,20260910793
1792,3,set25,alt1,20260910793
1792,3,set28,alt1,20260910793
1792,3,set29,alt1,20260910793
1792,3,set30,alt2,20260910793
1792,3,set31,alt2,20260910793
1792,3,set39,alt2,20260910793
1792,3,set47,alt2,20260910793
1793,3,set3,alt1,20260910794
1793,3,set4,alt2,20260910794
1793,3,set12,alt1,20260910794
1793,3,set22,alt1,20260910794
1793,3,set24,alt1,20260910794
1793,3,set25,alt1,20260910794
1793,3,set28,alt1,20260910794
1793,3,set29,alt1,20260910794
1793,3,set30,alt2,20260910794
1793,3,set31,alt2,20260910794
1793,3,set39,alt2,20260910794
1793,3,set47,alt2,20260910794
1794,2,set1,alt2,20260910795
1794,2,set2,alt1,20260910795
1794,2,set7,alt1,20260910795
1794,2,set8,alt1,20260910795
1794,2,set10,alt2,20260910795
1794,2,set13,alt1,20260910795
1794,2,set36,alt2,20260910795
1794,2,set38,alt2,20260910795
1794,2,set40,alt2,20260910795
1794,2,set44,alt1,20260910795
1794,2,set45,alt2,20260910795
1794,2,set46,alt1,20260910795
1795,2,set1,alt2,20260910796
1795,2,set2,alt1,20260910796
1795,2,set7,alt1,20260910796
1795,2,set8,alt1,20260910796
1795,2,set10,alt1,20260910796
1795,2,set13,alt1,20260910796
1795,2,set36,alt2,20260910796
1795,2,set38,alt2,20260910796
1795,2,set40,alt2,20260910796
1795,2,set44,alt1,20260910796
1795,2,set45,alt2,20260910796
1795,2,set46,alt1,20260910796
1796,1,set5,alt2,20260910797
1796,1,set6,alt1,20260910797
1796,1,set9,alt2,20260910797
1796,1,set11,alt2,20260910797
1796,1,set18,alt2,20260910797
1796,1,set19,alt2,20260910797
1796,1,set33,alt1,20260910797
1796,1,set35,alt2,20260910797
1796,1,set37,alt1,20260910797
1796,1,set41,alt1,20260910797
1796,1,set42,alt2,20260910797
1796,1,set48,alt2,20260910797
1797,2,set1,alt2,20260910798
1797,2,set2,alt1,20260910798
1797,2,set7,alt1,20260910798
1797,2,set8,alt1,20260910798
1797,2,set10,alt2,20260910798
1797,2,set13,alt1,20260910798
1797,2,set36,alt2,20260910798
1797,2,set38,alt2,20260910798
1797,2,set40,alt2,20260910798
1797,2,set44,alt1,20260910798
1797,2,set45,alt2,20260910798
1797,2,set46,alt1,20260910798
1798,3,set3,alt1,20260910799
1798,3,set4,alt2,20260910799
1798,3,set12,alt1,20260910799
1798,3,set22,alt1,20260910799
1798,3,set24,alt1,20260910799
1798,3,set25,alt1,20260910799
1798,3,set28,alt1,20260910799
1798,3,set29,alt1,20260910799
1798,3,set30,alt2,20260910799
1798,3,set31,alt2,20260910799
1798,3,set39,alt2,20260910799
1798,3,set47,alt2,20260910799
1799,4,set14,alt1,20260910800
1799,4,set15,alt1,20260910800
1799,4,set16,alt1,20260910800
1799,4,set17,alt1,20260910800
1799,4,set20,alt1,20260910800
1799,4,set21,alt1,20260910800
1799,4,set23,alt1,20260910800
1799,4,set26,alt1,20260910800
1799,4,set27,alt1,20260910800
1799,4,set32,alt1,20260910800
1799,4,set34,alt2,20260910800
1799,4,set43,alt1,20260910800
1800,3,set3,alt1,20260910801
1800,3,set4,alt2,20260910801
1800,3,set12,alt1,20260910801
1800,3,set22,alt1,20260910801
1800,3,set24,alt1,20260910801
1800,3,set25,alt1,20260910801
1800,3,set28,alt1,20260910801
1800,3,set29,alt1,20260910801
1800,3,set30,alt2,20260910801
1800,3,set31,alt2,20260910801
1800,3,set39,alt2,20260910801
1800,3,set47,alt2,20260910801
1801,2,set1,alt2,20260910802
1801,2,set2,alt1,20260910802
1801,2,set7,alt1,20260910802
1801,2,set8,alt1,20260910802
1801,2,set10,alt2,20260910802
1801,2,set13,alt1,20260910802
1801,2,set36,alt2,20260910802
1801,2,set38,alt2,20260910802
1801,2,set40,alt2,20260910802
1801,2,set44,alt1,20260910802
1801,2,set45,alt2,20260910802
1801,2,set46,alt1,20260910802
1802,4,set14,alt2,20260910803
1802,4,set15,alt2,20260910803
1802,4,set16,alt1,20260910803
1802,4,set17,alt1,20260910803
1802,4,set20,alt1,20260910803
1802,4,set21,alt2,20260910803
1802,4,set23,alt1,20260910803
1802,4,set26,alt1,20260910803
1802,4,set27,alt2,20260910803
1802,4,set32,alt1,20260910803
1802,4,set34,alt2,20260910803
1802,4,set43,alt2,20260910803
1803,4,set14,alt1,20260910804
1803,4,set15,alt2,20260910804
1803,4,set16,alt2,20260910804
1803,4,set17,alt2,20260910804
1803,4,set20,alt1,20260910804
1803,4,set21,alt1,20260910804
1803,4,set23,alt1,20260910804
1803,4,set26,alt1,20260910804
1803,4,set27,alt1,20260910804
1803,4,set32,alt1,20260910804
1803,4,set34,alt2,20260910804
1803,4,set43,alt2,20260910804
1804,1,set5,alt2,20260910805
1804,1,set6,alt2,20260910805
1804,1,set9,alt2,20260910805
1804,1,set11,alt2,20260910805
1804,1,set18,alt1,20260910805
1804,1,set19,alt2,20260910805
1804,1,set33,alt1,20260910805
1804,1,set35,alt2,20260910805
1804,1,set37,alt1,20260910805
1804,1,set41,alt1,20260910805
1804,1,set42,alt2,20260910805
1804,1,set48,alt2,20260910805
1805,3,set3,alt1,20260910806
1805,3,set4,alt2,20260910806
1805,3,set12,alt1,20260910806
1805,3,set22,alt1,20260910806
1805,3,set24,alt1,20260910806
1805,3,set25,alt1,20260910806
1805,3,set28,alt1,20260910806
1805,3,set29,alt1,20260910806
1805,3,set30,alt2,20260910806
1805,3,set31,alt2,20260910806
1805,3,set39,alt2,20260910806
1805,3,set47,alt2,20260910806
1806,1,set5,alt2,20260910807
1806,1,set6,alt2,20260910807
1806,1,set9,alt2,20260910807
1806,1,set11,alt2,20260910807
1806,1,set18,alt2,20260910807
1806,1,set19,alt2,20260910807
1806,1,set33,alt1,20260910807
1806,1,set35,alt2,20260910807
1806,1,set37,alt1,20260910807
1806,1,set41,alt2,20260910807
1806,1,set42,alt2,20260910807
1806,1,set48,alt2,20260910807
1807,1,set5,alt2,20260910808
1807,1,set6,alt1,20260910808
1807,1,set9,alt2,20260910808
1807,1,set11,alt2,20260910808
1807,1,set18,alt2,20260910808
1807,1,set19,alt2,20260910808
1807,1,set33,alt1,20260910808
1807,1,set35,alt2,20260910808
1807,1,set37,alt1,20260910808
1807,1,set41,alt1,20260910808
1807,1,set42,alt2,20260910808
1807,1,set48,alt2,20260910808
1808,3,set3,alt1,20260910809
1808,3,set4,alt2,20260910809
1808,3,set12,alt1,20260910809
1808,3,set22,alt1,20260910809
1808,3,set24,alt1,20260910809
1808,3,set25,alt1,20260910809
1808,3,set28,alt1,20260910809
1808,3,set29,alt1,20260910809
1808,3,set30,alt2,20260910809
1808,3,set31,alt2,20260910809
1808,3,set39,alt2,20260910809
1808,3,set47,alt2,20260910809
1809,1,set5,alt2,20260910810
1809,1,set6,alt2,20260910810
1809,1,set9,alt2,20260910810
1809,1,set11,alt2,20260910810
1809,1,set18,alt2,20260910810
1809,1,set19,alt2,20260910810
1809,1,set33,alt1,20260910810
1809,1,set35,alt2,20260910810
1809,1,set37,alt1,20260910810
1809,1,set41,alt2,20260910810
1809,1,set42,alt2,20260910810
1809,1,set48,alt2,20260910810
1810,2,set1,alt2,20260910811
1810,2,set2,alt1,20260910811
1810,2,set7,alt1,20260910811
1810,2,set8,alt1,20260910811
1810,2,set10,alt2,20260910811
1810,2,set13,alt1,20260910811
1810,2,set36,alt2,20260910811
1810,2,set38,alt2,20260910811
1810,2,set40,alt2,20260910811
1810,2,set44,alt1,20260910811
1810,2,set45,alt2,20260910811
1810,2,set46,alt1,20260910811
1811,3,set3,alt1,20260910812
1811,3,set4,alt2,20260910812
1811,3,set12,alt1,20260910812
1811,3,set22,alt1,20260910812
1811,3,set24,alt1,20260910812
1811,3,set25,alt1,20260910812
1811,3,set28,alt1,20260910812
1811,3,set29,alt1,20260910812
1811,3,set30,alt2,20260910812
1811,3,set31,alt2,20260910812
1811,3,set39,alt2,20260910812
1811,3,set47,alt2,20260910812
1812,3,set3,alt1,20260910813
1812,3,set4,alt2,20260910813
1812,3,set12,alt1,20260910813
1812,3,set22,alt1,20260910813
1812,3,set24,alt1,20260910813
1812,3,set25,alt1,20260910813
1812,3,set28,alt1,20260910813
1812,3,set29,alt1,20260910813
1812,3,set30,alt2,20260910813
1812,3,set31,alt2,20260910813
1812,3,set39,alt2,20260910813
1812,3,set47,alt2,20260910813
1813,1,set5,alt1,20260910814
1813,1,set6,alt1,20260910814
1813,1,set9,alt1,20260910814
1813,1,set11,alt2,20260910814
1813,1,set18,alt1,20260910814
1813,1,set19,alt1,20260910814
1813,1,set33,alt2,20260910814
1813,1,set35,alt2,20260910814
1813,1,set37,alt1,20260910814
1813,1,set41,alt1,20260910814
1813,1,set42,alt2,20260910814
1813,1,set48,alt2,20260910814
1814,2,set1,alt2,20260910815
1814,2,set2,alt1,20260910815
1814,2,set7,alt1,20260910815
1814,2,set8,alt1,20260910815
1814,2,set10,alt1,20260910815
1814,2,set13,alt1,20260910815
1814,2,set36,alt2,20260910815
1814,2,set38,alt2,20260910815
1814,2,set40,alt2,20260910815
1814,2,set44,alt1,20260910815
1814,2,set45,alt2,20260910815
1814,2,set46,alt1,20260910815
1815,2,set1,alt2,20260910816
1815,2,set2,alt1,20260910816
1815,2,set7,alt1,20260910816
1815,2,set8,alt1,20260910816
1815,2,set10,alt1,20260910816
1815,2,set13,alt1,20260910816
1815,2,set36,alt2,20260910816
1815,2,set38,alt2,20260910816
1815,2,set40,alt2,20260910816
1815,2,set44,alt1,20260910816
1815,2,set45,alt2,20260910816
1815,2,set46,alt1,20260910816
1816,3,set3,alt2,20260910817
1816,3,set4,alt1,20260910817
1816,3,set12,alt1,20260910817
1816,3,set22,alt2,20260910817
1816,3,set24,alt1,20260910817
1816,3,set25,alt2,20260910817
1816,3,set28,alt2,20260910817
1816,3,set29,alt1,20260910817
1816,3,set30,alt2,20260910817
1816,3,set31,alt1,20260910817
1816,3,set39,alt1,20260910817
1816,3,set47,alt2,20260910817
1817,1,set5,alt2,20260910818
1817,1,set6,alt1,20260910818
1817,1,set9,alt2,20260910818
1817,1,set11,alt2,20260910818
1817,1,set18,alt2,20260910818
1817,1,set19,alt2,20260910818
1817,1,set33,alt1,20260910818
1817,1,set35,alt2,20260910818
1817,1,set37,alt1,20260910818
1817,1,set41,alt1,20260910818
1817,1,set42,alt2,20260910818
1817,1,set48,alt2,20260910818
1818,3,set3,alt1,20260910819
1818,3,set4,alt2,20260910819
1818,3,set12,alt1,20260910819
1818,3,set22,alt1,20260910819
1818,3,set24,alt1,20260910819
1818,3,set25,alt1,20260910819
1818,3,set28,alt1,20260910819
1818,3,set29,alt1,20260910819
1818,3,set30,alt2,20260910819
1818,3,set31,alt2,20260910819
1818,3,set39,alt2,20260910819
1818,3,set47,alt2,20260910819
1819,2,set1,alt2,20260910820
1819,2,set2,alt1,20260910820
1819,2,set7,alt1,20260910820
1819,2,set8,alt1,20260910820
1819,2,set10,alt1,20260910820
1819,2,set13,alt1,20260910820
1819,2,set36,alt2,20260910820
1819,2,set38,alt2,20260910820
1819,2,set40,alt2,20260910820
1819,2,set44,alt1,20260910820
1819,2,set45,alt2,20260910820
1819,2,set46,alt1,20260910820
1820,1,set5,alt2,20260910821
1820,1,set6,alt2,20260910821
1820,1,set9,alt2,20260910821
1820,1,set11,alt2,20260910821
1820,1,set18,alt2,20260910821
1820,1,set19,alt2,20260910821
1820,1,set33,alt1,20260910821
1820,1,set35,alt2,20260910821
1820,1,set37,alt1,20260910821
1820,1,set41,alt2,20260910821
1820,1,set42,alt2,20260910821
1820,1,set48,alt2,20260910821
1821,1,set5,alt1,20260910822
1821,1,set6,alt1,20260910822
1821,1,set9,alt1,20260910822
1821,1,set11,alt2,20260910822
1821,1,set18,alt1,20260910822
1821,1,set19,alt1,20260910822
1821,1,set33,alt2,20260910822
1821,1,set35,alt2,20260910822
1821,1,set37,alt1,20260910822
1821,1,set41,alt1,20260910822
1821,1,set42,alt2,20260910822
1821,1,set48,alt2,20260910822
1822,1,set5,alt1,20260910823
1822,1,set6,alt1,20260910823
1822,1,set9,alt1,20260910823
1822,1,set11,alt2,20260910823
1822,1,set18,alt1,20260910823
1822,1,set19,alt1,20260910823
1822,1,set33,alt2,20260910823
1822,1,set35,alt2,20260910823
1822,1,set37,alt1,20260910823
1822,1,set41,alt1,20260910823
1822,1,set42,alt2,20260910823
1822,1,set48,alt2,20260910823
1823,3,set3,alt1,20260910824
1823,3,set4,alt2,20260910824
1823,3,set12,alt1,20260910824
1823,3,set22,alt1,20260910824
1823,3,set24,alt1,20260910824
1823,3,set25,alt1,20260910824
1823,3,set28,alt1,20260910824
1823,3,set29,alt1,20260910824
1823,3,set30,alt2,20260910824
1823,3,set31,alt2,20260910824
1823,3,set39,alt2,20260910824
1823,3,set47,alt2,20260910824
1824,3,set3,alt1,20260910825
1824,3,set4,alt2,20260910825
1824,3,set12,alt1,20260910825
1824,3,set22,alt1,20260910825
1824,3,set24,alt1,20260910825
1824,3,set25,alt1,20260910825
1824,3,set28,alt1,20260910825
1824,3,set29,alt1,20260910825
1824,3,set30,alt2,20260910825
1824,3,set31,alt2,20260910825
1824,3,set39,alt2,20260910825
1824,3,set47,alt2,20260910825
1825,1,set5,alt1,20260910826
1825,1,set6,alt2,20260910826
1825,1,set9,alt1,20260910826
1825,1,set11,alt2,20260910826
1825,1,set18,alt1,20260910826
1825,1,set19,alt2,20260910826
1825,1,set33,alt1,20260910826
1825,1,set35,alt2,20260910826
1825,1,set37,alt1,20260910826
1825,1,set41,alt1,20260910826
1825,1,set42,alt1,20260910826
1825,1,set48,alt2,20260910826
1826,1,set5,alt2,20260910827
1826,1,set6,alt1,20260910827
1826,1,set9,alt2,20260910827
1826,1,set11,alt2,20260910827
1826,1,set18,alt2,20260910827
1826,1,set19,alt2,20260910827
1826,1,set33,alt1,20260910827
1826,1,set35,alt2,20260910827
1826,1,set37,alt1,20260910827
1826,1,set41,alt1,20260910827
1826,1,set42,alt2,20260910827
1826,1,set48,alt2,20260910827
1827,4,set14,alt1,20260910828
1827,4,set15,alt2,20260910828
1827,4,set16,alt2,20260910828
1827,4,set17,alt2,20260910828
1827,4,set20,alt1,20260910828
1827,4,set21,alt1,20260910828
1827,4,set23,alt1,20260910828
1827,4,set26,alt1,20260910828
1827,4,set27,alt1,20260910828
1827,4,set32,alt1,20260910828
1827,4,set34,alt2,20260910828
1827,4,set43,alt2,20260910828
1828,1,set5,alt2,20260910829
1828,1,set6,alt1,20260910829
1828,1,set9,alt2,20260910829
1828,1,set11,alt2,20260910829
1828,1,set18,alt2,20260910829
1828,1,set19,alt2,20260910829
1828,1,set33,alt1,20260910829
1828,1,set35,alt2,20260910829
1828,1,set37,alt1,20260910829
1828,1,set41,alt1,20260910829
1828,1,set42,alt2,20260910829
1828,1,set48,alt2,20260910829
1829,3,set3,alt1,20260910830
1829,3,set4,alt2,20260910830
1829,3,set12,alt1,20260910830
1829,3,set22,alt1,20260910830
1829,3,set24,alt1,20260910830
1829,3,set25,alt1,20260910830
1829,3,set28,alt1,20260910830
1829,3,set29,alt1,20260910830
1829,3,set30,alt2,20260910830
1829,3,set31,alt2,20260910830
1829,3,set39,alt2,20260910830
1829,3,set47,alt2,20260910830
1830,3,set3,alt2,20260910831
1830,3,set4,alt2,20260910831
1830,3,set12,alt1,20260910831
1830,3,set22,alt2,20260910831
1830,3,set24,alt1,20260910831
1830,3,set25,alt1,20260910831
1830,3,set28,alt1,20260910831
1830,3,set29,alt1,20260910831
1830,3,set30,alt2,20260910831
1830,3,set31,alt2,20260910831
1830,3,set39,alt2,20260910831
1830,3,set47,alt2,20260910831
1831,2,set1,alt2,20260910832
1831,2,set2,alt1,20260910832
1831,2,set7,alt1,20260910832
1831,2,set8,alt1,20260910832
1831,2,set10,alt2,20260910832
1831,2,set13,alt1,20260910832
1831,2,set36,alt2,20260910832
1831,2,set38,alt2,20260910832
1831,2,set40,alt2,20260910832
1831,2,set44,alt1,20260910832
1831,2,set45,alt2,20260910832
1831,2,set46,alt1,20260910832
1832,3,set3,alt2,20260910833
1832,3,set4,alt2,20260910833
1832,3,set12,alt1,20260910833
1832,3,set22,alt2,20260910833
1832,3,set24,alt1,20260910833
1832,3,set25,alt1,20260910833
1832,3,set28,alt1,20260910833
1832,3,set29,alt1,20260910833
1832,3,set30,alt2,20260910833
1832,3,set31,alt2,20260910833
1832,3,set39,alt2,20260910833
1832,3,set47,alt2,20260910833
1833,4,set14,alt1,20260910834
1833,4,set15,alt2,20260910834
1833,4,set16,alt2,20260910834
1833,4,set17,alt2,20260910834
1833,4,set20,alt1,20260910834
1833,4,set21,alt1,20260910834
1833,4,set23,alt1,20260910834
1833,4,set26,alt1,20260910834
1833,4,set27,alt1,20260910834
1833,4,set32,alt1,20260910834
1833,4,set34,alt2,20260910834
1833,4,set43,alt2,20260910834
1834,4,set14,alt1,20260910835
1834,4,set15,alt2,20260910835
1834,4,set16,alt2,20260910835
1834,4,set17,alt2,20260910835
1834,4,set20,alt1,20260910835
1834,4,set21,alt1,20260910835
1834,4,set23,alt1,20260910835
1834,4,set26,alt1,20260910835
1834,4,set27,alt1,20260910835
1834,4,set32,alt1,20260910835
1834,4,set34,alt2,20260910835
1834,4,set43,alt2,20260910835
1835,3,set3,alt2,20260910836
1835,3,set4,alt1,20260910836
1835,3,set12,alt1,20260910836
1835,3,set22,alt2,20260910836
1835,3,set24,alt1,20260910836
1835,3,set25,alt2,20260910836
1835,3,set28,alt2,20260910836
1835,3,set29,alt1,20260910836
1835,3,set30,alt2,20260910836
1835,3,set31,alt1,20260910836
1835,3,set39,alt1,20260910836
1835,3,set47,alt2,20260910836
1836,3,set3,alt1,20260910837
1836,3,set4,alt2,20260910837
1836,3,set12,alt1,20260910837
1836,3,set22,alt1,20260910837
1836,3,set24,alt1,20260910837
1836,3,set25,alt1,20260910837
1836,3,set28,alt1,20260910837
1836,3,set29,alt1,20260910837
1836,3,set30,alt2,20260910837
1836,3,set31,alt2,20260910837
1836,3,set39,alt2,20260910837
1836,3,set47,alt2,20260910837
1837,4,set14,alt1,20260910838
1837,4,set15,alt2,20260910838
1837,4,set16,alt2,20260910838
1837,4,set17,alt2,20260910838
1837,4,set20,alt1,20260910838
1837,4,set21,alt1,20260910838
1837,4,set23,alt1,20260910838
1837,4,set26,alt1,20260910838
1837,4,set27,alt1,20260910838
1837,4,set32,alt1,20260910838
1837,4,set34,alt2,20260910838
1837,4,set43,alt2,20260910838
1838,2,set1,alt2,20260910839
1838,2,set2,alt1,20260910839
1838,2,set7,alt1,20260910839
1838,2,set8,alt1,20260910839
1838,2,set10,alt1,20260910839
1838,2,set13,alt1,20260910839
1838,2,set36,alt2,20260910839
1838,2,set38,alt2,20260910839
1838,2,set40,alt2,20260910839
1838,2,set44,alt1,20260910839
1838,2,set45,alt2,20260910839
1838,2,set46,alt1,20260910839
1839,3,set3,alt1,20260910840
1839,3,set4,alt2,20260910840
1839,3,set12,alt1,20260910840
1839,3,set22,alt1,20260910840
1839,3,set24,alt1,20260910840
1839,3,set25,alt1,20260910840
1839,3,set28,alt1,20260910840
1839,3,set29,alt1,20260910840
1839,3,set30,alt2,20260910840
1839,3,set31,alt2,20260910840
1839,3,set39,alt2,20260910840
1839,3,set47,alt2,20260910840
1840,1,set5,alt2,20260910841
1840,1,set6,alt1,20260910841
1840,1,set9,alt2,20260910841
1840,1,set11,alt2,20260910841
1840,1,set18,alt2,20260910841
1840,1,set19,alt2,20260910841
1840,1,set33,alt1,20260910841
1840,1,set35,alt2,20260910841
1840,1,set37,alt1,20260910841
1840,1,set41,alt1,20260910841
1840,1,set42,alt2,20260910841
1840,1,set48,alt2,20260910841
1841,3,set3,alt1,20260910842
1841,3,set4,alt2,20260910842
1841,3,set12,alt1,20260910842
1841,3,set22,alt1,20260910842
1841,3,set24,alt1,20260910842
1841,3,set25,alt1,20260910842
1841,3,set28,alt1,20260910842
1841,3,set29,alt1,20260910842
1841,3,set30,alt2,20260910842
1841,3,set31,alt2,20260910842
1841,3,set39,alt2,20260910842
1841,3,set47,alt2,20260910842
1842,4,set14,alt1,20260910843
1842,4,set15,alt1,20260910843
1842,4,set16,alt1,20260910843
1842,4,set17,alt1,20260910843
1842,4,set20,alt1,20260910843
1842,4,set21,alt1,20260910843
1842,4,set23,alt1,20260910843
1842,4,set26,alt1,20260910843
1842,4,set27,alt1,20260910843
1842,4,set32,alt1,20260910843
1842,4,set34,alt2,20260910843
1842,4,set43,alt1,20260910843
1843,4,set14,alt1,20260910844
1843,4,set15,alt1,20260910844
1843,4,set16,alt1,20260910844
1843,4,set17,alt1,20260910844
1843,4,set20,alt1,20260910844
1843,4,set21,alt1,20260910844
1843,4,set23,alt1,20260910844
1843,4,set26,alt1,20260910844
1843,4,set27,alt1,20260910844
1843,4,set32,alt1,20260910844
1843,4,set34,alt2,20260910844
1843,4,set43,alt1,20260910844
1844,3,set3,alt1,20260910845
1844,3,set4,alt2,20260910845
1844,3,set12,alt1,20260910845
1844,3,set22,alt1,20260910845
1844,3,set24,alt1,20260910845
1844,3,set25,alt1,20260910845
1844,3,set28,alt1,20260910845
1844,3,set29,alt1,20260910845
1844,3,set30,alt2,20260910845
1844,3,set31,alt2,20260910845
1844,3,set39,alt2,20260910845
1844,3,set47,alt2,20260910845
1845,1,set5,alt2,20260910846
1845,1,set6,alt2,20260910846
1845,1,set9,alt2,20260910846
1845,1,set11,alt2,20260910846
1845,1,set18,alt2,20260910846
1845,1,set19,alt2,20260910846
1845,1,set33,alt1,20260910846
1845,1,set35,alt2,20260910846
1845,1,set37,alt1,20260910846
1845,1,set41,alt2,20260910846
1845,1,set42,alt2,20260910846
1845,1,set48,alt2,20260910846
1846,2,set1,alt2,20260910847
1846,2,set2,alt1,20260910847
1846,2,set7,alt2,20260910847
1846,2,set8,alt1,20260910847
1846,2,set10,alt2,20260910847
1846,2,set13,alt1,20260910847
1846,2,set36,alt2,20260910847
1846,2,set38,alt1,20260910847
1846,2,set40,alt2,20260910847
1846,2,set44,alt2,20260910847
1846,2,set45,alt2,20260910847
1846,2,set46,alt2,20260910847
1847,4,set14,alt1,20260910848
1847,4,set15,alt2,20260910848
1847,4,set16,alt2,20260910848
1847,4,set17,alt2,20260910848
1847,4,set20,alt1,20260910848
1847,4,set21,alt1,20260910848
1847,4,set23,alt1,20260910848
1847,4,set26,alt1,20260910848
1847,4,set27,alt1,20260910848
1847,4,set32,alt1,20260910848
1847,4,set34,alt2,20260910848
1847,4,set43,alt2,20260910848
1848,4,set14,alt2,20260910849
1848,4,set15,alt2,20260910849
1848,4,set16,alt1,20260910849
1848,4,set17,alt1,20260910849
1848,4,set20,alt1,20260910849
1848,4,set21,alt1,20260910849
1848,4,set23,alt1,20260910849
1848,4,set26,alt1,20260910849
1848,4,set27,alt2,20260910849
1848,4,set32,alt1,20260910849
1848,4,set34,alt2,20260910849
1848,4,set43,alt1,20260910849
1849,2,set1,alt2,20260910850
1849,2,set2,alt1,20260910850
1849,2,set7,alt1,20260910850
1849,2,set8,alt1,20260910850
1849,2,set10,alt2,20260910850
1849,2,set13,alt1,20260910850
1849,2,set36,alt2,20260910850
1849,2,set38,alt2,20260910850
1849,2,set40,alt2,20260910850
1849,2,set44,alt1,20260910850
1849,2,set45,alt2,20260910850
1849,2,set46,alt1,20260910850
1850,1,set5,alt2,20260910851
1850,1,set6,alt2,20260910851
1850,1,set9,alt2,20260910851
1850,1,set11,alt2,20260910851
1850,1,set18,alt1,20260910851
1850,1,set19,alt2,20260910851
1850,1,set33,alt1,20260910851
1850,1,set35,alt2,20260910851
1850,1,set37,alt1,20260910851
1850,1,set41,alt1,20260910851
1850,1,set42,alt2,20260910851
1850,1,set48,alt2,20260910851
1851,4,set14,alt1,20260910852
1851,4,set15,alt2,20260910852
1851,4,set16,alt2,20260910852
1851,4,set17,alt2,20260910852
1851,4,set20,alt1,20260910852
1851,4,set21,alt1,20260910852
1851,4,set23,alt1,20260910852
1851,4,set26,alt1,20260910852
1851,4,set27,alt1,20260910852
1851,4,set32,alt1,20260910852
1851,4,set34,alt2,20260910852
1851,4,set43,alt2,20260910852
1852,1,set5,alt1,20260910853
1852,1,set6,alt1,20260910853
1852,1,set9,alt1,20260910853
1852,1,set11,alt2,20260910853
1852,1,set18,alt1,20260910853
1852,1,set19,alt1,20260910853
1852,1,set33,alt2,20260910853
1852,1,set35,alt2,20260910853
1852,1,set37,alt1,20260910853
1852,1,set41,alt1,20260910853
1852,1,set42,alt2,20260910853
1852,1,set48,alt2,20260910853
1853,1,set5,alt2,20260910854
1853,1,set6,alt2,20260910854
1853,1,set9,alt2,20260910854
1853,1,set11,alt2,20260910854
1853,1,set18,alt2,20260910854
1853,1,set19,alt2,20260910854
1853,1,set33,alt1,20260910854
1853,1,set35,alt2,20260910854
1853,1,set37,alt1,20260910854
1853,1,set41,alt2,20260910854
1853,1,set42,alt2,20260910854
1853,1,set48,alt2,20260910854
1854,3,set3,alt1,20260910855
1854,3,set4,alt2,20260910855
1854,3,set12,alt1,20260910855
1854,3,set22,alt1,20260910855
1854,3,set24,alt1,20260910855
1854,3,set25,alt1,20260910855
1854,3,set28,alt1,20260910855
1854,3,set29,alt1,20260910855
1854,3,set30,alt2,20260910855
1854,3,set31,alt2,20260910855
1854,3,set39,alt2,20260910855
1854,3,set47,alt2,20260910855
1855,2,set1,alt2,20260910856
1855,2,set2,alt1,20260910856
1855,2,set7,alt1,20260910856
1855,2,set8,alt1,20260910856
1855,2,set10,alt2,20260910856
1855,2,set13,alt1,20260910856
1855,2,set36,alt2,20260910856
1855,2,set38,alt2,20260910856
1855,2,set40,alt2,20260910856
1855,2,set44,alt2,20260910856
1855,2,set45,alt2,20260910856
1855,2,set46,alt2,20260910856
1856,1,set5,alt2,20260910857
1856,1,set6,alt2,20260910857
1856,1,set9,alt2,20260910857
1856,1,set11,alt2,20260910857
1856,1,set18,alt1,20260910857
1856,1,set19,alt2,20260910857
1856,1,set33,alt1,20260910857
1856,1,set35,alt2,20260910857
1856,1,set37,alt1,20260910857
1856,1,set41,alt1,20260910857
1856,1,set42,alt2,20260910857
1856,1,set48,alt2,20260910857
1857,1,set5,alt2,20260910858
1857,1,set6,alt1,20260910858
1857,1,set9,alt2,20260910858
1857,1,set11,alt2,20260910858
1857,1,set18,alt2,20260910858
1857,1,set19,alt2,20260910858
1857,1,set33,alt1,20260910858
1857,1,set35,alt2,20260910858
1857,1,set37,alt1,20260910858
1857,1,set41,alt1,20260910858
1857,1,set42,alt2,20260910858
1857,1,set48,alt2,20260910858
1858,2,set1,alt2,20260910859
1858,2,set2,alt1,20260910859
1858,2,set7,alt1,20260910859
1858,2,set8,alt1,20260910859
1858,2,set10,alt2,20260910859
1858,2,set13,alt1,20260910859
1858,2,set36,alt2,20260910859
1858,2,set38,alt2,20260910859
1858,2,set40,alt2,20260910859
1858,2,set44,alt1,20260910859
1858,2,set45,alt2,20260910859
1858,2,set46,alt1,20260910859
1859,4,set14,alt1,20260910860
1859,4,set15,alt2,20260910860
1859,4,set16,alt2,20260910860
1859,4,set17,alt2,20260910860
1859,4,set20,alt1,20260910860
1859,4,set21,alt1,20260910860
1859,4,set23,alt1,20260910860
1859,4,set26,alt1,20260910860
1859,4,set27,alt1,20260910860
1859,4,set32,alt1,20260910860
1859,4,set34,alt2,20260910860
1859,4,set43,alt2,20260910860
1860,4,set14,alt2,20260910861
1860,4,set15,alt2,20260910861
1860,4,set16,alt1,20260910861
1860,4,set17,alt1,20260910861
1860,4,set20,alt1,20260910861
1860,4,set21,alt2,20260910861
1860,4,set23,alt1,20260910861
1860,4,set26,alt1,20260910861
1860,4,set27,alt2,20260910861
1860,4,set32,alt1,20260910861
1860,4,set34,alt2,20260910861
1860,4,set43,alt2,20260910861
1861,4,set14,alt1,20260910862
1861,4,set15,alt2,20260910862
1861,4,set16,alt1,20260910862
1861,4,set17,alt2,20260910862
1861,4,set20,alt1,20260910862
1861,4,set21,alt1,20260910862
1861,4,set23,alt1,20260910862
1861,4,set26,alt1,20260910862
1861,4,set27,alt1,20260910862
1861,4,set32,alt1,20260910862
1861,4,set34,alt1,20260910862
1861,4,set43,alt1,20260910862
1862,4,set14,alt1,20260910863
1862,4,set15,alt2,20260910863
1862,4,set16,alt2,20260910863
1862,4,set17,alt2,20260910863
1862,4,set20,alt1,20260910863
1862,4,set21,alt1,20260910863
1862,4,set23,alt1,20260910863
1862,4,set26,alt1,20260910863
1862,4,set27,alt1,20260910863
1862,4,set32,alt1,20260910863
1862,4,set34,alt2,20260910863
1862,4,set43,alt2,20260910863
1863,3,set3,alt1,20260910864
1863,3,set4,alt2,20260910864
1863,3,set12,alt1,20260910864
1863,3,set22,alt1,20260910864
1863,3,set24,alt1,20260910864
1863,3,set25,alt1,20260910864
1863,3,set28,alt1,20260910864
1863,3,set29,alt1,20260910864
1863,3,set30,alt2,20260910864
1863,3,set31,alt2,20260910864
1863,3,set39,alt2,20260910864
1863,3,set47,alt2,20260910864
1864,3,set3,alt1,20260910865
1864,3,set4,alt2,20260910865
1864,3,set12,alt1,20260910865
1864,3,set22,alt1,20260910865
1864,3,set24,alt1,20260910865
1864,3,set25,alt1,20260910865
1864,3,set28,alt1,20260910865
1864,3,set29,alt1,20260910865
1864,3,set30,alt2,20260910865
1864,3,set31,alt2,20260910865
1864,3,set39,alt2,20260910865
1864,3,set47,alt2,20260910865
1865,4,set14,alt1,20260910866
1865,4,set15,alt2,20260910866
1865,4,set16,alt2,20260910866
1865,4,set17,alt2,20260910866
1865,4,set20,alt1,20260910866
1865,4,set21,alt1,20260910866
1865,4,set23,alt1,20260910866
1865,4,set26,alt1,20260910866
1865,4,set27,alt1,20260910866
1865,4,set32,alt1,20260910866
1865,4,set34,alt2,20260910866
1865,4,set43,alt2,20260910866
1866,4,set14,alt1,20260910867
1866,4,set15,alt2,20260910867
1866,4,set16,alt2,20260910867
1866,4,set17,alt2,20260910867
1866,4,set20,alt1,20260910867
1866,4,set21,alt1,20260910867
1866,4,set23,alt1,20260910867
1866,4,set26,alt1,20260910867
1866,4,set27,alt1,20260910867
1866,4,set32,alt1,20260910867
1866,4,set34,alt2,20260910867
1866,4,set43,alt2,20260910867
1867,4,set14,alt1,20260910868
1867,4,set15,alt2,20260910868
1867,4,set16,alt2,20260910868
1867,4,set17,alt2,20260910868
1867,4,set20,alt1,20260910868
1867,4,set21,alt1,20260910868
1867,4,set23,alt1,20260910868
1867,4,set26,alt1,20260910868
1867,4,set27,alt1,20260910868
1867,4,set32,alt1,20260910868
1867,4,set34,alt2,20260910868
1867,4,set43,alt2,20260910868
1868,2,set1,alt2,20260910869
1868,2,set2,alt1,20260910869
1868,2,set7,alt1,20260910869
1868,2,set8,alt1,20260910869
1868,2,set10,alt1,20260910869
1868,2,set13,alt1,20260910869
1868,2,set36,alt2,20260910869
1868,2,set38,alt2,20260910869
1868,2,set40,alt2,20260910869
1868,2,set44,alt1,20260910869
1868,2,set45,alt2,20260910869
1868,2,set46,alt1,20260910869
1869,1,set5,alt1,20260910870
1869,1,set6,alt2,20260910870
1869,1,set9,alt1,20260910870
1869,1,set11,alt2,20260910870
1869,1,set18,alt1,20260910870
1869,1,set19,alt2,20260910870
1869,1,set33,alt1,20260910870
1869,1,set35,alt2,20260910870
1869,1,set37,alt1,20260910870
1869,1,set41,alt1,20260910870
1869,1,set42,alt1,20260910870
1869,1,set48,alt2,20260910870
1870,4,set14,alt1,20260910871
1870,4,set15,alt2,20260910871
1870,4,set16,alt2,20260910871
1870,4,set17,alt2,20260910871
1870,4,set20,alt1,20260910871
1870,4,set21,alt1,20260910871
1870,4,set23,alt1,20260910871
1870,4,set26,alt1,20260910871
1870,4,set27,alt1,20260910871
1870,4,set32,alt1,20260910871
1870,4,set34,alt2,20260910871
1870,4,set43,alt2,20260910871
1871,3,set3,alt1,20260910872
1871,3,set4,alt2,20260910872
1871,3,set12,alt1,20260910872
1871,3,set22,alt1,20260910872
1871,3,set24,alt1,20260910872
1871,3,set25,alt1,20260910872
1871,3,set28,alt1,20260910872
1871,3,set29,alt1,20260910872
1871,3,set30,alt2,20260910872
1871,3,set31,alt2,20260910872
1871,3,set39,alt2,20260910872
1871,3,set47,alt2,20260910872
1872,4,set14,alt1,20260910873
1872,4,set15,alt1,20260910873
1872,4,set16,alt1,20260910873
1872,4,set17,alt1,20260910873
1872,4,set20,alt1,20260910873
1872,4,set21,alt1,20260910873
1872,4,set23,alt1,20260910873
1872,4,set26,alt1,20260910873
1872,4,set27,alt1,20260910873
1872,4,set32,alt1,20260910873
1872,4,set34,alt2,20260910873
1872,4,set43,alt1,20260910873
1873,1,set5,alt2,20260910874
1873,1,set6,alt2,20260910874
1873,1,set9,alt2,20260910874
1873,1,set11,alt2,20260910874
1873,1,set18,alt2,20260910874
1873,1,set19,alt2,20260910874
1873,1,set33,alt1,20260910874
1873,1,set35,alt2,20260910874
1873,1,set37,alt1,20260910874
1873,1,set41,alt2,20260910874
1873,1,set42,alt2,20260910874
1873,1,set48,alt2,20260910874
1874,1,set5,alt2,20260910875
1874,1,set6,alt1,20260910875
1874,1,set9,alt2,20260910875
1874,1,set11,alt2,20260910875
1874,1,set18,alt2,20260910875
1874,1,set19,alt2,20260910875
1874,1,set33,alt1,20260910875
1874,1,set35,alt2,20260910875
1874,1,set37,alt1,20260910875
1874,1,set41,alt1,20260910875
1874,1,set42,alt2,20260910875
1874,1,set48,alt2,20260910875
1875,4,set14,alt1,20260910876
1875,4,set15,alt2,20260910876
1875,4,set16,alt2,20260910876
1875,4,set17,alt2,20260910876
1875,4,set20,alt1,20260910876
1875,4,set21,alt1,20260910876
1875,4,set23,alt1,20260910876
1875,4,set26,alt1,20260910876
1875,4,set27,alt1,20260910876
1875,4,set32,alt1,20260910876
1875,4,set34,alt2,20260910876
1875,4,set43,alt2,20260910876
1876,1,set5,alt1,20260910877
1876,1,set6,alt2,20260910877
1876,1,set9,alt1,20260910877
1876,1,set11,alt2,20260910877
1876,1,set18,alt2,20260910877
1876,1,set19,alt2,20260910877
1876,1,set33,alt1,20260910877
1876,1,set35,alt2,20260910877
1876,1,set37,alt1,20260910877
1876,1,set41,alt1,20260910877
1876,1,set42,alt1,20260910877
1876,1,set48,alt2,20260910877
1877,1,set5,alt2,20260910878
1877,1,set6,alt1,20260910878
1877,1,set9,alt2,20260910878
1877,1,set11,alt2,20260910878
1877,1,set18,alt2,20260910878
1877,1,set19,alt2,20260910878
1877,1,set33,alt1,20260910878
1877,1,set35,alt2,20260910878
1877,1,set37,alt1,20260910878
1877,1,set41,alt1,20260910878
1877,1,set42,alt2,20260910878
1877,1,set48,alt2,20260910878
1878,3,set3,alt1,20260910879
1878,3,set4,alt2,20260910879
1878,3,set12,alt1,20260910879
1878,3,set22,alt1,20260910879
1878,3,set24,alt1,20260910879
1878,3,set25,alt1,20260910879
1878,3,set28,alt1,20260910879
1878,3,set29,alt1,20260910879
1878,3,set30,alt2,20260910879
1878,3,set31,alt2,20260910879
1878,3,set39,alt2,20260910879
1878,3,set47,alt2,20260910879
1879,3,set3,alt1,20260910880
1879,3,set4,alt2,20260910880
1879,3,set12,alt1,20260910880
1879,3,set22,alt1,20260910880
1879,3,set24,alt1,20260910880
1879,3,set25,alt1,20260910880
1879,3,set28,alt1,20260910880
1879,3,set29,alt1,20260910880
1879,3,set30,alt2,20260910880
1879,3,set31,alt2,20260910880
1879,3,set39,alt2,20260910880
1879,3,set47,alt2,20260910880
1880,4,set14,alt1,20260910881
1880,4,set15,alt1,20260910881
1880,4,set16,alt1,20260910881
1880,4,set17,alt1,20260910881
1880,4,set20,alt1,20260910881
1880,4,set21,alt1,20260910881
1880,4,set23,alt1,20260910881
1880,4,set26,alt1,20260910881
1880,4,set27,alt1,20260910881
1880,4,set32,alt1,20260910881
1880,4,set34,alt2,20260910881
1880,4,set43,alt1,20260910881
1881,4,set14,alt1,20260910882
1881,4,set15,alt2,20260910882
1881,4,set16,alt2,20260910882
1881,4,set17,alt2,20260910882
1881,4,set20,alt1,20260910882
1881,4,set21,alt1,20260910882
1881,4,set23,alt1,20260910882
1881,4,set26,alt1,20260910882
1881,4,set27,alt1,20260910882
1881,4,set32,alt1,20260910882
1881,4,set34,alt2,20260910882
1881,4,set43,alt2,20260910882
1882,1,set5,alt2,20260910883
1882,1,set6,alt1,20260910883
1882,1,set9,alt2,20260910883
1882,1,set11,alt2,20260910883
1882,1,set18,alt2,20260910883
1882,1,set19,alt2,20260910883
1882,1,set33,alt1,20260910883
1882,1,set35,alt2,20260910883
1882,1,set37,alt1,20260910883
1882,1,set41,alt1,20260910883
1882,1,set42,alt2,20260910883
1882,1,set48,alt2,20260910883
1883,2,set1,alt2,20260910884
1883,2,set2,alt1,20260910884
1883,2,set7,alt2,20260910884
1883,2,set8,alt1,20260910884
1883,2,set10,alt2,20260910884
1883,2,set13,alt1,20260910884
1883,2,set36,alt2,20260910884
1883,2,set38,alt1,20260910884
1883,2,set40,alt2,20260910884
1883,2,set44,alt2,20260910884
1883,2,set45,alt2,20260910884
1883,2,set46,alt2,20260910884
1884,2,set1,alt2,20260910885
1884,2,set2,alt1,20260910885
1884,2,set7,alt1,20260910885
1884,2,set8,alt1,20260910885
1884,2,set10,alt1,20260910885
1884,2,set13,alt1,20260910885
1884,2,set36,alt2,20260910885
1884,2,set38,alt2,20260910885
1884,2,set40,alt2,20260910885
1884,2,set44,alt1,20260910885
1884,2,set45,alt2,20260910885
1884,2,set46,alt1,20260910885
1885,4,set14,alt1,20260910886
1885,4,set15,alt1,20260910886
1885,4,set16,alt1,20260910886
1885,4,set17,alt1,20260910886
1885,4,set20,alt1,20260910886
1885,4,set21,alt1,20260910886
1885,4,set23,alt1,20260910886
1885,4,set26,alt1,20260910886
1885,4,set27,alt1,20260910886
1885,4,set32,alt1,20260910886
1885,4,set34,alt2,20260910886
1885,4,set43,alt1,20260910886
1886,3,set3,alt1,20260910887
1886,3,set4,alt2,20260910887
1886,3,set12,alt1,20260910887
1886,3,set22,alt1,20260910887
1886,3,set24,alt1,20260910887
1886,3,set25,alt1,20260910887
1886,3,set28,alt1,20260910887
1886,3,set29,alt1,20260910887
1886,3,set30,alt2,20260910887
1886,3,set31,alt2,20260910887
1886,3,set39,alt2,20260910887
1886,3,set47,alt2,20260910887
1887,3,set3,alt1,20260910888
1887,3,set4,alt2,20260910888
1887,3,set12,alt1,20260910888
1887,3,set22,alt1,20260910888
1887,3,set24,alt1,20260910888
1887,3,set25,alt1,20260910888
1887,3,set28,alt1,20260910888
1887,3,set29,alt1,20260910888
1887,3,set30,alt2,20260910888
1887,3,set31,alt2,20260910888
1887,3,set39,alt2,20260910888
1887,3,set47,alt2,20260910888
1888,1,set5,alt1,20260910889
1888,1,set6,alt1,20260910889
1888,1,set9,alt1,20260910889
1888,1,set11,alt2,20260910889
1888,1,set18,alt1,20260910889
1888,1,set19,alt1,20260910889
1888,1,set33,alt2,20260910889
1888,1,set35,alt2,20260910889
1888,1,set37,alt1,20260910889
1888,1,set41,alt1,20260910889
1888,1,set42,alt2,20260910889
1888,1,set48,alt2,20260910889
1889,1,set5,alt2,20260910890
1889,1,set6,alt2,20260910890
1889,1,set9,alt2,20260910890
1889,1,set11,alt2,20260910890
1889,1,set18,alt1,20260910890
1889,1,set19,alt2,20260910890
1889,1,set33,alt1,20260910890
1889,1,set35,alt2,20260910890
1889,1,set37,alt1,20260910890
1889,1,set41,alt1,20260910890
1889,1,set42,alt2,20260910890
1889,1,set48,alt2,20260910890
1890,4,set14,alt1,20260910891
1890,4,set15,alt1,20260910891
1890,4,set16,alt1,20260910891
1890,4,set17,alt1,20260910891
1890,4,set20,alt1,20260910891
1890,4,set21,alt1,20260910891
1890,4,set23,alt1,20260910891
1890,4,set26,alt1,20260910891
1890,4,set27,alt1,20260910891
1890,4,set32,alt1,20260910891
1890,4,set34,alt2,20260910891
1890,4,set43,alt1,20260910891
1891,1,set5,alt2,20260910892
1891,1,set6,alt2,20260910892
1891,1,set9,alt2,20260910892
1891,1,set11,alt2,20260910892
1891,1,set18,alt2,20260910892
1891,1,set19,alt2,20260910892
1891,1,set33,alt1,20260910892
1891,1,set35,alt2,20260910892
1891,1,set37,alt1,20260910892
1891,1,set41,alt2,20260910892
1891,1,set42,alt2,20260910892
1891,1,set48,alt2,20260910892
1892,1,set5,alt2,20260910893
1892,1,set6,alt2,20260910893
1892,1,set9,alt2,20260910893
1892,1,set11,alt2,20260910893
1892,1,set18,alt2,20260910893
1892,1,set19,alt2,20260910893
1892,1,set33,alt1,20260910893
1892,1,set35,alt2,20260910893
1892,1,set37,alt1,20260910893
1892,1,set41,alt2,20260910893
1892,1,set42,alt2,20260910893
1892,1,set48,alt2,20260910893
1893,2,set1,alt2,20260910894
1893,2,set2,alt1,20260910894
1893,2,set7,alt1,20260910894
1893,2,set8,alt1,20260910894
1893,2,set10,alt1,20260910894
1893,2,set13,alt1,20260910894
1893,2,set36,alt2,20260910894
1893,2,set38,alt2,20260910894
1893,2,set40,alt2,20260910894
1893,2,set44,alt1,20260910894
1893,2,set45,alt2,20260910894
1893,2,set46,alt1,20260910894
1894,4,set14,alt1,20260910895
1894,4,set15,alt2,20260910895
1894,4,set16,alt2,20260910895
1894,4,set17,alt2,20260910895
1894,4,set20,alt1,20260910895
1894,4,set21,alt1,20260910895
1894,4,set23,alt1,20260910895
1894,4,set26,alt1,20260910895
1894,4,set27,alt1,20260910895
1894,4,set32,alt1,20260910895
1894,4,set34,alt2,20260910895
1894,4,set43,alt2,20260910895
1895,1,set5,alt1,20260910896
1895,1,set6,alt1,20260910896
1895,1,set9,alt1,20260910896
1895,1,set11,alt2,20260910896
1895,1,set18,alt1,20260910896
1895,1,set19,alt1,20260910896
1895,1,set33,alt2,20260910896
1895,1,set35,alt2,20260910896
1895,1,set37,alt1,20260910896
1895,1,set41,alt1,20260910896
1895,1,set42,alt2,20260910896
1895,1,set48,alt2,20260910896
1896,3,set3,alt1,20260910897
1896,3,set4,alt2,20260910897
1896,3,set12,alt1,20260910897
1896,3,set22,alt1,20260910897
1896,3,set24,alt1,20260910897
1896,3,set25,alt1,20260910897
1896,3,set28,alt1,20260910897
1896,3,set29,alt1,20260910897
1896,3,set30,alt2,20260910897
1896,3,set31,alt2,20260910897
1896,3,set39,alt2,20260910897
1896,3,set47,alt2,20260910897
1897,1,set5,alt2,20260910898
1897,1,set6,alt1,20260910898
1897,1,set9,alt2,20260910898
1897,1,set11,alt2,20260910898
1897,1,set18,alt2,20260910898
1897,1,set19,alt2,20260910898
1897,1,set33,alt1,20260910898
1897,1,set35,alt2,20260910898
1897,1,set37,alt1,20260910898
1897,1,set41,alt1,20260910898
1897,1,set42,alt2,20260910898
1897,1,set48,alt2,20260910898
1898,3,set3,alt2,20260910899
1898,3,set4,alt1,20260910899
1898,3,set12,alt1,20260910899
1898,3,set22,alt2,20260910899
1898,3,set24,alt1,20260910899
1898,3,set25,alt2,20260910899
1898,3,set28,alt2,20260910899
1898,3,set29,alt1,20260910899
1898,3,set30,alt2,20260910899
1898,3,set31,alt1,20260910899
1898,3,set39,alt1,20260910899
1898,3,set47,alt2,20260910899
1899,1,set5,alt2,20260910900
1899,1,set6,alt2,20260910900
1899,1,set9,alt2,20260910900
1899,1,set11,alt2,20260910900
1899,1,set18,alt2,20260910900
1899,1,set19,alt2,20260910900
1899,1,set33,alt1,20260910900
1899,1,set35,alt2,20260910900
1899,1,set37,alt1,20260910900
1899,1,set41,alt2,20260910900
1899,1,set42,alt2,20260910900
1899,1,set48,alt2,20260910900
1900,4,set14,alt2,20260910901
1900,4,set15,alt2,20260910901
1900,4,set16,alt1,20260910901
1900,4,set17,alt1,20260910901
1900,4,set20,alt1,20260910901
1900,4,set21,alt1,20260910901
1900,4,set23,alt1,20260910901
1900,4,set26,alt1,20260910901
1900,4,set27,alt2,20260910901
1900,4,set32,alt1,20260910901
1900,4,set34,alt2,20260910901
1900,4,set43,alt1,20260910901
1901,3,set3,alt2,20260910902
1901,3,set4,alt1,20260910902
1901,3,set12,alt1,20260910902
1901,3,set22,alt2,20260910902
1901,3,set24,alt1,20260910902
1901,3,set25,alt2,20260910902
1901,3,set28,alt2,20260910902
1901,3,set29,alt1,20260910902
1901,3,set30,alt2,20260910902
1901,3,set31,alt1,20260910902
1901,3,set39,alt1,20260910902
1901,3,set47,alt2,20260910902
1902,4,set14,alt2,20260910903
1902,4,set15,alt2,20260910903
1902,4,set16,alt1,20260910903
1902,4,set17,alt1,20260910903
1902,4,set20,alt1,20260910903
1902,4,set21,alt1,20260910903
1902,4,set23,alt1,20260910903
1902,4,set26,alt1,20260910903
1902,4,set27,alt2,20260910903
1902,4,set32,alt1,20260910903
1902,4,set34,alt2,20260910903
1902,4,set43,alt1,20260910903
1903,1,set5,alt2,20260910904
1903,1,set6,alt2,20260910904
1903,1,set9,alt2,20260910904
1903,1,set11,alt2,20260910904
1903,1,set18,alt1,20260910904
1903,1,set19,alt2,20260910904
1903,1,set33,alt1,20260910904
1903,1,set35,alt2,20260910904
1903,1,set37,alt1,20260910904
1903,1,set41,alt1,20260910904
1903,1,set42,alt2,20260910904
1903,1,set48,alt2,20260910904
1904,2,set1,alt2,20260910905
1904,2,set2,alt1,20260910905
1904,2,set7,alt1,20260910905
1904,2,set8,alt1,20260910905
1904,2,set10,alt1,20260910905
1904,2,set13,alt1,20260910905
1904,2,set36,alt2,20260910905
1904,2,set38,alt2,20260910905
1904,2,set40,alt2,20260910905
1904,2,set44,alt1,20260910905
1904,2,set45,alt2,20260910905
1904,2,set46,alt1,20260910905
1905,4,set14,alt1,20260910906
1905,4,set15,alt2,20260910906
1905,4,set16,alt2,20260910906
1905,4,set17,alt2,20260910906
1905,4,set20,alt1,20260910906
1905,4,set21,alt1,20260910906
1905,4,set23,alt1,20260910906
1905,4,set26,alt1,20260910906
1905,4,set27,alt1,20260910906
1905,4,set32,alt1,20260910906
1905,4,set34,alt2,20260910906
1905,4,set43,alt2,20260910906
1906,4,set14,alt1,20260910907
1906,4,set15,alt2,20260910907
1906,4,set16,alt2,20260910907
1906,4,set17,alt2,20260910907
1906,4,set20,alt1,20260910907
1906,4,set21,alt1,20260910907
1906,4,set23,alt1,20260910907
1906,4,set26,alt1,20260910907
1906,4,set27,alt1,20260910907
1906,4,set32,alt1,20260910907
1906,4,set34,alt2,20260910907
1906,4,set43,alt2,20260910907
1907,1,set5,alt2,20260910908
1907,1,set6,alt2,20260910908
1907,1,set9,alt2,20260910908
1907,1,set11,alt2,20260910908
1907,1,set18,alt2,20260910908
1907,1,set19,alt2,20260910908
1907,1,set33,alt1,20260910908
1907,1,set35,alt2,20260910908
1907,1,set37,alt1,20260910908
1907,1,set41,alt2,20260910908
1907,1,set42,alt2,20260910908
1907,1,set48,alt2,20260910908
1908,1,set5,alt2,20260910909
1908,1,set6,alt1,20260910909
1908,1,set9,alt2,20260910909
1908,1,set11,alt2,20260910909
1908,1,set18,alt2,20260910909
1908,1,set19,alt2,20260910909
1908,1,set33,alt1,20260910909
1908,1,set35,alt2,20260910909
1908,1,set37,alt1,20260910909
1908,1,set41,alt1,20260910909
1908,1,set42,alt2,20260910909
1908,1,set48,alt2,20260910909
1909,1,set5,alt2,20260910910
1909,1,set6,alt1,20260910910
1909,1,set9,alt2,20260910910
1909,1,set11,alt2,20260910910
1909,1,set18,alt2,20260910910
1909,1,set19,alt2,20260910910
1909,1,set33,alt1,20260910910
1909,1,set35,alt2,20260910910
1909,1,set37,alt1,20260910910
1909,1,set41,alt1,20260910910
1909,1,set42,alt2,20260910910
1909,1,set48,alt2,20260910910
1910,4,set14,alt1,20260910911
1910,4,set15,alt1,20260910911
1910,4,set16,alt1,20260910911
1910,4,set17,alt1,20260910911
1910,4,set20,alt1,20260910911
1910,4,set21,alt1,20260910911
1910,4,set23,alt1,20260910911
1910,4,set26,alt1,20260910911
1910,4,set27,alt1,20260910911
1910,4,set32,alt1,20260910911
1910,4,set34,alt2,20260910911
1910,4,set43,alt1,20260910911
1911,1,set5,alt2,20260910912
1911,1,set6,alt2,20260910912
1911,1,set9,alt2,20260910912
1911,1,set11,alt2,20260910912
1911,1,set18,alt2,20260910912
1911,1,set19,alt2,20260910912
1911,1,set33,alt1,20260910912
1911,1,set35,alt2,20260910912
1911,1,set37,alt1,20260910912
1911,1,set41,alt2,20260910912
1911,1,set42,alt2,20260910912
1911,1,set48,alt2,20260910912
1912,1,set5,alt2,20260910913
1912,1,set6,alt1,20260910913
1912,1,set9,alt2,20260910913
1912,1,set11,alt2,20260910913
1912,1,set18,alt2,20260910913
1912,1,set19,alt2,20260910913
1912,1,set33,alt1,20260910913
1912,1,set35,alt2,20260910913
1912,1,set37,alt1,20260910913
1912,1,set41,alt1,20260910913
1912,1,set42,alt2,20260910913
1912,1,set48,alt2,20260910913
1913,2,set1,alt2,20260910914
1913,2,set2,alt1,20260910914
1913,2,set7,alt1,20260910914
1913,2,set8,alt1,20260910914
1913,2,set10,alt1,20260910914
1913,2,set13,alt1,20260910914
1913,2,set36,alt2,20260910914
1913,2,set38,alt2,20260910914
1913,2,set40,alt2,20260910914
1913,2,set44,alt1,20260910914
1913,2,set45,alt2,20260910914
1913,2,set46,alt1,20260910914
1914,1,set5,alt2,20260910915
1914,1,set6,alt1,20260910915
1914,1,set9,alt2,20260910915
1914,1,set11,alt2,20260910915
1914,1,set18,alt2,20260910915
1914,1,set19,alt2,20260910915
1914,1,set33,alt1,20260910915
1914,1,set35,alt2,20260910915
1914,1,set37,alt1,20260910915
1914,1,set41,alt1,20260910915
1914,1,set42,alt2,20260910915
1914,1,set48,alt2,20260910915
1915,2,set1,alt2,20260910916
1915,2,set2,alt1,20260910916
1915,2,set7,alt2,20260910916
1915,2,set8,alt1,20260910916
1915,2,set10,alt2,20260910916
1915,2,set13,alt1,20260910916
1915,2,set36,alt2,20260910916
1915,2,set38,alt1,20260910916
1915,2,set40,alt2,20260910916
1915,2,set44,alt2,20260910916
1915,2,set45,alt2,20260910916
1915,2,set46,alt2,20260910916
1916,4,set14,alt1,20260910917
1916,4,set15,alt2,20260910917
1916,4,set16,alt2,20260910917
1916,4,set17,alt2,20260910917
1916,4,set20,alt1,20260910917
1916,4,set21,alt1,20260910917
1916,4,set23,alt1,20260910917
1916,4,set26,alt1,20260910917
1916,4,set27,alt1,20260910917
1916,4,set32,alt1,20260910917
1916,4,set34,alt2,20260910917
1916,4,set43,alt2,20260910917
1917,4,set14,alt1,20260910918
1917,4,set15,alt1,20260910918
1917,4,set16,alt1,20260910918
1917,4,set17,alt1,20260910918
1917,4,set20,alt1,20260910918
1917,4,set21,alt1,20260910918
1917,4,set23,alt1,20260910918
1917,4,set26,alt1,20260910918
1917,4,set27,alt1,20260910918
1917,4,set32,alt1,20260910918
1917,4,set34,alt2,20260910918
1917,4,set43,alt1,20260910918
1918,1,set5,alt1,20260910919
1918,1,set6,alt2,20260910919
1918,1,set9,alt1,20260910919
1918,1,set11,alt2,20260910919
1918,1,set18,alt1,20260910919
1918,1,set19,alt2,20260910919
1918,1,set33,alt1,20260910919
1918,1,set35,alt2,20260910919
1918,1,set37,alt1,20260910919
1918,1,set41,alt1,20260910919
1918,1,set42,alt1,20260910919
1918,1,set48,alt2,20260910919
1919,4,set14,alt1,20260910920
1919,4,set15,alt2,20260910920
1919,4,set16,alt2,20260910920
1919,4,set17,alt2,20260910920
1919,4,set20,alt1,20260910920
1919,4,set21,alt1,20260910920
1919,4,set23,alt1,20260910920
1919,4,set26,alt1,20260910920
1919,4,set27,alt1,20260910920
1919,4,set32,alt1,20260910920
1919,4,set34,alt2,20260910920
1919,4,set43,alt2,20260910920
1920,4,set14,alt1,20260910921
1920,4,set15,alt2,20260910921
1920,4,set16,alt2,20260910921
1920,4,set17,alt2,20260910921
1920,4,set20,alt1,20260910921
1920,4,set21,alt1,20260910921
1920,4,set23,alt1,20260910921
1920,4,set26,alt1,20260910921
1920,4,set27,alt1,20260910921
1920,4,set32,alt1,20260910921
1920,4,set34,alt2,20260910921
1920,4,set43,alt2,20260910921
1921,2,set1,alt2,20260910922
1921,2,set2,alt1,20260910922
1921,2,set7,alt1,20260910922
1921,2,set8,alt1,20260910922
1921,2,set10,alt1,20260910922
1921,2,set13,alt1,20260910922
1921,2,set36,alt2,20260910922
1921,2,set38,alt2,20260910922
1921,2,set40,alt2,20260910922
1921,2,set44,alt1,20260910922
1921,2,set45,alt2,20260910922
1921,2,set46,alt1,20260910922
1922,1,set5,alt2,20260910923
1922,1,set6,alt1,20260910923
1922,1,set9,alt2,20260910923
1922,1,set11,alt2,20260910923
1922,1,set18,alt2,20260910923
1922,1,set19,alt2,20260910923
1922,1,set33,alt1,20260910923
1922,1,set35,alt2,20260910923
1922,1,set37,alt1,20260910923
1922,1,set41,alt1,20260910923
1922,1,set42,alt2,20260910923
1922,1,set48,alt2,20260910923
1923,4,set14,alt1,20260910924
1923,4,set15,alt2,20260910924
1923,4,set16,alt2,20260910924
1923,4,set17,alt2,20260910924
1923,4,set20,alt1,20260910924
1923,4,set21,alt1,20260910924
1923,4,set23,alt1,20260910924
1923,4,set26,alt1,20260910924
1923,4,set27,alt1,20260910924
1923,4,set32,alt1,20260910924
1923,4,set34,alt2,20260910924
1923,4,set43,alt2,20260910924
1924,4,set14,alt1,20260910925
1924,4,set15,alt1,20260910925
1924,4,set16,alt1,20260910925
1924,4,set17,alt1,20260910925
1924,4,set20,alt1,20260910925
1924,4,set21,alt1,20260910925
1924,4,set23,alt1,20260910925
1924,4,set26,alt1,20260910925
1924,4,set27,alt1,20260910925
1924,4,set32,alt1,20260910925
1924,4,set34,alt2,20260910925
1924,4,set43,alt1,20260910925
1925,2,set1,alt2,20260910926
1925,2,set2,alt1,20260910926
1925,2,set7,alt1,20260910926
1925,2,set8,alt1,20260910926
1925,2,set10,alt1,20260910926
1925,2,set13,alt1,20260910926
1925,2,set36,alt1,20260910926
1925,2,set38,alt2,20260910926
1925,2,set40,alt1,20260910926
1925,2,set44,alt2,20260910926
1925,2,set45,alt2,20260910926
1925,2,set46,alt2,20260910926
1926,3,set3,alt2,20260910927
1926,3,set4,alt1,20260910927
1926,3,set12,alt1,20260910927
1926,3,set22,alt2,20260910927
1926,3,set24,alt1,20260910927
1926,3,set25,alt2,20260910927
1926,3,set28,alt2,20260910927
1926,3,set29,alt1,20260910927
1926,3,set30,alt2,20260910927
1926,3,set31,alt1,20260910927
1926,3,set39,alt1,20260910927
1926,3,set47,alt2,20260910927
1927,2,set1,alt2,20260910928
1927,2,set2,alt1,20260910928
1927,2,set7,alt1,20260910928
1927,2,set8,alt1,20260910928
1927,2,set10,alt1,20260910928
1927,2,set13,alt1,20260910928
1927,2,set36,alt2,20260910928
1927,2,set38,alt2,20260910928
1927,2,set40,alt2,20260910928
1927,2,set44,alt1,20260910928
1927,2,set45,alt2,20260910928
1927,2,set46,alt1,20260910928
1928,1,set5,alt2,20260910929
1928,1,set6,alt1,20260910929
1928,1,set9,alt2,20260910929
1928,1,set11,alt2,20260910929
1928,1,set18,alt2,20260910929
1928,1,set19,alt2,20260910929
1928,1,set33,alt1,20260910929
1928,1,set35,alt2,20260910929
1928,1,set37,alt1,20260910929
1928,1,set41,alt1,20260910929
1928,1,set42,alt2,20260910929
1928,1,set48,alt2,20260910929
1929,1,set5,alt2,20260910930
1929,1,set6,alt2,20260910930
1929,1,set9,alt2,20260910930
1929,1,set11,alt2,20260910930
1929,1,set18,alt2,20260910930
1929,1,set19,alt2,20260910930
1929,1,set33,alt1,20260910930
1929,1,set35,alt2,20260910930
1929,1,set37,alt1,20260910930
1929,1,set41,alt2,20260910930
1929,1,set42,alt2,20260910930
1929,1,set48,alt2,20260910930
1930,2,set1,alt2,20260910931
1930,2,set2,alt1,20260910931
1930,2,set7,alt1,20260910931
1930,2,set8,alt1,20260910931
1930,2,set10,alt2,20260910931
1930,2,set13,alt1,20260910931
1930,2,set36,alt2,20260910931
1930,2,set38,alt2,20260910931
1930,2,set40,alt2,20260910931
1930,2,set44,alt2,20260910931
1930,2,set45,alt2,20260910931
1930,2,set46,alt2,20260910931
1931,3,set3,alt1,20260910932
1931,3,set4,alt2,20260910932
1931,3,set12,alt1,20260910932
1931,3,set22,alt1,20260910932
1931,3,set24,alt1,20260910932
1931,3,set25,alt1,20260910932
1931,3,set28,alt1,20260910932
1931,3,set29,alt1,20260910932
1931,3,set30,alt2,20260910932
1931,3,set31,alt2,20260910932
1931,3,set39,alt2,20260910932
1931,3,set47,alt2,20260910932
1932,2,set1,alt2,20260910933
1932,2,set2,alt1,20260910933
1932,2,set7,alt1,20260910933
1932,2,set8,alt1,20260910933
1932,2,set10,alt1,20260910933
1932,2,set13,alt1,20260910933
1932,2,set36,alt2,20260910933
1932,2,set38,alt2,20260910933
1932,2,set40,alt2,20260910933
1932,2,set44,alt1,20260910933
1932,2,set45,alt2,20260910933
1932,2,set46,alt1,20260910933
1933,1,set5,alt2,20260910934
1933,1,set6,alt1,20260910934
1933,1,set9,alt2,20260910934
1933,1,set11,alt2,20260910934
1933,1,set18,alt2,20260910934
1933,1,set19,alt2,20260910934
1933,1,set33,alt1,20260910934
1933,1,set35,alt2,20260910934
1933,1,set37,alt1,20260910934
1933,1,set41,alt1,20260910934
1933,1,set42,alt2,20260910934
1933,1,set48,alt2,20260910934
1934,3,set3,alt1,20260910935
1934,3,set4,alt2,20260910935
1934,3,set12,alt1,20260910935
1934,3,set22,alt1,20260910935
1934,3,set24,alt1,20260910935
1934,3,set25,alt1,20260910935
1934,3,set28,alt1,20260910935
1934,3,set29,alt1,20260910935
1934,3,set30,alt2,20260910935
1934,3,set31,alt2,20260910935
1934,3,set39,alt2,20260910935
1934,3,set47,alt2,20260910935
1935,2,set1,alt2,20260910936
1935,2,set2,alt1,20260910936
1935,2,set7,alt1,20260910936
1935,2,set8,alt1,20260910936
1935,2,set10,alt1,20260910936
1935,2,set13,alt1,20260910936
1935,2,set36,alt2,20260910936
1935,2,set38,alt2,20260910936
1935,2,set40,alt2,20260910936
1935,2,set44,alt1,20260910936
1935,2,set45,alt2,20260910936
1935,2,set46,alt1,20260910936
1936,2,set1,alt2,20260910937
1936,2,set2,alt1,20260910937
1936,2,set7,alt1,20260910937
1936,2,set8,alt1,20260910937
1936,2,set10,alt2,20260910937
1936,2,set13,alt1,20260910937
1936,2,set36,alt2,20260910937
1936,2,set38,alt2,20260910937
1936,2,set40,alt2,20260910937
1936,2,set44,alt1,20260910937
1936,2,set45,alt2,20260910937
1936,2,set46,alt1,20260910937
1937,1,set5,alt2,20260910938
1937,1,set6,alt2,20260910938
1937,1,set9,alt2,20260910938
1937,1,set11,alt2,20260910938
1937,1,set18,alt2,20260910938
1937,1,set19,alt2,20260910938
1937,1,set33,alt1,20260910938
1937,1,set35,alt2,20260910938
1937,1,set37,alt1,20260910938
1937,1,set41,alt2,20260910938
1937,1,set42,alt2,20260910938
1937,1,set48,alt2,20260910938
1938,2,set1,alt2,20260910939
1938,2,set2,alt1,20260910939
1938,2,set7,alt1,20260910939
1938,2,set8,alt1,20260910939
1938,2,set10,alt1,20260910939
1938,2,set13,alt1,20260910939
1938,2,set36,alt2,20260910939
1938,2,set38,alt2,20260910939
1938,2,set40,alt2,20260910939
1938,2,set44,alt1,20260910939
1938,2,set45,alt2,20260910939
1938,2,set46,alt1,20260910939
1939,4,set14,alt1,20260910940
1939,4,set15,alt2,20260910940
1939,4,set16,alt2,20260910940
1939,4,set17,alt2,20260910940
1939,4,set20,alt1,20260910940
1939,4,set21,alt1,20260910940
1939,4,set23,alt1,20260910940
1939,4,set26,alt1,20260910940
1939,4,set27,alt1,20260910940
1939,4,set32,alt1,20260910940
1939,4,set34,alt2,20260910940
1939,4,set43,alt2,20260910940
1940,2,set1,alt2,20260910941
1940,2,set2,alt1,20260910941
1940,2,set7,alt1,20260910941
1940,2,set8,alt1,20260910941
1940,2,set10,alt1,20260910941
1940,2,set13,alt1,20260910941
1940,2,set36,alt2,20260910941
1940,2,set38,alt2,20260910941
1940,2,set40,alt2,20260910941
1940,2,set44,alt1,20260910941
1940,2,set45,alt2,20260910941
1940,2,set46,alt1,20260910941
1941,1,set5,alt2,20260910942
1941,1,set6,alt1,20260910942
1941,1,set9,alt2,20260910942
1941,1,set11,alt2,20260910942
1941,1,set18,alt2,20260910942
1941,1,set19,alt2,20260910942
1941,1,set33,alt1,20260910942
1941,1,set35,alt2,20260910942
1941,1,set37,alt1,20260910942
1941,1,set41,alt1,20260910942
1941,1,set42,alt2,20260910942
1941,1,set48,alt2,20260910942
1942,4,set14,alt2,20260910943
1942,4,set15,alt2,20260910943
1942,4,set16,alt1,20260910943
1942,4,set17,alt1,20260910943
1942,4,set20,alt1,20260910943
1942,4,set21,alt1,20260910943
1942,4,set23,alt1,20260910943
1942,4,set26,alt1,20260910943
1942,4,set27,alt2,20260910943
1942,4,set32,alt1,20260910943
1942,4,set34,alt2,20260910943
1942,4,set43,alt1,20260910943
1943,3,set3,alt2,20260910944
1943,3,set4,alt1,20260910944
1943,3,set12,alt1,20260910944
1943,3,set22,alt2,20260910944
1943,3,set24,alt1,20260910944
1943,3,set25,alt2,20260910944
1943,3,set28,alt2,20260910944
1943,3,set29,alt1,20260910944
1943,3,set30,alt2,20260910944
1943,3,set31,alt1,20260910944
1943,3,set39,alt1,20260910944
1943,3,set47,alt2,20260910944
1944,3,set3,alt1,20260910945
1944,3,set4,alt2,20260910945
1944,3,set12,alt1,20260910945
1944,3,set22,alt1,20260910945
1944,3,set24,alt1,20260910945
1944,3,set25,alt1,20260910945
1944,3,set28,alt1,20260910945
1944,3,set29,alt1,20260910945
1944,3,set30,alt2,20260910945
1944,3,set31,alt2,20260910945
1944,3,set39,alt2,20260910945
1944,3,set47,alt2,20260910945
1945,3,set3,alt1,20260910946
1945,3,set4,alt2,20260910946
1945,3,set12,alt1,20260910946
1945,3,set22,alt1,20260910946
1945,3,set24,alt1,20260910946
1945,3,set25,alt1,20260910946
1945,3,set28,alt1,20260910946
1945,3,set29,alt1,20260910946
1945,3,set30,alt2,20260910946
1945,3,set31,alt2,20260910946
1945,3,set39,alt2,20260910946
1945,3,set47,alt2,20260910946
1946,4,set14,alt1,20260910947
1946,4,set15,alt2,20260910947
1946,4,set16,alt2,20260910947
1946,4,set17,alt2,20260910947
1946,4,set20,alt1,20260910947
1946,4,set21,alt1,20260910947
1946,4,set23,alt1,20260910947
1946,4,set26,alt1,20260910947
1946,4,set27,alt1,20260910947
1946,4,set32,alt1,20260910947
1946,4,set34,alt2,20260910947
1946,4,set43,alt2,20260910947
1947,4,set14,alt2,20260910948
1947,4,set15,alt2,20260910948
1947,4,set16,alt1,20260910948
1947,4,set17,alt1,20260910948
1947,4,set20,alt1,20260910948
1947,4,set21,alt1,20260910948
1947,4,set23,alt1,20260910948
1947,4,set26,alt1,20260910948
1947,4,set27,alt2,20260910948
1947,4,set32,alt1,20260910948
1947,4,set34,alt2,20260910948
1947,4,set43,alt1,20260910948
1948,1,set5,alt2,20260910949
1948,1,set6,alt1,20260910949
1948,1,set9,alt2,20260910949
1948,1,set11,alt2,20260910949
1948,1,set18,alt2,20260910949
1948,1,set19,alt2,20260910949
1948,1,set33,alt1,20260910949
1948,1,set35,alt2,20260910949
1948,1,set37,alt1,20260910949
1948,1,set41,alt1,20260910949
1948,1,set42,alt2,20260910949
1948,1,set48,alt2,20260910949
1949,3,set3,alt1,20260910950
1949,3,set4,alt2,20260910950
1949,3,set12,alt1,20260910950
1949,3,set22,alt1,20260910950
1949,3,set24,alt1,20260910950
1949,3,set25,alt1,20260910950
1949,3,set28,alt1,20260910950
1949,3,set29,alt1,20260910950
1949,3,set30,alt2,20260910950
1949,3,set31,alt2,20260910950
1949,3,set39,alt2,20260910950
1949,3,set47,alt2,20260910950
1950,1,set5,alt2,20260910951
1950,1,set6,alt1,20260910951
1950,1,set9,alt2,20260910951
1950,1,set11,alt2,20260910951
1950,1,set18,alt2,20260910951
1950,1,set19,alt2,20260910951
1950,1,set33,alt1,20260910951
1950,1,set35,alt2,20260910951
1950,1,set37,alt1,20260910951
1950,1,set41,alt1,20260910951
1950,1,set42,alt2,20260910951
1950,1,set48,alt2,20260910951
1951,4,set14,alt1,20260910952
1951,4,set15,alt1,20260910952
1951,4,set16,alt1,20260910952
1951,4,set17,alt1,20260910952
1951,4,set20,alt1,20260910952
1951,4,set21,alt1,20260910952
1951,4,set23,alt1,20260910952
1951,4,set26,alt1,20260910952
1951,4,set27,alt1,20260910952
1951,4,set32,alt1,20260910952
1951,4,set34,alt2,20260910952
1951,4,set43,alt1,20260910952
1952,3,set3,alt1,20260910953
1952,3,set4,alt2,20260910953
1952,3,set12,alt1,20260910953
1952,3,set22,alt1,20260910953
1952,3,set24,alt1,20260910953
1952,3,set25,alt1,20260910953
1952,3,set28,alt1,20260910953
1952,3,set29,alt1,20260910953
1952,3,set30,alt2,20260910953
1952,3,set31,alt2,20260910953
1952,3,set39,alt2,20260910953
1952,3,set47,alt2,20260910953
1953,1,set5,alt2,20260910954
1953,1,set6,alt2,20260910954
1953,1,set9,alt2,20260910954
1953,1,set11,alt2,20260910954
1953,1,set18,alt1,20260910954
1953,1,set19,alt2,20260910954
1953,1,set33,alt1,20260910954
1953,1,set35,alt2,20260910954
1953,1,set37,alt1,20260910954
1953,1,set41,alt1,20260910954
1953,1,set42,alt2,20260910954
1953,1,set48,alt2,20260910954
1954,3,set3,alt1,20260910955
1954,3,set4,alt2,20260910955
1954,3,set12,alt1,20260910955
1954,3,set22,alt1,20260910955
1954,3,set24,alt1,20260910955
1954,3,set25,alt1,20260910955
1954,3,set28,alt1,20260910955
1954,3,set29,alt1,20260910955
1954,3,set30,alt2,20260910955
1954,3,set31,alt2,20260910955
1954,3,set39,alt2,20260910955
1954,3,set47,alt2,20260910955
1955,2,set1,alt2,20260910956
1955,2,set2,alt1,20260910956
1955,2,set7,alt1,20260910956
1955,2,set8,alt1,20260910956
1955,2,set10,alt1,20260910956
1955,2,set13,alt1,20260910956
1955,2,set36,alt2,20260910956
1955,2,set38,alt2,20260910956
1955,2,set40,alt2,20260910956
1955,2,set44,alt1,20260910956
1955,2,set45,alt2,20260910956
1955,2,set46,alt1,20260910956
1956,4,set14,alt1,20260910957
1956,4,set15,alt2,20260910957
1956,4,set16,alt2,20260910957
1956,4,set17,alt2,20260910957
1956,4,set20,alt1,20260910957
1956,4,set21,alt1,20260910957
1956,4,set23,alt1,20260910957
1956,4,set26,alt1,20260910957
1956,4,set27,alt1,20260910957
1956,4,set32,alt1,20260910957
1956,4,set34,alt2,20260910957
1956,4,set43,alt2,20260910957
1957,3,set3,alt1,20260910958
1957,3,set4,alt2,20260910958
1957,3,set12,alt1,20260910958
1957,3,set22,alt1,20260910958
1957,3,set24,alt1,20260910958
1957,3,set25,alt1,20260910958
1957,3,set28,alt1,20260910958
1957,3,set29,alt1,20260910958
1957,3,set30,alt2,20260910958
1957,3,set31,alt2,20260910958
1957,3,set39,alt2,20260910958
1957,3,set47,alt2,20260910958
1958,2,set1,alt2,20260910959
1958,2,set2,alt1,20260910959
1958,2,set7,alt2,20260910959
1958,2,set8,alt1,20260910959
1958,2,set10,alt2,20260910959
1958,2,set13,alt1,20260910959
1958,2,set36,alt2,20260910959
1958,2,set38,alt1,20260910959
1958,2,set40,alt2,20260910959
1958,2,set44,alt2,20260910959
1958,2,set45,alt2,20260910959
1958,2,set46,alt2,20260910959
1959,4,set14,alt1,20260910960
1959,4,set15,alt2,20260910960
1959,4,set16,alt2,20260910960
1959,4,set17,alt2,20260910960
1959,4,set20,alt1,20260910960
1959,4,set21,alt1,20260910960
1959,4,set23,alt1,20260910960
1959,4,set26,alt1,20260910960
1959,4,set27,alt1,20260910960
1959,4,set32,alt1,20260910960
1959,4,set34,alt2,20260910960
1959,4,set43,alt2,20260910960
1960,3,set3,alt1,20260910961
1960,3,set4,alt2,20260910961
1960,3,set12,alt1,20260910961
1960,3,set22,alt1,20260910961
1960,3,set24,alt1,20260910961
1960,3,set25,alt1,20260910961
1960,3,set28,alt1,20260910961
1960,3,set29,alt1,20260910961
1960,3,set30,alt2,20260910961
1960,3,set31,alt2,20260910961
1960,3,set39,alt2,20260910961
1960,3,set47,alt2,20260910961
1961,2,set1,alt2,20260910962
1961,2,set2,alt1,20260910962
1961,2,set7,alt1,20260910962
1961,2,set8,alt1,20260910962
1961,2,set10,alt1,20260910962
1961,2,set13,alt1,20260910962
1961,2,set36,alt2,20260910962
1961,2,set38,alt2,20260910962
1961,2,set40,alt2,20260910962
1961,2,set44,alt1,20260910962
1961,2,set45,alt2,20260910962
1961,2,set46,alt1,20260910962
1962,3,set3,alt1,20260910963
1962,3,set4,alt2,20260910963
1962,3,set12,alt1,20260910963
1962,3,set22,alt1,20260910963
1962,3,set24,alt1,20260910963
1962,3,set25,alt1,20260910963
1962,3,set28,alt1,20260910963
1962,3,set29,alt1,20260910963
1962,3,set30,alt2,20260910963
1962,3,set31,alt2,20260910963
1962,3,set39,alt2,20260910963
1962,3,set47,alt2,20260910963
1963,3,set3,alt1,20260910964
1963,3,set4,alt2,20260910964
1963,3,set12,alt1,20260910964
1963,3,set22,alt1,20260910964
1963,3,set24,alt1,20260910964
1963,3,set25,alt1,20260910964
1963,3,set28,alt1,20260910964
1963,3,set29,alt1,20260910964
1963,3,set30,alt2,20260910964
1963,3,set31,alt2,20260910964
1963,3,set39,alt2,20260910964
1963,3,set47,alt2,20260910964
1964,1,set5,alt2,20260910965
1964,1,set6,alt1,20260910965
1964,1,set9,alt2,20260910965
1964,1,set11,alt2,20260910965
1964,1,set18,alt2,20260910965
1964,1,set19,alt2,20260910965
1964,1,set33,alt1,20260910965
1964,1,set35,alt2,20260910965
1964,1,set37,alt1,20260910965
1964,1,set41,alt1,20260910965
1964,1,set42,alt2,20260910965
1964,1,set48,alt2,20260910965
1965,2,set1,alt2,20260910966
1965,2,set2,alt1,20260910966
1965,2,set7,alt2,20260910966
1965,2,set8,alt1,20260910966
1965,2,set10,alt2,20260910966
1965,2,set13,alt1,20260910966
1965,2,set36,alt2,20260910966
1965,2,set38,alt1,20260910966
1965,2,set40,alt2,20260910966
1965,2,set44,alt2,20260910966
1965,2,set45,alt2,20260910966
1965,2,set46,alt2,20260910966
1966,1,set5,alt2,20260910967
1966,1,set6,alt2,20260910967
1966,1,set9,alt2,20260910967
1966,1,set11,alt2,20260910967
1966,1,set18,alt2,20260910967
1966,1,set19,alt2,20260910967
1966,1,set33,alt1,20260910967
1966,1,set35,alt2,20260910967
1966,1,set37,alt1,20260910967
1966,1,set41,alt2,20260910967
1966,1,set42,alt2,20260910967
1966,1,set48,alt2,20260910967
1967,2,set1,alt2,20260910968
1967,2,set2,alt1,20260910968
1967,2,set7,alt2,20260910968
1967,2,set8,alt1,20260910968
1967,2,set10,alt2,20260910968
1967,2,set13,alt1,20260910968
1967,2,set36,alt2,20260910968
1967,2,set38,alt1,20260910968
1967,2,set40,alt2,20260910968
1967,2,set44,alt2,20260910968
1967,2,set45,alt2,20260910968
1967,2,set46,alt2,20260910968
1968,3,set3,alt1,20260910969
1968,3,set4,alt2,20260910969
1968,3,set12,alt1,20260910969
1968,3,set22,alt1,20260910969
1968,3,set24,alt1,20260910969
1968,3,set25,alt1,20260910969
1968,3,set28,alt1,20260910969
1968,3,set29,alt1,20260910969
1968,3,set30,alt2,20260910969
1968,3,set31,alt2,20260910969
1968,3,set39,alt2,20260910969
1968,3,set47,alt2,20260910969
1969,4,set14,alt1,20260910970
1969,4,set15,alt2,20260910970
1969,4,set16,alt2,20260910970
1969,4,set17,alt2,20260910970
1969,4,set20,alt1,20260910970
1969,4,set21,alt1,20260910970
1969,4,set23,alt1,20260910970
1969,4,set26,alt1,20260910970
1969,4,set27,alt1,20260910970
1969,4,set32,alt1,20260910970
1969,4,set34,alt2,20260910970
1969,4,set43,alt2,20260910970
1970,1,set5,alt2,20260910971
1970,1,set6,alt2,20260910971
1970,1,set9,alt2,20260910971
1970,1,set11,alt2,20260910971
1970,1,set18,alt1,20260910971
1970,1,set19,alt2,20260910971
1970,1,set33,alt1,20260910971
1970,1,set35,alt2,20260910971
1970,1,set37,alt1,20260910971
1970,1,set41,alt1,20260910971
1970,1,set42,alt2,20260910971
1970,1,set48,alt2,20260910971
1971,3,set3,alt1,20260910972
1971,3,set4,alt2,20260910972
1971,3,set12,alt1,20260910972
1971,3,set22,alt1,20260910972
1971,3,set24,alt1,20260910972
1971,3,set25,alt1,20260910972
1971,3,set28,alt1,20260910972
1971,3,set29,alt1,20260910972
1971,3,set30,alt2,20260910972
1971,3,set31,alt2,20260910972
1971,3,set39,alt2,20260910972
1971,3,set47,alt2,20260910972
1972,3,set3,alt2,20260910973
1972,3,set4,alt1,20260910973
1972,3,set12,alt1,20260910973
1972,3,set22,alt2,20260910973
1972,3,set24,alt1,20260910973
1972,3,set25,alt2,20260910973
1972,3,set28,alt2,20260910973
1972,3,set29,alt1,20260910973
1972,3,set30,alt2,20260910973
1972,3,set31,alt1,20260910973
1972,3,set39,alt1,20260910973
1972,3,set47,alt2,20260910973
1973,1,set5,alt1,20260910974
1973,1,set6,alt2,20260910974
1973,1,set9,alt1,20260910974
1973,1,set11,alt2,20260910974
1973,1,set18,alt1,20260910974
1973,1,set19,alt2,20260910974
1973,1,set33,alt1,20260910974
1973,1,set35,alt2,20260910974
1973,1,set37,alt1,20260910974
1973,1,set41,alt1,20260910974
1973,1,set42,alt1,20260910974
1973,1,set48,alt2,20260910974
1974,3,set3,alt2,20260910975
1974,3,set4,alt2,20260910975
1974,3,set12,alt1,20260910975
1974,3,set22,alt2,20260910975
1974,3,set24,alt1,20260910975
1974,3,set25,alt1,20260910975
1974,3,set28,alt1,20260910975
1974,3,set29,alt1,20260910975
1974,3,set30,alt2,20260910975
1974,3,set31,alt2,20260910975
1974,3,set39,alt2,20260910975
1974,3,set47,alt2,20260910975
1975,1,set5,alt2,20260910976
1975,1,set6,alt2,20260910976
1975,1,set9,alt2,20260910976
1975,1,set11,alt2,20260910976
1975,1,set18,alt2,20260910976
1975,1,set19,alt2,20260910976
1975,1,set33,alt1,20260910976
1975,1,set35,alt2,20260910976
1975,1,set37,alt1,20260910976
1975,1,set41,alt2,20260910976
1975,1,set42,alt2,20260910976
1975,1,set48,alt2,20260910976
1976,4,set14,alt1,20260910977
1976,4,set15,alt2,20260910977
1976,4,set16,alt2,20260910977
1976,4,set17,alt2,20260910977
1976,4,set20,alt1,20260910977
1976,4,set21,alt1,20260910977
1976,4,set23,alt1,20260910977
1976,4,set26,alt1,20260910977
1976,4,set27,alt1,20260910977
1976,4,set32,alt1,20260910977
1976,4,set34,alt2,20260910977
1976,4,set43,alt2,20260910977
1977,1,set5,alt2,20260910978
1977,1,set6,alt2,20260910978
1977,1,set9,alt2,20260910978
1977,1,set11,alt2,20260910978
1977,1,set18,alt2,20260910978
1977,1,set19,alt2,20260910978
1977,1,set33,alt1,20260910978
1977,1,set35,alt2,20260910978
1977,1,set37,alt1,20260910978
1977,1,set41,alt2,20260910978
1977,1,set42,alt2,20260910978
1977,1,set48,alt2,20260910978
1978,4,set14,alt1,20260910979
1978,4,set15,alt2,20260910979
1978,4,set16,alt1,20260910979
1978,4,set17,alt2,20260910979
1978,4,set20,alt1,20260910979
1978,4,set21,alt1,20260910979
1978,4,set23,alt1,20260910979
1978,4,set26,alt1,20260910979
1978,4,set27,alt1,20260910979
1978,4,set32,alt1,20260910979
1978,4,set34,alt1,20260910979
1978,4,set43,alt1,20260910979
1979,1,set5,alt2,20260910980
1979,1,set6,alt1,20260910980
1979,1,set9,alt2,20260910980
1979,1,set11,alt2,20260910980
1979,1,set18,alt2,20260910980
1979,1,set19,alt2,20260910980
1979,1,set33,alt1,20260910980
1979,1,set35,alt2,20260910980
1979,1,set37,alt1,20260910980
1979,1,set41,alt1,20260910980
1979,1,set42,alt2,20260910980
1979,1,set48,alt2,20260910980
1980,3,set3,alt2,20260910981
1980,3,set4,alt2,20260910981
1980,3,set12,alt1,20260910981
1980,3,set22,alt2,20260910981
1980,3,set24,alt1,20260910981
1980,3,set25,alt1,20260910981
1980,3,set28,alt1,20260910981
1980,3,set29,alt1,20260910981
1980,3,set30,alt2,20260910981
1980,3,set31,alt2,20260910981
1980,3,set39,alt2,20260910981
1980,3,set47,alt2,20260910981
1981,4,set14,alt1,20260910982
1981,4,set15,alt1,20260910982
1981,4,set16,alt1,20260910982
1981,4,set17,alt1,20260910982
1981,4,set20,alt1,20260910982
1981,4,set21,alt1,20260910982
1981,4,set23,alt1,20260910982
1981,4,set26,alt1,20260910982
1981,4,set27,alt1,20260910982
1981,4,set32,alt1,20260910982
1981,4,set34,alt2,20260910982
1981,4,set43,alt1,20260910982
1982,1,set5,alt1,20260910983
1982,1,set6,alt1,20260910983
1982,1,set9,alt1,20260910983
1982,1,set11,alt2,20260910983
1982,1,set18,alt1,20260910983
1982,1,set19,alt1,20260910983
1982,1,set33,alt2,20260910983
1982,1,set35,alt2,20260910983
1982,1,set37,alt1,20260910983
1982,1,set41,alt1,20260910983
1982,1,set42,alt2,20260910983
1982,1,set48,alt2,20260910983
1983,4,set14,alt1,20260910984
1983,4,set15,alt2,20260910984
1983,4,set16,alt2,20260910984
1983,4,set17,alt2,20260910984
1983,4,set20,alt1,20260910984
1983,4,set21,alt1,20260910984
1983,4,set23,alt1,20260910984
1983,4,set26,alt1,20260910984
1983,4,set27,alt1,20260910984
1983,4,set32,alt1,20260910984
1983,4,set34,alt2,20260910984
1983,4,set43,alt2,20260910984
1984,3,set3,alt2,20260910985
1984,3,set4,alt2,20260910985
1984,3,set12,alt1,20260910985
1984,3,set22,alt2,20260910985
1984,3,set24,alt1,20260910985
1984,3,set25,alt1,20260910985
1984,3,set28,alt1,20260910985
1984,3,set29,alt1,20260910985
1984,3,set30,alt2,20260910985
1984,3,set31,alt2,20260910985
1984,3,set39,alt2,20260910985
1984,3,set47,alt2,20260910985
1985,3,set3,alt2,20260910986
1985,3,set4,alt2,20260910986
1985,3,set12,alt1,20260910986
1985,3,set22,alt2,20260910986
1985,3,set24,alt1,20260910986
1985,3,set25,alt1,20260910986
1985,3,set28,alt1,20260910986
1985,3,set29,alt1,20260910986
1985,3,set30,alt2,20260910986
1985,3,set31,alt2,20260910986
1985,3,set39,alt2,20260910986
1985,3,set47,alt2,20260910986
1986,2,set1,alt2,20260910987
1986,2,set2,alt1,20260910987
1986,2,set7,alt1,20260910987
1986,2,set8,alt1,20260910987
1986,2,set10,alt1,20260910987
1986,2,set13,alt1,20260910987
1986,2,set36,alt2,20260910987
1986,2,set38,alt2,20260910987
1986,2,set40,alt2,20260910987
1986,2,set44,alt1,20260910987
1986,2,set45,alt2,20260910987
1986,2,set46,alt1,20260910987
1987,3,set3,alt1,20260910988
1987,3,set4,alt2,20260910988
1987,3,set12,alt1,20260910988
1987,3,set22,alt1,20260910988
1987,3,set24,alt1,20260910988
1987,3,set25,alt1,20260910988
1987,3,set28,alt1,20260910988
1987,3,set29,alt1,20260910988
1987,3,set30,alt2,20260910988
1987,3,set31,alt2,20260910988
1987,3,set39,alt2,20260910988
1987,3,set47,alt2,20260910988
1988,1,set5,alt1,20260910989
1988,1,set6,alt2,20260910989
1988,1,set9,alt1,20260910989
1988,1,set11,alt2,20260910989
1988,1,set18,alt1,20260910989
1988,1,set19,alt2,20260910989
1988,1,set33,alt1,20260910989
1988,1,set35,alt2,20260910989
1988,1,set37,alt1,20260910989
1988,1,set41,alt1,20260910989
1988,1,set42,alt1,20260910989
1988,1,set48,alt2,20260910989
1989,2,set1,alt2,20260910990
1989,2,set2,alt1,20260910990
1989,2,set7,alt1,20260910990
1989,2,set8,alt1,20260910990
1989,2,set10,alt1,20260910990
1989,2,set13,alt1,20260910990
1989,2,set36,alt2,20260910990
1989,2,set38,alt2,20260910990
1989,2,set40,alt2,20260910990
1989,2,set44,alt1,20260910990
1989,2,set45,alt2,20260910990
1989,2,set46,alt1,20260910990
1990,1,set5,alt2,20260910991
1990,1,set6,alt2,20260910991
1990,1,set9,alt2,20260910991
1990,1,set11,alt2,20260910991
1990,1,set18,alt2,20260910991
1990,1,set19,alt1,20260910991
1990,1,set33,alt1,20260910991
1990,1,set35,alt2,20260910991
1990,1,set37,alt1,20260910991
1990,1,set41,alt2,20260910991
1990,1,set42,alt2,20260910991
1990,1,set48,alt2,20260910991
1991,2,set1,alt2,20260910992
1991,2,set2,alt1,20260910992
1991,2,set7,alt1,20260910992
1991,2,set8,alt1,20260910992
1991,2,set10,alt1,20260910992
1991,2,set13,alt1,20260910992
1991,2,set36,alt2,20260910992
1991,2,set38,alt2,20260910992
1991,2,set40,alt2,20260910992
1991,2,set44,alt1,20260910992
1991,2,set45,alt2,20260910992
1991,2,set46,alt1,20260910992
1992,4,set14,alt1,20260910993
1992,4,set15,alt2,20260910993
1992,4,set16,alt1,20260910993
1992,4,set17,alt2,20260910993
1992,4,set20,alt1,20260910993
1992,4,set21,alt1,20260910993
1992,4,set23,alt1,20260910993
1992,4,set26,alt1,20260910993
1992,4,set27,alt1,20260910993
1992,4,set32,alt1,20260910993
1992,4,set34,alt1,20260910993
1992,4,set43,alt1,20260910993
1993,4,set14,alt1,20260910994
1993,4,set15,alt2,20260910994
1993,4,set16,alt2,20260910994
1993,4,set17,alt2,20260910994
1993,4,set20,alt1,20260910994
1993,4,set21,alt1,20260910994
1993,4,set23,alt1,20260910994
1993,4,set26,alt1,20260910994
1993,4,set27,alt1,20260910994
1993,4,set32,alt1,20260910994
1993,4,set34,alt2,20260910994
1993,4,set43,alt2,20260910994
1994,1,set5,alt2,20260910995
1994,1,set6,alt2,20260910995
1994,1,set9,alt2,20260910995
1994,1,set11,alt2,20260910995
1994,1,set18,alt1,20260910995
1994,1,set19,alt2,20260910995
1994,1,set33,alt1,20260910995
1994,1,set35,alt2,20260910995
1994,1,set37,alt1,20260910995
1994,1,set41,alt1,20260910995
1994,1,set42,alt2,20260910995
1994,1,set48,alt2,20260910995
1995,3,set3,alt2,20260910996
1995,3,set4,alt1,20260910996
1995,3,set12,alt1,20260910996
1995,3,set22,alt1,20260910996
1995,3,set24,alt1,20260910996
1995,3,set25,alt2,20260910996
1995,3,set28,alt2,20260910996
1995,3,set29,alt1,20260910996
1995,3,set30,alt1,20260910996
1995,3,set31,alt2,20260910996
1995,3,set39,alt1,20260910996
1995,3,set47,alt1,20260910996
1996,2,set1,alt2,20260910997
1996,2,set2,alt1,20260910997
1996,2,set7,alt1,20260910997
1996,2,set8,alt1,20260910997
1996,2,set10,alt1,20260910997
1996,2,set13,alt1,20260910997
1996,2,set36,alt2,20260910997
1996,2,set38,alt2,20260910997
1996,2,set40,alt2,20260910997
1996,2,set44,alt1,20260910997
1996,2,set45,alt2,20260910997
1996,2,set46,alt1,20260910997
1997,4,set14,alt1,20260910998
1997,4,set15,alt1,20260910998
1997,4,set16,alt1,20260910998
1997,4,set17,alt1,20260910998
1997,4,set20,alt1,20260910998
1997,4,set21,alt1,20260910998
1997,4,set23,alt1,20260910998
1997,4,set26,alt1,20260910998
1997,4,set27,alt1,20260910998
1997,4,set32,alt1,20260910998
1997,4,set34,alt2,20260910998
1997,4,set43,alt1,20260910998
1998,1,set5,alt2,20260910999
1998,1,set6,alt2,20260910999
1998,1,set9,alt2,20260910999
1998,1,set11,alt2,20260910999
1998,1,set18,alt2,20260910999
1998,1,set19,alt2,20260910999
1998,1,set33,alt1,20260910999
1998,1,set35,alt2,20260910999
1998,1,set37,alt1,20260910999
1998,1,set41,alt2,20260910999
1998,1,set42,alt2,20260910999
1998,1,set48,alt2,20260910999
1999,1,set5,alt2,20260911000
1999,1,set6,alt1,20260911000
1999,1,set9,alt2,20260911000
1999,1,set11,alt2,20260911000
1999,1,set18,alt2,20260911000
1999,1,set19,alt2,20260911000
1999,1,set33,alt1,20260911000
1999,1,set35,alt2,20260911000
1999,1,set37,alt1,20260911000
1999,1,set41,alt1,20260911000
1999,1,set42,alt2,20260911000
1999,1,set48,alt2,20260911000
2000,1,set5,alt1,20260911001
2000,1,set6,alt1,20260911001
2000,1,set9,alt1,20260911001
2000,1,set11,alt2,20260911001
2000,1,set18,alt1,20260911001
2000,1,set19,alt1,20260911001
2000,1,set33,alt2,20260911001
2000,1,set35,alt2,20260911001
2000,1,set37,alt1,20260911001
2000,1,set41,alt1,20260911001
2000,1,set42,alt2,20260911001
2000,1,set48,alt2,20260911001
