respondent_id,Age,Sex,Religion,MaritalStatus,LivingWithChildren,CovidExperience,assigned_block,ideology_id,ideology_name,sampling_seed
1,28,Female,Christian,Single,Yes,None,2,,,20260909001
2,52,Female,Christian,Married,No,Had COVID,2,,,20260909001
3,39,Male,Christian,Married,Yes,None,3,,,20260909001
4,28,Male,Christian,Single,No,Had COVID,1,2,Libertarianism,20260909001
5,41,Male,No religion,Single,Yes,None,1,,,20260909001
6,69,Female,No religion,Married,Yes,None,3,,,20260909001
7,69,Female,No religion,Married,No,Had COVID,3,,,20260909001
8,19,Male,No religion,Single,No,None,2,,,20260909001
9,24,Male,Christian,Single,No,Bereaved,4,,,20260909001
10,54,Female,No religion,Divorced,No,Had COVID,3,,,20260909001
11,51,Female,Muslim,Married,No,None,4,,,20260909001
12,73,Male,Christian,Single,No,None,3,,,20260909001
13,62,Male,Christian,Divorced,No,Bereaved,2,,,20260909001
14,47,Male,No religion,Separated,No,Had COVID,3,,,20260909001
15,34,Male,Hindu,Single,No,Had COVID,2,,,20260909001
16,48,Female,Christian,Single,Yes,Had COVID,2,,,20260909001
17,50,Female,Christian,Married,No,Bereaved,2,,,20260909001
18,52,Female,Christian,Married,No,Had COVID,3,,,20260909001
19,33,Male,Christian,Married,No,Had COVID,3,,,20260909001
20,89,Female,Christian,Married,No,None,2,,,20260909001
21,38,Male,No religion,Married,No,Had COVID,3,,,20260909001
22,46,Female,Christian,Single,Yes,Long COVID,1,,,20260909001
23,38,Female,No religion,Widowed,Yes,None,3,,,20260909001
24,34,Female,No religion,Married,Yes,None,1,,,20260909001
25,75,Male,Christian,Single,No,Had COVID,1,,,20260909001
26,48,Male,Christian,Divorced,No,Bereaved,4,,,20260909001
27,59,Female,No religion,Married,No,Bereaved,2,,,20260909001
28,31,Male,No religion,Single,Yes,Had COVID,2,,,20260909001
29,68,Male,No religion,Married,No,Had COVID,3,,,20260909001
30,42,Female,No religion,Married,Yes,None,2,,,20260909001
31,46,Female,Not answered,Married,No,Had COVID,3,,,20260909001
32,23,Female,No religion,Single,No,Had COVID,4,,,20260909001
33,42,Male,No religion,Single,Yes,Had COVID,3,5,Institutional Trust and Technocratic Governance,20260909001
34,48,Female,Hindu,Married,Yes,Bereaved,3,,,20260909001
35,36,Male,Christian,Single,No,Bereaved,3,,,20260909001
36,31,Female,Jewish,Single,Yes,Had COVID,1,4,Conspiracy Ideation,20260909001
37,40,Female,No religion,Married,Yes,Had COVID,1,,,20260909001
38,58,Female,Christian,Divorced,No,Had COVID,2,,,20260909001
39,29,Male,Christian,Divorced,Yes,Had COVID,4,,,20260909001
40,55,Female,Not answered,Married,No,None,2,,,20260909001
41,73,Female,Not answered,Single,No,None,1,,,20260909001
42,73,Female,No religion,Widowed,No,Bereaved,1,2,Libertarianism,20260909001
43,29,Female,Christian,Single,No,None,1,,,20260909001
44,74,Female,Christian,Married,No,Had COVID,2,,,20260909001
45,29,Female,Christian,Married,No,None,2,,,20260909001
46,18,Male,Christian,Single,No,None,1,,,20260909001
47,60,Female,Muslim,Single,No,Had COVID,3,,,20260909001
48,41,Female,Not answered,Single,Yes,None,3,,,20260909001
49,29,Female,Muslim,Single,Yes,Bereaved,4,,,20260909001
50,50,Female,Christian,Married,No,Had COVID,3,,,20260909001
51,36,Male,No religion,Single,Yes,Long COVID,1,,,20260909001
52,35,Male,No religion,Married,No,None,1,,,20260909001
53,61,Female,Christian,Married,No,None,2,,,20260909001
54,41,Male,No religion,Married,Yes,Had COVID,2,,,20260909001
55,67,Male,No religion,Married,No,Had COVID,4,,,20260909001
56,35,Male,Not answered,Single,No,None,3,,,20260909001
57,61,Female,No religion,Married,No,None,3,,,20260909001
58,20,Female,No religion,Single,No,None,2,,,20260909001
59,46,Male,No religion,Single,Yes,Had COVID,2,1,Scientific Rationalism,20260909001
60,27,Female,Christian,Single,No,Had COVID,2,,,20260909001
61,52,Female,Christian,Married,No,None,2,,,20260909001
62,58,Female,No religion,Married,No,Bereaved,3,,,20260909001
63,53,Male,Christian,Married,No,None,3,,,20260909001
64,61,Male,Christian,Married,No,None,2,2,Libertarianism,20260909001
65,26,Female,Christian,Single,No,Long COVID,4,,,20260909001
66,28,Female,No religion,Separated,Yes,None,1,,,20260909001
67,18,Female,No religion,Single,No,Bereaved,3,,,20260909001
68,44,Female,Christian,Married,No,None,2,,,20260909001
69,72,Female,Muslim,Widowed,No,None,4,,,20260909001
70,19,Male,Hindu,Single,No,None,3,,,20260909001
71,18,Male,No religion,Single,No,None,1,,,20260909001
72,33,Female,No religion,Married,Yes,Bereaved,4,,,20260909001
73,59,Male,Muslim,Married,No,Bereaved,1,,,20260909001
74,54,Female,Christian,Married,Yes,None,4,,,20260909001
75,46,Female,No religion,Single,No,Had COVID,1,,,20260909001
76,67,Female,Christian,Widowed,No,Long COVID,3,,,20260909001
77,90,Male,Muslim,Married,No,Had COVID,2,2,Libertarianism,20260909001
78,21,Female,Christian,Single,No,None,1,,,20260909001
79,52,Male,No religion,Married,No,Had COVID,4,,,20260909001
80,54,Female,Christian,Married,No,Had COVID,4,1,Scientific Rationalism,20260909001
81,31,Male,Christian,Single,Yes,Had COVID,3,,,20260909001
82,19,Male,No religion,Single,No,Had COVID,3,,,20260909001
83,53,Female,Christian,Single,No,Had COVID,3,,,20260909001
84,43,Male,Christian,Single,No,Long COVID,2,,,20260909001
85,61,Female,No religion,Married,No,Had COVID,2,,,20260909001
86,24,Male,Christian,Single,No,None,4,5,Institutional Trust and Technocratic Governance,20260909001
87,59,Female,Christian,Single,No,Had COVID,1,,,20260909001
88,90,Female,Christian,Divorced,No,Bereaved,3,,,20260909001
89,67,Female,Christian,Widowed,No,Had COVID,2,,,20260909001
90,58,Female,Not answered,Divorced,No,Bereaved,1,,,20260909001
91,63,Male,Christian,Married,No,Had COVID,3,,,20260909001
92,54,Female,Christian,Widowed,No,None,1,,,20260909001
93,35,Male,Christian,Married,Yes,Bereaved,1,,,20260909001
94,40,Male,Not answered,Married,No,Had COVID,1,,,20260909001
95,23,Male,Christian,Single,Yes,None,1,,,20260909001
96,53,Female,Christian,Married,No,Had COVID,4,,,20260909001
97,44,Male,Christian,Single,No,None,1,3,Communitarianism,20260909001
98,60,Female,Christian,Divorced,No,None,3,,,20260909001
99,29,Male,Christian,Single,No,Had COVID,4,,,20260909001
100,31,Male,No religion,Married,No,Had COVID,3,,,20260909001
101,56,Female,No religion,Married,No,Had COVID,1,,,20260909001
102,51,Female,No religion,Divorced,No,None,4,,,20260909001
103,62,Male,Christian,Married,No,Had COVID,3,,,20260909001
104,75,Male,Christian,Widowed,No,None,2,,,20260909001
105,57,Male,No religion,Married,No,Bereaved,2,,,20260909001
106,42,Female,No religion,Married,No,Had COVID,2,2,Libertarianism,20260909001
107,85,Female,No religion,Widowed,No,None,4,,,20260909001
108,40,Female,No religion,Married,Yes,None,3,,,20260909001
109,52,Male,No religion,Married,No,Had COVID,2,,,20260909001
110,80,Female,Christian,Widowed,No,Bereaved,4,,,20260909001
111,60,Female,No religion,Married,No,Had COVID,1,,,20260909001
112,65,Male,Christian,Married,No,Had COVID,2,,,20260909001
113,56,Female,Christian,Married,No,Had COVID,1,,,20260909001
114,68,Male,Christian,Married,No,Had COVID,2,,,20260909001
115,55,Female,Christian,Divorced,No,None,4,,,20260909001
116,25,Female,No religion,Single,No,Had COVID,3,3,Communitarianism,20260909001
117,19,Male,Christian,Single,No,None,3,,,20260909001
118,63,Female,Muslim,Married,No,Had COVID,1,,,20260909001
119,67,Female,No religion,Divorced,No,Had COVID,4,,,20260909001
120,44,Female,No religion,Divorced,Yes,None,4,,,20260909001
121,54,Male,Christian,Married,Yes,None,3,,,20260909001
122,37,Male,Christian,Married,Yes,Had COVID,2,2,Libertarianism,20260909001
123,57,Female,Christian,Married,No,Had COVID,2,,,20260909001
124,50,Female,Sikh,Divorced,Yes,Had COVID,1,,,20260909001
125,79,Female,No religion,Widowed,No,None,2,,,20260909001
126,49,Female,Christian,Married,Yes,Had COVID,2,,,20260909001
127,41,Male,No religion,Single,Yes,Had COVID,3,,,20260909001
128,60,Male,Christian,Divorced,No,Bereaved,1,,,20260909001
129,90,Male,Christian,Married,No,None,3,,,20260909001
130,68,Female,No religion,Divorced,No,Bereaved,4,,,20260909001
131,45,Male,No religion,Married,Yes,Had COVID,3,,,20260909001
132,36,Male,Christian,Married,No,None,4,,,20260909001
133,65,Male,Not answered,Married,No,None,4,,,20260909001
134,20,Male,Not answered,Single,No,None,4,,,20260909001
135,33,Female,Muslim,Separated,Yes,Bereaved,2,,,20260909001
136,65,Male,Muslim,Widowed,No,Had COVID,4,,,20260909001
137,81,Female,Christian,Widowed,No,Long COVID,4,,,20260909001
138,61,Female,Muslim,Married,No,Had COVID,3,,,20260909001
139,42,Female,No religion,Married,Yes,Had COVID,2,,,20260909001
140,48,Male,Christian,Married,No,Had COVID,4,,,20260909001
141,69,Male,Christian,Married,No,Had COVID,2,,,20260909001
142,71,Female,No religion,Married,No,None,2,1,Scientific Rationalism,20260909001
143,26,Male,Christian,Married,No,Had COVID,4,,,20260909001
144,27,Male,No religion,Single,No,Had COVID,4,,,20260909001
145,60,Female,Christian,Married,No,Had COVID,3,,,20260909001
146,27,Male,No religion,Single,No,Had COVID,1,4,Conspiracy Ideation,20260909001
147,33,Male,No religion,Single,Yes,None,3,2,Libertarianism,20260909001
148,40,Male,No religion,Married,No,Bereaved,1,3,Communitarianism,20260909001
149,66,Female,No religion,Widowed,No,Bereaved,1,,,20260909001
150,54,Female,Christian,Married,No,Had COVID,1,,,20260909001
151,55,Female,No religion,Single,No,Long COVID,1,,,20260909001
152,40,Female,Christian,Single,No,Bereaved,4,,,20260909001
153,23,Male,Christian,Single,No,Had COVID,2,,,20260909001
154,25,Female,Christian,Single,No,None,4,,,20260909001
155,82,Female,Christian,Divorced,No,None,3,,,20260909001
156,30,Female,No religion,Married,Yes,Had COVID,1,,,20260909001
157,32,Male,Christian,Single,No,None,3,,,20260909001
158,40,Male,Christian,Widowed,Yes,Had COVID,3,,,20260909001
159,24,Female,Muslim,Single,No,Had COVID,3,,,20260909001
160,78,Male,Christian,Separated,No,None,3,,,20260909001
161,37,Female,No religion,Divorced,No,Had COVID,2,,,20260909001
162,34,Female,Other religion,Married,Yes,None,4,,,20260909001
163,26,Male,Christian,Single,No,Had COVID,4,,,20260909001
164,50,Male,Christian,Married,Yes,Had COVID,3,,,20260909001
165,63,Male,Christian,Divorced,No,Had COVID,1,,,20260909001
166,76,Female,Christian,Married,No,None,4,,,20260909001
167,20,Female,Christian,Single,No,Bereaved,2,,,20260909001
168,63,Female,No religion,Married,No,Bereaved,2,,,20260909001
169,64,Male,No religion,Married,No,None,4,,,20260909001
170,32,Male,Christian,Single,No,Bereaved,1,,,20260909001
171,30,Male,Christian,Single,No,Bereaved,1,,,20260909001
172,30,Female,Not answered,Married,Yes,Had COVID,4,,,20260909001
173,33,Female,Christian,Single,Yes,None,3,,,20260909001
174,43,Male,Christian,Married,Yes,None,3,,,20260909001
175,58,Female,Christian,Divorced,No,Had COVID,4,,,20260909001
176,67,Male,No religion,Single,No,Had COVID,3,,,20260909001
177,57,Male,No religion,Divorced,Yes,Had COVID,2,,,20260909001
178,74,Female,Christian,Widowed,No,Bereaved,4,,,20260909001
179,62,Male,No religion,Married,No,Bereaved,3,,,20260909001
180,29,Female,Muslim,Single,No,None,2,,,20260909001
181,42,Male,Not answered,Divorced,No,None,2,,,20260909001
182,33,Female,Christian,Divorced,No,None,2,,,20260909001
183,84,Female,Other religion,Married,No,Bereaved,3,,,20260909001
184,29,Male,Christian,Single,No,Bereaved,2,,,20260909001
185,34,Female,Muslim,Single,No,None,2,,,20260909001
186,68,Female,Christian,Married,No,None,1,,,20260909001
187,39,Male,Christian,Married,Yes,None,1,,,20260909001
188,19,Female,No religion,Single,No,None,2,,,20260909001
189,71,Female,No religion,Widowed,No,None,4,,,20260909001
190,30,Female,Christian,Single,No,Bereaved,1,,,20260909001
191,90,Male,Christian,Widowed,No,None,3,,,20260909001
192,79,Male,Christian,Widowed,No,Had COVID,4,,,20260909001
193,54,Male,No religion,Married,No,Had COVID,1,,,20260909001
194,54,Female,Sikh,Married,No,Bereaved,3,3,Communitarianism,20260909001
195,75,Female,No religion,Widowed,No,Had COVID,1,,,20260909001
196,66,Female,Christian,Married,No,None,1,,,20260909001
197,23,Female,Christian,Single,No,Had COVID,1,,,20260909001
198,40,Female,Christian,Single,Yes,None,2,4,Conspiracy Ideation,20260909001
199,49,Male,Christian,Married,No,Bereaved,1,,,20260909001
200,39,Male,No religion,Married,Yes,Had COVID,3,,,20260909001
201,83,Male,Christian,Married,No,Had COVID,4,,,20260909001
202,50,Female,No religion,Divorced,No,Had COVID,1,3,Communitarianism,20260909001
203,51,Female,Christian,Married,No,Long COVID,3,,,20260909001
204,73,Female,Christian,Married,No,None,4,,,20260909001
205,23,Female,No religion,Single,No,Had COVID,1,,,20260909001
206,33,Male,Christian,Single,Yes,Had COVID,3,,,20260909001
207,82,Male,Christian,Widowed,No,None,3,,,20260909001
208,55,Male,No religion,Married,No,Bereaved,2,5,Institutional Trust and Technocratic Governance,20260909001
209,61,Male,Christian,Single,No,None,2,,,20260909001
210,39,Female,Christian,Single,No,None,2,,,20260909001
211,88,Female,Christian,Married,No,Bereaved,4,,,20260909001
212,61,Female,Christian,Married,No,Long COVID,2,,,20260909001
213,57,Male,No religion,Married,Yes,Had COVID,2,,,20260909001
214,60,Female,Christian,Married,No,Had COVID,2,,,20260909001
215,80,Male,Christian,Married,No,None,2,1,Scientific Rationalism,20260909001
216,55,Female,Christian,Married,No,Long COVID,1,,,20260909001
217,50,Female,No religion,Divorced,No,Had COVID,2,,,20260909001
218,35,Male,Christian,Married,Yes,None,4,,,20260909001
219,56,Female,No religion,Married,No,Had COVID,2,,,20260909001
220,66,Male,Christian,Single,No,Had COVID,1,,,20260909001
221,29,Female,Christian,Widowed,Yes,None,4,,,20260909001
222,19,Male,Christian,Single,No,None,3,,,20260909001
223,49,Male,Muslim,Divorced,No,None,3,,,20260909001
224,73,Female,Christian,Widowed,No,None,1,,,20260909001
225,48,Male,Christian,Separated,Yes,Had COVID,1,,,20260909001
226,81,Female,Christian,Widowed,No,None,3,,,20260909001
227,35,Male,Jewish,Married,Yes,Had COVID,4,,,20260909001
228,45,Male,No religion,Divorced,No,None,4,,,20260909001
229,20,Female,Christian,Single,No,Had COVID,4,,,20260909001
230,70,Male,Not answered,Married,No,None,1,,,20260909001
231,30,Male,No religion,Single,No,None,3,,,20260909001
232,33,Male,No religion,Married,No,Had COVID,4,,,20260909001
233,24,Female,No religion,Single,No,Had COVID,2,,,20260909001
234,58,Male,Christian,Married,No,Had COVID,4,,,20260909001
235,79,Male,Christian,Widowed,Yes,Had COVID,1,,,20260909001
236,31,Female,No religion,Married,No,None,2,,,20260909001
237,76,Male,No religion,Single,No,Had COVID,4,,,20260909001
238,68,Female,Christian,Single,No,None,1,3,Communitarianism,20260909001
239,82,Male,Muslim,Married,No,None,2,,,20260909001
240,39,Female,No religion,Married,Yes,Had COVID,2,2,Libertarianism,20260909001
241,47,Female,Christian,Married,Yes,None,4,,,20260909001
242,26,Male,No religion,Married,No,Had COVID,2,,,20260909001
243,62,Male,No religion,Married,No,Had COVID,3,,,20260909001
244,30,Female,No religion,Single,No,Bereaved,3,,,20260909001
245,41,Female,Christian,Married,No,None,1,,,20260909001
246,34,Male,No religion,Single,Yes,Had COVID,3,,,20260909001
247,85,Male,No religion,Married,No,None,3,,,20260909001
248,23,Male,Christian,Single,No,Had COVID,3,,,20260909001
249,30,Female,Christian,Single,Yes,None,4,,,20260909001
250,24,Female,Christian,Single,No,None,2,,,20260909001
251,45,Female,Not answered,Single,No,Had COVID,1,,,20260909001
252,58,Female,No religion,Married,No,None,2,,,20260909001
253,90,Female,No religion,Divorced,No,Had COVID,3,,,20260909001
254,52,Male,No religion,Married,Yes,Had COVID,4,,,20260909001
255,42,Female,Christian,Married,Yes,Had COVID,4,,,20260909001
256,22,Male,Christian,Single,No,Had COVID,1,,,20260909001
257,22,Female,No religion,Single,No,None,3,,,20260909001
258,51,Female,Christian,Married,No,None,4,,,20260909001
259,58,Male,No religion,Married,No,Bereaved,4,,,20260909001
260,48,Male,Buddhist,Single,Yes,None,2,,,20260909001
261,64,Male,Christian,Divorced,No,Bereaved,2,,,20260909001
262,54,Male,Christian,Married,Yes,Had COVID,2,,,20260909001
263,37,Female,Christian,Married,No,Long COVID,3,,,20260909001
264,25,Male,Jewish,Single,No,Had COVID,1,,,20260909001
265,87,Female,No religion,Married,No,None,1,,,20260909001
266,78,Female,Christian,Married,No,Had COVID,1,,,20260909001
267,45,Male,Christian,Single,No,Had COVID,3,,,20260909001
268,41,Female,Christian,Married,No,None,3,,,20260909001
269,27,Female,No religion,Married,Yes,None,4,,,20260909001
270,73,Female,Not answered,Married,No,Bereaved,2,,,20260909001
271,45,Male,No religion,Married,No,None,3,,,20260909001
272,70,Male,Christian,Married,No,None,1,,,20260909001
273,70,Female,No religion,Married,No,None,2,,,20260909001
274,77,Male,Christian,Married,No,Had COVID,1,,,20260909001
275,31,Male,Christian,Married,Yes,None,4,,,20260909001
276,27,Male,Christian,Single,No,None,3,,,20260909001
277,31,Male,Jewish,Divorced,Yes,Had COVID,3,,,20260909001
278,47,Male,Christian,Married,No,Had COVID,3,,,20260909001
279,60,Female,No religion,Married,No,None,4,3,Communitarianism,20260909001
280,36,Male,Hindu,Single,No,None,4,,,20260909001
281,72,Female,Christian,Married,No,None,1,,,20260909001
282,21,Male,Christian,Single,No,Had COVID,3,,,20260909001
283,34,Female,Christian,Single,No,None,4,,,20260909001
284,28,Female,Christian,Separated,Yes,None,1,,,20260909001
285,26,Female,No religion,Single,No,Bereaved,3,3,Communitarianism,20260909001
286,48,Male,No religion,Married,No,None,3,,,20260909001
287,81,Male,Christian,Married,No,Bereaved,4,,,20260909001
288,40,Male,Muslim,Single,Yes,Had COVID,3,,,20260909001
289,38,Male,No religion,Divorced,Yes,Had COVID,4,,,20260909001
290,32,Male,Christian,Single,No,Had COVID,4,,,20260909001
291,43,Female,Christian,Married,Yes,None,4,,,20260909001
292,75,Male,Christian,Married,No,None,1,,,20260909001
293,54,Female,Christian,Married,No,Had COVID,4,,,20260909001
294,79,Male,Not answered,Married,No,Had COVID,2,,,20260909001
295,46,Male,No religion,Single,No,Had COVID,1,,,20260909001
296,44,Female,Christian,Single,No,Had COVID,3,,,20260909001
297,56,Female,No religion,Married,Yes,Had COVID,1,,,20260909001
298,26,Female,Not answered,Married,No,None,2,,,20260909001
299,44,Male,No religion,Divorced,No,None,3,,,20260909001
300,19,Female,No religion,Single,No,Bereaved,3,,,20260909001
301,68,Female,No religion,Married,No,Bereaved,2,,,20260909001
302,35,Female,Christian,Single,No,Bereaved,2,,,20260909001
303,60,Male,Christian,Married,No,None,1,,,20260909001
304,62,Male,Christian,Married,No,None,3,,,20260909001
305,41,Female,No religion,Married,Yes,Had COVID,3,,,20260909001
306,27,Female,No religion,Married,No,None,4,,,20260909001
307,22,Male,No religion,Single,No,None,2,,,20260909001
308,75,Male,Christian,Single,No,Bereaved,3,,,20260909001
309,73,Male,Not answered,Married,No,Had COVID,3,,,20260909001
310,31,Female,No religion,Single,No,Bereaved,3,4,Conspiracy Ideation,20260909001
311,50,Male,No religion,Married,No,None,4,,,20260909001
312,33,Female,No religion,Married,Yes,Bereaved,2,,,20260909001
313,27,Male,Christian,Single,No,Had COVID,2,,,20260909001
314,68,Male,Christian,Married,No,Had COVID,4,,,20260909001
315,90,Female,No religion,Divorced,No,None,1,,,20260909001
316,67,Female,Christian,Widowed,No,Had COVID,2,,,20260909001
317,77,Female,Muslim,Divorced,No,Bereaved,1,,,20260909001
318,78,Female,Christian,Married,No,None,4,,,20260909001
319,82,Male,Christian,Single,No,None,2,,,20260909001
320,77,Male,Not answered,Single,No,None,3,,,20260909001
321,25,Male,No religion,Married,No,None,4,,,20260909001
322,51,Male,Christian,Married,No,Had COVID,3,,,20260909001
323,43,Female,Christian,Married,Yes,None,1,,,20260909001
324,75,Male,No religion,Married,No,None,1,,,20260909001
325,19,Female,Christian,Single,No,Had COVID,4,,,20260909001
326,27,Female,No religion,Single,No,Had COVID,1,,,20260909001
327,22,Male,No religion,Single,No,Had COVID,3,,,20260909001
328,65,Male,Christian,Married,No,Bereaved,4,,,20260909001
329,55,Male,Christian,Married,No,None,2,,,20260909001
330,85,Male,Christian,Widowed,No,None,2,,,20260909001
331,49,Female,No religion,Single,No,None,2,,,20260909001
332,57,Male,Christian,Single,No,None,3,,,20260909001
333,64,Male,Not answered,Married,No,Had COVID,4,4,Conspiracy Ideation,20260909001
334,87,Female,Christian,Married,No,None,1,,,20260909001
335,26,Male,No religion,Divorced,Yes,Had COVID,4,,,20260909001
336,49,Male,Christian,Married,No,None,2,,,20260909001
337,34,Female,Christian,Single,No,Long COVID,3,,,20260909001
338,35,Male,Christian,Married,Yes,Had COVID,4,,,20260909001
339,47,Female,No religion,Married,Yes,None,3,,,20260909001
340,53,Female,No religion,Married,No,None,4,,,20260909001
341,77,Female,Christian,Married,No,None,3,,,20260909001
342,75,Male,Christian,Married,No,None,2,,,20260909001
343,21,Male,Hindu,Single,No,None,2,,,20260909001
344,28,Male,No religion,Married,No,Bereaved,4,,,20260909001
345,72,Male,Christian,Married,No,Bereaved,3,,,20260909001
346,67,Female,No religion,Widowed,No,None,3,,,20260909001
347,22,Male,No religion,Single,No,None,1,,,20260909001
348,66,Female,Christian,Married,No,None,2,,,20260909001
349,53,Female,Christian,Divorced,No,Had COVID,3,,,20260909001
350,22,Male,Christian,Single,No,None,1,,,20260909001
351,87,Female,Christian,Married,No,None,1,,,20260909001
352,46,Female,No religion,Single,Yes,Had COVID,3,,,20260909001
353,62,Female,Christian,Married,No,None,4,,,20260909001
354,51,Female,No religion,Widowed,Yes,Had COVID,3,,,20260909001
355,48,Female,No religion,Married,No,None,2,,,20260909001
356,21,Female,Christian,Single,No,None,4,,,20260909001
357,21,Male,Christian,Single,No,None,4,,,20260909001
358,53,Male,Muslim,Widowed,No,Had COVID,3,,,20260909001
359,57,Female,No religion,Single,No,Had COVID,4,,,20260909001
360,37,Male,Not answered,Married,No,Had COVID,3,,,20260909001
361,74,Male,No religion,Widowed,No,None,2,,,20260909001
362,85,Female,Hindu,Single,No,None,4,,,20260909001
363,41,Female,Christian,Separated,No,Had COVID,4,,,20260909001
364,59,Female,Christian,Divorced,No,Had COVID,4,,,20260909001
365,42,Male,Christian,Single,Yes,Had COVID,1,,,20260909001
366,76,Female,Christian,Divorced,No,None,3,,,20260909001
367,76,Female,No religion,Widowed,No,None,2,,,20260909001
368,52,Female,Hindu,Married,No,Had COVID,4,,,20260909001
369,25,Female,Hindu,Married,Yes,Had COVID,2,5,Institutional Trust and Technocratic Governance,20260909001
370,68,Male,No religion,Married,No,None,2,,,20260909001
371,54,Female,Christian,Married,No,Bereaved,3,,,20260909001
372,54,Female,No religion,Married,No,Bereaved,1,,,20260909001
373,52,Female,No religion,Married,No,None,4,,,20260909001
374,42,Female,No religion,Divorced,Yes,Had COVID,2,,,20260909001
375,18,Male,Christian,Single,No,None,4,,,20260909001
376,66,Female,No religion,Married,No,Had COVID,4,,,20260909001
377,34,Female,Christian,Married,No,None,2,,,20260909001
378,82,Male,No religion,Single,No,Bereaved,1,,,20260909001
379,53,Male,No religion,Divorced,No,Had COVID,4,,,20260909001
380,47,Female,Christian,Separated,Yes,Long COVID,1,,,20260909001
381,90,Male,Christian,Married,No,None,3,,,20260909001
382,40,Male,Christian,Divorced,No,None,1,,,20260909001
383,43,Male,Christian,Married,Yes,None,4,,,20260909001
384,47,Female,No religion,Married,Yes,Long COVID,4,,,20260909001
385,58,Male,No religion,Married,No,None,1,,,20260909001
386,70,Female,No religion,Married,No,Had COVID,1,4,Conspiracy Ideation,20260909001
387,43,Female,No religion,Single,No,None,3,,,20260909001
388,53,Male,Christian,Married,No,None,2,,,20260909001
389,45,Male,No religion,Married,Yes,Had COVID,1,,,20260909001
390,62,Male,Christian,Divorced,No,Had COVID,1,,,20260909001
391,63,Female,Buddhist,Single,No,Had COVID,4,,,20260909001
392,72,Female,No religion,Widowed,No,None,2,,,20260909001
393,68,Female,Christian,Divorced,No,None,2,,,20260909001
394,72,Female,Christian,Widowed,No,None,2,,,20260909001
395,34,Male,Christian,Divorced,Yes,None,4,,,20260909001
396,63,Male,No religion,Married,No,Had COVID,2,,,20260909001
397,29,Female,Christian,Married,No,None,1,,,20260909001
398,58,Male,No religion,Married,No,Had COVID,2,,,20260909001
399,26,Female,Christian,Married,No,None,1,,,20260909001
400,75,Male,No religion,Divorced,No,None,2,4,Conspiracy Ideation,20260909001
401,34,Female,No religion,Single,Yes,Had COVID,3,,,20260909001
402,66,Female,Muslim,Single,No,None,3,,,20260909001
403,38,Female,Christian,Single,No,None,2,,,20260909001
404,32,Female,Christian,Single,No,None,1,,,20260909001
405,58,Female,No religion,Married,No,Had COVID,2,,,20260909001
406,80,Male,Not answered,Married,No,Had COVID,2,,,20260909001
407,44,Male,Christian,Divorced,No,Long COVID,2,,,20260909001
408,19,Male,No religion,Married,No,None,2,,,20260909001
409,61,Female,No religion,Widowed,No,Had COVID,2,,,20260909001
410,41,Female,Christian,Married,No,None,4,,,20260909001
411,48,Female,Christian,Divorced,Yes,Had COVID,2,,,20260909001
412,83,Male,No religion,Divorced,No,None,4,,,20260909001
413,56,Female,Christian,Married,No,Had COVID,2,,,20260909001
414,67,Female,No religion,Widowed,No,None,4,,,20260909001
415,26,Female,Christian,Single,No,Bereaved,4,,,20260909001
416,65,Female,Christian,Married,No,None,3,,,20260909001
417,22,Female,No religion,Single,No,Bereaved,1,1,Scientific Rationalism,20260909001
418,58,Male,No religion,Widowed,No,None,1,,,20260909001
419,37,Male,Christian,Widowed,Yes,Had COVID,2,,,20260909001
420,75,Female,Christian,Widowed,No,Bereaved,1,,,20260909001
421,73,Male,Christian,Widowed,No,Bereaved,1,,,20260909001
422,56,Female,Christian,Married,No,Had COVID,1,,,20260909001
423,23,Male,Sikh,Single,No,Had COVID,1,,,20260909001
424,28,Female,No religion,Single,No,None,3,,,20260909001
425,26,Male,Christian,Single,No,Bereaved,4,,,20260909001
426,63,Male,Christian,Married,No,Had COVID,3,,,20260909001
427,75,Male,No religion,Married,No,Bereaved,1,,,20260909001
428,55,Male,No religion,Divorced,No,Had COVID,4,,,20260909001
429,31,Female,Christian,Single,Yes,None,3,5,Institutional Trust and Technocratic Governance,20260909001
430,65,Male,Christian,Married,No,None,2,3,Communitarianism,20260909001
431,50,Female,Christian,Single,No,Had COVID,4,,,20260909001
432,60,Male,No religion,Single,No,Had COVID,1,,,20260909001
433,80,Female,Christian,Widowed,No,None,3,,,20260909001
434,56,Male,No religion,Married,No,Had COVID,2,,,20260909001
435,58,Female,Christian,Widowed,No,None,3,,,20260909001
436,18,Male,Christian,Single,No,None,4,,,20260909001
437,61,Male,Christian,Married,No,Had COVID,1,4,Conspiracy Ideation,20260909001
438,57,Female,Christian,Married,No,Bereaved,3,,,20260909001
439,74,Male,No religion,Divorced,No,None,2,,,20260909001
440,29,Male,Christian,Single,Yes,Had COVID,2,2,Libertarianism,20260909001
441,25,Female,Christian,Single,No,None,1,,,20260909001
442,74,Male,Christian,Widowed,No,Long COVID,1,,,20260909001
443,29,Male,Christian,Single,Yes,None,2,,,20260909001
444,33,Male,Not answered,Single,No,Had COVID,2,,,20260909001
445,55,Female,Christian,Married,Yes,Bereaved,2,,,20260909001
446,55,Female,No religion,Married,No,Had COVID,4,,,20260909001
447,57,Male,No religion,Married,No,Bereaved,4,,,20260909001
448,41,Male,No religion,Married,Yes,None,4,,,20260909001
449,61,Male,No religion,Married,No,None,2,,,20260909001
450,70,Female,No religion,Divorced,No,Had COVID,2,,,20260909001
451,48,Female,Not answered,Married,No,Had COVID,4,,,20260909001
452,53,Female,No religion,Married,No,Bereaved,1,,,20260909001
453,68,Female,No religion,Widowed,No,None,3,,,20260909001
454,31,Male,Christian,Single,No,Had COVID,1,,,20260909001
455,44,Male,Christian,Married,No,None,4,,,20260909001
456,42,Male,No religion,Married,No,None,4,,,20260909001
457,84,Male,Christian,Married,No,None,4,,,20260909001
458,31,Male,No religion,Single,No,None,4,,,20260909001
459,67,Female,No religion,Married,No,None,3,,,20260909001
460,53,Male,Christian,Divorced,No,Bereaved,1,5,Institutional Trust and Technocratic Governance,20260909001
461,56,Male,No religion,Married,No,Bereaved,4,1,Scientific Rationalism,20260909001
462,37,Male,Christian,Married,No,None,1,,,20260909001
463,75,Female,Not answered,Widowed,No,None,2,4,Conspiracy Ideation,20260909001
464,21,Female,Muslim,Single,No,None,1,,,20260909001
465,18,Female,Christian,Single,No,Had COVID,3,,,20260909001
466,58,Male,Hindu,Married,No,Had COVID,3,,,20260909001
467,85,Male,Christian,Single,No,Had COVID,4,,,20260909001
468,34,Male,Christian,Married,Yes,Had COVID,2,4,Conspiracy Ideation,20260909001
469,55,Male,Christian,Married,No,Had COVID,3,,,20260909001
470,31,Male,No religion,Single,Yes,Had COVID,2,,,20260909001
471,33,Female,Christian,Married,Yes,None,2,,,20260909001
472,80,Male,Christian,Widowed,No,None,3,,,20260909001
473,45,Male,Christian,Married,Yes,Long COVID,1,,,20260909001
474,85,Male,Christian,Married,No,Had COVID,2,,,20260909001
475,19,Female,No religion,Single,No,None,3,,,20260909001
476,55,Male,No religion,Married,No,Had COVID,1,,,20260909001
477,67,Male,No religion,Married,No,Bereaved,2,,,20260909001
478,70,Male,Christian,Married,No,Bereaved,2,,,20260909001
479,34,Male,Christian,Married,Yes,None,1,,,20260909001
480,82,Male,Christian,Married,No,None,1,,,20260909001
481,25,Female,Muslim,Single,No,Long COVID,2,,,20260909001
482,57,Male,Christian,Married,Yes,None,2,,,20260909001
483,54,Male,Christian,Separated,No,None,1,,,20260909001
484,63,Female,No religion,Widowed,No,None,3,,,20260909001
485,37,Female,Not answered,Married,Yes,Had COVID,4,,,20260909001
486,65,Male,Christian,Married,No,None,2,,,20260909001
487,31,Male,No religion,Single,No,None,2,,,20260909001
488,50,Female,Buddhist,Single,No,None,4,,,20260909001
489,30,Male,No religion,Married,Yes,None,2,,,20260909001
490,37,Male,No religion,Divorced,No,Had COVID,3,,,20260909001
491,74,Female,Muslim,Single,No,Bereaved,3,,,20260909001
492,53,Male,Christian,Divorced,Yes,Had COVID,3,,,20260909001
493,56,Male,Christian,Married,No,Had COVID,2,4,Conspiracy Ideation,20260909001
494,53,Male,Christian,Divorced,No,None,3,,,20260909001
495,31,Female,Christian,Married,Yes,Had COVID,2,,,20260909001
496,65,Male,No religion,Divorced,No,Long COVID,3,,,20260909001
497,59,Male,Muslim,Single,No,Had COVID,1,,,20260909001
498,33,Male,Christian,Single,Yes,Had COVID,1,,,20260909001
499,38,Male,No religion,Divorced,No,None,2,,,20260909001
500,45,Male,No religion,Single,Yes,None,1,,,20260909001
501,70,Female,No religion,Widowed,No,None,2,,,20260909001
502,67,Female,No religion,Married,No,Had COVID,4,,,20260909001
503,47,Female,Christian,Married,Yes,Had COVID,4,,,20260909001
504,60,Male,No religion,Married,No,Long COVID,3,,,20260909001
505,90,Female,Not answered,Widowed,No,None,3,2,Libertarianism,20260909001
506,46,Male,Christian,Single,Yes,None,1,,,20260909001
507,47,Male,Christian,Divorced,Yes,Had COVID,1,,,20260909001
508,20,Male,Muslim,Single,No,None,3,,,20260909001
509,26,Female,Christian,Single,No,Had COVID,4,,,20260909001
510,43,Female,Christian,Married,Yes,Had COVID,2,2,Libertarianism,20260909001
511,50,Female,Christian,Married,No,Had COVID,1,,,20260909001
512,55,Male,No religion,Divorced,No,None,1,,,20260909001
513,43,Female,Christian,Divorced,Yes,Had COVID,2,,,20260909001
514,74,Male,No religion,Widowed,No,Had COVID,2,,,20260909001
515,57,Female,Christian,Divorced,No,Had COVID,3,,,20260909001
516,47,Male,Christian,Married,Yes,Had COVID,2,,,20260909001
517,69,Female,Christian,Widowed,No,Had COVID,2,,,20260909001
518,36,Female,Hindu,Married,Yes,Had COVID,1,,,20260909001
519,60,Male,Christian,Married,No,None,4,,,20260909001
520,49,Female,Other religion,Married,No,None,2,,,20260909001
521,57,Female,No religion,Married,No,Had COVID,3,,,20260909001
522,53,Male,Christian,Married,No,Bereaved,4,,,20260909001
523,63,Female,Christian,Divorced,No,Had COVID,2,,,20260909001
524,71,Male,Christian,Married,No,None,2,,,20260909001
525,23,Male,Christian,Single,No,Had COVID,4,,,20260909001
526,30,Female,Muslim,Single,No,Had COVID,2,,,20260909001
527,26,Male,Christian,Single,No,None,2,,,20260909001
528,40,Female,Christian,Married,No,None,2,,,20260909001
529,78,Male,No religion,Divorced,No,None,4,3,Communitarianism,20260909001
530,39,Male,Christian,Married,Yes,None,3,,,20260909001
531,44,Female,Hindu,Married,Yes,None,4,,,20260909001
532,39,Female,Christian,Separated,No,Had COVID,4,,,20260909001
533,80,Female,Christian,Divorced,No,Had COVID,4,4,Conspiracy Ideation,20260909001
534,44,Female,Christian,Single,No,Bereaved,2,,,20260909001
535,24,Female,Christian,Single,No,Had COVID,4,,,20260909001
536,25,Male,No religion,Single,No,None,4,,,20260909001
537,76,Male,No religion,Married,No,None,2,,,20260909001
538,29,Male,Christian,Single,No,Had COVID,2,4,Conspiracy Ideation,20260909001
539,24,Male,Christian,Single,No,None,1,,,20260909001
540,40,Female,Christian,Married,No,Had COVID,3,,,20260909001
541,40,Female,Christian,Single,No,Had COVID,2,,,20260909001
542,54,Male,No religion,Single,Yes,None,2,,,20260909001
543,50,Female,Christian,Divorced,No,None,2,,,20260909001
544,75,Male,Christian,Married,No,Bereaved,4,,,20260909001
545,69,Male,No religion,Divorced,No,None,1,,,20260909001
546,58,Male,No religion,Married,No,None,2,,,20260909001
547,24,Male,Muslim,Single,No,None,1,,,20260909001
548,70,Male,Christian,Divorced,No,None,2,3,Communitarianism,20260909001
549,22,Male,No religion,Single,No,Long COVID,2,,,20260909001
550,44,Male,Muslim,Single,Yes,None,1,,,20260909001
551,52,Male,Christian,Married,Yes,None,4,,,20260909001
552,46,Female,Christian,Married,No,Long COVID,1,,,20260909001
553,28,Male,No religion,Single,No,None,2,,,20260909001
554,34,Male,Christian,Single,Yes,None,4,,,20260909001
555,77,Female,No religion,Married,No,Had COVID,3,,,20260909001
556,61,Female,Christian,Divorced,No,Had COVID,3,,,20260909001
557,44,Female,No religion,Married,Yes,None,1,,,20260909001
558,20,Male,No religion,Divorced,No,Had COVID,4,,,20260909001
559,54,Male,Other religion,Widowed,No,None,1,,,20260909001
560,59,Female,No religion,Married,No,Had COVID,1,,,20260909001
561,19,Female,No religion,Single,No,None,4,,,20260909001
562,57,Male,Christian,Married,No,Had COVID,1,,,20260909001
563,20,Female,Not answered,Single,No,Had COVID,3,,,20260909001
564,66,Female,Not answered,Married,No,Bereaved,2,,,20260909001
565,42,Female,Not answered,Widowed,No,Had COVID,2,,,20260909001
566,31,Male,Muslim,Married,Yes,Bereaved,3,5,Institutional Trust and Technocratic Governance,20260909001
567,33,Male,Christian,Married,Yes,None,4,,,20260909001
568,35,Male,No religion,Single,No,None,3,,,20260909001
569,63,Female,Christian,Married,No,None,1,,,20260909001
570,23,Male,Christian,Single,No,Had COVID,2,,,20260909001
571,77,Male,Christian,Widowed,No,None,1,,,20260909001
572,36,Female,Christian,Married,Yes,None,3,,,20260909001
573,28,Male,No religion,Married,No,Had COVID,3,,,20260909001
574,30,Female,Christian,Single,No,None,2,,,20260909001
575,31,Female,No religion,Single,No,None,1,,,20260909001
576,62,Female,Not answered,Single,No,Bereaved,1,,,20260909001
577,61,Female,No religion,Married,No,None,1,,,20260909001
578,49,Male,Not answered,Single,Yes,None,4,,,20260909001
579,82,Female,No religion,Married,Yes,Had COVID,2,,,20260909001
580,20,Male,Christian,Single,No,None,4,,,20260909001
581,54,Female,Christian,Married,Yes,None,2,,,20260909001
582,29,Male,Christian,Single,No,None,1,,,20260909001
583,74,Female,Hindu,Married,No,None,4,,,20260909001
584,48,Male,No religion,Married,Yes,Had COVID,2,,,20260909001
585,57,Male,No religion,Single,No,None,2,1,Scientific Rationalism,20260909001
586,58,Female,Christian,Divorced,No,Had COVID,2,,,20260909001
587,34,Female,No religion,Single,Yes,None,2,,,20260909001
588,31,Female,Christian,Divorced,No,Bereaved,1,,,20260909001
589,77,Male,Not answered,Married,No,None,3,,,20260909001
590,75,Female,Christian,Married,No,Bereaved,3,5,Institutional Trust and Technocratic Governance,20260909001
591,67,Female,Christian,Widowed,Yes,None,3,,,20260909001
592,29,Male,Christian,Single,No,None,2,3,Communitarianism,20260909001
593,37,Female,Hindu,Married,Yes,None,3,,,20260909001
594,27,Female,Christian,Married,Yes,Had COVID,4,,,20260909001
595,34,Female,No religion,Single,No,Had COVID,4,,,20260909001
596,52,Male,No religion,Married,Yes,Had COVID,2,,,20260909001
597,57,Female,Christian,Married,No,Bereaved,4,,,20260909001
598,40,Male,No religion,Married,No,None,1,,,20260909001
599,86,Male,No religion,Married,No,Had COVID,2,,,20260909001
600,50,Female,Christian,Married,Yes,None,2,,,20260909001
601,51,Female,Not answered,Married,No,Bereaved,2,,,20260909001
602,49,Male,Christian,Married,No,None,3,,,20260909001
603,22,Female,Christian,Married,No,Bereaved,1,,,20260909001
604,59,Female,No religion,Divorced,No,Had COVID,3,,,20260909001
605,72,Female,Christian,Married,No,None,1,,,20260909001
606,63,Female,Not answered,Widowed,No,None,3,,,20260909001
607,57,Male,Christian,Married,Yes,Had COVID,2,,,20260909001
608,46,Male,No religion,Married,No,Had COVID,3,,,20260909001
609,73,Female,Christian,Widowed,No,None,4,,,20260909001
610,26,Male,No religion,Single,No,None,4,,,20260909001
611,44,Female,No religion,Married,No,None,2,,,20260909001
612,24,Male,Christian,Single,No,Had COVID,3,,,20260909001
613,87,Female,Christian,Married,No,None,2,,,20260909001
614,53,Male,Christian,Divorced,Yes,Long COVID,2,,,20260909001
615,43,Female,Christian,Single,Yes,None,3,,,20260909001
616,33,Female,Muslim,Widowed,No,Had COVID,2,,,20260909001
617,90,Female,Christian,Widowed,No,Had COVID,2,,,20260909001
618,70,Male,No religion,Married,No,None,1,,,20260909001
619,72,Male,No religion,Divorced,No,Bereaved,4,,,20260909001
620,67,Female,Christian,Married,No,Had COVID,3,,,20260909001
621,35,Female,No religion,Widowed,Yes,Had COVID,1,,,20260909001
622,87,Male,Christian,Widowed,No,None,4,,,20260909001
623,28,Male,Christian,Married,No,None,3,,,20260909001
624,61,Male,No religion,Single,No,None,1,,,20260909001
625,40,Female,No religion,Widowed,No,Had COVID,2,,,20260909001
626,30,Male,Christian,Married,Yes,None,2,,,20260909001
627,33,Female,Muslim,Single,Yes,None,2,,,20260909001
628,62,Male,Other religion,Married,No,Had COVID,2,,,20260909001
629,41,Female,No religion,Single,No,None,1,,,20260909001
630,42,Female,Christian,Married,Yes,Had COVID,1,,,20260909001
631,26,Female,No religion,Married,No,Had COVID,1,,,20260909001
632,60,Male,No religion,Married,No,None,3,,,20260909001
633,38,Female,Christian,Single,Yes,Had COVID,1,,,20260909001
634,36,Male,Christian,Widowed,Yes,Bereaved,4,,,20260909001
635,18,Male,Christian,Single,No,None,3,,,20260909001
636,54,Male,Christian,Married,No,Had COVID,2,,,20260909001
637,31,Male,No religion,Single,No,None,2,,,20260909001
638,28,Male,Christian,Single,No,None,1,,,20260909001
639,38,Male,Christian,Married,No,Had COVID,4,,,20260909001
640,56,Male,Christian,Married,No,None,1,,,20260909001
641,89,Female,Not answered,Married,No,None,1,,,20260909001
642,45,Female,No religion,Married,Yes,None,2,,,20260909001
643,49,Female,Hindu,Married,Yes,Had COVID,4,,,20260909001
644,73,Male,Christian,Divorced,No,None,3,,,20260909001
645,87,Female,Christian,Married,No,None,3,,,20260909001
646,55,Female,No religion,Married,No,Had COVID,3,,,20260909001
647,32,Female,Christian,Single,No,Had COVID,3,,,20260909001
648,31,Female,Christian,Married,Yes,Had COVID,1,,,20260909001
649,49,Male,Christian,Married,Yes,Had COVID,3,,,20260909001
650,60,Male,Christian,Married,No,Had COVID,4,,,20260909001
651,63,Male,No religion,Married,No,Had COVID,1,,,20260909001
652,32,Female,No religion,Single,Yes,Bereaved,2,,,20260909001
653,64,Female,Muslim,Single,No,Bereaved,1,,,20260909001
654,81,Female,No religion,Married,No,Had COVID,4,,,20260909001
655,79,Male,Christian,Married,No,Had COVID,3,,,20260909001
656,38,Female,Muslim,Married,Yes,Had COVID,2,,,20260909001
657,51,Female,Christian,Married,No,Had COVID,2,,,20260909001
658,40,Female,No religion,Single,No,None,3,,,20260909001
659,36,Male,Christian,Married,Yes,None,1,,,20260909001
660,34,Female,Christian,Divorced,No,None,4,,,20260909001
661,41,Female,Muslim,Married,Yes,Bereaved,2,,,20260909001
662,52,Female,No religion,Married,No,None,3,,,20260909001
663,77,Male,Christian,Married,No,None,1,,,20260909001
664,64,Female,No religion,Divorced,No,None,2,,,20260909001
665,43,Male,Christian,Married,No,Long COVID,3,,,20260909001
666,18,Female,Hindu,Single,No,None,1,,,20260909001
667,45,Female,No religion,Divorced,Yes,None,3,,,20260909001
668,78,Female,Christian,Widowed,No,Had COVID,2,,,20260909001
669,83,Female,No religion,Widowed,No,Had COVID,1,,,20260909001
670,30,Female,Christian,Single,Yes,None,3,,,20260909001
671,63,Female,Christian,Widowed,No,None,2,,,20260909001
672,62,Male,Christian,Married,No,Had COVID,3,,,20260909001
673,89,Female,Christian,Married,No,Had COVID,1,,,20260909001
674,37,Male,Christian,Married,No,Had COVID,1,,,20260909001
675,45,Female,Muslim,Married,No,None,2,,,20260909001
676,60,Male,No religion,Married,No,Bereaved,3,,,20260909001
677,56,Male,Not answered,Single,No,Had COVID,1,,,20260909001
678,39,Female,No religion,Married,No,None,2,1,Scientific Rationalism,20260909001
679,40,Female,No religion,Married,Yes,None,3,,,20260909001
680,37,Male,No religion,Married,No,None,4,5,Institutional Trust and Technocratic Governance,20260909001
681,25,Male,Christian,Single,No,Had COVID,1,,,20260909001
682,55,Female,Muslim,Divorced,No,Had COVID,3,,,20260909001
683,40,Female,No religion,Married,No,None,4,,,20260909001
684,47,Female,Christian,Married,Yes,Had COVID,1,,,20260909001
685,67,Male,Christian,Married,No,Bereaved,3,,,20260909001
686,77,Male,Christian,Married,No,None,3,,,20260909001
687,32,Male,Not answered,Single,No,Had COVID,1,1,Scientific Rationalism,20260909001
688,35,Male,Christian,Married,Yes,Had COVID,4,,,20260909001
689,31,Female,Christian,Married,No,None,4,,,20260909001
690,30,Male,No religion,Married,No,Had COVID,3,5,Institutional Trust and Technocratic Governance,20260909001
691,23,Female,Christian,Single,No,None,4,,,20260909001
692,90,Female,Christian,Married,No,None,3,,,20260909001
693,65,Female,Muslim,Widowed,No,None,2,,,20260909001
694,42,Male,No religion,Married,Yes,Had COVID,3,,,20260909001
695,37,Male,No religion,Married,No,Had COVID,3,,,20260909001
696,44,Female,No religion,Divorced,Yes,None,3,,,20260909001
697,29,Male,No religion,Single,No,Had COVID,3,,,20260909001
698,66,Male,No religion,Married,No,None,2,,,20260909001
699,67,Male,Christian,Married,Yes,Had COVID,3,,,20260909001
700,65,Male,Not answered,Married,No,Long COVID,1,,,20260909001
701,18,Male,Christian,Single,No,Bereaved,3,,,20260909001
702,39,Male,No religion,Married,Yes,Long COVID,2,,,20260909001
703,48,Male,Christian,Married,Yes,Had COVID,3,,,20260909001
704,29,Male,Christian,Married,No,Bereaved,3,,,20260909001
705,60,Female,No religion,Divorced,Yes,None,1,,,20260909001
706,51,Female,Christian,Married,No,Had COVID,1,,,20260909001
707,26,Female,No religion,Married,No,Long COVID,1,,,20260909001
708,22,Male,No religion,Single,No,None,4,,,20260909001
709,77,Male,Not answered,Married,No,None,1,,,20260909001
710,23,Female,Not answered,Single,No,Had COVID,4,,,20260909001
711,40,Male,Christian,Single,Yes,Had COVID,1,,,20260909001
712,58,Male,Christian,Married,No,None,2,5,Institutional Trust and Technocratic Governance,20260909001
713,63,Male,No religion,Married,No,Bereaved,2,,,20260909001
714,36,Female,Muslim,Divorced,Yes,Had COVID,2,,,20260909001
715,43,Male,Christian,Married,No,None,1,,,20260909001
716,73,Male,No religion,Married,No,None,3,,,20260909001
717,58,Male,Christian,Married,No,Had COVID,4,,,20260909001
718,34,Female,Christian,Single,No,None,1,,,20260909001
719,50,Male,Muslim,Married,No,None,2,,,20260909001
720,68,Male,Christian,Widowed,No,None,2,,,20260909001
721,30,Male,Christian,Single,No,Had COVID,3,,,20260909001
722,21,Female,No religion,Single,No,Had COVID,3,,,20260909001
723,65,Female,No religion,Widowed,No,None,2,,,20260909001
724,30,Male,Christian,Single,No,Had COVID,1,,,20260909001
725,22,Female,Muslim,Single,Yes,Had COVID,4,,,20260909001
726,77,Male,Christian,Married,Yes,None,2,,,20260909001
727,27,Female,Christian,Single,No,Had COVID,1,,,20260909001
728,32,Female,Christian,Single,Yes,None,3,,,20260909001
729,82,Female,Christian,Widowed,No,Bereaved,2,,,20260909001
730,67,Female,No religion,Married,No,None,3,,,20260909001
731,66,Female,No religion,Widowed,No,None,3,2,Libertarianism,20260909001
732,72,Female,Christian,Single,No,None,1,,,20260909001
733,34,Female,No religion,Single,Yes,Had COVID,1,,,20260909001
734,20,Female,Christian,Married,No,Bereaved,2,,,20260909001
735,25,Male,No religion,Divorced,No,Had COVID,4,,,20260909001
736,19,Male,Christian,Single,No,None,1,,,20260909001
737,57,Male,Muslim,Married,No,Had COVID,3,2,Libertarianism,20260909001
738,75,Female,Sikh,Married,No,None,1,1,Scientific Rationalism,20260909001
739,28,Male,Christian,Divorced,No,None,3,2,Libertarianism,20260909001
740,58,Male,Christian,Married,No,None,4,,,20260909001
741,38,Female,Not answered,Divorced,No,Had COVID,2,,,20260909001
742,48,Male,No religion,Single,No,Had COVID,2,,,20260909001
743,18,Male,Christian,Single,No,None,2,,,20260909001
744,59,Male,No religion,Single,No,Had COVID,3,,,20260909001
745,57,Male,Christian,Married,No,None,4,,,20260909001
746,24,Male,Christian,Single,No,None,2,,,20260909001
747,31,Female,No religion,Married,No,Had COVID,3,,,20260909001
748,68,Male,No religion,Married,No,None,2,,,20260909001
749,78,Female,No religion,Widowed,No,None,4,,,20260909001
750,34,Female,No religion,Single,Yes,Had COVID,2,,,20260909001
751,83,Female,No religion,Married,No,Had COVID,3,,,20260909001
752,90,Female,Christian,Widowed,No,None,4,,,20260909001
753,66,Female,Christian,Married,No,Bereaved,1,,,20260909001
754,53,Female,No religion,Married,No,Had COVID,3,,,20260909001
755,18,Female,Christian,Single,No,None,3,,,20260909001
756,46,Female,Not answered,Married,No,Had COVID,4,,,20260909001
757,55,Female,Christian,Divorced,No,None,2,,,20260909001
758,71,Male,Christian,Widowed,No,None,4,2,Libertarianism,20260909001
759,74,Male,Christian,Divorced,No,None,4,,,20260909001
760,74,Male,Christian,Widowed,No,None,1,,,20260909001
761,71,Female,Hindu,Widowed,No,Had COVID,3,,,20260909001
762,23,Female,No religion,Single,No,Had COVID,2,,,20260909001
763,18,Female,Christian,Single,No,Had COVID,4,2,Libertarianism,20260909001
764,53,Female,Christian,Single,No,None,3,,,20260909001
765,19,Male,Christian,Single,No,None,4,,,20260909001
766,52,Male,No religion,Married,No,None,1,,,20260909001
767,41,Male,Christian,Single,No,Had COVID,2,,,20260909001
768,54,Female,No religion,Single,Yes,Had COVID,3,,,20260909001
769,77,Female,Christian,Married,No,Had COVID,1,,,20260909001
770,56,Female,No religion,Divorced,No,Had COVID,1,,,20260909001
771,21,Female,No religion,Single,No,Bereaved,1,,,20260909001
772,59,Female,Christian,Married,Yes,Had COVID,1,3,Communitarianism,20260909001
773,29,Male,No religion,Married,No,None,1,,,20260909001
774,70,Female,Christian,Widowed,No,None,3,,,20260909001
775,55,Female,Jewish,Married,Yes,None,2,,,20260909001
776,68,Female,Christian,Divorced,No,None,4,,,20260909001
777,35,Female,Muslim,Married,Yes,Long COVID,4,,,20260909001
778,75,Male,No religion,Married,No,Had COVID,3,,,20260909001
779,51,Female,Muslim,Married,No,None,1,,,20260909001
780,34,Female,Christian,Single,No,None,3,,,20260909001
781,59,Female,Christian,Married,Yes,Had COVID,4,,,20260909001
782,21,Male,Christian,Single,No,None,2,1,Scientific Rationalism,20260909001
783,56,Male,No religion,Divorced,No,None,1,3,Communitarianism,20260909001
784,38,Male,No religion,Married,No,None,3,,,20260909001
785,80,Male,Christian,Married,No,None,3,,,20260909001
786,26,Male,No religion,Single,Yes,None,2,,,20260909001
787,18,Female,No religion,Single,No,None,2,,,20260909001
788,23,Female,Christian,Single,No,Bereaved,4,,,20260909001
789,35,Male,Christian,Married,No,None,2,,,20260909001
790,68,Female,Christian,Married,No,None,2,,,20260909001
791,59,Female,Christian,Married,No,None,3,,,20260909001
792,20,Female,Buddhist,Single,No,Had COVID,3,,,20260909001
793,30,Female,Christian,Single,No,Bereaved,1,,,20260909001
794,26,Male,Christian,Single,No,None,1,,,20260909001
795,62,Male,Not answered,Single,No,Bereaved,3,,,20260909001
796,54,Female,Christian,Married,No,Had COVID,3,,,20260909001
797,48,Male,Christian,Separated,No,Had COVID,1,,,20260909001
798,82,Male,Christian,Married,No,None,2,5,Institutional Trust and Technocratic Governance,20260909001
799,37,Female,No religion,Married,Yes,Had COVID,4,4,Conspiracy Ideation,20260909001
800,48,Male,No religion,Married,No,None,2,,,20260909001
801,41,Female,Christian,Single,Yes,None,3,4,Conspiracy Ideation,20260909001
802,50,Male,No religion,Single,No,Had COVID,2,3,Communitarianism,20260909001
803,57,Female,Christian,Single,No,Had COVID,3,,,20260909001
804,38,Female,Christian,Married,Yes,Had COVID,4,,,20260909001
805,76,Male,No religion,Married,No,Bereaved,2,,,20260909001
806,90,Female,Christian,Married,No,None,1,,,20260909001
807,60,Male,No religion,Married,No,None,3,,,20260909001
808,46,Female,Other religion,Separated,No,Had COVID,3,,,20260909001
809,42,Female,No religion,Widowed,Yes,None,1,,,20260909001
810,71,Female,No religion,Married,No,Had COVID,1,,,20260909001
811,80,Male,Christian,Divorced,No,Had COVID,2,,,20260909001
812,50,Female,Muslim,Divorced,No,Long COVID,4,,,20260909001
813,24,Male,Muslim,Single,Yes,Had COVID,2,,,20260909001
814,24,Male,No religion,Single,No,None,2,,,20260909001
815,55,Male,No religion,Divorced,No,Had COVID,1,,,20260909001
816,19,Male,No religion,Single,No,Bereaved,1,,,20260909001
817,20,Female,Christian,Single,No,Had COVID,1,,,20260909001
818,77,Female,Christian,Divorced,No,None,3,5,Institutional Trust and Technocratic Governance,20260909001
819,37,Male,No religion,Married,Yes,Had COVID,1,,,20260909001
820,36,Male,Christian,Married,No,Had COVID,2,,,20260909001
821,21,Female,No religion,Single,No,Had COVID,3,1,Scientific Rationalism,20260909001
822,67,Female,Christian,Single,No,Bereaved,4,,,20260909001
823,79,Female,No religion,Widowed,No,None,1,,,20260909001
824,90,Male,Not answered,Married,No,None,2,,,20260909001
825,30,Female,Christian,Married,No,None,2,,,20260909001
826,85,Female,Christian,Married,No,None,2,,,20260909001
827,47,Male,Christian,Single,No,Bereaved,2,,,20260909001
828,25,Male,Christian,Single,No,None,1,,,20260909001
829,78,Female,Christian,Widowed,No,None,4,,,20260909001
830,47,Female,Hindu,Married,Yes,Bereaved,1,,,20260909001
831,60,Female,Christian,Divorced,No,None,2,,,20260909001
832,56,Female,Christian,Married,Yes,None,3,2,Libertarianism,20260909001
833,31,Female,No religion,Single,No,Bereaved,2,,,20260909001
834,57,Female,No religion,Single,No,None,2,,,20260909001
835,53,Female,Muslim,Married,No,Had COVID,2,,,20260909001
836,35,Male,Christian,Married,No,Bereaved,2,,,20260909001
837,18,Female,Christian,Single,No,None,1,2,Libertarianism,20260909001
838,37,Female,Muslim,Married,No,Had COVID,4,,,20260909001
839,81,Female,Christian,Married,No,None,1,,,20260909001
840,45,Female,No religion,Married,No,Had COVID,4,,,20260909001
841,37,Male,Christian,Single,No,Had COVID,3,,,20260909001
842,56,Male,No religion,Single,No,Bereaved,4,,,20260909001
843,58,Female,Christian,Married,No,None,2,,,20260909001
844,48,Female,Not answered,Married,Yes,None,3,,,20260909001
845,22,Male,No religion,Single,No,Bereaved,2,,,20260909001
846,73,Male,No religion,Single,No,Had COVID,4,,,20260909001
847,44,Male,Christian,Married,No,Had COVID,1,,,20260909001
848,38,Female,Christian,Single,No,Had COVID,4,,,20260909001
849,56,Male,No religion,Married,No,Had COVID,1,,,20260909001
850,59,Male,Christian,Single,No,Had COVID,2,,,20260909001
851,30,Female,No religion,Single,Yes,Had COVID,1,2,Libertarianism,20260909001
852,36,Male,No religion,Married,No,None,1,,,20260909001
853,38,Male,Christian,Married,Yes,Had COVID,3,,,20260909001
854,90,Female,Not answered,Widowed,No,Had COVID,1,,,20260909001
855,63,Male,No religion,Single,Yes,None,3,,,20260909001
856,30,Male,Muslim,Single,No,Had COVID,4,,,20260909001
857,72,Female,Christian,Married,No,None,3,,,20260909001
858,61,Female,Muslim,Married,No,None,1,,,20260909001
859,69,Female,Christian,Married,No,Had COVID,4,,,20260909001
860,75,Female,No religion,Married,No,Had COVID,4,,,20260909001
861,58,Male,Christian,Married,No,None,4,,,20260909001
862,87,Female,Christian,Married,No,Had COVID,1,,,20260909001
863,45,Male,Christian,Married,Yes,None,3,,,20260909001
864,42,Female,Muslim,Divorced,No,Had COVID,1,,,20260909001
865,45,Female,No religion,Single,No,None,4,,,20260909001
866,32,Female,No religion,Married,No,Had COVID,2,,,20260909001
867,59,Female,No religion,Married,No,None,3,,,20260909001
868,44,Male,Christian,Married,No,None,1,,,20260909001
869,32,Female,No religion,Separated,Yes,Had COVID,4,,,20260909001
870,21,Female,Not answered,Single,No,None,2,,,20260909001
871,26,Female,Christian,Single,No,None,1,,,20260909001
872,90,Male,Christian,Married,No,None,1,,,20260909001
873,56,Male,Christian,Married,No,Had COVID,2,,,20260909001
874,66,Female,Christian,Widowed,No,None,4,,,20260909001
875,72,Female,Christian,Single,No,None,3,2,Libertarianism,20260909001
876,40,Female,Christian,Single,Yes,Had COVID,1,,,20260909001
877,36,Male,Christian,Married,Yes,None,3,,,20260909001
878,69,Female,Christian,Married,No,None,1,5,Institutional Trust and Technocratic Governance,20260909001
879,35,Male,Christian,Married,Yes,Had COVID,3,,,20260909001
880,52,Female,Christian,Widowed,No,Had COVID,3,,,20260909001
881,60,Male,Other religion,Married,No,Bereaved,1,,,20260909001
882,35,Male,Sikh,Married,No,None,3,,,20260909001
883,22,Female,Christian,Single,No,Bereaved,4,,,20260909001
884,68,Male,No religion,Divorced,No,Had COVID,3,,,20260909001
885,50,Female,Not answered,Married,No,Bereaved,1,,,20260909001
886,66,Male,Muslim,Married,No,Had COVID,3,,,20260909001
887,47,Female,No religion,Married,Yes,Long COVID,4,,,20260909001
888,83,Female,No religion,Divorced,No,None,3,,,20260909001
889,26,Male,Not answered,Married,No,None,1,,,20260909001
890,46,Female,Christian,Single,No,Had COVID,1,,,20260909001
891,65,Male,Christian,Married,No,Had COVID,1,,,20260909001
892,73,Male,No religion,Married,No,Bereaved,1,,,20260909001
893,48,Female,Christian,Married,Yes,Had COVID,3,,,20260909001
894,40,Female,No religion,Married,Yes,Bereaved,3,,,20260909001
895,28,Female,Hindu,Married,No,Had COVID,3,,,20260909001
896,58,Female,Sikh,Single,No,None,3,,,20260909001
897,32,Female,Not answered,Single,No,Had COVID,1,,,20260909001
898,42,Female,Not answered,Married,Yes,Bereaved,3,,,20260909001
899,20,Male,No religion,Single,No,None,3,,,20260909001
900,24,Female,No religion,Divorced,No,Had COVID,4,,,20260909001
901,42,Female,No religion,Single,No,Had COVID,1,,,20260909001
902,54,Male,Christian,Married,No,None,2,,,20260909001
903,86,Female,Christian,Married,No,Had COVID,3,,,20260909001
904,18,Female,Christian,Single,No,None,1,,,20260909001
905,58,Female,Not answered,Widowed,No,Had COVID,2,,,20260909001
906,78,Male,Christian,Widowed,No,None,2,,,20260909001
907,41,Female,Muslim,Single,Yes,Bereaved,4,,,20260909001
908,74,Female,No religion,Married,No,Bereaved,3,,,20260909001
909,42,Female,Hindu,Divorced,No,None,1,2,Libertarianism,20260909001
910,67,Male,Christian,Married,No,None,2,,,20260909001
911,33,Male,No religion,Divorced,Yes,Had COVID,3,,,20260909001
912,65,Female,Not answered,Widowed,No,Had COVID,3,,,20260909001
913,40,Female,Christian,Married,No,Had COVID,4,,,20260909001
914,69,Male,No religion,Widowed,No,None,3,,,20260909001
915,80,Female,Muslim,Married,No,Long COVID,2,,,20260909001
916,50,Female,No religion,Married,Yes,Long COVID,2,,,20260909001
917,49,Female,Muslim,Single,No,Had COVID,1,,,20260909001
918,75,Female,Jewish,Single,No,None,2,5,Institutional Trust and Technocratic Governance,20260909001
919,64,Male,No religion,Married,No,Had COVID,4,,,20260909001
920,53,Male,Christian,Married,Yes,Long COVID,2,5,Institutional Trust and Technocratic Governance,20260909001
921,66,Female,Hindu,Married,No,None,2,,,20260909001
922,76,Female,Christian,Married,No,None,1,,,20260909001
923,58,Male,No religion,Single,No,Long COVID,3,,,20260909001
924,38,Female,Christian,Married,No,None,4,,,20260909001
925,23,Male,Muslim,Single,No,Had COVID,2,,,20260909001
926,38,Female,No religion,Single,No,None,2,,,20260909001
927,29,Male,Christian,Single,Yes,Had COVID,3,,,20260909001
928,23,Male,Christian,Single,No,Had COVID,2,2,Libertarianism,20260909001
929,40,Male,Christian,Married,Yes,None,4,,,20260909001
930,45,Male,No religion,Single,No,None,4,2,Libertarianism,20260909001
931,43,Female,Christian,Single,Yes,None,1,,,20260909001
932,24,Female,Christian,Single,No,Had COVID,1,,,20260909001
933,29,Female,Christian,Single,No,Had COVID,3,,,20260909001
934,23,Female,No religion,Single,No,Bereaved,3,,,20260909001
935,38,Female,No religion,Married,Yes,Had COVID,2,,,20260909001
936,56,Female,No religion,Married,No,Had COVID,1,,,20260909001
937,22,Female,Christian,Single,No,Bereaved,3,,,20260909001
938,37,Female,No religion,Married,Yes,None,2,,,20260909001
939,24,Male,No religion,Single,No,Bereaved,2,,,20260909001
940,62,Female,Muslim,Widowed,No,Had COVID,1,,,20260909001
941,47,Female,No religion,Married,No,None,4,,,20260909001
942,58,Female,No religion,Married,No,Had COVID,2,1,Scientific Rationalism,20260909001
943,46,Male,Christian,Married,No,Bereaved,4,3,Communitarianism,20260909001
944,41,Male,Christian,Married,No,None,4,,,20260909001
945,57,Male,Not answered,Married,No,None,2,,,20260909001
946,83,Male,Christian,Married,No,Bereaved,1,,,20260909001
947,57,Male,Christian,Separated,No,None,2,,,20260909001
948,73,Female,Christian,Married,No,Bereaved,2,,,20260909001
949,69,Male,No religion,Married,No,Bereaved,1,,,20260909001
950,36,Male,Not answered,Divorced,Yes,Bereaved,3,,,20260909001
951,79,Female,Christian,Widowed,No,None,4,,,20260909001
952,36,Female,No religion,Married,No,Long COVID,3,5,Institutional Trust and Technocratic Governance,20260909001
953,42,Male,Christian,Married,No,Had COVID,1,,,20260909001
954,28,Female,Hindu,Married,Yes,None,1,,,20260909001
955,57,Male,Christian,Married,No,Had COVID,4,2,Libertarianism,20260909001
956,42,Male,Christian,Married,No,Had COVID,4,,,20260909001
957,33,Male,Christian,Single,Yes,None,3,,,20260909001
958,39,Female,No religion,Married,Yes,Bereaved,4,,,20260909001
959,63,Female,Christian,Married,No,None,3,,,20260909001
960,82,Female,No religion,Divorced,No,Bereaved,1,,,20260909001
961,56,Male,Muslim,Single,No,Had COVID,1,,,20260909001
962,55,Male,No religion,Separated,Yes,Bereaved,3,,,20260909001
963,48,Male,Christian,Married,Yes,Had COVID,3,,,20260909001
964,43,Female,Not answered,Married,Yes,Long COVID,3,,,20260909001
965,33,Male,Muslim,Single,No,Had COVID,1,,,20260909001
966,68,Male,Christian,Married,No,Had COVID,3,4,Conspiracy Ideation,20260909001
967,23,Female,Christian,Single,No,Had COVID,3,,,20260909001
968,58,Male,Christian,Single,No,Had COVID,4,,,20260909001
969,26,Female,Christian,Married,No,None,1,,,20260909001
970,39,Female,No religion,Married,No,Had COVID,2,,,20260909001
971,21,Male,Christian,Married,No,None,1,,,20260909001
972,43,Female,No religion,Single,Yes,Bereaved,1,,,20260909001
973,81,Male,No religion,Married,No,Bereaved,4,,,20260909001
974,50,Male,Christian,Married,No,None,2,,,20260909001
975,74,Male,Muslim,Married,No,Had COVID,1,,,20260909001
976,75,Male,Christian,Married,No,None,3,,,20260909001
977,85,Female,No religion,Married,No,Had COVID,2,,,20260909001
978,25,Male,No religion,Single,No,None,4,3,Communitarianism,20260909001
979,47,Male,No religion,Married,Yes,Had COVID,4,,,20260909001
980,73,Male,Christian,Married,No,Had COVID,2,,,20260909001
981,50,Female,No religion,Married,No,Had COVID,2,,,20260909001
982,46,Female,Christian,Divorced,No,Had COVID,1,,,20260909001
983,70,Female,Christian,Widowed,No,None,1,,,20260909001
984,36,Female,No religion,Married,Yes,None,4,,,20260909001
985,38,Female,No religion,Married,No,None,4,,,20260909001
986,42,Male,Christian,Married,Yes,Bereaved,3,,,20260909001
987,79,Female,No religion,Married,No,None,3,,,20260909001
988,60,Male,Christian,Married,No,Bereaved,4,1,Scientific Rationalism,20260909001
989,63,Male,Sikh,Married,No,Long COVID,4,,,20260909001
990,19,Male,No religion,Single,No,None,4,,,20260909001
991,63,Male,Christian,Married,No,Long COVID,4,,,20260909001
992,77,Female,Christian,Widowed,No,Had COVID,3,,,20260909001
993,47,Female,Christian,Married,No,None,3,2,Libertarianism,20260909001
994,25,Female,Christian,Married,No,None,2,,,20260909001
995,75,Female,Christian,Widowed,No,Had COVID,4,,,20260909001
996,42,Male,No religion,Single,No,Had COVID,1,,,20260909001
997,62,Female,Other religion,Married,No,Had COVID,2,,,20260909001
998,19,Male,Christian,Single,No,Had COVID,4,,,20260909001
999,71,Male,Hindu,Single,No,Bereaved,4,5,Institutional Trust and Technocratic Governance,20260909001
1000,43,Male,No religion,Married,Yes,None,2,,,20260909001
1001,54,Male,Muslim,Married,No,Had COVID,4,,,20260909001
1002,40,Female,No religion,Single,Yes,Had COVID,1,,,20260909001
1003,21,Male,Christian,Single,No,None,1,,,20260909001
1004,62,Female,No religion,Divorced,No,None,1,,,20260909001
1005,90,Female,Christian,Widowed,No,Bereaved,4,,,20260909001
1006,34,Female,Muslim,Single,Yes,Bereaved,1,,,20260909001
1007,45,Male,Christian,Married,No,None,4,,,20260909001
1008,53,Female,Christian,Divorced,No,None,1,,,20260909001
1009,34,Male,No religion,Single,Yes,Had COVID,4,3,Communitarianism,20260909001
1010,31,Female,Buddhist,Single,Yes,Had COVID,4,,,20260909001
1011,54,Female,No religion,Widowed,No,None,4,4,Conspiracy Ideation,20260909001
1012,57,Male,Christian,Single,No,None,4,,,20260909001
1013,32,Male,Christian,Single,No,None,1,,,20260909001
1014,62,Male,No religion,Married,No,None,1,2,Libertarianism,20260909001
1015,55,Female,Not answered,Divorced,No,None,1,,,20260909001
1016,61,Male,Muslim,Divorced,No,Had COVID,3,,,20260909001
1017,82,Male,Not answered,Married,No,None,2,,,20260909001
1018,58,Female,Not answered,Married,No,None,2,1,Scientific Rationalism,20260909001
1019,44,Female,No religion,Single,Yes,Bereaved,1,,,20260909001
1020,71,Female,Christian,Married,No,Bereaved,2,,,20260909001
1021,39,Female,No religion,Single,No,Had COVID,1,,,20260909001
1022,60,Male,Christian,Divorced,No,None,1,,,20260909001
1023,31,Male,Muslim,Single,No,None,3,,,20260909001
1024,70,Male,Christian,Married,No,Had COVID,4,,,20260909001
1025,78,Male,Christian,Widowed,No,None,1,3,Communitarianism,20260909001
1026,28,Male,No religion,Single,No,None,1,,,20260909001
1027,35,Male,Christian,Single,Yes,None,4,,,20260909001
1028,40,Female,No religion,Married,Yes,None,2,,,20260909001
1029,19,Male,Christian,Single,No,None,1,,,20260909001
1030,64,Male,Christian,Married,No,Long COVID,2,,,20260909001
1031,31,Female,Christian,Married,No,Had COVID,1,,,20260909001
1032,22,Male,No religion,Single,No,None,3,,,20260909001
1033,44,Male,No religion,Divorced,Yes,Had COVID,1,,,20260909001
1034,70,Female,Christian,Widowed,No,Had COVID,2,,,20260909001
1035,90,Male,Christian,Separated,No,None,1,,,20260909001
1036,64,Male,No religion,Single,No,Had COVID,1,,,20260909001
1037,70,Female,Christian,Married,No,None,1,,,20260909001
1038,68,Male,Christian,Married,No,Had COVID,2,,,20260909001
1039,49,Female,Christian,Single,No,Had COVID,4,,,20260909001
1040,50,Female,Christian,Married,Yes,None,2,5,Institutional Trust and Technocratic Governance,20260909001
1041,67,Male,Christian,Married,No,Had COVID,1,,,20260909001
1042,56,Male,Not answered,Married,No,Bereaved,1,,,20260909001
1043,78,Female,Not answered,Divorced,No,None,1,,,20260909001
1044,39,Female,Not answered,Married,Yes,Had COVID,2,,,20260909001
1045,34,Female,Christian,Single,No,None,1,,,20260909001
1046,61,Female,Muslim,Married,No,Had COVID,1,,,20260909001
1047,55,Male,No religion,Divorced,No,Had COVID,3,,,20260909001
1048,45,Male,Christian,Married,Yes,None,2,,,20260909001
1049,88,Female,Christian,Widowed,No,Had COVID,1,,,20260909001
1050,77,Male,No religion,Married,No,Bereaved,2,,,20260909001
1051,47,Female,Christian,Married,Yes,None,4,,,20260909001
1052,45,Female,Hindu,Married,No,None,2,,,20260909001
1053,78,Female,Christian,Single,No,None,3,,,20260909001
1054,73,Male,No religion,Divorced,No,Had COVID,4,,,20260909001
1055,41,Male,Christian,Single,Yes,Had COVID,1,,,20260909001
1056,50,Female,Christian,Divorced,No,Had COVID,4,,,20260909001
1057,54,Female,Christian,Separated,No,Had COVID,3,,,20260909001
1058,23,Female,Christian,Single,No,None,3,,,20260909001
1059,65,Male,No religion,Divorced,No,Had COVID,2,,,20260909001
1060,73,Female,No religion,Married,No,Had COVID,3,,,20260909001
1061,55,Male,No religion,Widowed,No,Had COVID,3,,,20260909001
1062,60,Male,Christian,Married,No,None,4,,,20260909001
1063,42,Female,No religion,Widowed,Yes,None,4,1,Scientific Rationalism,20260909001
1064,39,Female,No religion,Married,No,Had COVID,3,,,20260909001
1065,61,Female,Sikh,Widowed,No,Bereaved,2,,,20260909001
1066,63,Male,Christian,Divorced,Yes,Had COVID,1,2,Libertarianism,20260909001
1067,56,Male,No religion,Divorced,No,None,4,,,20260909001
1068,39,Male,No religion,Single,Yes,None,4,,,20260909001
1069,24,Female,Christian,Single,No,Bereaved,1,,,20260909001
1070,25,Male,No religion,Single,Yes,Bereaved,3,,,20260909001
1071,67,Female,Christian,Married,No,None,3,,,20260909001
1072,65,Female,No religion,Divorced,No,Had COVID,2,,,20260909001
1073,48,Female,Christian,Single,Yes,None,1,,,20260909001
1074,61,Female,Muslim,Married,No,Bereaved,2,4,Conspiracy Ideation,20260909001
1075,71,Male,No religion,Married,No,None,3,,,20260909001
1076,37,Male,No religion,Single,No,Bereaved,3,,,20260909001
1077,57,Female,Muslim,Married,No,Bereaved,1,,,20260909001
1078,75,Male,Not answered,Married,No,Bereaved,3,,,20260909001
1079,45,Female,Christian,Married,Yes,None,2,,,20260909001
1080,42,Male,No religion,Divorced,No,Long COVID,3,,,20260909001
1081,72,Male,Hindu,Single,No,Had COVID,2,,,20260909001
1082,58,Male,Christian,Married,No,None,4,,,20260909001
1083,55,Male,Christian,Married,Yes,Long COVID,3,,,20260909001
1084,21,Female,Christian,Single,No,Had COVID,4,,,20260909001
1085,53,Male,Christian,Married,No,None,4,,,20260909001
1086,44,Male,Christian,Single,Yes,None,4,,,20260909001
1087,59,Male,Christian,Divorced,No,Bereaved,2,,,20260909001
1088,65,Male,Christian,Married,No,None,3,,,20260909001
1089,24,Female,No religion,Single,No,Had COVID,4,,,20260909001
1090,38,Female,No religion,Single,Yes,None,4,,,20260909001
1091,53,Female,No religion,Single,No,None,1,,,20260909001
1092,56,Male,Christian,Married,No,Had COVID,3,,,20260909001
1093,21,Male,Muslim,Single,No,Had COVID,1,,,20260909001
1094,35,Female,No religion,Married,No,Had COVID,4,,,20260909001
1095,64,Male,No religion,Married,No,Had COVID,3,,,20260909001
1096,48,Male,Buddhist,Married,Yes,None,1,,,20260909001
1097,57,Male,No religion,Married,Yes,Had COVID,2,,,20260909001
1098,81,Male,Christian,Widowed,No,None,3,,,20260909001
1099,60,Female,Christian,Married,No,None,2,,,20260909001
1100,45,Female,Hindu,Married,Yes,Had COVID,2,,,20260909001
1101,43,Male,No religion,Married,Yes,None,2,,,20260909001
1102,47,Female,Hindu,Married,No,None,2,,,20260909001
1103,84,Male,No religion,Married,No,Bereaved,3,,,20260909001
1104,83,Male,Christian,Married,No,Had COVID,4,,,20260909001
1105,40,Female,Muslim,Divorced,Yes,None,2,,,20260909001
1106,40,Male,Christian,Single,No,Bereaved,4,,,20260909001
1107,18,Male,Christian,Single,No,None,4,,,20260909001
1108,57,Male,Christian,Married,No,Had COVID,2,,,20260909001
1109,64,Female,Christian,Married,No,Had COVID,3,,,20260909001
1110,56,Female,No religion,Married,Yes,Had COVID,3,,,20260909001
1111,24,Female,No religion,Single,No,Had COVID,2,,,20260909001
1112,73,Female,Muslim,Married,No,None,1,,,20260909001
1113,35,Male,Christian,Married,No,Had COVID,1,,,20260909001
1114,70,Male,No religion,Divorced,No,None,1,,,20260909001
1115,66,Female,Christian,Widowed,No,None,3,1,Scientific Rationalism,20260909001
1116,61,Male,Christian,Married,No,Had COVID,4,,,20260909001
1117,46,Male,Muslim,Married,No,None,2,,,20260909001
1118,90,Male,No religion,Married,No,None,4,,,20260909001
1119,63,Male,Christian,Married,No,None,3,,,20260909001
1120,41,Female,No religion,Divorced,No,None,4,,,20260909001
1121,28,Female,No religion,Divorced,No,Had COVID,3,,,20260909001
1122,32,Female,Not answered,Married,No,None,4,,,20260909001
1123,38,Male,Christian,Married,Yes,Bereaved,1,,,20260909001
1124,55,Female,No religion,Married,No,None,1,,,20260909001
1125,27,Female,No religion,Married,No,None,4,,,20260909001
1126,38,Male,Hindu,Married,Yes,Had COVID,2,,,20260909001
1127,78,Female,No religion,Married,No,None,4,1,Scientific Rationalism,20260909001
1128,35,Female,No religion,Married,Yes,Had COVID,4,,,20260909001
1129,58,Male,Jewish,Separated,No,None,3,2,Libertarianism,20260909001
1130,76,Male,Christian,Married,No,None,2,,,20260909001
1131,56,Male,No religion,Divorced,Yes,Had COVID,1,,,20260909001
1132,65,Female,No religion,Divorced,No,Had COVID,1,,,20260909001
1133,21,Male,No religion,Single,No,Had COVID,2,2,Libertarianism,20260909001
1134,36,Female,No religion,Married,No,Had COVID,4,,,20260909001
1135,59,Female,Muslim,Married,No,None,4,,,20260909001
1136,22,Female,Christian,Single,No,Had COVID,3,,,20260909001
1137,53,Male,Christian,Divorced,No,Had COVID,1,,,20260909001
1138,71,Female,Not answered,Divorced,No,Bereaved,2,,,20260909001
1139,22,Female,Not answered,Single,No,Had COVID,3,1,Scientific Rationalism,20260909001
1140,60,Female,Christian,Single,Yes,Had COVID,1,,,20260909001
1141,43,Male,No religion,Married,No,None,1,,,20260909001
1142,59,Male,Christian,Married,No,Had COVID,1,,,20260909001
1143,25,Male,No religion,Married,No,Had COVID,2,,,20260909001
1144,22,Female,Muslim,Single,No,None,3,,,20260909001
1145,84,Female,Not answered,Single,No,Bereaved,4,,,20260909001
1146,44,Male,Christian,Married,Yes,Bereaved,3,,,20260909001
1147,21,Male,Christian,Single,No,Had COVID,3,,,20260909001
1148,75,Female,Christian,Widowed,No,None,4,,,20260909001
1149,31,Male,No religion,Single,Yes,Had COVID,2,,,20260909001
1150,62,Male,No religion,Divorced,No,Bereaved,2,,,20260909001
1151,59,Female,Christian,Divorced,No,None,1,,,20260909001
1152,19,Female,Muslim,Single,No,None,4,5,Institutional Trust and Technocratic Governance,20260909001
1153,66,Female,No religion,Widowed,No,None,1,,,20260909001
1154,70,Female,Christian,Married,No,None,4,3,Communitarianism,20260909001
1155,66,Female,Christian,Divorced,No,None,1,,,20260909001
1156,34,Female,No religion,Divorced,Yes,None,2,,,20260909001
1157,48,Male,No religion,Single,Yes,Long COVID,2,,,20260909001
1158,65,Female,No religion,Married,No,Had COVID,1,,,20260909001
1159,50,Male,Christian,Married,No,Had COVID,4,,,20260909001
1160,58,Male,Muslim,Married,No,Had COVID,2,,,20260909001
1161,61,Female,No religion,Married,No,Had COVID,3,,,20260909001
1162,20,Male,No religion,Married,No,None,1,,,20260909001
1163,61,Male,No religion,Single,No,None,1,,,20260909001
1164,28,Female,Christian,Single,No,None,3,,,20260909001
1165,47,Female,Christian,Married,Yes,Had COVID,2,2,Libertarianism,20260909001
1166,38,Male,No religion,Married,Yes,None,2,,,20260909001
1167,64,Female,Christian,Married,No,Long COVID,2,,,20260909001
1168,20,Male,Christian,Single,No,Bereaved,4,,,20260909001
1169,74,Female,Not answered,Divorced,No,Had COVID,4,,,20260909001
1170,21,Female,No religion,Single,No,None,1,,,20260909001
1171,60,Male,Christian,Married,No,None,4,2,Libertarianism,20260909001
1172,25,Male,Not answered,Single,No,Had COVID,4,,,20260909001
1173,26,Male,No religion,Divorced,No,Had COVID,1,,,20260909001
1174,71,Male,Christian,Married,No,Bereaved,3,,,20260909001
1175,18,Female,Christian,Single,No,None,4,,,20260909001
1176,56,Male,No religion,Single,No,None,3,,,20260909001
1177,28,Female,No religion,Single,No,Had COVID,2,,,20260909001
1178,38,Male,No religion,Single,Yes,Had COVID,1,,,20260909001
1179,58,Male,Christian,Married,No,Had COVID,1,,,20260909001
1180,50,Male,No religion,Married,No,None,1,,,20260909001
1181,59,Male,Christian,Divorced,No,None,2,,,20260909001
1182,59,Male,Not answered,Married,No,Long COVID,1,,,20260909001
1183,21,Male,Buddhist,Married,No,None,2,,,20260909001
1184,25,Female,Sikh,Married,No,Had COVID,4,,,20260909001
1185,41,Male,No religion,Single,Yes,Had COVID,4,,,20260909001
1186,36,Female,No religion,Married,Yes,Had COVID,3,,,20260909001
1187,71,Female,Christian,Widowed,No,None,2,,,20260909001
1188,19,Female,Christian,Single,No,Had COVID,2,,,20260909001
1189,70,Female,Not answered,Single,Yes,Had COVID,3,,,20260909001
1190,60,Male,Not answered,Separated,No,Bereaved,4,,,20260909001
1191,46,Male,No religion,Married,No,Had COVID,3,,,20260909001
1192,41,Male,No religion,Divorced,Yes,Had COVID,1,,,20260909001
1193,55,Female,Christian,Married,Yes,Long COVID,1,,,20260909001
1194,30,Male,Christian,Single,Yes,None,1,,,20260909001
1195,36,Female,Christian,Married,Yes,None,3,2,Libertarianism,20260909001
1196,50,Female,Christian,Married,No,Bereaved,2,,,20260909001
1197,25,Female,No religion,Single,Yes,None,2,,,20260909001
1198,19,Male,No religion,Single,No,None,1,,,20260909001
1199,63,Male,No religion,Married,No,Had COVID,2,4,Conspiracy Ideation,20260909001
1200,77,Female,No religion,Married,No,Bereaved,3,,,20260909001
1201,52,Female,Christian,Married,No,Had COVID,1,,,20260909001
1202,82,Female,Christian,Married,No,None,4,,,20260909001
1203,79,Female,Christian,Married,No,Bereaved,2,,,20260909001
1204,33,Male,Christian,Single,No,Had COVID,1,,,20260909001
1205,33,Male,Christian,Single,No,Had COVID,1,,,20260909001
1206,29,Male,Christian,Married,No,Had COVID,1,,,20260909001
1207,58,Female,Muslim,Married,No,None,1,,,20260909001
1208,48,Male,Christian,Married,No,None,3,,,20260909001
1209,82,Female,Not answered,Widowed,No,None,4,,,20260909001
1210,41,Female,No religion,Married,No,Long COVID,1,,,20260909001
1211,22,Female,No religion,Single,No,None,2,,,20260909001
1212,29,Female,Not answered,Single,Yes,None,2,,,20260909001
1213,37,Female,No religion,Married,No,Had COVID,4,,,20260909001
1214,27,Female,No religion,Married,Yes,Had COVID,3,,,20260909001
1215,67,Male,No religion,Widowed,No,Had COVID,1,,,20260909001
1216,85,Female,No religion,Divorced,No,Had COVID,1,5,Institutional Trust and Technocratic Governance,20260909001
1217,38,Male,Christian,Married,No,None,3,,,20260909001
1218,62,Female,No religion,Widowed,No,None,3,,,20260909001
1219,35,Female,Muslim,Married,No,None,4,1,Scientific Rationalism,20260909001
1220,25,Female,No religion,Single,No,Had COVID,3,,,20260909001
1221,60,Female,No religion,Married,No,Had COVID,1,,,20260909001
1222,37,Male,Christian,Married,No,None,2,,,20260909001
1223,58,Male,Sikh,Divorced,No,Had COVID,3,,,20260909001
1224,62,Male,No religion,Married,No,None,2,,,20260909001
1225,70,Male,Christian,Widowed,No,None,3,,,20260909001
1226,80,Female,Buddhist,Widowed,No,Bereaved,2,,,20260909001
1227,46,Male,Christian,Married,Yes,None,1,,,20260909001
1228,26,Female,No religion,Single,No,Had COVID,4,,,20260909001
1229,65,Male,No religion,Married,No,Had COVID,1,,,20260909001
1230,21,Female,Christian,Single,No,Had COVID,4,,,20260909001
1231,53,Male,Christian,Separated,No,Had COVID,3,,,20260909001
1232,75,Female,Christian,Married,No,None,3,,,20260909001
1233,55,Female,No religion,Married,No,Bereaved,1,,,20260909001
1234,52,Male,No religion,Married,No,None,3,2,Libertarianism,20260909001
1235,47,Male,Muslim,Married,Yes,Had COVID,3,,,20260909001
1236,65,Female,Not answered,Divorced,No,Had COVID,4,,,20260909001
1237,60,Female,Christian,Married,Yes,None,4,,,20260909001
1238,60,Female,Christian,Divorced,No,Had COVID,1,,,20260909001
1239,48,Male,Christian,Married,No,Had COVID,1,,,20260909001
1240,58,Female,No religion,Married,No,None,4,,,20260909001
1241,69,Female,Christian,Married,No,Long COVID,4,,,20260909001
1242,71,Male,No religion,Married,No,None,4,,,20260909001
1243,33,Female,Christian,Married,No,Had COVID,2,,,20260909001
1244,41,Female,Other religion,Married,No,Bereaved,3,2,Libertarianism,20260909001
1245,59,Female,Christian,Single,No,None,3,,,20260909001
1246,44,Female,Muslim,Married,Yes,None,1,,,20260909001
1247,52,Female,No religion,Married,No,Bereaved,4,,,20260909001
1248,65,Female,Christian,Widowed,No,Had COVID,2,,,20260909001
1249,44,Female,No religion,Married,No,Had COVID,1,,,20260909001
1250,44,Male,No religion,Married,No,Long COVID,2,,,20260909001
1251,46,Female,No religion,Married,Yes,None,1,,,20260909001
1252,22,Male,No religion,Single,No,Long COVID,2,,,20260909001
1253,26,Male,Christian,Divorced,No,None,1,,,20260909001
1254,48,Male,Christian,Single,No,None,3,,,20260909001
1255,60,Female,No religion,Married,No,None,2,,,20260909001
1256,73,Female,Christian,Widowed,No,None,3,,,20260909001
1257,34,Male,Christian,Single,Yes,None,2,,,20260909001
1258,64,Male,Not answered,Married,No,None,2,,,20260909001
1259,20,Female,Christian,Single,No,Long COVID,2,,,20260909001
1260,27,Female,Christian,Married,Yes,Bereaved,3,,,20260909001
1261,64,Female,Christian,Married,No,Long COVID,4,,,20260909001
1262,72,Male,Christian,Married,No,None,1,,,20260909001
1263,45,Male,No religion,Separated,Yes,None,4,3,Communitarianism,20260909001
1264,22,Female,No religion,Single,No,None,1,,,20260909001
1265,31,Male,Christian,Single,No,None,1,2,Libertarianism,20260909001
1266,37,Female,Christian,Married,Yes,None,3,,,20260909001
1267,37,Female,No religion,Married,Yes,None,3,,,20260909001
1268,25,Male,Christian,Single,No,None,4,1,Scientific Rationalism,20260909001
1269,18,Male,Christian,Single,No,None,2,,,20260909001
1270,90,Male,No religion,Married,No,Bereaved,4,,,20260909001
1271,76,Male,No religion,Married,No,Had COVID,3,,,20260909001
1272,49,Female,Christian,Single,No,Had COVID,3,,,20260909001
1273,61,Male,Muslim,Married,No,None,1,,,20260909001
1274,43,Female,No religion,Single,Yes,None,3,,,20260909001
1275,32,Female,No religion,Single,Yes,Had COVID,4,,,20260909001
1276,90,Female,Christian,Married,No,Had COVID,2,1,Scientific Rationalism,20260909001
1277,57,Female,Christian,Married,No,Had COVID,3,,,20260909001
1278,38,Male,No religion,Married,No,Had COVID,3,,,20260909001
1279,45,Male,Not answered,Married,No,Had COVID,4,,,20260909001
1280,75,Female,No religion,Single,No,Had COVID,1,5,Institutional Trust and Technocratic Governance,20260909001
1281,45,Male,Not answered,Single,Yes,Had COVID,3,,,20260909001
1282,27,Male,No religion,Single,Yes,None,1,,,20260909001
1283,53,Male,No religion,Married,No,Had COVID,4,,,20260909001
1284,43,Female,Christian,Divorced,No,None,3,,,20260909001
1285,40,Female,Christian,Married,Yes,Bereaved,2,,,20260909001
1286,51,Male,Christian,Married,No,None,2,,,20260909001
1287,56,Female,Christian,Married,No,None,4,3,Communitarianism,20260909001
1288,59,Female,No religion,Married,No,Had COVID,4,,,20260909001
1289,77,Male,Other religion,Married,No,Had COVID,3,,,20260909001
1290,31,Female,No religion,Divorced,No,None,4,,,20260909001
1291,79,Female,Muslim,Married,No,None,2,,,20260909001
1292,86,Male,Hindu,Widowed,No,Had COVID,3,4,Conspiracy Ideation,20260909001
1293,61,Female,Other religion,Married,No,None,1,,,20260909001
1294,42,Female,Christian,Single,No,None,4,5,Institutional Trust and Technocratic Governance,20260909001
1295,81,Female,Christian,Widowed,No,None,3,,,20260909001
1296,18,Male,Not answered,Single,No,None,4,,,20260909001
1297,46,Female,Christian,Married,No,Bereaved,2,,,20260909001
1298,71,Female,No religion,Married,No,None,4,,,20260909001
1299,34,Female,No religion,Single,No,None,1,,,20260909001
1300,27,Female,Christian,Married,No,None,3,,,20260909001
1301,35,Male,Muslim,Single,Yes,Had COVID,4,,,20260909001
1302,47,Male,No religion,Married,No,Long COVID,3,,,20260909001
1303,27,Female,Christian,Single,No,Had COVID,3,,,20260909001
1304,32,Female,No religion,Single,No,None,2,,,20260909001
1305,29,Male,No religion,Single,No,None,1,4,Conspiracy Ideation,20260909001
1306,63,Male,Other religion,Single,No,None,3,,,20260909001
1307,78,Female,No religion,Widowed,No,None,1,,,20260909001
1308,49,Female,No religion,Married,Yes,None,2,,,20260909001
1309,67,Male,No religion,Single,No,Bereaved,4,,,20260909001
1310,29,Male,Christian,Single,No,Bereaved,3,,,20260909001
1311,51,Female,No religion,Married,No,None,4,,,20260909001
1312,68,Female,No religion,Single,No,Had COVID,4,,,20260909001
1313,40,Male,No religion,Single,No,Had COVID,2,,,20260909001
1314,70,Male,Christian,Married,No,Bereaved,4,,,20260909001
1315,33,Male,Muslim,Single,No,Had COVID,1,,,20260909001
1316,59,Female,Christian,Married,No,Had COVID,2,,,20260909001
1317,73,Male,Christian,Widowed,No,None,1,,,20260909001
1318,26,Male,No religion,Married,No,Had COVID,2,,,20260909001
1319,54,Male,Christian,Divorced,No,Bereaved,4,,,20260909001
1320,43,Male,Christian,Single,No,None,4,,,20260909001
1321,32,Male,Christian,Single,No,None,2,,,20260909001
1322,20,Male,Christian,Married,No,Had COVID,2,,,20260909001
1323,36,Male,Christian,Single,Yes,Bereaved,1,,,20260909001
1324,39,Female,No religion,Single,No,Had COVID,1,,,20260909001
1325,83,Male,No religion,Married,No,None,2,,,20260909001
1326,41,Male,Christian,Single,No,Had COVID,1,,,20260909001
1327,51,Female,Christian,Widowed,No,None,3,,,20260909001
1328,78,Female,Christian,Widowed,No,None,3,,,20260909001
1329,68,Male,Not answered,Married,No,Bereaved,2,,,20260909001
1330,69,Female,No religion,Widowed,No,None,4,,,20260909001
1331,41,Female,No religion,Married,Yes,None,1,,,20260909001
1332,80,Female,No religion,Married,No,None,3,,,20260909001
1333,68,Male,No religion,Married,No,None,3,,,20260909001
1334,57,Male,No religion,Married,No,None,3,,,20260909001
1335,42,Male,Christian,Divorced,No,Bereaved,2,,,20260909001
1336,18,Female,Hindu,Single,No,None,3,1,Scientific Rationalism,20260909001
1337,50,Male,No religion,Divorced,No,None,4,,,20260909001
1338,54,Female,No religion,Married,No,Bereaved,2,,,20260909001
1339,58,Male,No religion,Divorced,No,Long COVID,2,,,20260909001
1340,55,Female,Christian,Widowed,No,Had COVID,1,,,20260909001
1341,69,Male,Muslim,Widowed,No,None,4,,,20260909001
1342,37,Female,Christian,Married,No,Long COVID,1,,,20260909001
1343,47,Female,No religion,Single,Yes,None,1,,,20260909001
1344,47,Male,No religion,Married,Yes,Had COVID,2,1,Scientific Rationalism,20260909001
1345,39,Male,No religion,Married,Yes,Had COVID,1,,,20260909001
1346,58,Male,No religion,Divorced,No,Bereaved,4,,,20260909001
1347,53,Female,No religion,Married,No,None,1,,,20260909001
1348,21,Male,Christian,Single,No,None,3,,,20260909001
1349,56,Male,Christian,Separated,No,Had COVID,2,,,20260909001
1350,32,Male,Muslim,Single,No,Had COVID,2,,,20260909001
1351,70,Male,No religion,Widowed,No,None,1,,,20260909001
1352,52,Female,No religion,Married,No,Had COVID,1,,,20260909001
1353,18,Male,No religion,Single,No,Had COVID,4,,,20260909001
1354,26,Female,Christian,Single,No,Had COVID,1,,,20260909001
1355,24,Male,Hindu,Single,No,None,1,,,20260909001
1356,56,Female,Christian,Divorced,Yes,None,3,,,20260909001
1357,54,Female,Muslim,Married,No,None,2,,,20260909001
1358,25,Male,No religion,Married,No,None,4,,,20260909001
1359,60,Male,No religion,Married,No,None,3,,,20260909001
1360,35,Female,Christian,Married,Yes,None,4,,,20260909001
1361,61,Male,No religion,Married,No,None,4,,,20260909001
1362,67,Male,No religion,Married,Yes,None,3,,,20260909001
1363,78,Male,Christian,Married,No,Had COVID,3,,,20260909001
1364,63,Female,Christian,Divorced,No,None,1,1,Scientific Rationalism,20260909001
1365,72,Female,Christian,Married,No,None,2,,,20260909001
1366,83,Female,No religion,Widowed,No,Bereaved,3,,,20260909001
1367,35,Male,Christian,Married,Yes,None,4,,,20260909001
1368,32,Female,No religion,Married,Yes,None,4,,,20260909001
1369,71,Male,Hindu,Married,No,None,2,,,20260909001
1370,54,Female,Christian,Married,Yes,Had COVID,4,,,20260909001
1371,30,Female,No religion,Single,No,Long COVID,4,3,Communitarianism,20260909001
1372,43,Female,Christian,Separated,Yes,None,1,,,20260909001
1373,34,Female,Not answered,Single,Yes,Had COVID,1,,,20260909001
1374,81,Male,Christian,Married,No,None,4,,,20260909001
1375,83,Female,Christian,Widowed,No,Had COVID,1,,,20260909001
1376,51,Female,Christian,Married,No,None,1,,,20260909001
1377,55,Male,No religion,Married,No,Had COVID,4,,,20260909001
1378,70,Female,Christian,Widowed,No,None,3,,,20260909001
1379,42,Male,Christian,Married,No,None,4,,,20260909001
1380,34,Female,Jewish,Single,No,None,1,,,20260909001
1381,47,Male,Christian,Married,Yes,None,1,,,20260909001
1382,90,Female,Christian,Married,No,Had COVID,3,,,20260909001
1383,85,Female,No religion,Widowed,No,Had COVID,2,,,20260909001
1384,89,Female,Christian,Divorced,No,None,2,,,20260909001
1385,65,Female,No religion,Married,No,Long COVID,2,4,Conspiracy Ideation,20260909001
1386,62,Female,No religion,Married,No,Had COVID,2,,,20260909001
1387,25,Female,Christian,Single,No,None,1,,,20260909001
1388,55,Female,No religion,Separated,No,Long COVID,4,3,Communitarianism,20260909001
1389,19,Female,Christian,Single,No,None,1,,,20260909001
1390,23,Male,Muslim,Single,No,Had COVID,2,,,20260909001
1391,87,Female,Christian,Widowed,No,None,2,,,20260909001
1392,29,Female,Christian,Single,No,Bereaved,3,,,20260909001
1393,43,Male,No religion,Single,Yes,None,4,4,Conspiracy Ideation,20260909001
1394,78,Female,Buddhist,Married,No,None,2,1,Scientific Rationalism,20260909001
1395,83,Female,No religion,Married,No,None,3,,,20260909001
1396,32,Male,Christian,Single,No,Had COVID,2,,,20260909001
1397,71,Female,Christian,Single,No,None,3,,,20260909001
1398,60,Male,Christian,Married,No,None,2,,,20260909001
1399,80,Female,Christian,Married,No,None,4,,,20260909001
1400,55,Male,Not answered,Married,No,Had COVID,2,,,20260909001
1401,18,Male,Christian,Single,No,Bereaved,3,,,20260909001
1402,60,Female,Not answered,Married,No,None,4,,,20260909001
1403,59,Female,Christian,Married,No,None,1,4,Conspiracy Ideation,20260909001
1404,53,Male,Muslim,Divorced,No,None,2,,,20260909001
1405,87,Male,Muslim,Married,No,None,1,,,20260909001
1406,24,Female,No religion,Single,Yes,Had COVID,1,3,Communitarianism,20260909001
1407,40,Male,Christian,Single,Yes,None,2,,,20260909001
1408,60,Female,Not answered,Married,No,Had COVID,3,,,20260909001
1409,55,Male,Christian,Married,No,Had COVID,1,,,20260909001
1410,27,Male,No religion,Single,No,Had COVID,1,5,Institutional Trust and Technocratic Governance,20260909001
1411,71,Female,No religion,Married,No,None,2,1,Scientific Rationalism,20260909001
1412,35,Male,Christian,Married,No,Bereaved,2,,,20260909001
1413,64,Female,Christian,Married,No,Had COVID,1,,,20260909001
1414,45,Male,No religion,Married,No,Had COVID,3,2,Libertarianism,20260909001
1415,54,Female,Christian,Separated,No,None,1,,,20260909001
1416,29,Male,Christian,Widowed,No,Had COVID,2,,,20260909001
1417,37,Male,Christian,Single,No,Bereaved,3,,,20260909001
1418,28,Male,No religion,Married,Yes,Had COVID,4,,,20260909001
1419,90,Female,Sikh,Widowed,No,Bereaved,2,,,20260909001
1420,87,Male,No religion,Married,No,Had COVID,2,,,20260909001
1421,56,Female,Christian,Divorced,No,Had COVID,2,,,20260909001
1422,33,Female,Christian,Single,No,Bereaved,1,,,20260909001
1423,43,Female,Not answered,Married,Yes,None,4,4,Conspiracy Ideation,20260909001
1424,68,Male,Christian,Divorced,No,Had COVID,4,1,Scientific Rationalism,20260909001
1425,58,Female,Other religion,Divorced,No,None,1,,,20260909001
1426,32,Male,No religion,Single,Yes,None,1,,,20260909001
1427,22,Female,No religion,Single,No,Had COVID,2,,,20260909001
1428,45,Female,No religion,Single,No,Long COVID,3,,,20260909001
1429,48,Male,No religion,Separated,No,Bereaved,2,,,20260909001
1430,76,Female,Christian,Divorced,No,None,4,3,Communitarianism,20260909001
1431,24,Male,Not answered,Single,No,Bereaved,4,,,20260909001
1432,65,Male,No religion,Widowed,No,None,3,,,20260909001
1433,37,Female,No religion,Divorced,No,Had COVID,4,,,20260909001
1434,29,Female,Christian,Single,No,None,3,,,20260909001
1435,48,Female,Christian,Married,Yes,Bereaved,3,,,20260909001
1436,63,Female,Christian,Widowed,No,None,4,4,Conspiracy Ideation,20260909001
1437,27,Female,Christian,Single,No,Bereaved,1,,,20260909001
1438,35,Female,No religion,Married,Yes,None,3,,,20260909001
1439,27,Female,Christian,Single,No,None,4,,,20260909001
1440,82,Male,Christian,Married,No,None,3,,,20260909001
1441,27,Female,Christian,Single,No,None,2,,,20260909001
1442,29,Male,Christian,Single,No,Had COVID,4,,,20260909001
1443,22,Male,Christian,Single,Yes,Bereaved,4,,,20260909001
1444,32,Female,Christian,Married,Yes,Had COVID,2,,,20260909001
1445,86,Female,Sikh,Married,No,None,3,,,20260909001
1446,21,Female,Christian,Single,No,None,3,,,20260909001
1447,42,Male,Christian,Married,Yes,Had COVID,1,,,20260909001
1448,62,Female,No religion,Married,No,Had COVID,2,,,20260909001
1449,54,Female,Christian,Married,No,None,4,,,20260909001
1450,37,Female,No religion,Single,Yes,Had COVID,2,,,20260909001
1451,26,Male,Christian,Single,No,Bereaved,2,,,20260909001
1452,27,Male,Christian,Married,No,Had COVID,3,,,20260909001
1453,51,Female,Other religion,Married,No,Had COVID,3,,,20260909001
1454,59,Male,No religion,Married,No,Had COVID,1,1,Scientific Rationalism,20260909001
1455,31,Male,Christian,Single,No,None,2,,,20260909001
1456,33,Female,No religion,Single,Yes,Had COVID,1,,,20260909001
1457,27,Male,Muslim,Married,Yes,Had COVID,1,,,20260909001
1458,33,Male,No religion,Married,No,Had COVID,2,,,20260909001
1459,53,Female,Muslim,Married,No,None,1,,,20260909001
1460,71,Female,Muslim,Widowed,No,Had COVID,4,,,20260909001
1461,72,Male,Christian,Married,No,None,3,,,20260909001
1462,48,Male,Christian,Married,No,None,3,,,20260909001
1463,20,Female,Christian,Single,No,Bereaved,2,,,20260909001
1464,90,Female,Not answered,Married,No,None,2,,,20260909001
1465,20,Male,Christian,Single,No,Bereaved,4,,,20260909001
1466,52,Male,Christian,Divorced,No,Had COVID,2,,,20260909001
1467,79,Male,Christian,Married,No,Bereaved,3,,,20260909001
1468,30,Female,Not answered,Single,Yes,None,2,,,20260909001
1469,62,Male,No religion,Married,No,None,1,,,20260909001
1470,48,Female,No religion,Divorced,Yes,Long COVID,1,,,20260909001
1471,63,Male,No religion,Married,No,None,1,,,20260909001
1472,70,Male,Christian,Married,No,Had COVID,2,,,20260909001
1473,74,Male,No religion,Married,No,Bereaved,4,,,20260909001
1474,41,Female,Christian,Single,No,None,2,,,20260909001
1475,70,Male,No religion,Widowed,No,Had COVID,3,1,Scientific Rationalism,20260909001
1476,76,Male,No religion,Married,No,Had COVID,4,,,20260909001
1477,71,Male,Christian,Widowed,No,Had COVID,1,,,20260909001
1478,65,Male,Christian,Single,No,Had COVID,4,,,20260909001
1479,33,Male,No religion,Married,Yes,Had COVID,3,,,20260909001
1480,18,Female,Christian,Single,No,None,1,,,20260909001
1481,77,Female,Christian,Single,No,Bereaved,4,,,20260909001
1482,52,Female,Christian,Divorced,No,None,1,,,20260909001
1483,69,Male,No religion,Widowed,No,Had COVID,2,,,20260909001
1484,48,Female,Christian,Married,No,Had COVID,1,,,20260909001
1485,59,Male,No religion,Divorced,No,None,4,3,Communitarianism,20260909001
1486,43,Female,Christian,Married,Yes,None,4,,,20260909001
1487,40,Female,Christian,Married,Yes,Bereaved,4,,,20260909001
1488,79,Male,No religion,Married,No,Bereaved,3,,,20260909001
1489,76,Female,Christian,Married,No,Had COVID,1,,,20260909001
1490,60,Female,No religion,Married,No,None,3,,,20260909001
1491,61,Male,Christian,Married,No,None,2,,,20260909001
1492,90,Male,Christian,Divorced,No,Had COVID,1,,,20260909001
1493,59,Male,Christian,Married,No,Bereaved,3,,,20260909001
1494,88,Female,Other religion,Widowed,No,None,2,,,20260909001
1495,66,Male,Muslim,Married,No,Had COVID,1,,,20260909001
1496,56,Female,Christian,Married,No,Had COVID,2,,,20260909001
1497,87,Female,Christian,Widowed,No,Bereaved,1,,,20260909001
1498,18,Male,Hindu,Single,No,Had COVID,4,,,20260909001
1499,66,Male,Christian,Widowed,No,None,4,,,20260909001
1500,52,Female,Christian,Single,No,None,4,,,20260909001
1501,21,Female,Not answered,Single,No,Bereaved,3,,,20260909001
1502,31,Female,No religion,Single,Yes,None,1,,,20260909001
1503,44,Female,No religion,Single,Yes,None,3,,,20260909001
1504,86,Female,Christian,Married,No,None,4,5,Institutional Trust and Technocratic Governance,20260909001
1505,42,Female,Christian,Married,No,None,1,,,20260909001
1506,32,Male,Christian,Married,Yes,Had COVID,3,,,20260909001
1507,44,Male,Christian,Married,No,None,4,,,20260909001
1508,30,Female,Christian,Single,No,None,3,,,20260909001
1509,58,Female,No religion,Married,No,Long COVID,3,,,20260909001
1510,82,Male,Christian,Divorced,No,None,4,,,20260909001
1511,74,Male,Christian,Married,No,Bereaved,3,,,20260909001
1512,55,Male,No religion,Married,No,None,1,,,20260909001
1513,34,Female,No religion,Married,Yes,Long COVID,1,,,20260909001
1514,70,Male,Not answered,Divorced,No,None,4,,,20260909001
1515,28,Female,Sikh,Single,No,None,4,,,20260909001
1516,23,Female,Christian,Single,No,Had COVID,4,,,20260909001
1517,65,Female,No religion,Married,No,None,1,,,20260909001
1518,60,Male,No religion,Divorced,Yes,None,1,,,20260909001
1519,71,Male,Christian,Married,No,None,2,,,20260909001
1520,43,Female,Christian,Married,Yes,Had COVID,4,,,20260909001
1521,22,Female,Christian,Single,No,Had COVID,3,,,20260909001
1522,50,Male,Christian,Married,No,Had COVID,4,,,20260909001
1523,27,Female,Christian,Single,No,Had COVID,4,,,20260909001
1524,65,Female,Muslim,Divorced,No,Had COVID,1,,,20260909001
1525,33,Male,Hindu,Widowed,No,None,4,,,20260909001
1526,75,Male,Christian,Married,No,Had COVID,2,,,20260909001
1527,46,Female,Christian,Divorced,No,Had COVID,1,,,20260909001
1528,75,Female,Christian,Widowed,No,Had COVID,2,,,20260909001
1529,50,Male,No religion,Married,No,Had COVID,2,,,20260909001
1530,65,Female,Christian,Widowed,No,Bereaved,1,,,20260909001
1531,29,Female,No religion,Single,Yes,None,4,,,20260909001
1532,61,Male,Christian,Divorced,No,None,3,,,20260909001
1533,55,Female,Muslim,Married,No,None,4,,,20260909001
1534,77,Female,Christian,Married,No,Had COVID,3,,,20260909001
1535,19,Male,Christian,Single,No,None,1,,,20260909001
1536,57,Female,Christian,Single,No,Had COVID,2,,,20260909001
1537,56,Female,Muslim,Married,No,Bereaved,1,,,20260909001
1538,50,Male,No religion,Widowed,No,None,3,,,20260909001
1539,77,Male,Christian,Married,No,None,3,,,20260909001
1540,75,Male,Christian,Married,No,None,2,,,20260909001
1541,47,Male,No religion,Married,Yes,None,2,,,20260909001
1542,32,Male,Christian,Married,Yes,Bereaved,1,,,20260909001
1543,30,Female,Christian,Single,Yes,None,4,1,Scientific Rationalism,20260909001
1544,40,Male,Christian,Married,No,Had COVID,3,,,20260909001
1545,62,Male,Muslim,Separated,No,None,4,,,20260909001
1546,42,Male,No religion,Single,No,None,3,,,20260909001
1547,55,Male,No religion,Married,No,None,3,,,20260909001
1548,24,Male,Not answered,Single,No,None,3,,,20260909001
1549,45,Female,Christian,Married,No,Bereaved,4,,,20260909001
1550,18,Female,Not answered,Single,No,Had COVID,4,,,20260909001
1551,31,Female,Muslim,Single,No,Had COVID,3,,,20260909001
1552,32,Female,Christian,Single,No,Had COVID,1,,,20260909001
1553,18,Male,Not answered,Single,No,None,3,,,20260909001
1554,24,Male,No religion,Single,No,Had COVID,2,,,20260909001
1555,38,Male,Christian,Married,Yes,Had COVID,2,,,20260909001
1556,74,Female,No religion,Married,No,None,4,,,20260909001
1557,75,Male,No religion,Married,No,Had COVID,3,,,20260909001
1558,36,Female,Christian,Married,Yes,Had COVID,3,,,20260909001
1559,56,Female,Muslim,Married,No,Had COVID,1,,,20260909001
1560,68,Female,Muslim,Divorced,No,None,1,2,Libertarianism,20260909001
1561,56,Male,Christian,Married,No,Long COVID,2,,,20260909001
1562,73,Male,No religion,Widowed,No,None,2,,,20260909001
1563,62,Male,No religion,Married,No,Had COVID,2,,,20260909001
1564,29,Male,No religion,Single,Yes,None,1,,,20260909001
1565,43,Female,Christian,Married,No,Had COVID,1,,,20260909001
1566,74,Female,No religion,Widowed,No,Bereaved,3,5,Institutional Trust and Technocratic Governance,20260909001
1567,69,Female,No religion,Widowed,Yes,None,1,,,20260909001
1568,82,Female,Christian,Divorced,No,Had COVID,4,,,20260909001
1569,60,Female,Christian,Married,No,Had COVID,1,,,20260909001
1570,26,Male,Christian,Single,No,Had COVID,2,2,Libertarianism,20260909001
1571,29,Male,Christian,Single,No,Bereaved,4,,,20260909001
1572,32,Female,Christian,Single,No,Had COVID,1,,,20260909001
1573,73,Female,No religion,Married,No,None,2,,,20260909001
1574,33,Male,Christian,Single,Yes,Bereaved,2,,,20260909001
1575,71,Male,No religion,Single,No,Had COVID,2,,,20260909001
1576,33,Male,No religion,Single,No,None,2,,,20260909001
1577,79,Female,Not answered,Married,No,None,4,,,20260909001
1578,39,Female,Not answered,Single,Yes,Had COVID,3,,,20260909001
1579,47,Female,Sikh,Married,No,Bereaved,4,,,20260909001
1580,56,Male,Christian,Married,No,None,2,,,20260909001
1581,19,Female,Christian,Single,No,None,4,,,20260909001
1582,29,Male,Christian,Single,No,None,4,,,20260909001
1583,76,Female,Muslim,Married,No,None,3,,,20260909001
1584,43,Female,No religion,Divorced,No,Had COVID,2,,,20260909001
1585,71,Female,Christian,Widowed,No,Had COVID,4,5,Institutional Trust and Technocratic Governance,20260909001
1586,31,Female,No religion,Single,Yes,None,2,,,20260909001
1587,54,Female,Christian,Divorced,No,Had COVID,2,,,20260909001
1588,83,Male,Muslim,Married,No,Had COVID,2,,,20260909001
1589,82,Female,Christian,Widowed,No,Had COVID,2,,,20260909001
1590,65,Male,No religion,Married,No,None,1,,,20260909001
1591,75,Female,Christian,Single,No,None,1,,,20260909001
1592,68,Male,Christian,Divorced,No,None,3,,,20260909001
1593,32,Male,No religion,Single,No,None,3,,,20260909001
1594,18,Male,Christian,Single,No,None,1,,,20260909001
1595,63,Male,Christian,Married,No,None,1,2,Libertarianism,20260909001
1596,48,Female,Christian,Married,Yes,Had COVID,2,,,20260909001
1597,23,Female,Christian,Single,No,None,4,,,20260909001
1598,44,Male,No religion,Single,Yes,Had COVID,3,,,20260909001
1599,45,Male,No religion,Married,No,Had COVID,1,,,20260909001
1600,58,Female,Christian,Married,No,None,4,2,Libertarianism,20260909001
1601,84,Female,Christian,Married,No,Had COVID,3,,,20260909001
1602,37,Female,Christian,Married,No,Had COVID,1,,,20260909001
1603,80,Female,Christian,Married,No,Had COVID,2,,,20260909001
1604,64,Male,Christian,Divorced,No,Had COVID,4,,,20260909001
1605,53,Male,No religion,Married,No,Bereaved,2,,,20260909001
1606,82,Female,Christian,Widowed,No,Bereaved,1,,,20260909001
1607,23,Male,No religion,Married,No,None,1,,,20260909001
1608,63,Male,Christian,Married,No,Had COVID,2,,,20260909001
1609,76,Female,No religion,Widowed,No,Had COVID,1,,,20260909001
1610,54,Female,Christian,Single,No,Had COVID,2,,,20260909001
1611,51,Male,Sikh,Married,No,Bereaved,3,,,20260909001
1612,32,Male,Christian,Single,Yes,None,4,,,20260909001
1613,72,Male,No religion,Married,No,Bereaved,4,,,20260909001
1614,60,Female,Christian,Married,No,Long COVID,3,,,20260909001
1615,30,Female,Christian,Single,No,Had COVID,3,,,20260909001
1616,88,Female,Christian,Widowed,No,Had COVID,3,,,20260909001
1617,18,Female,Christian,Single,No,Bereaved,4,,,20260909001
1618,27,Male,Christian,Married,Yes,Had COVID,2,,,20260909001
1619,51,Male,Not answered,Single,No,Bereaved,4,,,20260909001
1620,28,Female,Christian,Married,No,Had COVID,2,,,20260909001
1621,54,Female,No religion,Single,No,Had COVID,2,,,20260909001
1622,71,Female,No religion,Widowed,No,Bereaved,4,,,20260909001
1623,22,Male,Christian,Single,No,Had COVID,4,,,20260909001
1624,35,Male,No religion,Single,No,None,1,2,Libertarianism,20260909001
1625,34,Male,No religion,Married,No,Bereaved,3,,,20260909001
1626,71,Female,No religion,Widowed,No,None,4,,,20260909001
1627,32,Female,Christian,Single,Yes,Had COVID,3,,,20260909001
1628,55,Female,Christian,Single,No,None,4,,,20260909001
1629,64,Male,Muslim,Divorced,No,None,3,,,20260909001
1630,29,Male,No religion,Single,Yes,Had COVID,3,4,Conspiracy Ideation,20260909001
1631,28,Male,Muslim,Single,Yes,Had COVID,3,,,20260909001
1632,66,Male,Christian,Married,No,None,3,,,20260909001
1633,31,Male,Christian,Single,No,Had COVID,1,,,20260909001
1634,27,Male,Muslim,Single,No,Had COVID,1,,,20260909001
1635,33,Male,Christian,Single,Yes,Had COVID,1,4,Conspiracy Ideation,20260909001
1636,53,Male,Christian,Married,No,None,3,,,20260909001
1637,65,Male,Christian,Married,No,None,2,,,20260909001
1638,27,Male,No religion,Single,Yes,Had COVID,3,,,20260909001
1639,53,Female,Christian,Divorced,No,None,4,,,20260909001
1640,89,Male,Christian,Married,No,Had COVID,3,,,20260909001
1641,52,Male,Christian,Single,Yes,Had COVID,1,4,Conspiracy Ideation,20260909001
1642,51,Male,Christian,Divorced,Yes,Had COVID,4,,,20260909001
1643,34,Male,Christian,Single,No,None,4,,,20260909001
1644,29,Female,No religion,Married,No,None,2,,,20260909001
1645,28,Female,No religion,Single,No,None,4,,,20260909001
1646,23,Male,Muslim,Single,No,Long COVID,1,,,20260909001
1647,28,Female,No religion,Single,No,Bereaved,1,4,Conspiracy Ideation,20260909001
1648,88,Female,Christian,Married,No,None,2,,,20260909001
1649,70,Male,Christian,Single,No,Bereaved,1,,,20260909001
1650,90,Male,Hindu,Married,No,Had COVID,1,,,20260909001
1651,29,Female,No religion,Married,No,None,3,,,20260909001
1652,55,Male,No religion,Married,No,Had COVID,1,,,20260909001
1653,42,Female,Christian,Married,No,None,1,,,20260909001
1654,85,Female,Christian,Widowed,No,Had COVID,3,3,Communitarianism,20260909001
1655,62,Male,No religion,Divorced,No,None,1,,,20260909001
1656,19,Female,Christian,Single,No,None,4,,,20260909001
1657,53,Female,Muslim,Single,No,None,3,,,20260909001
1658,50,Male,No religion,Single,No,Bereaved,1,,,20260909001
1659,57,Female,No religion,Married,Yes,None,4,,,20260909001
1660,19,Male,No religion,Single,No,Had COVID,3,,,20260909001
1661,67,Male,Christian,Married,No,Had COVID,3,,,20260909001
1662,58,Female,Hindu,Married,Yes,Had COVID,4,,,20260909001
1663,55,Female,Not answered,Married,No,None,3,4,Conspiracy Ideation,20260909001
1664,47,Female,Christian,Married,No,None,2,4,Conspiracy Ideation,20260909001
1665,53,Female,No religion,Married,Yes,None,2,,,20260909001
1666,26,Female,No religion,Single,No,Had COVID,2,4,Conspiracy Ideation,20260909001
1667,33,Female,Christian,Married,No,Had COVID,2,,,20260909001
1668,28,Male,Christian,Married,Yes,None,1,,,20260909001
1669,36,Male,Christian,Married,Yes,Had COVID,1,,,20260909001
1670,55,Male,No religion,Divorced,No,Had COVID,4,,,20260909001
1671,72,Male,No religion,Married,No,None,1,,,20260909001
1672,82,Female,No religion,Widowed,No,Bereaved,2,,,20260909001
1673,60,Female,Muslim,Single,No,Had COVID,1,,,20260909001
1674,34,Male,Buddhist,Separated,Yes,Had COVID,1,,,20260909001
1675,68,Male,No religion,Married,No,Had COVID,4,,,20260909001
1676,32,Male,Christian,Single,No,Had COVID,4,,,20260909001
1677,39,Male,Muslim,Married,Yes,Had COVID,3,,,20260909001
1678,85,Male,No religion,Divorced,No,None,4,,,20260909001
1679,43,Male,Sikh,Married,Yes,Had COVID,3,,,20260909001
1680,66,Female,No religion,Divorced,No,Bereaved,1,,,20260909001
1681,23,Male,No religion,Single,No,Had COVID,3,,,20260909001
1682,88,Female,No religion,Separated,No,None,3,,,20260909001
1683,26,Female,No religion,Married,No,None,2,,,20260909001
1684,58,Female,Christian,Married,Yes,Long COVID,4,,,20260909001
1685,47,Female,Muslim,Single,Yes,Had COVID,1,,,20260909001
1686,58,Male,Christian,Divorced,No,Had COVID,3,,,20260909001
1687,37,Female,No religion,Married,Yes,Had COVID,4,,,20260909001
1688,68,Female,Christian,Divorced,No,None,2,,,20260909001
1689,82,Male,Christian,Widowed,No,Had COVID,2,,,20260909001
1690,47,Female,Christian,Married,No,Long COVID,3,4,Conspiracy Ideation,20260909001
1691,73,Female,Not answered,Widowed,No,Had COVID,4,,,20260909001
1692,64,Male,Muslim,Married,No,None,3,,,20260909001
1693,30,Female,No religion,Married,No,Had COVID,1,5,Institutional Trust and Technocratic Governance,20260909001
1694,61,Male,Sikh,Married,No,Had COVID,1,,,20260909001
1695,60,Male,Christian,Married,No,None,4,,,20260909001
1696,90,Female,No religion,Divorced,No,Had COVID,2,,,20260909001
1697,53,Male,No religion,Married,No,Had COVID,3,,,20260909001
1698,44,Male,Christian,Divorced,No,None,1,3,Communitarianism,20260909001
1699,47,Male,Christian,Married,Yes,Bereaved,2,,,20260909001
1700,90,Female,Not answered,Single,No,None,4,,,20260909001
1701,39,Female,Christian,Married,Yes,None,3,4,Conspiracy Ideation,20260909001
1702,56,Female,Christian,Divorced,Yes,Had COVID,2,,,20260909001
1703,30,Female,Christian,Widowed,No,Long COVID,4,,,20260909001
1704,60,Male,Hindu,Married,No,Had COVID,3,,,20260909001
1705,39,Female,Christian,Single,Yes,Had COVID,3,,,20260909001
1706,43,Male,Christian,Married,No,Had COVID,4,,,20260909001
1707,60,Male,No religion,Married,Yes,None,4,,,20260909001
1708,59,Female,No religion,Married,No,Bereaved,3,,,20260909001
1709,39,Female,Christian,Married,Yes,Long COVID,1,,,20260909001
1710,60,Female,Christian,Married,No,None,1,,,20260909001
1711,38,Female,No religion,Married,No,Had COVID,1,,,20260909001
1712,56,Male,Christian,Married,No,Had COVID,1,,,20260909001
1713,90,Male,No religion,Single,No,None,1,,,20260909001
1714,34,Female,Christian,Married,No,Had COVID,4,,,20260909001
1715,66,Male,No religion,Married,No,Had COVID,3,,,20260909001
1716,35,Male,Jewish,Married,No,Bereaved,4,4,Conspiracy Ideation,20260909001
1717,55,Female,Christian,Separated,Yes,Had COVID,2,,,20260909001
1718,52,Male,No religion,Married,No,Had COVID,4,,,20260909001
1719,52,Female,No religion,Married,No,None,1,,,20260909001
1720,78,Male,Muslim,Married,No,None,2,,,20260909001
1721,24,Male,No religion,Married,Yes,None,1,,,20260909001
1722,18,Female,Christian,Single,No,Had COVID,3,,,20260909001
1723,43,Female,Christian,Married,No,None,2,,,20260909001
1724,41,Male,Christian,Married,No,None,3,,,20260909001
1725,46,Female,Christian,Married,Yes,Bereaved,2,5,Institutional Trust and Technocratic Governance,20260909001
1726,45,Male,No religion,Married,No,None,2,,,20260909001
1727,25,Female,Christian,Single,No,Long COVID,1,,,20260909001
1728,31,Female,Christian,Single,No,None,2,,,20260909001
1729,70,Female,Not answered,Widowed,No,None,2,,,20260909001
1730,38,Male,No religion,Married,No,Had COVID,4,,,20260909001
1731,50,Female,Sikh,Married,No,Had COVID,3,,,20260909001
1732,64,Female,Not answered,Widowed,No,None,3,,,20260909001
1733,52,Male,No religion,Married,Yes,None,4,,,20260909001
1734,74,Female,Christian,Married,No,Had COVID,2,,,20260909001
1735,48,Male,Christian,Single,Yes,Bereaved,4,,,20260909001
1736,40,Male,Christian,Married,No,Had COVID,3,,,20260909001
1737,42,Female,No religion,Single,No,Had COVID,3,,,20260909001
1738,53,Male,No religion,Married,No,Bereaved,4,,,20260909001
1739,64,Male,Hindu,Single,No,None,4,,,20260909001
1740,22,Male,No religion,Single,No,None,1,,,20260909001
1741,30,Female,Hindu,Single,No,Bereaved,4,4,Conspiracy Ideation,20260909001
1742,26,Female,No religion,Single,No,None,2,,,20260909001
1743,65,Female,Muslim,Married,No,None,2,,,20260909001
1744,64,Male,Christian,Married,No,Long COVID,2,,,20260909001
1745,42,Male,Christian,Married,Yes,None,2,,,20260909001
1746,51,Female,Christian,Married,No,Had COVID,4,3,Communitarianism,20260909001
1747,28,Female,No religion,Married,Yes,Had COVID,1,,,20260909001
1748,39,Male,Christian,Married,Yes,Long COVID,4,,,20260909001
1749,56,Male,Christian,Married,No,None,3,,,20260909001
1750,21,Female,Christian,Divorced,No,None,3,,,20260909001
1751,51,Female,No religion,Married,No,Had COVID,2,4,Conspiracy Ideation,20260909001
1752,57,Male,Muslim,Married,No,None,4,,,20260909001
1753,55,Male,No religion,Married,No,None,2,,,20260909001
1754,18,Female,Christian,Single,No,None,3,2,Libertarianism,20260909001
1755,65,Female,Christian,Married,No,None,3,,,20260909001
1756,72,Female,No religion,Widowed,No,Had COVID,2,,,20260909001
1757,60,Male,Christian,Married,Yes,None,4,,,20260909001
1758,32,Male,No religion,Married,No,Had COVID,4,,,20260909001
1759,55,Female,Christian,Married,No,Bereaved,4,,,20260909001
1760,26,Female,Other religion,Single,No,None,1,,,20260909001
1761,25,Male,Christian,Divorced,Yes,Bereaved,1,2,Libertarianism,20260909001
1762,26,Female,Not answered,Single,No,None,4,,,20260909001
1763,26,Male,Sikh,Single,No,Had COVID,3,,,20260909001
1764,54,Female,Christian,Single,No,None,4,,,20260909001
1765,52,Female,Christian,Single,No,None,1,1,Scientific Rationalism,20260909001
1766,45,Male,No religion,Single,Yes,None,1,,,20260909001
1767,19,Male,No religion,Single,No,None,2,,,20260909001
1768,45,Male,Christian,Single,Yes,Bereaved,3,,,20260909001
1769,56,Female,No religion,Divorced,No,Bereaved,1,,,20260909001
1770,33,Female,Buddhist,Single,No,None,2,,,20260909001
1771,19,Male,No religion,Single,No,Had COVID,3,,,20260909001
1772,55,Female,Christian,Divorced,No,Long COVID,4,,,20260909001
1773,20,Male,Christian,Single,No,Bereaved,3,,,20260909001
1774,64,Female,No religion,Married,No,Had COVID,1,,,20260909001
1775,67,Female,Christian,Widowed,No,None,2,3,Communitarianism,20260909001
1776,64,Male,Sikh,Married,No,Had COVID,1,,,20260909001
1777,50,Female,Christian,Married,No,None,2,,,20260909001
1778,58,Female,Christian,Widowed,No,None,4,,,20260909001
1779,75,Male,Christian,Widowed,No,Bereaved,1,,,20260909001
1780,24,Male,No religion,Single,No,None,1,,,20260909001
1781,87,Female,Christian,Divorced,No,None,2,,,20260909001
1782,73,Male,Christian,Single,No,Had COVID,1,,,20260909001
1783,20,Female,Christian,Single,No,Bereaved,1,,,20260909001
1784,44,Male,Muslim,Single,No,Had COVID,1,,,20260909001
1785,46,Male,No religion,Single,No,Had COVID,4,,,20260909001
1786,56,Female,No religion,Divorced,No,Had COVID,3,,,20260909001
1787,42,Female,Christian,Married,Yes,Had COVID,2,,,20260909001
1788,58,Male,Christian,Married,No,Had COVID,2,,,20260909001
1789,58,Male,Christian,Separated,No,None,4,,,20260909001
1790,22,Male,Christian,Single,No,Had COVID,2,,,20260909001
1791,37,Male,Christian,Single,No,None,2,,,20260909001
1792,70,Male,Christian,Married,No,None,3,,,20260909001
1793,57,Male,Christian,Divorced,No,Had COVID,3,,,20260909001
1794,33,Female,Not answered,Married,Yes,Had COVID,2,,,20260909001
1795,66,Female,No religion,Widowed,No,None,2,,,20260909001
1796,35,Female,Christian,Married,No,Had COVID,1,,,20260909001
1797,37,Male,No religion,Married,Yes,None,2,,,20260909001
1798,72,Female,Not answered,Divorced,No,Had COVID,3,,,20260909001
1799,55,Male,Not answered,Separated,Yes,None,4,,,20260909001
1800,43,Male,Christian,Married,No,Long COVID,3,,,20260909001
1801,36,Female,No religion,Single,Yes,Had COVID,2,,,20260909001
1802,66,Male,Christian,Married,No,None,4,4,Conspiracy Ideation,20260909001
1803,79,Male,Christian,Married,No,None,4,,,20260909001
1804,27,Female,Not answered,Married,No,Bereaved,1,,,20260909001
1805,60,Male,Christian,Married,No,Long COVID,3,,,20260909001
1806,79,Male,Christian,Married,No,Bereaved,1,,,20260909001
1807,59,Male,Muslim,Married,No,Had COVID,1,,,20260909001
1808,52,Male,Not answered,Divorced,No,Had COVID,3,,,20260909001
1809,65,Female,Christian,Divorced,No,None,1,,,20260909001
1810,43,Female,No religion,Married,Yes,Had COVID,2,,,20260909001
1811,54,Female,Christian,Separated,No,Had COVID,3,1,Scientific Rationalism,20260909001
1812,90,Female,Muslim,Married,No,None,3,,,20260909001
1813,21,Male,Christian,Single,No,None,1,,,20260909001
1814,77,Male,Christian,Divorced,No,None,2,,,20260909001
1815,51,Male,No religion,Married,No,Long COVID,2,,,20260909001
1816,27,Female,Christian,Divorced,No,None,3,,,20260909001
1817,25,Male,Christian,Single,Yes,None,1,,,20260909001
1818,75,Male,Christian,Widowed,No,None,3,,,20260909001
1819,61,Female,Christian,Married,No,None,2,,,20260909001
1820,24,Male,Christian,Single,No,Bereaved,1,5,Institutional Trust and Technocratic Governance,20260909001
1821,24,Male,Christian,Single,No,Had COVID,1,,,20260909001
1822,27,Male,Christian,Single,No,None,1,,,20260909001
1823,77,Male,Christian,Widowed,No,Had COVID,3,,,20260909001
1824,25,Male,No religion,Single,Yes,Bereaved,3,,,20260909001
1825,46,Female,Christian,Single,No,Had COVID,1,2,Libertarianism,20260909001
1826,32,Male,Christian,Single,Yes,Had COVID,1,,,20260909001
1827,65,Female,Christian,Widowed,No,Had COVID,4,,,20260909001
1828,64,Male,No religion,Divorced,Yes,Had COVID,1,,,20260909001
1829,77,Female,No religion,Divorced,No,Had COVID,3,,,20260909001
1830,53,Male,No religion,Married,Yes,Had COVID,3,,,20260909001
1831,34,Female,Christian,Single,Yes,None,2,,,20260909001
1832,45,Female,Christian,Single,Yes,None,3,,,20260909001
1833,48,Female,Christian,Married,No,None,4,,,20260909001
1834,49,Male,Not answered,Single,No,Had COVID,4,,,20260909001
1835,25,Female,No religion,Married,No,Had COVID,3,,,20260909001
1836,41,Female,Muslim,Married,No,Long COVID,3,,,20260909001
1837,77,Female,Christian,Married,Yes,Bereaved,4,,,20260909001
1838,50,Male,Not answered,Married,No,None,2,,,20260909001
1839,63,Female,Muslim,Married,No,None,3,,,20260909001
1840,42,Male,No religion,Married,Yes,Had COVID,1,,,20260909001
1841,73,Female,Christian,Divorced,No,Bereaved,3,,,20260909001
1842,53,Female,No religion,Married,Yes,Had COVID,4,,,20260909001
1843,41,Female,No religion,Married,Yes,Had COVID,4,,,20260909001
1844,74,Male,Not answered,Married,No,None,3,,,20260909001
1845,90,Female,Not answered,Widowed,No,Had COVID,1,,,20260909001
1846,18,Female,No religion,Single,No,None,2,,,20260909001
1847,81,Female,No religion,Married,No,None,4,,,20260909001
1848,22,Male,Muslim,Single,No,None,4,,,20260909001
1849,38,Female,Christian,Married,Yes,None,2,,,20260909001
1850,48,Male,No religion,Married,No,Bereaved,1,,,20260909001
1851,86,Female,Christian,Married,No,Had COVID,4,1,Scientific Rationalism,20260909001
1852,24,Male,Christian,Single,No,None,1,,,20260909001
1853,79,Male,Christian,Widowed,No,None,1,,,20260909001
1854,53,Male,No religion,Married,No,Bereaved,3,,,20260909001
1855,82,Male,Christian,Married,No,Had COVID,2,2,Libertarianism,20260909001
1856,29,Male,Christian,Single,No,Bereaved,1,,,20260909001
1857,52,Male,Christian,Single,No,Had COVID,1,,,20260909001
1858,29,Male,No religion,Single,Yes,None,2,,,20260909001
1859,78,Female,No religion,Married,No,Had COVID,4,,,20260909001
1860,48,Female,Christian,Married,No,None,4,2,Libertarianism,20260909001
1861,63,Male,Christian,Single,No,Bereaved,4,,,20260909001
1862,89,Male,Christian,Married,No,None,4,,,20260909001
1863,43,Female,No religion,Divorced,Yes,Long COVID,3,,,20260909001
1864,53,Male,Christian,Married,No,None,3,1,Scientific Rationalism,20260909001
1865,49,Female,Christian,Married,No,Had COVID,4,,,20260909001
1866,52,Female,No religion,Married,No,Had COVID,4,,,20260909001
1867,49,Female,Christian,Married,No,None,4,,,20260909001
1868,77,Female,Christian,Divorced,No,Had COVID,2,,,20260909001
1869,23,Female,Christian,Single,No,Had COVID,1,2,Libertarianism,20260909001
1870,35,Female,Christian,Single,No,None,4,,,20260909001
1871,85,Male,Christian,Married,No,None,3,,,20260909001
1872,43,Male,No religion,Single,Yes,None,4,,,20260909001
1873,66,Male,Christian,Married,No,None,1,,,20260909001
1874,48,Female,Christian,Single,No,Had COVID,1,,,20260909001
1875,65,Female,Muslim,Widowed,No,Had COVID,4,1,Scientific Rationalism,20260909001
1876,33,Male,No religion,Single,Yes,None,1,4,Conspiracy Ideation,20260909001
1877,39,Female,No religion,Married,No,None,1,,,20260909001
1878,80,Female,Christian,Widowed,No,Bereaved,3,,,20260909001
1879,38,Male,Hindu,Married,No,Had COVID,3,,,20260909001
1880,33,Male,Muslim,Single,Yes,Had COVID,4,,,20260909001
1881,61,Male,Christian,Married,No,None,4,,,20260909001
1882,40,Male,No religion,Married,No,None,1,,,20260909001
1883,24,Female,Not answered,Single,No,None,2,,,20260909001
1884,90,Female,No religion,Widowed,No,None,2,,,20260909001
1885,41,Female,No religion,Married,Yes,None,4,,,20260909001
1886,78,Female,Christian,Widowed,No,None,3,,,20260909001
1887,29,Male,Christian,Single,No,None,3,5,Institutional Trust and Technocratic Governance,20260909001
1888,18,Male,Christian,Single,No,None,1,,,20260909001
1889,35,Male,Hindu,Married,No,Bereaved,1,,,20260909001
1890,34,Female,Christian,Married,Yes,None,4,,,20260909001
1891,76,Male,Christian,Married,No,Had COVID,1,,,20260909001
1892,76,Male,Christian,Widowed,No,Bereaved,1,,,20260909001
1893,70,Female,No religion,Widowed,No,None,2,,,20260909001
1894,69,Female,Muslim,Widowed,No,None,4,5,Institutional Trust and Technocratic Governance,20260909001
1895,20,Male,Christian,Single,No,Had COVID,1,,,20260909001
1896,68,Male,No religion,Married,No,None,3,,,20260909001
1897,56,Male,No religion,Married,No,None,1,,,20260909001
1898,30,Male,Christian,Single,No,None,3,,,20260909001
1899,29,Female,Christian,Single,No,None,1,5,Institutional Trust and Technocratic Governance,20260909001
1900,32,Female,Christian,Single,No,None,4,,,20260909001
1901,33,Female,No religion,Divorced,No,Had COVID,3,,,20260909001
1902,24,Female,Christian,Single,No,None,4,,,20260909001
1903,61,Female,Christian,Single,Yes,Bereaved,1,,,20260909001
1904,59,Female,No religion,Single,No,None,2,,,20260909001
1905,56,Female,Muslim,Married,No,Had COVID,4,1,Scientific Rationalism,20260909001
1906,49,Female,No religion,Divorced,No,Had COVID,4,,,20260909001
1907,73,Male,Not answered,Divorced,No,Bereaved,1,1,Scientific Rationalism,20260909001
1908,51,Female,Christian,Married,No,None,1,,,20260909001
1909,23,Male,Christian,Single,Yes,None,1,,,20260909001
1910,38,Female,Christian,Divorced,Yes,Had COVID,4,,,20260909001
1911,79,Female,Not answered,Married,No,Bereaved,1,,,20260909001
1912,64,Female,Christian,Single,No,None,1,,,20260909001
1913,40,Female,No religion,Married,Yes,Bereaved,2,,,20260909001
1914,62,Male,No religion,Single,No,None,1,,,20260909001
1915,22,Male,No religion,Single,No,Had COVID,2,,,20260909001
1916,88,Male,Muslim,Married,No,Bereaved,4,,,20260909001
1917,33,Male,No religion,Married,Yes,Had COVID,4,,,20260909001
1918,52,Male,No religion,Married,No,None,1,2,Libertarianism,20260909001
1919,57,Male,No religion,Divorced,No,Had COVID,4,,,20260909001
1920,39,Female,Christian,Married,No,Had COVID,4,,,20260909001
1921,55,Female,Christian,Separated,No,None,2,,,20260909001
1922,58,Male,No religion,Married,No,None,1,,,20260909001
1923,62,Female,No religion,Divorced,No,None,4,,,20260909001
1924,35,Male,Hindu,Married,Yes,None,4,,,20260909001
1925,61,Male,No religion,Married,No,Had COVID,2,4,Conspiracy Ideation,20260909001
1926,33,Male,Christian,Single,No,None,3,,,20260909001
1927,38,Male,Muslim,Married,No,Bereaved,2,,,20260909001
1928,36,Female,No religion,Divorced,No,Had COVID,1,,,20260909001
1929,72,Female,Christian,Married,No,Had COVID,1,5,Institutional Trust and Technocratic Governance,20260909001
1930,69,Female,Christian,Divorced,No,None,2,2,Libertarianism,20260909001
1931,82,Female,Muslim,Single,No,Had COVID,3,,,20260909001
1932,61,Male,Not answered,Married,No,Bereaved,2,,,20260909001
1933,40,Female,Christian,Married,Yes,None,1,,,20260909001
1934,59,Female,No religion,Single,No,Bereaved,3,,,20260909001
1935,85,Male,Christian,Widowed,No,Had COVID,2,,,20260909001
1936,42,Female,Christian,Divorced,Yes,Had COVID,2,,,20260909001
1937,78,Female,Christian,Widowed,Yes,Had COVID,1,,,20260909001
1938,39,Male,No religion,Married,No,Had COVID,2,,,20260909001
1939,60,Female,No religion,Separated,No,Had COVID,4,,,20260909001
1940,67,Female,No religion,Separated,No,Had COVID,2,,,20260909001
1941,48,Female,No religion,Married,No,Had COVID,1,,,20260909001
1942,31,Male,No religion,Married,No,Had COVID,4,,,20260909001
1943,20,Female,No religion,Single,No,Had COVID,3,,,20260909001
1944,56,Female,No religion,Married,No,Had COVID,3,,,20260909001
1945,62,Male,No religion,Widowed,No,Had COVID,3,,,20260909001
1946,77,Male,Christian,Divorced,No,Had COVID,4,,,20260909001
1947,32,Female,Christian,Single,No,None,4,,,20260909001
1948,56,Male,No religion,Single,Yes,None,1,,,20260909001
1949,74,Female,No religion,Married,No,Had COVID,3,,,20260909001
1950,59,Male,No religion,Married,No,None,1,,,20260909001
1951,50,Male,Hindu,Married,Yes,None,4,,,20260909001
1952,31,Female,No religion,Widowed,No,Had COVID,3,1,Scientific Rationalism,20260909001
1953,39,Male,No religion,Married,Yes,Bereaved,1,,,20260909001
1954,28,Female,Christian,Married,No,Long COVID,3,,,20260909001
1955,52,Female,Hindu,Divorced,No,None,2,,,20260909001
1956,57,Male,Christian,Married,No,Had COVID,4,,,20260909001
1957,85,Male,No religion,Divorced,No,Had COVID,3,,,20260909001
1958,31,Male,No religion,Married,No,Had COVID,2,,,20260909001
1959,65,Male,Christian,Married,Yes,Had COVID,4,,,20260909001
1960,48,Male,No religion,Married,No,Had COVID,3,,,20260909001
1961,70,Female,Christian,Widowed,No,None,2,,,20260909001
1962,63,Female,Christian,Widowed,No,None,3,,,20260909001
1963,33,Male,No religion,Single,No,Bereaved,3,,,20260909001
1964,55,Male,No religion,Single,No,None,1,,,20260909001
1965,22,Female,Christian,Single,No,Had COVID,2,,,20260909001
1966,90,Female,Christian,Married,No,Had COVID,1,,,20260909001
1967,34,Male,Not answered,Widowed,No,Had COVID,2,,,20260909001
1968,78,Female,No religion,Married,No,Bereaved,3,,,20260909001
1969,43,Male,Christian,Single,No,Had COVID,4,,,20260909001
1970,43,Female,Christian,Married,Yes,Bereaved,1,,,20260909001
1971,75,Female,No religion,Married,No,None,3,,,20260909001
1972,28,Female,No religion,Divorced,No,Had COVID,3,,,20260909001
1973,48,Male,No religion,Separated,No,None,1,2,Libertarianism,20260909001
1974,37,Female,Christian,Married,Yes,Had COVID,3,,,20260909001
1975,85,Female,No religion,Married,No,Had COVID,1,,,20260909001
1976,42,Female,Christian,Married,No,Had COVID,4,,,20260909001
1977,71,Male,No religion,Married,No,Had COVID,1,,,20260909001
1978,25,Female,Not answered,Single,No,Bereaved,4,,,20260909001
1979,20,Male,Christian,Widowed,Yes,Had COVID,1,,,20260909001
1980,30,Male,Muslim,Married,Yes,None,3,,,20260909001
1981,30,Male,No religion,Single,Yes,Had COVID,4,,,20260909001
1982,30,Male,No religion,Married,No,None,1,,,20260909001
1983,90,Female,Christian,Widowed,No,None,4,,,20260909001
1984,31,Male,No religion,Married,Yes,None,3,,,20260909001
1985,37,Female,Christian,Married,Yes,Had COVID,3,,,20260909001
1986,46,Male,No religion,Separated,No,None,2,,,20260909001
1987,62,Male,No religion,Divorced,No,Bereaved,3,,,20260909001
1988,40,Male,Hindu,Married,Yes,Bereaved,1,2,Libertarianism,20260909001
1989,82,Female,No religion,Widowed,Yes,None,2,3,Communitarianism,20260909001
1990,46,Female,Not answered,Separated,No,None,1,3,Communitarianism,20260909001
1991,24,Female,Muslim,Single,Yes,Bereaved,2,,,20260909001
1992,57,Female,Muslim,Separated,No,Bereaved,4,,,20260909001
1993,64,Female,Christian,Married,No,None,4,,,20260909001
1994,22,Male,Christian,Single,No,Bereaved,1,,,20260909001
1995,87,Male,Christian,Single,No,None,3,4,Conspiracy Ideation,20260909001
1996,46,Female,Christian,Divorced,No,Bereaved,2,1,Scientific Rationalism,20260909001
1997,26,Male,Muslim,Single,Yes,Had COVID,4,,,20260909001
1998,77,Male,Christian,Single,No,Had COVID,1,,,20260909001
1999,42,Male,Christian,Separated,Yes,Had COVID,1,,,20260909001
2000,20,Male,No religion,Single,No,None,1,,,20260909001
