respondent_id,block,set,choice,seed
1,4,set14,alt1,20260909003
1,4,set15,alt1,20260909003
1,4,set16,alt1,20260909003
1,4,set17,alt1,20260909003
1,4,set20,alt1,20260909003
1,4,set21,alt1,20260909003
1,4,set23,alt1,20260909003
1,4,set26,alt1,20260909003
1,4,set27,alt1,20260909003
1,4,set32,alt1,20260909003
1,4,set34,alt2,20260909003
1,4,set43,alt1,20260909003
2,1,set5,alt2,20260909004
2,1,set6,alt1,20260909004
2,1,set9,alt2,20260909004
2,1,set11,alt2,20260909004
2,1,set18,alt2,20260909004
2,1,set19,alt2,20260909004
2,1,set33,alt1,20260909004
2,1,set35,alt2,20260909004
2,1,set37,alt1,20260909004
2,1,set41,alt1,20260909004
2,1,set42,alt2,20260909004
2,1,set48,alt2,20260909004
3,2,set1,alt2,20260909005
3,2,set2,alt1,20260909005
3,2,set7,alt1,20260909005
3,2,set8,alt1,20260909005
3,2,set10,alt1,20260909005
3,2,set13,alt1,20260909005
3,2,set36,alt2,20260909005
3,2,set38,alt2,20260909005
3,2,set40,alt2,20260909005
3,2,set44,alt1,20260909005
3,2,set45,alt2,20260909005
3,2,set46,alt1,20260909005
4,3,set3,alt2,20260909006
4,3,set4,alt1,20260909006
4,3,set12,alt1,20260909006
4,3,set22,alt2,20260909006
4,3,set24,alt1,20260909006
4,3,set25,alt2,20260909006
4,3,set28,alt2,20260909006
4,3,set29,alt1,20260909006
4,3,set30,alt2,20260909006
4,3,set31,alt1,20260909006
4,3,set39,alt1,20260909006
4,3,set47,alt2,20260909006
5,2,set1,alt2,20260909007
5,2,set2,alt1,20260909007
5,2,set7,alt1,20260909007
5,2,set8,alt1,20260909007
5,2,set10,alt2,20260909007
5,2,set13,alt1,20260909007
5,2,set36,alt2,20260909007
5,2,set38,alt2,20260909007
5,2,set40,alt2,20260909007
5,2,set44,alt1,20260909007
5,2,set45,alt2,20260909007
5,2,set46,alt1,20260909007
6,3,set3,alt1,20260909008
6,3,set4,alt2,20260909008
6,3,set12,alt1,20260909008
6,3,set22,alt1,20260909008
6,3,set24,alt1,20260909008
6,3,set25,alt1,20260909008
6,3,set28,alt1,20260909008
6,3,set29,alt1,20260909008
6,3,set30,alt2,20260909008
6,3,set31,alt2,20260909008
6,3,set39,alt2,20260909008
6,3,set47,alt2,20260909008
7,3,set3,alt1,20260909009
7,3,set4,alt2,20260909009
7,3,set12,alt1,20260909009
7,3,set22,alt1,20260909009
7,3,set24,alt1,20260909009
7,3,set25,alt1,20260909009
7,3,set28,alt1,20260909009
7,3,set29,alt1,20260909009
7,3,set30,alt2,20260909009
7,3,set31,alt2,20260909009
7,3,set39,alt2,20260909009
7,3,set47,alt2,20260909009
8,4,set14,alt2,20260909010
8,4,set15,alt2,20260909010
8,4,set16,alt1,20260909010
8,4,set17,alt1,20260909010
8,4,set20,alt1,20260909010
8,4,set21,alt1,20260909010
8,4,set23,alt1,20260909010
8,4,set26,alt1,20260909010
8,4,set27,alt2,20260909010
8,4,set32,alt1,20260909010
8,4,set34,alt2,20260909010
8,4,set43,alt1,20260909010
9,4,set14,alt1,20260909011
9,4,set15,alt2,20260909011
9,4,set16,alt1,20260909011
9,4,set17,alt2,20260909011
9,4,set20,alt1,20260909011
9,4,set21,alt1,20260909011
9,4,set23,alt1,20260909011
9,4,set26,alt1,20260909011
9,4,set27,alt1,20260909011
9,4,set32,alt1,20260909011
9,4,set34,alt1,20260909011
9,4,set43,alt1,20260909011
10,3,set3,alt1,20260909012
10,3,set4,alt2,20260909012
10,3,set12,alt1,20260909012
10,3,set22,alt1,20260909012
10,3,set24,alt1,20260909012
10,3,set25,alt1,20260909012
10,3,set28,alt1,20260909012
10,3,set29,alt1,20260909012
10,3,set30,alt2,20260909012
10,3,set31,alt2,20260909012
10,3,set39,alt2,20260909012
10,3,set47,alt2,20260909012
11,1,set5,alt2,20260909013
11,1,set6,alt1,20260909013
11,1,set9,alt2,20260909013
11,1,set11,alt2,20260909013
11,1,set18,alt2,20260909013
11,1,set19,alt2,20260909013
11,1,set33,alt1,20260909013
11,1,set35,alt2,20260909013
11,1,set37,alt1,20260909013
11,1,set41,alt1,20260909013
11,1,set42,alt2,20260909013
11,1,set48,alt2,20260909013
12,4,set14,alt2,20260909014
12,4,set15,alt2,20260909014
12,4,set16,alt1,20260909014
12,4,set17,alt1,20260909014
12,4,set20,alt1,20260909014
12,4,set21,alt2,20260909014
12,4,set23,alt1,20260909014
12,4,set26,alt1,20260909014
12,4,set27,alt2,20260909014
12,4,set32,alt1,20260909014
12,4,set34,alt2,20260909014
12,4,set43,alt2,20260909014
13,1,set5,alt2,20260909015
13,1,set6,alt2,20260909015
13,1,set9,alt2,20260909015
13,1,set11,alt2,20260909015
13,1,set18,alt1,20260909015
13,1,set19,alt2,20260909015
13,1,set33,alt1,20260909015
13,1,set35,alt2,20260909015
13,1,set37,alt1,20260909015
13,1,set41,alt1,20260909015
13,1,set42,alt2,20260909015
13,1,set48,alt2,20260909015
14,2,set1,alt2,20260909016
14,2,set2,alt1,20260909016
14,2,set7,alt1,20260909016
14,2,set8,alt1,20260909016
14,2,set10,alt1,20260909016
14,2,set13,alt1,20260909016
14,2,set36,alt2,20260909016
14,2,set38,alt2,20260909016
14,2,set40,alt2,20260909016
14,2,set44,alt1,20260909016
14,2,set45,alt2,20260909016
14,2,set46,alt1,20260909016
15,3,set3,alt2,20260909017
15,3,set4,alt1,20260909017
15,3,set12,alt1,20260909017
15,3,set22,alt2,20260909017
15,3,set24,alt1,20260909017
15,3,set25,alt2,20260909017
15,3,set28,alt2,20260909017
15,3,set29,alt1,20260909017
15,3,set30,alt2,20260909017
15,3,set31,alt1,20260909017
15,3,set39,alt1,20260909017
15,3,set47,alt2,20260909017
16,1,set5,alt2,20260909018
16,1,set6,alt1,20260909018
16,1,set9,alt2,20260909018
16,1,set11,alt2,20260909018
16,1,set18,alt2,20260909018
16,1,set19,alt2,20260909018
16,1,set33,alt1,20260909018
16,1,set35,alt2,20260909018
16,1,set37,alt1,20260909018
16,1,set41,alt1,20260909018
16,1,set42,alt2,20260909018
16,1,set48,alt2,20260909018
17,4,set14,alt1,20260909019
17,4,set15,alt2,20260909019
17,4,set16,alt1,20260909019
17,4,set17,alt2,20260909019
17,4,set20,alt1,20260909019
17,4,set21,alt1,20260909019
17,4,set23,alt1,20260909019
17,4,set26,alt1,20260909019
17,4,set27,alt1,20260909019
17,4,set32,alt1,20260909019
17,4,set34,alt1,20260909019
17,4,set43,alt1,20260909019
18,1,set5,alt2,20260909020
18,1,set6,alt1,20260909020
18,1,set9,alt2,20260909020
18,1,set11,alt2,20260909020
18,1,set18,alt2,20260909020
18,1,set19,alt2,20260909020
18,1,set33,alt1,20260909020
18,1,set35,alt2,20260909020
18,1,set37,alt1,20260909020
18,1,set41,alt1,20260909020
18,1,set42,alt2,20260909020
18,1,set48,alt2,20260909020
19,3,set3,alt2,20260909021
19,3,set4,alt1,20260909021
19,3,set12,alt1,20260909021
19,3,set22,alt2,20260909021
19,3,set24,alt1,20260909021
19,3,set25,alt2,20260909021
19,3,set28,alt2,20260909021
19,3,set29,alt1,20260909021
19,3,set30,alt2,20260909021
19,3,set31,alt1,20260909021
19,3,set39,alt1,20260909021
19,3,set47,alt2,20260909021
20,1,set5,alt2,20260909022
20,1,set6,alt2,20260909022
20,1,set9,alt2,20260909022
20,1,set11,alt2,20260909022
20,1,set18,alt2,20260909022
20,1,set19,alt2,20260909022
20,1,set33,alt1,20260909022
20,1,set35,alt2,20260909022
20,1,set37,alt1,20260909022
20,1,set41,alt2,20260909022
20,1,set42,alt2,20260909022
20,1,set48,alt2,20260909022
21,3,set3,alt1,20260909023
21,3,set4,alt2,20260909023
21,3,set12,alt1,20260909023
21,3,set22,alt1,20260909023
21,3,set24,alt1,20260909023
21,3,set25,alt1,20260909023
21,3,set28,alt1,20260909023
21,3,set29,alt1,20260909023
21,3,set30,alt2,20260909023
21,3,set31,alt2,20260909023
21,3,set39,alt2,20260909023
21,3,set47,alt2,20260909023
22,4,set14,alt1,20260909024
22,4,set15,alt2,20260909024
22,4,set16,alt1,20260909024
22,4,set17,alt2,20260909024
22,4,set20,alt1,20260909024
22,4,set21,alt1,20260909024
22,4,set23,alt1,20260909024
22,4,set26,alt1,20260909024
22,4,set27,alt1,20260909024
22,4,set32,alt1,20260909024
22,4,set34,alt1,20260909024
22,4,set43,alt1,20260909024
23,1,set5,alt2,20260909025
23,1,set6,alt1,20260909025
23,1,set9,alt2,20260909025
23,1,set11,alt2,20260909025
23,1,set18,alt2,20260909025
23,1,set19,alt2,20260909025
23,1,set33,alt1,20260909025
23,1,set35,alt2,20260909025
23,1,set37,alt1,20260909025
23,1,set41,alt1,20260909025
23,1,set42,alt2,20260909025
23,1,set48,alt2,20260909025
24,1,set5,alt2,20260909026
24,1,set6,alt1,20260909026
24,1,set9,alt2,20260909026
24,1,set11,alt2,20260909026
24,1,set18,alt2,20260909026
24,1,set19,alt2,20260909026
24,1,set33,alt1,20260909026
24,1,set35,alt2,20260909026
24,1,set37,alt1,20260909026
24,1,set41,alt1,20260909026
24,1,set42,alt2,20260909026
24,1,set48,alt2,20260909026
25,4,set14,alt1,20260909027
25,4,set15,alt2,20260909027
25,4,set16,alt2,20260909027
25,4,set17,alt2,20260909027
25,4,set20,alt1,20260909027
25,4,set21,alt1,20260909027
25,4,set23,alt1,20260909027
25,4,set26,alt1,20260909027
25,4,set27,alt1,20260909027
25,4,set32,alt1,20260909027
25,4,set34,alt2,20260909027
25,4,set43,alt2,20260909027
26,2,set1,alt2,20260909028
26,2,set2,alt1,20260909028
26,2,set7,alt1,20260909028
26,2,set8,alt1,20260909028
26,2,set10,alt1,20260909028
26,2,set13,alt1,20260909028
26,2,set36,alt2,20260909028
26,2,set38,alt2,20260909028
26,2,set40,alt2,20260909028
26,2,set44,alt1,20260909028
26,2,set45,alt2,20260909028
26,2,set46,alt1,20260909028
27,2,set1,alt2,20260909029
27,2,set2,alt1,20260909029
27,2,set7,alt1,20260909029
27,2,set8,alt1,20260909029
27,2,set10,alt2,20260909029
27,2,set13,alt1,20260909029
27,2,set36,alt2,20260909029
27,2,set38,alt2,20260909029
27,2,set40,alt2,20260909029
27,2,set44,alt2,20260909029
27,2,set45,alt2,20260909029
27,2,set46,alt2,20260909029
28,2,set1,alt2,20260909030
28,2,set2,alt1,20260909030
28,2,set7,alt1,20260909030
28,2,set8,alt1,20260909030
28,2,set10,alt2,20260909030
28,2,set13,alt1,20260909030
28,2,set36,alt2,20260909030
28,2,set38,alt2,20260909030
28,2,set40,alt2,20260909030
28,2,set44,alt1,20260909030
28,2,set45,alt2,20260909030
28,2,set46,alt1,20260909030
29,4,set14,alt1,20260909031
29,4,set15,alt2,20260909031
29,4,set16,alt2,20260909031
29,4,set17,alt2,20260909031
29,4,set20,alt1,20260909031
29,4,set21,alt1,20260909031
29,4,set23,alt1,20260909031
29,4,set26,alt1,20260909031
29,4,set27,alt1,20260909031
29,4,set32,alt1,20260909031
29,4,set34,alt2,20260909031
29,4,set43,alt2,20260909031
30,2,set1,alt2,20260909032
30,2,set2,alt1,20260909032
30,2,set7,alt1,20260909032
30,2,set8,alt1,20260909032
30,2,set10,alt2,20260909032
30,2,set13,alt1,20260909032
30,2,set36,alt2,20260909032
30,2,set38,alt2,20260909032
30,2,set40,alt2,20260909032
30,2,set44,alt1,20260909032
30,2,set45,alt2,20260909032
30,2,set46,alt1,20260909032
31,1,set5,alt2,20260909033
31,1,set6,alt1,20260909033
31,1,set9,alt2,20260909033
31,1,set11,alt2,20260909033
31,1,set18,alt2,20260909033
31,1,set19,alt2,20260909033
31,1,set33,alt1,20260909033
31,1,set35,alt2,20260909033
31,1,set37,alt1,20260909033
31,1,set41,alt1,20260909033
31,1,set42,alt2,20260909033
31,1,set48,alt2,20260909033
32,2,set1,alt2,20260909034
32,2,set2,alt1,20260909034
32,2,set7,alt2,20260909034
32,2,set8,alt1,20260909034
32,2,set10,alt2,20260909034
32,2,set13,alt1,20260909034
32,2,set36,alt2,20260909034
32,2,set38,alt1,20260909034
32,2,set40,alt2,20260909034
32,2,set44,alt2,20260909034
32,2,set45,alt2,20260909034
32,2,set46,alt2,20260909034
33,4,set14,alt1,20260909035
33,4,set15,alt1,20260909035
33,4,set16,alt1,20260909035
33,4,set17,alt1,20260909035
33,4,set20,alt1,20260909035
33,4,set21,alt1,20260909035
33,4,set23,alt1,20260909035
33,4,set26,alt1,20260909035
33,4,set27,alt1,20260909035
33,4,set32,alt1,20260909035
33,4,set34,alt2,20260909035
33,4,set43,alt1,20260909035
34,3,set3,alt1,20260909036
34,3,set4,alt2,20260909036
34,3,set12,alt1,20260909036
34,3,set22,alt1,20260909036
34,3,set24,alt1,20260909036
34,3,set25,alt1,20260909036
34,3,set28,alt1,20260909036
34,3,set29,alt1,20260909036
34,3,set30,alt2,20260909036
34,3,set31,alt2,20260909036
34,3,set39,alt2,20260909036
34,3,set47,alt2,20260909036
35,4,set14,alt1,20260909037
35,4,set15,alt2,20260909037
35,4,set16,alt2,20260909037
35,4,set17,alt2,20260909037
35,4,set20,alt1,20260909037
35,4,set21,alt1,20260909037
35,4,set23,alt1,20260909037
35,4,set26,alt1,20260909037
35,4,set27,alt1,20260909037
35,4,set32,alt1,20260909037
35,4,set34,alt2,20260909037
35,4,set43,alt2,20260909037
36,1,set5,alt1,20260909038
36,1,set6,alt2,20260909038
36,1,set9,alt1,20260909038
36,1,set11,alt2,20260909038
36,1,set18,alt2,20260909038
36,1,set19,alt2,20260909038
36,1,set33,alt1,20260909038
36,1,set35,alt2,20260909038
36,1,set37,alt1,20260909038
36,1,set41,alt1,20260909038
36,1,set42,alt1,20260909038
36,1,set48,alt2,20260909038
37,4,set14,alt1,20260909039
37,4,set15,alt1,20260909039
37,4,set16,alt1,20260909039
37,4,set17,alt1,20260909039
37,4,set20,alt1,20260909039
37,4,set21,alt1,20260909039
37,4,set23,alt1,20260909039
37,4,set26,alt1,20260909039
37,4,set27,alt1,20260909039
37,4,set32,alt1,20260909039
37,4,set34,alt2,20260909039
37,4,set43,alt1,20260909039
38,4,set14,alt1,20260909040
38,4,set15,alt2,20260909040
38,4,set16,alt2,20260909040
38,4,set17,alt2,20260909040
38,4,set20,alt1,20260909040
38,4,set21,alt1,20260909040
38,4,set23,alt1,20260909040
38,4,set26,alt1,20260909040
38,4,set27,alt1,20260909040
38,4,set32,alt1,20260909040
38,4,set34,alt2,20260909040
38,4,set43,alt2,20260909040
39,4,set14,alt1,20260909041
39,4,set15,alt1,20260909041
39,4,set16,alt1,20260909041
39,4,set17,alt1,20260909041
39,4,set20,alt1,20260909041
39,4,set21,alt1,20260909041
39,4,set23,alt1,20260909041
39,4,set26,alt1,20260909041
39,4,set27,alt1,20260909041
39,4,set32,alt1,20260909041
39,4,set34,alt2,20260909041
39,4,set43,alt1,20260909041
40,1,set5,alt2,20260909042
40,1,set6,alt1,20260909042
40,1,set9,alt2,20260909042
40,1,set11,alt2,20260909042
40,1,set18,alt2,20260909042
40,1,set19,alt2,20260909042
40,1,set33,alt1,20260909042
40,1,set35,alt2,20260909042
40,1,set37,alt1,20260909042
40,1,set41,alt1,20260909042
40,1,set42,alt2,20260909042
40,1,set48,alt2,20260909042
41,3,set3,alt1,20260909043
41,3,set4,alt2,20260909043
41,3,set12,alt1,20260909043
41,3,set22,alt1,20260909043
41,3,set24,alt1,20260909043
41,3,set25,alt1,20260909043
41,3,set28,alt1,20260909043
41,3,set29,alt1,20260909043
41,3,set30,alt2,20260909043
41,3,set31,alt2,20260909043
41,3,set39,alt2,20260909043
41,3,set47,alt2,20260909043
42,2,set1,alt2,20260909044
42,2,set2,alt1,20260909044
42,2,set7,alt1,20260909044
42,2,set8,alt1,20260909044
42,2,set10,alt1,20260909044
42,2,set13,alt1,20260909044
42,2,set36,alt2,20260909044
42,2,set38,alt2,20260909044
42,2,set40,alt2,20260909044
42,2,set44,alt1,20260909044
42,2,set45,alt2,20260909044
42,2,set46,alt1,20260909044
43,1,set5,alt1,20260909045
43,1,set6,alt1,20260909045
43,1,set9,alt1,20260909045
43,1,set11,alt2,20260909045
43,1,set18,alt1,20260909045
43,1,set19,alt1,20260909045
43,1,set33,alt2,20260909045
43,1,set35,alt2,20260909045
43,1,set37,alt1,20260909045
43,1,set41,alt1,20260909045
43,1,set42,alt2,20260909045
43,1,set48,alt2,20260909045
44,4,set14,alt1,20260909046
44,4,set15,alt2,20260909046
44,4,set16,alt2,20260909046
44,4,set17,alt2,20260909046
44,4,set20,alt1,20260909046
44,4,set21,alt1,20260909046
44,4,set23,alt1,20260909046
44,4,set26,alt1,20260909046
44,4,set27,alt1,20260909046
44,4,set32,alt1,20260909046
44,4,set34,alt2,20260909046
44,4,set43,alt2,20260909046
45,4,set14,alt2,20260909047
45,4,set15,alt2,20260909047
45,4,set16,alt1,20260909047
45,4,set17,alt1,20260909047
45,4,set20,alt1,20260909047
45,4,set21,alt1,20260909047
45,4,set23,alt1,20260909047
45,4,set26,alt1,20260909047
45,4,set27,alt2,20260909047
45,4,set32,alt1,20260909047
45,4,set34,alt2,20260909047
45,4,set43,alt1,20260909047
46,4,set14,alt1,20260909048
46,4,set15,alt2,20260909048
46,4,set16,alt2,20260909048
46,4,set17,alt2,20260909048
46,4,set20,alt1,20260909048
46,4,set21,alt1,20260909048
46,4,set23,alt1,20260909048
46,4,set26,alt1,20260909048
46,4,set27,alt1,20260909048
46,4,set32,alt1,20260909048
46,4,set34,alt2,20260909048
46,4,set43,alt2,20260909048
47,2,set1,alt2,20260909049
47,2,set2,alt1,20260909049
47,2,set7,alt1,20260909049
47,2,set8,alt1,20260909049
47,2,set10,alt1,20260909049
47,2,set13,alt1,20260909049
47,2,set36,alt2,20260909049
47,2,set38,alt2,20260909049
47,2,set40,alt2,20260909049
47,2,set44,alt1,20260909049
47,2,set45,alt2,20260909049
47,2,set46,alt1,20260909049
48,1,set5,alt2,20260909050
48,1,set6,alt1,20260909050
48,1,set9,alt2,20260909050
48,1,set11,alt2,20260909050
48,1,set18,alt2,20260909050
48,1,set19,alt2,20260909050
48,1,set33,alt1,20260909050
48,1,set35,alt2,20260909050
48,1,set37,alt1,20260909050
48,1,set41,alt1,20260909050
48,1,set42,alt2,20260909050
48,1,set48,alt2,20260909050
49,3,set3,alt1,20260909051
49,3,set4,alt2,20260909051
49,3,set12,alt1,20260909051
49,3,set22,alt1,20260909051
49,3,set24,alt1,20260909051
49,3,set25,alt1,20260909051
49,3,set28,alt1,20260909051
49,3,set29,alt1,20260909051
49,3,set30,alt2,20260909051
49,3,set31,alt2,20260909051
49,3,set39,alt2,20260909051
49,3,set47,alt2,20260909051
50,1,set5,alt2,20260909052
50,1,set6,alt1,20260909052
50,1,set9,alt2,20260909052
50,1,set11,alt2,20260909052
50,1,set18,alt2,20260909052
50,1,set19,alt2,20260909052
50,1,set33,alt1,20260909052
50,1,set35,alt2,20260909052
50,1,set37,alt1,20260909052
50,1,set41,alt1,20260909052
50,1,set42,alt2,20260909052
50,1,set48,alt2,20260909052
51,4,set14,alt1,20260909053
51,4,set15,alt2,20260909053
51,4,set16,alt1,20260909053
51,4,set17,alt2,20260909053
51,4,set20,alt1,20260909053
51,4,set21,alt1,20260909053
51,4,set23,alt1,20260909053
51,4,set26,alt1,20260909053
51,4,set27,alt1,20260909053
51,4,set32,alt1,20260909053
51,4,set34,alt1,20260909053
51,4,set43,alt1,20260909053
52,4,set14,alt1,20260909054
52,4,set15,alt2,20260909054
52,4,set16,alt2,20260909054
52,4,set17,alt2,20260909054
52,4,set20,alt1,20260909054
52,4,set21,alt1,20260909054
52,4,set23,alt1,20260909054
52,4,set26,alt1,20260909054
52,4,set27,alt1,20260909054
52,4,set32,alt1,20260909054
52,4,set34,alt2,20260909054
52,4,set43,alt2,20260909054
53,4,set14,alt1,20260909055
53,4,set15,alt2,20260909055
53,4,set16,alt2,20260909055
53,4,set17,alt2,20260909055
53,4,set20,alt1,20260909055
53,4,set21,alt1,20260909055
53,4,set23,alt1,20260909055
53,4,set26,alt1,20260909055
53,4,set27,alt1,20260909055
53,4,set32,alt1,20260909055
53,4,set34,alt2,20260909055
53,4,set43,alt2,20260909055
54,3,set3,alt2,20260909056
54,3,set4,alt2,20260909056
54,3,set12,alt1,20260909056
54,3,set22,alt2,20260909056
54,3,set24,alt1,20260909056
54,3,set25,alt1,20260909056
54,3,set28,alt1,20260909056
54,3,set29,alt1,20260909056
54,3,set30,alt2,20260909056
54,3,set31,alt2,20260909056
54,3,set39,alt2,20260909056
54,3,set47,alt2,20260909056
55,3,set3,alt1,20260909057
55,3,set4,alt2,20260909057
55,3,set12,alt1,20260909057
55,3,set22,alt1,20260909057
55,3,set24,alt1,20260909057
55,3,set25,alt1,20260909057
55,3,set28,alt1,20260909057
55,3,set29,alt1,20260909057
55,3,set30,alt2,20260909057
55,3,set31,alt2,20260909057
55,3,set39,alt2,20260909057
55,3,set47,alt2,20260909057
56,1,set5,alt2,20260909058
56,1,set6,alt1,20260909058
56,1,set9,alt2,20260909058
56,1,set11,alt2,20260909058
56,1,set18,alt2,20260909058
56,1,set19,alt2,20260909058
56,1,set33,alt1,20260909058
56,1,set35,alt2,20260909058
56,1,set37,alt1,20260909058
56,1,set41,alt1,20260909058
56,1,set42,alt2,20260909058
56,1,set48,alt2,20260909058
57,2,set1,alt2,20260909059
57,2,set2,alt1,20260909059
57,2,set7,alt1,20260909059
57,2,set8,alt1,20260909059
57,2,set10,alt1,20260909059
57,2,set13,alt1,20260909059
57,2,set36,alt2,20260909059
57,2,set38,alt2,20260909059
57,2,set40,alt2,20260909059
57,2,set44,alt1,20260909059
57,2,set45,alt2,20260909059
57,2,set46,alt1,20260909059
58,4,set14,alt2,20260909060
58,4,set15,alt2,20260909060
58,4,set16,alt1,20260909060
58,4,set17,alt1,20260909060
58,4,set20,alt1,20260909060
58,4,set21,alt1,20260909060
58,4,set23,alt1,20260909060
58,4,set26,alt1,20260909060
58,4,set27,alt2,20260909060
58,4,set32,alt1,20260909060
58,4,set34,alt2,20260909060
58,4,set43,alt1,20260909060
59,4,set14,alt1,20260909061
59,4,set15,alt1,20260909061
59,4,set16,alt1,20260909061
59,4,set17,alt1,20260909061
59,4,set20,alt1,20260909061
59,4,set21,alt1,20260909061
59,4,set23,alt1,20260909061
59,4,set26,alt1,20260909061
59,4,set27,alt1,20260909061
59,4,set32,alt1,20260909061
59,4,set34,alt2,20260909061
59,4,set43,alt1,20260909061
60,2,set1,alt2,20260909062
60,2,set2,alt1,20260909062
60,2,set7,alt2,20260909062
60,2,set8,alt1,20260909062
60,2,set10,alt2,20260909062
60,2,set13,alt1,20260909062
60,2,set36,alt2,20260909062
60,2,set38,alt1,20260909062
60,2,set40,alt2,20260909062
60,2,set44,alt2,20260909062
60,2,set45,alt2,20260909062
60,2,set46,alt2,20260909062
61,2,set1,alt2,20260909063
61,2,set2,alt1,20260909063
61,2,set7,alt1,20260909063
61,2,set8,alt1,20260909063
61,2,set10,alt1,20260909063
61,2,set13,alt1,20260909063
61,2,set36,alt2,20260909063
61,2,set38,alt2,20260909063
61,2,set40,alt2,20260909063
61,2,set44,alt1,20260909063
61,2,set45,alt2,20260909063
61,2,set46,alt1,20260909063
62,2,set1,alt2,20260909064
62,2,set2,alt1,20260909064
62,2,set7,alt1,20260909064
62,2,set8,alt1,20260909064
62,2,set10,alt1,20260909064
62,2,set13,alt1,20260909064
62,2,set36,alt2,20260909064
62,2,set38,alt2,20260909064
62,2,set40,alt2,20260909064
62,2,set44,alt1,20260909064
62,2,set45,alt2,20260909064
62,2,set46,alt1,20260909064
63,3,set3,alt1,20260909065
63,3,set4,alt2,20260909065
63,3,set12,alt1,20260909065
63,3,set22,alt1,20260909065
63,3,set24,alt1,20260909065
63,3,set25,alt1,20260909065
63,3,set28,alt1,20260909065
63,3,set29,alt1,20260909065
63,3,set30,alt2,20260909065
63,3,set31,alt2,20260909065
63,3,set39,alt2,20260909065
63,3,set47,alt2,20260909065
64,4,set14,alt1,20260909066
64,4,set15,alt2,20260909066
64,4,set16,alt2,20260909066
64,4,set17,alt2,20260909066
64,4,set20,alt1,20260909066
64,4,set21,alt1,20260909066
64,4,set23,alt1,20260909066
64,4,set26,alt1,20260909066
64,4,set27,alt1,20260909066
64,4,set32,alt1,20260909066
64,4,set34,alt2,20260909066
64,4,set43,alt2,20260909066
65,3,set3,alt1,20260909067
65,3,set4,alt2,20260909067
65,3,set12,alt1,20260909067
65,3,set22,alt1,20260909067
65,3,set24,alt1,20260909067
65,3,set25,alt1,20260909067
65,3,set28,alt1,20260909067
65,3,set29,alt1,20260909067
65,3,set30,alt2,20260909067
65,3,set31,alt2,20260909067
65,3,set39,alt2,20260909067
65,3,set47,alt2,20260909067
66,2,set1,alt2,20260909068
66,2,set2,alt1,20260909068
66,2,set7,alt1,20260909068
66,2,set8,alt1,20260909068
66,2,set10,alt2,20260909068
66,2,set13,alt1,20260909068
66,2,set36,alt2,20260909068
66,2,set38,alt2,20260909068
66,2,set40,alt2,20260909068
66,2,set44,alt1,20260909068
66,2,set45,alt2,20260909068
66,2,set46,alt1,20260909068
67,2,set1,alt2,20260909069
67,2,set2,alt1,20260909069
67,2,set7,alt1,20260909069
67,2,set8,alt1,20260909069
67,2,set10,alt1,20260909069
67,2,set13,alt1,20260909069
67,2,set36,alt2,20260909069
67,2,set38,alt2,20260909069
67,2,set40,alt2,20260909069
67,2,set44,alt1,20260909069
67,2,set45,alt2,20260909069
67,2,set46,alt1,20260909069
68,3,set3,alt1,20260909070
68,3,set4,alt2,20260909070
68,3,set12,alt1,20260909070
68,3,set22,alt1,20260909070
68,3,set24,alt1,20260909070
68,3,set25,alt1,20260909070
68,3,set28,alt1,20260909070
68,3,set29,alt1,20260909070
68,3,set30,alt2,20260909070
68,3,set31,alt2,20260909070
68,3,set39,alt2,20260909070
68,3,set47,alt2,20260909070
69,3,set3,alt1,20260909071
69,3,set4,alt2,20260909071
69,3,set12,alt1,20260909071
69,3,set22,alt1,20260909071
69,3,set24,alt1,20260909071
69,3,set25,alt1,20260909071
69,3,set28,alt1,20260909071
69,3,set29,alt1,20260909071
69,3,set30,alt2,20260909071
69,3,set31,alt2,20260909071
69,3,set39,alt2,20260909071
69,3,set47,alt2,20260909071
70,4,set14,alt2,20260909072
70,4,set15,alt2,20260909072
70,4,set16,alt1,20260909072
70,4,set17,alt1,20260909072
70,4,set20,alt1,20260909072
70,4,set21,alt2,20260909072
70,4,set23,alt1,20260909072
70,4,set26,alt1,20260909072
70,4,set27,alt2,20260909072
70,4,set32,alt1,20260909072
70,4,set34,alt2,20260909072
70,4,set43,alt2,20260909072
71,4,set14,alt2,20260909073
71,4,set15,alt2,20260909073
71,4,set16,alt1,20260909073
71,4,set17,alt1,20260909073
71,4,set20,alt1,20260909073
71,4,set21,alt1,20260909073
71,4,set23,alt1,20260909073
71,4,set26,alt1,20260909073
71,4,set27,alt2,20260909073
71,4,set32,alt1,20260909073
71,4,set34,alt2,20260909073
71,4,set43,alt1,20260909073
72,4,set14,alt1,20260909074
72,4,set15,alt2,20260909074
72,4,set16,alt2,20260909074
72,4,set17,alt2,20260909074
72,4,set20,alt1,20260909074
72,4,set21,alt1,20260909074
72,4,set23,alt1,20260909074
72,4,set26,alt1,20260909074
72,4,set27,alt1,20260909074
72,4,set32,alt1,20260909074
72,4,set34,alt2,20260909074
72,4,set43,alt2,20260909074
73,2,set1,alt2,20260909075
73,2,set2,alt1,20260909075
73,2,set7,alt1,20260909075
73,2,set8,alt1,20260909075
73,2,set10,alt1,20260909075
73,2,set13,alt1,20260909075
73,2,set36,alt2,20260909075
73,2,set38,alt2,20260909075
73,2,set40,alt2,20260909075
73,2,set44,alt1,20260909075
73,2,set45,alt2,20260909075
73,2,set46,alt1,20260909075
74,3,set3,alt2,20260909076
74,3,set4,alt2,20260909076
74,3,set12,alt1,20260909076
74,3,set22,alt2,20260909076
74,3,set24,alt1,20260909076
74,3,set25,alt1,20260909076
74,3,set28,alt1,20260909076
74,3,set29,alt1,20260909076
74,3,set30,alt2,20260909076
74,3,set31,alt2,20260909076
74,3,set39,alt2,20260909076
74,3,set47,alt2,20260909076
75,4,set14,alt1,20260909077
75,4,set15,alt2,20260909077
75,4,set16,alt2,20260909077
75,4,set17,alt2,20260909077
75,4,set20,alt1,20260909077
75,4,set21,alt1,20260909077
75,4,set23,alt1,20260909077
75,4,set26,alt1,20260909077
75,4,set27,alt1,20260909077
75,4,set32,alt1,20260909077
75,4,set34,alt2,20260909077
75,4,set43,alt2,20260909077
76,4,set14,alt1,20260909078
76,4,set15,alt2,20260909078
76,4,set16,alt2,20260909078
76,4,set17,alt2,20260909078
76,4,set20,alt1,20260909078
76,4,set21,alt1,20260909078
76,4,set23,alt1,20260909078
76,4,set26,alt1,20260909078
76,4,set27,alt1,20260909078
76,4,set32,alt1,20260909078
76,4,set34,alt2,20260909078
76,4,set43,alt2,20260909078
77,3,set3,alt1,20260909079
77,3,set4,alt2,20260909079
77,3,set12,alt1,20260909079
77,3,set22,alt1,20260909079
77,3,set24,alt1,20260909079
77,3,set25,alt1,20260909079
77,3,set28,alt1,20260909079
77,3,set29,alt1,20260909079
77,3,set30,alt2,20260909079
77,3,set31,alt2,20260909079
77,3,set39,alt2,20260909079
77,3,set47,alt2,20260909079
78,4,set14,alt2,20260909080
78,4,set15,alt2,20260909080
78,4,set16,alt1,20260909080
78,4,set17,alt1,20260909080
78,4,set20,alt1,20260909080
78,4,set21,alt1,20260909080
78,4,set23,alt1,20260909080
78,4,set26,alt1,20260909080
78,4,set27,alt2,20260909080
78,4,set32,alt1,20260909080
78,4,set34,alt2,20260909080
78,4,set43,alt1,20260909080
79,4,set14,alt1,20260909081
79,4,set15,alt2,20260909081
79,4,set16,alt2,20260909081
79,4,set17,alt2,20260909081
79,4,set20,alt1,20260909081
79,4,set21,alt1,20260909081
79,4,set23,alt1,20260909081
79,4,set26,alt1,20260909081
79,4,set27,alt1,20260909081
79,4,set32,alt1,20260909081
79,4,set34,alt2,20260909081
79,4,set43,alt2,20260909081
80,2,set1,alt2,20260909082
80,2,set2,alt1,20260909082
80,2,set7,alt1,20260909082
80,2,set8,alt1,20260909082
80,2,set10,alt1,20260909082
80,2,set13,alt1,20260909082
80,2,set36,alt2,20260909082
80,2,set38,alt2,20260909082
80,2,set40,alt2,20260909082
80,2,set44,alt1,20260909082
80,2,set45,alt2,20260909082
80,2,set46,alt1,20260909082
81,3,set3,alt2,20260909083
81,3,set4,alt2,20260909083
81,3,set12,alt1,20260909083
81,3,set22,alt2,20260909083
81,3,set24,alt1,20260909083
81,3,set25,alt1,20260909083
81,3,set28,alt1,20260909083
81,3,set29,alt1,20260909083
81,3,set30,alt2,20260909083
81,3,set31,alt2,20260909083
81,3,set39,alt2,20260909083
81,3,set47,alt2,20260909083
82,2,set1,alt2,20260909084
82,2,set2,alt1,20260909084
82,2,set7,alt2,20260909084
82,2,set8,alt1,20260909084
82,2,set10,alt2,20260909084
82,2,set13,alt1,20260909084
82,2,set36,alt2,20260909084
82,2,set38,alt1,20260909084
82,2,set40,alt2,20260909084
82,2,set44,alt2,20260909084
82,2,set45,alt2,20260909084
82,2,set46,alt2,20260909084
83,1,set5,alt2,20260909085
83,1,set6,alt1,20260909085
83,1,set9,alt2,20260909085
83,1,set11,alt2,20260909085
83,1,set18,alt2,20260909085
83,1,set19,alt2,20260909085
83,1,set33,alt1,20260909085
83,1,set35,alt2,20260909085
83,1,set37,alt1,20260909085
83,1,set41,alt1,20260909085
83,1,set42,alt2,20260909085
83,1,set48,alt2,20260909085
84,4,set14,alt1,20260909086
84,4,set15,alt2,20260909086
84,4,set16,alt1,20260909086
84,4,set17,alt2,20260909086
84,4,set20,alt1,20260909086
84,4,set21,alt1,20260909086
84,4,set23,alt1,20260909086
84,4,set26,alt1,20260909086
84,4,set27,alt1,20260909086
84,4,set32,alt1,20260909086
84,4,set34,alt1,20260909086
84,4,set43,alt1,20260909086
85,3,set3,alt1,20260909087
85,3,set4,alt2,20260909087
85,3,set12,alt1,20260909087
85,3,set22,alt1,20260909087
85,3,set24,alt1,20260909087
85,3,set25,alt1,20260909087
85,3,set28,alt1,20260909087
85,3,set29,alt1,20260909087
85,3,set30,alt2,20260909087
85,3,set31,alt2,20260909087
85,3,set39,alt2,20260909087
85,3,set47,alt2,20260909087
86,3,set3,alt1,20260909088
86,3,set4,alt2,20260909088
86,3,set12,alt1,20260909088
86,3,set22,alt1,20260909088
86,3,set24,alt1,20260909088
86,3,set25,alt1,20260909088
86,3,set28,alt1,20260909088
86,3,set29,alt1,20260909088
86,3,set30,alt2,20260909088
86,3,set31,alt2,20260909088
86,3,set39,alt2,20260909088
86,3,set47,alt2,20260909088
87,4,set14,alt2,20260909089
87,4,set15,alt2,20260909089
87,4,set16,alt1,20260909089
87,4,set17,alt1,20260909089
87,4,set20,alt1,20260909089
87,4,set21,alt2,20260909089
87,4,set23,alt1,20260909089
87,4,set26,alt1,20260909089
87,4,set27,alt2,20260909089
87,4,set32,alt1,20260909089
87,4,set34,alt2,20260909089
87,4,set43,alt2,20260909089
88,1,set5,alt2,20260909090
88,1,set6,alt2,20260909090
88,1,set9,alt2,20260909090
88,1,set11,alt2,20260909090
88,1,set18,alt2,20260909090
88,1,set19,alt2,20260909090
88,1,set33,alt1,20260909090
88,1,set35,alt2,20260909090
88,1,set37,alt1,20260909090
88,1,set41,alt2,20260909090
88,1,set42,alt2,20260909090
88,1,set48,alt2,20260909090
89,3,set3,alt1,20260909091
89,3,set4,alt2,20260909091
89,3,set12,alt1,20260909091
89,3,set22,alt1,20260909091
89,3,set24,alt1,20260909091
89,3,set25,alt1,20260909091
89,3,set28,alt1,20260909091
89,3,set29,alt1,20260909091
89,3,set30,alt2,20260909091
89,3,set31,alt2,20260909091
89,3,set39,alt2,20260909091
89,3,set47,alt2,20260909091
90,3,set3,alt1,20260909092
90,3,set4,alt2,20260909092
90,3,set12,alt1,20260909092
90,3,set22,alt1,20260909092
90,3,set24,alt1,20260909092
90,3,set25,alt1,20260909092
90,3,set28,alt1,20260909092
90,3,set29,alt1,20260909092
90,3,set30,alt2,20260909092
90,3,set31,alt2,20260909092
90,3,set39,alt2,20260909092
90,3,set47,alt2,20260909092
91,2,set1,alt2,20260909093
91,2,set2,alt1,20260909093
91,2,set7,alt1,20260909093
91,2,set8,alt1,20260909093
91,2,set10,alt1,20260909093
91,2,set13,alt1,20260909093
91,2,set36,alt2,20260909093
91,2,set38,alt2,20260909093
91,2,set40,alt2,20260909093
91,2,set44,alt1,20260909093
91,2,set45,alt2,20260909093
91,2,set46,alt1,20260909093
92,4,set14,alt1,20260909094
92,4,set15,alt2,20260909094
92,4,set16,alt2,20260909094
92,4,set17,alt2,20260909094
92,4,set20,alt1,20260909094
92,4,set21,alt1,20260909094
92,4,set23,alt1,20260909094
92,4,set26,alt1,20260909094
92,4,set27,alt1,20260909094
92,4,set32,alt1,20260909094
92,4,set34,alt2,20260909094
92,4,set43,alt2,20260909094
93,2,set1,alt2,20260909095
93,2,set2,alt1,20260909095
93,2,set7,alt1,20260909095
93,2,set8,alt1,20260909095
93,2,set10,alt1,20260909095
93,2,set13,alt1,20260909095
93,2,set36,alt2,20260909095
93,2,set38,alt2,20260909095
93,2,set40,alt2,20260909095
93,2,set44,alt1,20260909095
93,2,set45,alt2,20260909095
93,2,set46,alt1,20260909095
94,2,set1,alt2,20260909096
94,2,set2,alt1,20260909096
94,2,set7,alt1,20260909096
94,2,set8,alt1,20260909096
94,2,set10,alt1,20260909096
94,2,set13,alt1,20260909096
94,2,set36,alt2,20260909096
94,2,set38,alt2,20260909096
94,2,set40,alt2,20260909096
94,2,set44,alt1,20260909096
94,2,set45,alt2,20260909096
94,2,set46,alt1,20260909096
95,1,set5,alt2,20260909097
95,1,set6,alt1,20260909097
95,1,set9,alt2,20260909097
95,1,set11,alt2,20260909097
95,1,set18,alt2,20260909097
95,1,set19,alt2,20260909097
95,1,set33,alt1,20260909097
95,1,set35,alt2,20260909097
95,1,set37,alt1,20260909097
95,1,set41,alt1,20260909097
95,1,set42,alt2,20260909097
95,1,set48,alt2,20260909097
96,4,set14,alt1,20260909098
96,4,set15,alt2,20260909098
96,4,set16,alt2,20260909098
96,4,set17,alt2,20260909098
96,4,set20,alt1,20260909098
96,4,set21,alt1,20260909098
96,4,set23,alt1,20260909098
96,4,set26,alt1,20260909098
96,4,set27,alt1,20260909098
96,4,set32,alt1,20260909098
96,4,set34,alt2,20260909098
96,4,set43,alt2,20260909098
97,1,set5,alt2,20260909099
97,1,set6,alt1,20260909099
97,1,set9,alt2,20260909099
97,1,set11,alt2,20260909099
97,1,set18,alt2,20260909099
97,1,set19,alt2,20260909099
97,1,set33,alt1,20260909099
97,1,set35,alt2,20260909099
97,1,set37,alt1,20260909099
97,1,set41,alt1,20260909099
97,1,set42,alt2,20260909099
97,1,set48,alt2,20260909099
98,1,set5,alt2,20260909100
98,1,set6,alt2,20260909100
98,1,set9,alt2,20260909100
98,1,set11,alt2,20260909100
98,1,set18,alt2,20260909100
98,1,set19,alt1,20260909100
98,1,set33,alt1,20260909100
98,1,set35,alt2,20260909100
98,1,set37,alt1,20260909100
98,1,set41,alt2,20260909100
98,1,set42,alt2,20260909100
98,1,set48,alt2,20260909100
99,2,set1,alt2,20260909101
99,2,set2,alt1,20260909101
99,2,set7,alt2,20260909101
99,2,set8,alt1,20260909101
99,2,set10,alt2,20260909101
99,2,set13,alt1,20260909101
99,2,set36,alt2,20260909101
99,2,set38,alt1,20260909101
99,2,set40,alt2,20260909101
99,2,set44,alt2,20260909101
99,2,set45,alt2,20260909101
99,2,set46,alt2,20260909101
100,3,set3,alt2,20260909102
100,3,set4,alt1,20260909102
100,3,set12,alt1,20260909102
100,3,set22,alt2,20260909102
100,3,set24,alt1,20260909102
100,3,set25,alt2,20260909102
100,3,set28,alt2,20260909102
100,3,set29,alt1,20260909102
100,3,set30,alt1,20260909102
100,3,set31,alt2,20260909102
100,3,set39,alt1,20260909102
100,3,set47,alt1,20260909102
101,1,set5,alt2,20260909103
101,1,set6,alt1,20260909103
101,1,set9,alt2,20260909103
101,1,set11,alt2,20260909103
101,1,set18,alt2,20260909103
101,1,set19,alt2,20260909103
101,1,set33,alt1,20260909103
101,1,set35,alt2,20260909103
101,1,set37,alt1,20260909103
101,1,set41,alt1,20260909103
101,1,set42,alt2,20260909103
101,1,set48,alt2,20260909103
102,3,set3,alt1,20260909104
102,3,set4,alt2,20260909104
102,3,set12,alt1,20260909104
102,3,set22,alt1,20260909104
102,3,set24,alt1,20260909104
102,3,set25,alt1,20260909104
102,3,set28,alt1,20260909104
102,3,set29,alt1,20260909104
102,3,set30,alt2,20260909104
102,3,set31,alt2,20260909104
102,3,set39,alt2,20260909104
102,3,set47,alt2,20260909104
103,4,set14,alt2,20260909105
103,4,set15,alt2,20260909105
103,4,set16,alt1,20260909105
103,4,set17,alt1,20260909105
103,4,set20,alt1,20260909105
103,4,set21,alt2,20260909105
103,4,set23,alt1,20260909105
103,4,set26,alt1,20260909105
103,4,set27,alt2,20260909105
103,4,set32,alt1,20260909105
103,4,set34,alt2,20260909105
103,4,set43,alt2,20260909105
104,2,set1,alt2,20260909106
104,2,set2,alt1,20260909106
104,2,set7,alt1,20260909106
104,2,set8,alt1,20260909106
104,2,set10,alt1,20260909106
104,2,set13,alt1,20260909106
104,2,set36,alt2,20260909106
104,2,set38,alt2,20260909106
104,2,set40,alt2,20260909106
104,2,set44,alt1,20260909106
104,2,set45,alt2,20260909106
104,2,set46,alt1,20260909106
105,2,set1,alt2,20260909107
105,2,set2,alt1,20260909107
105,2,set7,alt1,20260909107
105,2,set8,alt1,20260909107
105,2,set10,alt1,20260909107
105,2,set13,alt1,20260909107
105,2,set36,alt2,20260909107
105,2,set38,alt2,20260909107
105,2,set40,alt2,20260909107
105,2,set44,alt1,20260909107
105,2,set45,alt2,20260909107
105,2,set46,alt1,20260909107
106,4,set14,alt1,20260909108
106,4,set15,alt2,20260909108
106,4,set16,alt2,20260909108
106,4,set17,alt2,20260909108
106,4,set20,alt1,20260909108
106,4,set21,alt1,20260909108
106,4,set23,alt1,20260909108
106,4,set26,alt1,20260909108
106,4,set27,alt1,20260909108
106,4,set32,alt1,20260909108
106,4,set34,alt2,20260909108
106,4,set43,alt2,20260909108
107,1,set5,alt2,20260909109
107,1,set6,alt2,20260909109
107,1,set9,alt2,20260909109
107,1,set11,alt2,20260909109
107,1,set18,alt2,20260909109
107,1,set19,alt2,20260909109
107,1,set33,alt1,20260909109
107,1,set35,alt2,20260909109
107,1,set37,alt1,20260909109
107,1,set41,alt2,20260909109
107,1,set42,alt2,20260909109
107,1,set48,alt2,20260909109
108,4,set14,alt1,20260909110
108,4,set15,alt1,20260909110
108,4,set16,alt1,20260909110
108,4,set17,alt1,20260909110
108,4,set20,alt1,20260909110
108,4,set21,alt1,20260909110
108,4,set23,alt1,20260909110
108,4,set26,alt1,20260909110
108,4,set27,alt1,20260909110
108,4,set32,alt1,20260909110
108,4,set34,alt2,20260909110
108,4,set43,alt1,20260909110
109,3,set3,alt1,20260909111
109,3,set4,alt2,20260909111
109,3,set12,alt1,20260909111
109,3,set22,alt1,20260909111
109,3,set24,alt1,20260909111
109,3,set25,alt1,20260909111
109,3,set28,alt1,20260909111
109,3,set29,alt1,20260909111
109,3,set30,alt2,20260909111
109,3,set31,alt2,20260909111
109,3,set39,alt2,20260909111
109,3,set47,alt2,20260909111
110,4,set14,alt1,20260909112
110,4,set15,alt2,20260909112
110,4,set16,alt2,20260909112
110,4,set17,alt2,20260909112
110,4,set20,alt1,20260909112
110,4,set21,alt1,20260909112
110,4,set23,alt1,20260909112
110,4,set26,alt1,20260909112
110,4,set27,alt1,20260909112
110,4,set32,alt1,20260909112
110,4,set34,alt2,20260909112
110,4,set43,alt2,20260909112
111,1,set5,alt1,20260909113
111,1,set6,alt2,20260909113
111,1,set9,alt1,20260909113
111,1,set11,alt2,20260909113
111,1,set18,alt1,20260909113
111,1,set19,alt2,20260909113
111,1,set33,alt1,20260909113
111,1,set35,alt2,20260909113
111,1,set37,alt1,20260909113
111,1,set41,alt1,20260909113
111,1,set42,alt1,20260909113
111,1,set48,alt2,20260909113
112,4,set14,alt1,20260909114
112,4,set15,alt2,20260909114
112,4,set16,alt2,20260909114
112,4,set17,alt2,20260909114
112,4,set20,alt1,20260909114
112,4,set21,alt1,20260909114
112,4,set23,alt1,20260909114
112,4,set26,alt1,20260909114
112,4,set27,alt1,20260909114
112,4,set32,alt1,20260909114
112,4,set34,alt2,20260909114
112,4,set43,alt2,20260909114
113,2,set1,alt2,20260909115
113,2,set2,alt1,20260909115
113,2,set7,alt1,20260909115
113,2,set8,alt1,20260909115
113,2,set10,alt1,20260909115
113,2,set13,alt1,20260909115
113,2,set36,alt2,20260909115
113,2,set38,alt2,20260909115
113,2,set40,alt2,20260909115
113,2,set44,alt1,20260909115
113,2,set45,alt2,20260909115
113,2,set46,alt1,20260909115
114,1,set5,alt2,20260909116
114,1,set6,alt2,20260909116
114,1,set9,alt2,20260909116
114,1,set11,alt2,20260909116
114,1,set18,alt2,20260909116
114,1,set19,alt2,20260909116
114,1,set33,alt1,20260909116
114,1,set35,alt2,20260909116
114,1,set37,alt1,20260909116
114,1,set41,alt2,20260909116
114,1,set42,alt2,20260909116
114,1,set48,alt2,20260909116
115,2,set1,alt2,20260909117
115,2,set2,alt1,20260909117
115,2,set7,alt1,20260909117
115,2,set8,alt1,20260909117
115,2,set10,alt1,20260909117
115,2,set13,alt1,20260909117
115,2,set36,alt2,20260909117
115,2,set38,alt2,20260909117
115,2,set40,alt2,20260909117
115,2,set44,alt1,20260909117
115,2,set45,alt2,20260909117
115,2,set46,alt1,20260909117
116,3,set3,alt2,20260909118
116,3,set4,alt1,20260909118
116,3,set12,alt1,20260909118
116,3,set22,alt2,20260909118
116,3,set24,alt1,20260909118
116,3,set25,alt2,20260909118
116,3,set28,alt2,20260909118
116,3,set29,alt1,20260909118
116,3,set30,alt2,20260909118
116,3,set31,alt1,20260909118
116,3,set39,alt1,20260909118
116,3,set47,alt2,20260909118
117,4,set14,alt2,20260909119
117,4,set15,alt2,20260909119
117,4,set16,alt1,20260909119
117,4,set17,alt1,20260909119
117,4,set20,alt1,20260909119
117,4,set21,alt1,20260909119
117,4,set23,alt1,20260909119
117,4,set26,alt1,20260909119
117,4,set27,alt2,20260909119
117,4,set32,alt1,20260909119
117,4,set34,alt2,20260909119
117,4,set43,alt1,20260909119
118,4,set14,alt1,20260909120
118,4,set15,alt2,20260909120
118,4,set16,alt2,20260909120
118,4,set17,alt2,20260909120
118,4,set20,alt1,20260909120
118,4,set21,alt1,20260909120
118,4,set23,alt1,20260909120
118,4,set26,alt1,20260909120
118,4,set27,alt1,20260909120
118,4,set32,alt1,20260909120
118,4,set34,alt2,20260909120
118,4,set43,alt2,20260909120
119,3,set3,alt1,20260909121
119,3,set4,alt2,20260909121
119,3,set12,alt1,20260909121
119,3,set22,alt1,20260909121
119,3,set24,alt1,20260909121
119,3,set25,alt1,20260909121
119,3,set28,alt1,20260909121
119,3,set29,alt1,20260909121
119,3,set30,alt2,20260909121
119,3,set31,alt2,20260909121
119,3,set39,alt2,20260909121
119,3,set47,alt2,20260909121
120,3,set3,alt2,20260909122
120,3,set4,alt2,20260909122
120,3,set12,alt1,20260909122
120,3,set22,alt2,20260909122
120,3,set24,alt1,20260909122
120,3,set25,alt1,20260909122
120,3,set28,alt1,20260909122
120,3,set29,alt1,20260909122
120,3,set30,alt2,20260909122
120,3,set31,alt2,20260909122
120,3,set39,alt2,20260909122
120,3,set47,alt2,20260909122
121,3,set3,alt2,20260909123
121,3,set4,alt2,20260909123
121,3,set12,alt1,20260909123
121,3,set22,alt2,20260909123
121,3,set24,alt1,20260909123
121,3,set25,alt1,20260909123
121,3,set28,alt1,20260909123
121,3,set29,alt1,20260909123
121,3,set30,alt2,20260909123
121,3,set31,alt2,20260909123
121,3,set39,alt2,20260909123
121,3,set47,alt2,20260909123
122,3,set3,alt2,20260909124
122,3,set4,alt2,20260909124
122,3,set12,alt1,20260909124
122,3,set22,alt2,20260909124
122,3,set24,alt1,20260909124
122,3,set25,alt1,20260909124
122,3,set28,alt1,20260909124
122,3,set29,alt1,20260909124
122,3,set30,alt2,20260909124
122,3,set31,alt2,20260909124
122,3,set39,alt2,20260909124
122,3,set47,alt2,20260909124
123,3,set3,alt1,20260909125
123,3,set4,alt2,20260909125
123,3,set12,alt1,20260909125
123,3,set22,alt1,20260909125
123,3,set24,alt1,20260909125
123,3,set25,alt1,20260909125
123,3,set28,alt1,20260909125
123,3,set29,alt1,20260909125
123,3,set30,alt2,20260909125
123,3,set31,alt2,20260909125
123,3,set39,alt2,20260909125
123,3,set47,alt2,20260909125
124,2,set1,alt2,20260909126
124,2,set2,alt1,20260909126
124,2,set7,alt1,20260909126
124,2,set8,alt1,20260909126
124,2,set10,alt2,20260909126
124,2,set13,alt1,20260909126
124,2,set36,alt2,20260909126
124,2,set38,alt2,20260909126
124,2,set40,alt2,20260909126
124,2,set44,alt1,20260909126
124,2,set45,alt2,20260909126
124,2,set46,alt1,20260909126
125,3,set3,alt1,20260909127
125,3,set4,alt2,20260909127
125,3,set12,alt1,20260909127
125,3,set22,alt1,20260909127
125,3,set24,alt1,20260909127
125,3,set25,alt1,20260909127
125,3,set28,alt1,20260909127
125,3,set29,alt1,20260909127
125,3,set30,alt2,20260909127
125,3,set31,alt2,20260909127
125,3,set39,alt2,20260909127
125,3,set47,alt2,20260909127
126,4,set14,alt1,20260909128
126,4,set15,alt1,20260909128
126,4,set16,alt1,20260909128
126,4,set17,alt1,20260909128
126,4,set20,alt1,20260909128
126,4,set21,alt1,20260909128
126,4,set23,alt1,20260909128
126,4,set26,alt1,20260909128
126,4,set27,alt1,20260909128
126,4,set32,alt1,20260909128
126,4,set34,alt2,20260909128
126,4,set43,alt1,20260909128
127,3,set3,alt2,20260909129
127,3,set4,alt1,20260909129
127,3,set12,alt1,20260909129
127,3,set22,alt2,20260909129
127,3,set24,alt1,20260909129
127,3,set25,alt2,20260909129
127,3,set28,alt2,20260909129
127,3,set29,alt1,20260909129
127,3,set30,alt1,20260909129
127,3,set31,alt2,20260909129
127,3,set39,alt1,20260909129
127,3,set47,alt1,20260909129
128,1,set5,alt2,20260909130
128,1,set6,alt2,20260909130
128,1,set9,alt2,20260909130
128,1,set11,alt2,20260909130
128,1,set18,alt1,20260909130
128,1,set19,alt2,20260909130
128,1,set33,alt1,20260909130
128,1,set35,alt2,20260909130
128,1,set37,alt1,20260909130
128,1,set41,alt1,20260909130
128,1,set42,alt2,20260909130
128,1,set48,alt2,20260909130
129,1,set5,alt2,20260909131
129,1,set6,alt2,20260909131
129,1,set9,alt2,20260909131
129,1,set11,alt2,20260909131
129,1,set18,alt2,20260909131
129,1,set19,alt2,20260909131
129,1,set33,alt1,20260909131
129,1,set35,alt2,20260909131
129,1,set37,alt1,20260909131
129,1,set41,alt2,20260909131
129,1,set42,alt2,20260909131
129,1,set48,alt2,20260909131
130,4,set14,alt1,20260909132
130,4,set15,alt2,20260909132
130,4,set16,alt2,20260909132
130,4,set17,alt2,20260909132
130,4,set20,alt1,20260909132
130,4,set21,alt1,20260909132
130,4,set23,alt1,20260909132
130,4,set26,alt1,20260909132
130,4,set27,alt1,20260909132
130,4,set32,alt1,20260909132
130,4,set34,alt2,20260909132
130,4,set43,alt2,20260909132
131,3,set3,alt2,20260909133
131,3,set4,alt2,20260909133
131,3,set12,alt1,20260909133
131,3,set22,alt2,20260909133
131,3,set24,alt1,20260909133
131,3,set25,alt1,20260909133
131,3,set28,alt1,20260909133
131,3,set29,alt1,20260909133
131,3,set30,alt2,20260909133
131,3,set31,alt2,20260909133
131,3,set39,alt2,20260909133
131,3,set47,alt2,20260909133
132,3,set3,alt1,20260909134
132,3,set4,alt2,20260909134
132,3,set12,alt1,20260909134
132,3,set22,alt1,20260909134
132,3,set24,alt1,20260909134
132,3,set25,alt1,20260909134
132,3,set28,alt1,20260909134
132,3,set29,alt1,20260909134
132,3,set30,alt2,20260909134
132,3,set31,alt2,20260909134
132,3,set39,alt2,20260909134
132,3,set47,alt2,20260909134
133,2,set1,alt2,20260909135
133,2,set2,alt1,20260909135
133,2,set7,alt1,20260909135
133,2,set8,alt1,20260909135
133,2,set10,alt1,20260909135
133,2,set13,alt1,20260909135
133,2,set36,alt2,20260909135
133,2,set38,alt2,20260909135
133,2,set40,alt2,20260909135
133,2,set44,alt1,20260909135
133,2,set45,alt2,20260909135
133,2,set46,alt1,20260909135
134,2,set1,alt2,20260909136
134,2,set2,alt1,20260909136
134,2,set7,alt2,20260909136
134,2,set8,alt1,20260909136
134,2,set10,alt2,20260909136
134,2,set13,alt1,20260909136
134,2,set36,alt2,20260909136
134,2,set38,alt1,20260909136
134,2,set40,alt2,20260909136
134,2,set44,alt2,20260909136
134,2,set45,alt2,20260909136
134,2,set46,alt2,20260909136
135,1,set5,alt2,20260909137
135,1,set6,alt2,20260909137
135,1,set9,alt2,20260909137
135,1,set11,alt2,20260909137
135,1,set18,alt1,20260909137
135,1,set19,alt2,20260909137
135,1,set33,alt1,20260909137
135,1,set35,alt2,20260909137
135,1,set37,alt1,20260909137
135,1,set41,alt1,20260909137
135,1,set42,alt2,20260909137
135,1,set48,alt2,20260909137
136,3,set3,alt1,20260909138
136,3,set4,alt2,20260909138
136,3,set12,alt1,20260909138
136,3,set22,alt1,20260909138
136,3,set24,alt1,20260909138
136,3,set25,alt1,20260909138
136,3,set28,alt1,20260909138
136,3,set29,alt1,20260909138
136,3,set30,alt2,20260909138
136,3,set31,alt2,20260909138
136,3,set39,alt2,20260909138
136,3,set47,alt2,20260909138
137,1,set5,alt2,20260909139
137,1,set6,alt2,20260909139
137,1,set9,alt2,20260909139
137,1,set11,alt2,20260909139
137,1,set18,alt2,20260909139
137,1,set19,alt2,20260909139
137,1,set33,alt1,20260909139
137,1,set35,alt2,20260909139
137,1,set37,alt1,20260909139
137,1,set41,alt2,20260909139
137,1,set42,alt2,20260909139
137,1,set48,alt2,20260909139
138,2,set1,alt2,20260909140
138,2,set2,alt1,20260909140
138,2,set7,alt1,20260909140
138,2,set8,alt1,20260909140
138,2,set10,alt1,20260909140
138,2,set13,alt1,20260909140
138,2,set36,alt2,20260909140
138,2,set38,alt2,20260909140
138,2,set40,alt2,20260909140
138,2,set44,alt1,20260909140
138,2,set45,alt2,20260909140
138,2,set46,alt1,20260909140
139,3,set3,alt2,20260909141
139,3,set4,alt2,20260909141
139,3,set12,alt1,20260909141
139,3,set22,alt2,20260909141
139,3,set24,alt1,20260909141
139,3,set25,alt1,20260909141
139,3,set28,alt1,20260909141
139,3,set29,alt1,20260909141
139,3,set30,alt2,20260909141
139,3,set31,alt2,20260909141
139,3,set39,alt2,20260909141
139,3,set47,alt2,20260909141
140,3,set3,alt1,20260909142
140,3,set4,alt2,20260909142
140,3,set12,alt1,20260909142
140,3,set22,alt1,20260909142
140,3,set24,alt1,20260909142
140,3,set25,alt1,20260909142
140,3,set28,alt1,20260909142
140,3,set29,alt1,20260909142
140,3,set30,alt2,20260909142
140,3,set31,alt2,20260909142
140,3,set39,alt2,20260909142
140,3,set47,alt2,20260909142
141,2,set1,alt2,20260909143
141,2,set2,alt1,20260909143
141,2,set7,alt1,20260909143
141,2,set8,alt1,20260909143
141,2,set10,alt1,20260909143
141,2,set13,alt1,20260909143
141,2,set36,alt2,20260909143
141,2,set38,alt2,20260909143
141,2,set40,alt2,20260909143
141,2,set44,alt1,20260909143
141,2,set45,alt2,20260909143
141,2,set46,alt1,20260909143
142,3,set3,alt1,20260909144
142,3,set4,alt2,20260909144
142,3,set12,alt1,20260909144
142,3,set22,alt1,20260909144
142,3,set24,alt1,20260909144
142,3,set25,alt1,20260909144
142,3,set28,alt1,20260909144
142,3,set29,alt1,20260909144
142,3,set30,alt2,20260909144
142,3,set31,alt2,20260909144
142,3,set39,alt2,20260909144
142,3,set47,alt2,20260909144
143,3,set3,alt2,20260909145
143,3,set4,alt1,20260909145
143,3,set12,alt1,20260909145
143,3,set22,alt2,20260909145
143,3,set24,alt1,20260909145
143,3,set25,alt2,20260909145
143,3,set28,alt2,20260909145
143,3,set29,alt1,20260909145
143,3,set30,alt2,20260909145
143,3,set31,alt1,20260909145
143,3,set39,alt1,20260909145
143,3,set47,alt2,20260909145
144,4,set14,alt1,20260909146
144,4,set15,alt2,20260909146
144,4,set16,alt2,20260909146
144,4,set17,alt2,20260909146
144,4,set20,alt1,20260909146
144,4,set21,alt1,20260909146
144,4,set23,alt1,20260909146
144,4,set26,alt1,20260909146
144,4,set27,alt1,20260909146
144,4,set32,alt1,20260909146
144,4,set34,alt2,20260909146
144,4,set43,alt2,20260909146
145,3,set3,alt1,20260909147
145,3,set4,alt2,20260909147
145,3,set12,alt1,20260909147
145,3,set22,alt1,20260909147
145,3,set24,alt1,20260909147
145,3,set25,alt1,20260909147
145,3,set28,alt1,20260909147
145,3,set29,alt1,20260909147
145,3,set30,alt2,20260909147
145,3,set31,alt2,20260909147
145,3,set39,alt2,20260909147
145,3,set47,alt2,20260909147
146,3,set3,alt2,20260909148
146,3,set4,alt1,20260909148
146,3,set12,alt1,20260909148
146,3,set22,alt2,20260909148
146,3,set24,alt1,20260909148
146,3,set25,alt2,20260909148
146,3,set28,alt2,20260909148
146,3,set29,alt1,20260909148
146,3,set30,alt2,20260909148
146,3,set31,alt1,20260909148
146,3,set39,alt1,20260909148
146,3,set47,alt2,20260909148
147,4,set14,alt1,20260909149
147,4,set15,alt1,20260909149
147,4,set16,alt1,20260909149
147,4,set17,alt1,20260909149
147,4,set20,alt1,20260909149
147,4,set21,alt1,20260909149
147,4,set23,alt1,20260909149
147,4,set26,alt1,20260909149
147,4,set27,alt1,20260909149
147,4,set32,alt1,20260909149
147,4,set34,alt2,20260909149
147,4,set43,alt1,20260909149
148,1,set5,alt2,20260909150
148,1,set6,alt2,20260909150
148,1,set9,alt2,20260909150
148,1,set11,alt2,20260909150
148,1,set18,alt1,20260909150
148,1,set19,alt2,20260909150
148,1,set33,alt1,20260909150
148,1,set35,alt2,20260909150
148,1,set37,alt1,20260909150
148,1,set41,alt1,20260909150
148,1,set42,alt2,20260909150
148,1,set48,alt2,20260909150
149,1,set5,alt2,20260909151
149,1,set6,alt2,20260909151
149,1,set9,alt2,20260909151
149,1,set11,alt2,20260909151
149,1,set18,alt2,20260909151
149,1,set19,alt2,20260909151
149,1,set33,alt1,20260909151
149,1,set35,alt2,20260909151
149,1,set37,alt1,20260909151
149,1,set41,alt2,20260909151
149,1,set42,alt2,20260909151
149,1,set48,alt2,20260909151
150,1,set5,alt2,20260909152
150,1,set6,alt1,20260909152
150,1,set9,alt2,20260909152
150,1,set11,alt2,20260909152
150,1,set18,alt2,20260909152
150,1,set19,alt2,20260909152
150,1,set33,alt1,20260909152
150,1,set35,alt2,20260909152
150,1,set37,alt1,20260909152
150,1,set41,alt1,20260909152
150,1,set42,alt2,20260909152
150,1,set48,alt2,20260909152
151,4,set14,alt1,20260909153
151,4,set15,alt2,20260909153
151,4,set16,alt1,20260909153
151,4,set17,alt2,20260909153
151,4,set20,alt1,20260909153
151,4,set21,alt1,20260909153
151,4,set23,alt1,20260909153
151,4,set26,alt1,20260909153
151,4,set27,alt1,20260909153
151,4,set32,alt1,20260909153
151,4,set34,alt1,20260909153
151,4,set43,alt1,20260909153
152,3,set3,alt1,20260909154
152,3,set4,alt2,20260909154
152,3,set12,alt1,20260909154
152,3,set22,alt1,20260909154
152,3,set24,alt1,20260909154
152,3,set25,alt1,20260909154
152,3,set28,alt1,20260909154
152,3,set29,alt1,20260909154
152,3,set30,alt2,20260909154
152,3,set31,alt2,20260909154
152,3,set39,alt2,20260909154
152,3,set47,alt2,20260909154
153,1,set5,alt1,20260909155
153,1,set6,alt1,20260909155
153,1,set9,alt1,20260909155
153,1,set11,alt2,20260909155
153,1,set18,alt1,20260909155
153,1,set19,alt1,20260909155
153,1,set33,alt2,20260909155
153,1,set35,alt2,20260909155
153,1,set37,alt1,20260909155
153,1,set41,alt1,20260909155
153,1,set42,alt2,20260909155
153,1,set48,alt2,20260909155
154,4,set14,alt2,20260909156
154,4,set15,alt2,20260909156
154,4,set16,alt1,20260909156
154,4,set17,alt1,20260909156
154,4,set20,alt1,20260909156
154,4,set21,alt1,20260909156
154,4,set23,alt1,20260909156
154,4,set26,alt1,20260909156
154,4,set27,alt2,20260909156
154,4,set32,alt1,20260909156
154,4,set34,alt2,20260909156
154,4,set43,alt1,20260909156
155,3,set3,alt1,20260909157
155,3,set4,alt2,20260909157
155,3,set12,alt1,20260909157
155,3,set22,alt1,20260909157
155,3,set24,alt1,20260909157
155,3,set25,alt1,20260909157
155,3,set28,alt1,20260909157
155,3,set29,alt1,20260909157
155,3,set30,alt2,20260909157
155,3,set31,alt2,20260909157
155,3,set39,alt2,20260909157
155,3,set47,alt2,20260909157
156,1,set5,alt2,20260909158
156,1,set6,alt2,20260909158
156,1,set9,alt2,20260909158
156,1,set11,alt2,20260909158
156,1,set18,alt2,20260909158
156,1,set19,alt2,20260909158
156,1,set33,alt1,20260909158
156,1,set35,alt2,20260909158
156,1,set37,alt1,20260909158
156,1,set41,alt2,20260909158
156,1,set42,alt2,20260909158
156,1,set48,alt2,20260909158
157,4,set14,alt2,20260909159
157,4,set15,alt2,20260909159
157,4,set16,alt1,20260909159
157,4,set17,alt1,20260909159
157,4,set20,alt1,20260909159
157,4,set21,alt1,20260909159
157,4,set23,alt1,20260909159
157,4,set26,alt1,20260909159
157,4,set27,alt2,20260909159
157,4,set32,alt1,20260909159
157,4,set34,alt2,20260909159
157,4,set43,alt1,20260909159
158,3,set3,alt2,20260909160
158,3,set4,alt2,20260909160
158,3,set12,alt1,20260909160
158,3,set22,alt2,20260909160
158,3,set24,alt1,20260909160
158,3,set25,alt1,20260909160
158,3,set28,alt1,20260909160
158,3,set29,alt1,20260909160
158,3,set30,alt2,20260909160
158,3,set31,alt2,20260909160
158,3,set39,alt2,20260909160
158,3,set47,alt2,20260909160
159,3,set3,alt2,20260909161
159,3,set4,alt1,20260909161
159,3,set12,alt1,20260909161
159,3,set22,alt2,20260909161
159,3,set24,alt1,20260909161
159,3,set25,alt2,20260909161
159,3,set28,alt2,20260909161
159,3,set29,alt1,20260909161
159,3,set30,alt2,20260909161
159,3,set31,alt1,20260909161
159,3,set39,alt1,20260909161
159,3,set47,alt2,20260909161
160,1,set5,alt2,20260909162
160,1,set6,alt2,20260909162
160,1,set9,alt2,20260909162
160,1,set11,alt2,20260909162
160,1,set18,alt2,20260909162
160,1,set19,alt2,20260909162
160,1,set33,alt1,20260909162
160,1,set35,alt2,20260909162
160,1,set37,alt1,20260909162
160,1,set41,alt2,20260909162
160,1,set42,alt2,20260909162
160,1,set48,alt2,20260909162
161,2,set1,alt2,20260909163
161,2,set2,alt1,20260909163
161,2,set7,alt1,20260909163
161,2,set8,alt1,20260909163
161,2,set10,alt1,20260909163
161,2,set13,alt1,20260909163
161,2,set36,alt2,20260909163
161,2,set38,alt2,20260909163
161,2,set40,alt2,20260909163
161,2,set44,alt1,20260909163
161,2,set45,alt2,20260909163
161,2,set46,alt1,20260909163
162,4,set14,alt1,20260909164
162,4,set15,alt1,20260909164
162,4,set16,alt1,20260909164
162,4,set17,alt1,20260909164
162,4,set20,alt1,20260909164
162,4,set21,alt1,20260909164
162,4,set23,alt1,20260909164
162,4,set26,alt1,20260909164
162,4,set27,alt1,20260909164
162,4,set32,alt1,20260909164
162,4,set34,alt2,20260909164
162,4,set43,alt1,20260909164
163,4,set14,alt2,20260909165
163,4,set15,alt2,20260909165
163,4,set16,alt1,20260909165
163,4,set17,alt1,20260909165
163,4,set20,alt1,20260909165
163,4,set21,alt1,20260909165
163,4,set23,alt1,20260909165
163,4,set26,alt1,20260909165
163,4,set27,alt2,20260909165
163,4,set32,alt1,20260909165
163,4,set34,alt2,20260909165
163,4,set43,alt1,20260909165
164,4,set14,alt1,20260909166
164,4,set15,alt1,20260909166
164,4,set16,alt1,20260909166
164,4,set17,alt1,20260909166
164,4,set20,alt1,20260909166
164,4,set21,alt1,20260909166
164,4,set23,alt1,20260909166
164,4,set26,alt1,20260909166
164,4,set27,alt1,20260909166
164,4,set32,alt1,20260909166
164,4,set34,alt2,20260909166
164,4,set43,alt1,20260909166
165,3,set3,alt1,20260909167
165,3,set4,alt2,20260909167
165,3,set12,alt1,20260909167
165,3,set22,alt1,20260909167
165,3,set24,alt1,20260909167
165,3,set25,alt1,20260909167
165,3,set28,alt1,20260909167
165,3,set29,alt1,20260909167
165,3,set30,alt2,20260909167
165,3,set31,alt2,20260909167
165,3,set39,alt2,20260909167
165,3,set47,alt2,20260909167
166,4,set14,alt1,20260909168
166,4,set15,alt2,20260909168
166,4,set16,alt2,20260909168
166,4,set17,alt2,20260909168
166,4,set20,alt1,20260909168
166,4,set21,alt1,20260909168
166,4,set23,alt1,20260909168
166,4,set26,alt1,20260909168
166,4,set27,alt1,20260909168
166,4,set32,alt1,20260909168
166,4,set34,alt2,20260909168
166,4,set43,alt2,20260909168
167,2,set1,alt2,20260909169
167,2,set2,alt1,20260909169
167,2,set7,alt1,20260909169
167,2,set8,alt1,20260909169
167,2,set10,alt1,20260909169
167,2,set13,alt1,20260909169
167,2,set36,alt2,20260909169
167,2,set38,alt2,20260909169
167,2,set40,alt2,20260909169
167,2,set44,alt1,20260909169
167,2,set45,alt2,20260909169
167,2,set46,alt1,20260909169
168,3,set3,alt1,20260909170
168,3,set4,alt2,20260909170
168,3,set12,alt1,20260909170
168,3,set22,alt1,20260909170
168,3,set24,alt1,20260909170
168,3,set25,alt1,20260909170
168,3,set28,alt1,20260909170
168,3,set29,alt1,20260909170
168,3,set30,alt2,20260909170
168,3,set31,alt2,20260909170
168,3,set39,alt2,20260909170
168,3,set47,alt2,20260909170
169,3,set3,alt1,20260909171
169,3,set4,alt2,20260909171
169,3,set12,alt1,20260909171
169,3,set22,alt1,20260909171
169,3,set24,alt1,20260909171
169,3,set25,alt1,20260909171
169,3,set28,alt1,20260909171
169,3,set29,alt1,20260909171
169,3,set30,alt2,20260909171
169,3,set31,alt2,20260909171
169,3,set39,alt2,20260909171
169,3,set47,alt2,20260909171
170,2,set1,alt2,20260909172
170,2,set2,alt1,20260909172
170,2,set7,alt1,20260909172
170,2,set8,alt1,20260909172
170,2,set10,alt1,20260909172
170,2,set13,alt1,20260909172
170,2,set36,alt2,20260909172
170,2,set38,alt2,20260909172
170,2,set40,alt2,20260909172
170,2,set44,alt1,20260909172
170,2,set45,alt2,20260909172
170,2,set46,alt1,20260909172
171,3,set3,alt1,20260909173
171,3,set4,alt2,20260909173
171,3,set12,alt1,20260909173
171,3,set22,alt1,20260909173
171,3,set24,alt1,20260909173
171,3,set25,alt1,20260909173
171,3,set28,alt1,20260909173
171,3,set29,alt1,20260909173
171,3,set30,alt2,20260909173
171,3,set31,alt2,20260909173
171,3,set39,alt2,20260909173
171,3,set47,alt2,20260909173
172,2,set1,alt2,20260909174
172,2,set2,alt1,20260909174
172,2,set7,alt1,20260909174
172,2,set8,alt1,20260909174
172,2,set10,alt2,20260909174
172,2,set13,alt1,20260909174
172,2,set36,alt2,20260909174
172,2,set38,alt2,20260909174
172,2,set40,alt2,20260909174
172,2,set44,alt1,20260909174
172,2,set45,alt2,20260909174
172,2,set46,alt1,20260909174
173,3,set3,alt2,20260909175
173,3,set4,alt2,20260909175
173,3,set12,alt1,20260909175
173,3,set22,alt2,20260909175
173,3,set24,alt1,20260909175
173,3,set25,alt1,20260909175
173,3,set28,alt1,20260909175
173,3,set29,alt1,20260909175
173,3,set30,alt2,20260909175
173,3,set31,alt2,20260909175
173,3,set39,alt2,20260909175
173,3,set47,alt2,20260909175
174,4,set14,alt1,20260909176
174,4,set15,alt1,20260909176
174,4,set16,alt1,20260909176
174,4,set17,alt1,20260909176
174,4,set20,alt1,20260909176
174,4,set21,alt1,20260909176
174,4,set23,alt1,20260909176
174,4,set26,alt1,20260909176
174,4,set27,alt1,20260909176
174,4,set32,alt1,20260909176
174,4,set34,alt2,20260909176
174,4,set43,alt1,20260909176
175,1,set5,alt2,20260909177
175,1,set6,alt1,20260909177
175,1,set9,alt2,20260909177
175,1,set11,alt2,20260909177
175,1,set18,alt2,20260909177
175,1,set19,alt2,20260909177
175,1,set33,alt1,20260909177
175,1,set35,alt2,20260909177
175,1,set37,alt1,20260909177
175,1,set41,alt1,20260909177
175,1,set42,alt2,20260909177
175,1,set48,alt2,20260909177
176,2,set1,alt2,20260909178
176,2,set2,alt1,20260909178
176,2,set7,alt1,20260909178
176,2,set8,alt1,20260909178
176,2,set10,alt1,20260909178
176,2,set13,alt1,20260909178
176,2,set36,alt2,20260909178
176,2,set38,alt2,20260909178
176,2,set40,alt2,20260909178
176,2,set44,alt1,20260909178
176,2,set45,alt2,20260909178
176,2,set46,alt1,20260909178
177,4,set14,alt1,20260909179
177,4,set15,alt1,20260909179
177,4,set16,alt1,20260909179
177,4,set17,alt1,20260909179
177,4,set20,alt1,20260909179
177,4,set21,alt1,20260909179
177,4,set23,alt1,20260909179
177,4,set26,alt1,20260909179
177,4,set27,alt1,20260909179
177,4,set32,alt1,20260909179
177,4,set34,alt2,20260909179
177,4,set43,alt1,20260909179
178,3,set3,alt1,20260909180
178,3,set4,alt2,20260909180
178,3,set12,alt1,20260909180
178,3,set22,alt1,20260909180
178,3,set24,alt1,20260909180
178,3,set25,alt1,20260909180
178,3,set28,alt1,20260909180
178,3,set29,alt1,20260909180
178,3,set30,alt2,20260909180
178,3,set31,alt2,20260909180
178,3,set39,alt2,20260909180
178,3,set47,alt2,20260909180
179,1,set5,alt2,20260909181
179,1,set6,alt2,20260909181
179,1,set9,alt2,20260909181
179,1,set11,alt2,20260909181
179,1,set18,alt1,20260909181
179,1,set19,alt2,20260909181
179,1,set33,alt1,20260909181
179,1,set35,alt2,20260909181
179,1,set37,alt1,20260909181
179,1,set41,alt1,20260909181
179,1,set42,alt2,20260909181
179,1,set48,alt2,20260909181
180,3,set3,alt2,20260909182
180,3,set4,alt1,20260909182
180,3,set12,alt1,20260909182
180,3,set22,alt2,20260909182
180,3,set24,alt1,20260909182
180,3,set25,alt2,20260909182
180,3,set28,alt2,20260909182
180,3,set29,alt1,20260909182
180,3,set30,alt2,20260909182
180,3,set31,alt1,20260909182
180,3,set39,alt1,20260909182
180,3,set47,alt2,20260909182
181,4,set14,alt1,20260909183
181,4,set15,alt2,20260909183
181,4,set16,alt2,20260909183
181,4,set17,alt2,20260909183
181,4,set20,alt1,20260909183
181,4,set21,alt1,20260909183
181,4,set23,alt1,20260909183
181,4,set26,alt1,20260909183
181,4,set27,alt1,20260909183
181,4,set32,alt1,20260909183
181,4,set34,alt2,20260909183
181,4,set43,alt2,20260909183
182,1,set5,alt1,20260909184
182,1,set6,alt1,20260909184
182,1,set9,alt1,20260909184
182,1,set11,alt2,20260909184
182,1,set18,alt1,20260909184
182,1,set19,alt1,20260909184
182,1,set33,alt2,20260909184
182,1,set35,alt2,20260909184
182,1,set37,alt1,20260909184
182,1,set41,alt1,20260909184
182,1,set42,alt2,20260909184
182,1,set48,alt2,20260909184
183,1,set5,alt2,20260909185
183,1,set6,alt2,20260909185
183,1,set9,alt2,20260909185
183,1,set11,alt2,20260909185
183,1,set18,alt2,20260909185
183,1,set19,alt2,20260909185
183,1,set33,alt1,20260909185
183,1,set35,alt2,20260909185
183,1,set37,alt1,20260909185
183,1,set41,alt2,20260909185
183,1,set42,alt2,20260909185
183,1,set48,alt2,20260909185
184,2,set1,alt2,20260909186
184,2,set2,alt1,20260909186
184,2,set7,alt1,20260909186
184,2,set8,alt1,20260909186
184,2,set10,alt1,20260909186
184,2,set13,alt1,20260909186
184,2,set36,alt2,20260909186
184,2,set38,alt2,20260909186
184,2,set40,alt2,20260909186
184,2,set44,alt1,20260909186
184,2,set45,alt2,20260909186
184,2,set46,alt1,20260909186
185,3,set3,alt2,20260909187
185,3,set4,alt1,20260909187
185,3,set12,alt1,20260909187
185,3,set22,alt2,20260909187
185,3,set24,alt1,20260909187
185,3,set25,alt2,20260909187
185,3,set28,alt2,20260909187
185,3,set29,alt1,20260909187
185,3,set30,alt2,20260909187
185,3,set31,alt1,20260909187
185,3,set39,alt1,20260909187
185,3,set47,alt2,20260909187
186,1,set5,alt2,20260909188
186,1,set6,alt2,20260909188
186,1,set9,alt2,20260909188
186,1,set11,alt2,20260909188
186,1,set18,alt2,20260909188
186,1,set19,alt2,20260909188
186,1,set33,alt1,20260909188
186,1,set35,alt2,20260909188
186,1,set37,alt1,20260909188
186,1,set41,alt2,20260909188
186,1,set42,alt2,20260909188
186,1,set48,alt2,20260909188
187,1,set5,alt2,20260909189
187,1,set6,alt1,20260909189
187,1,set9,alt2,20260909189
187,1,set11,alt2,20260909189
187,1,set18,alt2,20260909189
187,1,set19,alt2,20260909189
187,1,set33,alt1,20260909189
187,1,set35,alt2,20260909189
187,1,set37,alt1,20260909189
187,1,set41,alt1,20260909189
187,1,set42,alt2,20260909189
187,1,set48,alt2,20260909189
188,3,set3,alt2,20260909190
188,3,set4,alt1,20260909190
188,3,set12,alt1,20260909190
188,3,set22,alt2,20260909190
188,3,set24,alt1,20260909190
188,3,set25,alt2,20260909190
188,3,set28,alt2,20260909190
188,3,set29,alt1,20260909190
188,3,set30,alt2,20260909190
188,3,set31,alt1,20260909190
188,3,set39,alt1,20260909190
188,3,set47,alt2,20260909190
189,4,set14,alt1,20260909191
189,4,set15,alt2,20260909191
189,4,set16,alt2,20260909191
189,4,set17,alt2,20260909191
189,4,set20,alt1,20260909191
189,4,set21,alt1,20260909191
189,4,set23,alt1,20260909191
189,4,set26,alt1,20260909191
189,4,set27,alt1,20260909191
189,4,set32,alt1,20260909191
189,4,set34,alt2,20260909191
189,4,set43,alt2,20260909191
190,1,set5,alt2,20260909192
190,1,set6,alt2,20260909192
190,1,set9,alt2,20260909192
190,1,set11,alt2,20260909192
190,1,set18,alt1,20260909192
190,1,set19,alt2,20260909192
190,1,set33,alt1,20260909192
190,1,set35,alt2,20260909192
190,1,set37,alt1,20260909192
190,1,set41,alt1,20260909192
190,1,set42,alt2,20260909192
190,1,set48,alt2,20260909192
191,3,set3,alt2,20260909193
191,3,set4,alt1,20260909193
191,3,set12,alt1,20260909193
191,3,set22,alt2,20260909193
191,3,set24,alt1,20260909193
191,3,set25,alt2,20260909193
191,3,set28,alt2,20260909193
191,3,set29,alt1,20260909193
191,3,set30,alt1,20260909193
191,3,set31,alt2,20260909193
191,3,set39,alt1,20260909193
191,3,set47,alt1,20260909193
192,2,set1,alt2,20260909194
192,2,set2,alt1,20260909194
192,2,set7,alt1,20260909194
192,2,set8,alt1,20260909194
192,2,set10,alt1,20260909194
192,2,set13,alt1,20260909194
192,2,set36,alt2,20260909194
192,2,set38,alt2,20260909194
192,2,set40,alt2,20260909194
192,2,set44,alt1,20260909194
192,2,set45,alt2,20260909194
192,2,set46,alt1,20260909194
193,4,set14,alt1,20260909195
193,4,set15,alt2,20260909195
193,4,set16,alt2,20260909195
193,4,set17,alt2,20260909195
193,4,set20,alt1,20260909195
193,4,set21,alt1,20260909195
193,4,set23,alt1,20260909195
193,4,set26,alt1,20260909195
193,4,set27,alt1,20260909195
193,4,set32,alt1,20260909195
193,4,set34,alt2,20260909195
193,4,set43,alt2,20260909195
194,1,set5,alt2,20260909196
194,1,set6,alt2,20260909196
194,1,set9,alt2,20260909196
194,1,set11,alt2,20260909196
194,1,set18,alt1,20260909196
194,1,set19,alt2,20260909196
194,1,set33,alt1,20260909196
194,1,set35,alt2,20260909196
194,1,set37,alt1,20260909196
194,1,set41,alt1,20260909196
194,1,set42,alt2,20260909196
194,1,set48,alt2,20260909196
195,4,set14,alt1,20260909197
195,4,set15,alt2,20260909197
195,4,set16,alt2,20260909197
195,4,set17,alt2,20260909197
195,4,set20,alt1,20260909197
195,4,set21,alt1,20260909197
195,4,set23,alt1,20260909197
195,4,set26,alt1,20260909197
195,4,set27,alt1,20260909197
195,4,set32,alt1,20260909197
195,4,set34,alt2,20260909197
195,4,set43,alt2,20260909197
196,3,set3,alt1,20260909198
196,3,set4,alt2,20260909198
196,3,set12,alt1,20260909198
196,3,set22,alt1,20260909198
196,3,set24,alt1,20260909198
196,3,set25,alt1,20260909198
196,3,set28,alt1,20260909198
196,3,set29,alt1,20260909198
196,3,set30,alt2,20260909198
196,3,set31,alt2,20260909198
196,3,set39,alt2,20260909198
196,3,set47,alt2,20260909198
197,4,set14,alt2,20260909199
197,4,set15,alt2,20260909199
197,4,set16,alt1,20260909199
197,4,set17,alt1,20260909199
197,4,set20,alt1,20260909199
197,4,set21,alt1,20260909199
197,4,set23,alt1,20260909199
197,4,set26,alt1,20260909199
197,4,set27,alt2,20260909199
197,4,set32,alt1,20260909199
197,4,set34,alt2,20260909199
197,4,set43,alt1,20260909199
198,4,set14,alt1,20260909200
198,4,set15,alt1,20260909200
198,4,set16,alt1,20260909200
198,4,set17,alt1,20260909200
198,4,set20,alt1,20260909200
198,4,set21,alt1,20260909200
198,4,set23,alt1,20260909200
198,4,set26,alt1,20260909200
198,4,set27,alt1,20260909200
198,4,set32,alt1,20260909200
198,4,set34,alt2,20260909200
198,4,set43,alt1,20260909200
199,4,set14,alt1,20260909201
199,4,set15,alt2,20260909201
199,4,set16,alt1,20260909201
199,4,set17,alt2,20260909201
199,4,set20,alt1,20260909201
199,4,set21,alt1,20260909201
199,4,set23,alt1,20260909201
199,4,set26,alt1,20260909201
199,4,set27,alt1,20260909201
199,4,set32,alt1,20260909201
199,4,set34,alt1,20260909201
199,4,set43,alt1,20260909201
200,3,set3,alt2,20260909202
200,3,set4,alt2,20260909202
200,3,set12,alt1,20260909202
200,3,set22,alt2,20260909202
200,3,set24,alt1,20260909202
200,3,set25,alt1,20260909202
200,3,set28,alt1,20260909202
200,3,set29,alt1,20260909202
200,3,set30,alt2,20260909202
200,3,set31,alt2,20260909202
200,3,set39,alt2,20260909202
200,3,set47,alt2,20260909202
201,1,set5,alt2,20260909203
201,1,set6,alt2,20260909203
201,1,set9,alt2,20260909203
201,1,set11,alt2,20260909203
201,1,set18,alt2,20260909203
201,1,set19,alt2,20260909203
201,1,set33,alt1,20260909203
201,1,set35,alt2,20260909203
201,1,set37,alt1,20260909203
201,1,set41,alt2,20260909203
201,1,set42,alt2,20260909203
201,1,set48,alt2,20260909203
202,3,set3,alt1,20260909204
202,3,set4,alt2,20260909204
202,3,set12,alt1,20260909204
202,3,set22,alt1,20260909204
202,3,set24,alt1,20260909204
202,3,set25,alt1,20260909204
202,3,set28,alt1,20260909204
202,3,set29,alt1,20260909204
202,3,set30,alt2,20260909204
202,3,set31,alt2,20260909204
202,3,set39,alt2,20260909204
202,3,set47,alt2,20260909204
203,1,set5,alt1,20260909205
203,1,set6,alt2,20260909205
203,1,set9,alt1,20260909205
203,1,set11,alt2,20260909205
203,1,set18,alt1,20260909205
203,1,set19,alt2,20260909205
203,1,set33,alt1,20260909205
203,1,set35,alt2,20260909205
203,1,set37,alt1,20260909205
203,1,set41,alt1,20260909205
203,1,set42,alt1,20260909205
203,1,set48,alt2,20260909205
204,2,set1,alt2,20260909206
204,2,set2,alt1,20260909206
204,2,set7,alt1,20260909206
204,2,set8,alt1,20260909206
204,2,set10,alt1,20260909206
204,2,set13,alt1,20260909206
204,2,set36,alt2,20260909206
204,2,set38,alt2,20260909206
204,2,set40,alt2,20260909206
204,2,set44,alt1,20260909206
204,2,set45,alt2,20260909206
204,2,set46,alt1,20260909206
205,2,set1,alt2,20260909207
205,2,set2,alt1,20260909207
205,2,set7,alt2,20260909207
205,2,set8,alt1,20260909207
205,2,set10,alt2,20260909207
205,2,set13,alt1,20260909207
205,2,set36,alt2,20260909207
205,2,set38,alt1,20260909207
205,2,set40,alt2,20260909207
205,2,set44,alt2,20260909207
205,2,set45,alt2,20260909207
205,2,set46,alt2,20260909207
206,2,set1,alt2,20260909208
206,2,set2,alt1,20260909208
206,2,set7,alt1,20260909208
206,2,set8,alt1,20260909208
206,2,set10,alt2,20260909208
206,2,set13,alt1,20260909208
206,2,set36,alt2,20260909208
206,2,set38,alt2,20260909208
206,2,set40,alt2,20260909208
206,2,set44,alt1,20260909208
206,2,set45,alt2,20260909208
206,2,set46,alt1,20260909208
207,3,set3,alt1,20260909209
207,3,set4,alt2,20260909209
207,3,set12,alt1,20260909209
207,3,set22,alt1,20260909209
207,3,set24,alt1,20260909209
207,3,set25,alt1,20260909209
207,3,set28,alt1,20260909209
207,3,set29,alt1,20260909209
207,3,set30,alt2,20260909209
207,3,set31,alt2,20260909209
207,3,set39,alt2,20260909209
207,3,set47,alt2,20260909209
208,4,set14,alt1,20260909210
208,4,set15,alt2,20260909210
208,4,set16,alt1,20260909210
208,4,set17,alt2,20260909210
208,4,set20,alt1,20260909210
208,4,set21,alt1,20260909210
208,4,set23,alt1,20260909210
208,4,set26,alt1,20260909210
208,4,set27,alt1,20260909210
208,4,set32,alt1,20260909210
208,4,set34,alt1,20260909210
208,4,set43,alt1,20260909210
209,1,set5,alt1,20260909211
209,1,set6,alt2,20260909211
209,1,set9,alt1,20260909211
209,1,set11,alt2,20260909211
209,1,set18,alt1,20260909211
209,1,set19,alt2,20260909211
209,1,set33,alt1,20260909211
209,1,set35,alt2,20260909211
209,1,set37,alt1,20260909211
209,1,set41,alt1,20260909211
209,1,set42,alt1,20260909211
209,1,set48,alt2,20260909211
210,3,set3,alt1,20260909212
210,3,set4,alt2,20260909212
210,3,set12,alt1,20260909212
210,3,set22,alt1,20260909212
210,3,set24,alt1,20260909212
210,3,set25,alt1,20260909212
210,3,set28,alt1,20260909212
210,3,set29,alt1,20260909212
210,3,set30,alt2,20260909212
210,3,set31,alt2,20260909212
210,3,set39,alt2,20260909212
210,3,set47,alt2,20260909212
211,1,set5,alt2,20260909213
211,1,set6,alt2,20260909213
211,1,set9,alt2,20260909213
211,1,set11,alt2,20260909213
211,1,set18,alt2,20260909213
211,1,set19,alt2,20260909213
211,1,set33,alt1,20260909213
211,1,set35,alt2,20260909213
211,1,set37,alt1,20260909213
211,1,set41,alt2,20260909213
211,1,set42,alt2,20260909213
211,1,set48,alt2,20260909213
212,1,set5,alt1,20260909214
212,1,set6,alt2,20260909214
212,1,set9,alt1,20260909214
212,1,set11,alt2,20260909214
212,1,set18,alt2,20260909214
212,1,set19,alt2,20260909214
212,1,set33,alt1,20260909214
212,1,set35,alt2,20260909214
212,1,set37,alt1,20260909214
212,1,set41,alt1,20260909214
212,1,set42,alt1,20260909214
212,1,set48,alt2,20260909214
213,3,set3,alt2,20260909215
213,3,set4,alt2,20260909215
213,3,set12,alt1,20260909215
213,3,set22,alt2,20260909215
213,3,set24,alt1,20260909215
213,3,set25,alt1,20260909215
213,3,set28,alt1,20260909215
213,3,set29,alt1,20260909215
213,3,set30,alt2,20260909215
213,3,set31,alt2,20260909215
213,3,set39,alt2,20260909215
213,3,set47,alt2,20260909215
214,1,set5,alt2,20260909216
214,1,set6,alt1,20260909216
214,1,set9,alt2,20260909216
214,1,set11,alt2,20260909216
214,1,set18,alt2,20260909216
214,1,set19,alt2,20260909216
214,1,set33,alt1,20260909216
214,1,set35,alt2,20260909216
214,1,set37,alt1,20260909216
214,1,set41,alt1,20260909216
214,1,set42,alt2,20260909216
214,1,set48,alt2,20260909216
215,3,set3,alt1,20260909217
215,3,set4,alt2,20260909217
215,3,set12,alt1,20260909217
215,3,set22,alt1,20260909217
215,3,set24,alt1,20260909217
215,3,set25,alt1,20260909217
215,3,set28,alt1,20260909217
215,3,set29,alt1,20260909217
215,3,set30,alt2,20260909217
215,3,set31,alt2,20260909217
215,3,set39,alt2,20260909217
215,3,set47,alt2,20260909217
216,2,set1,alt2,20260909218
216,2,set2,alt1,20260909218
216,2,set7,alt1,20260909218
216,2,set8,alt1,20260909218
216,2,set10,alt1,20260909218
216,2,set13,alt1,20260909218
216,2,set36,alt2,20260909218
216,2,set38,alt2,20260909218
216,2,set40,alt2,20260909218
216,2,set44,alt1,20260909218
216,2,set45,alt2,20260909218
216,2,set46,alt1,20260909218
217,1,set5,alt2,20260909219
217,1,set6,alt1,20260909219
217,1,set9,alt2,20260909219
217,1,set11,alt2,20260909219
217,1,set18,alt2,20260909219
217,1,set19,alt2,20260909219
217,1,set33,alt1,20260909219
217,1,set35,alt2,20260909219
217,1,set37,alt1,20260909219
217,1,set41,alt1,20260909219
217,1,set42,alt2,20260909219
217,1,set48,alt2,20260909219
218,1,set5,alt2,20260909220
218,1,set6,alt1,20260909220
218,1,set9,alt2,20260909220
218,1,set11,alt2,20260909220
218,1,set18,alt2,20260909220
218,1,set19,alt2,20260909220
218,1,set33,alt1,20260909220
218,1,set35,alt2,20260909220
218,1,set37,alt1,20260909220
218,1,set41,alt1,20260909220
218,1,set42,alt2,20260909220
218,1,set48,alt2,20260909220
219,2,set1,alt2,20260909221
219,2,set2,alt1,20260909221
219,2,set7,alt1,20260909221
219,2,set8,alt1,20260909221
219,2,set10,alt1,20260909221
219,2,set13,alt1,20260909221
219,2,set36,alt2,20260909221
219,2,set38,alt2,20260909221
219,2,set40,alt2,20260909221
219,2,set44,alt1,20260909221
219,2,set45,alt2,20260909221
219,2,set46,alt1,20260909221
220,4,set14,alt1,20260909222
220,4,set15,alt2,20260909222
220,4,set16,alt2,20260909222
220,4,set17,alt2,20260909222
220,4,set20,alt1,20260909222
220,4,set21,alt1,20260909222
220,4,set23,alt1,20260909222
220,4,set26,alt1,20260909222
220,4,set27,alt1,20260909222
220,4,set32,alt1,20260909222
220,4,set34,alt2,20260909222
220,4,set43,alt2,20260909222
221,2,set1,alt2,20260909223
221,2,set2,alt1,20260909223
221,2,set7,alt1,20260909223
221,2,set8,alt1,20260909223
221,2,set10,alt2,20260909223
221,2,set13,alt1,20260909223
221,2,set36,alt2,20260909223
221,2,set38,alt2,20260909223
221,2,set40,alt2,20260909223
221,2,set44,alt1,20260909223
221,2,set45,alt2,20260909223
221,2,set46,alt1,20260909223
222,2,set1,alt2,20260909224
222,2,set2,alt1,20260909224
222,2,set7,alt2,20260909224
222,2,set8,alt1,20260909224
222,2,set10,alt2,20260909224
222,2,set13,alt1,20260909224
222,2,set36,alt2,20260909224
222,2,set38,alt1,20260909224
222,2,set40,alt2,20260909224
222,2,set44,alt2,20260909224
222,2,set45,alt2,20260909224
222,2,set46,alt2,20260909224
223,1,set5,alt2,20260909225
223,1,set6,alt1,20260909225
223,1,set9,alt2,20260909225
223,1,set11,alt2,20260909225
223,1,set18,alt2,20260909225
223,1,set19,alt2,20260909225
223,1,set33,alt1,20260909225
223,1,set35,alt2,20260909225
223,1,set37,alt1,20260909225
223,1,set41,alt1,20260909225
223,1,set42,alt2,20260909225
223,1,set48,alt2,20260909225
224,1,set5,alt2,20260909226
224,1,set6,alt2,20260909226
224,1,set9,alt2,20260909226
224,1,set11,alt2,20260909226
224,1,set18,alt2,20260909226
224,1,set19,alt2,20260909226
224,1,set33,alt1,20260909226
224,1,set35,alt2,20260909226
224,1,set37,alt1,20260909226
224,1,set41,alt2,20260909226
224,1,set42,alt2,20260909226
224,1,set48,alt2,20260909226
225,3,set3,alt2,20260909227
225,3,set4,alt2,20260909227
225,3,set12,alt1,20260909227
225,3,set22,alt2,20260909227
225,3,set24,alt1,20260909227
225,3,set25,alt1,20260909227
225,3,set28,alt1,20260909227
225,3,set29,alt1,20260909227
225,3,set30,alt2,20260909227
225,3,set31,alt2,20260909227
225,3,set39,alt2,20260909227
225,3,set47,alt2,20260909227
226,1,set5,alt2,20260909228
226,1,set6,alt2,20260909228
226,1,set9,alt2,20260909228
226,1,set11,alt2,20260909228
226,1,set18,alt2,20260909228
226,1,set19,alt2,20260909228
226,1,set33,alt1,20260909228
226,1,set35,alt2,20260909228
226,1,set37,alt1,20260909228
226,1,set41,alt2,20260909228
226,1,set42,alt2,20260909228
226,1,set48,alt2,20260909228
227,2,set1,alt2,20260909229
227,2,set2,alt1,20260909229
227,2,set7,alt1,20260909229
227,2,set8,alt1,20260909229
227,2,set10,alt2,20260909229
227,2,set13,alt1,20260909229
227,2,set36,alt2,20260909229
227,2,set38,alt2,20260909229
227,2,set40,alt2,20260909229
227,2,set44,alt1,20260909229
227,2,set45,alt2,20260909229
227,2,set46,alt1,20260909229
228,4,set14,alt1,20260909230
228,4,set15,alt2,20260909230
228,4,set16,alt2,20260909230
228,4,set17,alt2,20260909230
228,4,set20,alt1,20260909230
228,4,set21,alt1,20260909230
228,4,set23,alt1,20260909230
228,4,set26,alt1,20260909230
228,4,set27,alt1,20260909230
228,4,set32,alt1,20260909230
228,4,set34,alt2,20260909230
228,4,set43,alt2,20260909230
229,1,set5,alt1,20260909231
229,1,set6,alt1,20260909231
229,1,set9,alt1,20260909231
229,1,set11,alt2,20260909231
229,1,set18,alt1,20260909231
229,1,set19,alt1,20260909231
229,1,set33,alt2,20260909231
229,1,set35,alt2,20260909231
229,1,set37,alt1,20260909231
229,1,set41,alt1,20260909231
229,1,set42,alt2,20260909231
229,1,set48,alt2,20260909231
230,2,set1,alt2,20260909232
230,2,set2,alt1,20260909232
230,2,set7,alt1,20260909232
230,2,set8,alt1,20260909232
230,2,set10,alt1,20260909232
230,2,set13,alt1,20260909232
230,2,set36,alt2,20260909232
230,2,set38,alt2,20260909232
230,2,set40,alt2,20260909232
230,2,set44,alt1,20260909232
230,2,set45,alt2,20260909232
230,2,set46,alt1,20260909232
231,3,set3,alt2,20260909233
231,3,set4,alt1,20260909233
231,3,set12,alt1,20260909233
231,3,set22,alt2,20260909233
231,3,set24,alt1,20260909233
231,3,set25,alt2,20260909233
231,3,set28,alt2,20260909233
231,3,set29,alt1,20260909233
231,3,set30,alt2,20260909233
231,3,set31,alt1,20260909233
231,3,set39,alt1,20260909233
231,3,set47,alt2,20260909233
232,4,set14,alt2,20260909234
232,4,set15,alt2,20260909234
232,4,set16,alt1,20260909234
232,4,set17,alt1,20260909234
232,4,set20,alt1,20260909234
232,4,set21,alt1,20260909234
232,4,set23,alt1,20260909234
232,4,set26,alt1,20260909234
232,4,set27,alt2,20260909234
232,4,set32,alt1,20260909234
232,4,set34,alt2,20260909234
232,4,set43,alt1,20260909234
233,1,set5,alt1,20260909235
233,1,set6,alt1,20260909235
233,1,set9,alt1,20260909235
233,1,set11,alt2,20260909235
233,1,set18,alt1,20260909235
233,1,set19,alt1,20260909235
233,1,set33,alt2,20260909235
233,1,set35,alt2,20260909235
233,1,set37,alt1,20260909235
233,1,set41,alt1,20260909235
233,1,set42,alt2,20260909235
233,1,set48,alt2,20260909235
234,3,set3,alt1,20260909236
234,3,set4,alt2,20260909236
234,3,set12,alt1,20260909236
234,3,set22,alt1,20260909236
234,3,set24,alt1,20260909236
234,3,set25,alt1,20260909236
234,3,set28,alt1,20260909236
234,3,set29,alt1,20260909236
234,3,set30,alt2,20260909236
234,3,set31,alt2,20260909236
234,3,set39,alt2,20260909236
234,3,set47,alt2,20260909236
235,3,set3,alt1,20260909237
235,3,set4,alt2,20260909237
235,3,set12,alt1,20260909237
235,3,set22,alt1,20260909237
235,3,set24,alt1,20260909237
235,3,set25,alt1,20260909237
235,3,set28,alt1,20260909237
235,3,set29,alt1,20260909237
235,3,set30,alt2,20260909237
235,3,set31,alt2,20260909237
235,3,set39,alt2,20260909237
235,3,set47,alt2,20260909237
236,1,set5,alt1,20260909238
236,1,set6,alt1,20260909238
236,1,set9,alt1,20260909238
236,1,set11,alt2,20260909238
236,1,set18,alt1,20260909238
236,1,set19,alt1,20260909238
236,1,set33,alt2,20260909238
236,1,set35,alt2,20260909238
236,1,set37,alt1,20260909238
236,1,set41,alt1,20260909238
236,1,set42,alt2,20260909238
236,1,set48,alt2,20260909238
237,1,set5,alt2,20260909239
237,1,set6,alt2,20260909239
237,1,set9,alt2,20260909239
237,1,set11,alt2,20260909239
237,1,set18,alt2,20260909239
237,1,set19,alt2,20260909239
237,1,set33,alt1,20260909239
237,1,set35,alt2,20260909239
237,1,set37,alt1,20260909239
237,1,set41,alt2,20260909239
237,1,set42,alt2,20260909239
237,1,set48,alt2,20260909239
238,1,set5,alt2,20260909240
238,1,set6,alt2,20260909240
238,1,set9,alt2,20260909240
238,1,set11,alt2,20260909240
238,1,set18,alt2,20260909240
238,1,set19,alt2,20260909240
238,1,set33,alt1,20260909240
238,1,set35,alt2,20260909240
238,1,set37,alt1,20260909240
238,1,set41,alt2,20260909240
238,1,set42,alt2,20260909240
238,1,set48,alt2,20260909240
239,1,set5,alt2,20260909241
239,1,set6,alt2,20260909241
239,1,set9,alt2,20260909241
239,1,set11,alt2,20260909241
239,1,set18,alt2,20260909241
239,1,set19,alt2,20260909241
239,1,set33,alt1,20260909241
239,1,set35,alt2,20260909241
239,1,set37,alt1,20260909241
239,1,set41,alt2,20260909241
239,1,set42,alt2,20260909241
239,1,set48,alt2,20260909241
240,4,set14,alt1,20260909242
240,4,set15,alt1,20260909242
240,4,set16,alt1,20260909242
240,4,set17,alt1,20260909242
240,4,set20,alt1,20260909242
240,4,set21,alt1,20260909242
240,4,set23,alt1,20260909242
240,4,set26,alt1,20260909242
240,4,set27,alt1,20260909242
240,4,set32,alt1,20260909242
240,4,set34,alt2,20260909242
240,4,set43,alt1,20260909242
241,2,set1,alt2,20260909243
241,2,set2,alt1,20260909243
241,2,set7,alt1,20260909243
241,2,set8,alt1,20260909243
241,2,set10,alt2,20260909243
241,2,set13,alt1,20260909243
241,2,set36,alt2,20260909243
241,2,set38,alt2,20260909243
241,2,set40,alt2,20260909243
241,2,set44,alt1,20260909243
241,2,set45,alt2,20260909243
241,2,set46,alt1,20260909243
242,1,set5,alt1,20260909244
242,1,set6,alt2,20260909244
242,1,set9,alt1,20260909244
242,1,set11,alt2,20260909244
242,1,set18,alt2,20260909244
242,1,set19,alt2,20260909244
242,1,set33,alt1,20260909244
242,1,set35,alt2,20260909244
242,1,set37,alt1,20260909244
242,1,set41,alt1,20260909244
242,1,set42,alt1,20260909244
242,1,set48,alt2,20260909244
243,3,set3,alt1,20260909245
243,3,set4,alt2,20260909245
243,3,set12,alt1,20260909245
243,3,set22,alt1,20260909245
243,3,set24,alt1,20260909245
243,3,set25,alt1,20260909245
243,3,set28,alt1,20260909245
243,3,set29,alt1,20260909245
243,3,set30,alt2,20260909245
243,3,set31,alt2,20260909245
243,3,set39,alt2,20260909245
243,3,set47,alt2,20260909245
244,3,set3,alt1,20260909246
244,3,set4,alt2,20260909246
244,3,set12,alt1,20260909246
244,3,set22,alt1,20260909246
244,3,set24,alt1,20260909246
244,3,set25,alt1,20260909246
244,3,set28,alt1,20260909246
244,3,set29,alt1,20260909246
244,3,set30,alt2,20260909246
244,3,set31,alt2,20260909246
244,3,set39,alt2,20260909246
244,3,set47,alt2,20260909246
245,4,set14,alt2,20260909247
245,4,set15,alt2,20260909247
245,4,set16,alt1,20260909247
245,4,set17,alt1,20260909247
245,4,set20,alt1,20260909247
245,4,set21,alt2,20260909247
245,4,set23,alt1,20260909247
245,4,set26,alt1,20260909247
245,4,set27,alt2,20260909247
245,4,set32,alt1,20260909247
245,4,set34,alt2,20260909247
245,4,set43,alt2,20260909247
246,1,set5,alt2,20260909248
246,1,set6,alt1,20260909248
246,1,set9,alt2,20260909248
246,1,set11,alt2,20260909248
246,1,set18,alt2,20260909248
246,1,set19,alt2,20260909248
246,1,set33,alt1,20260909248
246,1,set35,alt2,20260909248
246,1,set37,alt1,20260909248
246,1,set41,alt1,20260909248
246,1,set42,alt2,20260909248
246,1,set48,alt2,20260909248
247,3,set3,alt1,20260909249
247,3,set4,alt2,20260909249
247,3,set12,alt1,20260909249
247,3,set22,alt1,20260909249
247,3,set24,alt1,20260909249
247,3,set25,alt1,20260909249
247,3,set28,alt1,20260909249
247,3,set29,alt1,20260909249
247,3,set30,alt2,20260909249
247,3,set31,alt2,20260909249
247,3,set39,alt2,20260909249
247,3,set47,alt2,20260909249
248,2,set1,alt2,20260909250
248,2,set2,alt1,20260909250
248,2,set7,alt2,20260909250
248,2,set8,alt1,20260909250
248,2,set10,alt2,20260909250
248,2,set13,alt1,20260909250
248,2,set36,alt2,20260909250
248,2,set38,alt1,20260909250
248,2,set40,alt2,20260909250
248,2,set44,alt2,20260909250
248,2,set45,alt2,20260909250
248,2,set46,alt2,20260909250
249,1,set5,alt2,20260909251
249,1,set6,alt1,20260909251
249,1,set9,alt2,20260909251
249,1,set11,alt2,20260909251
249,1,set18,alt2,20260909251
249,1,set19,alt2,20260909251
249,1,set33,alt1,20260909251
249,1,set35,alt2,20260909251
249,1,set37,alt1,20260909251
249,1,set41,alt1,20260909251
249,1,set42,alt2,20260909251
249,1,set48,alt2,20260909251
250,1,set5,alt1,20260909252
250,1,set6,alt1,20260909252
250,1,set9,alt1,20260909252
250,1,set11,alt2,20260909252
250,1,set18,alt1,20260909252
250,1,set19,alt1,20260909252
250,1,set33,alt2,20260909252
250,1,set35,alt2,20260909252
250,1,set37,alt1,20260909252
250,1,set41,alt1,20260909252
250,1,set42,alt2,20260909252
250,1,set48,alt2,20260909252
251,2,set1,alt2,20260909253
251,2,set2,alt1,20260909253
251,2,set7,alt1,20260909253
251,2,set8,alt1,20260909253
251,2,set10,alt1,20260909253
251,2,set13,alt1,20260909253
251,2,set36,alt2,20260909253
251,2,set38,alt2,20260909253
251,2,set40,alt2,20260909253
251,2,set44,alt1,20260909253
251,2,set45,alt2,20260909253
251,2,set46,alt1,20260909253
252,3,set3,alt1,20260909254
252,3,set4,alt2,20260909254
252,3,set12,alt1,20260909254
252,3,set22,alt1,20260909254
252,3,set24,alt1,20260909254
252,3,set25,alt1,20260909254
252,3,set28,alt1,20260909254
252,3,set29,alt1,20260909254
252,3,set30,alt2,20260909254
252,3,set31,alt2,20260909254
252,3,set39,alt2,20260909254
252,3,set47,alt2,20260909254
253,1,set5,alt2,20260909255
253,1,set6,alt2,20260909255
253,1,set9,alt2,20260909255
253,1,set11,alt2,20260909255
253,1,set18,alt2,20260909255
253,1,set19,alt2,20260909255
253,1,set33,alt1,20260909255
253,1,set35,alt2,20260909255
253,1,set37,alt1,20260909255
253,1,set41,alt2,20260909255
253,1,set42,alt2,20260909255
253,1,set48,alt2,20260909255
254,3,set3,alt2,20260909256
254,3,set4,alt2,20260909256
254,3,set12,alt1,20260909256
254,3,set22,alt2,20260909256
254,3,set24,alt1,20260909256
254,3,set25,alt1,20260909256
254,3,set28,alt1,20260909256
254,3,set29,alt1,20260909256
254,3,set30,alt2,20260909256
254,3,set31,alt2,20260909256
254,3,set39,alt2,20260909256
254,3,set47,alt2,20260909256
255,2,set1,alt2,20260909257
255,2,set2,alt1,20260909257
255,2,set7,alt1,20260909257
255,2,set8,alt1,20260909257
255,2,set10,alt2,20260909257
255,2,set13,alt1,20260909257
255,2,set36,alt2,20260909257
255,2,set38,alt2,20260909257
255,2,set40,alt2,20260909257
255,2,set44,alt1,20260909257
255,2,set45,alt2,20260909257
255,2,set46,alt1,20260909257
256,4,set14,alt2,20260909258
256,4,set15,alt2,20260909258
256,4,set16,alt1,20260909258
256,4,set17,alt1,20260909258
256,4,set20,alt1,20260909258
256,4,set21,alt1,20260909258
256,4,set23,alt1,20260909258
256,4,set26,alt1,20260909258
256,4,set27,alt2,20260909258
256,4,set32,alt1,20260909258
256,4,set34,alt2,20260909258
256,4,set43,alt1,20260909258
257,3,set3,alt2,20260909259
257,3,set4,alt1,20260909259
257,3,set12,alt1,20260909259
257,3,set22,alt2,20260909259
257,3,set24,alt1,20260909259
257,3,set25,alt2,20260909259
257,3,set28,alt2,20260909259
257,3,set29,alt1,20260909259
257,3,set30,alt2,20260909259
257,3,set31,alt1,20260909259
257,3,set39,alt1,20260909259
257,3,set47,alt2,20260909259
258,2,set1,alt2,20260909260
258,2,set2,alt1,20260909260
258,2,set7,alt1,20260909260
258,2,set8,alt1,20260909260
258,2,set10,alt1,20260909260
258,2,set13,alt1,20260909260
258,2,set36,alt2,20260909260
258,2,set38,alt2,20260909260
258,2,set40,alt2,20260909260
258,2,set44,alt1,20260909260
258,2,set45,alt2,20260909260
258,2,set46,alt1,20260909260
259,1,set5,alt2,20260909261
259,1,set6,alt2,20260909261
259,1,set9,alt2,20260909261
259,1,set11,alt2,20260909261
259,1,set18,alt1,20260909261
259,1,set19,alt2,20260909261
259,1,set33,alt1,20260909261
259,1,set35,alt2,20260909261
259,1,set37,alt1,20260909261
259,1,set41,alt1,20260909261
259,1,set42,alt2,20260909261
259,1,set48,alt2,20260909261
260,2,set1,alt2,20260909262
260,2,set2,alt1,20260909262
260,2,set7,alt1,20260909262
260,2,set8,alt1,20260909262
260,2,set10,alt2,20260909262
260,2,set13,alt1,20260909262
260,2,set36,alt2,20260909262
260,2,set38,alt2,20260909262
260,2,set40,alt2,20260909262
260,2,set44,alt1,20260909262
260,2,set45,alt2,20260909262
260,2,set46,alt1,20260909262
261,2,set1,alt2,20260909263
261,2,set2,alt1,20260909263
261,2,set7,alt1,20260909263
261,2,set8,alt1,20260909263
261,2,set10,alt1,20260909263
261,2,set13,alt1,20260909263
261,2,set36,alt2,20260909263
261,2,set38,alt2,20260909263
261,2,set40,alt2,20260909263
261,2,set44,alt1,20260909263
261,2,set45,alt2,20260909263
261,2,set46,alt1,20260909263
262,3,set3,alt2,20260909264
262,3,set4,alt2,20260909264
262,3,set12,alt1,20260909264
262,3,set22,alt2,20260909264
262,3,set24,alt1,20260909264
262,3,set25,alt1,20260909264
262,3,set28,alt1,20260909264
262,3,set29,alt1,20260909264
262,3,set30,alt2,20260909264
262,3,set31,alt2,20260909264
262,3,set39,alt2,20260909264
262,3,set47,alt2,20260909264
263,2,set1,alt2,20260909265
263,2,set2,alt1,20260909265
263,2,set7,alt1,20260909265
263,2,set8,alt1,20260909265
263,2,set10,alt1,20260909265
263,2,set13,alt1,20260909265
263,2,set36,alt2,20260909265
263,2,set38,alt2,20260909265
263,2,set40,alt2,20260909265
263,2,set44,alt1,20260909265
263,2,set45,alt2,20260909265
263,2,set46,alt1,20260909265
264,1,set5,alt1,20260909266
264,1,set6,alt1,20260909266
264,1,set9,alt1,20260909266
264,1,set11,alt2,20260909266
264,1,set18,alt1,20260909266
264,1,set19,alt1,20260909266
264,1,set33,alt2,20260909266
264,1,set35,alt2,20260909266
264,1,set37,alt1,20260909266
264,1,set41,alt1,20260909266
264,1,set42,alt2,20260909266
264,1,set48,alt2,20260909266
265,3,set3,alt1,20260909267
265,3,set4,alt2,20260909267
265,3,set12,alt1,20260909267
265,3,set22,alt1,20260909267
265,3,set24,alt1,20260909267
265,3,set25,alt1,20260909267
265,3,set28,alt1,20260909267
265,3,set29,alt1,20260909267
265,3,set30,alt2,20260909267
265,3,set31,alt2,20260909267
265,3,set39,alt2,20260909267
265,3,set47,alt2,20260909267
266,2,set1,alt2,20260909268
266,2,set2,alt1,20260909268
266,2,set7,alt1,20260909268
266,2,set8,alt1,20260909268
266,2,set10,alt1,20260909268
266,2,set13,alt1,20260909268
266,2,set36,alt2,20260909268
266,2,set38,alt2,20260909268
266,2,set40,alt2,20260909268
266,2,set44,alt1,20260909268
266,2,set45,alt2,20260909268
266,2,set46,alt1,20260909268
267,2,set1,alt2,20260909269
267,2,set2,alt1,20260909269
267,2,set7,alt1,20260909269
267,2,set8,alt1,20260909269
267,2,set10,alt1,20260909269
267,2,set13,alt1,20260909269
267,2,set36,alt2,20260909269
267,2,set38,alt2,20260909269
267,2,set40,alt2,20260909269
267,2,set44,alt1,20260909269
267,2,set45,alt2,20260909269
267,2,set46,alt1,20260909269
268,4,set14,alt1,20260909270
268,4,set15,alt2,20260909270
268,4,set16,alt2,20260909270
268,4,set17,alt2,20260909270
268,4,set20,alt1,20260909270
268,4,set21,alt1,20260909270
268,4,set23,alt1,20260909270
268,4,set26,alt1,20260909270
268,4,set27,alt1,20260909270
268,4,set32,alt1,20260909270
268,4,set34,alt2,20260909270
268,4,set43,alt2,20260909270
269,4,set14,alt1,20260909271
269,4,set15,alt1,20260909271
269,4,set16,alt1,20260909271
269,4,set17,alt1,20260909271
269,4,set20,alt1,20260909271
269,4,set21,alt1,20260909271
269,4,set23,alt1,20260909271
269,4,set26,alt1,20260909271
269,4,set27,alt1,20260909271
269,4,set32,alt1,20260909271
269,4,set34,alt2,20260909271
269,4,set43,alt1,20260909271
270,2,set1,alt2,20260909272
270,2,set2,alt1,20260909272
270,2,set7,alt1,20260909272
270,2,set8,alt1,20260909272
270,2,set10,alt1,20260909272
270,2,set13,alt1,20260909272
270,2,set36,alt2,20260909272
270,2,set38,alt2,20260909272
270,2,set40,alt2,20260909272
270,2,set44,alt1,20260909272
270,2,set45,alt2,20260909272
270,2,set46,alt1,20260909272
271,3,set3,alt1,20260909273
271,3,set4,alt2,20260909273
271,3,set12,alt1,20260909273
271,3,set22,alt1,20260909273
271,3,set24,alt1,20260909273
271,3,set25,alt1,20260909273
271,3,set28,alt1,20260909273
271,3,set29,alt1,20260909273
271,3,set30,alt2,20260909273
271,3,set31,alt2,20260909273
271,3,set39,alt2,20260909273
271,3,set47,alt2,20260909273
272,3,set3,alt1,20260909274
272,3,set4,alt2,20260909274
272,3,set12,alt1,20260909274
272,3,set22,alt1,20260909274
272,3,set24,alt1,20260909274
272,3,set25,alt1,20260909274
272,3,set28,alt1,20260909274
272,3,set29,alt1,20260909274
272,3,set30,alt2,20260909274
272,3,set31,alt2,20260909274
272,3,set39,alt2,20260909274
272,3,set47,alt2,20260909274
273,2,set1,alt2,20260909275
273,2,set2,alt1,20260909275
273,2,set7,alt1,20260909275
273,2,set8,alt1,20260909275
273,2,set10,alt1,20260909275
273,2,set13,alt1,20260909275
273,2,set36,alt2,20260909275
273,2,set38,alt2,20260909275
273,2,set40,alt2,20260909275
273,2,set44,alt1,20260909275
273,2,set45,alt2,20260909275
273,2,set46,alt1,20260909275
274,3,set3,alt1,20260909276
274,3,set4,alt2,20260909276
274,3,set12,alt1,20260909276
274,3,set22,alt1,20260909276
274,3,set24,alt1,20260909276
274,3,set25,alt1,20260909276
274,3,set28,alt1,20260909276
274,3,set29,alt1,20260909276
274,3,set30,alt2,20260909276
274,3,set31,alt2,20260909276
274,3,set39,alt2,20260909276
274,3,set47,alt2,20260909276
275,2,set1,alt2,20260909277
275,2,set2,alt1,20260909277
275,2,set7,alt1,20260909277
275,2,set8,alt1,20260909277
275,2,set10,alt2,20260909277
275,2,set13,alt1,20260909277
275,2,set36,alt2,20260909277
275,2,set38,alt2,20260909277
275,2,set40,alt2,20260909277
275,2,set44,alt1,20260909277
275,2,set45,alt2,20260909277
275,2,set46,alt1,20260909277
276,1,set5,alt1,20260909278
276,1,set6,alt1,20260909278
276,1,set9,alt1,20260909278
276,1,set11,alt2,20260909278
276,1,set18,alt1,20260909278
276,1,set19,alt1,20260909278
276,1,set33,alt2,20260909278
276,1,set35,alt2,20260909278
276,1,set37,alt1,20260909278
276,1,set41,alt1,20260909278
276,1,set42,alt2,20260909278
276,1,set48,alt2,20260909278
277,4,set14,alt1,20260909279
277,4,set15,alt1,20260909279
277,4,set16,alt1,20260909279
277,4,set17,alt1,20260909279
277,4,set20,alt1,20260909279
277,4,set21,alt1,20260909279
277,4,set23,alt1,20260909279
277,4,set26,alt1,20260909279
277,4,set27,alt1,20260909279
277,4,set32,alt1,20260909279
277,4,set34,alt2,20260909279
277,4,set43,alt1,20260909279
278,2,set1,alt2,20260909280
278,2,set2,alt1,20260909280
278,2,set7,alt1,20260909280
278,2,set8,alt1,20260909280
278,2,set10,alt1,20260909280
278,2,set13,alt1,20260909280
278,2,set36,alt2,20260909280
278,2,set38,alt2,20260909280
278,2,set40,alt2,20260909280
278,2,set44,alt1,20260909280
278,2,set45,alt2,20260909280
278,2,set46,alt1,20260909280
279,4,set14,alt1,20260909281
279,4,set15,alt2,20260909281
279,4,set16,alt2,20260909281
279,4,set17,alt2,20260909281
279,4,set20,alt1,20260909281
279,4,set21,alt1,20260909281
279,4,set23,alt1,20260909281
279,4,set26,alt1,20260909281
279,4,set27,alt1,20260909281
279,4,set32,alt1,20260909281
279,4,set34,alt2,20260909281
279,4,set43,alt2,20260909281
280,1,set5,alt2,20260909282
280,1,set6,alt1,20260909282
280,1,set9,alt2,20260909282
280,1,set11,alt2,20260909282
280,1,set18,alt2,20260909282
280,1,set19,alt2,20260909282
280,1,set33,alt1,20260909282
280,1,set35,alt2,20260909282
280,1,set37,alt1,20260909282
280,1,set41,alt1,20260909282
280,1,set42,alt2,20260909282
280,1,set48,alt2,20260909282
281,3,set3,alt1,20260909283
281,3,set4,alt2,20260909283
281,3,set12,alt1,20260909283
281,3,set22,alt1,20260909283
281,3,set24,alt1,20260909283
281,3,set25,alt1,20260909283
281,3,set28,alt1,20260909283
281,3,set29,alt1,20260909283
281,3,set30,alt2,20260909283
281,3,set31,alt2,20260909283
281,3,set39,alt2,20260909283
281,3,set47,alt2,20260909283
282,1,set5,alt1,20260909284
282,1,set6,alt1,20260909284
282,1,set9,alt1,20260909284
282,1,set11,alt2,20260909284
282,1,set18,alt1,20260909284
282,1,set19,alt1,20260909284
282,1,set33,alt2,20260909284
282,1,set35,alt2,20260909284
282,1,set37,alt1,20260909284
282,1,set41,alt1,20260909284
282,1,set42,alt2,20260909284
282,1,set48,alt2,20260909284
283,2,set1,alt2,20260909285
283,2,set2,alt1,20260909285
283,2,set7,alt2,20260909285
283,2,set8,alt1,20260909285
283,2,set10,alt2,20260909285
283,2,set13,alt1,20260909285
283,2,set36,alt2,20260909285
283,2,set38,alt1,20260909285
283,2,set40,alt2,20260909285
283,2,set44,alt2,20260909285
283,2,set45,alt2,20260909285
283,2,set46,alt2,20260909285
284,3,set3,alt2,20260909286
284,3,set4,alt2,20260909286
284,3,set12,alt1,20260909286
284,3,set22,alt2,20260909286
284,3,set24,alt1,20260909286
284,3,set25,alt1,20260909286
284,3,set28,alt1,20260909286
284,3,set29,alt1,20260909286
284,3,set30,alt2,20260909286
284,3,set31,alt2,20260909286
284,3,set39,alt2,20260909286
284,3,set47,alt2,20260909286
285,4,set14,alt2,20260909287
285,4,set15,alt2,20260909287
285,4,set16,alt1,20260909287
285,4,set17,alt1,20260909287
285,4,set20,alt1,20260909287
285,4,set21,alt2,20260909287
285,4,set23,alt1,20260909287
285,4,set26,alt1,20260909287
285,4,set27,alt2,20260909287
285,4,set32,alt1,20260909287
285,4,set34,alt2,20260909287
285,4,set43,alt2,20260909287
286,1,set5,alt2,20260909288
286,1,set6,alt1,20260909288
286,1,set9,alt2,20260909288
286,1,set11,alt2,20260909288
286,1,set18,alt2,20260909288
286,1,set19,alt2,20260909288
286,1,set33,alt1,20260909288
286,1,set35,alt2,20260909288
286,1,set37,alt1,20260909288
286,1,set41,alt1,20260909288
286,1,set42,alt2,20260909288
286,1,set48,alt2,20260909288
287,3,set3,alt1,20260909289
287,3,set4,alt2,20260909289
287,3,set12,alt1,20260909289
287,3,set22,alt1,20260909289
287,3,set24,alt1,20260909289
287,3,set25,alt1,20260909289
287,3,set28,alt1,20260909289
287,3,set29,alt1,20260909289
287,3,set30,alt2,20260909289
287,3,set31,alt2,20260909289
287,3,set39,alt2,20260909289
287,3,set47,alt2,20260909289
288,1,set5,alt2,20260909290
288,1,set6,alt1,20260909290
288,1,set9,alt2,20260909290
288,1,set11,alt2,20260909290
288,1,set18,alt2,20260909290
288,1,set19,alt2,20260909290
288,1,set33,alt1,20260909290
288,1,set35,alt2,20260909290
288,1,set37,alt1,20260909290
288,1,set41,alt1,20260909290
288,1,set42,alt2,20260909290
288,1,set48,alt2,20260909290
289,4,set14,alt1,20260909291
289,4,set15,alt1,20260909291
289,4,set16,alt1,20260909291
289,4,set17,alt1,20260909291
289,4,set20,alt1,20260909291
289,4,set21,alt1,20260909291
289,4,set23,alt1,20260909291
289,4,set26,alt1,20260909291
289,4,set27,alt1,20260909291
289,4,set32,alt1,20260909291
289,4,set34,alt2,20260909291
289,4,set43,alt1,20260909291
290,2,set1,alt2,20260909292
290,2,set2,alt1,20260909292
290,2,set7,alt2,20260909292
290,2,set8,alt1,20260909292
290,2,set10,alt2,20260909292
290,2,set13,alt1,20260909292
290,2,set36,alt2,20260909292
290,2,set38,alt1,20260909292
290,2,set40,alt2,20260909292
290,2,set44,alt2,20260909292
290,2,set45,alt2,20260909292
290,2,set46,alt2,20260909292
291,4,set14,alt1,20260909293
291,4,set15,alt1,20260909293
291,4,set16,alt1,20260909293
291,4,set17,alt1,20260909293
291,4,set20,alt1,20260909293
291,4,set21,alt1,20260909293
291,4,set23,alt1,20260909293
291,4,set26,alt1,20260909293
291,4,set27,alt1,20260909293
291,4,set32,alt1,20260909293
291,4,set34,alt2,20260909293
291,4,set43,alt1,20260909293
292,2,set1,alt2,20260909294
292,2,set2,alt1,20260909294
292,2,set7,alt1,20260909294
292,2,set8,alt1,20260909294
292,2,set10,alt1,20260909294
292,2,set13,alt1,20260909294
292,2,set36,alt2,20260909294
292,2,set38,alt2,20260909294
292,2,set40,alt2,20260909294
292,2,set44,alt1,20260909294
292,2,set45,alt2,20260909294
292,2,set46,alt1,20260909294
293,4,set14,alt1,20260909295
293,4,set15,alt2,20260909295
293,4,set16,alt2,20260909295
293,4,set17,alt2,20260909295
293,4,set20,alt1,20260909295
293,4,set21,alt1,20260909295
293,4,set23,alt1,20260909295
293,4,set26,alt1,20260909295
293,4,set27,alt1,20260909295
293,4,set32,alt1,20260909295
293,4,set34,alt2,20260909295
293,4,set43,alt2,20260909295
294,3,set3,alt2,20260909296
294,3,set4,alt1,20260909296
294,3,set12,alt1,20260909296
294,3,set22,alt2,20260909296
294,3,set24,alt1,20260909296
294,3,set25,alt2,20260909296
294,3,set28,alt2,20260909296
294,3,set29,alt1,20260909296
294,3,set30,alt1,20260909296
294,3,set31,alt2,20260909296
294,3,set39,alt1,20260909296
294,3,set47,alt1,20260909296
295,1,set5,alt2,20260909297
295,1,set6,alt1,20260909297
295,1,set9,alt2,20260909297
295,1,set11,alt2,20260909297
295,1,set18,alt2,20260909297
295,1,set19,alt2,20260909297
295,1,set33,alt1,20260909297
295,1,set35,alt2,20260909297
295,1,set37,alt1,20260909297
295,1,set41,alt1,20260909297
295,1,set42,alt2,20260909297
295,1,set48,alt2,20260909297
296,1,set5,alt2,20260909298
296,1,set6,alt1,20260909298
296,1,set9,alt2,20260909298
296,1,set11,alt2,20260909298
296,1,set18,alt2,20260909298
296,1,set19,alt2,20260909298
296,1,set33,alt1,20260909298
296,1,set35,alt2,20260909298
296,1,set37,alt1,20260909298
296,1,set41,alt1,20260909298
296,1,set42,alt2,20260909298
296,1,set48,alt2,20260909298
297,4,set14,alt1,20260909299
297,4,set15,alt1,20260909299
297,4,set16,alt1,20260909299
297,4,set17,alt1,20260909299
297,4,set20,alt1,20260909299
297,4,set21,alt1,20260909299
297,4,set23,alt1,20260909299
297,4,set26,alt1,20260909299
297,4,set27,alt1,20260909299
297,4,set32,alt1,20260909299
297,4,set34,alt2,20260909299
297,4,set43,alt1,20260909299
298,1,set5,alt1,20260909300
298,1,set6,alt1,20260909300
298,1,set9,alt1,20260909300
298,1,set11,alt2,20260909300
298,1,set18,alt1,20260909300
298,1,set19,alt1,20260909300
298,1,set33,alt2,20260909300
298,1,set35,alt2,20260909300
298,1,set37,alt1,20260909300
298,1,set41,alt1,20260909300
298,1,set42,alt2,20260909300
298,1,set48,alt2,20260909300
299,4,set14,alt1,20260909301
299,4,set15,alt2,20260909301
299,4,set16,alt2,20260909301
299,4,set17,alt2,20260909301
299,4,set20,alt1,20260909301
299,4,set21,alt1,20260909301
299,4,set23,alt1,20260909301
299,4,set26,alt1,20260909301
299,4,set27,alt1,20260909301
299,4,set32,alt1,20260909301
299,4,set34,alt2,20260909301
299,4,set43,alt2,20260909301
300,1,set5,alt2,20260909302
300,1,set6,alt2,20260909302
300,1,set9,alt2,20260909302
300,1,set11,alt2,20260909302
300,1,set18,alt1,20260909302
300,1,set19,alt2,20260909302
300,1,set33,alt1,20260909302
300,1,set35,alt2,20260909302
300,1,set37,alt1,20260909302
300,1,set41,alt1,20260909302
300,1,set42,alt2,20260909302
300,1,set48,alt2,20260909302
301,3,set3,alt2,20260909303
301,3,set4,alt1,20260909303
301,3,set12,alt1,20260909303
301,3,set22,alt1,20260909303
301,3,set24,alt1,20260909303
301,3,set25,alt2,20260909303
301,3,set28,alt2,20260909303
301,3,set29,alt1,20260909303
301,3,set30,alt1,20260909303
301,3,set31,alt2,20260909303
301,3,set39,alt1,20260909303
301,3,set47,alt1,20260909303
302,1,set5,alt2,20260909304
302,1,set6,alt2,20260909304
302,1,set9,alt2,20260909304
302,1,set11,alt2,20260909304
302,1,set18,alt1,20260909304
302,1,set19,alt2,20260909304
302,1,set33,alt1,20260909304
302,1,set35,alt2,20260909304
302,1,set37,alt1,20260909304
302,1,set41,alt1,20260909304
302,1,set42,alt2,20260909304
302,1,set48,alt2,20260909304
303,3,set3,alt1,20260909305
303,3,set4,alt2,20260909305
303,3,set12,alt1,20260909305
303,3,set22,alt1,20260909305
303,3,set24,alt1,20260909305
303,3,set25,alt1,20260909305
303,3,set28,alt1,20260909305
303,3,set29,alt1,20260909305
303,3,set30,alt2,20260909305
303,3,set31,alt2,20260909305
303,3,set39,alt2,20260909305
303,3,set47,alt2,20260909305
304,4,set14,alt1,20260909306
304,4,set15,alt2,20260909306
304,4,set16,alt2,20260909306
304,4,set17,alt2,20260909306
304,4,set20,alt1,20260909306
304,4,set21,alt1,20260909306
304,4,set23,alt1,20260909306
304,4,set26,alt1,20260909306
304,4,set27,alt1,20260909306
304,4,set32,alt1,20260909306
304,4,set34,alt2,20260909306
304,4,set43,alt2,20260909306
305,2,set1,alt2,20260909307
305,2,set2,alt1,20260909307
305,2,set7,alt1,20260909307
305,2,set8,alt1,20260909307
305,2,set10,alt2,20260909307
305,2,set13,alt1,20260909307
305,2,set36,alt2,20260909307
305,2,set38,alt2,20260909307
305,2,set40,alt2,20260909307
305,2,set44,alt1,20260909307
305,2,set45,alt2,20260909307
305,2,set46,alt1,20260909307
306,4,set14,alt2,20260909308
306,4,set15,alt2,20260909308
306,4,set16,alt1,20260909308
306,4,set17,alt1,20260909308
306,4,set20,alt1,20260909308
306,4,set21,alt1,20260909308
306,4,set23,alt1,20260909308
306,4,set26,alt1,20260909308
306,4,set27,alt2,20260909308
306,4,set32,alt1,20260909308
306,4,set34,alt2,20260909308
306,4,set43,alt1,20260909308
307,3,set3,alt1,20260909309
307,3,set4,alt2,20260909309
307,3,set12,alt1,20260909309
307,3,set22,alt1,20260909309
307,3,set24,alt1,20260909309
307,3,set25,alt1,20260909309
307,3,set28,alt1,20260909309
307,3,set29,alt1,20260909309
307,3,set30,alt2,20260909309
307,3,set31,alt2,20260909309
307,3,set39,alt2,20260909309
307,3,set47,alt2,20260909309
308,4,set14,alt1,20260909310
308,4,set15,alt2,20260909310
308,4,set16,alt2,20260909310
308,4,set17,alt2,20260909310
308,4,set20,alt1,20260909310
308,4,set21,alt1,20260909310
308,4,set23,alt1,20260909310
308,4,set26,alt1,20260909310
308,4,set27,alt1,20260909310
308,4,set32,alt1,20260909310
308,4,set34,alt2,20260909310
308,4,set43,alt2,20260909310
309,1,set5,alt2,20260909311
309,1,set6,alt2,20260909311
309,1,set9,alt2,20260909311
309,1,set11,alt2,20260909311
309,1,set18,alt2,20260909311
309,1,set19,alt2,20260909311
309,1,set33,alt1,20260909311
309,1,set35,alt2,20260909311
309,1,set37,alt1,20260909311
309,1,set41,alt2,20260909311
309,1,set42,alt2,20260909311
309,1,set48,alt2,20260909311
310,1,set5,alt1,20260909312
310,1,set6,alt2,20260909312
310,1,set9,alt1,20260909312
310,1,set11,alt2,20260909312
310,1,set18,alt2,20260909312
310,1,set19,alt2,20260909312
310,1,set33,alt1,20260909312
310,1,set35,alt2,20260909312
310,1,set37,alt1,20260909312
310,1,set41,alt1,20260909312
310,1,set42,alt1,20260909312
310,1,set48,alt2,20260909312
311,2,set1,alt2,20260909313
311,2,set2,alt1,20260909313
311,2,set7,alt1,20260909313
311,2,set8,alt1,20260909313
311,2,set10,alt1,20260909313
311,2,set13,alt1,20260909313
311,2,set36,alt2,20260909313
311,2,set38,alt2,20260909313
311,2,set40,alt2,20260909313
311,2,set44,alt1,20260909313
311,2,set45,alt2,20260909313
311,2,set46,alt1,20260909313
312,2,set1,alt2,20260909314
312,2,set2,alt1,20260909314
312,2,set7,alt1,20260909314
312,2,set8,alt1,20260909314
312,2,set10,alt1,20260909314
312,2,set13,alt1,20260909314
312,2,set36,alt2,20260909314
312,2,set38,alt2,20260909314
312,2,set40,alt2,20260909314
312,2,set44,alt1,20260909314
312,2,set45,alt2,20260909314
312,2,set46,alt1,20260909314
313,1,set5,alt1,20260909315
313,1,set6,alt1,20260909315
313,1,set9,alt1,20260909315
313,1,set11,alt2,20260909315
313,1,set18,alt1,20260909315
313,1,set19,alt1,20260909315
313,1,set33,alt2,20260909315
313,1,set35,alt2,20260909315
313,1,set37,alt1,20260909315
313,1,set41,alt1,20260909315
313,1,set42,alt2,20260909315
313,1,set48,alt2,20260909315
314,1,set5,alt2,20260909316
314,1,set6,alt2,20260909316
314,1,set9,alt2,20260909316
314,1,set11,alt2,20260909316
314,1,set18,alt2,20260909316
314,1,set19,alt2,20260909316
314,1,set33,alt1,20260909316
314,1,set35,alt2,20260909316
314,1,set37,alt1,20260909316
314,1,set41,alt2,20260909316
314,1,set42,alt2,20260909316
314,1,set48,alt2,20260909316
315,3,set3,alt1,20260909317
315,3,set4,alt2,20260909317
315,3,set12,alt1,20260909317
315,3,set22,alt1,20260909317
315,3,set24,alt1,20260909317
315,3,set25,alt1,20260909317
315,3,set28,alt1,20260909317
315,3,set29,alt1,20260909317
315,3,set30,alt2,20260909317
315,3,set31,alt2,20260909317
315,3,set39,alt2,20260909317
315,3,set47,alt2,20260909317
316,2,set1,alt2,20260909318
316,2,set2,alt1,20260909318
316,2,set7,alt1,20260909318
316,2,set8,alt1,20260909318
316,2,set10,alt1,20260909318
316,2,set13,alt1,20260909318
316,2,set36,alt2,20260909318
316,2,set38,alt2,20260909318
316,2,set40,alt2,20260909318
316,2,set44,alt1,20260909318
316,2,set45,alt2,20260909318
316,2,set46,alt1,20260909318
317,2,set1,alt2,20260909319
317,2,set2,alt1,20260909319
317,2,set7,alt1,20260909319
317,2,set8,alt1,20260909319
317,2,set10,alt1,20260909319
317,2,set13,alt1,20260909319
317,2,set36,alt2,20260909319
317,2,set38,alt2,20260909319
317,2,set40,alt2,20260909319
317,2,set44,alt1,20260909319
317,2,set45,alt2,20260909319
317,2,set46,alt1,20260909319
318,3,set3,alt1,20260909320
318,3,set4,alt2,20260909320
318,3,set12,alt1,20260909320
318,3,set22,alt1,20260909320
318,3,set24,alt1,20260909320
318,3,set25,alt1,20260909320
318,3,set28,alt1,20260909320
318,3,set29,alt1,20260909320
318,3,set30,alt2,20260909320
318,3,set31,alt2,20260909320
318,3,set39,alt2,20260909320
318,3,set47,alt2,20260909320
319,1,set5,alt2,20260909321
319,1,set6,alt2,20260909321
319,1,set9,alt2,20260909321
319,1,set11,alt2,20260909321
319,1,set18,alt2,20260909321
319,1,set19,alt2,20260909321
319,1,set33,alt1,20260909321
319,1,set35,alt2,20260909321
319,1,set37,alt1,20260909321
319,1,set41,alt2,20260909321
319,1,set42,alt2,20260909321
319,1,set48,alt2,20260909321
320,1,set5,alt2,20260909322
320,1,set6,alt2,20260909322
320,1,set9,alt2,20260909322
320,1,set11,alt2,20260909322
320,1,set18,alt2,20260909322
320,1,set19,alt2,20260909322
320,1,set33,alt1,20260909322
320,1,set35,alt2,20260909322
320,1,set37,alt1,20260909322
320,1,set41,alt2,20260909322
320,1,set42,alt2,20260909322
320,1,set48,alt2,20260909322
321,3,set3,alt2,20260909323
321,3,set4,alt1,20260909323
321,3,set12,alt1,20260909323
321,3,set22,alt2,20260909323
321,3,set24,alt1,20260909323
321,3,set25,alt2,20260909323
321,3,set28,alt2,20260909323
321,3,set29,alt1,20260909323
321,3,set30,alt2,20260909323
321,3,set31,alt1,20260909323
321,3,set39,alt1,20260909323
321,3,set47,alt2,20260909323
322,1,set5,alt2,20260909324
322,1,set6,alt2,20260909324
322,1,set9,alt2,20260909324
322,1,set11,alt2,20260909324
322,1,set18,alt2,20260909324
322,1,set19,alt2,20260909324
322,1,set33,alt1,20260909324
322,1,set35,alt2,20260909324
322,1,set37,alt1,20260909324
322,1,set41,alt2,20260909324
322,1,set42,alt2,20260909324
322,1,set48,alt2,20260909324
323,4,set14,alt1,20260909325
323,4,set15,alt1,20260909325
323,4,set16,alt1,20260909325
323,4,set17,alt1,20260909325
323,4,set20,alt1,20260909325
323,4,set21,alt1,20260909325
323,4,set23,alt1,20260909325
323,4,set26,alt1,20260909325
323,4,set27,alt1,20260909325
323,4,set32,alt1,20260909325
323,4,set34,alt2,20260909325
323,4,set43,alt1,20260909325
324,4,set14,alt1,20260909326
324,4,set15,alt2,20260909326
324,4,set16,alt2,20260909326
324,4,set17,alt2,20260909326
324,4,set20,alt1,20260909326
324,4,set21,alt1,20260909326
324,4,set23,alt1,20260909326
324,4,set26,alt1,20260909326
324,4,set27,alt1,20260909326
324,4,set32,alt1,20260909326
324,4,set34,alt2,20260909326
324,4,set43,alt2,20260909326
325,4,set14,alt2,20260909327
325,4,set15,alt2,20260909327
325,4,set16,alt1,20260909327
325,4,set17,alt1,20260909327
325,4,set20,alt1,20260909327
325,4,set21,alt1,20260909327
325,4,set23,alt1,20260909327
325,4,set26,alt1,20260909327
325,4,set27,alt2,20260909327
325,4,set32,alt1,20260909327
325,4,set34,alt2,20260909327
325,4,set43,alt1,20260909327
326,3,set3,alt2,20260909328
326,3,set4,alt1,20260909328
326,3,set12,alt1,20260909328
326,3,set22,alt2,20260909328
326,3,set24,alt1,20260909328
326,3,set25,alt2,20260909328
326,3,set28,alt2,20260909328
326,3,set29,alt1,20260909328
326,3,set30,alt2,20260909328
326,3,set31,alt1,20260909328
326,3,set39,alt1,20260909328
326,3,set47,alt2,20260909328
327,3,set3,alt2,20260909329
327,3,set4,alt1,20260909329
327,3,set12,alt1,20260909329
327,3,set22,alt2,20260909329
327,3,set24,alt1,20260909329
327,3,set25,alt2,20260909329
327,3,set28,alt2,20260909329
327,3,set29,alt1,20260909329
327,3,set30,alt2,20260909329
327,3,set31,alt1,20260909329
327,3,set39,alt1,20260909329
327,3,set47,alt2,20260909329
328,4,set14,alt1,20260909330
328,4,set15,alt2,20260909330
328,4,set16,alt2,20260909330
328,4,set17,alt2,20260909330
328,4,set20,alt1,20260909330
328,4,set21,alt1,20260909330
328,4,set23,alt1,20260909330
328,4,set26,alt1,20260909330
328,4,set27,alt1,20260909330
328,4,set32,alt1,20260909330
328,4,set34,alt2,20260909330
328,4,set43,alt2,20260909330
329,3,set3,alt1,20260909331
329,3,set4,alt2,20260909331
329,3,set12,alt1,20260909331
329,3,set22,alt1,20260909331
329,3,set24,alt1,20260909331
329,3,set25,alt1,20260909331
329,3,set28,alt1,20260909331
329,3,set29,alt1,20260909331
329,3,set30,alt2,20260909331
329,3,set31,alt2,20260909331
329,3,set39,alt2,20260909331
329,3,set47,alt2,20260909331
330,3,set3,alt1,20260909332
330,3,set4,alt2,20260909332
330,3,set12,alt1,20260909332
330,3,set22,alt1,20260909332
330,3,set24,alt1,20260909332
330,3,set25,alt1,20260909332
330,3,set28,alt1,20260909332
330,3,set29,alt1,20260909332
330,3,set30,alt2,20260909332
330,3,set31,alt2,20260909332
330,3,set39,alt2,20260909332
330,3,set47,alt2,20260909332
331,3,set3,alt1,20260909333
331,3,set4,alt2,20260909333
331,3,set12,alt1,20260909333
331,3,set22,alt1,20260909333
331,3,set24,alt1,20260909333
331,3,set25,alt1,20260909333
331,3,set28,alt1,20260909333
331,3,set29,alt1,20260909333
331,3,set30,alt2,20260909333
331,3,set31,alt2,20260909333
331,3,set39,alt2,20260909333
331,3,set47,alt2,20260909333
332,1,set5,alt2,20260909334
332,1,set6,alt1,20260909334
332,1,set9,alt2,20260909334
332,1,set11,alt2,20260909334
332,1,set18,alt2,20260909334
332,1,set19,alt2,20260909334
332,1,set33,alt1,20260909334
332,1,set35,alt2,20260909334
332,1,set37,alt1,20260909334
332,1,set41,alt1,20260909334
332,1,set42,alt2,20260909334
332,1,set48,alt2,20260909334
333,4,set14,alt1,20260909335
333,4,set15,alt2,20260909335
333,4,set16,alt2,20260909335
333,4,set17,alt2,20260909335
333,4,set20,alt1,20260909335
333,4,set21,alt1,20260909335
333,4,set23,alt1,20260909335
333,4,set26,alt1,20260909335
333,4,set27,alt1,20260909335
333,4,set32,alt1,20260909335
333,4,set34,alt2,20260909335
333,4,set43,alt2,20260909335
334,4,set14,alt1,20260909336
334,4,set15,alt2,20260909336
334,4,set16,alt2,20260909336
334,4,set17,alt2,20260909336
334,4,set20,alt1,20260909336
334,4,set21,alt1,20260909336
334,4,set23,alt1,20260909336
334,4,set26,alt1,20260909336
334,4,set27,alt1,20260909336
334,4,set32,alt1,20260909336
334,4,set34,alt2,20260909336
334,4,set43,alt2,20260909336
335,3,set3,alt2,20260909337
335,3,set4,alt2,20260909337
335,3,set12,alt1,20260909337
335,3,set22,alt2,20260909337
335,3,set24,alt1,20260909337
335,3,set25,alt1,20260909337
335,3,set28,alt1,20260909337
335,3,set29,alt1,20260909337
335,3,set30,alt2,20260909337
335,3,set31,alt2,20260909337
335,3,set39,alt2,20260909337
335,3,set47,alt2,20260909337
336,3,set3,alt1,20260909338
336,3,set4,alt2,20260909338
336,3,set12,alt1,20260909338
336,3,set22,alt1,20260909338
336,3,set24,alt1,20260909338
336,3,set25,alt1,20260909338
336,3,set28,alt1,20260909338
336,3,set29,alt1,20260909338
336,3,set30,alt2,20260909338
336,3,set31,alt2,20260909338
336,3,set39,alt2,20260909338
336,3,set47,alt2,20260909338
337,3,set3,alt1,20260909339
337,3,set4,alt2,20260909339
337,3,set12,alt1,20260909339
337,3,set22,alt1,20260909339
337,3,set24,alt1,20260909339
337,3,set25,alt1,20260909339
337,3,set28,alt1,20260909339
337,3,set29,alt1,20260909339
337,3,set30,alt2,20260909339
337,3,set31,alt2,20260909339
337,3,set39,alt2,20260909339
337,3,set47,alt2,20260909339
338,1,set5,alt2,20260909340
338,1,set6,alt1,20260909340
338,1,set9,alt2,20260909340
338,1,set11,alt2,20260909340
338,1,set18,alt2,20260909340
338,1,set19,alt2,20260909340
338,1,set33,alt1,20260909340
338,1,set35,alt2,20260909340
338,1,set37,alt1,20260909340
338,1,set41,alt1,20260909340
338,1,set42,alt2,20260909340
338,1,set48,alt2,20260909340
339,4,set14,alt1,20260909341
339,4,set15,alt1,20260909341
339,4,set16,alt1,20260909341
339,4,set17,alt1,20260909341
339,4,set20,alt1,20260909341
339,4,set21,alt1,20260909341
339,4,set23,alt1,20260909341
339,4,set26,alt1,20260909341
339,4,set27,alt1,20260909341
339,4,set32,alt1,20260909341
339,4,set34,alt2,20260909341
339,4,set43,alt1,20260909341
340,1,set5,alt2,20260909342
340,1,set6,alt1,20260909342
340,1,set9,alt2,20260909342
340,1,set11,alt2,20260909342
340,1,set18,alt2,20260909342
340,1,set19,alt2,20260909342
340,1,set33,alt1,20260909342
340,1,set35,alt2,20260909342
340,1,set37,alt1,20260909342
340,1,set41,alt1,20260909342
340,1,set42,alt2,20260909342
340,1,set48,alt2,20260909342
341,2,set1,alt2,20260909343
341,2,set2,alt1,20260909343
341,2,set7,alt1,20260909343
341,2,set8,alt1,20260909343
341,2,set10,alt1,20260909343
341,2,set13,alt1,20260909343
341,2,set36,alt2,20260909343
341,2,set38,alt2,20260909343
341,2,set40,alt2,20260909343
341,2,set44,alt1,20260909343
341,2,set45,alt2,20260909343
341,2,set46,alt1,20260909343
342,1,set5,alt2,20260909344
342,1,set6,alt2,20260909344
342,1,set9,alt2,20260909344
342,1,set11,alt2,20260909344
342,1,set18,alt2,20260909344
342,1,set19,alt2,20260909344
342,1,set33,alt1,20260909344
342,1,set35,alt2,20260909344
342,1,set37,alt1,20260909344
342,1,set41,alt2,20260909344
342,1,set42,alt2,20260909344
342,1,set48,alt2,20260909344
343,1,set5,alt1,20260909345
343,1,set6,alt1,20260909345
343,1,set9,alt1,20260909345
343,1,set11,alt2,20260909345
343,1,set18,alt1,20260909345
343,1,set19,alt1,20260909345
343,1,set33,alt2,20260909345
343,1,set35,alt2,20260909345
343,1,set37,alt1,20260909345
343,1,set41,alt1,20260909345
343,1,set42,alt2,20260909345
343,1,set48,alt2,20260909345
344,3,set3,alt1,20260909346
344,3,set4,alt2,20260909346
344,3,set12,alt1,20260909346
344,3,set22,alt1,20260909346
344,3,set24,alt1,20260909346
344,3,set25,alt1,20260909346
344,3,set28,alt1,20260909346
344,3,set29,alt1,20260909346
344,3,set30,alt2,20260909346
344,3,set31,alt2,20260909346
344,3,set39,alt2,20260909346
344,3,set47,alt2,20260909346
345,2,set1,alt2,20260909347
345,2,set2,alt1,20260909347
345,2,set7,alt1,20260909347
345,2,set8,alt1,20260909347
345,2,set10,alt1,20260909347
345,2,set13,alt1,20260909347
345,2,set36,alt2,20260909347
345,2,set38,alt2,20260909347
345,2,set40,alt2,20260909347
345,2,set44,alt1,20260909347
345,2,set45,alt2,20260909347
345,2,set46,alt1,20260909347
346,1,set5,alt2,20260909348
346,1,set6,alt2,20260909348
346,1,set9,alt2,20260909348
346,1,set11,alt2,20260909348
346,1,set18,alt2,20260909348
346,1,set19,alt2,20260909348
346,1,set33,alt1,20260909348
346,1,set35,alt2,20260909348
346,1,set37,alt1,20260909348
346,1,set41,alt2,20260909348
346,1,set42,alt2,20260909348
346,1,set48,alt2,20260909348
347,1,set5,alt1,20260909349
347,1,set6,alt1,20260909349
347,1,set9,alt1,20260909349
347,1,set11,alt2,20260909349
347,1,set18,alt1,20260909349
347,1,set19,alt1,20260909349
347,1,set33,alt2,20260909349
347,1,set35,alt2,20260909349
347,1,set37,alt1,20260909349
347,1,set41,alt1,20260909349
347,1,set42,alt2,20260909349
347,1,set48,alt2,20260909349
348,3,set3,alt1,20260909350
348,3,set4,alt2,20260909350
348,3,set12,alt1,20260909350
348,3,set22,alt1,20260909350
348,3,set24,alt1,20260909350
348,3,set25,alt1,20260909350
348,3,set28,alt1,20260909350
348,3,set29,alt1,20260909350
348,3,set30,alt2,20260909350
348,3,set31,alt2,20260909350
348,3,set39,alt2,20260909350
348,3,set47,alt2,20260909350
349,4,set14,alt1,20260909351
349,4,set15,alt2,20260909351
349,4,set16,alt2,20260909351
349,4,set17,alt2,20260909351
349,4,set20,alt1,20260909351
349,4,set21,alt1,20260909351
349,4,set23,alt1,20260909351
349,4,set26,alt1,20260909351
349,4,set27,alt1,20260909351
349,4,set32,alt1,20260909351
349,4,set34,alt2,20260909351
349,4,set43,alt2,20260909351
350,4,set14,alt2,20260909352
350,4,set15,alt2,20260909352
350,4,set16,alt1,20260909352
350,4,set17,alt1,20260909352
350,4,set20,alt1,20260909352
350,4,set21,alt1,20260909352
350,4,set23,alt1,20260909352
350,4,set26,alt1,20260909352
350,4,set27,alt2,20260909352
350,4,set32,alt1,20260909352
350,4,set34,alt2,20260909352
350,4,set43,alt1,20260909352
351,1,set5,alt2,20260909353
351,1,set6,alt2,20260909353
351,1,set9,alt2,20260909353
351,1,set11,alt2,20260909353
351,1,set18,alt2,20260909353
351,1,set19,alt2,20260909353
351,1,set33,alt1,20260909353
351,1,set35,alt2,20260909353
351,1,set37,alt1,20260909353
351,1,set41,alt2,20260909353
351,1,set42,alt2,20260909353
351,1,set48,alt2,20260909353
352,2,set1,alt2,20260909354
352,2,set2,alt1,20260909354
352,2,set7,alt1,20260909354
352,2,set8,alt1,20260909354
352,2,set10,alt2,20260909354
352,2,set13,alt1,20260909354
352,2,set36,alt2,20260909354
352,2,set38,alt2,20260909354
352,2,set40,alt2,20260909354
352,2,set44,alt1,20260909354
352,2,set45,alt2,20260909354
352,2,set46,alt1,20260909354
353,3,set3,alt1,20260909355
353,3,set4,alt2,20260909355
353,3,set12,alt1,20260909355
353,3,set22,alt1,20260909355
353,3,set24,alt1,20260909355
353,3,set25,alt1,20260909355
353,3,set28,alt1,20260909355
353,3,set29,alt1,20260909355
353,3,set30,alt2,20260909355
353,3,set31,alt2,20260909355
353,3,set39,alt2,20260909355
353,3,set47,alt2,20260909355
354,3,set3,alt2,20260909356
354,3,set4,alt2,20260909356
354,3,set12,alt1,20260909356
354,3,set22,alt2,20260909356
354,3,set24,alt1,20260909356
354,3,set25,alt1,20260909356
354,3,set28,alt1,20260909356
354,3,set29,alt1,20260909356
354,3,set30,alt2,20260909356
354,3,set31,alt2,20260909356
354,3,set39,alt2,20260909356
354,3,set47,alt2,20260909356
355,4,set14,alt1,20260909357
355,4,set15,alt2,20260909357
355,4,set16,alt2,20260909357
355,4,set17,alt2,20260909357
355,4,set20,alt1,20260909357
355,4,set21,alt1,20260909357
355,4,set23,alt1,20260909357
355,4,set26,alt1,20260909357
355,4,set27,alt1,20260909357
355,4,set32,alt1,20260909357
355,4,set34,alt2,20260909357
355,4,set43,alt2,20260909357
356,3,set3,alt2,20260909358
356,3,set4,alt1,20260909358
356,3,set12,alt1,20260909358
356,3,set22,alt2,20260909358
356,3,set24,alt1,20260909358
356,3,set25,alt2,20260909358
356,3,set28,alt2,20260909358
356,3,set29,alt1,20260909358
356,3,set30,alt2,20260909358
356,3,set31,alt1,20260909358
356,3,set39,alt1,20260909358
356,3,set47,alt2,20260909358
357,4,set14,alt2,20260909359
357,4,set15,alt2,20260909359
357,4,set16,alt1,20260909359
357,4,set17,alt1,20260909359
357,4,set20,alt1,20260909359
357,4,set21,alt1,20260909359
357,4,set23,alt1,20260909359
357,4,set26,alt1,20260909359
357,4,set27,alt2,20260909359
357,4,set32,alt1,20260909359
357,4,set34,alt2,20260909359
357,4,set43,alt1,20260909359
358,4,set14,alt1,20260909360
358,4,set15,alt2,20260909360
358,4,set16,alt2,20260909360
358,4,set17,alt2,20260909360
358,4,set20,alt1,20260909360
358,4,set21,alt1,20260909360
358,4,set23,alt1,20260909360
358,4,set26,alt1,20260909360
358,4,set27,alt1,20260909360
358,4,set32,alt1,20260909360
358,4,set34,alt2,20260909360
358,4,set43,alt2,20260909360
359,4,set14,alt1,20260909361
359,4,set15,alt2,20260909361
359,4,set16,alt2,20260909361
359,4,set17,alt2,20260909361
359,4,set20,alt1,20260909361
359,4,set21,alt1,20260909361
359,4,set23,alt1,20260909361
359,4,set26,alt1,20260909361
359,4,set27,alt1,20260909361
359,4,set32,alt1,20260909361
359,4,set34,alt2,20260909361
359,4,set43,alt2,20260909361
360,4,set14,alt1,20260909362
360,4,set15,alt2,20260909362
360,4,set16,alt2,20260909362
360,4,set17,alt2,20260909362
360,4,set20,alt1,20260909362
360,4,set21,alt1,20260909362
360,4,set23,alt1,20260909362
360,4,set26,alt1,20260909362
360,4,set27,alt1,20260909362
360,4,set32,alt1,20260909362
360,4,set34,alt2,20260909362
360,4,set43,alt2,20260909362
361,1,set5,alt2,20260909363
361,1,set6,alt2,20260909363
361,1,set9,alt2,20260909363
361,1,set11,alt2,20260909363
361,1,set18,alt2,20260909363
361,1,set19,alt2,20260909363
361,1,set33,alt1,20260909363
361,1,set35,alt2,20260909363
361,1,set37,alt1,20260909363
361,1,set41,alt2,20260909363
361,1,set42,alt2,20260909363
361,1,set48,alt2,20260909363
362,2,set1,alt2,20260909364
362,2,set2,alt1,20260909364
362,2,set7,alt1,20260909364
362,2,set8,alt1,20260909364
362,2,set10,alt1,20260909364
362,2,set13,alt1,20260909364
362,2,set36,alt2,20260909364
362,2,set38,alt2,20260909364
362,2,set40,alt2,20260909364
362,2,set44,alt1,20260909364
362,2,set45,alt2,20260909364
362,2,set46,alt1,20260909364
363,3,set3,alt1,20260909365
363,3,set4,alt2,20260909365
363,3,set12,alt1,20260909365
363,3,set22,alt1,20260909365
363,3,set24,alt1,20260909365
363,3,set25,alt1,20260909365
363,3,set28,alt1,20260909365
363,3,set29,alt1,20260909365
363,3,set30,alt2,20260909365
363,3,set31,alt2,20260909365
363,3,set39,alt2,20260909365
363,3,set47,alt2,20260909365
364,2,set1,alt2,20260909366
364,2,set2,alt1,20260909366
364,2,set7,alt1,20260909366
364,2,set8,alt1,20260909366
364,2,set10,alt1,20260909366
364,2,set13,alt1,20260909366
364,2,set36,alt2,20260909366
364,2,set38,alt2,20260909366
364,2,set40,alt2,20260909366
364,2,set44,alt1,20260909366
364,2,set45,alt2,20260909366
364,2,set46,alt1,20260909366
365,2,set1,alt2,20260909367
365,2,set2,alt1,20260909367
365,2,set7,alt1,20260909367
365,2,set8,alt1,20260909367
365,2,set10,alt2,20260909367
365,2,set13,alt1,20260909367
365,2,set36,alt2,20260909367
365,2,set38,alt2,20260909367
365,2,set40,alt2,20260909367
365,2,set44,alt1,20260909367
365,2,set45,alt2,20260909367
365,2,set46,alt1,20260909367
366,4,set14,alt1,20260909368
366,4,set15,alt2,20260909368
366,4,set16,alt2,20260909368
366,4,set17,alt2,20260909368
366,4,set20,alt1,20260909368
366,4,set21,alt1,20260909368
366,4,set23,alt1,20260909368
366,4,set26,alt1,20260909368
366,4,set27,alt1,20260909368
366,4,set32,alt1,20260909368
366,4,set34,alt2,20260909368
366,4,set43,alt2,20260909368
367,2,set1,alt2,20260909369
367,2,set2,alt1,20260909369
367,2,set7,alt1,20260909369
367,2,set8,alt1,20260909369
367,2,set10,alt1,20260909369
367,2,set13,alt1,20260909369
367,2,set36,alt2,20260909369
367,2,set38,alt2,20260909369
367,2,set40,alt2,20260909369
367,2,set44,alt1,20260909369
367,2,set45,alt2,20260909369
367,2,set46,alt1,20260909369
368,2,set1,alt2,20260909370
368,2,set2,alt1,20260909370
368,2,set7,alt1,20260909370
368,2,set8,alt1,20260909370
368,2,set10,alt1,20260909370
368,2,set13,alt1,20260909370
368,2,set36,alt2,20260909370
368,2,set38,alt2,20260909370
368,2,set40,alt2,20260909370
368,2,set44,alt1,20260909370
368,2,set45,alt2,20260909370
368,2,set46,alt1,20260909370
369,3,set3,alt2,20260909371
369,3,set4,alt2,20260909371
369,3,set12,alt1,20260909371
369,3,set22,alt2,20260909371
369,3,set24,alt1,20260909371
369,3,set25,alt1,20260909371
369,3,set28,alt1,20260909371
369,3,set29,alt1,20260909371
369,3,set30,alt2,20260909371
369,3,set31,alt2,20260909371
369,3,set39,alt2,20260909371
369,3,set47,alt2,20260909371
370,1,set5,alt2,20260909372
370,1,set6,alt2,20260909372
370,1,set9,alt2,20260909372
370,1,set11,alt2,20260909372
370,1,set18,alt2,20260909372
370,1,set19,alt2,20260909372
370,1,set33,alt1,20260909372
370,1,set35,alt2,20260909372
370,1,set37,alt1,20260909372
370,1,set41,alt2,20260909372
370,1,set42,alt2,20260909372
370,1,set48,alt2,20260909372
371,3,set3,alt1,20260909373
371,3,set4,alt2,20260909373
371,3,set12,alt1,20260909373
371,3,set22,alt1,20260909373
371,3,set24,alt1,20260909373
371,3,set25,alt1,20260909373
371,3,set28,alt1,20260909373
371,3,set29,alt1,20260909373
371,3,set30,alt2,20260909373
371,3,set31,alt2,20260909373
371,3,set39,alt2,20260909373
371,3,set47,alt2,20260909373
372,2,set1,alt2,20260909374
372,2,set2,alt1,20260909374
372,2,set7,alt1,20260909374
372,2,set8,alt1,20260909374
372,2,set10,alt1,20260909374
372,2,set13,alt1,20260909374
372,2,set36,alt2,20260909374
372,2,set38,alt2,20260909374
372,2,set40,alt2,20260909374
372,2,set44,alt1,20260909374
372,2,set45,alt2,20260909374
372,2,set46,alt1,20260909374
373,4,set14,alt1,20260909375
373,4,set15,alt2,20260909375
373,4,set16,alt2,20260909375
373,4,set17,alt2,20260909375
373,4,set20,alt1,20260909375
373,4,set21,alt1,20260909375
373,4,set23,alt1,20260909375
373,4,set26,alt1,20260909375
373,4,set27,alt1,20260909375
373,4,set32,alt1,20260909375
373,4,set34,alt2,20260909375
373,4,set43,alt2,20260909375
374,1,set5,alt2,20260909376
374,1,set6,alt1,20260909376
374,1,set9,alt2,20260909376
374,1,set11,alt2,20260909376
374,1,set18,alt2,20260909376
374,1,set19,alt2,20260909376
374,1,set33,alt1,20260909376
374,1,set35,alt2,20260909376
374,1,set37,alt1,20260909376
374,1,set41,alt1,20260909376
374,1,set42,alt2,20260909376
374,1,set48,alt2,20260909376
375,3,set3,alt2,20260909377
375,3,set4,alt1,20260909377
375,3,set12,alt1,20260909377
375,3,set22,alt2,20260909377
375,3,set24,alt1,20260909377
375,3,set25,alt2,20260909377
375,3,set28,alt2,20260909377
375,3,set29,alt1,20260909377
375,3,set30,alt2,20260909377
375,3,set31,alt1,20260909377
375,3,set39,alt1,20260909377
375,3,set47,alt2,20260909377
376,2,set1,alt2,20260909378
376,2,set2,alt1,20260909378
376,2,set7,alt1,20260909378
376,2,set8,alt1,20260909378
376,2,set10,alt1,20260909378
376,2,set13,alt1,20260909378
376,2,set36,alt1,20260909378
376,2,set38,alt2,20260909378
376,2,set40,alt1,20260909378
376,2,set44,alt2,20260909378
376,2,set45,alt2,20260909378
376,2,set46,alt2,20260909378
377,2,set1,alt2,20260909379
377,2,set2,alt1,20260909379
377,2,set7,alt2,20260909379
377,2,set8,alt1,20260909379
377,2,set10,alt2,20260909379
377,2,set13,alt1,20260909379
377,2,set36,alt2,20260909379
377,2,set38,alt1,20260909379
377,2,set40,alt2,20260909379
377,2,set44,alt2,20260909379
377,2,set45,alt2,20260909379
377,2,set46,alt2,20260909379
378,3,set3,alt1,20260909380
378,3,set4,alt2,20260909380
378,3,set12,alt1,20260909380
378,3,set22,alt1,20260909380
378,3,set24,alt1,20260909380
378,3,set25,alt1,20260909380
378,3,set28,alt1,20260909380
378,3,set29,alt1,20260909380
378,3,set30,alt2,20260909380
378,3,set31,alt2,20260909380
378,3,set39,alt2,20260909380
378,3,set47,alt2,20260909380
379,2,set1,alt2,20260909381
379,2,set2,alt1,20260909381
379,2,set7,alt1,20260909381
379,2,set8,alt1,20260909381
379,2,set10,alt1,20260909381
379,2,set13,alt1,20260909381
379,2,set36,alt2,20260909381
379,2,set38,alt2,20260909381
379,2,set40,alt2,20260909381
379,2,set44,alt1,20260909381
379,2,set45,alt2,20260909381
379,2,set46,alt1,20260909381
380,4,set14,alt1,20260909382
380,4,set15,alt2,20260909382
380,4,set16,alt1,20260909382
380,4,set17,alt2,20260909382
380,4,set20,alt1,20260909382
380,4,set21,alt1,20260909382
380,4,set23,alt1,20260909382
380,4,set26,alt1,20260909382
380,4,set27,alt1,20260909382
380,4,set32,alt1,20260909382
380,4,set34,alt1,20260909382
380,4,set43,alt1,20260909382
381,1,set5,alt2,20260909383
381,1,set6,alt2,20260909383
381,1,set9,alt2,20260909383
381,1,set11,alt2,20260909383
381,1,set18,alt2,20260909383
381,1,set19,alt2,20260909383
381,1,set33,alt1,20260909383
381,1,set35,alt2,20260909383
381,1,set37,alt1,20260909383
381,1,set41,alt2,20260909383
381,1,set42,alt2,20260909383
381,1,set48,alt2,20260909383
382,2,set1,alt2,20260909384
382,2,set2,alt1,20260909384
382,2,set7,alt1,20260909384
382,2,set8,alt1,20260909384
382,2,set10,alt1,20260909384
382,2,set13,alt1,20260909384
382,2,set36,alt2,20260909384
382,2,set38,alt2,20260909384
382,2,set40,alt2,20260909384
382,2,set44,alt1,20260909384
382,2,set45,alt2,20260909384
382,2,set46,alt1,20260909384
383,1,set5,alt1,20260909385
383,1,set6,alt2,20260909385
383,1,set9,alt1,20260909385
383,1,set11,alt2,20260909385
383,1,set18,alt1,20260909385
383,1,set19,alt2,20260909385
383,1,set33,alt1,20260909385
383,1,set35,alt2,20260909385
383,1,set37,alt1,20260909385
383,1,set41,alt1,20260909385
383,1,set42,alt1,20260909385
383,1,set48,alt2,20260909385
384,3,set3,alt1,20260909386
384,3,set4,alt2,20260909386
384,3,set12,alt1,20260909386
384,3,set22,alt1,20260909386
384,3,set24,alt1,20260909386
384,3,set25,alt1,20260909386
384,3,set28,alt1,20260909386
384,3,set29,alt1,20260909386
384,3,set30,alt2,20260909386
384,3,set31,alt2,20260909386
384,3,set39,alt2,20260909386
384,3,set47,alt2,20260909386
385,4,set14,alt1,20260909387
385,4,set15,alt2,20260909387
385,4,set16,alt2,20260909387
385,4,set17,alt2,20260909387
385,4,set20,alt1,20260909387
385,4,set21,alt1,20260909387
385,4,set23,alt1,20260909387
385,4,set26,alt1,20260909387
385,4,set27,alt1,20260909387
385,4,set32,alt1,20260909387
385,4,set34,alt2,20260909387
385,4,set43,alt2,20260909387
386,3,set3,alt1,20260909388
386,3,set4,alt2,20260909388
386,3,set12,alt1,20260909388
386,3,set22,alt1,20260909388
386,3,set24,alt1,20260909388
386,3,set25,alt1,20260909388
386,3,set28,alt1,20260909388
386,3,set29,alt1,20260909388
386,3,set30,alt2,20260909388
386,3,set31,alt2,20260909388
386,3,set39,alt2,20260909388
386,3,set47,alt2,20260909388
387,1,set5,alt2,20260909389
387,1,set6,alt1,20260909389
387,1,set9,alt2,20260909389
387,1,set11,alt2,20260909389
387,1,set18,alt2,20260909389
387,1,set19,alt2,20260909389
387,1,set33,alt1,20260909389
387,1,set35,alt2,20260909389
387,1,set37,alt1,20260909389
387,1,set41,alt1,20260909389
387,1,set42,alt2,20260909389
387,1,set48,alt2,20260909389
388,1,set5,alt2,20260909390
388,1,set6,alt1,20260909390
388,1,set9,alt2,20260909390
388,1,set11,alt2,20260909390
388,1,set18,alt2,20260909390
388,1,set19,alt2,20260909390
388,1,set33,alt1,20260909390
388,1,set35,alt2,20260909390
388,1,set37,alt1,20260909390
388,1,set41,alt1,20260909390
388,1,set42,alt2,20260909390
388,1,set48,alt2,20260909390
389,4,set14,alt1,20260909391
389,4,set15,alt1,20260909391
389,4,set16,alt1,20260909391
389,4,set17,alt1,20260909391
389,4,set20,alt1,20260909391
389,4,set21,alt1,20260909391
389,4,set23,alt1,20260909391
389,4,set26,alt1,20260909391
389,4,set27,alt1,20260909391
389,4,set32,alt1,20260909391
389,4,set34,alt2,20260909391
389,4,set43,alt1,20260909391
390,1,set5,alt2,20260909392
390,1,set6,alt1,20260909392
390,1,set9,alt2,20260909392
390,1,set11,alt2,20260909392
390,1,set18,alt2,20260909392
390,1,set19,alt2,20260909392
390,1,set33,alt1,20260909392
390,1,set35,alt2,20260909392
390,1,set37,alt1,20260909392
390,1,set41,alt1,20260909392
390,1,set42,alt2,20260909392
390,1,set48,alt2,20260909392
391,2,set1,alt2,20260909393
391,2,set2,alt1,20260909393
391,2,set7,alt1,20260909393
391,2,set8,alt1,20260909393
391,2,set10,alt1,20260909393
391,2,set13,alt1,20260909393
391,2,set36,alt2,20260909393
391,2,set38,alt2,20260909393
391,2,set40,alt2,20260909393
391,2,set44,alt1,20260909393
391,2,set45,alt2,20260909393
391,2,set46,alt1,20260909393
392,2,set1,alt2,20260909394
392,2,set2,alt1,20260909394
392,2,set7,alt1,20260909394
392,2,set8,alt1,20260909394
392,2,set10,alt1,20260909394
392,2,set13,alt1,20260909394
392,2,set36,alt2,20260909394
392,2,set38,alt2,20260909394
392,2,set40,alt2,20260909394
392,2,set44,alt1,20260909394
392,2,set45,alt2,20260909394
392,2,set46,alt1,20260909394
393,1,set5,alt2,20260909395
393,1,set6,alt2,20260909395
393,1,set9,alt2,20260909395
393,1,set11,alt2,20260909395
393,1,set18,alt2,20260909395
393,1,set19,alt2,20260909395
393,1,set33,alt1,20260909395
393,1,set35,alt2,20260909395
393,1,set37,alt1,20260909395
393,1,set41,alt2,20260909395
393,1,set42,alt2,20260909395
393,1,set48,alt2,20260909395
394,3,set3,alt1,20260909396
394,3,set4,alt2,20260909396
394,3,set12,alt1,20260909396
394,3,set22,alt1,20260909396
394,3,set24,alt1,20260909396
394,3,set25,alt1,20260909396
394,3,set28,alt1,20260909396
394,3,set29,alt1,20260909396
394,3,set30,alt2,20260909396
394,3,set31,alt2,20260909396
394,3,set39,alt2,20260909396
394,3,set47,alt2,20260909396
395,1,set5,alt2,20260909397
395,1,set6,alt1,20260909397
395,1,set9,alt2,20260909397
395,1,set11,alt2,20260909397
395,1,set18,alt2,20260909397
395,1,set19,alt2,20260909397
395,1,set33,alt1,20260909397
395,1,set35,alt2,20260909397
395,1,set37,alt1,20260909397
395,1,set41,alt1,20260909397
395,1,set42,alt2,20260909397
395,1,set48,alt2,20260909397
396,4,set14,alt1,20260909398
396,4,set15,alt2,20260909398
396,4,set16,alt2,20260909398
396,4,set17,alt2,20260909398
396,4,set20,alt1,20260909398
396,4,set21,alt1,20260909398
396,4,set23,alt1,20260909398
396,4,set26,alt1,20260909398
396,4,set27,alt1,20260909398
396,4,set32,alt1,20260909398
396,4,set34,alt2,20260909398
396,4,set43,alt2,20260909398
397,4,set14,alt2,20260909399
397,4,set15,alt2,20260909399
397,4,set16,alt1,20260909399
397,4,set17,alt1,20260909399
397,4,set20,alt1,20260909399
397,4,set21,alt1,20260909399
397,4,set23,alt1,20260909399
397,4,set26,alt1,20260909399
397,4,set27,alt2,20260909399
397,4,set32,alt1,20260909399
397,4,set34,alt2,20260909399
397,4,set43,alt1,20260909399
398,4,set14,alt1,20260909400
398,4,set15,alt2,20260909400
398,4,set16,alt2,20260909400
398,4,set17,alt2,20260909400
398,4,set20,alt1,20260909400
398,4,set21,alt1,20260909400
398,4,set23,alt1,20260909400
398,4,set26,alt1,20260909400
398,4,set27,alt1,20260909400
398,4,set32,alt1,20260909400
398,4,set34,alt2,20260909400
398,4,set43,alt2,20260909400
399,1,set5,alt1,20260909401
399,1,set6,alt1,20260909401
399,1,set9,alt1,20260909401
399,1,set11,alt2,20260909401
399,1,set18,alt1,20260909401
399,1,set19,alt1,20260909401
399,1,set33,alt2,20260909401
399,1,set35,alt2,20260909401
399,1,set37,alt1,20260909401
399,1,set41,alt1,20260909401
399,1,set42,alt2,20260909401
399,1,set48,alt2,20260909401
400,4,set14,alt1,20260909402
400,4,set15,alt2,20260909402
400,4,set16,alt2,20260909402
400,4,set17,alt2,20260909402
400,4,set20,alt1,20260909402
400,4,set21,alt1,20260909402
400,4,set23,alt1,20260909402
400,4,set26,alt1,20260909402
400,4,set27,alt1,20260909402
400,4,set32,alt1,20260909402
400,4,set34,alt2,20260909402
400,4,set43,alt2,20260909402
401,4,set14,alt1,20260909403
401,4,set15,alt1,20260909403
401,4,set16,alt1,20260909403
401,4,set17,alt1,20260909403
401,4,set20,alt1,20260909403
401,4,set21,alt1,20260909403
401,4,set23,alt1,20260909403
401,4,set26,alt1,20260909403
401,4,set27,alt1,20260909403
401,4,set32,alt1,20260909403
401,4,set34,alt2,20260909403
401,4,set43,alt1,20260909403
402,1,set5,alt2,20260909404
402,1,set6,alt2,20260909404
402,1,set9,alt2,20260909404
402,1,set11,alt2,20260909404
402,1,set18,alt2,20260909404
402,1,set19,alt2,20260909404
402,1,set33,alt1,20260909404
402,1,set35,alt2,20260909404
402,1,set37,alt1,20260909404
402,1,set41,alt2,20260909404
402,1,set42,alt2,20260909404
402,1,set48,alt2,20260909404
403,3,set3,alt1,20260909405
403,3,set4,alt2,20260909405
403,3,set12,alt1,20260909405
403,3,set22,alt1,20260909405
403,3,set24,alt1,20260909405
403,3,set25,alt1,20260909405
403,3,set28,alt1,20260909405
403,3,set29,alt1,20260909405
403,3,set30,alt2,20260909405
403,3,set31,alt2,20260909405
403,3,set39,alt2,20260909405
403,3,set47,alt2,20260909405
404,2,set1,alt2,20260909406
404,2,set2,alt1,20260909406
404,2,set7,alt2,20260909406
404,2,set8,alt1,20260909406
404,2,set10,alt2,20260909406
404,2,set13,alt1,20260909406
404,2,set36,alt2,20260909406
404,2,set38,alt1,20260909406
404,2,set40,alt2,20260909406
404,2,set44,alt2,20260909406
404,2,set45,alt2,20260909406
404,2,set46,alt2,20260909406
405,2,set1,alt2,20260909407
405,2,set2,alt1,20260909407
405,2,set7,alt1,20260909407
405,2,set8,alt1,20260909407
405,2,set10,alt2,20260909407
405,2,set13,alt1,20260909407
405,2,set36,alt2,20260909407
405,2,set38,alt2,20260909407
405,2,set40,alt2,20260909407
405,2,set44,alt2,20260909407
405,2,set45,alt2,20260909407
405,2,set46,alt2,20260909407
406,4,set14,alt1,20260909408
406,4,set15,alt2,20260909408
406,4,set16,alt2,20260909408
406,4,set17,alt2,20260909408
406,4,set20,alt1,20260909408
406,4,set21,alt1,20260909408
406,4,set23,alt1,20260909408
406,4,set26,alt1,20260909408
406,4,set27,alt1,20260909408
406,4,set32,alt1,20260909408
406,4,set34,alt2,20260909408
406,4,set43,alt2,20260909408
407,2,set1,alt2,20260909409
407,2,set2,alt1,20260909409
407,2,set7,alt1,20260909409
407,2,set8,alt1,20260909409
407,2,set10,alt1,20260909409
407,2,set13,alt1,20260909409
407,2,set36,alt2,20260909409
407,2,set38,alt2,20260909409
407,2,set40,alt2,20260909409
407,2,set44,alt1,20260909409
407,2,set45,alt2,20260909409
407,2,set46,alt1,20260909409
408,2,set1,alt2,20260909410
408,2,set2,alt1,20260909410
408,2,set7,alt2,20260909410
408,2,set8,alt1,20260909410
408,2,set10,alt2,20260909410
408,2,set13,alt1,20260909410
408,2,set36,alt2,20260909410
408,2,set38,alt1,20260909410
408,2,set40,alt2,20260909410
408,2,set44,alt2,20260909410
408,2,set45,alt2,20260909410
408,2,set46,alt2,20260909410
409,3,set3,alt1,20260909411
409,3,set4,alt2,20260909411
409,3,set12,alt1,20260909411
409,3,set22,alt1,20260909411
409,3,set24,alt1,20260909411
409,3,set25,alt1,20260909411
409,3,set28,alt1,20260909411
409,3,set29,alt1,20260909411
409,3,set30,alt2,20260909411
409,3,set31,alt2,20260909411
409,3,set39,alt2,20260909411
409,3,set47,alt2,20260909411
410,2,set1,alt2,20260909412
410,2,set2,alt1,20260909412
410,2,set7,alt1,20260909412
410,2,set8,alt1,20260909412
410,2,set10,alt1,20260909412
410,2,set13,alt1,20260909412
410,2,set36,alt2,20260909412
410,2,set38,alt2,20260909412
410,2,set40,alt2,20260909412
410,2,set44,alt1,20260909412
410,2,set45,alt2,20260909412
410,2,set46,alt1,20260909412
411,4,set14,alt1,20260909413
411,4,set15,alt1,20260909413
411,4,set16,alt1,20260909413
411,4,set17,alt1,20260909413
411,4,set20,alt1,20260909413
411,4,set21,alt1,20260909413
411,4,set23,alt1,20260909413
411,4,set26,alt1,20260909413
411,4,set27,alt1,20260909413
411,4,set32,alt1,20260909413
411,4,set34,alt2,20260909413
411,4,set43,alt1,20260909413
412,3,set3,alt1,20260909414
412,3,set4,alt2,20260909414
412,3,set12,alt1,20260909414
412,3,set22,alt1,20260909414
412,3,set24,alt1,20260909414
412,3,set25,alt1,20260909414
412,3,set28,alt1,20260909414
412,3,set29,alt1,20260909414
412,3,set30,alt2,20260909414
412,3,set31,alt2,20260909414
412,3,set39,alt2,20260909414
412,3,set47,alt2,20260909414
413,2,set1,alt2,20260909415
413,2,set2,alt1,20260909415
413,2,set7,alt1,20260909415
413,2,set8,alt1,20260909415
413,2,set10,alt1,20260909415
413,2,set13,alt1,20260909415
413,2,set36,alt2,20260909415
413,2,set38,alt2,20260909415
413,2,set40,alt2,20260909415
413,2,set44,alt1,20260909415
413,2,set45,alt2,20260909415
413,2,set46,alt1,20260909415
414,2,set1,alt2,20260909416
414,2,set2,alt1,20260909416
414,2,set7,alt1,20260909416
414,2,set8,alt1,20260909416
414,2,set10,alt1,20260909416
414,2,set13,alt1,20260909416
414,2,set36,alt2,20260909416
414,2,set38,alt2,20260909416
414,2,set40,alt2,20260909416
414,2,set44,alt1,20260909416
414,2,set45,alt2,20260909416
414,2,set46,alt1,20260909416
415,2,set1,alt2,20260909417
415,2,set2,alt1,20260909417
415,2,set7,alt1,20260909417
415,2,set8,alt1,20260909417
415,2,set10,alt1,20260909417
415,2,set13,alt1,20260909417
415,2,set36,alt2,20260909417
415,2,set38,alt2,20260909417
415,2,set40,alt2,20260909417
415,2,set44,alt1,20260909417
415,2,set45,alt2,20260909417
415,2,set46,alt1,20260909417
416,3,set3,alt1,20260909418
416,3,set4,alt2,20260909418
416,3,set12,alt1,20260909418
416,3,set22,alt1,20260909418
416,3,set24,alt1,20260909418
416,3,set25,alt1,20260909418
416,3,set28,alt1,20260909418
416,3,set29,alt1,20260909418
416,3,set30,alt2,20260909418
416,3,set31,alt2,20260909418
416,3,set39,alt2,20260909418
416,3,set47,alt2,20260909418
417,3,set3,alt1,20260909419
417,3,set4,alt2,20260909419
417,3,set12,alt1,20260909419
417,3,set22,alt1,20260909419
417,3,set24,alt1,20260909419
417,3,set25,alt1,20260909419
417,3,set28,alt1,20260909419
417,3,set29,alt1,20260909419
417,3,set30,alt2,20260909419
417,3,set31,alt2,20260909419
417,3,set39,alt2,20260909419
417,3,set47,alt2,20260909419
418,3,set3,alt1,20260909420
418,3,set4,alt2,20260909420
418,3,set12,alt1,20260909420
418,3,set22,alt1,20260909420
418,3,set24,alt1,20260909420
418,3,set25,alt1,20260909420
418,3,set28,alt1,20260909420
418,3,set29,alt1,20260909420
418,3,set30,alt2,20260909420
418,3,set31,alt2,20260909420
418,3,set39,alt2,20260909420
418,3,set47,alt2,20260909420
419,3,set3,alt2,20260909421
419,3,set4,alt2,20260909421
419,3,set12,alt1,20260909421
419,3,set22,alt2,20260909421
419,3,set24,alt1,20260909421
419,3,set25,alt1,20260909421
419,3,set28,alt1,20260909421
419,3,set29,alt1,20260909421
419,3,set30,alt2,20260909421
419,3,set31,alt2,20260909421
419,3,set39,alt2,20260909421
419,3,set47,alt2,20260909421
420,2,set1,alt2,20260909422
420,2,set2,alt1,20260909422
420,2,set7,alt1,20260909422
420,2,set8,alt1,20260909422
420,2,set10,alt1,20260909422
420,2,set13,alt1,20260909422
420,2,set36,alt2,20260909422
420,2,set38,alt2,20260909422
420,2,set40,alt2,20260909422
420,2,set44,alt1,20260909422
420,2,set45,alt2,20260909422
420,2,set46,alt1,20260909422
421,3,set3,alt1,20260909423
421,3,set4,alt2,20260909423
421,3,set12,alt1,20260909423
421,3,set22,alt1,20260909423
421,3,set24,alt1,20260909423
421,3,set25,alt1,20260909423
421,3,set28,alt1,20260909423
421,3,set29,alt1,20260909423
421,3,set30,alt2,20260909423
421,3,set31,alt2,20260909423
421,3,set39,alt2,20260909423
421,3,set47,alt2,20260909423
422,4,set14,alt1,20260909424
422,4,set15,alt2,20260909424
422,4,set16,alt2,20260909424
422,4,set17,alt2,20260909424
422,4,set20,alt1,20260909424
422,4,set21,alt1,20260909424
422,4,set23,alt1,20260909424
422,4,set26,alt1,20260909424
422,4,set27,alt1,20260909424
422,4,set32,alt1,20260909424
422,4,set34,alt2,20260909424
422,4,set43,alt2,20260909424
423,4,set14,alt1,20260909425
423,4,set15,alt2,20260909425
423,4,set16,alt2,20260909425
423,4,set17,alt2,20260909425
423,4,set20,alt1,20260909425
423,4,set21,alt1,20260909425
423,4,set23,alt1,20260909425
423,4,set26,alt1,20260909425
423,4,set27,alt1,20260909425
423,4,set32,alt1,20260909425
423,4,set34,alt2,20260909425
423,4,set43,alt2,20260909425
424,1,set5,alt1,20260909426
424,1,set6,alt1,20260909426
424,1,set9,alt1,20260909426
424,1,set11,alt2,20260909426
424,1,set18,alt1,20260909426
424,1,set19,alt1,20260909426
424,1,set33,alt2,20260909426
424,1,set35,alt2,20260909426
424,1,set37,alt1,20260909426
424,1,set41,alt1,20260909426
424,1,set42,alt2,20260909426
424,1,set48,alt2,20260909426
425,4,set14,alt1,20260909427
425,4,set15,alt2,20260909427
425,4,set16,alt1,20260909427
425,4,set17,alt2,20260909427
425,4,set20,alt1,20260909427
425,4,set21,alt1,20260909427
425,4,set23,alt1,20260909427
425,4,set26,alt1,20260909427
425,4,set27,alt1,20260909427
425,4,set32,alt1,20260909427
425,4,set34,alt1,20260909427
425,4,set43,alt1,20260909427
426,2,set1,alt2,20260909428
426,2,set2,alt1,20260909428
426,2,set7,alt1,20260909428
426,2,set8,alt1,20260909428
426,2,set10,alt1,20260909428
426,2,set13,alt1,20260909428
426,2,set36,alt2,20260909428
426,2,set38,alt2,20260909428
426,2,set40,alt2,20260909428
426,2,set44,alt1,20260909428
426,2,set45,alt2,20260909428
426,2,set46,alt1,20260909428
427,2,set1,alt2,20260909429
427,2,set2,alt1,20260909429
427,2,set7,alt1,20260909429
427,2,set8,alt1,20260909429
427,2,set10,alt1,20260909429
427,2,set13,alt1,20260909429
427,2,set36,alt2,20260909429
427,2,set38,alt2,20260909429
427,2,set40,alt2,20260909429
427,2,set44,alt1,20260909429
427,2,set45,alt2,20260909429
427,2,set46,alt1,20260909429
428,1,set5,alt2,20260909430
428,1,set6,alt1,20260909430
428,1,set9,alt2,20260909430
428,1,set11,alt2,20260909430
428,1,set18,alt2,20260909430
428,1,set19,alt2,20260909430
428,1,set33,alt1,20260909430
428,1,set35,alt2,20260909430
428,1,set37,alt1,20260909430
428,1,set41,alt1,20260909430
428,1,set42,alt2,20260909430
428,1,set48,alt2,20260909430
429,4,set14,alt1,20260909431
429,4,set15,alt1,20260909431
429,4,set16,alt1,20260909431
429,4,set17,alt1,20260909431
429,4,set20,alt1,20260909431
429,4,set21,alt1,20260909431
429,4,set23,alt1,20260909431
429,4,set26,alt1,20260909431
429,4,set27,alt1,20260909431
429,4,set32,alt1,20260909431
429,4,set34,alt2,20260909431
429,4,set43,alt1,20260909431
430,1,set5,alt2,20260909432
430,1,set6,alt2,20260909432
430,1,set9,alt2,20260909432
430,1,set11,alt2,20260909432
430,1,set18,alt2,20260909432
430,1,set19,alt2,20260909432
430,1,set33,alt1,20260909432
430,1,set35,alt2,20260909432
430,1,set37,alt1,20260909432
430,1,set41,alt2,20260909432
430,1,set42,alt2,20260909432
430,1,set48,alt2,20260909432
431,1,set5,alt2,20260909433
431,1,set6,alt1,20260909433
431,1,set9,alt2,20260909433
431,1,set11,alt2,20260909433
431,1,set18,alt2,20260909433
431,1,set19,alt2,20260909433
431,1,set33,alt1,20260909433
431,1,set35,alt2,20260909433
431,1,set37,alt1,20260909433
431,1,set41,alt1,20260909433
431,1,set42,alt2,20260909433
431,1,set48,alt2,20260909433
432,1,set5,alt2,20260909434
432,1,set6,alt1,20260909434
432,1,set9,alt2,20260909434
432,1,set11,alt2,20260909434
432,1,set18,alt2,20260909434
432,1,set19,alt2,20260909434
432,1,set33,alt1,20260909434
432,1,set35,alt2,20260909434
432,1,set37,alt1,20260909434
432,1,set41,alt1,20260909434
432,1,set42,alt2,20260909434
432,1,set48,alt2,20260909434
433,1,set5,alt2,20260909435
433,1,set6,alt2,20260909435
433,1,set9,alt2,20260909435
433,1,set11,alt2,20260909435
433,1,set18,alt2,20260909435
433,1,set19,alt2,20260909435
433,1,set33,alt1,20260909435
433,1,set35,alt2,20260909435
433,1,set37,alt1,20260909435
433,1,set41,alt2,20260909435
433,1,set42,alt2,20260909435
433,1,set48,alt2,20260909435
434,3,set3,alt1,20260909436
434,3,set4,alt2,20260909436
434,3,set12,alt1,20260909436
434,3,set22,alt1,20260909436
434,3,set24,alt1,20260909436
434,3,set25,alt1,20260909436
434,3,set28,alt1,20260909436
434,3,set29,alt1,20260909436
434,3,set30,alt2,20260909436
434,3,set31,alt2,20260909436
434,3,set39,alt2,20260909436
434,3,set47,alt2,20260909436
435,4,set14,alt1,20260909437
435,4,set15,alt2,20260909437
435,4,set16,alt2,20260909437
435,4,set17,alt2,20260909437
435,4,set20,alt1,20260909437
435,4,set21,alt1,20260909437
435,4,set23,alt1,20260909437
435,4,set26,alt1,20260909437
435,4,set27,alt1,20260909437
435,4,set32,alt1,20260909437
435,4,set34,alt2,20260909437
435,4,set43,alt2,20260909437
436,4,set14,alt2,20260909438
436,4,set15,alt2,20260909438
436,4,set16,alt1,20260909438
436,4,set17,alt1,20260909438
436,4,set20,alt1,20260909438
436,4,set21,alt1,20260909438
436,4,set23,alt1,20260909438
436,4,set26,alt1,20260909438
436,4,set27,alt2,20260909438
436,4,set32,alt1,20260909438
436,4,set34,alt2,20260909438
436,4,set43,alt1,20260909438
437,4,set14,alt1,20260909439
437,4,set15,alt2,20260909439
437,4,set16,alt2,20260909439
437,4,set17,alt2,20260909439
437,4,set20,alt1,20260909439
437,4,set21,alt1,20260909439
437,4,set23,alt1,20260909439
437,4,set26,alt1,20260909439
437,4,set27,alt1,20260909439
437,4,set32,alt1,20260909439
437,4,set34,alt2,20260909439
437,4,set43,alt2,20260909439
438,2,set1,alt2,20260909440
438,2,set2,alt1,20260909440
438,2,set7,alt1,20260909440
438,2,set8,alt1,20260909440
438,2,set10,alt1,20260909440
438,2,set13,alt1,20260909440
438,2,set36,alt2,20260909440
438,2,set38,alt2,20260909440
438,2,set40,alt2,20260909440
438,2,set44,alt1,20260909440
438,2,set45,alt2,20260909440
438,2,set46,alt1,20260909440
439,3,set3,alt1,20260909441
439,3,set4,alt2,20260909441
439,3,set12,alt1,20260909441
439,3,set22,alt1,20260909441
439,3,set24,alt1,20260909441
439,3,set25,alt1,20260909441
439,3,set28,alt1,20260909441
439,3,set29,alt1,20260909441
439,3,set30,alt2,20260909441
439,3,set31,alt2,20260909441
439,3,set39,alt2,20260909441
439,3,set47,alt2,20260909441
440,4,set14,alt1,20260909442
440,4,set15,alt1,20260909442
440,4,set16,alt1,20260909442
440,4,set17,alt1,20260909442
440,4,set20,alt1,20260909442
440,4,set21,alt1,20260909442
440,4,set23,alt1,20260909442
440,4,set26,alt1,20260909442
440,4,set27,alt1,20260909442
440,4,set32,alt1,20260909442
440,4,set34,alt2,20260909442
440,4,set43,alt1,20260909442
441,3,set3,alt2,20260909443
441,3,set4,alt1,20260909443
441,3,set12,alt1,20260909443
441,3,set22,alt2,20260909443
441,3,set24,alt1,20260909443
441,3,set25,alt2,20260909443
441,3,set28,alt2,20260909443
441,3,set29,alt1,20260909443
441,3,set30,alt2,20260909443
441,3,set31,alt1,20260909443
441,3,set39,alt1,20260909443
441,3,set47,alt2,20260909443
442,1,set5,alt2,20260909444
442,1,set6,alt2,20260909444
442,1,set9,alt2,20260909444
442,1,set11,alt2,20260909444
442,1,set18,alt2,20260909444
442,1,set19,alt2,20260909444
442,1,set33,alt1,20260909444
442,1,set35,alt2,20260909444
442,1,set37,alt1,20260909444
442,1,set41,alt2,20260909444
442,1,set42,alt2,20260909444
442,1,set48,alt2,20260909444
443,2,set1,alt2,20260909445
443,2,set2,alt1,20260909445
443,2,set7,alt1,20260909445
443,2,set8,alt1,20260909445
443,2,set10,alt2,20260909445
443,2,set13,alt1,20260909445
443,2,set36,alt2,20260909445
443,2,set38,alt2,20260909445
443,2,set40,alt2,20260909445
443,2,set44,alt1,20260909445
443,2,set45,alt2,20260909445
443,2,set46,alt1,20260909445
444,1,set5,alt1,20260909446
444,1,set6,alt1,20260909446
444,1,set9,alt1,20260909446
444,1,set11,alt2,20260909446
444,1,set18,alt1,20260909446
444,1,set19,alt1,20260909446
444,1,set33,alt2,20260909446
444,1,set35,alt2,20260909446
444,1,set37,alt1,20260909446
444,1,set41,alt1,20260909446
444,1,set42,alt2,20260909446
444,1,set48,alt2,20260909446
445,4,set14,alt1,20260909447
445,4,set15,alt2,20260909447
445,4,set16,alt1,20260909447
445,4,set17,alt2,20260909447
445,4,set20,alt1,20260909447
445,4,set21,alt1,20260909447
445,4,set23,alt1,20260909447
445,4,set26,alt1,20260909447
445,4,set27,alt1,20260909447
445,4,set32,alt1,20260909447
445,4,set34,alt1,20260909447
445,4,set43,alt1,20260909447
446,4,set14,alt1,20260909448
446,4,set15,alt2,20260909448
446,4,set16,alt2,20260909448
446,4,set17,alt2,20260909448
446,4,set20,alt1,20260909448
446,4,set21,alt1,20260909448
446,4,set23,alt1,20260909448
446,4,set26,alt1,20260909448
446,4,set27,alt1,20260909448
446,4,set32,alt1,20260909448
446,4,set34,alt2,20260909448
446,4,set43,alt2,20260909448
447,3,set3,alt1,20260909449
447,3,set4,alt2,20260909449
447,3,set12,alt1,20260909449
447,3,set22,alt1,20260909449
447,3,set24,alt1,20260909449
447,3,set25,alt1,20260909449
447,3,set28,alt1,20260909449
447,3,set29,alt1,20260909449
447,3,set30,alt2,20260909449
447,3,set31,alt2,20260909449
447,3,set39,alt2,20260909449
447,3,set47,alt2,20260909449
448,2,set1,alt2,20260909450
448,2,set2,alt1,20260909450
448,2,set7,alt1,20260909450
448,2,set8,alt1,20260909450
448,2,set10,alt1,20260909450
448,2,set13,alt1,20260909450
448,2,set36,alt2,20260909450
448,2,set38,alt2,20260909450
448,2,set40,alt2,20260909450
448,2,set44,alt1,20260909450
448,2,set45,alt2,20260909450
448,2,set46,alt1,20260909450
449,2,set1,alt2,20260909451
449,2,set2,alt1,20260909451
449,2,set7,alt1,20260909451
449,2,set8,alt1,20260909451
449,2,set10,alt1,20260909451
449,2,set13,alt1,20260909451
449,2,set36,alt1,20260909451
449,2,set38,alt2,20260909451
449,2,set40,alt1,20260909451
449,2,set44,alt2,20260909451
449,2,set45,alt2,20260909451
449,2,set46,alt2,20260909451
450,4,set14,alt2,20260909452
450,4,set15,alt2,20260909452
450,4,set16,alt1,20260909452
450,4,set17,alt1,20260909452
450,4,set20,alt1,20260909452
450,4,set21,alt2,20260909452
450,4,set23,alt1,20260909452
450,4,set26,alt1,20260909452
450,4,set27,alt2,20260909452
450,4,set32,alt1,20260909452
450,4,set34,alt2,20260909452
450,4,set43,alt2,20260909452
451,3,set3,alt1,20260909453
451,3,set4,alt2,20260909453
451,3,set12,alt1,20260909453
451,3,set22,alt1,20260909453
451,3,set24,alt1,20260909453
451,3,set25,alt1,20260909453
451,3,set28,alt1,20260909453
451,3,set29,alt1,20260909453
451,3,set30,alt2,20260909453
451,3,set31,alt2,20260909453
451,3,set39,alt2,20260909453
451,3,set47,alt2,20260909453
452,4,set14,alt1,20260909454
452,4,set15,alt2,20260909454
452,4,set16,alt1,20260909454
452,4,set17,alt2,20260909454
452,4,set20,alt1,20260909454
452,4,set21,alt1,20260909454
452,4,set23,alt1,20260909454
452,4,set26,alt1,20260909454
452,4,set27,alt1,20260909454
452,4,set32,alt1,20260909454
452,4,set34,alt1,20260909454
452,4,set43,alt1,20260909454
453,3,set3,alt1,20260909455
453,3,set4,alt2,20260909455
453,3,set12,alt1,20260909455
453,3,set22,alt1,20260909455
453,3,set24,alt1,20260909455
453,3,set25,alt1,20260909455
453,3,set28,alt1,20260909455
453,3,set29,alt1,20260909455
453,3,set30,alt2,20260909455
453,3,set31,alt2,20260909455
453,3,set39,alt2,20260909455
453,3,set47,alt2,20260909455
454,3,set3,alt2,20260909456
454,3,set4,alt1,20260909456
454,3,set12,alt1,20260909456
454,3,set22,alt2,20260909456
454,3,set24,alt1,20260909456
454,3,set25,alt2,20260909456
454,3,set28,alt2,20260909456
454,3,set29,alt1,20260909456
454,3,set30,alt2,20260909456
454,3,set31,alt1,20260909456
454,3,set39,alt1,20260909456
454,3,set47,alt2,20260909456
455,1,set5,alt2,20260909457
455,1,set6,alt1,20260909457
455,1,set9,alt2,20260909457
455,1,set11,alt2,20260909457
455,1,set18,alt2,20260909457
455,1,set19,alt2,20260909457
455,1,set33,alt1,20260909457
455,1,set35,alt2,20260909457
455,1,set37,alt1,20260909457
455,1,set41,alt1,20260909457
455,1,set42,alt2,20260909457
455,1,set48,alt2,20260909457
456,2,set1,alt2,20260909458
456,2,set2,alt1,20260909458
456,2,set7,alt1,20260909458
456,2,set8,alt1,20260909458
456,2,set10,alt1,20260909458
456,2,set13,alt1,20260909458
456,2,set36,alt2,20260909458
456,2,set38,alt2,20260909458
456,2,set40,alt2,20260909458
456,2,set44,alt1,20260909458
456,2,set45,alt2,20260909458
456,2,set46,alt1,20260909458
457,4,set14,alt1,20260909459
457,4,set15,alt2,20260909459
457,4,set16,alt2,20260909459
457,4,set17,alt2,20260909459
457,4,set20,alt1,20260909459
457,4,set21,alt1,20260909459
457,4,set23,alt1,20260909459
457,4,set26,alt1,20260909459
457,4,set27,alt1,20260909459
457,4,set32,alt1,20260909459
457,4,set34,alt2,20260909459
457,4,set43,alt2,20260909459
458,1,set5,alt1,20260909460
458,1,set6,alt1,20260909460
458,1,set9,alt1,20260909460
458,1,set11,alt2,20260909460
458,1,set18,alt1,20260909460
458,1,set19,alt1,20260909460
458,1,set33,alt2,20260909460
458,1,set35,alt2,20260909460
458,1,set37,alt1,20260909460
458,1,set41,alt1,20260909460
458,1,set42,alt2,20260909460
458,1,set48,alt2,20260909460
459,3,set3,alt1,20260909461
459,3,set4,alt2,20260909461
459,3,set12,alt1,20260909461
459,3,set22,alt1,20260909461
459,3,set24,alt1,20260909461
459,3,set25,alt1,20260909461
459,3,set28,alt1,20260909461
459,3,set29,alt1,20260909461
459,3,set30,alt2,20260909461
459,3,set31,alt2,20260909461
459,3,set39,alt2,20260909461
459,3,set47,alt2,20260909461
460,3,set3,alt1,20260909462
460,3,set4,alt2,20260909462
460,3,set12,alt1,20260909462
460,3,set22,alt1,20260909462
460,3,set24,alt1,20260909462
460,3,set25,alt1,20260909462
460,3,set28,alt1,20260909462
460,3,set29,alt1,20260909462
460,3,set30,alt2,20260909462
460,3,set31,alt2,20260909462
460,3,set39,alt2,20260909462
460,3,set47,alt2,20260909462
461,4,set14,alt1,20260909463
461,4,set15,alt2,20260909463
461,4,set16,alt1,20260909463
461,4,set17,alt2,20260909463
461,4,set20,alt1,20260909463
461,4,set21,alt1,20260909463
461,4,set23,alt1,20260909463
461,4,set26,alt1,20260909463
461,4,set27,alt1,20260909463
461,4,set32,alt1,20260909463
461,4,set34,alt1,20260909463
461,4,set43,alt1,20260909463
462,2,set1,alt2,20260909464
462,2,set2,alt1,20260909464
462,2,set7,alt1,20260909464
462,2,set8,alt1,20260909464
462,2,set10,alt1,20260909464
462,2,set13,alt1,20260909464
462,2,set36,alt2,20260909464
462,2,set38,alt2,20260909464
462,2,set40,alt2,20260909464
462,2,set44,alt1,20260909464
462,2,set45,alt2,20260909464
462,2,set46,alt1,20260909464
463,2,set1,alt2,20260909465
463,2,set2,alt1,20260909465
463,2,set7,alt1,20260909465
463,2,set8,alt1,20260909465
463,2,set10,alt1,20260909465
463,2,set13,alt1,20260909465
463,2,set36,alt2,20260909465
463,2,set38,alt2,20260909465
463,2,set40,alt2,20260909465
463,2,set44,alt1,20260909465
463,2,set45,alt2,20260909465
463,2,set46,alt1,20260909465
464,1,set5,alt1,20260909466
464,1,set6,alt1,20260909466
464,1,set9,alt1,20260909466
464,1,set11,alt2,20260909466
464,1,set18,alt1,20260909466
464,1,set19,alt1,20260909466
464,1,set33,alt2,20260909466
464,1,set35,alt2,20260909466
464,1,set37,alt1,20260909466
464,1,set41,alt1,20260909466
464,1,set42,alt2,20260909466
464,1,set48,alt2,20260909466
465,1,set5,alt1,20260909467
465,1,set6,alt2,20260909467
465,1,set9,alt1,20260909467
465,1,set11,alt2,20260909467
465,1,set18,alt1,20260909467
465,1,set19,alt2,20260909467
465,1,set33,alt1,20260909467
465,1,set35,alt2,20260909467
465,1,set37,alt1,20260909467
465,1,set41,alt1,20260909467
465,1,set42,alt1,20260909467
465,1,set48,alt2,20260909467
466,1,set5,alt2,20260909468
466,1,set6,alt1,20260909468
466,1,set9,alt2,20260909468
466,1,set11,alt2,20260909468
466,1,set18,alt2,20260909468
466,1,set19,alt2,20260909468
466,1,set33,alt1,20260909468
466,1,set35,alt2,20260909468
466,1,set37,alt1,20260909468
466,1,set41,alt1,20260909468
466,1,set42,alt2,20260909468
466,1,set48,alt2,20260909468
467,4,set14,alt1,20260909469
467,4,set15,alt2,20260909469
467,4,set16,alt2,20260909469
467,4,set17,alt2,20260909469
467,4,set20,alt1,20260909469
467,4,set21,alt1,20260909469
467,4,set23,alt1,20260909469
467,4,set26,alt1,20260909469
467,4,set27,alt1,20260909469
467,4,set32,alt1,20260909469
467,4,set34,alt2,20260909469
467,4,set43,alt2,20260909469
468,1,set5,alt2,20260909470
468,1,set6,alt1,20260909470
468,1,set9,alt2,20260909470
468,1,set11,alt2,20260909470
468,1,set18,alt2,20260909470
468,1,set19,alt2,20260909470
468,1,set33,alt1,20260909470
468,1,set35,alt2,20260909470
468,1,set37,alt1,20260909470
468,1,set41,alt1,20260909470
468,1,set42,alt2,20260909470
468,1,set48,alt2,20260909470
469,2,set1,alt2,20260909471
469,2,set2,alt1,20260909471
469,2,set7,alt1,20260909471
469,2,set8,alt1,20260909471
469,2,set10,alt1,20260909471
469,2,set13,alt1,20260909471
469,2,set36,alt2,20260909471
469,2,set38,alt2,20260909471
469,2,set40,alt2,20260909471
469,2,set44,alt1,20260909471
469,2,set45,alt2,20260909471
469,2,set46,alt1,20260909471
470,2,set1,alt2,20260909472
470,2,set2,alt1,20260909472
470,2,set7,alt1,20260909472
470,2,set8,alt1,20260909472
470,2,set10,alt2,20260909472
470,2,set13,alt1,20260909472
470,2,set36,alt2,20260909472
470,2,set38,alt2,20260909472
470,2,set40,alt2,20260909472
470,2,set44,alt1,20260909472
470,2,set45,alt2,20260909472
470,2,set46,alt1,20260909472
471,4,set14,alt1,20260909473
471,4,set15,alt1,20260909473
471,4,set16,alt1,20260909473
471,4,set17,alt1,20260909473
471,4,set20,alt1,20260909473
471,4,set21,alt1,20260909473
471,4,set23,alt1,20260909473
471,4,set26,alt1,20260909473
471,4,set27,alt1,20260909473
471,4,set32,alt1,20260909473
471,4,set34,alt2,20260909473
471,4,set43,alt1,20260909473
472,2,set1,alt2,20260909474
472,2,set2,alt1,20260909474
472,2,set7,alt1,20260909474
472,2,set8,alt1,20260909474
472,2,set10,alt1,20260909474
472,2,set13,alt1,20260909474
472,2,set36,alt2,20260909474
472,2,set38,alt2,20260909474
472,2,set40,alt2,20260909474
472,2,set44,alt1,20260909474
472,2,set45,alt2,20260909474
472,2,set46,alt1,20260909474
473,1,set5,alt2,20260909475
473,1,set6,alt2,20260909475
473,1,set9,alt2,20260909475
473,1,set11,alt2,20260909475
473,1,set18,alt1,20260909475
473,1,set19,alt2,20260909475
473,1,set33,alt1,20260909475
473,1,set35,alt2,20260909475
473,1,set37,alt1,20260909475
473,1,set41,alt1,20260909475
473,1,set42,alt2,20260909475
473,1,set48,alt2,20260909475
474,2,set1,alt2,20260909476
474,2,set2,alt1,20260909476
474,2,set7,alt1,20260909476
474,2,set8,alt1,20260909476
474,2,set10,alt1,20260909476
474,2,set13,alt1,20260909476
474,2,set36,alt2,20260909476
474,2,set38,alt2,20260909476
474,2,set40,alt2,20260909476
474,2,set44,alt1,20260909476
474,2,set45,alt2,20260909476
474,2,set46,alt1,20260909476
475,4,set14,alt1,20260909477
475,4,set15,alt2,20260909477
475,4,set16,alt2,20260909477
475,4,set17,alt2,20260909477
475,4,set20,alt1,20260909477
475,4,set21,alt1,20260909477
475,4,set23,alt1,20260909477
475,4,set26,alt1,20260909477
475,4,set27,alt1,20260909477
475,4,set32,alt1,20260909477
475,4,set34,alt2,20260909477
475,4,set43,alt2,20260909477
476,2,set1,alt2,20260909478
476,2,set2,alt1,20260909478
476,2,set7,alt1,20260909478
476,2,set8,alt1,20260909478
476,2,set10,alt1,20260909478
476,2,set13,alt1,20260909478
476,2,set36,alt2,20260909478
476,2,set38,alt2,20260909478
476,2,set40,alt2,20260909478
476,2,set44,alt1,20260909478
476,2,set45,alt2,20260909478
476,2,set46,alt1,20260909478
477,3,set3,alt1,20260909479
477,3,set4,alt2,20260909479
477,3,set12,alt1,20260909479
477,3,set22,alt1,20260909479
477,3,set24,alt1,20260909479
477,3,set25,alt1,20260909479
477,3,set28,alt1,20260909479
477,3,set29,alt1,20260909479
477,3,set30,alt2,20260909479
477,3,set31,alt2,20260909479
477,3,set39,alt2,20260909479
477,3,set47,alt2,20260909479
478,3,set3,alt1,20260909480
478,3,set4,alt2,20260909480
478,3,set12,alt1,20260909480
478,3,set22,alt1,20260909480
478,3,set24,alt1,20260909480
478,3,set25,alt1,20260909480
478,3,set28,alt1,20260909480
478,3,set29,alt1,20260909480
478,3,set30,alt2,20260909480
478,3,set31,alt2,20260909480
478,3,set39,alt2,20260909480
478,3,set47,alt2,20260909480
479,3,set3,alt2,20260909481
479,3,set4,alt2,20260909481
479,3,set12,alt1,20260909481
479,3,set22,alt2,20260909481
479,3,set24,alt1,20260909481
479,3,set25,alt1,20260909481
479,3,set28,alt1,20260909481
479,3,set29,alt1,20260909481
479,3,set30,alt2,20260909481
479,3,set31,alt2,20260909481
479,3,set39,alt2,20260909481
479,3,set47,alt2,20260909481
480,2,set1,alt2,20260909482
480,2,set2,alt1,20260909482
480,2,set7,alt1,20260909482
480,2,set8,alt1,20260909482
480,2,set10,alt1,20260909482
480,2,set13,alt1,20260909482
480,2,set36,alt2,20260909482
480,2,set38,alt2,20260909482
480,2,set40,alt2,20260909482
480,2,set44,alt1,20260909482
480,2,set45,alt2,20260909482
480,2,set46,alt1,20260909482
481,2,set1,alt2,20260909483
481,2,set2,alt1,20260909483
481,2,set7,alt1,20260909483
481,2,set8,alt1,20260909483
481,2,set10,alt1,20260909483
481,2,set13,alt1,20260909483
481,2,set36,alt2,20260909483
481,2,set38,alt2,20260909483
481,2,set40,alt2,20260909483
481,2,set44,alt1,20260909483
481,2,set45,alt2,20260909483
481,2,set46,alt1,20260909483
482,1,set5,alt2,20260909484
482,1,set6,alt1,20260909484
482,1,set9,alt2,20260909484
482,1,set11,alt2,20260909484
482,1,set18,alt2,20260909484
482,1,set19,alt2,20260909484
482,1,set33,alt1,20260909484
482,1,set35,alt2,20260909484
482,1,set37,alt1,20260909484
482,1,set41,alt1,20260909484
482,1,set42,alt2,20260909484
482,1,set48,alt2,20260909484
483,3,set3,alt1,20260909485
483,3,set4,alt2,20260909485
483,3,set12,alt1,20260909485
483,3,set22,alt1,20260909485
483,3,set24,alt1,20260909485
483,3,set25,alt1,20260909485
483,3,set28,alt1,20260909485
483,3,set29,alt1,20260909485
483,3,set30,alt2,20260909485
483,3,set31,alt2,20260909485
483,3,set39,alt2,20260909485
483,3,set47,alt2,20260909485
484,4,set14,alt1,20260909486
484,4,set15,alt2,20260909486
484,4,set16,alt2,20260909486
484,4,set17,alt2,20260909486
484,4,set20,alt1,20260909486
484,4,set21,alt1,20260909486
484,4,set23,alt1,20260909486
484,4,set26,alt1,20260909486
484,4,set27,alt1,20260909486
484,4,set32,alt1,20260909486
484,4,set34,alt2,20260909486
484,4,set43,alt2,20260909486
485,4,set14,alt1,20260909487
485,4,set15,alt1,20260909487
485,4,set16,alt1,20260909487
485,4,set17,alt1,20260909487
485,4,set20,alt1,20260909487
485,4,set21,alt1,20260909487
485,4,set23,alt1,20260909487
485,4,set26,alt1,20260909487
485,4,set27,alt1,20260909487
485,4,set32,alt1,20260909487
485,4,set34,alt2,20260909487
485,4,set43,alt1,20260909487
486,2,set1,alt2,20260909488
486,2,set2,alt1,20260909488
486,2,set7,alt1,20260909488
486,2,set8,alt1,20260909488
486,2,set10,alt1,20260909488
486,2,set13,alt1,20260909488
486,2,set36,alt2,20260909488
486,2,set38,alt2,20260909488
486,2,set40,alt2,20260909488
486,2,set44,alt1,20260909488
486,2,set45,alt2,20260909488
486,2,set46,alt1,20260909488
487,2,set1,alt2,20260909489
487,2,set2,alt1,20260909489
487,2,set7,alt2,20260909489
487,2,set8,alt1,20260909489
487,2,set10,alt2,20260909489
487,2,set13,alt1,20260909489
487,2,set36,alt2,20260909489
487,2,set38,alt1,20260909489
487,2,set40,alt2,20260909489
487,2,set44,alt2,20260909489
487,2,set45,alt2,20260909489
487,2,set46,alt2,20260909489
488,3,set3,alt1,20260909490
488,3,set4,alt2,20260909490
488,3,set12,alt1,20260909490
488,3,set22,alt1,20260909490
488,3,set24,alt1,20260909490
488,3,set25,alt1,20260909490
488,3,set28,alt1,20260909490
488,3,set29,alt1,20260909490
488,3,set30,alt2,20260909490
488,3,set31,alt2,20260909490
488,3,set39,alt2,20260909490
488,3,set47,alt2,20260909490
489,1,set5,alt2,20260909491
489,1,set6,alt1,20260909491
489,1,set9,alt2,20260909491
489,1,set11,alt2,20260909491
489,1,set18,alt2,20260909491
489,1,set19,alt2,20260909491
489,1,set33,alt1,20260909491
489,1,set35,alt2,20260909491
489,1,set37,alt1,20260909491
489,1,set41,alt1,20260909491
489,1,set42,alt2,20260909491
489,1,set48,alt2,20260909491
490,2,set1,alt2,20260909492
490,2,set2,alt1,20260909492
490,2,set7,alt1,20260909492
490,2,set8,alt1,20260909492
490,2,set10,alt1,20260909492
490,2,set13,alt1,20260909492
490,2,set36,alt2,20260909492
490,2,set38,alt2,20260909492
490,2,set40,alt2,20260909492
490,2,set44,alt1,20260909492
490,2,set45,alt2,20260909492
490,2,set46,alt1,20260909492
491,1,set5,alt2,20260909493
491,1,set6,alt2,20260909493
491,1,set9,alt2,20260909493
491,1,set11,alt2,20260909493
491,1,set18,alt2,20260909493
491,1,set19,alt2,20260909493
491,1,set33,alt1,20260909493
491,1,set35,alt2,20260909493
491,1,set37,alt1,20260909493
491,1,set41,alt2,20260909493
491,1,set42,alt2,20260909493
491,1,set48,alt2,20260909493
492,1,set5,alt2,20260909494
492,1,set6,alt1,20260909494
492,1,set9,alt2,20260909494
492,1,set11,alt2,20260909494
492,1,set18,alt2,20260909494
492,1,set19,alt2,20260909494
492,1,set33,alt1,20260909494
492,1,set35,alt2,20260909494
492,1,set37,alt1,20260909494
492,1,set41,alt1,20260909494
492,1,set42,alt2,20260909494
492,1,set48,alt2,20260909494
493,3,set3,alt1,20260909495
493,3,set4,alt2,20260909495
493,3,set12,alt1,20260909495
493,3,set22,alt1,20260909495
493,3,set24,alt1,20260909495
493,3,set25,alt1,20260909495
493,3,set28,alt1,20260909495
493,3,set29,alt1,20260909495
493,3,set30,alt2,20260909495
493,3,set31,alt2,20260909495
493,3,set39,alt2,20260909495
493,3,set47,alt2,20260909495
494,2,set1,alt2,20260909496
494,2,set2,alt1,20260909496
494,2,set7,alt1,20260909496
494,2,set8,alt1,20260909496
494,2,set10,alt1,20260909496
494,2,set13,alt1,20260909496
494,2,set36,alt2,20260909496
494,2,set38,alt2,20260909496
494,2,set40,alt2,20260909496
494,2,set44,alt1,20260909496
494,2,set45,alt2,20260909496
494,2,set46,alt1,20260909496
495,2,set1,alt2,20260909497
495,2,set2,alt1,20260909497
495,2,set7,alt1,20260909497
495,2,set8,alt1,20260909497
495,2,set10,alt2,20260909497
495,2,set13,alt1,20260909497
495,2,set36,alt2,20260909497
495,2,set38,alt2,20260909497
495,2,set40,alt2,20260909497
495,2,set44,alt1,20260909497
495,2,set45,alt2,20260909497
495,2,set46,alt1,20260909497
496,1,set5,alt2,20260909498
496,1,set6,alt2,20260909498
496,1,set9,alt2,20260909498
496,1,set11,alt2,20260909498
496,1,set18,alt2,20260909498
496,1,set19,alt2,20260909498
496,1,set33,alt1,20260909498
496,1,set35,alt2,20260909498
496,1,set37,alt1,20260909498
496,1,set41,alt2,20260909498
496,1,set42,alt2,20260909498
496,1,set48,alt2,20260909498
497,2,set1,alt2,20260909499
497,2,set2,alt1,20260909499
497,2,set7,alt1,20260909499
497,2,set8,alt1,20260909499
497,2,set10,alt1,20260909499
497,2,set13,alt1,20260909499
497,2,set36,alt2,20260909499
497,2,set38,alt2,20260909499
497,2,set40,alt2,20260909499
497,2,set44,alt1,20260909499
497,2,set45,alt2,20260909499
497,2,set46,alt1,20260909499
498,4,set14,alt1,20260909500
498,4,set15,alt1,20260909500
498,4,set16,alt1,20260909500
498,4,set17,alt1,20260909500
498,4,set20,alt1,20260909500
498,4,set21,alt1,20260909500
498,4,set23,alt1,20260909500
498,4,set26,alt1,20260909500
498,4,set27,alt1,20260909500
498,4,set32,alt1,20260909500
498,4,set34,alt2,20260909500
498,4,set43,alt1,20260909500
499,3,set3,alt1,20260909501
499,3,set4,alt2,20260909501
499,3,set12,alt1,20260909501
499,3,set22,alt1,20260909501
499,3,set24,alt1,20260909501
499,3,set25,alt1,20260909501
499,3,set28,alt1,20260909501
499,3,set29,alt1,20260909501
499,3,set30,alt2,20260909501
499,3,set31,alt2,20260909501
499,3,set39,alt2,20260909501
499,3,set47,alt2,20260909501
500,4,set14,alt1,20260909502
500,4,set15,alt1,20260909502
500,4,set16,alt1,20260909502
500,4,set17,alt1,20260909502
500,4,set20,alt1,20260909502
500,4,set21,alt1,20260909502
500,4,set23,alt1,20260909502
500,4,set26,alt1,20260909502
500,4,set27,alt1,20260909502
500,4,set32,alt1,20260909502
500,4,set34,alt2,20260909502
500,4,set43,alt1,20260909502
501,2,set1,alt2,20260909503
501,2,set2,alt1,20260909503
501,2,set7,alt1,20260909503
501,2,set8,alt1,20260909503
501,2,set10,alt1,20260909503
501,2,set13,alt1,20260909503
501,2,set36,alt2,20260909503
501,2,set38,alt2,20260909503
501,2,set40,alt2,20260909503
501,2,set44,alt1,20260909503
501,2,set45,alt2,20260909503
501,2,set46,alt1,20260909503
502,1,set5,alt2,20260909504
502,1,set6,alt2,20260909504
502,1,set9,alt2,20260909504
502,1,set11,alt2,20260909504
502,1,set18,alt2,20260909504
502,1,set19,alt2,20260909504
502,1,set33,alt1,20260909504
502,1,set35,alt2,20260909504
502,1,set37,alt1,20260909504
502,1,set41,alt2,20260909504
502,1,set42,alt2,20260909504
502,1,set48,alt2,20260909504
503,1,set5,alt2,20260909505
503,1,set6,alt1,20260909505
503,1,set9,alt2,20260909505
503,1,set11,alt2,20260909505
503,1,set18,alt2,20260909505
503,1,set19,alt2,20260909505
503,1,set33,alt1,20260909505
503,1,set35,alt2,20260909505
503,1,set37,alt1,20260909505
503,1,set41,alt1,20260909505
503,1,set42,alt2,20260909505
503,1,set48,alt2,20260909505
504,2,set1,alt2,20260909506
504,2,set2,alt1,20260909506
504,2,set7,alt1,20260909506
504,2,set8,alt1,20260909506
504,2,set10,alt1,20260909506
504,2,set13,alt1,20260909506
504,2,set36,alt2,20260909506
504,2,set38,alt2,20260909506
504,2,set40,alt2,20260909506
504,2,set44,alt1,20260909506
504,2,set45,alt2,20260909506
504,2,set46,alt1,20260909506
505,2,set1,alt2,20260909507
505,2,set2,alt1,20260909507
505,2,set7,alt1,20260909507
505,2,set8,alt1,20260909507
505,2,set10,alt1,20260909507
505,2,set13,alt1,20260909507
505,2,set36,alt2,20260909507
505,2,set38,alt2,20260909507
505,2,set40,alt2,20260909507
505,2,set44,alt1,20260909507
505,2,set45,alt2,20260909507
505,2,set46,alt1,20260909507
506,4,set14,alt1,20260909508
506,4,set15,alt1,20260909508
506,4,set16,alt1,20260909508
506,4,set17,alt1,20260909508
506,4,set20,alt1,20260909508
506,4,set21,alt1,20260909508
506,4,set23,alt1,20260909508
506,4,set26,alt1,20260909508
506,4,set27,alt1,20260909508
506,4,set32,alt1,20260909508
506,4,set34,alt2,20260909508
506,4,set43,alt1,20260909508
507,4,set14,alt2,20260909509
507,4,set15,alt2,20260909509
507,4,set16,alt1,20260909509
507,4,set17,alt1,20260909509
507,4,set20,alt1,20260909509
507,4,set21,alt2,20260909509
507,4,set23,alt1,20260909509
507,4,set26,alt1,20260909509
507,4,set27,alt2,20260909509
507,4,set32,alt1,20260909509
507,4,set34,alt2,20260909509
507,4,set43,alt2,20260909509
508,2,set1,alt2,20260909510
508,2,set2,alt1,20260909510
508,2,set7,alt1,20260909510
508,2,set8,alt1,20260909510
508,2,set10,alt1,20260909510
508,2,set13,alt1,20260909510
508,2,set36,alt1,20260909510
508,2,set38,alt2,20260909510
508,2,set40,alt1,20260909510
508,2,set44,alt2,20260909510
508,2,set45,alt2,20260909510
508,2,set46,alt2,20260909510
509,3,set3,alt2,20260909511
509,3,set4,alt1,20260909511
509,3,set12,alt1,20260909511
509,3,set22,alt2,20260909511
509,3,set24,alt1,20260909511
509,3,set25,alt2,20260909511
509,3,set28,alt2,20260909511
509,3,set29,alt1,20260909511
509,3,set30,alt2,20260909511
509,3,set31,alt1,20260909511
509,3,set39,alt1,20260909511
509,3,set47,alt2,20260909511
510,4,set14,alt1,20260909512
510,4,set15,alt1,20260909512
510,4,set16,alt1,20260909512
510,4,set17,alt1,20260909512
510,4,set20,alt1,20260909512
510,4,set21,alt1,20260909512
510,4,set23,alt1,20260909512
510,4,set26,alt1,20260909512
510,4,set27,alt1,20260909512
510,4,set32,alt1,20260909512
510,4,set34,alt2,20260909512
510,4,set43,alt1,20260909512
511,3,set3,alt1,20260909513
511,3,set4,alt2,20260909513
511,3,set12,alt1,20260909513
511,3,set22,alt1,20260909513
511,3,set24,alt1,20260909513
511,3,set25,alt1,20260909513
511,3,set28,alt1,20260909513
511,3,set29,alt1,20260909513
511,3,set30,alt2,20260909513
511,3,set31,alt2,20260909513
511,3,set39,alt2,20260909513
511,3,set47,alt2,20260909513
512,2,set1,alt2,20260909514
512,2,set2,alt1,20260909514
512,2,set7,alt1,20260909514
512,2,set8,alt1,20260909514
512,2,set10,alt1,20260909514
512,2,set13,alt1,20260909514
512,2,set36,alt2,20260909514
512,2,set38,alt2,20260909514
512,2,set40,alt2,20260909514
512,2,set44,alt1,20260909514
512,2,set45,alt2,20260909514
512,2,set46,alt1,20260909514
513,4,set14,alt1,20260909515
513,4,set15,alt1,20260909515
513,4,set16,alt1,20260909515
513,4,set17,alt1,20260909515
513,4,set20,alt1,20260909515
513,4,set21,alt1,20260909515
513,4,set23,alt1,20260909515
513,4,set26,alt1,20260909515
513,4,set27,alt1,20260909515
513,4,set32,alt1,20260909515
513,4,set34,alt2,20260909515
513,4,set43,alt1,20260909515
514,4,set14,alt2,20260909516
514,4,set15,alt2,20260909516
514,4,set16,alt1,20260909516
514,4,set17,alt1,20260909516
514,4,set20,alt1,20260909516
514,4,set21,alt2,20260909516
514,4,set23,alt1,20260909516
514,4,set26,alt1,20260909516
514,4,set27,alt2,20260909516
514,4,set32,alt1,20260909516
514,4,set34,alt2,20260909516
514,4,set43,alt2,20260909516
515,1,set5,alt2,20260909517
515,1,set6,alt1,20260909517
515,1,set9,alt2,20260909517
515,1,set11,alt2,20260909517
515,1,set18,alt2,20260909517
515,1,set19,alt2,20260909517
515,1,set33,alt1,20260909517
515,1,set35,alt2,20260909517
515,1,set37,alt1,20260909517
515,1,set41,alt1,20260909517
515,1,set42,alt2,20260909517
515,1,set48,alt2,20260909517
516,4,set14,alt1,20260909518
516,4,set15,alt1,20260909518
516,4,set16,alt1,20260909518
516,4,set17,alt1,20260909518
516,4,set20,alt1,20260909518
516,4,set21,alt1,20260909518
516,4,set23,alt1,20260909518
516,4,set26,alt1,20260909518
516,4,set27,alt1,20260909518
516,4,set32,alt1,20260909518
516,4,set34,alt2,20260909518
516,4,set43,alt1,20260909518
517,2,set1,alt2,20260909519
517,2,set2,alt1,20260909519
517,2,set7,alt1,20260909519
517,2,set8,alt1,20260909519
517,2,set10,alt1,20260909519
517,2,set13,alt1,20260909519
517,2,set36,alt2,20260909519
517,2,set38,alt2,20260909519
517,2,set40,alt2,20260909519
517,2,set44,alt1,20260909519
517,2,set45,alt2,20260909519
517,2,set46,alt1,20260909519
518,4,set14,alt1,20260909520
518,4,set15,alt2,20260909520
518,4,set16,alt2,20260909520
518,4,set17,alt2,20260909520
518,4,set20,alt1,20260909520
518,4,set21,alt1,20260909520
518,4,set23,alt1,20260909520
518,4,set26,alt1,20260909520
518,4,set27,alt1,20260909520
518,4,set32,alt1,20260909520
518,4,set34,alt2,20260909520
518,4,set43,alt2,20260909520
519,3,set3,alt1,20260909521
519,3,set4,alt2,20260909521
519,3,set12,alt1,20260909521
519,3,set22,alt1,20260909521
519,3,set24,alt1,20260909521
519,3,set25,alt1,20260909521
519,3,set28,alt1,20260909521
519,3,set29,alt1,20260909521
519,3,set30,alt2,20260909521
519,3,set31,alt2,20260909521
519,3,set39,alt2,20260909521
519,3,set47,alt2,20260909521
520,2,set1,alt2,20260909522
520,2,set2,alt1,20260909522
520,2,set7,alt1,20260909522
520,2,set8,alt1,20260909522
520,2,set10,alt1,20260909522
520,2,set13,alt1,20260909522
520,2,set36,alt2,20260909522
520,2,set38,alt2,20260909522
520,2,set40,alt2,20260909522
520,2,set44,alt1,20260909522
520,2,set45,alt2,20260909522
520,2,set46,alt1,20260909522
521,2,set1,alt2,20260909523
521,2,set2,alt1,20260909523
521,2,set7,alt1,20260909523
521,2,set8,alt1,20260909523
521,2,set10,alt1,20260909523
521,2,set13,alt1,20260909523
521,2,set36,alt2,20260909523
521,2,set38,alt2,20260909523
521,2,set40,alt2,20260909523
521,2,set44,alt1,20260909523
521,2,set45,alt2,20260909523
521,2,set46,alt1,20260909523
522,2,set1,alt2,20260909524
522,2,set2,alt1,20260909524
522,2,set7,alt1,20260909524
522,2,set8,alt1,20260909524
522,2,set10,alt1,20260909524
522,2,set13,alt1,20260909524
522,2,set36,alt2,20260909524
522,2,set38,alt2,20260909524
522,2,set40,alt2,20260909524
522,2,set44,alt1,20260909524
522,2,set45,alt2,20260909524
522,2,set46,alt1,20260909524
523,3,set3,alt2,20260909525
523,3,set4,alt1,20260909525
523,3,set12,alt1,20260909525
523,3,set22,alt1,20260909525
523,3,set24,alt1,20260909525
523,3,set25,alt2,20260909525
523,3,set28,alt2,20260909525
523,3,set29,alt1,20260909525
523,3,set30,alt1,20260909525
523,3,set31,alt2,20260909525
523,3,set39,alt1,20260909525
523,3,set47,alt1,20260909525
524,3,set3,alt1,20260909526
524,3,set4,alt2,20260909526
524,3,set12,alt1,20260909526
524,3,set22,alt1,20260909526
524,3,set24,alt1,20260909526
524,3,set25,alt1,20260909526
524,3,set28,alt1,20260909526
524,3,set29,alt1,20260909526
524,3,set30,alt2,20260909526
524,3,set31,alt2,20260909526
524,3,set39,alt2,20260909526
524,3,set47,alt2,20260909526
525,2,set1,alt2,20260909527
525,2,set2,alt1,20260909527
525,2,set7,alt2,20260909527
525,2,set8,alt1,20260909527
525,2,set10,alt2,20260909527
525,2,set13,alt1,20260909527
525,2,set36,alt2,20260909527
525,2,set38,alt1,20260909527
525,2,set40,alt2,20260909527
525,2,set44,alt2,20260909527
525,2,set45,alt2,20260909527
525,2,set46,alt2,20260909527
526,3,set3,alt2,20260909528
526,3,set4,alt1,20260909528
526,3,set12,alt1,20260909528
526,3,set22,alt2,20260909528
526,3,set24,alt1,20260909528
526,3,set25,alt2,20260909528
526,3,set28,alt2,20260909528
526,3,set29,alt1,20260909528
526,3,set30,alt2,20260909528
526,3,set31,alt1,20260909528
526,3,set39,alt1,20260909528
526,3,set47,alt2,20260909528
527,3,set3,alt2,20260909529
527,3,set4,alt1,20260909529
527,3,set12,alt1,20260909529
527,3,set22,alt2,20260909529
527,3,set24,alt1,20260909529
527,3,set25,alt2,20260909529
527,3,set28,alt2,20260909529
527,3,set29,alt1,20260909529
527,3,set30,alt2,20260909529
527,3,set31,alt1,20260909529
527,3,set39,alt1,20260909529
527,3,set47,alt2,20260909529
528,2,set1,alt2,20260909530
528,2,set2,alt1,20260909530
528,2,set7,alt1,20260909530
528,2,set8,alt1,20260909530
528,2,set10,alt2,20260909530
528,2,set13,alt1,20260909530
528,2,set36,alt2,20260909530
528,2,set38,alt2,20260909530
528,2,set40,alt2,20260909530
528,2,set44,alt2,20260909530
528,2,set45,alt2,20260909530
528,2,set46,alt2,20260909530
529,4,set14,alt1,20260909531
529,4,set15,alt2,20260909531
529,4,set16,alt2,20260909531
529,4,set17,alt2,20260909531
529,4,set20,alt1,20260909531
529,4,set21,alt1,20260909531
529,4,set23,alt1,20260909531
529,4,set26,alt1,20260909531
529,4,set27,alt1,20260909531
529,4,set32,alt1,20260909531
529,4,set34,alt2,20260909531
529,4,set43,alt2,20260909531
530,4,set14,alt1,20260909532
530,4,set15,alt1,20260909532
530,4,set16,alt1,20260909532
530,4,set17,alt1,20260909532
530,4,set20,alt1,20260909532
530,4,set21,alt1,20260909532
530,4,set23,alt1,20260909532
530,4,set26,alt1,20260909532
530,4,set27,alt1,20260909532
530,4,set32,alt1,20260909532
530,4,set34,alt2,20260909532
530,4,set43,alt1,20260909532
531,1,set5,alt2,20260909533
531,1,set6,alt1,20260909533
531,1,set9,alt2,20260909533
531,1,set11,alt2,20260909533
531,1,set18,alt2,20260909533
531,1,set19,alt2,20260909533
531,1,set33,alt1,20260909533
531,1,set35,alt2,20260909533
531,1,set37,alt1,20260909533
531,1,set41,alt1,20260909533
531,1,set42,alt2,20260909533
531,1,set48,alt2,20260909533
532,2,set1,alt2,20260909534
532,2,set2,alt1,20260909534
532,2,set7,alt1,20260909534
532,2,set8,alt1,20260909534
532,2,set10,alt1,20260909534
532,2,set13,alt1,20260909534
532,2,set36,alt2,20260909534
532,2,set38,alt2,20260909534
532,2,set40,alt2,20260909534
532,2,set44,alt1,20260909534
532,2,set45,alt2,20260909534
532,2,set46,alt1,20260909534
533,4,set14,alt1,20260909535
533,4,set15,alt2,20260909535
533,4,set16,alt2,20260909535
533,4,set17,alt2,20260909535
533,4,set20,alt1,20260909535
533,4,set21,alt1,20260909535
533,4,set23,alt1,20260909535
533,4,set26,alt1,20260909535
533,4,set27,alt1,20260909535
533,4,set32,alt1,20260909535
533,4,set34,alt2,20260909535
533,4,set43,alt2,20260909535
534,4,set14,alt1,20260909536
534,4,set15,alt2,20260909536
534,4,set16,alt1,20260909536
534,4,set17,alt2,20260909536
534,4,set20,alt1,20260909536
534,4,set21,alt1,20260909536
534,4,set23,alt1,20260909536
534,4,set26,alt1,20260909536
534,4,set27,alt1,20260909536
534,4,set32,alt1,20260909536
534,4,set34,alt1,20260909536
534,4,set43,alt1,20260909536
535,4,set14,alt2,20260909537
535,4,set15,alt2,20260909537
535,4,set16,alt1,20260909537
535,4,set17,alt1,20260909537
535,4,set20,alt1,20260909537
535,4,set21,alt1,20260909537
535,4,set23,alt1,20260909537
535,4,set26,alt1,20260909537
535,4,set27,alt2,20260909537
535,4,set32,alt1,20260909537
535,4,set34,alt2,20260909537
535,4,set43,alt1,20260909537
536,4,set14,alt2,20260909538
536,4,set15,alt2,20260909538
536,4,set16,alt1,20260909538
536,4,set17,alt1,20260909538
536,4,set20,alt1,20260909538
536,4,set21,alt1,20260909538
536,4,set23,alt1,20260909538
536,4,set26,alt1,20260909538
536,4,set27,alt2,20260909538
536,4,set32,alt1,20260909538
536,4,set34,alt2,20260909538
536,4,set43,alt1,20260909538
537,2,set1,alt2,20260909539
537,2,set2,alt1,20260909539
537,2,set7,alt1,20260909539
537,2,set8,alt1,20260909539
537,2,set10,alt1,20260909539
537,2,set13,alt1,20260909539
537,2,set36,alt2,20260909539
537,2,set38,alt2,20260909539
537,2,set40,alt2,20260909539
537,2,set44,alt1,20260909539
537,2,set45,alt2,20260909539
537,2,set46,alt1,20260909539
538,1,set5,alt1,20260909540
538,1,set6,alt1,20260909540
538,1,set9,alt1,20260909540
538,1,set11,alt2,20260909540
538,1,set18,alt1,20260909540
538,1,set19,alt1,20260909540
538,1,set33,alt2,20260909540
538,1,set35,alt2,20260909540
538,1,set37,alt1,20260909540
538,1,set41,alt1,20260909540
538,1,set42,alt2,20260909540
538,1,set48,alt2,20260909540
539,2,set1,alt2,20260909541
539,2,set2,alt1,20260909541
539,2,set7,alt2,20260909541
539,2,set8,alt1,20260909541
539,2,set10,alt2,20260909541
539,2,set13,alt1,20260909541
539,2,set36,alt2,20260909541
539,2,set38,alt1,20260909541
539,2,set40,alt2,20260909541
539,2,set44,alt2,20260909541
539,2,set45,alt2,20260909541
539,2,set46,alt2,20260909541
540,4,set14,alt1,20260909542
540,4,set15,alt2,20260909542
540,4,set16,alt2,20260909542
540,4,set17,alt2,20260909542
540,4,set20,alt1,20260909542
540,4,set21,alt1,20260909542
540,4,set23,alt1,20260909542
540,4,set26,alt1,20260909542
540,4,set27,alt1,20260909542
540,4,set32,alt1,20260909542
540,4,set34,alt2,20260909542
540,4,set43,alt2,20260909542
541,2,set1,alt2,20260909543
541,2,set2,alt1,20260909543
541,2,set7,alt1,20260909543
541,2,set8,alt1,20260909543
541,2,set10,alt1,20260909543
541,2,set13,alt1,20260909543
541,2,set36,alt2,20260909543
541,2,set38,alt2,20260909543
541,2,set40,alt2,20260909543
541,2,set44,alt1,20260909543
541,2,set45,alt2,20260909543
541,2,set46,alt1,20260909543
542,2,set1,alt2,20260909544
542,2,set2,alt1,20260909544
542,2,set7,alt1,20260909544
542,2,set8,alt1,20260909544
542,2,set10,alt2,20260909544
542,2,set13,alt1,20260909544
542,2,set36,alt2,20260909544
542,2,set38,alt2,20260909544
542,2,set40,alt2,20260909544
542,2,set44,alt1,20260909544
542,2,set45,alt2,20260909544
542,2,set46,alt1,20260909544
543,1,set5,alt2,20260909545
543,1,set6,alt1,20260909545
543,1,set9,alt2,20260909545
543,1,set11,alt2,20260909545
543,1,set18,alt2,20260909545
543,1,set19,alt2,20260909545
543,1,set33,alt1,20260909545
543,1,set35,alt2,20260909545
543,1,set37,alt1,20260909545
543,1,set41,alt1,20260909545
543,1,set42,alt2,20260909545
543,1,set48,alt2,20260909545
544,2,set1,alt2,20260909546
544,2,set2,alt1,20260909546
544,2,set7,alt1,20260909546
544,2,set8,alt1,20260909546
544,2,set10,alt1,20260909546
544,2,set13,alt1,20260909546
544,2,set36,alt2,20260909546
544,2,set38,alt2,20260909546
544,2,set40,alt2,20260909546
544,2,set44,alt1,20260909546
544,2,set45,alt2,20260909546
544,2,set46,alt1,20260909546
545,4,set14,alt1,20260909547
545,4,set15,alt2,20260909547
545,4,set16,alt2,20260909547
545,4,set17,alt2,20260909547
545,4,set20,alt1,20260909547
545,4,set21,alt1,20260909547
545,4,set23,alt1,20260909547
545,4,set26,alt1,20260909547
545,4,set27,alt1,20260909547
545,4,set32,alt1,20260909547
545,4,set34,alt2,20260909547
545,4,set43,alt2,20260909547
546,3,set3,alt1,20260909548
546,3,set4,alt2,20260909548
546,3,set12,alt1,20260909548
546,3,set22,alt1,20260909548
546,3,set24,alt1,20260909548
546,3,set25,alt1,20260909548
546,3,set28,alt1,20260909548
546,3,set29,alt1,20260909548
546,3,set30,alt2,20260909548
546,3,set31,alt2,20260909548
546,3,set39,alt2,20260909548
546,3,set47,alt2,20260909548
547,2,set1,alt2,20260909549
547,2,set2,alt1,20260909549
547,2,set7,alt2,20260909549
547,2,set8,alt1,20260909549
547,2,set10,alt2,20260909549
547,2,set13,alt1,20260909549
547,2,set36,alt2,20260909549
547,2,set38,alt1,20260909549
547,2,set40,alt2,20260909549
547,2,set44,alt2,20260909549
547,2,set45,alt2,20260909549
547,2,set46,alt2,20260909549
548,4,set14,alt1,20260909550
548,4,set15,alt2,20260909550
548,4,set16,alt2,20260909550
548,4,set17,alt2,20260909550
548,4,set20,alt1,20260909550
548,4,set21,alt1,20260909550
548,4,set23,alt1,20260909550
548,4,set26,alt1,20260909550
548,4,set27,alt1,20260909550
548,4,set32,alt1,20260909550
548,4,set34,alt2,20260909550
548,4,set43,alt2,20260909550
549,4,set14,alt1,20260909551
549,4,set15,alt2,20260909551
549,4,set16,alt1,20260909551
549,4,set17,alt2,20260909551
549,4,set20,alt1,20260909551
549,4,set21,alt1,20260909551
549,4,set23,alt1,20260909551
549,4,set26,alt1,20260909551
549,4,set27,alt1,20260909551
549,4,set32,alt1,20260909551
549,4,set34,alt1,20260909551
549,4,set43,alt1,20260909551
550,3,set3,alt2,20260909552
550,3,set4,alt2,20260909552
550,3,set12,alt1,20260909552
550,3,set22,alt2,20260909552
550,3,set24,alt1,20260909552
550,3,set25,alt1,20260909552
550,3,set28,alt1,20260909552
550,3,set29,alt1,20260909552
550,3,set30,alt2,20260909552
550,3,set31,alt2,20260909552
550,3,set39,alt2,20260909552
550,3,set47,alt2,20260909552
551,1,set5,alt2,20260909553
551,1,set6,alt1,20260909553
551,1,set9,alt2,20260909553
551,1,set11,alt2,20260909553
551,1,set18,alt2,20260909553
551,1,set19,alt2,20260909553
551,1,set33,alt1,20260909553
551,1,set35,alt2,20260909553
551,1,set37,alt1,20260909553
551,1,set41,alt1,20260909553
551,1,set42,alt2,20260909553
551,1,set48,alt2,20260909553
552,3,set3,alt1,20260909554
552,3,set4,alt2,20260909554
552,3,set12,alt1,20260909554
552,3,set22,alt1,20260909554
552,3,set24,alt1,20260909554
552,3,set25,alt1,20260909554
552,3,set28,alt1,20260909554
552,3,set29,alt1,20260909554
552,3,set30,alt2,20260909554
552,3,set31,alt2,20260909554
552,3,set39,alt2,20260909554
552,3,set47,alt2,20260909554
553,3,set3,alt2,20260909555
553,3,set4,alt1,20260909555
553,3,set12,alt1,20260909555
553,3,set22,alt2,20260909555
553,3,set24,alt1,20260909555
553,3,set25,alt2,20260909555
553,3,set28,alt2,20260909555
553,3,set29,alt1,20260909555
553,3,set30,alt2,20260909555
553,3,set31,alt1,20260909555
553,3,set39,alt1,20260909555
553,3,set47,alt2,20260909555
554,1,set5,alt2,20260909556
554,1,set6,alt2,20260909556
554,1,set9,alt2,20260909556
554,1,set11,alt2,20260909556
554,1,set18,alt2,20260909556
554,1,set19,alt2,20260909556
554,1,set33,alt1,20260909556
554,1,set35,alt2,20260909556
554,1,set37,alt1,20260909556
554,1,set41,alt2,20260909556
554,1,set42,alt2,20260909556
554,1,set48,alt2,20260909556
555,2,set1,alt2,20260909557
555,2,set2,alt1,20260909557
555,2,set7,alt1,20260909557
555,2,set8,alt1,20260909557
555,2,set10,alt1,20260909557
555,2,set13,alt1,20260909557
555,2,set36,alt2,20260909557
555,2,set38,alt2,20260909557
555,2,set40,alt2,20260909557
555,2,set44,alt1,20260909557
555,2,set45,alt2,20260909557
555,2,set46,alt1,20260909557
556,2,set1,alt2,20260909558
556,2,set2,alt1,20260909558
556,2,set7,alt1,20260909558
556,2,set8,alt1,20260909558
556,2,set10,alt2,20260909558
556,2,set13,alt1,20260909558
556,2,set36,alt2,20260909558
556,2,set38,alt2,20260909558
556,2,set40,alt2,20260909558
556,2,set44,alt2,20260909558
556,2,set45,alt2,20260909558
556,2,set46,alt2,20260909558
557,2,set1,alt2,20260909559
557,2,set2,alt1,20260909559
557,2,set7,alt1,20260909559
557,2,set8,alt1,20260909559
557,2,set10,alt2,20260909559
557,2,set13,alt1,20260909559
557,2,set36,alt2,20260909559
557,2,set38,alt2,20260909559
557,2,set40,alt2,20260909559
557,2,set44,alt1,20260909559
557,2,set45,alt2,20260909559
557,2,set46,alt1,20260909559
558,3,set3,alt2,20260909560
558,3,set4,alt1,20260909560
558,3,set12,alt1,20260909560
558,3,set22,alt2,20260909560
558,3,set24,alt1,20260909560
558,3,set25,alt2,20260909560
558,3,set28,alt2,20260909560
558,3,set29,alt1,20260909560
558,3,set30,alt2,20260909560
558,3,set31,alt1,20260909560
558,3,set39,alt1,20260909560
558,3,set47,alt2,20260909560
559,4,set14,alt1,20260909561
559,4,set15,alt2,20260909561
559,4,set16,alt2,20260909561
559,4,set17,alt2,20260909561
559,4,set20,alt1,20260909561
559,4,set21,alt1,20260909561
559,4,set23,alt1,20260909561
559,4,set26,alt1,20260909561
559,4,set27,alt1,20260909561
559,4,set32,alt1,20260909561
559,4,set34,alt2,20260909561
559,4,set43,alt2,20260909561
560,4,set14,alt1,20260909562
560,4,set15,alt2,20260909562
560,4,set16,alt2,20260909562
560,4,set17,alt2,20260909562
560,4,set20,alt1,20260909562
560,4,set21,alt1,20260909562
560,4,set23,alt1,20260909562
560,4,set26,alt1,20260909562
560,4,set27,alt1,20260909562
560,4,set32,alt1,20260909562
560,4,set34,alt2,20260909562
560,4,set43,alt2,20260909562
561,1,set5,alt1,20260909563
561,1,set6,alt2,20260909563
561,1,set9,alt1,20260909563
561,1,set11,alt2,20260909563
561,1,set18,alt2,20260909563
561,1,set19,alt2,20260909563
561,1,set33,alt1,20260909563
561,1,set35,alt2,20260909563
561,1,set37,alt1,20260909563
561,1,set41,alt1,20260909563
561,1,set42,alt1,20260909563
561,1,set48,alt2,20260909563
562,2,set1,alt2,20260909564
562,2,set2,alt1,20260909564
562,2,set7,alt1,20260909564
562,2,set8,alt1,20260909564
562,2,set10,alt1,20260909564
562,2,set13,alt1,20260909564
562,2,set36,alt2,20260909564
562,2,set38,alt2,20260909564
562,2,set40,alt2,20260909564
562,2,set44,alt1,20260909564
562,2,set45,alt2,20260909564
562,2,set46,alt1,20260909564
563,2,set1,alt2,20260909565
563,2,set2,alt1,20260909565
563,2,set7,alt2,20260909565
563,2,set8,alt1,20260909565
563,2,set10,alt2,20260909565
563,2,set13,alt1,20260909565
563,2,set36,alt2,20260909565
563,2,set38,alt1,20260909565
563,2,set40,alt2,20260909565
563,2,set44,alt2,20260909565
563,2,set45,alt2,20260909565
563,2,set46,alt2,20260909565
564,3,set3,alt1,20260909566
564,3,set4,alt2,20260909566
564,3,set12,alt1,20260909566
564,3,set22,alt1,20260909566
564,3,set24,alt1,20260909566
564,3,set25,alt1,20260909566
564,3,set28,alt1,20260909566
564,3,set29,alt1,20260909566
564,3,set30,alt2,20260909566
564,3,set31,alt2,20260909566
564,3,set39,alt2,20260909566
564,3,set47,alt2,20260909566
565,1,set5,alt2,20260909567
565,1,set6,alt1,20260909567
565,1,set9,alt2,20260909567
565,1,set11,alt2,20260909567
565,1,set18,alt2,20260909567
565,1,set19,alt2,20260909567
565,1,set33,alt1,20260909567
565,1,set35,alt2,20260909567
565,1,set37,alt1,20260909567
565,1,set41,alt1,20260909567
565,1,set42,alt2,20260909567
565,1,set48,alt2,20260909567
566,4,set14,alt1,20260909568
566,4,set15,alt2,20260909568
566,4,set16,alt1,20260909568
566,4,set17,alt2,20260909568
566,4,set20,alt1,20260909568
566,4,set21,alt1,20260909568
566,4,set23,alt1,20260909568
566,4,set26,alt1,20260909568
566,4,set27,alt1,20260909568
566,4,set32,alt1,20260909568
566,4,set34,alt1,20260909568
566,4,set43,alt1,20260909568
567,3,set3,alt2,20260909569
567,3,set4,alt2,20260909569
567,3,set12,alt1,20260909569
567,3,set22,alt2,20260909569
567,3,set24,alt1,20260909569
567,3,set25,alt1,20260909569
567,3,set28,alt1,20260909569
567,3,set29,alt1,20260909569
567,3,set30,alt2,20260909569
567,3,set31,alt2,20260909569
567,3,set39,alt2,20260909569
567,3,set47,alt2,20260909569
568,3,set3,alt1,20260909570
568,3,set4,alt2,20260909570
568,3,set12,alt1,20260909570
568,3,set22,alt1,20260909570
568,3,set24,alt1,20260909570
568,3,set25,alt1,20260909570
568,3,set28,alt1,20260909570
568,3,set29,alt1,20260909570
568,3,set30,alt2,20260909570
568,3,set31,alt2,20260909570
568,3,set39,alt2,20260909570
568,3,set47,alt2,20260909570
569,2,set1,alt2,20260909571
569,2,set2,alt1,20260909571
569,2,set7,alt1,20260909571
569,2,set8,alt1,20260909571
569,2,set10,alt1,20260909571
569,2,set13,alt1,20260909571
569,2,set36,alt2,20260909571
569,2,set38,alt2,20260909571
569,2,set40,alt2,20260909571
569,2,set44,alt1,20260909571
569,2,set45,alt2,20260909571
569,2,set46,alt1,20260909571
570,4,set14,alt2,20260909572
570,4,set15,alt2,20260909572
570,4,set16,alt1,20260909572
570,4,set17,alt1,20260909572
570,4,set20,alt1,20260909572
570,4,set21,alt1,20260909572
570,4,set23,alt1,20260909572
570,4,set26,alt1,20260909572
570,4,set27,alt2,20260909572
570,4,set32,alt1,20260909572
570,4,set34,alt2,20260909572
570,4,set43,alt1,20260909572
571,4,set14,alt1,20260909573
571,4,set15,alt2,20260909573
571,4,set16,alt2,20260909573
571,4,set17,alt2,20260909573
571,4,set20,alt1,20260909573
571,4,set21,alt1,20260909573
571,4,set23,alt1,20260909573
571,4,set26,alt1,20260909573
571,4,set27,alt1,20260909573
571,4,set32,alt1,20260909573
571,4,set34,alt2,20260909573
571,4,set43,alt2,20260909573
572,3,set3,alt2,20260909574
572,3,set4,alt2,20260909574
572,3,set12,alt1,20260909574
572,3,set22,alt2,20260909574
572,3,set24,alt1,20260909574
572,3,set25,alt1,20260909574
572,3,set28,alt1,20260909574
572,3,set29,alt1,20260909574
572,3,set30,alt2,20260909574
572,3,set31,alt2,20260909574
572,3,set39,alt2,20260909574
572,3,set47,alt2,20260909574
573,4,set14,alt2,20260909575
573,4,set15,alt2,20260909575
573,4,set16,alt1,20260909575
573,4,set17,alt1,20260909575
573,4,set20,alt1,20260909575
573,4,set21,alt1,20260909575
573,4,set23,alt1,20260909575
573,4,set26,alt1,20260909575
573,4,set27,alt2,20260909575
573,4,set32,alt1,20260909575
573,4,set34,alt2,20260909575
573,4,set43,alt1,20260909575
574,3,set3,alt2,20260909576
574,3,set4,alt1,20260909576
574,3,set12,alt1,20260909576
574,3,set22,alt2,20260909576
574,3,set24,alt1,20260909576
574,3,set25,alt2,20260909576
574,3,set28,alt2,20260909576
574,3,set29,alt1,20260909576
574,3,set30,alt2,20260909576
574,3,set31,alt1,20260909576
574,3,set39,alt1,20260909576
574,3,set47,alt2,20260909576
575,2,set1,alt2,20260909577
575,2,set2,alt1,20260909577
575,2,set7,alt1,20260909577
575,2,set8,alt1,20260909577
575,2,set10,alt1,20260909577
575,2,set13,alt1,20260909577
575,2,set36,alt2,20260909577
575,2,set38,alt2,20260909577
575,2,set40,alt2,20260909577
575,2,set44,alt1,20260909577
575,2,set45,alt2,20260909577
575,2,set46,alt1,20260909577
576,1,set5,alt2,20260909578
576,1,set6,alt2,20260909578
576,1,set9,alt2,20260909578
576,1,set11,alt2,20260909578
576,1,set18,alt1,20260909578
576,1,set19,alt2,20260909578
576,1,set33,alt1,20260909578
576,1,set35,alt2,20260909578
576,1,set37,alt1,20260909578
576,1,set41,alt1,20260909578
576,1,set42,alt2,20260909578
576,1,set48,alt2,20260909578
577,2,set1,alt2,20260909579
577,2,set2,alt1,20260909579
577,2,set7,alt1,20260909579
577,2,set8,alt1,20260909579
577,2,set10,alt1,20260909579
577,2,set13,alt1,20260909579
577,2,set36,alt2,20260909579
577,2,set38,alt2,20260909579
577,2,set40,alt2,20260909579
577,2,set44,alt1,20260909579
577,2,set45,alt2,20260909579
577,2,set46,alt1,20260909579
578,1,set5,alt2,20260909580
578,1,set6,alt1,20260909580
578,1,set9,alt2,20260909580
578,1,set11,alt2,20260909580
578,1,set18,alt2,20260909580
578,1,set19,alt2,20260909580
578,1,set33,alt1,20260909580
578,1,set35,alt2,20260909580
578,1,set37,alt1,20260909580
578,1,set41,alt1,20260909580
578,1,set42,alt2,20260909580
578,1,set48,alt2,20260909580
579,2,set1,alt2,20260909581
579,2,set2,alt1,20260909581
579,2,set7,alt1,20260909581
579,2,set8,alt1,20260909581
579,2,set10,alt1,20260909581
579,2,set13,alt1,20260909581
579,2,set36,alt2,20260909581
579,2,set38,alt2,20260909581
579,2,set40,alt2,20260909581
579,2,set44,alt1,20260909581
579,2,set45,alt2,20260909581
579,2,set46,alt1,20260909581
580,3,set3,alt2,20260909582
580,3,set4,alt1,20260909582
580,3,set12,alt1,20260909582
580,3,set22,alt2,20260909582
580,3,set24,alt1,20260909582
580,3,set25,alt2,20260909582
580,3,set28,alt2,20260909582
580,3,set29,alt1,20260909582
580,3,set30,alt2,20260909582
580,3,set31,alt1,20260909582
580,3,set39,alt1,20260909582
580,3,set47,alt2,20260909582
581,4,set14,alt1,20260909583
581,4,set15,alt1,20260909583
581,4,set16,alt1,20260909583
581,4,set17,alt1,20260909583
581,4,set20,alt1,20260909583
581,4,set21,alt1,20260909583
581,4,set23,alt1,20260909583
581,4,set26,alt1,20260909583
581,4,set27,alt1,20260909583
581,4,set32,alt1,20260909583
581,4,set34,alt2,20260909583
581,4,set43,alt1,20260909583
582,3,set3,alt2,20260909584
582,3,set4,alt1,20260909584
582,3,set12,alt1,20260909584
582,3,set22,alt2,20260909584
582,3,set24,alt1,20260909584
582,3,set25,alt2,20260909584
582,3,set28,alt2,20260909584
582,3,set29,alt1,20260909584
582,3,set30,alt2,20260909584
582,3,set31,alt1,20260909584
582,3,set39,alt1,20260909584
582,3,set47,alt2,20260909584
583,3,set3,alt1,20260909585
583,3,set4,alt2,20260909585
583,3,set12,alt1,20260909585
583,3,set22,alt1,20260909585
583,3,set24,alt1,20260909585
583,3,set25,alt1,20260909585
583,3,set28,alt1,20260909585
583,3,set29,alt1,20260909585
583,3,set30,alt2,20260909585
583,3,set31,alt2,20260909585
583,3,set39,alt2,20260909585
583,3,set47,alt2,20260909585
584,4,set14,alt1,20260909586
584,4,set15,alt1,20260909586
584,4,set16,alt1,20260909586
584,4,set17,alt1,20260909586
584,4,set20,alt1,20260909586
584,4,set21,alt1,20260909586
584,4,set23,alt1,20260909586
584,4,set26,alt1,20260909586
584,4,set27,alt1,20260909586
584,4,set32,alt1,20260909586
584,4,set34,alt2,20260909586
584,4,set43,alt1,20260909586
585,1,set5,alt2,20260909587
585,1,set6,alt1,20260909587
585,1,set9,alt2,20260909587
585,1,set11,alt2,20260909587
585,1,set18,alt2,20260909587
585,1,set19,alt2,20260909587
585,1,set33,alt1,20260909587
585,1,set35,alt2,20260909587
585,1,set37,alt1,20260909587
585,1,set41,alt1,20260909587
585,1,set42,alt2,20260909587
585,1,set48,alt2,20260909587
586,4,set14,alt1,20260909588
586,4,set15,alt2,20260909588
586,4,set16,alt2,20260909588
586,4,set17,alt2,20260909588
586,4,set20,alt1,20260909588
586,4,set21,alt1,20260909588
586,4,set23,alt1,20260909588
586,4,set26,alt1,20260909588
586,4,set27,alt1,20260909588
586,4,set32,alt1,20260909588
586,4,set34,alt2,20260909588
586,4,set43,alt2,20260909588
587,1,set5,alt2,20260909589
587,1,set6,alt1,20260909589
587,1,set9,alt2,20260909589
587,1,set11,alt2,20260909589
587,1,set18,alt2,20260909589
587,1,set19,alt2,20260909589
587,1,set33,alt1,20260909589
587,1,set35,alt2,20260909589
587,1,set37,alt1,20260909589
587,1,set41,alt1,20260909589
587,1,set42,alt2,20260909589
587,1,set48,alt2,20260909589
588,2,set1,alt2,20260909590
588,2,set2,alt1,20260909590
588,2,set7,alt1,20260909590
588,2,set8,alt1,20260909590
588,2,set10,alt1,20260909590
588,2,set13,alt1,20260909590
588,2,set36,alt2,20260909590
588,2,set38,alt2,20260909590
588,2,set40,alt2,20260909590
588,2,set44,alt1,20260909590
588,2,set45,alt2,20260909590
588,2,set46,alt1,20260909590
589,1,set5,alt2,20260909591
589,1,set6,alt2,20260909591
589,1,set9,alt2,20260909591
589,1,set11,alt2,20260909591
589,1,set18,alt2,20260909591
589,1,set19,alt2,20260909591
589,1,set33,alt1,20260909591
589,1,set35,alt2,20260909591
589,1,set37,alt1,20260909591
589,1,set41,alt2,20260909591
589,1,set42,alt2,20260909591
589,1,set48,alt2,20260909591
590,3,set3,alt1,20260909592
590,3,set4,alt2,20260909592
590,3,set12,alt1,20260909592
590,3,set22,alt1,20260909592
590,3,set24,alt1,20260909592
590,3,set25,alt1,20260909592
590,3,set28,alt1,20260909592
590,3,set29,alt1,20260909592
590,3,set30,alt2,20260909592
590,3,set31,alt2,20260909592
590,3,set39,alt2,20260909592
590,3,set47,alt2,20260909592
591,1,set5,alt2,20260909593
591,1,set6,alt2,20260909593
591,1,set9,alt2,20260909593
591,1,set11,alt2,20260909593
591,1,set18,alt2,20260909593
591,1,set19,alt2,20260909593
591,1,set33,alt1,20260909593
591,1,set35,alt2,20260909593
591,1,set37,alt1,20260909593
591,1,set41,alt2,20260909593
591,1,set42,alt2,20260909593
591,1,set48,alt2,20260909593
592,2,set1,alt2,20260909594
592,2,set2,alt1,20260909594
592,2,set7,alt1,20260909594
592,2,set8,alt1,20260909594
592,2,set10,alt1,20260909594
592,2,set13,alt1,20260909594
592,2,set36,alt2,20260909594
592,2,set38,alt2,20260909594
592,2,set40,alt2,20260909594
592,2,set44,alt1,20260909594
592,2,set45,alt2,20260909594
592,2,set46,alt1,20260909594
593,4,set14,alt1,20260909595
593,4,set15,alt1,20260909595
593,4,set16,alt1,20260909595
593,4,set17,alt1,20260909595
593,4,set20,alt1,20260909595
593,4,set21,alt1,20260909595
593,4,set23,alt1,20260909595
593,4,set26,alt1,20260909595
593,4,set27,alt1,20260909595
593,4,set32,alt1,20260909595
593,4,set34,alt2,20260909595
593,4,set43,alt1,20260909595
594,1,set5,alt2,20260909596
594,1,set6,alt1,20260909596
594,1,set9,alt2,20260909596
594,1,set11,alt2,20260909596
594,1,set18,alt2,20260909596
594,1,set19,alt2,20260909596
594,1,set33,alt1,20260909596
594,1,set35,alt2,20260909596
594,1,set37,alt1,20260909596
594,1,set41,alt1,20260909596
594,1,set42,alt2,20260909596
594,1,set48,alt2,20260909596
595,3,set3,alt2,20260909597
595,3,set4,alt1,20260909597
595,3,set12,alt1,20260909597
595,3,set22,alt1,20260909597
595,3,set24,alt1,20260909597
595,3,set25,alt2,20260909597
595,3,set28,alt2,20260909597
595,3,set29,alt1,20260909597
595,3,set30,alt1,20260909597
595,3,set31,alt2,20260909597
595,3,set39,alt1,20260909597
595,3,set47,alt1,20260909597
596,4,set14,alt1,20260909598
596,4,set15,alt1,20260909598
596,4,set16,alt1,20260909598
596,4,set17,alt1,20260909598
596,4,set20,alt1,20260909598
596,4,set21,alt1,20260909598
596,4,set23,alt1,20260909598
596,4,set26,alt1,20260909598
596,4,set27,alt1,20260909598
596,4,set32,alt1,20260909598
596,4,set34,alt2,20260909598
596,4,set43,alt1,20260909598
597,3,set3,alt1,20260909599
597,3,set4,alt2,20260909599
597,3,set12,alt1,20260909599
597,3,set22,alt1,20260909599
597,3,set24,alt1,20260909599
597,3,set25,alt1,20260909599
597,3,set28,alt1,20260909599
597,3,set29,alt1,20260909599
597,3,set30,alt2,20260909599
597,3,set31,alt2,20260909599
597,3,set39,alt2,20260909599
597,3,set47,alt2,20260909599
598,1,set5,alt2,20260909600
598,1,set6,alt1,20260909600
598,1,set9,alt2,20260909600
598,1,set11,alt2,20260909600
598,1,set18,alt2,20260909600
598,1,set19,alt2,20260909600
598,1,set33,alt1,20260909600
598,1,set35,alt2,20260909600
598,1,set37,alt1,20260909600
598,1,set41,alt1,20260909600
598,1,set42,alt2,20260909600
598,1,set48,alt2,20260909600
599,1,set5,alt2,20260909601
599,1,set6,alt2,20260909601
599,1,set9,alt2,20260909601
599,1,set11,alt2,20260909601
599,1,set18,alt2,20260909601
599,1,set19,alt2,20260909601
599,1,set33,alt1,20260909601
599,1,set35,alt2,20260909601
599,1,set37,alt1,20260909601
599,1,set41,alt2,20260909601
599,1,set42,alt2,20260909601
599,1,set48,alt2,20260909601
600,1,set5,alt2,20260909602
600,1,set6,alt1,20260909602
600,1,set9,alt2,20260909602
600,1,set11,alt2,20260909602
600,1,set18,alt2,20260909602
600,1,set19,alt2,20260909602
600,1,set33,alt1,20260909602
600,1,set35,alt2,20260909602
600,1,set37,alt1,20260909602
600,1,set41,alt1,20260909602
600,1,set42,alt2,20260909602
600,1,set48,alt2,20260909602
601,1,set5,alt2,20260909603
601,1,set6,alt2,20260909603
601,1,set9,alt2,20260909603
601,1,set11,alt2,20260909603
601,1,set18,alt1,20260909603
601,1,set19,alt2,20260909603
601,1,set33,alt1,20260909603
601,1,set35,alt2,20260909603
601,1,set37,alt1,20260909603
601,1,set41,alt1,20260909603
601,1,set42,alt2,20260909603
601,1,set48,alt2,20260909603
602,3,set3,alt1,20260909604
602,3,set4,alt2,20260909604
602,3,set12,alt1,20260909604
602,3,set22,alt1,20260909604
602,3,set24,alt1,20260909604
602,3,set25,alt1,20260909604
602,3,set28,alt1,20260909604
602,3,set29,alt1,20260909604
602,3,set30,alt2,20260909604
602,3,set31,alt2,20260909604
602,3,set39,alt2,20260909604
602,3,set47,alt2,20260909604
603,3,set3,alt1,20260909605
603,3,set4,alt2,20260909605
603,3,set12,alt1,20260909605
603,3,set22,alt1,20260909605
603,3,set24,alt1,20260909605
603,3,set25,alt1,20260909605
603,3,set28,alt1,20260909605
603,3,set29,alt1,20260909605
603,3,set30,alt2,20260909605
603,3,set31,alt2,20260909605
603,3,set39,alt2,20260909605
603,3,set47,alt2,20260909605
604,4,set14,alt1,20260909606
604,4,set15,alt2,20260909606
604,4,set16,alt2,20260909606
604,4,set17,alt2,20260909606
604,4,set20,alt1,20260909606
604,4,set21,alt1,20260909606
604,4,set23,alt1,20260909606
604,4,set26,alt1,20260909606
604,4,set27,alt1,20260909606
604,4,set32,alt1,20260909606
604,4,set34,alt2,20260909606
604,4,set43,alt2,20260909606
605,1,set5,alt2,20260909607
605,1,set6,alt2,20260909607
605,1,set9,alt2,20260909607
605,1,set11,alt2,20260909607
605,1,set18,alt2,20260909607
605,1,set19,alt2,20260909607
605,1,set33,alt1,20260909607
605,1,set35,alt2,20260909607
605,1,set37,alt1,20260909607
605,1,set41,alt2,20260909607
605,1,set42,alt2,20260909607
605,1,set48,alt2,20260909607
606,3,set3,alt1,20260909608
606,3,set4,alt2,20260909608
606,3,set12,alt1,20260909608
606,3,set22,alt1,20260909608
606,3,set24,alt1,20260909608
606,3,set25,alt1,20260909608
606,3,set28,alt1,20260909608
606,3,set29,alt1,20260909608
606,3,set30,alt2,20260909608
606,3,set31,alt2,20260909608
606,3,set39,alt2,20260909608
606,3,set47,alt2,20260909608
607,3,set3,alt2,20260909609
607,3,set4,alt2,20260909609
607,3,set12,alt1,20260909609
607,3,set22,alt2,20260909609
607,3,set24,alt1,20260909609
607,3,set25,alt1,20260909609
607,3,set28,alt1,20260909609
607,3,set29,alt1,20260909609
607,3,set30,alt2,20260909609
607,3,set31,alt2,20260909609
607,3,set39,alt2,20260909609
607,3,set47,alt2,20260909609
608,2,set1,alt2,20260909610
608,2,set2,alt1,20260909610
608,2,set7,alt1,20260909610
608,2,set8,alt1,20260909610
608,2,set10,alt1,20260909610
608,2,set13,alt1,20260909610
608,2,set36,alt2,20260909610
608,2,set38,alt2,20260909610
608,2,set40,alt2,20260909610
608,2,set44,alt1,20260909610
608,2,set45,alt2,20260909610
608,2,set46,alt1,20260909610
609,1,set5,alt2,20260909611
609,1,set6,alt2,20260909611
609,1,set9,alt2,20260909611
609,1,set11,alt2,20260909611
609,1,set18,alt2,20260909611
609,1,set19,alt1,20260909611
609,1,set33,alt1,20260909611
609,1,set35,alt2,20260909611
609,1,set37,alt1,20260909611
609,1,set41,alt2,20260909611
609,1,set42,alt2,20260909611
609,1,set48,alt2,20260909611
610,1,set5,alt2,20260909612
610,1,set6,alt2,20260909612
610,1,set9,alt2,20260909612
610,1,set11,alt2,20260909612
610,1,set18,alt2,20260909612
610,1,set19,alt2,20260909612
610,1,set33,alt1,20260909612
610,1,set35,alt2,20260909612
610,1,set37,alt1,20260909612
610,1,set41,alt2,20260909612
610,1,set42,alt2,20260909612
610,1,set48,alt2,20260909612
611,3,set3,alt1,20260909613
611,3,set4,alt2,20260909613
611,3,set12,alt1,20260909613
611,3,set22,alt1,20260909613
611,3,set24,alt1,20260909613
611,3,set25,alt1,20260909613
611,3,set28,alt1,20260909613
611,3,set29,alt1,20260909613
611,3,set30,alt2,20260909613
611,3,set31,alt2,20260909613
611,3,set39,alt2,20260909613
611,3,set47,alt2,20260909613
612,2,set1,alt2,20260909614
612,2,set2,alt1,20260909614
612,2,set7,alt2,20260909614
612,2,set8,alt1,20260909614
612,2,set10,alt2,20260909614
612,2,set13,alt1,20260909614
612,2,set36,alt2,20260909614
612,2,set38,alt1,20260909614
612,2,set40,alt2,20260909614
612,2,set44,alt2,20260909614
612,2,set45,alt2,20260909614
612,2,set46,alt2,20260909614
613,2,set1,alt2,20260909615
613,2,set2,alt1,20260909615
613,2,set7,alt1,20260909615
613,2,set8,alt1,20260909615
613,2,set10,alt1,20260909615
613,2,set13,alt1,20260909615
613,2,set36,alt2,20260909615
613,2,set38,alt2,20260909615
613,2,set40,alt2,20260909615
613,2,set44,alt1,20260909615
613,2,set45,alt2,20260909615
613,2,set46,alt1,20260909615
614,3,set3,alt1,20260909616
614,3,set4,alt2,20260909616
614,3,set12,alt1,20260909616
614,3,set22,alt1,20260909616
614,3,set24,alt1,20260909616
614,3,set25,alt1,20260909616
614,3,set28,alt1,20260909616
614,3,set29,alt1,20260909616
614,3,set30,alt2,20260909616
614,3,set31,alt2,20260909616
614,3,set39,alt2,20260909616
614,3,set47,alt2,20260909616
615,2,set1,alt2,20260909617
615,2,set2,alt1,20260909617
615,2,set7,alt1,20260909617
615,2,set8,alt1,20260909617
615,2,set10,alt2,20260909617
615,2,set13,alt1,20260909617
615,2,set36,alt2,20260909617
615,2,set38,alt2,20260909617
615,2,set40,alt2,20260909617
615,2,set44,alt1,20260909617
615,2,set45,alt2,20260909617
615,2,set46,alt1,20260909617
616,1,set5,alt1,20260909618
616,1,set6,alt1,20260909618
616,1,set9,alt1,20260909618
616,1,set11,alt2,20260909618
616,1,set18,alt1,20260909618
616,1,set19,alt1,20260909618
616,1,set33,alt2,20260909618
616,1,set35,alt2,20260909618
616,1,set37,alt1,20260909618
616,1,set41,alt1,20260909618
616,1,set42,alt2,20260909618
616,1,set48,alt2,20260909618
617,4,set14,alt1,20260909619
617,4,set15,alt2,20260909619
617,4,set16,alt2,20260909619
617,4,set17,alt2,20260909619
617,4,set20,alt1,20260909619
617,4,set21,alt1,20260909619
617,4,set23,alt1,20260909619
617,4,set26,alt1,20260909619
617,4,set27,alt1,20260909619
617,4,set32,alt1,20260909619
617,4,set34,alt2,20260909619
617,4,set43,alt2,20260909619
618,1,set5,alt2,20260909620
618,1,set6,alt2,20260909620
618,1,set9,alt2,20260909620
618,1,set11,alt2,20260909620
618,1,set18,alt2,20260909620
618,1,set19,alt2,20260909620
618,1,set33,alt1,20260909620
618,1,set35,alt2,20260909620
618,1,set37,alt1,20260909620
618,1,set41,alt2,20260909620
618,1,set42,alt2,20260909620
618,1,set48,alt2,20260909620
619,1,set5,alt2,20260909621
619,1,set6,alt2,20260909621
619,1,set9,alt2,20260909621
619,1,set11,alt2,20260909621
619,1,set18,alt2,20260909621
619,1,set19,alt2,20260909621
619,1,set33,alt1,20260909621
619,1,set35,alt2,20260909621
619,1,set37,alt1,20260909621
619,1,set41,alt2,20260909621
619,1,set42,alt2,20260909621
619,1,set48,alt2,20260909621
620,1,set5,alt2,20260909622
620,1,set6,alt2,20260909622
620,1,set9,alt2,20260909622
620,1,set11,alt2,20260909622
620,1,set18,alt2,20260909622
620,1,set19,alt2,20260909622
620,1,set33,alt1,20260909622
620,1,set35,alt2,20260909622
620,1,set37,alt1,20260909622
620,1,set41,alt2,20260909622
620,1,set42,alt2,20260909622
620,1,set48,alt2,20260909622
621,2,set1,alt2,20260909623
621,2,set2,alt1,20260909623
621,2,set7,alt1,20260909623
621,2,set8,alt1,20260909623
621,2,set10,alt2,20260909623
621,2,set13,alt1,20260909623
621,2,set36,alt2,20260909623
621,2,set38,alt2,20260909623
621,2,set40,alt2,20260909623
621,2,set44,alt1,20260909623
621,2,set45,alt2,20260909623
621,2,set46,alt1,20260909623
622,1,set5,alt2,20260909624
622,1,set6,alt2,20260909624
622,1,set9,alt2,20260909624
622,1,set11,alt2,20260909624
622,1,set18,alt2,20260909624
622,1,set19,alt2,20260909624
622,1,set33,alt1,20260909624
622,1,set35,alt2,20260909624
622,1,set37,alt1,20260909624
622,1,set41,alt2,20260909624
622,1,set42,alt2,20260909624
622,1,set48,alt2,20260909624
623,4,set14,alt2,20260909625
623,4,set15,alt2,20260909625
623,4,set16,alt1,20260909625
623,4,set17,alt1,20260909625
623,4,set20,alt1,20260909625
623,4,set21,alt1,20260909625
623,4,set23,alt1,20260909625
623,4,set26,alt1,20260909625
623,4,set27,alt2,20260909625
623,4,set32,alt1,20260909625
623,4,set34,alt2,20260909625
623,4,set43,alt1,20260909625
624,1,set5,alt2,20260909626
624,1,set6,alt1,20260909626
624,1,set9,alt2,20260909626
624,1,set11,alt2,20260909626
624,1,set18,alt2,20260909626
624,1,set19,alt2,20260909626
624,1,set33,alt1,20260909626
624,1,set35,alt2,20260909626
624,1,set37,alt1,20260909626
624,1,set41,alt1,20260909626
624,1,set42,alt2,20260909626
624,1,set48,alt2,20260909626
625,3,set3,alt1,20260909627
625,3,set4,alt2,20260909627
625,3,set12,alt1,20260909627
625,3,set22,alt1,20260909627
625,3,set24,alt1,20260909627
625,3,set25,alt1,20260909627
625,3,set28,alt1,20260909627
625,3,set29,alt1,20260909627
625,3,set30,alt2,20260909627
625,3,set31,alt2,20260909627
625,3,set39,alt2,20260909627
625,3,set47,alt2,20260909627
626,4,set14,alt1,20260909628
626,4,set15,alt1,20260909628
626,4,set16,alt1,20260909628
626,4,set17,alt1,20260909628
626,4,set20,alt1,20260909628
626,4,set21,alt1,20260909628
626,4,set23,alt1,20260909628
626,4,set26,alt1,20260909628
626,4,set27,alt1,20260909628
626,4,set32,alt1,20260909628
626,4,set34,alt2,20260909628
626,4,set43,alt1,20260909628
627,1,set5,alt2,20260909629
627,1,set6,alt2,20260909629
627,1,set9,alt2,20260909629
627,1,set11,alt2,20260909629
627,1,set18,alt2,20260909629
627,1,set19,alt2,20260909629
627,1,set33,alt1,20260909629
627,1,set35,alt2,20260909629
627,1,set37,alt1,20260909629
627,1,set41,alt2,20260909629
627,1,set42,alt2,20260909629
627,1,set48,alt2,20260909629
628,3,set3,alt1,20260909630
628,3,set4,alt2,20260909630
628,3,set12,alt1,20260909630
628,3,set22,alt1,20260909630
628,3,set24,alt1,20260909630
628,3,set25,alt1,20260909630
628,3,set28,alt1,20260909630
628,3,set29,alt1,20260909630
628,3,set30,alt2,20260909630
628,3,set31,alt2,20260909630
628,3,set39,alt2,20260909630
628,3,set47,alt2,20260909630
629,4,set14,alt1,20260909631
629,4,set15,alt2,20260909631
629,4,set16,alt2,20260909631
629,4,set17,alt2,20260909631
629,4,set20,alt1,20260909631
629,4,set21,alt1,20260909631
629,4,set23,alt1,20260909631
629,4,set26,alt1,20260909631
629,4,set27,alt1,20260909631
629,4,set32,alt1,20260909631
629,4,set34,alt2,20260909631
629,4,set43,alt2,20260909631
630,4,set14,alt1,20260909632
630,4,set15,alt1,20260909632
630,4,set16,alt1,20260909632
630,4,set17,alt1,20260909632
630,4,set20,alt1,20260909632
630,4,set21,alt1,20260909632
630,4,set23,alt1,20260909632
630,4,set26,alt1,20260909632
630,4,set27,alt1,20260909632
630,4,set32,alt1,20260909632
630,4,set34,alt2,20260909632
630,4,set43,alt1,20260909632
631,1,set5,alt1,20260909633
631,1,set6,alt1,20260909633
631,1,set9,alt1,20260909633
631,1,set11,alt2,20260909633
631,1,set18,alt1,20260909633
631,1,set19,alt1,20260909633
631,1,set33,alt2,20260909633
631,1,set35,alt2,20260909633
631,1,set37,alt1,20260909633
631,1,set41,alt1,20260909633
631,1,set42,alt2,20260909633
631,1,set48,alt2,20260909633
632,1,set5,alt2,20260909634
632,1,set6,alt1,20260909634
632,1,set9,alt2,20260909634
632,1,set11,alt2,20260909634
632,1,set18,alt2,20260909634
632,1,set19,alt2,20260909634
632,1,set33,alt1,20260909634
632,1,set35,alt2,20260909634
632,1,set37,alt1,20260909634
632,1,set41,alt1,20260909634
632,1,set42,alt2,20260909634
632,1,set48,alt2,20260909634
633,4,set14,alt1,20260909635
633,4,set15,alt1,20260909635
633,4,set16,alt1,20260909635
633,4,set17,alt1,20260909635
633,4,set20,alt1,20260909635
633,4,set21,alt1,20260909635
633,4,set23,alt1,20260909635
633,4,set26,alt1,20260909635
633,4,set27,alt1,20260909635
633,4,set32,alt1,20260909635
633,4,set34,alt2,20260909635
633,4,set43,alt1,20260909635
634,4,set14,alt1,20260909636
634,4,set15,alt2,20260909636
634,4,set16,alt1,20260909636
634,4,set17,alt2,20260909636
634,4,set20,alt1,20260909636
634,4,set21,alt1,20260909636
634,4,set23,alt1,20260909636
634,4,set26,alt1,20260909636
634,4,set27,alt1,20260909636
634,4,set32,alt1,20260909636
634,4,set34,alt1,20260909636
634,4,set43,alt1,20260909636
635,4,set14,alt2,20260909637
635,4,set15,alt2,20260909637
635,4,set16,alt1,20260909637
635,4,set17,alt1,20260909637
635,4,set20,alt1,20260909637
635,4,set21,alt1,20260909637
635,4,set23,alt1,20260909637
635,4,set26,alt1,20260909637
635,4,set27,alt2,20260909637
635,4,set32,alt1,20260909637
635,4,set34,alt2,20260909637
635,4,set43,alt1,20260909637
636,2,set1,alt2,20260909638
636,2,set2,alt1,20260909638
636,2,set7,alt1,20260909638
636,2,set8,alt1,20260909638
636,2,set10,alt1,20260909638
636,2,set13,alt1,20260909638
636,2,set36,alt2,20260909638
636,2,set38,alt2,20260909638
636,2,set40,alt2,20260909638
636,2,set44,alt1,20260909638
636,2,set45,alt2,20260909638
636,2,set46,alt1,20260909638
637,1,set5,alt1,20260909639
637,1,set6,alt1,20260909639
637,1,set9,alt1,20260909639
637,1,set11,alt2,20260909639
637,1,set18,alt1,20260909639
637,1,set19,alt1,20260909639
637,1,set33,alt2,20260909639
637,1,set35,alt2,20260909639
637,1,set37,alt1,20260909639
637,1,set41,alt1,20260909639
637,1,set42,alt2,20260909639
637,1,set48,alt2,20260909639
638,4,set14,alt2,20260909640
638,4,set15,alt2,20260909640
638,4,set16,alt1,20260909640
638,4,set17,alt1,20260909640
638,4,set20,alt1,20260909640
638,4,set21,alt1,20260909640
638,4,set23,alt1,20260909640
638,4,set26,alt1,20260909640
638,4,set27,alt2,20260909640
638,4,set32,alt1,20260909640
638,4,set34,alt2,20260909640
638,4,set43,alt1,20260909640
639,2,set1,alt2,20260909641
639,2,set2,alt1,20260909641
639,2,set7,alt1,20260909641
639,2,set8,alt1,20260909641
639,2,set10,alt1,20260909641
639,2,set13,alt1,20260909641
639,2,set36,alt2,20260909641
639,2,set38,alt2,20260909641
639,2,set40,alt2,20260909641
639,2,set44,alt1,20260909641
639,2,set45,alt2,20260909641
639,2,set46,alt1,20260909641
640,3,set3,alt1,20260909642
640,3,set4,alt2,20260909642
640,3,set12,alt1,20260909642
640,3,set22,alt1,20260909642
640,3,set24,alt1,20260909642
640,3,set25,alt1,20260909642
640,3,set28,alt1,20260909642
640,3,set29,alt1,20260909642
640,3,set30,alt2,20260909642
640,3,set31,alt2,20260909642
640,3,set39,alt2,20260909642
640,3,set47,alt2,20260909642
641,3,set3,alt1,20260909643
641,3,set4,alt2,20260909643
641,3,set12,alt1,20260909643
641,3,set22,alt1,20260909643
641,3,set24,alt1,20260909643
641,3,set25,alt1,20260909643
641,3,set28,alt1,20260909643
641,3,set29,alt1,20260909643
641,3,set30,alt2,20260909643
641,3,set31,alt2,20260909643
641,3,set39,alt2,20260909643
641,3,set47,alt2,20260909643
642,2,set1,alt2,20260909644
642,2,set2,alt1,20260909644
642,2,set7,alt1,20260909644
642,2,set8,alt1,20260909644
642,2,set10,alt2,20260909644
642,2,set13,alt1,20260909644
642,2,set36,alt2,20260909644
642,2,set38,alt2,20260909644
642,2,set40,alt2,20260909644
642,2,set44,alt1,20260909644
642,2,set45,alt2,20260909644
642,2,set46,alt1,20260909644
643,2,set1,alt2,20260909645
643,2,set2,alt1,20260909645
643,2,set7,alt1,20260909645
643,2,set8,alt1,20260909645
643,2,set10,alt2,20260909645
643,2,set13,alt1,20260909645
643,2,set36,alt2,20260909645
643,2,set38,alt2,20260909645
643,2,set40,alt2,20260909645
643,2,set44,alt1,20260909645
643,2,set45,alt2,20260909645
643,2,set46,alt1,20260909645
644,1,set5,alt2,20260909646
644,1,set6,alt2,20260909646
644,1,set9,alt2,20260909646
644,1,set11,alt2,20260909646
644,1,set18,alt2,20260909646
644,1,set19,alt2,20260909646
644,1,set33,alt1,20260909646
644,1,set35,alt2,20260909646
644,1,set37,alt1,20260909646
644,1,set41,alt2,20260909646
644,1,set42,alt2,20260909646
644,1,set48,alt2,20260909646
645,2,set1,alt2,20260909647
645,2,set2,alt1,20260909647
645,2,set7,alt1,20260909647
645,2,set8,alt1,20260909647
645,2,set10,alt1,20260909647
645,2,set13,alt1,20260909647
645,2,set36,alt2,20260909647
645,2,set38,alt2,20260909647
645,2,set40,alt2,20260909647
645,2,set44,alt1,20260909647
645,2,set45,alt2,20260909647
645,2,set46,alt1,20260909647
646,4,set14,alt1,20260909648
646,4,set15,alt2,20260909648
646,4,set16,alt2,20260909648
646,4,set17,alt2,20260909648
646,4,set20,alt1,20260909648
646,4,set21,alt1,20260909648
646,4,set23,alt1,20260909648
646,4,set26,alt1,20260909648
646,4,set27,alt1,20260909648
646,4,set32,alt1,20260909648
646,4,set34,alt2,20260909648
646,4,set43,alt2,20260909648
647,2,set1,alt2,20260909649
647,2,set2,alt1,20260909649
647,2,set7,alt2,20260909649
647,2,set8,alt1,20260909649
647,2,set10,alt2,20260909649
647,2,set13,alt1,20260909649
647,2,set36,alt2,20260909649
647,2,set38,alt1,20260909649
647,2,set40,alt2,20260909649
647,2,set44,alt2,20260909649
647,2,set45,alt2,20260909649
647,2,set46,alt2,20260909649
648,4,set14,alt1,20260909650
648,4,set15,alt1,20260909650
648,4,set16,alt1,20260909650
648,4,set17,alt1,20260909650
648,4,set20,alt1,20260909650
648,4,set21,alt1,20260909650
648,4,set23,alt1,20260909650
648,4,set26,alt1,20260909650
648,4,set27,alt1,20260909650
648,4,set32,alt1,20260909650
648,4,set34,alt2,20260909650
648,4,set43,alt1,20260909650
649,3,set3,alt2,20260909651
649,3,set4,alt2,20260909651
649,3,set12,alt1,20260909651
649,3,set22,alt2,20260909651
649,3,set24,alt1,20260909651
649,3,set25,alt1,20260909651
649,3,set28,alt1,20260909651
649,3,set29,alt1,20260909651
649,3,set30,alt2,20260909651
649,3,set31,alt2,20260909651
649,3,set39,alt2,20260909651
649,3,set47,alt2,20260909651
650,4,set14,alt1,20260909652
650,4,set15,alt2,20260909652
650,4,set16,alt2,20260909652
650,4,set17,alt2,20260909652
650,4,set20,alt1,20260909652
650,4,set21,alt1,20260909652
650,4,set23,alt1,20260909652
650,4,set26,alt1,20260909652
650,4,set27,alt1,20260909652
650,4,set32,alt1,20260909652
650,4,set34,alt2,20260909652
650,4,set43,alt2,20260909652
651,2,set1,alt2,20260909653
651,2,set2,alt1,20260909653
651,2,set7,alt1,20260909653
651,2,set8,alt1,20260909653
651,2,set10,alt1,20260909653
651,2,set13,alt1,20260909653
651,2,set36,alt2,20260909653
651,2,set38,alt2,20260909653
651,2,set40,alt2,20260909653
651,2,set44,alt1,20260909653
651,2,set45,alt2,20260909653
651,2,set46,alt1,20260909653
652,1,set5,alt2,20260909654
652,1,set6,alt2,20260909654
652,1,set9,alt2,20260909654
652,1,set11,alt2,20260909654
652,1,set18,alt1,20260909654
652,1,set19,alt2,20260909654
652,1,set33,alt1,20260909654
652,1,set35,alt2,20260909654
652,1,set37,alt1,20260909654
652,1,set41,alt1,20260909654
652,1,set42,alt2,20260909654
652,1,set48,alt2,20260909654
653,4,set14,alt1,20260909655
653,4,set15,alt2,20260909655
653,4,set16,alt1,20260909655
653,4,set17,alt2,20260909655
653,4,set20,alt1,20260909655
653,4,set21,alt1,20260909655
653,4,set23,alt1,20260909655
653,4,set26,alt1,20260909655
653,4,set27,alt1,20260909655
653,4,set32,alt1,20260909655
653,4,set34,alt1,20260909655
653,4,set43,alt1,20260909655
654,4,set14,alt1,20260909656
654,4,set15,alt2,20260909656
654,4,set16,alt2,20260909656
654,4,set17,alt2,20260909656
654,4,set20,alt1,20260909656
654,4,set21,alt1,20260909656
654,4,set23,alt1,20260909656
654,4,set26,alt1,20260909656
654,4,set27,alt1,20260909656
654,4,set32,alt1,20260909656
654,4,set34,alt2,20260909656
654,4,set43,alt2,20260909656
655,1,set5,alt2,20260909657
655,1,set6,alt2,20260909657
655,1,set9,alt2,20260909657
655,1,set11,alt2,20260909657
655,1,set18,alt2,20260909657
655,1,set19,alt2,20260909657
655,1,set33,alt1,20260909657
655,1,set35,alt2,20260909657
655,1,set37,alt1,20260909657
655,1,set41,alt2,20260909657
655,1,set42,alt2,20260909657
655,1,set48,alt2,20260909657
656,1,set5,alt2,20260909658
656,1,set6,alt1,20260909658
656,1,set9,alt2,20260909658
656,1,set11,alt2,20260909658
656,1,set18,alt2,20260909658
656,1,set19,alt2,20260909658
656,1,set33,alt1,20260909658
656,1,set35,alt2,20260909658
656,1,set37,alt1,20260909658
656,1,set41,alt1,20260909658
656,1,set42,alt2,20260909658
656,1,set48,alt2,20260909658
657,3,set3,alt1,20260909659
657,3,set4,alt2,20260909659
657,3,set12,alt1,20260909659
657,3,set22,alt1,20260909659
657,3,set24,alt1,20260909659
657,3,set25,alt1,20260909659
657,3,set28,alt1,20260909659
657,3,set29,alt1,20260909659
657,3,set30,alt2,20260909659
657,3,set31,alt2,20260909659
657,3,set39,alt2,20260909659
657,3,set47,alt2,20260909659
658,4,set14,alt1,20260909660
658,4,set15,alt2,20260909660
658,4,set16,alt2,20260909660
658,4,set17,alt2,20260909660
658,4,set20,alt1,20260909660
658,4,set21,alt1,20260909660
658,4,set23,alt1,20260909660
658,4,set26,alt1,20260909660
658,4,set27,alt1,20260909660
658,4,set32,alt1,20260909660
658,4,set34,alt2,20260909660
658,4,set43,alt2,20260909660
659,1,set5,alt2,20260909661
659,1,set6,alt1,20260909661
659,1,set9,alt2,20260909661
659,1,set11,alt2,20260909661
659,1,set18,alt2,20260909661
659,1,set19,alt2,20260909661
659,1,set33,alt1,20260909661
659,1,set35,alt2,20260909661
659,1,set37,alt1,20260909661
659,1,set41,alt1,20260909661
659,1,set42,alt2,20260909661
659,1,set48,alt2,20260909661
660,4,set14,alt2,20260909662
660,4,set15,alt2,20260909662
660,4,set16,alt1,20260909662
660,4,set17,alt1,20260909662
660,4,set20,alt1,20260909662
660,4,set21,alt1,20260909662
660,4,set23,alt1,20260909662
660,4,set26,alt1,20260909662
660,4,set27,alt2,20260909662
660,4,set32,alt1,20260909662
660,4,set34,alt2,20260909662
660,4,set43,alt1,20260909662
661,2,set1,alt2,20260909663
661,2,set2,alt1,20260909663
661,2,set7,alt1,20260909663
661,2,set8,alt1,20260909663
661,2,set10,alt1,20260909663
661,2,set13,alt1,20260909663
661,2,set36,alt2,20260909663
661,2,set38,alt2,20260909663
661,2,set40,alt2,20260909663
661,2,set44,alt1,20260909663
661,2,set45,alt2,20260909663
661,2,set46,alt1,20260909663
662,4,set14,alt1,20260909664
662,4,set15,alt2,20260909664
662,4,set16,alt2,20260909664
662,4,set17,alt2,20260909664
662,4,set20,alt1,20260909664
662,4,set21,alt1,20260909664
662,4,set23,alt1,20260909664
662,4,set26,alt1,20260909664
662,4,set27,alt1,20260909664
662,4,set32,alt1,20260909664
662,4,set34,alt2,20260909664
662,4,set43,alt2,20260909664
663,1,set5,alt2,20260909665
663,1,set6,alt2,20260909665
663,1,set9,alt2,20260909665
663,1,set11,alt2,20260909665
663,1,set18,alt2,20260909665
663,1,set19,alt2,20260909665
663,1,set33,alt1,20260909665
663,1,set35,alt2,20260909665
663,1,set37,alt1,20260909665
663,1,set41,alt2,20260909665
663,1,set42,alt2,20260909665
663,1,set48,alt2,20260909665
664,2,set1,alt2,20260909666
664,2,set2,alt1,20260909666
664,2,set7,alt1,20260909666
664,2,set8,alt1,20260909666
664,2,set10,alt1,20260909666
664,2,set13,alt1,20260909666
664,2,set36,alt2,20260909666
664,2,set38,alt2,20260909666
664,2,set40,alt2,20260909666
664,2,set44,alt1,20260909666
664,2,set45,alt2,20260909666
664,2,set46,alt1,20260909666
665,1,set5,alt2,20260909667
665,1,set6,alt2,20260909667
665,1,set9,alt2,20260909667
665,1,set11,alt2,20260909667
665,1,set18,alt1,20260909667
665,1,set19,alt2,20260909667
665,1,set33,alt1,20260909667
665,1,set35,alt2,20260909667
665,1,set37,alt1,20260909667
665,1,set41,alt1,20260909667
665,1,set42,alt2,20260909667
665,1,set48,alt2,20260909667
666,3,set3,alt2,20260909668
666,3,set4,alt1,20260909668
666,3,set12,alt1,20260909668
666,3,set22,alt1,20260909668
666,3,set24,alt1,20260909668
666,3,set25,alt2,20260909668
666,3,set28,alt2,20260909668
666,3,set29,alt1,20260909668
666,3,set30,alt1,20260909668
666,3,set31,alt2,20260909668
666,3,set39,alt1,20260909668
666,3,set47,alt1,20260909668
667,2,set1,alt2,20260909669
667,2,set2,alt1,20260909669
667,2,set7,alt1,20260909669
667,2,set8,alt1,20260909669
667,2,set10,alt2,20260909669
667,2,set13,alt1,20260909669
667,2,set36,alt2,20260909669
667,2,set38,alt2,20260909669
667,2,set40,alt2,20260909669
667,2,set44,alt1,20260909669
667,2,set45,alt2,20260909669
667,2,set46,alt1,20260909669
668,1,set5,alt2,20260909670
668,1,set6,alt2,20260909670
668,1,set9,alt2,20260909670
668,1,set11,alt2,20260909670
668,1,set18,alt2,20260909670
668,1,set19,alt2,20260909670
668,1,set33,alt1,20260909670
668,1,set35,alt2,20260909670
668,1,set37,alt1,20260909670
668,1,set41,alt2,20260909670
668,1,set42,alt2,20260909670
668,1,set48,alt2,20260909670
669,1,set5,alt2,20260909671
669,1,set6,alt2,20260909671
669,1,set9,alt2,20260909671
669,1,set11,alt2,20260909671
669,1,set18,alt2,20260909671
669,1,set19,alt2,20260909671
669,1,set33,alt1,20260909671
669,1,set35,alt2,20260909671
669,1,set37,alt1,20260909671
669,1,set41,alt2,20260909671
669,1,set42,alt2,20260909671
669,1,set48,alt2,20260909671
670,4,set14,alt1,20260909672
670,4,set15,alt1,20260909672
670,4,set16,alt1,20260909672
670,4,set17,alt1,20260909672
670,4,set20,alt1,20260909672
670,4,set21,alt1,20260909672
670,4,set23,alt1,20260909672
670,4,set26,alt1,20260909672
670,4,set27,alt1,20260909672
670,4,set32,alt1,20260909672
670,4,set34,alt2,20260909672
670,4,set43,alt1,20260909672
671,4,set14,alt1,20260909673
671,4,set15,alt2,20260909673
671,4,set16,alt2,20260909673
671,4,set17,alt2,20260909673
671,4,set20,alt1,20260909673
671,4,set21,alt1,20260909673
671,4,set23,alt1,20260909673
671,4,set26,alt1,20260909673
671,4,set27,alt1,20260909673
671,4,set32,alt1,20260909673
671,4,set34,alt2,20260909673
671,4,set43,alt2,20260909673
672,3,set3,alt1,20260909674
672,3,set4,alt2,20260909674
672,3,set12,alt1,20260909674
672,3,set22,alt1,20260909674
672,3,set24,alt1,20260909674
672,3,set25,alt1,20260909674
672,3,set28,alt1,20260909674
672,3,set29,alt1,20260909674
672,3,set30,alt2,20260909674
672,3,set31,alt2,20260909674
672,3,set39,alt2,20260909674
672,3,set47,alt2,20260909674
673,1,set5,alt2,20260909675
673,1,set6,alt2,20260909675
673,1,set9,alt2,20260909675
673,1,set11,alt2,20260909675
673,1,set18,alt2,20260909675
673,1,set19,alt2,20260909675
673,1,set33,alt1,20260909675
673,1,set35,alt2,20260909675
673,1,set37,alt1,20260909675
673,1,set41,alt2,20260909675
673,1,set42,alt2,20260909675
673,1,set48,alt2,20260909675
674,4,set14,alt1,20260909676
674,4,set15,alt2,20260909676
674,4,set16,alt2,20260909676
674,4,set17,alt2,20260909676
674,4,set20,alt1,20260909676
674,4,set21,alt1,20260909676
674,4,set23,alt1,20260909676
674,4,set26,alt1,20260909676
674,4,set27,alt1,20260909676
674,4,set32,alt1,20260909676
674,4,set34,alt2,20260909676
674,4,set43,alt2,20260909676
675,2,set1,alt2,20260909677
675,2,set2,alt1,20260909677
675,2,set7,alt1,20260909677
675,2,set8,alt1,20260909677
675,2,set10,alt1,20260909677
675,2,set13,alt1,20260909677
675,2,set36,alt2,20260909677
675,2,set38,alt2,20260909677
675,2,set40,alt2,20260909677
675,2,set44,alt1,20260909677
675,2,set45,alt2,20260909677
675,2,set46,alt1,20260909677
676,1,set5,alt2,20260909678
676,1,set6,alt2,20260909678
676,1,set9,alt2,20260909678
676,1,set11,alt2,20260909678
676,1,set18,alt1,20260909678
676,1,set19,alt2,20260909678
676,1,set33,alt1,20260909678
676,1,set35,alt2,20260909678
676,1,set37,alt1,20260909678
676,1,set41,alt1,20260909678
676,1,set42,alt2,20260909678
676,1,set48,alt2,20260909678
677,3,set3,alt1,20260909679
677,3,set4,alt2,20260909679
677,3,set12,alt1,20260909679
677,3,set22,alt1,20260909679
677,3,set24,alt1,20260909679
677,3,set25,alt1,20260909679
677,3,set28,alt1,20260909679
677,3,set29,alt1,20260909679
677,3,set30,alt2,20260909679
677,3,set31,alt2,20260909679
677,3,set39,alt2,20260909679
677,3,set47,alt2,20260909679
678,4,set14,alt1,20260909680
678,4,set15,alt2,20260909680
678,4,set16,alt2,20260909680
678,4,set17,alt2,20260909680
678,4,set20,alt1,20260909680
678,4,set21,alt1,20260909680
678,4,set23,alt1,20260909680
678,4,set26,alt1,20260909680
678,4,set27,alt1,20260909680
678,4,set32,alt1,20260909680
678,4,set34,alt2,20260909680
678,4,set43,alt2,20260909680
679,2,set1,alt2,20260909681
679,2,set2,alt1,20260909681
679,2,set7,alt1,20260909681
679,2,set8,alt1,20260909681
679,2,set10,alt2,20260909681
679,2,set13,alt1,20260909681
679,2,set36,alt2,20260909681
679,2,set38,alt2,20260909681
679,2,set40,alt2,20260909681
679,2,set44,alt1,20260909681
679,2,set45,alt2,20260909681
679,2,set46,alt1,20260909681
680,2,set1,alt2,20260909682
680,2,set2,alt1,20260909682
680,2,set7,alt1,20260909682
680,2,set8,alt1,20260909682
680,2,set10,alt1,20260909682
680,2,set13,alt1,20260909682
680,2,set36,alt2,20260909682
680,2,set38,alt2,20260909682
680,2,set40,alt2,20260909682
680,2,set44,alt1,20260909682
680,2,set45,alt2,20260909682
680,2,set46,alt1,20260909682
681,3,set3,alt2,20260909683
681,3,set4,alt1,20260909683
681,3,set12,alt1,20260909683
681,3,set22,alt2,20260909683
681,3,set24,alt1,20260909683
681,3,set25,alt2,20260909683
681,3,set28,alt2,20260909683
681,3,set29,alt1,20260909683
681,3,set30,alt2,20260909683
681,3,set31,alt1,20260909683
681,3,set39,alt1,20260909683
681,3,set47,alt2,20260909683
682,1,set5,alt2,20260909684
682,1,set6,alt1,20260909684
682,1,set9,alt2,20260909684
682,1,set11,alt2,20260909684
682,1,set18,alt2,20260909684
682,1,set19,alt2,20260909684
682,1,set33,alt1,20260909684
682,1,set35,alt2,20260909684
682,1,set37,alt1,20260909684
682,1,set41,alt1,20260909684
682,1,set42,alt2,20260909684
682,1,set48,alt2,20260909684
683,1,set5,alt2,20260909685
683,1,set6,alt1,20260909685
683,1,set9,alt2,20260909685
683,1,set11,alt2,20260909685
683,1,set18,alt2,20260909685
683,1,set19,alt2,20260909685
683,1,set33,alt1,20260909685
683,1,set35,alt2,20260909685
683,1,set37,alt1,20260909685
683,1,set41,alt1,20260909685
683,1,set42,alt2,20260909685
683,1,set48,alt2,20260909685
684,4,set14,alt2,20260909686
684,4,set15,alt2,20260909686
684,4,set16,alt1,20260909686
684,4,set17,alt1,20260909686
684,4,set20,alt1,20260909686
684,4,set21,alt2,20260909686
684,4,set23,alt1,20260909686
684,4,set26,alt1,20260909686
684,4,set27,alt2,20260909686
684,4,set32,alt1,20260909686
684,4,set34,alt2,20260909686
684,4,set43,alt2,20260909686
685,4,set14,alt1,20260909687
685,4,set15,alt2,20260909687
685,4,set16,alt2,20260909687
685,4,set17,alt2,20260909687
685,4,set20,alt1,20260909687
685,4,set21,alt1,20260909687
685,4,set23,alt1,20260909687
685,4,set26,alt1,20260909687
685,4,set27,alt1,20260909687
685,4,set32,alt1,20260909687
685,4,set34,alt2,20260909687
685,4,set43,alt2,20260909687
686,4,set14,alt1,20260909688
686,4,set15,alt2,20260909688
686,4,set16,alt2,20260909688
686,4,set17,alt2,20260909688
686,4,set20,alt1,20260909688
686,4,set21,alt1,20260909688
686,4,set23,alt1,20260909688
686,4,set26,alt1,20260909688
686,4,set27,alt1,20260909688
686,4,set32,alt1,20260909688
686,4,set34,alt2,20260909688
686,4,set43,alt2,20260909688
687,1,set5,alt1,20260909689
687,1,set6,alt1,20260909689
687,1,set9,alt1,20260909689
687,1,set11,alt2,20260909689
687,1,set18,alt1,20260909689
687,1,set19,alt1,20260909689
687,1,set33,alt2,20260909689
687,1,set35,alt2,20260909689
687,1,set37,alt1,20260909689
687,1,set41,alt1,20260909689
687,1,set42,alt2,20260909689
687,1,set48,alt2,20260909689
688,1,set5,alt2,20260909690
688,1,set6,alt1,20260909690
688,1,set9,alt2,20260909690
688,1,set11,alt2,20260909690
688,1,set18,alt2,20260909690
688,1,set19,alt2,20260909690
688,1,set33,alt1,20260909690
688,1,set35,alt2,20260909690
688,1,set37,alt1,20260909690
688,1,set41,alt1,20260909690
688,1,set42,alt2,20260909690
688,1,set48,alt2,20260909690
689,4,set14,alt2,20260909691
689,4,set15,alt2,20260909691
689,4,set16,alt1,20260909691
689,4,set17,alt1,20260909691
689,4,set20,alt1,20260909691
689,4,set21,alt1,20260909691
689,4,set23,alt1,20260909691
689,4,set26,alt1,20260909691
689,4,set27,alt2,20260909691
689,4,set32,alt1,20260909691
689,4,set34,alt2,20260909691
689,4,set43,alt1,20260909691
690,3,set3,alt2,20260909692
690,3,set4,alt1,20260909692
690,3,set12,alt1,20260909692
690,3,set22,alt2,20260909692
690,3,set24,alt1,20260909692
690,3,set25,alt2,20260909692
690,3,set28,alt2,20260909692
690,3,set29,alt1,20260909692
690,3,set30,alt2,20260909692
690,3,set31,alt1,20260909692
690,3,set39,alt1,20260909692
690,3,set47,alt2,20260909692
691,1,set5,alt1,20260909693
691,1,set6,alt1,20260909693
691,1,set9,alt1,20260909693
691,1,set11,alt2,20260909693
691,1,set18,alt1,20260909693
691,1,set19,alt1,20260909693
691,1,set33,alt2,20260909693
691,1,set35,alt2,20260909693
691,1,set37,alt1,20260909693
691,1,set41,alt1,20260909693
691,1,set42,alt2,20260909693
691,1,set48,alt2,20260909693
692,3,set3,alt1,20260909694
692,3,set4,alt2,20260909694
692,3,set12,alt1,20260909694
692,3,set22,alt1,20260909694
692,3,set24,alt1,20260909694
692,3,set25,alt1,20260909694
692,3,set28,alt1,20260909694
692,3,set29,alt1,20260909694
692,3,set30,alt2,20260909694
692,3,set31,alt2,20260909694
692,3,set39,alt2,20260909694
692,3,set47,alt2,20260909694
693,4,set14,alt1,20260909695
693,4,set15,alt2,20260909695
693,4,set16,alt2,20260909695
693,4,set17,alt2,20260909695
693,4,set20,alt1,20260909695
693,4,set21,alt1,20260909695
693,4,set23,alt1,20260909695
693,4,set26,alt1,20260909695
693,4,set27,alt1,20260909695
693,4,set32,alt1,20260909695
693,4,set34,alt2,20260909695
693,4,set43,alt2,20260909695
694,1,set5,alt2,20260909696
694,1,set6,alt1,20260909696
694,1,set9,alt2,20260909696
694,1,set11,alt2,20260909696
694,1,set18,alt2,20260909696
694,1,set19,alt2,20260909696
694,1,set33,alt1,20260909696
694,1,set35,alt2,20260909696
694,1,set37,alt1,20260909696
694,1,set41,alt1,20260909696
694,1,set42,alt2,20260909696
694,1,set48,alt2,20260909696
695,4,set14,alt1,20260909697
695,4,set15,alt2,20260909697
695,4,set16,alt2,20260909697
695,4,set17,alt2,20260909697
695,4,set20,alt1,20260909697
695,4,set21,alt1,20260909697
695,4,set23,alt1,20260909697
695,4,set26,alt1,20260909697
695,4,set27,alt1,20260909697
695,4,set32,alt1,20260909697
695,4,set34,alt2,20260909697
695,4,set43,alt2,20260909697
696,2,set1,alt2,20260909698
696,2,set2,alt1,20260909698
696,2,set7,alt1,20260909698
696,2,set8,alt1,20260909698
696,2,set10,alt2,20260909698
696,2,set13,alt1,20260909698
696,2,set36,alt2,20260909698
696,2,set38,alt2,20260909698
696,2,set40,alt2,20260909698
696,2,set44,alt1,20260909698
696,2,set45,alt2,20260909698
696,2,set46,alt1,20260909698
697,4,set14,alt2,20260909699
697,4,set15,alt2,20260909699
697,4,set16,alt1,20260909699
697,4,set17,alt1,20260909699
697,4,set20,alt1,20260909699
697,4,set21,alt1,20260909699
697,4,set23,alt1,20260909699
697,4,set26,alt1,20260909699
697,4,set27,alt2,20260909699
697,4,set32,alt1,20260909699
697,4,set34,alt2,20260909699
697,4,set43,alt1,20260909699
698,3,set3,alt1,20260909700
698,3,set4,alt2,20260909700
698,3,set12,alt1,20260909700
698,3,set22,alt1,20260909700
698,3,set24,alt1,20260909700
698,3,set25,alt1,20260909700
698,3,set28,alt1,20260909700
698,3,set29,alt1,20260909700
698,3,set30,alt2,20260909700
698,3,set31,alt2,20260909700
698,3,set39,alt2,20260909700
698,3,set47,alt2,20260909700
699,4,set14,alt1,20260909701
699,4,set15,alt2,20260909701
699,4,set16,alt2,20260909701
699,4,set17,alt2,20260909701
699,4,set20,alt1,20260909701
699,4,set21,alt1,20260909701
699,4,set23,alt1,20260909701
699,4,set26,alt1,20260909701
699,4,set27,alt1,20260909701
699,4,set32,alt1,20260909701
699,4,set34,alt2,20260909701
699,4,set43,alt2,20260909701
700,3,set3,alt1,20260909702
700,3,set4,alt2,20260909702
700,3,set12,alt1,20260909702
700,3,set22,alt1,20260909702
700,3,set24,alt1,20260909702
700,3,set25,alt1,20260909702
700,3,set28,alt1,20260909702
700,3,set29,alt1,20260909702
700,3,set30,alt2,20260909702
700,3,set31,alt2,20260909702
700,3,set39,alt2,20260909702
700,3,set47,alt2,20260909702
701,4,set14,alt1,20260909703
701,4,set15,alt2,20260909703
701,4,set16,alt1,20260909703
701,4,set17,alt2,20260909703
701,4,set20,alt1,20260909703
701,4,set21,alt1,20260909703
701,4,set23,alt1,20260909703
701,4,set26,alt1,20260909703
701,4,set27,alt1,20260909703
701,4,set32,alt1,20260909703
701,4,set34,alt1,20260909703
701,4,set43,alt1,20260909703
702,4,set14,alt1,20260909704
702,4,set15,alt2,20260909704
702,4,set16,alt2,20260909704
702,4,set17,alt2,20260909704
702,4,set20,alt1,20260909704
702,4,set21,alt1,20260909704
702,4,set23,alt1,20260909704
702,4,set26,alt1,20260909704
702,4,set27,alt1,20260909704
702,4,set32,alt1,20260909704
702,4,set34,alt2,20260909704
702,4,set43,alt2,20260909704
703,4,set14,alt1,20260909705
703,4,set15,alt1,20260909705
703,4,set16,alt1,20260909705
703,4,set17,alt1,20260909705
703,4,set20,alt1,20260909705
703,4,set21,alt1,20260909705
703,4,set23,alt1,20260909705
703,4,set26,alt1,20260909705
703,4,set27,alt1,20260909705
703,4,set32,alt1,20260909705
703,4,set34,alt2,20260909705
703,4,set43,alt1,20260909705
704,3,set3,alt1,20260909706
704,3,set4,alt2,20260909706
704,3,set12,alt1,20260909706
704,3,set22,alt1,20260909706
704,3,set24,alt1,20260909706
704,3,set25,alt1,20260909706
704,3,set28,alt1,20260909706
704,3,set29,alt1,20260909706
704,3,set30,alt2,20260909706
704,3,set31,alt2,20260909706
704,3,set39,alt2,20260909706
704,3,set47,alt2,20260909706
705,4,set14,alt1,20260909707
705,4,set15,alt1,20260909707
705,4,set16,alt1,20260909707
705,4,set17,alt1,20260909707
705,4,set20,alt1,20260909707
705,4,set21,alt1,20260909707
705,4,set23,alt1,20260909707
705,4,set26,alt1,20260909707
705,4,set27,alt1,20260909707
705,4,set32,alt1,20260909707
705,4,set34,alt2,20260909707
705,4,set43,alt1,20260909707
706,4,set14,alt1,20260909708
706,4,set15,alt2,20260909708
706,4,set16,alt2,20260909708
706,4,set17,alt2,20260909708
706,4,set20,alt1,20260909708
706,4,set21,alt1,20260909708
706,4,set23,alt1,20260909708
706,4,set26,alt1,20260909708
706,4,set27,alt1,20260909708
706,4,set32,alt1,20260909708
706,4,set34,alt2,20260909708
706,4,set43,alt2,20260909708
707,4,set14,alt1,20260909709
707,4,set15,alt2,20260909709
707,4,set16,alt1,20260909709
707,4,set17,alt2,20260909709
707,4,set20,alt1,20260909709
707,4,set21,alt1,20260909709
707,4,set23,alt1,20260909709
707,4,set26,alt1,20260909709
707,4,set27,alt1,20260909709
707,4,set32,alt1,20260909709
707,4,set34,alt1,20260909709
707,4,set43,alt1,20260909709
708,4,set14,alt2,20260909710
708,4,set15,alt2,20260909710
708,4,set16,alt1,20260909710
708,4,set17,alt1,20260909710
708,4,set20,alt1,20260909710
708,4,set21,alt1,20260909710
708,4,set23,alt1,20260909710
708,4,set26,alt1,20260909710
708,4,set27,alt2,20260909710
708,4,set32,alt1,20260909710
708,4,set34,alt2,20260909710
708,4,set43,alt1,20260909710
709,3,set3,alt1,20260909711
709,3,set4,alt2,20260909711
709,3,set12,alt1,20260909711
709,3,set22,alt1,20260909711
709,3,set24,alt1,20260909711
709,3,set25,alt1,20260909711
709,3,set28,alt1,20260909711
709,3,set29,alt1,20260909711
709,3,set30,alt2,20260909711
709,3,set31,alt2,20260909711
709,3,set39,alt2,20260909711
709,3,set47,alt2,20260909711
710,3,set3,alt2,20260909712
710,3,set4,alt1,20260909712
710,3,set12,alt1,20260909712
710,3,set22,alt2,20260909712
710,3,set24,alt1,20260909712
710,3,set25,alt2,20260909712
710,3,set28,alt2,20260909712
710,3,set29,alt1,20260909712
710,3,set30,alt2,20260909712
710,3,set31,alt1,20260909712
710,3,set39,alt1,20260909712
710,3,set47,alt2,20260909712
711,4,set14,alt1,20260909713
711,4,set15,alt1,20260909713
711,4,set16,alt1,20260909713
711,4,set17,alt1,20260909713
711,4,set20,alt1,20260909713
711,4,set21,alt1,20260909713
711,4,set23,alt1,20260909713
711,4,set26,alt1,20260909713
711,4,set27,alt1,20260909713
711,4,set32,alt1,20260909713
711,4,set34,alt2,20260909713
711,4,set43,alt1,20260909713
712,1,set5,alt2,20260909714
712,1,set6,alt1,20260909714
712,1,set9,alt2,20260909714
712,1,set11,alt2,20260909714
712,1,set18,alt2,20260909714
712,1,set19,alt2,20260909714
712,1,set33,alt1,20260909714
712,1,set35,alt2,20260909714
712,1,set37,alt1,20260909714
712,1,set41,alt1,20260909714
712,1,set42,alt2,20260909714
712,1,set48,alt2,20260909714
713,1,set5,alt2,20260909715
713,1,set6,alt2,20260909715
713,1,set9,alt2,20260909715
713,1,set11,alt2,20260909715
713,1,set18,alt1,20260909715
713,1,set19,alt2,20260909715
713,1,set33,alt1,20260909715
713,1,set35,alt2,20260909715
713,1,set37,alt1,20260909715
713,1,set41,alt1,20260909715
713,1,set42,alt2,20260909715
713,1,set48,alt2,20260909715
714,1,set5,alt2,20260909716
714,1,set6,alt1,20260909716
714,1,set9,alt2,20260909716
714,1,set11,alt2,20260909716
714,1,set18,alt2,20260909716
714,1,set19,alt2,20260909716
714,1,set33,alt1,20260909716
714,1,set35,alt2,20260909716
714,1,set37,alt1,20260909716
714,1,set41,alt1,20260909716
714,1,set42,alt2,20260909716
714,1,set48,alt2,20260909716
715,4,set14,alt1,20260909717
715,4,set15,alt2,20260909717
715,4,set16,alt2,20260909717
715,4,set17,alt2,20260909717
715,4,set20,alt1,20260909717
715,4,set21,alt1,20260909717
715,4,set23,alt1,20260909717
715,4,set26,alt1,20260909717
715,4,set27,alt1,20260909717
715,4,set32,alt1,20260909717
715,4,set34,alt2,20260909717
715,4,set43,alt2,20260909717
716,3,set3,alt1,20260909718
716,3,set4,alt2,20260909718
716,3,set12,alt1,20260909718
716,3,set22,alt1,20260909718
716,3,set24,alt1,20260909718
716,3,set25,alt1,20260909718
716,3,set28,alt1,20260909718
716,3,set29,alt1,20260909718
716,3,set30,alt2,20260909718
716,3,set31,alt2,20260909718
716,3,set39,alt2,20260909718
716,3,set47,alt2,20260909718
717,3,set3,alt1,20260909719
717,3,set4,alt2,20260909719
717,3,set12,alt1,20260909719
717,3,set22,alt1,20260909719
717,3,set24,alt1,20260909719
717,3,set25,alt1,20260909719
717,3,set28,alt1,20260909719
717,3,set29,alt1,20260909719
717,3,set30,alt2,20260909719
717,3,set31,alt2,20260909719
717,3,set39,alt2,20260909719
717,3,set47,alt2,20260909719
718,3,set3,alt2,20260909720
718,3,set4,alt1,20260909720
718,3,set12,alt1,20260909720
718,3,set22,alt2,20260909720
718,3,set24,alt1,20260909720
718,3,set25,alt2,20260909720
718,3,set28,alt2,20260909720
718,3,set29,alt1,20260909720
718,3,set30,alt2,20260909720
718,3,set31,alt1,20260909720
718,3,set39,alt1,20260909720
718,3,set47,alt2,20260909720
719,2,set1,alt2,20260909721
719,2,set2,alt1,20260909721
719,2,set7,alt1,20260909721
719,2,set8,alt1,20260909721
719,2,set10,alt1,20260909721
719,2,set13,alt1,20260909721
719,2,set36,alt2,20260909721
719,2,set38,alt2,20260909721
719,2,set40,alt2,20260909721
719,2,set44,alt1,20260909721
719,2,set45,alt2,20260909721
719,2,set46,alt1,20260909721
720,4,set14,alt1,20260909722
720,4,set15,alt2,20260909722
720,4,set16,alt2,20260909722
720,4,set17,alt2,20260909722
720,4,set20,alt1,20260909722
720,4,set21,alt1,20260909722
720,4,set23,alt1,20260909722
720,4,set26,alt1,20260909722
720,4,set27,alt1,20260909722
720,4,set32,alt1,20260909722
720,4,set34,alt2,20260909722
720,4,set43,alt2,20260909722
721,4,set14,alt2,20260909723
721,4,set15,alt2,20260909723
721,4,set16,alt1,20260909723
721,4,set17,alt1,20260909723
721,4,set20,alt1,20260909723
721,4,set21,alt1,20260909723
721,4,set23,alt1,20260909723
721,4,set26,alt1,20260909723
721,4,set27,alt2,20260909723
721,4,set32,alt1,20260909723
721,4,set34,alt2,20260909723
721,4,set43,alt1,20260909723
722,2,set1,alt2,20260909724
722,2,set2,alt1,20260909724
722,2,set7,alt2,20260909724
722,2,set8,alt1,20260909724
722,2,set10,alt2,20260909724
722,2,set13,alt1,20260909724
722,2,set36,alt2,20260909724
722,2,set38,alt1,20260909724
722,2,set40,alt2,20260909724
722,2,set44,alt2,20260909724
722,2,set45,alt2,20260909724
722,2,set46,alt2,20260909724
723,4,set14,alt1,20260909725
723,4,set15,alt2,20260909725
723,4,set16,alt2,20260909725
723,4,set17,alt2,20260909725
723,4,set20,alt1,20260909725
723,4,set21,alt1,20260909725
723,4,set23,alt1,20260909725
723,4,set26,alt1,20260909725
723,4,set27,alt1,20260909725
723,4,set32,alt1,20260909725
723,4,set34,alt2,20260909725
723,4,set43,alt2,20260909725
724,3,set3,alt2,20260909726
724,3,set4,alt1,20260909726
724,3,set12,alt1,20260909726
724,3,set22,alt2,20260909726
724,3,set24,alt1,20260909726
724,3,set25,alt2,20260909726
724,3,set28,alt2,20260909726
724,3,set29,alt1,20260909726
724,3,set30,alt2,20260909726
724,3,set31,alt1,20260909726
724,3,set39,alt1,20260909726
724,3,set47,alt2,20260909726
725,2,set1,alt2,20260909727
725,2,set2,alt1,20260909727
725,2,set7,alt1,20260909727
725,2,set8,alt1,20260909727
725,2,set10,alt2,20260909727
725,2,set13,alt1,20260909727
725,2,set36,alt2,20260909727
725,2,set38,alt2,20260909727
725,2,set40,alt2,20260909727
725,2,set44,alt1,20260909727
725,2,set45,alt2,20260909727
725,2,set46,alt1,20260909727
726,1,set5,alt2,20260909728
726,1,set6,alt2,20260909728
726,1,set9,alt2,20260909728
726,1,set11,alt2,20260909728
726,1,set18,alt2,20260909728
726,1,set19,alt2,20260909728
726,1,set33,alt1,20260909728
726,1,set35,alt2,20260909728
726,1,set37,alt1,20260909728
726,1,set41,alt2,20260909728
726,1,set42,alt2,20260909728
726,1,set48,alt2,20260909728
727,4,set14,alt2,20260909729
727,4,set15,alt2,20260909729
727,4,set16,alt1,20260909729
727,4,set17,alt1,20260909729
727,4,set20,alt1,20260909729
727,4,set21,alt1,20260909729
727,4,set23,alt1,20260909729
727,4,set26,alt1,20260909729
727,4,set27,alt2,20260909729
727,4,set32,alt1,20260909729
727,4,set34,alt2,20260909729
727,4,set43,alt1,20260909729
728,4,set14,alt1,20260909730
728,4,set15,alt1,20260909730
728,4,set16,alt1,20260909730
728,4,set17,alt1,20260909730
728,4,set20,alt1,20260909730
728,4,set21,alt1,20260909730
728,4,set23,alt1,20260909730
728,4,set26,alt1,20260909730
728,4,set27,alt1,20260909730
728,4,set32,alt1,20260909730
728,4,set34,alt2,20260909730
728,4,set43,alt1,20260909730
729,1,set5,alt2,20260909731
729,1,set6,alt2,20260909731
729,1,set9,alt2,20260909731
729,1,set11,alt2,20260909731
729,1,set18,alt2,20260909731
729,1,set19,alt2,20260909731
729,1,set33,alt1,20260909731
729,1,set35,alt2,20260909731
729,1,set37,alt1,20260909731
729,1,set41,alt2,20260909731
729,1,set42,alt2,20260909731
729,1,set48,alt2,20260909731
730,1,set5,alt2,20260909732
730,1,set6,alt2,20260909732
730,1,set9,alt2,20260909732
730,1,set11,alt2,20260909732
730,1,set18,alt2,20260909732
730,1,set19,alt2,20260909732
730,1,set33,alt1,20260909732
730,1,set35,alt2,20260909732
730,1,set37,alt1,20260909732
730,1,set41,alt2,20260909732
730,1,set42,alt2,20260909732
730,1,set48,alt2,20260909732
731,2,set1,alt2,20260909733
731,2,set2,alt1,20260909733
731,2,set7,alt1,20260909733
731,2,set8,alt1,20260909733
731,2,set10,alt1,20260909733
731,2,set13,alt1,20260909733
731,2,set36,alt2,20260909733
731,2,set38,alt2,20260909733
731,2,set40,alt2,20260909733
731,2,set44,alt1,20260909733
731,2,set45,alt2,20260909733
731,2,set46,alt1,20260909733
732,2,set1,alt2,20260909734
732,2,set2,alt1,20260909734
732,2,set7,alt1,20260909734
732,2,set8,alt1,20260909734
732,2,set10,alt1,20260909734
732,2,set13,alt1,20260909734
732,2,set36,alt2,20260909734
732,2,set38,alt2,20260909734
732,2,set40,alt2,20260909734
732,2,set44,alt1,20260909734
732,2,set45,alt2,20260909734
732,2,set46,alt1,20260909734
733,1,set5,alt2,20260909735
733,1,set6,alt1,20260909735
733,1,set9,alt2,20260909735
733,1,set11,alt2,20260909735
733,1,set18,alt2,20260909735
733,1,set19,alt2,20260909735
733,1,set33,alt1,20260909735
733,1,set35,alt2,20260909735
733,1,set37,alt1,20260909735
733,1,set41,alt1,20260909735
733,1,set42,alt2,20260909735
733,1,set48,alt2,20260909735
734,1,set5,alt2,20260909736
734,1,set6,alt2,20260909736
734,1,set9,alt2,20260909736
734,1,set11,alt2,20260909736
734,1,set18,alt1,20260909736
734,1,set19,alt2,20260909736
734,1,set33,alt1,20260909736
734,1,set35,alt2,20260909736
734,1,set37,alt1,20260909736
734,1,set41,alt1,20260909736
734,1,set42,alt2,20260909736
734,1,set48,alt2,20260909736
735,2,set1,alt2,20260909737
735,2,set2,alt1,20260909737
735,2,set7,alt2,20260909737
735,2,set8,alt1,20260909737
735,2,set10,alt2,20260909737
735,2,set13,alt1,20260909737
735,2,set36,alt2,20260909737
735,2,set38,alt1,20260909737
735,2,set40,alt2,20260909737
735,2,set44,alt2,20260909737
735,2,set45,alt2,20260909737
735,2,set46,alt2,20260909737
736,1,set5,alt1,20260909738
736,1,set6,alt1,20260909738
736,1,set9,alt1,20260909738
736,1,set11,alt2,20260909738
736,1,set18,alt1,20260909738
736,1,set19,alt1,20260909738
736,1,set33,alt2,20260909738
736,1,set35,alt2,20260909738
736,1,set37,alt1,20260909738
736,1,set41,alt1,20260909738
736,1,set42,alt2,20260909738
736,1,set48,alt2,20260909738
737,4,set14,alt1,20260909739
737,4,set15,alt2,20260909739
737,4,set16,alt2,20260909739
737,4,set17,alt2,20260909739
737,4,set20,alt1,20260909739
737,4,set21,alt1,20260909739
737,4,set23,alt1,20260909739
737,4,set26,alt1,20260909739
737,4,set27,alt1,20260909739
737,4,set32,alt1,20260909739
737,4,set34,alt2,20260909739
737,4,set43,alt2,20260909739
738,2,set1,alt2,20260909740
738,2,set2,alt1,20260909740
738,2,set7,alt1,20260909740
738,2,set8,alt1,20260909740
738,2,set10,alt1,20260909740
738,2,set13,alt1,20260909740
738,2,set36,alt2,20260909740
738,2,set38,alt2,20260909740
738,2,set40,alt2,20260909740
738,2,set44,alt1,20260909740
738,2,set45,alt2,20260909740
738,2,set46,alt1,20260909740
739,2,set1,alt2,20260909741
739,2,set2,alt1,20260909741
739,2,set7,alt2,20260909741
739,2,set8,alt1,20260909741
739,2,set10,alt2,20260909741
739,2,set13,alt1,20260909741
739,2,set36,alt2,20260909741
739,2,set38,alt1,20260909741
739,2,set40,alt2,20260909741
739,2,set44,alt2,20260909741
739,2,set45,alt2,20260909741
739,2,set46,alt2,20260909741
740,3,set3,alt1,20260909742
740,3,set4,alt2,20260909742
740,3,set12,alt1,20260909742
740,3,set22,alt1,20260909742
740,3,set24,alt1,20260909742
740,3,set25,alt1,20260909742
740,3,set28,alt1,20260909742
740,3,set29,alt1,20260909742
740,3,set30,alt2,20260909742
740,3,set31,alt2,20260909742
740,3,set39,alt2,20260909742
740,3,set47,alt2,20260909742
741,1,set5,alt2,20260909743
741,1,set6,alt1,20260909743
741,1,set9,alt2,20260909743
741,1,set11,alt2,20260909743
741,1,set18,alt2,20260909743
741,1,set19,alt2,20260909743
741,1,set33,alt1,20260909743
741,1,set35,alt2,20260909743
741,1,set37,alt1,20260909743
741,1,set41,alt1,20260909743
741,1,set42,alt2,20260909743
741,1,set48,alt2,20260909743
742,3,set3,alt1,20260909744
742,3,set4,alt2,20260909744
742,3,set12,alt1,20260909744
742,3,set22,alt1,20260909744
742,3,set24,alt1,20260909744
742,3,set25,alt1,20260909744
742,3,set28,alt1,20260909744
742,3,set29,alt1,20260909744
742,3,set30,alt2,20260909744
742,3,set31,alt2,20260909744
742,3,set39,alt2,20260909744
742,3,set47,alt2,20260909744
743,4,set14,alt2,20260909745
743,4,set15,alt2,20260909745
743,4,set16,alt1,20260909745
743,4,set17,alt1,20260909745
743,4,set20,alt1,20260909745
743,4,set21,alt1,20260909745
743,4,set23,alt1,20260909745
743,4,set26,alt1,20260909745
743,4,set27,alt2,20260909745
743,4,set32,alt1,20260909745
743,4,set34,alt2,20260909745
743,4,set43,alt1,20260909745
744,4,set14,alt1,20260909746
744,4,set15,alt2,20260909746
744,4,set16,alt2,20260909746
744,4,set17,alt2,20260909746
744,4,set20,alt1,20260909746
744,4,set21,alt1,20260909746
744,4,set23,alt1,20260909746
744,4,set26,alt1,20260909746
744,4,set27,alt1,20260909746
744,4,set32,alt1,20260909746
744,4,set34,alt2,20260909746
744,4,set43,alt2,20260909746
745,3,set3,alt1,20260909747
745,3,set4,alt2,20260909747
745,3,set12,alt1,20260909747
745,3,set22,alt1,20260909747
745,3,set24,alt1,20260909747
745,3,set25,alt1,20260909747
745,3,set28,alt1,20260909747
745,3,set29,alt1,20260909747
745,3,set30,alt2,20260909747
745,3,set31,alt2,20260909747
745,3,set39,alt2,20260909747
745,3,set47,alt2,20260909747
746,1,set5,alt1,20260909748
746,1,set6,alt1,20260909748
746,1,set9,alt1,20260909748
746,1,set11,alt2,20260909748
746,1,set18,alt1,20260909748
746,1,set19,alt1,20260909748
746,1,set33,alt2,20260909748
746,1,set35,alt2,20260909748
746,1,set37,alt1,20260909748
746,1,set41,alt1,20260909748
746,1,set42,alt2,20260909748
746,1,set48,alt2,20260909748
747,2,set1,alt2,20260909749
747,2,set2,alt1,20260909749
747,2,set7,alt2,20260909749
747,2,set8,alt1,20260909749
747,2,set10,alt2,20260909749
747,2,set13,alt1,20260909749
747,2,set36,alt2,20260909749
747,2,set38,alt1,20260909749
747,2,set40,alt2,20260909749
747,2,set44,alt2,20260909749
747,2,set45,alt2,20260909749
747,2,set46,alt2,20260909749
748,4,set14,alt1,20260909750
748,4,set15,alt2,20260909750
748,4,set16,alt2,20260909750
748,4,set17,alt2,20260909750
748,4,set20,alt1,20260909750
748,4,set21,alt1,20260909750
748,4,set23,alt1,20260909750
748,4,set26,alt1,20260909750
748,4,set27,alt1,20260909750
748,4,set32,alt1,20260909750
748,4,set34,alt2,20260909750
748,4,set43,alt2,20260909750
749,4,set14,alt1,20260909751
749,4,set15,alt2,20260909751
749,4,set16,alt2,20260909751
749,4,set17,alt2,20260909751
749,4,set20,alt1,20260909751
749,4,set21,alt1,20260909751
749,4,set23,alt1,20260909751
749,4,set26,alt1,20260909751
749,4,set27,alt1,20260909751
749,4,set32,alt1,20260909751
749,4,set34,alt2,20260909751
749,4,set43,alt2,20260909751
750,3,set3,alt2,20260909752
750,3,set4,alt2,20260909752
750,3,set12,alt1,20260909752
750,3,set22,alt2,20260909752
750,3,set24,alt1,20260909752
750,3,set25,alt1,20260909752
750,3,set28,alt1,20260909752
750,3,set29,alt1,20260909752
750,3,set30,alt2,20260909752
750,3,set31,alt2,20260909752
750,3,set39,alt2,20260909752
750,3,set47,alt2,20260909752
751,4,set14,alt1,20260909753
751,4,set15,alt2,20260909753
751,4,set16,alt2,20260909753
751,4,set17,alt2,20260909753
751,4,set20,alt1,20260909753
751,4,set21,alt1,20260909753
751,4,set23,alt1,20260909753
751,4,set26,alt1,20260909753
751,4,set27,alt1,20260909753
751,4,set32,alt1,20260909753
751,4,set34,alt2,20260909753
751,4,set43,alt2,20260909753
752,4,set14,alt1,20260909754
752,4,set15,alt2,20260909754
752,4,set16,alt2,20260909754
752,4,set17,alt2,20260909754
752,4,set20,alt1,20260909754
752,4,set21,alt1,20260909754
752,4,set23,alt1,20260909754
752,4,set26,alt1,20260909754
752,4,set27,alt1,20260909754
752,4,set32,alt1,20260909754
752,4,set34,alt2,20260909754
752,4,set43,alt2,20260909754
753,2,set1,alt2,20260909755
753,2,set2,alt1,20260909755
753,2,set7,alt1,20260909755
753,2,set8,alt1,20260909755
753,2,set10,alt1,20260909755
753,2,set13,alt1,20260909755
753,2,set36,alt2,20260909755
753,2,set38,alt2,20260909755
753,2,set40,alt2,20260909755
753,2,set44,alt1,20260909755
753,2,set45,alt2,20260909755
753,2,set46,alt1,20260909755
754,1,set5,alt2,20260909756
754,1,set6,alt1,20260909756
754,1,set9,alt2,20260909756
754,1,set11,alt2,20260909756
754,1,set18,alt2,20260909756
754,1,set19,alt2,20260909756
754,1,set33,alt1,20260909756
754,1,set35,alt2,20260909756
754,1,set37,alt1,20260909756
754,1,set41,alt1,20260909756
754,1,set42,alt2,20260909756
754,1,set48,alt2,20260909756
755,4,set14,alt2,20260909757
755,4,set15,alt2,20260909757
755,4,set16,alt1,20260909757
755,4,set17,alt1,20260909757
755,4,set20,alt1,20260909757
755,4,set21,alt1,20260909757
755,4,set23,alt1,20260909757
755,4,set26,alt1,20260909757
755,4,set27,alt2,20260909757
755,4,set32,alt1,20260909757
755,4,set34,alt2,20260909757
755,4,set43,alt1,20260909757
756,2,set1,alt2,20260909758
756,2,set2,alt1,20260909758
756,2,set7,alt1,20260909758
756,2,set8,alt1,20260909758
756,2,set10,alt1,20260909758
756,2,set13,alt1,20260909758
756,2,set36,alt2,20260909758
756,2,set38,alt2,20260909758
756,2,set40,alt2,20260909758
756,2,set44,alt1,20260909758
756,2,set45,alt2,20260909758
756,2,set46,alt1,20260909758
757,4,set14,alt1,20260909759
757,4,set15,alt2,20260909759
757,4,set16,alt2,20260909759
757,4,set17,alt2,20260909759
757,4,set20,alt1,20260909759
757,4,set21,alt1,20260909759
757,4,set23,alt1,20260909759
757,4,set26,alt1,20260909759
757,4,set27,alt1,20260909759
757,4,set32,alt1,20260909759
757,4,set34,alt2,20260909759
757,4,set43,alt2,20260909759
758,1,set5,alt2,20260909760
758,1,set6,alt2,20260909760
758,1,set9,alt2,20260909760
758,1,set11,alt2,20260909760
758,1,set18,alt2,20260909760
758,1,set19,alt2,20260909760
758,1,set33,alt1,20260909760
758,1,set35,alt2,20260909760
758,1,set37,alt1,20260909760
758,1,set41,alt2,20260909760
758,1,set42,alt2,20260909760
758,1,set48,alt2,20260909760
759,3,set3,alt1,20260909761
759,3,set4,alt2,20260909761
759,3,set12,alt1,20260909761
759,3,set22,alt1,20260909761
759,3,set24,alt1,20260909761
759,3,set25,alt1,20260909761
759,3,set28,alt1,20260909761
759,3,set29,alt1,20260909761
759,3,set30,alt2,20260909761
759,3,set31,alt2,20260909761
759,3,set39,alt2,20260909761
759,3,set47,alt2,20260909761
760,4,set14,alt1,20260909762
760,4,set15,alt2,20260909762
760,4,set16,alt2,20260909762
760,4,set17,alt2,20260909762
760,4,set20,alt1,20260909762
760,4,set21,alt1,20260909762
760,4,set23,alt1,20260909762
760,4,set26,alt1,20260909762
760,4,set27,alt1,20260909762
760,4,set32,alt1,20260909762
760,4,set34,alt2,20260909762
760,4,set43,alt2,20260909762
761,4,set14,alt1,20260909763
761,4,set15,alt2,20260909763
761,4,set16,alt2,20260909763
761,4,set17,alt2,20260909763
761,4,set20,alt1,20260909763
761,4,set21,alt1,20260909763
761,4,set23,alt1,20260909763
761,4,set26,alt1,20260909763
761,4,set27,alt1,20260909763
761,4,set32,alt1,20260909763
761,4,set34,alt2,20260909763
761,4,set43,alt2,20260909763
762,3,set3,alt2,20260909764
762,3,set4,alt1,20260909764
762,3,set12,alt1,20260909764
762,3,set22,alt2,20260909764
762,3,set24,alt1,20260909764
762,3,set25,alt2,20260909764
762,3,set28,alt2,20260909764
762,3,set29,alt1,20260909764
762,3,set30,alt2,20260909764
762,3,set31,alt1,20260909764
762,3,set39,alt1,20260909764
762,3,set47,alt2,20260909764
763,4,set14,alt2,20260909765
763,4,set15,alt2,20260909765
763,4,set16,alt1,20260909765
763,4,set17,alt1,20260909765
763,4,set20,alt1,20260909765
763,4,set21,alt1,20260909765
763,4,set23,alt1,20260909765
763,4,set26,alt1,20260909765
763,4,set27,alt2,20260909765
763,4,set32,alt1,20260909765
763,4,set34,alt2,20260909765
763,4,set43,alt1,20260909765
764,4,set14,alt1,20260909766
764,4,set15,alt2,20260909766
764,4,set16,alt2,20260909766
764,4,set17,alt2,20260909766
764,4,set20,alt1,20260909766
764,4,set21,alt1,20260909766
764,4,set23,alt1,20260909766
764,4,set26,alt1,20260909766
764,4,set27,alt1,20260909766
764,4,set32,alt1,20260909766
764,4,set34,alt2,20260909766
764,4,set43,alt2,20260909766
765,4,set14,alt2,20260909767
765,4,set15,alt2,20260909767
765,4,set16,alt1,20260909767
765,4,set17,alt1,20260909767
765,4,set20,alt1,20260909767
765,4,set21,alt1,20260909767
765,4,set23,alt1,20260909767
765,4,set26,alt1,20260909767
765,4,set27,alt2,20260909767
765,4,set32,alt1,20260909767
765,4,set34,alt2,20260909767
765,4,set43,alt1,20260909767
766,4,set14,alt1,20260909768
766,4,set15,alt2,20260909768
766,4,set16,alt2,20260909768
766,4,set17,alt2,20260909768
766,4,set20,alt1,20260909768
766,4,set21,alt1,20260909768
766,4,set23,alt1,20260909768
766,4,set26,alt1,20260909768
766,4,set27,alt1,20260909768
766,4,set32,alt1,20260909768
766,4,set34,alt2,20260909768
766,4,set43,alt2,20260909768
767,4,set14,alt1,20260909769
767,4,set15,alt2,20260909769
767,4,set16,alt2,20260909769
767,4,set17,alt2,20260909769
767,4,set20,alt1,20260909769
767,4,set21,alt1,20260909769
767,4,set23,alt1,20260909769
767,4,set26,alt1,20260909769
767,4,set27,alt1,20260909769
767,4,set32,alt1,20260909769
767,4,set34,alt2,20260909769
767,4,set43,alt2,20260909769
768,4,set14,alt1,20260909770
768,4,set15,alt1,20260909770
768,4,set16,alt1,20260909770
768,4,set17,alt1,20260909770
768,4,set20,alt1,20260909770
768,4,set21,alt1,20260909770
768,4,set23,alt1,20260909770
768,4,set26,alt1,20260909770
768,4,set27,alt1,20260909770
768,4,set32,alt1,20260909770
768,4,set34,alt2,20260909770
768,4,set43,alt1,20260909770
769,2,set1,alt2,20260909771
769,2,set2,alt1,20260909771
769,2,set7,alt1,20260909771
769,2,set8,alt1,20260909771
769,2,set10,alt1,20260909771
769,2,set13,alt1,20260909771
769,2,set36,alt2,20260909771
769,2,set38,alt2,20260909771
769,2,set40,alt2,20260909771
769,2,set44,alt1,20260909771
769,2,set45,alt2,20260909771
769,2,set46,alt1,20260909771
770,3,set3,alt1,20260909772
770,3,set4,alt2,20260909772
770,3,set12,alt1,20260909772
770,3,set22,alt1,20260909772
770,3,set24,alt1,20260909772
770,3,set25,alt1,20260909772
770,3,set28,alt1,20260909772
770,3,set29,alt1,20260909772
770,3,set30,alt2,20260909772
770,3,set31,alt2,20260909772
770,3,set39,alt2,20260909772
770,3,set47,alt2,20260909772
771,2,set1,alt2,20260909773
771,2,set2,alt1,20260909773
771,2,set7,alt1,20260909773
771,2,set8,alt1,20260909773
771,2,set10,alt1,20260909773
771,2,set13,alt1,20260909773
771,2,set36,alt2,20260909773
771,2,set38,alt2,20260909773
771,2,set40,alt2,20260909773
771,2,set44,alt1,20260909773
771,2,set45,alt2,20260909773
771,2,set46,alt1,20260909773
772,2,set1,alt2,20260909774
772,2,set2,alt1,20260909774
772,2,set7,alt1,20260909774
772,2,set8,alt1,20260909774
772,2,set10,alt2,20260909774
772,2,set13,alt1,20260909774
772,2,set36,alt2,20260909774
772,2,set38,alt2,20260909774
772,2,set40,alt2,20260909774
772,2,set44,alt1,20260909774
772,2,set45,alt2,20260909774
772,2,set46,alt1,20260909774
773,2,set1,alt2,20260909775
773,2,set2,alt1,20260909775
773,2,set7,alt2,20260909775
773,2,set8,alt1,20260909775
773,2,set10,alt2,20260909775
773,2,set13,alt1,20260909775
773,2,set36,alt2,20260909775
773,2,set38,alt1,20260909775
773,2,set40,alt2,20260909775
773,2,set44,alt2,20260909775
773,2,set45,alt2,20260909775
773,2,set46,alt2,20260909775
774,1,set5,alt2,20260909776
774,1,set6,alt2,20260909776
774,1,set9,alt2,20260909776
774,1,set11,alt2,20260909776
774,1,set18,alt2,20260909776
774,1,set19,alt2,20260909776
774,1,set33,alt1,20260909776
774,1,set35,alt2,20260909776
774,1,set37,alt1,20260909776
774,1,set41,alt2,20260909776
774,1,set42,alt2,20260909776
774,1,set48,alt2,20260909776
775,3,set3,alt2,20260909777
775,3,set4,alt2,20260909777
775,3,set12,alt1,20260909777
775,3,set22,alt2,20260909777
775,3,set24,alt1,20260909777
775,3,set25,alt1,20260909777
775,3,set28,alt1,20260909777
775,3,set29,alt1,20260909777
775,3,set30,alt2,20260909777
775,3,set31,alt2,20260909777
775,3,set39,alt2,20260909777
775,3,set47,alt2,20260909777
776,1,set5,alt2,20260909778
776,1,set6,alt2,20260909778
776,1,set9,alt2,20260909778
776,1,set11,alt2,20260909778
776,1,set18,alt2,20260909778
776,1,set19,alt2,20260909778
776,1,set33,alt1,20260909778
776,1,set35,alt2,20260909778
776,1,set37,alt1,20260909778
776,1,set41,alt2,20260909778
776,1,set42,alt2,20260909778
776,1,set48,alt2,20260909778
777,2,set1,alt2,20260909779
777,2,set2,alt1,20260909779
777,2,set7,alt1,20260909779
777,2,set8,alt1,20260909779
777,2,set10,alt1,20260909779
777,2,set13,alt1,20260909779
777,2,set36,alt2,20260909779
777,2,set38,alt2,20260909779
777,2,set40,alt2,20260909779
777,2,set44,alt1,20260909779
777,2,set45,alt2,20260909779
777,2,set46,alt1,20260909779
778,3,set3,alt1,20260909780
778,3,set4,alt2,20260909780
778,3,set12,alt1,20260909780
778,3,set22,alt1,20260909780
778,3,set24,alt1,20260909780
778,3,set25,alt1,20260909780
778,3,set28,alt1,20260909780
778,3,set29,alt1,20260909780
778,3,set30,alt2,20260909780
778,3,set31,alt2,20260909780
778,3,set39,alt2,20260909780
778,3,set47,alt2,20260909780
779,2,set1,alt2,20260909781
779,2,set2,alt1,20260909781
779,2,set7,alt1,20260909781
779,2,set8,alt1,20260909781
779,2,set10,alt1,20260909781
779,2,set13,alt1,20260909781
779,2,set36,alt2,20260909781
779,2,set38,alt2,20260909781
779,2,set40,alt2,20260909781
779,2,set44,alt1,20260909781
779,2,set45,alt2,20260909781
779,2,set46,alt1,20260909781
780,3,set3,alt2,20260909782
780,3,set4,alt1,20260909782
780,3,set12,alt1,20260909782
780,3,set22,alt2,20260909782
780,3,set24,alt1,20260909782
780,3,set25,alt2,20260909782
780,3,set28,alt2,20260909782
780,3,set29,alt1,20260909782
780,3,set30,alt2,20260909782
780,3,set31,alt1,20260909782
780,3,set39,alt1,20260909782
780,3,set47,alt2,20260909782
781,4,set14,alt1,20260909783
781,4,set15,alt1,20260909783
781,4,set16,alt1,20260909783
781,4,set17,alt1,20260909783
781,4,set20,alt1,20260909783
781,4,set21,alt1,20260909783
781,4,set23,alt1,20260909783
781,4,set26,alt1,20260909783
781,4,set27,alt1,20260909783
781,4,set32,alt1,20260909783
781,4,set34,alt2,20260909783
781,4,set43,alt1,20260909783
782,3,set3,alt2,20260909784
782,3,set4,alt1,20260909784
782,3,set12,alt1,20260909784
782,3,set22,alt2,20260909784
782,3,set24,alt1,20260909784
782,3,set25,alt2,20260909784
782,3,set28,alt2,20260909784
782,3,set29,alt1,20260909784
782,3,set30,alt2,20260909784
782,3,set31,alt1,20260909784
782,3,set39,alt1,20260909784
782,3,set47,alt2,20260909784
783,4,set14,alt1,20260909785
783,4,set15,alt2,20260909785
783,4,set16,alt2,20260909785
783,4,set17,alt2,20260909785
783,4,set20,alt1,20260909785
783,4,set21,alt1,20260909785
783,4,set23,alt1,20260909785
783,4,set26,alt1,20260909785
783,4,set27,alt1,20260909785
783,4,set32,alt1,20260909785
783,4,set34,alt2,20260909785
783,4,set43,alt2,20260909785
784,4,set14,alt2,20260909786
784,4,set15,alt2,20260909786
784,4,set16,alt1,20260909786
784,4,set17,alt1,20260909786
784,4,set20,alt1,20260909786
784,4,set21,alt2,20260909786
784,4,set23,alt1,20260909786
784,4,set26,alt1,20260909786
784,4,set27,alt2,20260909786
784,4,set32,alt1,20260909786
784,4,set34,alt2,20260909786
784,4,set43,alt2,20260909786
785,3,set3,alt1,20260909787
785,3,set4,alt2,20260909787
785,3,set12,alt1,20260909787
785,3,set22,alt1,20260909787
785,3,set24,alt1,20260909787
785,3,set25,alt1,20260909787
785,3,set28,alt1,20260909787
785,3,set29,alt1,20260909787
785,3,set30,alt2,20260909787
785,3,set31,alt2,20260909787
785,3,set39,alt2,20260909787
785,3,set47,alt2,20260909787
786,2,set1,alt2,20260909788
786,2,set2,alt1,20260909788
786,2,set7,alt1,20260909788
786,2,set8,alt1,20260909788
786,2,set10,alt2,20260909788
786,2,set13,alt1,20260909788
786,2,set36,alt2,20260909788
786,2,set38,alt2,20260909788
786,2,set40,alt2,20260909788
786,2,set44,alt1,20260909788
786,2,set45,alt2,20260909788
786,2,set46,alt1,20260909788
787,1,set5,alt1,20260909789
787,1,set6,alt1,20260909789
787,1,set9,alt1,20260909789
787,1,set11,alt2,20260909789
787,1,set18,alt1,20260909789
787,1,set19,alt1,20260909789
787,1,set33,alt2,20260909789
787,1,set35,alt2,20260909789
787,1,set37,alt1,20260909789
787,1,set41,alt1,20260909789
787,1,set42,alt2,20260909789
787,1,set48,alt2,20260909789
788,3,set3,alt1,20260909790
788,3,set4,alt2,20260909790
788,3,set12,alt1,20260909790
788,3,set22,alt1,20260909790
788,3,set24,alt1,20260909790
788,3,set25,alt1,20260909790
788,3,set28,alt1,20260909790
788,3,set29,alt1,20260909790
788,3,set30,alt2,20260909790
788,3,set31,alt2,20260909790
788,3,set39,alt2,20260909790
788,3,set47,alt2,20260909790
789,2,set1,alt2,20260909791
789,2,set2,alt1,20260909791
789,2,set7,alt1,20260909791
789,2,set8,alt1,20260909791
789,2,set10,alt1,20260909791
789,2,set13,alt1,20260909791
789,2,set36,alt2,20260909791
789,2,set38,alt2,20260909791
789,2,set40,alt2,20260909791
789,2,set44,alt1,20260909791
789,2,set45,alt2,20260909791
789,2,set46,alt1,20260909791
790,3,set3,alt1,20260909792
790,3,set4,alt2,20260909792
790,3,set12,alt1,20260909792
790,3,set22,alt1,20260909792
790,3,set24,alt1,20260909792
790,3,set25,alt1,20260909792
790,3,set28,alt1,20260909792
790,3,set29,alt1,20260909792
790,3,set30,alt2,20260909792
790,3,set31,alt2,20260909792
790,3,set39,alt2,20260909792
790,3,set47,alt2,20260909792
791,1,set5,alt2,20260909793
791,1,set6,alt1,20260909793
791,1,set9,alt2,20260909793
791,1,set11,alt2,20260909793
791,1,set18,alt2,20260909793
791,1,set19,alt2,20260909793
791,1,set33,alt1,20260909793
791,1,set35,alt2,20260909793
791,1,set37,alt1,20260909793
791,1,set41,alt1,20260909793
791,1,set42,alt2,20260909793
791,1,set48,alt2,20260909793
792,2,set1,alt2,20260909794
792,2,set2,alt1,20260909794
792,2,set7,alt2,20260909794
792,2,set8,alt1,20260909794
792,2,set10,alt2,20260909794
792,2,set13,alt1,20260909794
792,2,set36,alt2,20260909794
792,2,set38,alt1,20260909794
792,2,set40,alt2,20260909794
792,2,set44,alt2,20260909794
792,2,set45,alt2,20260909794
792,2,set46,alt2,20260909794
793,4,set14,alt1,20260909795
793,4,set15,alt2,20260909795
793,4,set16,alt1,20260909795
793,4,set17,alt2,20260909795
793,4,set20,alt1,20260909795
793,4,set21,alt1,20260909795
793,4,set23,alt1,20260909795
793,4,set26,alt1,20260909795
793,4,set27,alt1,20260909795
793,4,set32,alt1,20260909795
793,4,set34,alt1,20260909795
793,4,set43,alt1,20260909795
794,4,set14,alt2,20260909796
794,4,set15,alt2,20260909796
794,4,set16,alt1,20260909796
794,4,set17,alt1,20260909796
794,4,set20,alt1,20260909796
794,4,set21,alt1,20260909796
794,4,set23,alt1,20260909796
794,4,set26,alt1,20260909796
794,4,set27,alt2,20260909796
794,4,set32,alt1,20260909796
794,4,set34,alt2,20260909796
794,4,set43,alt1,20260909796
795,4,set14,alt1,20260909797
795,4,set15,alt2,20260909797
795,4,set16,alt1,20260909797
795,4,set17,alt2,20260909797
795,4,set20,alt1,20260909797
795,4,set21,alt1,20260909797
795,4,set23,alt1,20260909797
795,4,set26,alt1,20260909797
795,4,set27,alt1,20260909797
795,4,set32,alt1,20260909797
795,4,set34,alt1,20260909797
795,4,set43,alt1,20260909797
796,4,set14,alt1,20260909798
796,4,set15,alt2,20260909798
796,4,set16,alt2,20260909798
796,4,set17,alt2,20260909798
796,4,set20,alt1,20260909798
796,4,set21,alt1,20260909798
796,4,set23,alt1,20260909798
796,4,set26,alt1,20260909798
796,4,set27,alt1,20260909798
796,4,set32,alt1,20260909798
796,4,set34,alt2,20260909798
796,4,set43,alt2,20260909798
797,1,set5,alt2,20260909799
797,1,set6,alt1,20260909799
797,1,set9,alt2,20260909799
797,1,set11,alt2,20260909799
797,1,set18,alt2,20260909799
797,1,set19,alt2,20260909799
797,1,set33,alt1,20260909799
797,1,set35,alt2,20260909799
797,1,set37,alt1,20260909799
797,1,set41,alt1,20260909799
797,1,set42,alt2,20260909799
797,1,set48,alt2,20260909799
798,1,set5,alt2,20260909800
798,1,set6,alt2,20260909800
798,1,set9,alt2,20260909800
798,1,set11,alt2,20260909800
798,1,set18,alt2,20260909800
798,1,set19,alt2,20260909800
798,1,set33,alt1,20260909800
798,1,set35,alt2,20260909800
798,1,set37,alt1,20260909800
798,1,set41,alt2,20260909800
798,1,set42,alt2,20260909800
798,1,set48,alt2,20260909800
799,1,set5,alt2,20260909801
799,1,set6,alt1,20260909801
799,1,set9,alt2,20260909801
799,1,set11,alt2,20260909801
799,1,set18,alt2,20260909801
799,1,set19,alt2,20260909801
799,1,set33,alt1,20260909801
799,1,set35,alt2,20260909801
799,1,set37,alt1,20260909801
799,1,set41,alt1,20260909801
799,1,set42,alt2,20260909801
799,1,set48,alt2,20260909801
800,3,set3,alt1,20260909802
800,3,set4,alt2,20260909802
800,3,set12,alt1,20260909802
800,3,set22,alt1,20260909802
800,3,set24,alt1,20260909802
800,3,set25,alt1,20260909802
800,3,set28,alt1,20260909802
800,3,set29,alt1,20260909802
800,3,set30,alt2,20260909802
800,3,set31,alt2,20260909802
800,3,set39,alt2,20260909802
800,3,set47,alt2,20260909802
801,3,set3,alt2,20260909803
801,3,set4,alt2,20260909803
801,3,set12,alt1,20260909803
801,3,set22,alt2,20260909803
801,3,set24,alt1,20260909803
801,3,set25,alt1,20260909803
801,3,set28,alt1,20260909803
801,3,set29,alt1,20260909803
801,3,set30,alt2,20260909803
801,3,set31,alt2,20260909803
801,3,set39,alt2,20260909803
801,3,set47,alt2,20260909803
802,3,set3,alt1,20260909804
802,3,set4,alt2,20260909804
802,3,set12,alt1,20260909804
802,3,set22,alt1,20260909804
802,3,set24,alt1,20260909804
802,3,set25,alt1,20260909804
802,3,set28,alt1,20260909804
802,3,set29,alt1,20260909804
802,3,set30,alt2,20260909804
802,3,set31,alt2,20260909804
802,3,set39,alt2,20260909804
802,3,set47,alt2,20260909804
803,1,set5,alt2,20260909805
803,1,set6,alt1,20260909805
803,1,set9,alt2,20260909805
803,1,set11,alt2,20260909805
803,1,set18,alt2,20260909805
803,1,set19,alt2,20260909805
803,1,set33,alt1,20260909805
803,1,set35,alt2,20260909805
803,1,set37,alt1,20260909805
803,1,set41,alt1,20260909805
803,1,set42,alt2,20260909805
803,1,set48,alt2,20260909805
804,3,set3,alt2,20260909806
804,3,set4,alt2,20260909806
804,3,set12,alt1,20260909806
804,3,set22,alt2,20260909806
804,3,set24,alt1,20260909806
804,3,set25,alt1,20260909806
804,3,set28,alt1,20260909806
804,3,set29,alt1,20260909806
804,3,set30,alt2,20260909806
804,3,set31,alt2,20260909806
804,3,set39,alt2,20260909806
804,3,set47,alt2,20260909806
805,2,set1,alt2,20260909807
805,2,set2,alt1,20260909807
805,2,set7,alt1,20260909807
805,2,set8,alt1,20260909807
805,2,set10,alt1,20260909807
805,2,set13,alt1,20260909807
805,2,set36,alt2,20260909807
805,2,set38,alt2,20260909807
805,2,set40,alt2,20260909807
805,2,set44,alt1,20260909807
805,2,set45,alt2,20260909807
805,2,set46,alt1,20260909807
806,2,set1,alt2,20260909808
806,2,set2,alt1,20260909808
806,2,set7,alt1,20260909808
806,2,set8,alt1,20260909808
806,2,set10,alt1,20260909808
806,2,set13,alt1,20260909808
806,2,set36,alt2,20260909808
806,2,set38,alt2,20260909808
806,2,set40,alt2,20260909808
806,2,set44,alt1,20260909808
806,2,set45,alt2,20260909808
806,2,set46,alt1,20260909808
807,4,set14,alt1,20260909809
807,4,set15,alt2,20260909809
807,4,set16,alt2,20260909809
807,4,set17,alt2,20260909809
807,4,set20,alt1,20260909809
807,4,set21,alt1,20260909809
807,4,set23,alt1,20260909809
807,4,set26,alt1,20260909809
807,4,set27,alt1,20260909809
807,4,set32,alt1,20260909809
807,4,set34,alt2,20260909809
807,4,set43,alt2,20260909809
808,3,set3,alt1,20260909810
808,3,set4,alt2,20260909810
808,3,set12,alt1,20260909810
808,3,set22,alt1,20260909810
808,3,set24,alt1,20260909810
808,3,set25,alt1,20260909810
808,3,set28,alt1,20260909810
808,3,set29,alt1,20260909810
808,3,set30,alt2,20260909810
808,3,set31,alt2,20260909810
808,3,set39,alt2,20260909810
808,3,set47,alt2,20260909810
809,2,set1,alt2,20260909811
809,2,set2,alt1,20260909811
809,2,set7,alt1,20260909811
809,2,set8,alt1,20260909811
809,2,set10,alt2,20260909811
809,2,set13,alt1,20260909811
809,2,set36,alt2,20260909811
809,2,set38,alt2,20260909811
809,2,set40,alt2,20260909811
809,2,set44,alt1,20260909811
809,2,set45,alt2,20260909811
809,2,set46,alt1,20260909811
810,2,set1,alt2,20260909812
810,2,set2,alt1,20260909812
810,2,set7,alt1,20260909812
810,2,set8,alt1,20260909812
810,2,set10,alt1,20260909812
810,2,set13,alt1,20260909812
810,2,set36,alt2,20260909812
810,2,set38,alt2,20260909812
810,2,set40,alt2,20260909812
810,2,set44,alt1,20260909812
810,2,set45,alt2,20260909812
810,2,set46,alt1,20260909812
811,3,set3,alt1,20260909813
811,3,set4,alt2,20260909813
811,3,set12,alt1,20260909813
811,3,set22,alt1,20260909813
811,3,set24,alt1,20260909813
811,3,set25,alt1,20260909813
811,3,set28,alt1,20260909813
811,3,set29,alt1,20260909813
811,3,set30,alt2,20260909813
811,3,set31,alt2,20260909813
811,3,set39,alt2,20260909813
811,3,set47,alt2,20260909813
812,2,set1,alt2,20260909814
812,2,set2,alt1,20260909814
812,2,set7,alt1,20260909814
812,2,set8,alt1,20260909814
812,2,set10,alt1,20260909814
812,2,set13,alt1,20260909814
812,2,set36,alt2,20260909814
812,2,set38,alt2,20260909814
812,2,set40,alt2,20260909814
812,2,set44,alt1,20260909814
812,2,set45,alt2,20260909814
812,2,set46,alt1,20260909814
813,3,set3,alt2,20260909815
813,3,set4,alt2,20260909815
813,3,set12,alt1,20260909815
813,3,set22,alt2,20260909815
813,3,set24,alt1,20260909815
813,3,set25,alt1,20260909815
813,3,set28,alt1,20260909815
813,3,set29,alt1,20260909815
813,3,set30,alt2,20260909815
813,3,set31,alt2,20260909815
813,3,set39,alt2,20260909815
813,3,set47,alt2,20260909815
814,2,set1,alt2,20260909816
814,2,set2,alt1,20260909816
814,2,set7,alt2,20260909816
814,2,set8,alt1,20260909816
814,2,set10,alt2,20260909816
814,2,set13,alt1,20260909816
814,2,set36,alt2,20260909816
814,2,set38,alt1,20260909816
814,2,set40,alt2,20260909816
814,2,set44,alt2,20260909816
814,2,set45,alt2,20260909816
814,2,set46,alt2,20260909816
815,2,set1,alt2,20260909817
815,2,set2,alt1,20260909817
815,2,set7,alt1,20260909817
815,2,set8,alt1,20260909817
815,2,set10,alt1,20260909817
815,2,set13,alt1,20260909817
815,2,set36,alt2,20260909817
815,2,set38,alt2,20260909817
815,2,set40,alt2,20260909817
815,2,set44,alt1,20260909817
815,2,set45,alt2,20260909817
815,2,set46,alt1,20260909817
816,4,set14,alt1,20260909818
816,4,set15,alt2,20260909818
816,4,set16,alt1,20260909818
816,4,set17,alt2,20260909818
816,4,set20,alt1,20260909818
816,4,set21,alt1,20260909818
816,4,set23,alt1,20260909818
816,4,set26,alt1,20260909818
816,4,set27,alt1,20260909818
816,4,set32,alt1,20260909818
816,4,set34,alt1,20260909818
816,4,set43,alt1,20260909818
817,1,set5,alt1,20260909819
817,1,set6,alt1,20260909819
817,1,set9,alt1,20260909819
817,1,set11,alt2,20260909819
817,1,set18,alt1,20260909819
817,1,set19,alt1,20260909819
817,1,set33,alt2,20260909819
817,1,set35,alt2,20260909819
817,1,set37,alt1,20260909819
817,1,set41,alt1,20260909819
817,1,set42,alt2,20260909819
817,1,set48,alt2,20260909819
818,2,set1,alt2,20260909820
818,2,set2,alt1,20260909820
818,2,set7,alt1,20260909820
818,2,set8,alt1,20260909820
818,2,set10,alt1,20260909820
818,2,set13,alt1,20260909820
818,2,set36,alt2,20260909820
818,2,set38,alt2,20260909820
818,2,set40,alt2,20260909820
818,2,set44,alt1,20260909820
818,2,set45,alt2,20260909820
818,2,set46,alt1,20260909820
819,1,set5,alt1,20260909821
819,1,set6,alt2,20260909821
819,1,set9,alt1,20260909821
819,1,set11,alt2,20260909821
819,1,set18,alt1,20260909821
819,1,set19,alt2,20260909821
819,1,set33,alt1,20260909821
819,1,set35,alt2,20260909821
819,1,set37,alt1,20260909821
819,1,set41,alt1,20260909821
819,1,set42,alt1,20260909821
819,1,set48,alt2,20260909821
820,4,set14,alt1,20260909822
820,4,set15,alt2,20260909822
820,4,set16,alt2,20260909822
820,4,set17,alt2,20260909822
820,4,set20,alt1,20260909822
820,4,set21,alt1,20260909822
820,4,set23,alt1,20260909822
820,4,set26,alt1,20260909822
820,4,set27,alt1,20260909822
820,4,set32,alt1,20260909822
820,4,set34,alt2,20260909822
820,4,set43,alt2,20260909822
821,3,set3,alt2,20260909823
821,3,set4,alt1,20260909823
821,3,set12,alt1,20260909823
821,3,set22,alt2,20260909823
821,3,set24,alt1,20260909823
821,3,set25,alt2,20260909823
821,3,set28,alt2,20260909823
821,3,set29,alt1,20260909823
821,3,set30,alt2,20260909823
821,3,set31,alt1,20260909823
821,3,set39,alt1,20260909823
821,3,set47,alt2,20260909823
822,3,set3,alt1,20260909824
822,3,set4,alt2,20260909824
822,3,set12,alt1,20260909824
822,3,set22,alt1,20260909824
822,3,set24,alt1,20260909824
822,3,set25,alt1,20260909824
822,3,set28,alt1,20260909824
822,3,set29,alt1,20260909824
822,3,set30,alt2,20260909824
822,3,set31,alt2,20260909824
822,3,set39,alt2,20260909824
822,3,set47,alt2,20260909824
823,4,set14,alt1,20260909825
823,4,set15,alt2,20260909825
823,4,set16,alt2,20260909825
823,4,set17,alt2,20260909825
823,4,set20,alt1,20260909825
823,4,set21,alt1,20260909825
823,4,set23,alt1,20260909825
823,4,set26,alt1,20260909825
823,4,set27,alt1,20260909825
823,4,set32,alt1,20260909825
823,4,set34,alt2,20260909825
823,4,set43,alt2,20260909825
824,3,set3,alt1,20260909826
824,3,set4,alt2,20260909826
824,3,set12,alt1,20260909826
824,3,set22,alt1,20260909826
824,3,set24,alt1,20260909826
824,3,set25,alt1,20260909826
824,3,set28,alt1,20260909826
824,3,set29,alt1,20260909826
824,3,set30,alt2,20260909826
824,3,set31,alt2,20260909826
824,3,set39,alt2,20260909826
824,3,set47,alt2,20260909826
825,3,set3,alt2,20260909827
825,3,set4,alt1,20260909827
825,3,set12,alt1,20260909827
825,3,set22,alt2,20260909827
825,3,set24,alt1,20260909827
825,3,set25,alt2,20260909827
825,3,set28,alt2,20260909827
825,3,set29,alt1,20260909827
825,3,set30,alt2,20260909827
825,3,set31,alt1,20260909827
825,3,set39,alt1,20260909827
825,3,set47,alt2,20260909827
826,2,set1,alt2,20260909828
826,2,set2,alt1,20260909828
826,2,set7,alt1,20260909828
826,2,set8,alt1,20260909828
826,2,set10,alt1,20260909828
826,2,set13,alt1,20260909828
826,2,set36,alt2,20260909828
826,2,set38,alt2,20260909828
826,2,set40,alt2,20260909828
826,2,set44,alt1,20260909828
826,2,set45,alt2,20260909828
826,2,set46,alt1,20260909828
827,2,set1,alt2,20260909829
827,2,set2,alt1,20260909829
827,2,set7,alt1,20260909829
827,2,set8,alt1,20260909829
827,2,set10,alt1,20260909829
827,2,set13,alt1,20260909829
827,2,set36,alt2,20260909829
827,2,set38,alt2,20260909829
827,2,set40,alt2,20260909829
827,2,set44,alt1,20260909829
827,2,set45,alt2,20260909829
827,2,set46,alt1,20260909829
828,2,set1,alt2,20260909830
828,2,set2,alt1,20260909830
828,2,set7,alt1,20260909830
828,2,set8,alt1,20260909830
828,2,set10,alt1,20260909830
828,2,set13,alt1,20260909830
828,2,set36,alt1,20260909830
828,2,set38,alt2,20260909830
828,2,set40,alt1,20260909830
828,2,set44,alt2,20260909830
828,2,set45,alt2,20260909830
828,2,set46,alt2,20260909830
829,1,set5,alt2,20260909831
829,1,set6,alt2,20260909831
829,1,set9,alt2,20260909831
829,1,set11,alt2,20260909831
829,1,set18,alt2,20260909831
829,1,set19,alt2,20260909831
829,1,set33,alt1,20260909831
829,1,set35,alt2,20260909831
829,1,set37,alt1,20260909831
829,1,set41,alt2,20260909831
829,1,set42,alt2,20260909831
829,1,set48,alt2,20260909831
830,1,set5,alt2,20260909832
830,1,set6,alt2,20260909832
830,1,set9,alt2,20260909832
830,1,set11,alt2,20260909832
830,1,set18,alt1,20260909832
830,1,set19,alt2,20260909832
830,1,set33,alt1,20260909832
830,1,set35,alt2,20260909832
830,1,set37,alt1,20260909832
830,1,set41,alt1,20260909832
830,1,set42,alt2,20260909832
830,1,set48,alt2,20260909832
831,3,set3,alt1,20260909833
831,3,set4,alt2,20260909833
831,3,set12,alt1,20260909833
831,3,set22,alt1,20260909833
831,3,set24,alt1,20260909833
831,3,set25,alt1,20260909833
831,3,set28,alt1,20260909833
831,3,set29,alt1,20260909833
831,3,set30,alt2,20260909833
831,3,set31,alt2,20260909833
831,3,set39,alt2,20260909833
831,3,set47,alt2,20260909833
832,1,set5,alt2,20260909834
832,1,set6,alt1,20260909834
832,1,set9,alt2,20260909834
832,1,set11,alt2,20260909834
832,1,set18,alt2,20260909834
832,1,set19,alt2,20260909834
832,1,set33,alt1,20260909834
832,1,set35,alt2,20260909834
832,1,set37,alt1,20260909834
832,1,set41,alt1,20260909834
832,1,set42,alt2,20260909834
832,1,set48,alt2,20260909834
833,3,set3,alt1,20260909835
833,3,set4,alt2,20260909835
833,3,set12,alt1,20260909835
833,3,set22,alt1,20260909835
833,3,set24,alt1,20260909835
833,3,set25,alt1,20260909835
833,3,set28,alt1,20260909835
833,3,set29,alt1,20260909835
833,3,set30,alt2,20260909835
833,3,set31,alt2,20260909835
833,3,set39,alt2,20260909835
833,3,set47,alt2,20260909835
834,2,set1,alt2,20260909836
834,2,set2,alt1,20260909836
834,2,set7,alt1,20260909836
834,2,set8,alt1,20260909836
834,2,set10,alt1,20260909836
834,2,set13,alt1,20260909836
834,2,set36,alt2,20260909836
834,2,set38,alt2,20260909836
834,2,set40,alt2,20260909836
834,2,set44,alt1,20260909836
834,2,set45,alt2,20260909836
834,2,set46,alt1,20260909836
835,4,set14,alt1,20260909837
835,4,set15,alt2,20260909837
835,4,set16,alt2,20260909837
835,4,set17,alt2,20260909837
835,4,set20,alt1,20260909837
835,4,set21,alt1,20260909837
835,4,set23,alt1,20260909837
835,4,set26,alt1,20260909837
835,4,set27,alt1,20260909837
835,4,set32,alt1,20260909837
835,4,set34,alt2,20260909837
835,4,set43,alt2,20260909837
836,3,set3,alt1,20260909838
836,3,set4,alt2,20260909838
836,3,set12,alt1,20260909838
836,3,set22,alt1,20260909838
836,3,set24,alt1,20260909838
836,3,set25,alt1,20260909838
836,3,set28,alt1,20260909838
836,3,set29,alt1,20260909838
836,3,set30,alt2,20260909838
836,3,set31,alt2,20260909838
836,3,set39,alt2,20260909838
836,3,set47,alt2,20260909838
837,1,set5,alt1,20260909839
837,1,set6,alt1,20260909839
837,1,set9,alt1,20260909839
837,1,set11,alt2,20260909839
837,1,set18,alt1,20260909839
837,1,set19,alt1,20260909839
837,1,set33,alt2,20260909839
837,1,set35,alt2,20260909839
837,1,set37,alt1,20260909839
837,1,set41,alt1,20260909839
837,1,set42,alt2,20260909839
837,1,set48,alt2,20260909839
838,2,set1,alt2,20260909840
838,2,set2,alt1,20260909840
838,2,set7,alt1,20260909840
838,2,set8,alt1,20260909840
838,2,set10,alt1,20260909840
838,2,set13,alt1,20260909840
838,2,set36,alt2,20260909840
838,2,set38,alt2,20260909840
838,2,set40,alt2,20260909840
838,2,set44,alt1,20260909840
838,2,set45,alt2,20260909840
838,2,set46,alt1,20260909840
839,2,set1,alt2,20260909841
839,2,set2,alt1,20260909841
839,2,set7,alt1,20260909841
839,2,set8,alt1,20260909841
839,2,set10,alt1,20260909841
839,2,set13,alt1,20260909841
839,2,set36,alt2,20260909841
839,2,set38,alt2,20260909841
839,2,set40,alt2,20260909841
839,2,set44,alt1,20260909841
839,2,set45,alt2,20260909841
839,2,set46,alt1,20260909841
840,3,set3,alt1,20260909842
840,3,set4,alt2,20260909842
840,3,set12,alt1,20260909842
840,3,set22,alt1,20260909842
840,3,set24,alt1,20260909842
840,3,set25,alt1,20260909842
840,3,set28,alt1,20260909842
840,3,set29,alt1,20260909842
840,3,set30,alt2,20260909842
840,3,set31,alt2,20260909842
840,3,set39,alt2,20260909842
840,3,set47,alt2,20260909842
841,4,set14,alt1,20260909843
841,4,set15,alt2,20260909843
841,4,set16,alt2,20260909843
841,4,set17,alt2,20260909843
841,4,set20,alt1,20260909843
841,4,set21,alt1,20260909843
841,4,set23,alt1,20260909843
841,4,set26,alt1,20260909843
841,4,set27,alt1,20260909843
841,4,set32,alt1,20260909843
841,4,set34,alt2,20260909843
841,4,set43,alt2,20260909843
842,2,set1,alt2,20260909844
842,2,set2,alt1,20260909844
842,2,set7,alt1,20260909844
842,2,set8,alt1,20260909844
842,2,set10,alt2,20260909844
842,2,set13,alt1,20260909844
842,2,set36,alt2,20260909844
842,2,set38,alt2,20260909844
842,2,set40,alt2,20260909844
842,2,set44,alt2,20260909844
842,2,set45,alt2,20260909844
842,2,set46,alt2,20260909844
843,4,set14,alt2,20260909845
843,4,set15,alt2,20260909845
843,4,set16,alt1,20260909845
843,4,set17,alt1,20260909845
843,4,set20,alt1,20260909845
843,4,set21,alt2,20260909845
843,4,set23,alt1,20260909845
843,4,set26,alt1,20260909845
843,4,set27,alt2,20260909845
843,4,set32,alt1,20260909845
843,4,set34,alt2,20260909845
843,4,set43,alt2,20260909845
844,4,set14,alt1,20260909846
844,4,set15,alt1,20260909846
844,4,set16,alt1,20260909846
844,4,set17,alt1,20260909846
844,4,set20,alt1,20260909846
844,4,set21,alt1,20260909846
844,4,set23,alt1,20260909846
844,4,set26,alt1,20260909846
844,4,set27,alt1,20260909846
844,4,set32,alt1,20260909846
844,4,set34,alt2,20260909846
844,4,set43,alt1,20260909846
845,4,set14,alt1,20260909847
845,4,set15,alt2,20260909847
845,4,set16,alt1,20260909847
845,4,set17,alt2,20260909847
845,4,set20,alt1,20260909847
845,4,set21,alt1,20260909847
845,4,set23,alt1,20260909847
845,4,set26,alt1,20260909847
845,4,set27,alt1,20260909847
845,4,set32,alt1,20260909847
845,4,set34,alt1,20260909847
845,4,set43,alt1,20260909847
846,4,set14,alt2,20260909848
846,4,set15,alt2,20260909848
846,4,set16,alt1,20260909848
846,4,set17,alt1,20260909848
846,4,set20,alt1,20260909848
846,4,set21,alt2,20260909848
846,4,set23,alt1,20260909848
846,4,set26,alt1,20260909848
846,4,set27,alt2,20260909848
846,4,set32,alt1,20260909848
846,4,set34,alt2,20260909848
846,4,set43,alt2,20260909848
847,2,set1,alt2,20260909849
847,2,set2,alt1,20260909849
847,2,set7,alt1,20260909849
847,2,set8,alt1,20260909849
847,2,set10,alt1,20260909849
847,2,set13,alt1,20260909849
847,2,set36,alt2,20260909849
847,2,set38,alt2,20260909849
847,2,set40,alt2,20260909849
847,2,set44,alt1,20260909849
847,2,set45,alt2,20260909849
847,2,set46,alt1,20260909849
848,1,set5,alt2,20260909850
848,1,set6,alt1,20260909850
848,1,set9,alt2,20260909850
848,1,set11,alt2,20260909850
848,1,set18,alt2,20260909850
848,1,set19,alt2,20260909850
848,1,set33,alt1,20260909850
848,1,set35,alt2,20260909850
848,1,set37,alt1,20260909850
848,1,set41,alt1,20260909850
848,1,set42,alt2,20260909850
848,1,set48,alt2,20260909850
849,2,set1,alt2,20260909851
849,2,set2,alt1,20260909851
849,2,set7,alt1,20260909851
849,2,set8,alt1,20260909851
849,2,set10,alt1,20260909851
849,2,set13,alt1,20260909851
849,2,set36,alt2,20260909851
849,2,set38,alt2,20260909851
849,2,set40,alt2,20260909851
849,2,set44,alt1,20260909851
849,2,set45,alt2,20260909851
849,2,set46,alt1,20260909851
850,3,set3,alt1,20260909852
850,3,set4,alt2,20260909852
850,3,set12,alt1,20260909852
850,3,set22,alt1,20260909852
850,3,set24,alt1,20260909852
850,3,set25,alt1,20260909852
850,3,set28,alt1,20260909852
850,3,set29,alt1,20260909852
850,3,set30,alt2,20260909852
850,3,set31,alt2,20260909852
850,3,set39,alt2,20260909852
850,3,set47,alt2,20260909852
851,3,set3,alt2,20260909853
851,3,set4,alt2,20260909853
851,3,set12,alt1,20260909853
851,3,set22,alt2,20260909853
851,3,set24,alt1,20260909853
851,3,set25,alt1,20260909853
851,3,set28,alt1,20260909853
851,3,set29,alt1,20260909853
851,3,set30,alt2,20260909853
851,3,set31,alt2,20260909853
851,3,set39,alt2,20260909853
851,3,set47,alt2,20260909853
852,4,set14,alt1,20260909854
852,4,set15,alt2,20260909854
852,4,set16,alt2,20260909854
852,4,set17,alt2,20260909854
852,4,set20,alt1,20260909854
852,4,set21,alt1,20260909854
852,4,set23,alt1,20260909854
852,4,set26,alt1,20260909854
852,4,set27,alt1,20260909854
852,4,set32,alt1,20260909854
852,4,set34,alt2,20260909854
852,4,set43,alt2,20260909854
853,2,set1,alt2,20260909855
853,2,set2,alt1,20260909855
853,2,set7,alt1,20260909855
853,2,set8,alt1,20260909855
853,2,set10,alt2,20260909855
853,2,set13,alt1,20260909855
853,2,set36,alt2,20260909855
853,2,set38,alt2,20260909855
853,2,set40,alt2,20260909855
853,2,set44,alt1,20260909855
853,2,set45,alt2,20260909855
853,2,set46,alt1,20260909855
854,3,set3,alt1,20260909856
854,3,set4,alt2,20260909856
854,3,set12,alt1,20260909856
854,3,set22,alt1,20260909856
854,3,set24,alt1,20260909856
854,3,set25,alt1,20260909856
854,3,set28,alt1,20260909856
854,3,set29,alt1,20260909856
854,3,set30,alt2,20260909856
854,3,set31,alt2,20260909856
854,3,set39,alt2,20260909856
854,3,set47,alt2,20260909856
855,2,set1,alt2,20260909857
855,2,set2,alt1,20260909857
855,2,set7,alt1,20260909857
855,2,set8,alt1,20260909857
855,2,set10,alt2,20260909857
855,2,set13,alt1,20260909857
855,2,set36,alt2,20260909857
855,2,set38,alt2,20260909857
855,2,set40,alt2,20260909857
855,2,set44,alt1,20260909857
855,2,set45,alt2,20260909857
855,2,set46,alt1,20260909857
856,3,set3,alt2,20260909858
856,3,set4,alt1,20260909858
856,3,set12,alt1,20260909858
856,3,set22,alt2,20260909858
856,3,set24,alt1,20260909858
856,3,set25,alt2,20260909858
856,3,set28,alt2,20260909858
856,3,set29,alt1,20260909858
856,3,set30,alt2,20260909858
856,3,set31,alt1,20260909858
856,3,set39,alt1,20260909858
856,3,set47,alt2,20260909858
857,4,set14,alt1,20260909859
857,4,set15,alt2,20260909859
857,4,set16,alt2,20260909859
857,4,set17,alt2,20260909859
857,4,set20,alt1,20260909859
857,4,set21,alt1,20260909859
857,4,set23,alt1,20260909859
857,4,set26,alt1,20260909859
857,4,set27,alt1,20260909859
857,4,set32,alt1,20260909859
857,4,set34,alt2,20260909859
857,4,set43,alt2,20260909859
858,2,set1,alt2,20260909860
858,2,set2,alt1,20260909860
858,2,set7,alt1,20260909860
858,2,set8,alt1,20260909860
858,2,set10,alt1,20260909860
858,2,set13,alt1,20260909860
858,2,set36,alt2,20260909860
858,2,set38,alt2,20260909860
858,2,set40,alt2,20260909860
858,2,set44,alt1,20260909860
858,2,set45,alt2,20260909860
858,2,set46,alt1,20260909860
859,3,set3,alt1,20260909861
859,3,set4,alt2,20260909861
859,3,set12,alt1,20260909861
859,3,set22,alt1,20260909861
859,3,set24,alt1,20260909861
859,3,set25,alt1,20260909861
859,3,set28,alt1,20260909861
859,3,set29,alt1,20260909861
859,3,set30,alt2,20260909861
859,3,set31,alt2,20260909861
859,3,set39,alt2,20260909861
859,3,set47,alt2,20260909861
860,4,set14,alt1,20260909862
860,4,set15,alt2,20260909862
860,4,set16,alt2,20260909862
860,4,set17,alt2,20260909862
860,4,set20,alt1,20260909862
860,4,set21,alt1,20260909862
860,4,set23,alt1,20260909862
860,4,set26,alt1,20260909862
860,4,set27,alt1,20260909862
860,4,set32,alt1,20260909862
860,4,set34,alt2,20260909862
860,4,set43,alt2,20260909862
861,4,set14,alt1,20260909863
861,4,set15,alt2,20260909863
861,4,set16,alt2,20260909863
861,4,set17,alt2,20260909863
861,4,set20,alt1,20260909863
861,4,set21,alt1,20260909863
861,4,set23,alt1,20260909863
861,4,set26,alt1,20260909863
861,4,set27,alt1,20260909863
861,4,set32,alt1,20260909863
861,4,set34,alt2,20260909863
861,4,set43,alt2,20260909863
862,4,set14,alt1,20260909864
862,4,set15,alt2,20260909864
862,4,set16,alt2,20260909864
862,4,set17,alt2,20260909864
862,4,set20,alt1,20260909864
862,4,set21,alt1,20260909864
862,4,set23,alt1,20260909864
862,4,set26,alt1,20260909864
862,4,set27,alt1,20260909864
862,4,set32,alt1,20260909864
862,4,set34,alt2,20260909864
862,4,set43,alt2,20260909864
863,1,set5,alt2,20260909865
863,1,set6,alt1,20260909865
863,1,set9,alt2,20260909865
863,1,set11,alt2,20260909865
863,1,set18,alt2,20260909865
863,1,set19,alt2,20260909865
863,1,set33,alt1,20260909865
863,1,set35,alt2,20260909865
863,1,set37,alt1,20260909865
863,1,set41,alt1,20260909865
863,1,set42,alt2,20260909865
863,1,set48,alt2,20260909865
864,4,set14,alt1,20260909866
864,4,set15,alt2,20260909866
864,4,set16,alt2,20260909866
864,4,set17,alt2,20260909866
864,4,set20,alt1,20260909866
864,4,set21,alt1,20260909866
864,4,set23,alt1,20260909866
864,4,set26,alt1,20260909866
864,4,set27,alt1,20260909866
864,4,set32,alt1,20260909866
864,4,set34,alt2,20260909866
864,4,set43,alt2,20260909866
865,1,set5,alt2,20260909867
865,1,set6,alt1,20260909867
865,1,set9,alt2,20260909867
865,1,set11,alt2,20260909867
865,1,set18,alt2,20260909867
865,1,set19,alt2,20260909867
865,1,set33,alt1,20260909867
865,1,set35,alt2,20260909867
865,1,set37,alt1,20260909867
865,1,set41,alt1,20260909867
865,1,set42,alt2,20260909867
865,1,set48,alt2,20260909867
866,1,set5,alt1,20260909868
866,1,set6,alt1,20260909868
866,1,set9,alt1,20260909868
866,1,set11,alt2,20260909868
866,1,set18,alt1,20260909868
866,1,set19,alt1,20260909868
866,1,set33,alt2,20260909868
866,1,set35,alt2,20260909868
866,1,set37,alt1,20260909868
866,1,set41,alt1,20260909868
866,1,set42,alt2,20260909868
866,1,set48,alt2,20260909868
867,2,set1,alt2,20260909869
867,2,set2,alt1,20260909869
867,2,set7,alt1,20260909869
867,2,set8,alt1,20260909869
867,2,set10,alt1,20260909869
867,2,set13,alt1,20260909869
867,2,set36,alt2,20260909869
867,2,set38,alt2,20260909869
867,2,set40,alt2,20260909869
867,2,set44,alt1,20260909869
867,2,set45,alt2,20260909869
867,2,set46,alt1,20260909869
868,1,set5,alt2,20260909870
868,1,set6,alt1,20260909870
868,1,set9,alt2,20260909870
868,1,set11,alt2,20260909870
868,1,set18,alt2,20260909870
868,1,set19,alt2,20260909870
868,1,set33,alt1,20260909870
868,1,set35,alt2,20260909870
868,1,set37,alt1,20260909870
868,1,set41,alt1,20260909870
868,1,set42,alt2,20260909870
868,1,set48,alt2,20260909870
869,1,set5,alt2,20260909871
869,1,set6,alt1,20260909871
869,1,set9,alt2,20260909871
869,1,set11,alt2,20260909871
869,1,set18,alt2,20260909871
869,1,set19,alt2,20260909871
869,1,set33,alt1,20260909871
869,1,set35,alt2,20260909871
869,1,set37,alt1,20260909871
869,1,set41,alt1,20260909871
869,1,set42,alt2,20260909871
869,1,set48,alt2,20260909871
870,3,set3,alt2,20260909872
870,3,set4,alt1,20260909872
870,3,set12,alt1,20260909872
870,3,set22,alt2,20260909872
870,3,set24,alt1,20260909872
870,3,set25,alt2,20260909872
870,3,set28,alt2,20260909872
870,3,set29,alt1,20260909872
870,3,set30,alt2,20260909872
870,3,set31,alt1,20260909872
870,3,set39,alt1,20260909872
870,3,set47,alt2,20260909872
871,3,set3,alt2,20260909873
871,3,set4,alt1,20260909873
871,3,set12,alt1,20260909873
871,3,set22,alt2,20260909873
871,3,set24,alt1,20260909873
871,3,set25,alt2,20260909873
871,3,set28,alt2,20260909873
871,3,set29,alt1,20260909873
871,3,set30,alt2,20260909873
871,3,set31,alt1,20260909873
871,3,set39,alt1,20260909873
871,3,set47,alt2,20260909873
872,3,set3,alt1,20260909874
872,3,set4,alt2,20260909874
872,3,set12,alt1,20260909874
872,3,set22,alt1,20260909874
872,3,set24,alt1,20260909874
872,3,set25,alt1,20260909874
872,3,set28,alt1,20260909874
872,3,set29,alt1,20260909874
872,3,set30,alt2,20260909874
872,3,set31,alt2,20260909874
872,3,set39,alt2,20260909874
872,3,set47,alt2,20260909874
873,3,set3,alt2,20260909875
873,3,set4,alt1,20260909875
873,3,set12,alt1,20260909875
873,3,set22,alt1,20260909875
873,3,set24,alt1,20260909875
873,3,set25,alt2,20260909875
873,3,set28,alt2,20260909875
873,3,set29,alt1,20260909875
873,3,set30,alt1,20260909875
873,3,set31,alt2,20260909875
873,3,set39,alt1,20260909875
873,3,set47,alt1,20260909875
874,2,set1,alt2,20260909876
874,2,set2,alt1,20260909876
874,2,set7,alt1,20260909876
874,2,set8,alt1,20260909876
874,2,set10,alt1,20260909876
874,2,set13,alt1,20260909876
874,2,set36,alt2,20260909876
874,2,set38,alt2,20260909876
874,2,set40,alt2,20260909876
874,2,set44,alt1,20260909876
874,2,set45,alt2,20260909876
874,2,set46,alt1,20260909876
875,2,set1,alt2,20260909877
875,2,set2,alt1,20260909877
875,2,set7,alt1,20260909877
875,2,set8,alt1,20260909877
875,2,set10,alt1,20260909877
875,2,set13,alt1,20260909877
875,2,set36,alt2,20260909877
875,2,set38,alt2,20260909877
875,2,set40,alt2,20260909877
875,2,set44,alt1,20260909877
875,2,set45,alt2,20260909877
875,2,set46,alt1,20260909877
876,4,set14,alt1,20260909878
876,4,set15,alt1,20260909878
876,4,set16,alt1,20260909878
876,4,set17,alt1,20260909878
876,4,set20,alt1,20260909878
876,4,set21,alt1,20260909878
876,4,set23,alt1,20260909878
876,4,set26,alt1,20260909878
876,4,set27,alt1,20260909878
876,4,set32,alt1,20260909878
876,4,set34,alt2,20260909878
876,4,set43,alt1,20260909878
877,3,set3,alt2,20260909879
877,3,set4,alt2,20260909879
877,3,set12,alt1,20260909879
877,3,set22,alt2,20260909879
877,3,set24,alt1,20260909879
877,3,set25,alt1,20260909879
877,3,set28,alt1,20260909879
877,3,set29,alt1,20260909879
877,3,set30,alt2,20260909879
877,3,set31,alt2,20260909879
877,3,set39,alt2,20260909879
877,3,set47,alt2,20260909879
878,1,set5,alt2,20260909880
878,1,set6,alt2,20260909880
878,1,set9,alt2,20260909880
878,1,set11,alt2,20260909880
878,1,set18,alt2,20260909880
878,1,set19,alt2,20260909880
878,1,set33,alt1,20260909880
878,1,set35,alt2,20260909880
878,1,set37,alt1,20260909880
878,1,set41,alt2,20260909880
878,1,set42,alt2,20260909880
878,1,set48,alt2,20260909880
879,1,set5,alt2,20260909881
879,1,set6,alt1,20260909881
879,1,set9,alt2,20260909881
879,1,set11,alt2,20260909881
879,1,set18,alt2,20260909881
879,1,set19,alt2,20260909881
879,1,set33,alt1,20260909881
879,1,set35,alt2,20260909881
879,1,set37,alt1,20260909881
879,1,set41,alt1,20260909881
879,1,set42,alt2,20260909881
879,1,set48,alt2,20260909881
880,3,set3,alt1,20260909882
880,3,set4,alt2,20260909882
880,3,set12,alt1,20260909882
880,3,set22,alt1,20260909882
880,3,set24,alt1,20260909882
880,3,set25,alt1,20260909882
880,3,set28,alt1,20260909882
880,3,set29,alt1,20260909882
880,3,set30,alt2,20260909882
880,3,set31,alt2,20260909882
880,3,set39,alt2,20260909882
880,3,set47,alt2,20260909882
881,1,set5,alt2,20260909883
881,1,set6,alt2,20260909883
881,1,set9,alt2,20260909883
881,1,set11,alt2,20260909883
881,1,set18,alt1,20260909883
881,1,set19,alt2,20260909883
881,1,set33,alt1,20260909883
881,1,set35,alt2,20260909883
881,1,set37,alt1,20260909883
881,1,set41,alt1,20260909883
881,1,set42,alt2,20260909883
881,1,set48,alt2,20260909883
882,3,set3,alt1,20260909884
882,3,set4,alt2,20260909884
882,3,set12,alt1,20260909884
882,3,set22,alt1,20260909884
882,3,set24,alt1,20260909884
882,3,set25,alt1,20260909884
882,3,set28,alt1,20260909884
882,3,set29,alt1,20260909884
882,3,set30,alt2,20260909884
882,3,set31,alt2,20260909884
882,3,set39,alt2,20260909884
882,3,set47,alt2,20260909884
883,3,set3,alt1,20260909885
883,3,set4,alt2,20260909885
883,3,set12,alt1,20260909885
883,3,set22,alt1,20260909885
883,3,set24,alt1,20260909885
883,3,set25,alt1,20260909885
883,3,set28,alt1,20260909885
883,3,set29,alt1,20260909885
883,3,set30,alt2,20260909885
883,3,set31,alt2,20260909885
883,3,set39,alt2,20260909885
883,3,set47,alt2,20260909885
884,2,set1,alt2,20260909886
884,2,set2,alt1,20260909886
884,2,set7,alt1,20260909886
884,2,set8,alt1,20260909886
884,2,set10,alt1,20260909886
884,2,set13,alt1,20260909886
884,2,set36,alt2,20260909886
884,2,set38,alt2,20260909886
884,2,set40,alt2,20260909886
884,2,set44,alt1,20260909886
884,2,set45,alt2,20260909886
884,2,set46,alt1,20260909886
885,2,set1,alt2,20260909887
885,2,set2,alt1,20260909887
885,2,set7,alt1,20260909887
885,2,set8,alt1,20260909887
885,2,set10,alt1,20260909887
885,2,set13,alt1,20260909887
885,2,set36,alt2,20260909887
885,2,set38,alt2,20260909887
885,2,set40,alt2,20260909887
885,2,set44,alt1,20260909887
885,2,set45,alt2,20260909887
885,2,set46,alt1,20260909887
886,4,set14,alt1,20260909888
886,4,set15,alt2,20260909888
886,4,set16,alt2,20260909888
886,4,set17,alt2,20260909888
886,4,set20,alt1,20260909888
886,4,set21,alt1,20260909888
886,4,set23,alt1,20260909888
886,4,set26,alt1,20260909888
886,4,set27,alt1,20260909888
886,4,set32,alt1,20260909888
886,4,set34,alt2,20260909888
886,4,set43,alt2,20260909888
887,3,set3,alt1,20260909889
887,3,set4,alt2,20260909889
887,3,set12,alt1,20260909889
887,3,set22,alt1,20260909889
887,3,set24,alt1,20260909889
887,3,set25,alt1,20260909889
887,3,set28,alt1,20260909889
887,3,set29,alt1,20260909889
887,3,set30,alt2,20260909889
887,3,set31,alt2,20260909889
887,3,set39,alt2,20260909889
887,3,set47,alt2,20260909889
888,1,set5,alt2,20260909890
888,1,set6,alt2,20260909890
888,1,set9,alt2,20260909890
888,1,set11,alt2,20260909890
888,1,set18,alt2,20260909890
888,1,set19,alt2,20260909890
888,1,set33,alt1,20260909890
888,1,set35,alt2,20260909890
888,1,set37,alt1,20260909890
888,1,set41,alt2,20260909890
888,1,set42,alt2,20260909890
888,1,set48,alt2,20260909890
889,1,set5,alt1,20260909891
889,1,set6,alt1,20260909891
889,1,set9,alt1,20260909891
889,1,set11,alt2,20260909891
889,1,set18,alt1,20260909891
889,1,set19,alt1,20260909891
889,1,set33,alt2,20260909891
889,1,set35,alt2,20260909891
889,1,set37,alt1,20260909891
889,1,set41,alt1,20260909891
889,1,set42,alt2,20260909891
889,1,set48,alt2,20260909891
890,3,set3,alt1,20260909892
890,3,set4,alt2,20260909892
890,3,set12,alt1,20260909892
890,3,set22,alt1,20260909892
890,3,set24,alt1,20260909892
890,3,set25,alt1,20260909892
890,3,set28,alt1,20260909892
890,3,set29,alt1,20260909892
890,3,set30,alt2,20260909892
890,3,set31,alt2,20260909892
890,3,set39,alt2,20260909892
890,3,set47,alt2,20260909892
891,1,set5,alt2,20260909893
891,1,set6,alt2,20260909893
891,1,set9,alt2,20260909893
891,1,set11,alt2,20260909893
891,1,set18,alt2,20260909893
891,1,set19,alt2,20260909893
891,1,set33,alt1,20260909893
891,1,set35,alt2,20260909893
891,1,set37,alt1,20260909893
891,1,set41,alt2,20260909893
891,1,set42,alt2,20260909893
891,1,set48,alt2,20260909893
892,2,set1,alt2,20260909894
892,2,set2,alt1,20260909894
892,2,set7,alt1,20260909894
892,2,set8,alt1,20260909894
892,2,set10,alt1,20260909894
892,2,set13,alt1,20260909894
892,2,set36,alt2,20260909894
892,2,set38,alt2,20260909894
892,2,set40,alt2,20260909894
892,2,set44,alt1,20260909894
892,2,set45,alt2,20260909894
892,2,set46,alt1,20260909894
893,4,set14,alt1,20260909895
893,4,set15,alt1,20260909895
893,4,set16,alt1,20260909895
893,4,set17,alt1,20260909895
893,4,set20,alt1,20260909895
893,4,set21,alt1,20260909895
893,4,set23,alt1,20260909895
893,4,set26,alt1,20260909895
893,4,set27,alt1,20260909895
893,4,set32,alt1,20260909895
893,4,set34,alt2,20260909895
893,4,set43,alt1,20260909895
894,2,set1,alt2,20260909896
894,2,set2,alt1,20260909896
894,2,set7,alt1,20260909896
894,2,set8,alt1,20260909896
894,2,set10,alt1,20260909896
894,2,set13,alt1,20260909896
894,2,set36,alt2,20260909896
894,2,set38,alt2,20260909896
894,2,set40,alt2,20260909896
894,2,set44,alt1,20260909896
894,2,set45,alt2,20260909896
894,2,set46,alt1,20260909896
895,2,set1,alt2,20260909897
895,2,set2,alt1,20260909897
895,2,set7,alt2,20260909897
895,2,set8,alt1,20260909897
895,2,set10,alt2,20260909897
895,2,set13,alt1,20260909897
895,2,set36,alt2,20260909897
895,2,set38,alt1,20260909897
895,2,set40,alt2,20260909897
895,2,set44,alt2,20260909897
895,2,set45,alt2,20260909897
895,2,set46,alt2,20260909897
896,4,set14,alt1,20260909898
896,4,set15,alt2,20260909898
896,4,set16,alt2,20260909898
896,4,set17,alt2,20260909898
896,4,set20,alt1,20260909898
896,4,set21,alt1,20260909898
896,4,set23,alt1,20260909898
896,4,set26,alt1,20260909898
896,4,set27,alt1,20260909898
896,4,set32,alt1,20260909898
896,4,set34,alt2,20260909898
896,4,set43,alt2,20260909898
897,4,set14,alt2,20260909899
897,4,set15,alt2,20260909899
897,4,set16,alt1,20260909899
897,4,set17,alt1,20260909899
897,4,set20,alt1,20260909899
897,4,set21,alt1,20260909899
897,4,set23,alt1,20260909899
897,4,set26,alt1,20260909899
897,4,set27,alt2,20260909899
897,4,set32,alt1,20260909899
897,4,set34,alt2,20260909899
897,4,set43,alt1,20260909899
898,3,set3,alt1,20260909900
898,3,set4,alt2,20260909900
898,3,set12,alt1,20260909900
898,3,set22,alt1,20260909900
898,3,set24,alt1,20260909900
898,3,set25,alt1,20260909900
898,3,set28,alt1,20260909900
898,3,set29,alt1,20260909900
898,3,set30,alt2,20260909900
898,3,set31,alt2,20260909900
898,3,set39,alt2,20260909900
898,3,set47,alt2,20260909900
899,3,set3,alt2,20260909901
899,3,set4,alt1,20260909901
899,3,set12,alt1,20260909901
899,3,set22,alt2,20260909901
899,3,set24,alt1,20260909901
899,3,set25,alt2,20260909901
899,3,set28,alt2,20260909901
899,3,set29,alt1,20260909901
899,3,set30,alt2,20260909901
899,3,set31,alt1,20260909901
899,3,set39,alt1,20260909901
899,3,set47,alt2,20260909901
900,1,set5,alt1,20260909902
900,1,set6,alt1,20260909902
900,1,set9,alt1,20260909902
900,1,set11,alt2,20260909902
900,1,set18,alt1,20260909902
900,1,set19,alt1,20260909902
900,1,set33,alt2,20260909902
900,1,set35,alt2,20260909902
900,1,set37,alt1,20260909902
900,1,set41,alt1,20260909902
900,1,set42,alt2,20260909902
900,1,set48,alt2,20260909902
901,3,set3,alt1,20260909903
901,3,set4,alt2,20260909903
901,3,set12,alt1,20260909903
901,3,set22,alt1,20260909903
901,3,set24,alt1,20260909903
901,3,set25,alt1,20260909903
901,3,set28,alt1,20260909903
901,3,set29,alt1,20260909903
901,3,set30,alt2,20260909903
901,3,set31,alt2,20260909903
901,3,set39,alt2,20260909903
901,3,set47,alt2,20260909903
902,1,set5,alt2,20260909904
902,1,set6,alt1,20260909904
902,1,set9,alt2,20260909904
902,1,set11,alt2,20260909904
902,1,set18,alt2,20260909904
902,1,set19,alt2,20260909904
902,1,set33,alt1,20260909904
902,1,set35,alt2,20260909904
902,1,set37,alt1,20260909904
902,1,set41,alt1,20260909904
902,1,set42,alt2,20260909904
902,1,set48,alt2,20260909904
903,2,set1,alt2,20260909905
903,2,set2,alt1,20260909905
903,2,set7,alt1,20260909905
903,2,set8,alt1,20260909905
903,2,set10,alt1,20260909905
903,2,set13,alt1,20260909905
903,2,set36,alt2,20260909905
903,2,set38,alt2,20260909905
903,2,set40,alt2,20260909905
903,2,set44,alt1,20260909905
903,2,set45,alt2,20260909905
903,2,set46,alt1,20260909905
904,2,set1,alt2,20260909906
904,2,set2,alt1,20260909906
904,2,set7,alt2,20260909906
904,2,set8,alt1,20260909906
904,2,set10,alt2,20260909906
904,2,set13,alt1,20260909906
904,2,set36,alt2,20260909906
904,2,set38,alt1,20260909906
904,2,set40,alt2,20260909906
904,2,set44,alt2,20260909906
904,2,set45,alt2,20260909906
904,2,set46,alt2,20260909906
905,1,set5,alt2,20260909907
905,1,set6,alt1,20260909907
905,1,set9,alt2,20260909907
905,1,set11,alt2,20260909907
905,1,set18,alt2,20260909907
905,1,set19,alt2,20260909907
905,1,set33,alt1,20260909907
905,1,set35,alt2,20260909907
905,1,set37,alt1,20260909907
905,1,set41,alt1,20260909907
905,1,set42,alt2,20260909907
905,1,set48,alt2,20260909907
906,3,set3,alt1,20260909908
906,3,set4,alt2,20260909908
906,3,set12,alt1,20260909908
906,3,set22,alt1,20260909908
906,3,set24,alt1,20260909908
906,3,set25,alt1,20260909908
906,3,set28,alt1,20260909908
906,3,set29,alt1,20260909908
906,3,set30,alt2,20260909908
906,3,set31,alt2,20260909908
906,3,set39,alt2,20260909908
906,3,set47,alt2,20260909908
907,4,set14,alt1,20260909909
907,4,set15,alt2,20260909909
907,4,set16,alt1,20260909909
907,4,set17,alt2,20260909909
907,4,set20,alt1,20260909909
907,4,set21,alt1,20260909909
907,4,set23,alt1,20260909909
907,4,set26,alt1,20260909909
907,4,set27,alt1,20260909909
907,4,set32,alt1,20260909909
907,4,set34,alt1,20260909909
907,4,set43,alt1,20260909909
908,3,set3,alt1,20260909910
908,3,set4,alt2,20260909910
908,3,set12,alt1,20260909910
908,3,set22,alt1,20260909910
908,3,set24,alt1,20260909910
908,3,set25,alt1,20260909910
908,3,set28,alt1,20260909910
908,3,set29,alt1,20260909910
908,3,set30,alt2,20260909910
908,3,set31,alt2,20260909910
908,3,set39,alt2,20260909910
908,3,set47,alt2,20260909910
909,1,set5,alt2,20260909911
909,1,set6,alt1,20260909911
909,1,set9,alt2,20260909911
909,1,set11,alt2,20260909911
909,1,set18,alt2,20260909911
909,1,set19,alt2,20260909911
909,1,set33,alt1,20260909911
909,1,set35,alt2,20260909911
909,1,set37,alt1,20260909911
909,1,set41,alt1,20260909911
909,1,set42,alt2,20260909911
909,1,set48,alt2,20260909911
910,2,set1,alt2,20260909912
910,2,set2,alt1,20260909912
910,2,set7,alt1,20260909912
910,2,set8,alt1,20260909912
910,2,set10,alt1,20260909912
910,2,set13,alt1,20260909912
910,2,set36,alt2,20260909912
910,2,set38,alt2,20260909912
910,2,set40,alt2,20260909912
910,2,set44,alt1,20260909912
910,2,set45,alt2,20260909912
910,2,set46,alt1,20260909912
911,4,set14,alt1,20260909913
911,4,set15,alt1,20260909913
911,4,set16,alt1,20260909913
911,4,set17,alt1,20260909913
911,4,set20,alt1,20260909913
911,4,set21,alt1,20260909913
911,4,set23,alt1,20260909913
911,4,set26,alt1,20260909913
911,4,set27,alt1,20260909913
911,4,set32,alt1,20260909913
911,4,set34,alt2,20260909913
911,4,set43,alt1,20260909913
912,1,set5,alt2,20260909914
912,1,set6,alt2,20260909914
912,1,set9,alt2,20260909914
912,1,set11,alt2,20260909914
912,1,set18,alt2,20260909914
912,1,set19,alt2,20260909914
912,1,set33,alt1,20260909914
912,1,set35,alt2,20260909914
912,1,set37,alt1,20260909914
912,1,set41,alt2,20260909914
912,1,set42,alt2,20260909914
912,1,set48,alt2,20260909914
913,1,set5,alt2,20260909915
913,1,set6,alt1,20260909915
913,1,set9,alt2,20260909915
913,1,set11,alt2,20260909915
913,1,set18,alt2,20260909915
913,1,set19,alt2,20260909915
913,1,set33,alt1,20260909915
913,1,set35,alt2,20260909915
913,1,set37,alt1,20260909915
913,1,set41,alt1,20260909915
913,1,set42,alt2,20260909915
913,1,set48,alt2,20260909915
914,2,set1,alt2,20260909916
914,2,set2,alt1,20260909916
914,2,set7,alt1,20260909916
914,2,set8,alt1,20260909916
914,2,set10,alt1,20260909916
914,2,set13,alt1,20260909916
914,2,set36,alt2,20260909916
914,2,set38,alt2,20260909916
914,2,set40,alt2,20260909916
914,2,set44,alt1,20260909916
914,2,set45,alt2,20260909916
914,2,set46,alt1,20260909916
915,4,set14,alt1,20260909917
915,4,set15,alt2,20260909917
915,4,set16,alt2,20260909917
915,4,set17,alt2,20260909917
915,4,set20,alt1,20260909917
915,4,set21,alt1,20260909917
915,4,set23,alt1,20260909917
915,4,set26,alt1,20260909917
915,4,set27,alt1,20260909917
915,4,set32,alt1,20260909917
915,4,set34,alt2,20260909917
915,4,set43,alt2,20260909917
916,4,set14,alt1,20260909918
916,4,set15,alt2,20260909918
916,4,set16,alt1,20260909918
916,4,set17,alt2,20260909918
916,4,set20,alt1,20260909918
916,4,set21,alt1,20260909918
916,4,set23,alt1,20260909918
916,4,set26,alt1,20260909918
916,4,set27,alt1,20260909918
916,4,set32,alt1,20260909918
916,4,set34,alt1,20260909918
916,4,set43,alt1,20260909918
917,4,set14,alt1,20260909919
917,4,set15,alt2,20260909919
917,4,set16,alt2,20260909919
917,4,set17,alt2,20260909919
917,4,set20,alt1,20260909919
917,4,set21,alt1,20260909919
917,4,set23,alt1,20260909919
917,4,set26,alt1,20260909919
917,4,set27,alt1,20260909919
917,4,set32,alt1,20260909919
917,4,set34,alt2,20260909919
917,4,set43,alt2,20260909919
918,2,set1,alt2,20260909920
918,2,set2,alt1,20260909920
918,2,set7,alt1,20260909920
918,2,set8,alt1,20260909920
918,2,set10,alt1,20260909920
918,2,set13,alt1,20260909920
918,2,set36,alt2,20260909920
918,2,set38,alt2,20260909920
918,2,set40,alt2,20260909920
918,2,set44,alt1,20260909920
918,2,set45,alt2,20260909920
918,2,set46,alt1,20260909920
919,2,set1,alt2,20260909921
919,2,set2,alt1,20260909921
919,2,set7,alt1,20260909921
919,2,set8,alt1,20260909921
919,2,set10,alt1,20260909921
919,2,set13,alt1,20260909921
919,2,set36,alt2,20260909921
919,2,set38,alt2,20260909921
919,2,set40,alt2,20260909921
919,2,set44,alt1,20260909921
919,2,set45,alt2,20260909921
919,2,set46,alt1,20260909921
920,4,set14,alt2,20260909922
920,4,set15,alt2,20260909922
920,4,set16,alt1,20260909922
920,4,set17,alt1,20260909922
920,4,set20,alt1,20260909922
920,4,set21,alt2,20260909922
920,4,set23,alt1,20260909922
920,4,set26,alt1,20260909922
920,4,set27,alt2,20260909922
920,4,set32,alt1,20260909922
920,4,set34,alt2,20260909922
920,4,set43,alt2,20260909922
921,3,set3,alt1,20260909923
921,3,set4,alt2,20260909923
921,3,set12,alt1,20260909923
921,3,set22,alt1,20260909923
921,3,set24,alt1,20260909923
921,3,set25,alt1,20260909923
921,3,set28,alt1,20260909923
921,3,set29,alt1,20260909923
921,3,set30,alt2,20260909923
921,3,set31,alt2,20260909923
921,3,set39,alt2,20260909923
921,3,set47,alt2,20260909923
922,4,set14,alt1,20260909924
922,4,set15,alt2,20260909924
922,4,set16,alt2,20260909924
922,4,set17,alt2,20260909924
922,4,set20,alt1,20260909924
922,4,set21,alt1,20260909924
922,4,set23,alt1,20260909924
922,4,set26,alt1,20260909924
922,4,set27,alt1,20260909924
922,4,set32,alt1,20260909924
922,4,set34,alt2,20260909924
922,4,set43,alt2,20260909924
923,4,set14,alt1,20260909925
923,4,set15,alt2,20260909925
923,4,set16,alt1,20260909925
923,4,set17,alt2,20260909925
923,4,set20,alt1,20260909925
923,4,set21,alt1,20260909925
923,4,set23,alt1,20260909925
923,4,set26,alt1,20260909925
923,4,set27,alt1,20260909925
923,4,set32,alt1,20260909925
923,4,set34,alt1,20260909925
923,4,set43,alt1,20260909925
924,3,set3,alt1,20260909926
924,3,set4,alt2,20260909926
924,3,set12,alt1,20260909926
924,3,set22,alt1,20260909926
924,3,set24,alt1,20260909926
924,3,set25,alt1,20260909926
924,3,set28,alt1,20260909926
924,3,set29,alt1,20260909926
924,3,set30,alt2,20260909926
924,3,set31,alt2,20260909926
924,3,set39,alt2,20260909926
924,3,set47,alt2,20260909926
925,1,set5,alt1,20260909927
925,1,set6,alt1,20260909927
925,1,set9,alt1,20260909927
925,1,set11,alt2,20260909927
925,1,set18,alt1,20260909927
925,1,set19,alt1,20260909927
925,1,set33,alt2,20260909927
925,1,set35,alt2,20260909927
925,1,set37,alt1,20260909927
925,1,set41,alt1,20260909927
925,1,set42,alt2,20260909927
925,1,set48,alt2,20260909927
926,1,set5,alt2,20260909928
926,1,set6,alt1,20260909928
926,1,set9,alt2,20260909928
926,1,set11,alt2,20260909928
926,1,set18,alt2,20260909928
926,1,set19,alt2,20260909928
926,1,set33,alt1,20260909928
926,1,set35,alt2,20260909928
926,1,set37,alt1,20260909928
926,1,set41,alt1,20260909928
926,1,set42,alt2,20260909928
926,1,set48,alt2,20260909928
927,2,set1,alt2,20260909929
927,2,set2,alt1,20260909929
927,2,set7,alt1,20260909929
927,2,set8,alt1,20260909929
927,2,set10,alt1,20260909929
927,2,set13,alt1,20260909929
927,2,set36,alt2,20260909929
927,2,set38,alt2,20260909929
927,2,set40,alt2,20260909929
927,2,set44,alt1,20260909929
927,2,set45,alt2,20260909929
927,2,set46,alt1,20260909929
928,2,set1,alt2,20260909930
928,2,set2,alt1,20260909930
928,2,set7,alt1,20260909930
928,2,set8,alt1,20260909930
928,2,set10,alt1,20260909930
928,2,set13,alt1,20260909930
928,2,set36,alt1,20260909930
928,2,set38,alt2,20260909930
928,2,set40,alt1,20260909930
928,2,set44,alt2,20260909930
928,2,set45,alt2,20260909930
928,2,set46,alt2,20260909930
929,2,set1,alt2,20260909931
929,2,set2,alt1,20260909931
929,2,set7,alt1,20260909931
929,2,set8,alt1,20260909931
929,2,set10,alt2,20260909931
929,2,set13,alt1,20260909931
929,2,set36,alt2,20260909931
929,2,set38,alt2,20260909931
929,2,set40,alt2,20260909931
929,2,set44,alt1,20260909931
929,2,set45,alt2,20260909931
929,2,set46,alt1,20260909931
930,3,set3,alt1,20260909932
930,3,set4,alt2,20260909932
930,3,set12,alt1,20260909932
930,3,set22,alt1,20260909932
930,3,set24,alt1,20260909932
930,3,set25,alt1,20260909932
930,3,set28,alt1,20260909932
930,3,set29,alt1,20260909932
930,3,set30,alt2,20260909932
930,3,set31,alt2,20260909932
930,3,set39,alt2,20260909932
930,3,set47,alt2,20260909932
931,1,set5,alt2,20260909933
931,1,set6,alt1,20260909933
931,1,set9,alt2,20260909933
931,1,set11,alt2,20260909933
931,1,set18,alt2,20260909933
931,1,set19,alt2,20260909933
931,1,set33,alt1,20260909933
931,1,set35,alt2,20260909933
931,1,set37,alt1,20260909933
931,1,set41,alt1,20260909933
931,1,set42,alt2,20260909933
931,1,set48,alt2,20260909933
932,3,set3,alt2,20260909934
932,3,set4,alt1,20260909934
932,3,set12,alt1,20260909934
932,3,set22,alt2,20260909934
932,3,set24,alt1,20260909934
932,3,set25,alt2,20260909934
932,3,set28,alt2,20260909934
932,3,set29,alt1,20260909934
932,3,set30,alt2,20260909934
932,3,set31,alt1,20260909934
932,3,set39,alt1,20260909934
932,3,set47,alt2,20260909934
933,4,set14,alt1,20260909935
933,4,set15,alt2,20260909935
933,4,set16,alt2,20260909935
933,4,set17,alt2,20260909935
933,4,set20,alt1,20260909935
933,4,set21,alt1,20260909935
933,4,set23,alt1,20260909935
933,4,set26,alt1,20260909935
933,4,set27,alt1,20260909935
933,4,set32,alt1,20260909935
933,4,set34,alt2,20260909935
933,4,set43,alt2,20260909935
934,3,set3,alt1,20260909936
934,3,set4,alt2,20260909936
934,3,set12,alt1,20260909936
934,3,set22,alt1,20260909936
934,3,set24,alt1,20260909936
934,3,set25,alt1,20260909936
934,3,set28,alt1,20260909936
934,3,set29,alt1,20260909936
934,3,set30,alt2,20260909936
934,3,set31,alt2,20260909936
934,3,set39,alt2,20260909936
934,3,set47,alt2,20260909936
935,1,set5,alt2,20260909937
935,1,set6,alt1,20260909937
935,1,set9,alt2,20260909937
935,1,set11,alt2,20260909937
935,1,set18,alt2,20260909937
935,1,set19,alt2,20260909937
935,1,set33,alt1,20260909937
935,1,set35,alt2,20260909937
935,1,set37,alt1,20260909937
935,1,set41,alt1,20260909937
935,1,set42,alt2,20260909937
935,1,set48,alt2,20260909937
936,4,set14,alt1,20260909938
936,4,set15,alt2,20260909938
936,4,set16,alt2,20260909938
936,4,set17,alt2,20260909938
936,4,set20,alt1,20260909938
936,4,set21,alt1,20260909938
936,4,set23,alt1,20260909938
936,4,set26,alt1,20260909938
936,4,set27,alt1,20260909938
936,4,set32,alt1,20260909938
936,4,set34,alt2,20260909938
936,4,set43,alt2,20260909938
937,2,set1,alt2,20260909939
937,2,set2,alt1,20260909939
937,2,set7,alt1,20260909939
937,2,set8,alt1,20260909939
937,2,set10,alt1,20260909939
937,2,set13,alt1,20260909939
937,2,set36,alt2,20260909939
937,2,set38,alt2,20260909939
937,2,set40,alt2,20260909939
937,2,set44,alt1,20260909939
937,2,set45,alt2,20260909939
937,2,set46,alt1,20260909939
938,4,set14,alt1,20260909940
938,4,set15,alt1,20260909940
938,4,set16,alt1,20260909940
938,4,set17,alt1,20260909940
938,4,set20,alt1,20260909940
938,4,set21,alt1,20260909940
938,4,set23,alt1,20260909940
938,4,set26,alt1,20260909940
938,4,set27,alt1,20260909940
938,4,set32,alt1,20260909940
938,4,set34,alt2,20260909940
938,4,set43,alt1,20260909940
939,3,set3,alt1,20260909941
939,3,set4,alt2,20260909941
939,3,set12,alt1,20260909941
939,3,set22,alt1,20260909941
939,3,set24,alt1,20260909941
939,3,set25,alt1,20260909941
939,3,set28,alt1,20260909941
939,3,set29,alt1,20260909941
939,3,set30,alt2,20260909941
939,3,set31,alt2,20260909941
939,3,set39,alt2,20260909941
939,3,set47,alt2,20260909941
940,3,set3,alt1,20260909942
940,3,set4,alt2,20260909942
940,3,set12,alt1,20260909942
940,3,set22,alt1,20260909942
940,3,set24,alt1,20260909942
940,3,set25,alt1,20260909942
940,3,set28,alt1,20260909942
940,3,set29,alt1,20260909942
940,3,set30,alt2,20260909942
940,3,set31,alt2,20260909942
940,3,set39,alt2,20260909942
940,3,set47,alt2,20260909942
941,3,set3,alt2,20260909943
941,3,set4,alt1,20260909943
941,3,set12,alt1,20260909943
941,3,set22,alt1,20260909943
941,3,set24,alt1,20260909943
941,3,set25,alt2,20260909943
941,3,set28,alt2,20260909943
941,3,set29,alt1,20260909943
941,3,set30,alt1,20260909943
941,3,set31,alt2,20260909943
941,3,set39,alt1,20260909943
941,3,set47,alt1,20260909943
942,4,set14,alt1,20260909944
942,4,set15,alt2,20260909944
942,4,set16,alt2,20260909944
942,4,set17,alt2,20260909944
942,4,set20,alt1,20260909944
942,4,set21,alt1,20260909944
942,4,set23,alt1,20260909944
942,4,set26,alt1,20260909944
942,4,set27,alt1,20260909944
942,4,set32,alt1,20260909944
942,4,set34,alt2,20260909944
942,4,set43,alt2,20260909944
943,2,set1,alt2,20260909945
943,2,set2,alt1,20260909945
943,2,set7,alt1,20260909945
943,2,set8,alt1,20260909945
943,2,set10,alt1,20260909945
943,2,set13,alt1,20260909945
943,2,set36,alt2,20260909945
943,2,set38,alt2,20260909945
943,2,set40,alt2,20260909945
943,2,set44,alt1,20260909945
943,2,set45,alt2,20260909945
943,2,set46,alt1,20260909945
944,3,set3,alt1,20260909946
944,3,set4,alt2,20260909946
944,3,set12,alt1,20260909946
944,3,set22,alt1,20260909946
944,3,set24,alt1,20260909946
944,3,set25,alt1,20260909946
944,3,set28,alt1,20260909946
944,3,set29,alt1,20260909946
944,3,set30,alt2,20260909946
944,3,set31,alt2,20260909946
944,3,set39,alt2,20260909946
944,3,set47,alt2,20260909946
945,4,set14,alt1,20260909947
945,4,set15,alt2,20260909947
945,4,set16,alt2,20260909947
945,4,set17,alt2,20260909947
945,4,set20,alt1,20260909947
945,4,set21,alt1,20260909947
945,4,set23,alt1,20260909947
945,4,set26,alt1,20260909947
945,4,set27,alt1,20260909947
945,4,set32,alt1,20260909947
945,4,set34,alt2,20260909947
945,4,set43,alt2,20260909947
946,4,set14,alt1,20260909948
946,4,set15,alt2,20260909948
946,4,set16,alt2,20260909948
946,4,set17,alt2,20260909948
946,4,set20,alt1,20260909948
946,4,set21,alt1,20260909948
946,4,set23,alt1,20260909948
946,4,set26,alt1,20260909948
946,4,set27,alt1,20260909948
946,4,set32,alt1,20260909948
946,4,set34,alt2,20260909948
946,4,set43,alt2,20260909948
947,1,set5,alt2,20260909949
947,1,set6,alt1,20260909949
947,1,set9,alt2,20260909949
947,1,set11,alt2,20260909949
947,1,set18,alt2,20260909949
947,1,set19,alt2,20260909949
947,1,set33,alt1,20260909949
947,1,set35,alt2,20260909949
947,1,set37,alt1,20260909949
947,1,set41,alt1,20260909949
947,1,set42,alt2,20260909949
947,1,set48,alt2,20260909949
948,3,set3,alt1,20260909950
948,3,set4,alt2,20260909950
948,3,set12,alt1,20260909950
948,3,set22,alt1,20260909950
948,3,set24,alt1,20260909950
948,3,set25,alt1,20260909950
948,3,set28,alt1,20260909950
948,3,set29,alt1,20260909950
948,3,set30,alt2,20260909950
948,3,set31,alt2,20260909950
948,3,set39,alt2,20260909950
948,3,set47,alt2,20260909950
949,1,set5,alt2,20260909951
949,1,set6,alt2,20260909951
949,1,set9,alt2,20260909951
949,1,set11,alt2,20260909951
949,1,set18,alt2,20260909951
949,1,set19,alt2,20260909951
949,1,set33,alt1,20260909951
949,1,set35,alt2,20260909951
949,1,set37,alt1,20260909951
949,1,set41,alt2,20260909951
949,1,set42,alt2,20260909951
949,1,set48,alt2,20260909951
950,1,set5,alt2,20260909952
950,1,set6,alt2,20260909952
950,1,set9,alt2,20260909952
950,1,set11,alt2,20260909952
950,1,set18,alt1,20260909952
950,1,set19,alt2,20260909952
950,1,set33,alt1,20260909952
950,1,set35,alt2,20260909952
950,1,set37,alt1,20260909952
950,1,set41,alt1,20260909952
950,1,set42,alt2,20260909952
950,1,set48,alt2,20260909952
951,3,set3,alt1,20260909953
951,3,set4,alt2,20260909953
951,3,set12,alt1,20260909953
951,3,set22,alt1,20260909953
951,3,set24,alt1,20260909953
951,3,set25,alt1,20260909953
951,3,set28,alt1,20260909953
951,3,set29,alt1,20260909953
951,3,set30,alt2,20260909953
951,3,set31,alt2,20260909953
951,3,set39,alt2,20260909953
951,3,set47,alt2,20260909953
952,4,set14,alt1,20260909954
952,4,set15,alt2,20260909954
952,4,set16,alt1,20260909954
952,4,set17,alt2,20260909954
952,4,set20,alt1,20260909954
952,4,set21,alt1,20260909954
952,4,set23,alt1,20260909954
952,4,set26,alt1,20260909954
952,4,set27,alt1,20260909954
952,4,set32,alt1,20260909954
952,4,set34,alt1,20260909954
952,4,set43,alt1,20260909954
953,2,set1,alt2,20260909955
953,2,set2,alt1,20260909955
953,2,set7,alt1,20260909955
953,2,set8,alt1,20260909955
953,2,set10,alt1,20260909955
953,2,set13,alt1,20260909955
953,2,set36,alt2,20260909955
953,2,set38,alt2,20260909955
953,2,set40,alt2,20260909955
953,2,set44,alt1,20260909955
953,2,set45,alt2,20260909955
953,2,set46,alt1,20260909955
954,4,set14,alt2,20260909956
954,4,set15,alt2,20260909956
954,4,set16,alt1,20260909956
954,4,set17,alt1,20260909956
954,4,set20,alt1,20260909956
954,4,set21,alt2,20260909956
954,4,set23,alt1,20260909956
954,4,set26,alt1,20260909956
954,4,set27,alt2,20260909956
954,4,set32,alt1,20260909956
954,4,set34,alt2,20260909956
954,4,set43,alt2,20260909956
955,3,set3,alt1,20260909957
955,3,set4,alt2,20260909957
955,3,set12,alt1,20260909957
955,3,set22,alt1,20260909957
955,3,set24,alt1,20260909957
955,3,set25,alt1,20260909957
955,3,set28,alt1,20260909957
955,3,set29,alt1,20260909957
955,3,set30,alt2,20260909957
955,3,set31,alt2,20260909957
955,3,set39,alt2,20260909957
955,3,set47,alt2,20260909957
956,2,set1,alt2,20260909958
956,2,set2,alt1,20260909958
956,2,set7,alt1,20260909958
956,2,set8,alt1,20260909958
956,2,set10,alt1,20260909958
956,2,set13,alt1,20260909958
956,2,set36,alt2,20260909958
956,2,set38,alt2,20260909958
956,2,set40,alt2,20260909958
956,2,set44,alt1,20260909958
956,2,set45,alt2,20260909958
956,2,set46,alt1,20260909958
957,1,set5,alt2,20260909959
957,1,set6,alt1,20260909959
957,1,set9,alt2,20260909959
957,1,set11,alt2,20260909959
957,1,set18,alt2,20260909959
957,1,set19,alt2,20260909959
957,1,set33,alt1,20260909959
957,1,set35,alt2,20260909959
957,1,set37,alt1,20260909959
957,1,set41,alt1,20260909959
957,1,set42,alt2,20260909959
957,1,set48,alt2,20260909959
958,2,set1,alt2,20260909960
958,2,set2,alt1,20260909960
958,2,set7,alt1,20260909960
958,2,set8,alt1,20260909960
958,2,set10,alt1,20260909960
958,2,set13,alt1,20260909960
958,2,set36,alt2,20260909960
958,2,set38,alt2,20260909960
958,2,set40,alt2,20260909960
958,2,set44,alt1,20260909960
958,2,set45,alt2,20260909960
958,2,set46,alt1,20260909960
959,1,set5,alt2,20260909961
959,1,set6,alt1,20260909961
959,1,set9,alt2,20260909961
959,1,set11,alt2,20260909961
959,1,set18,alt2,20260909961
959,1,set19,alt2,20260909961
959,1,set33,alt1,20260909961
959,1,set35,alt2,20260909961
959,1,set37,alt1,20260909961
959,1,set41,alt1,20260909961
959,1,set42,alt2,20260909961
959,1,set48,alt2,20260909961
960,4,set14,alt1,20260909962
960,4,set15,alt2,20260909962
960,4,set16,alt2,20260909962
960,4,set17,alt2,20260909962
960,4,set20,alt1,20260909962
960,4,set21,alt1,20260909962
960,4,set23,alt1,20260909962
960,4,set26,alt1,20260909962
960,4,set27,alt1,20260909962
960,4,set32,alt1,20260909962
960,4,set34,alt2,20260909962
960,4,set43,alt2,20260909962
961,3,set3,alt1,20260909963
961,3,set4,alt2,20260909963
961,3,set12,alt1,20260909963
961,3,set22,alt1,20260909963
961,3,set24,alt1,20260909963
961,3,set25,alt1,20260909963
961,3,set28,alt1,20260909963
961,3,set29,alt1,20260909963
961,3,set30,alt2,20260909963
961,3,set31,alt2,20260909963
961,3,set39,alt2,20260909963
961,3,set47,alt2,20260909963
962,3,set3,alt1,20260909964
962,3,set4,alt2,20260909964
962,3,set12,alt1,20260909964
962,3,set22,alt1,20260909964
962,3,set24,alt1,20260909964
962,3,set25,alt1,20260909964
962,3,set28,alt1,20260909964
962,3,set29,alt1,20260909964
962,3,set30,alt2,20260909964
962,3,set31,alt2,20260909964
962,3,set39,alt2,20260909964
962,3,set47,alt2,20260909964
963,1,set5,alt2,20260909965
963,1,set6,alt1,20260909965
963,1,set9,alt2,20260909965
963,1,set11,alt2,20260909965
963,1,set18,alt2,20260909965
963,1,set19,alt2,20260909965
963,1,set33,alt1,20260909965
963,1,set35,alt2,20260909965
963,1,set37,alt1,20260909965
963,1,set41,alt1,20260909965
963,1,set42,alt2,20260909965
963,1,set48,alt2,20260909965
964,3,set3,alt1,20260909966
964,3,set4,alt2,20260909966
964,3,set12,alt1,20260909966
964,3,set22,alt1,20260909966
964,3,set24,alt1,20260909966
964,3,set25,alt1,20260909966
964,3,set28,alt1,20260909966
964,3,set29,alt1,20260909966
964,3,set30,alt2,20260909966
964,3,set31,alt2,20260909966
964,3,set39,alt2,20260909966
964,3,set47,alt2,20260909966
965,2,set1,alt2,20260909967
965,2,set2,alt1,20260909967
965,2,set7,alt2,20260909967
965,2,set8,alt1,20260909967
965,2,set10,alt2,20260909967
965,2,set13,alt1,20260909967
965,2,set36,alt2,20260909967
965,2,set38,alt1,20260909967
965,2,set40,alt2,20260909967
965,2,set44,alt2,20260909967
965,2,set45,alt2,20260909967
965,2,set46,alt2,20260909967
966,1,set5,alt2,20260909968
966,1,set6,alt2,20260909968
966,1,set9,alt2,20260909968
966,1,set11,alt2,20260909968
966,1,set18,alt2,20260909968
966,1,set19,alt2,20260909968
966,1,set33,alt1,20260909968
966,1,set35,alt2,20260909968
966,1,set37,alt1,20260909968
966,1,set41,alt2,20260909968
966,1,set42,alt2,20260909968
966,1,set48,alt2,20260909968
967,4,set14,alt2,20260909969
967,4,set15,alt2,20260909969
967,4,set16,alt1,20260909969
967,4,set17,alt1,20260909969
967,4,set20,alt1,20260909969
967,4,set21,alt1,20260909969
967,4,set23,alt1,20260909969
967,4,set26,alt1,20260909969
967,4,set27,alt2,20260909969
967,4,set32,alt1,20260909969
967,4,set34,alt2,20260909969
967,4,set43,alt1,20260909969
968,1,set5,alt2,20260909970
968,1,set6,alt1,20260909970
968,1,set9,alt2,20260909970
968,1,set11,alt2,20260909970
968,1,set18,alt2,20260909970
968,1,set19,alt2,20260909970
968,1,set33,alt1,20260909970
968,1,set35,alt2,20260909970
968,1,set37,alt1,20260909970
968,1,set41,alt1,20260909970
968,1,set42,alt2,20260909970
968,1,set48,alt2,20260909970
969,1,set5,alt1,20260909971
969,1,set6,alt1,20260909971
969,1,set9,alt1,20260909971
969,1,set11,alt2,20260909971
969,1,set18,alt1,20260909971
969,1,set19,alt1,20260909971
969,1,set33,alt2,20260909971
969,1,set35,alt2,20260909971
969,1,set37,alt1,20260909971
969,1,set41,alt1,20260909971
969,1,set42,alt2,20260909971
969,1,set48,alt2,20260909971
970,4,set14,alt1,20260909972
970,4,set15,alt2,20260909972
970,4,set16,alt2,20260909972
970,4,set17,alt2,20260909972
970,4,set20,alt1,20260909972
970,4,set21,alt1,20260909972
970,4,set23,alt1,20260909972
970,4,set26,alt1,20260909972
970,4,set27,alt1,20260909972
970,4,set32,alt1,20260909972
970,4,set34,alt2,20260909972
970,4,set43,alt2,20260909972
971,3,set3,alt2,20260909973
971,3,set4,alt1,20260909973
971,3,set12,alt1,20260909973
971,3,set22,alt2,20260909973
971,3,set24,alt1,20260909973
971,3,set25,alt2,20260909973
971,3,set28,alt2,20260909973
971,3,set29,alt1,20260909973
971,3,set30,alt2,20260909973
971,3,set31,alt1,20260909973
971,3,set39,alt1,20260909973
971,3,set47,alt2,20260909973
972,1,set5,alt2,20260909974
972,1,set6,alt2,20260909974
972,1,set9,alt2,20260909974
972,1,set11,alt2,20260909974
972,1,set18,alt1,20260909974
972,1,set19,alt2,20260909974
972,1,set33,alt1,20260909974
972,1,set35,alt2,20260909974
972,1,set37,alt1,20260909974
972,1,set41,alt1,20260909974
972,1,set42,alt2,20260909974
972,1,set48,alt2,20260909974
973,2,set1,alt2,20260909975
973,2,set2,alt1,20260909975
973,2,set7,alt1,20260909975
973,2,set8,alt1,20260909975
973,2,set10,alt1,20260909975
973,2,set13,alt1,20260909975
973,2,set36,alt2,20260909975
973,2,set38,alt2,20260909975
973,2,set40,alt2,20260909975
973,2,set44,alt1,20260909975
973,2,set45,alt2,20260909975
973,2,set46,alt1,20260909975
974,2,set1,alt2,20260909976
974,2,set2,alt1,20260909976
974,2,set7,alt1,20260909976
974,2,set8,alt1,20260909976
974,2,set10,alt1,20260909976
974,2,set13,alt1,20260909976
974,2,set36,alt2,20260909976
974,2,set38,alt2,20260909976
974,2,set40,alt2,20260909976
974,2,set44,alt1,20260909976
974,2,set45,alt2,20260909976
974,2,set46,alt1,20260909976
975,4,set14,alt1,20260909977
975,4,set15,alt2,20260909977
975,4,set16,alt2,20260909977
975,4,set17,alt2,20260909977
975,4,set20,alt1,20260909977
975,4,set21,alt1,20260909977
975,4,set23,alt1,20260909977
975,4,set26,alt1,20260909977
975,4,set27,alt1,20260909977
975,4,set32,alt1,20260909977
975,4,set34,alt2,20260909977
975,4,set43,alt2,20260909977
976,3,set3,alt1,20260909978
976,3,set4,alt2,20260909978
976,3,set12,alt1,20260909978
976,3,set22,alt1,20260909978
976,3,set24,alt1,20260909978
976,3,set25,alt1,20260909978
976,3,set28,alt1,20260909978
976,3,set29,alt1,20260909978
976,3,set30,alt2,20260909978
976,3,set31,alt2,20260909978
976,3,set39,alt2,20260909978
976,3,set47,alt2,20260909978
977,2,set1,alt2,20260909979
977,2,set2,alt1,20260909979
977,2,set7,alt1,20260909979
977,2,set8,alt1,20260909979
977,2,set10,alt1,20260909979
977,2,set13,alt1,20260909979
977,2,set36,alt2,20260909979
977,2,set38,alt2,20260909979
977,2,set40,alt2,20260909979
977,2,set44,alt1,20260909979
977,2,set45,alt2,20260909979
977,2,set46,alt1,20260909979
978,2,set1,alt2,20260909980
978,2,set2,alt1,20260909980
978,2,set7,alt2,20260909980
978,2,set8,alt1,20260909980
978,2,set10,alt2,20260909980
978,2,set13,alt1,20260909980
978,2,set36,alt2,20260909980
978,2,set38,alt1,20260909980
978,2,set40,alt2,20260909980
978,2,set44,alt2,20260909980
978,2,set45,alt2,20260909980
978,2,set46,alt2,20260909980
979,4,set14,alt1,20260909981
979,4,set15,alt1,20260909981
979,4,set16,alt1,20260909981
979,4,set17,alt1,20260909981
979,4,set20,alt1,20260909981
979,4,set21,alt1,20260909981
979,4,set23,alt1,20260909981
979,4,set26,alt1,20260909981
979,4,set27,alt1,20260909981
979,4,set32,alt1,20260909981
979,4,set34,alt2,20260909981
979,4,set43,alt1,20260909981
980,2,set1,alt2,20260909982
980,2,set2,alt1,20260909982
980,2,set7,alt1,20260909982
980,2,set8,alt1,20260909982
980,2,set10,alt1,20260909982
980,2,set13,alt1,20260909982
980,2,set36,alt2,20260909982
980,2,set38,alt2,20260909982
980,2,set40,alt2,20260909982
980,2,set44,alt1,20260909982
980,2,set45,alt2,20260909982
980,2,set46,alt1,20260909982
981,3,set3,alt1,20260909983
981,3,set4,alt2,20260909983
981,3,set12,alt1,20260909983
981,3,set22,alt1,20260909983
981,3,set24,alt1,20260909983
981,3,set25,alt1,20260909983
981,3,set28,alt1,20260909983
981,3,set29,alt1,20260909983
981,3,set30,alt2,20260909983
981,3,set31,alt2,20260909983
981,3,set39,alt2,20260909983
981,3,set47,alt2,20260909983
982,4,set14,alt1,20260909984
982,4,set15,alt2,20260909984
982,4,set16,alt2,20260909984
982,4,set17,alt2,20260909984
982,4,set20,alt1,20260909984
982,4,set21,alt1,20260909984
982,4,set23,alt1,20260909984
982,4,set26,alt1,20260909984
982,4,set27,alt1,20260909984
982,4,set32,alt1,20260909984
982,4,set34,alt2,20260909984
982,4,set43,alt2,20260909984
983,2,set1,alt2,20260909985
983,2,set2,alt1,20260909985
983,2,set7,alt1,20260909985
983,2,set8,alt1,20260909985
983,2,set10,alt1,20260909985
983,2,set13,alt1,20260909985
983,2,set36,alt2,20260909985
983,2,set38,alt2,20260909985
983,2,set40,alt2,20260909985
983,2,set44,alt1,20260909985
983,2,set45,alt2,20260909985
983,2,set46,alt1,20260909985
984,2,set1,alt2,20260909986
984,2,set2,alt1,20260909986
984,2,set7,alt1,20260909986
984,2,set8,alt1,20260909986
984,2,set10,alt1,20260909986
984,2,set13,alt1,20260909986
984,2,set36,alt2,20260909986
984,2,set38,alt2,20260909986
984,2,set40,alt2,20260909986
984,2,set44,alt1,20260909986
984,2,set45,alt2,20260909986
984,2,set46,alt1,20260909986
985,4,set14,alt1,20260909987
985,4,set15,alt2,20260909987
985,4,set16,alt2,20260909987
985,4,set17,alt2,20260909987
985,4,set20,alt1,20260909987
985,4,set21,alt1,20260909987
985,4,set23,alt1,20260909987
985,4,set26,alt1,20260909987
985,4,set27,alt1,20260909987
985,4,set32,alt1,20260909987
985,4,set34,alt2,20260909987
985,4,set43,alt2,20260909987
986,3,set3,alt1,20260909988
986,3,set4,alt2,20260909988
986,3,set12,alt1,20260909988
986,3,set22,alt1,20260909988
986,3,set24,alt1,20260909988
986,3,set25,alt1,20260909988
986,3,set28,alt1,20260909988
986,3,set29,alt1,20260909988
986,3,set30,alt2,20260909988
986,3,set31,alt2,20260909988
986,3,set39,alt2,20260909988
986,3,set47,alt2,20260909988
987,4,set14,alt1,20260909989
987,4,set15,alt2,20260909989
987,4,set16,alt2,20260909989
987,4,set17,alt2,20260909989
987,4,set20,alt1,20260909989
987,4,set21,alt1,20260909989
987,4,set23,alt1,20260909989
987,4,set26,alt1,20260909989
987,4,set27,alt1,20260909989
987,4,set32,alt1,20260909989
987,4,set34,alt2,20260909989
987,4,set43,alt2,20260909989
988,1,set5,alt2,20260909990
988,1,set6,alt2,20260909990
988,1,set9,alt2,20260909990
988,1,set11,alt2,20260909990
988,1,set18,alt1,20260909990
988,1,set19,alt2,20260909990
988,1,set33,alt1,20260909990
988,1,set35,alt2,20260909990
988,1,set37,alt1,20260909990
988,1,set41,alt1,20260909990
988,1,set42,alt2,20260909990
988,1,set48,alt2,20260909990
989,1,set5,alt2,20260909991
989,1,set6,alt2,20260909991
989,1,set9,alt2,20260909991
989,1,set11,alt2,20260909991
989,1,set18,alt1,20260909991
989,1,set19,alt2,20260909991
989,1,set33,alt1,20260909991
989,1,set35,alt2,20260909991
989,1,set37,alt1,20260909991
989,1,set41,alt1,20260909991
989,1,set42,alt2,20260909991
989,1,set48,alt2,20260909991
990,3,set3,alt2,20260909992
990,3,set4,alt1,20260909992
990,3,set12,alt1,20260909992
990,3,set22,alt2,20260909992
990,3,set24,alt1,20260909992
990,3,set25,alt2,20260909992
990,3,set28,alt2,20260909992
990,3,set29,alt1,20260909992
990,3,set30,alt2,20260909992
990,3,set31,alt1,20260909992
990,3,set39,alt1,20260909992
990,3,set47,alt2,20260909992
991,3,set3,alt1,20260909993
991,3,set4,alt2,20260909993
991,3,set12,alt1,20260909993
991,3,set22,alt1,20260909993
991,3,set24,alt1,20260909993
991,3,set25,alt1,20260909993
991,3,set28,alt1,20260909993
991,3,set29,alt1,20260909993
991,3,set30,alt2,20260909993
991,3,set31,alt2,20260909993
991,3,set39,alt2,20260909993
991,3,set47,alt2,20260909993
992,4,set14,alt1,20260909994
992,4,set15,alt2,20260909994
992,4,set16,alt2,20260909994
992,4,set17,alt2,20260909994
992,4,set20,alt1,20260909994
992,4,set21,alt1,20260909994
992,4,set23,alt1,20260909994
992,4,set26,alt1,20260909994
992,4,set27,alt1,20260909994
992,4,set32,alt1,20260909994
992,4,set34,alt2,20260909994
992,4,set43,alt2,20260909994
993,4,set14,alt2,20260909995
993,4,set15,alt2,20260909995
993,4,set16,alt1,20260909995
993,4,set17,alt1,20260909995
993,4,set20,alt1,20260909995
993,4,set21,alt2,20260909995
993,4,set23,alt1,20260909995
993,4,set26,alt1,20260909995
993,4,set27,alt2,20260909995
993,4,set32,alt1,20260909995
993,4,set34,alt2,20260909995
993,4,set43,alt2,20260909995
994,2,set1,alt2,20260909996
994,2,set2,alt1,20260909996
994,2,set7,alt2,20260909996
994,2,set8,alt1,20260909996
994,2,set10,alt2,20260909996
994,2,set13,alt1,20260909996
994,2,set36,alt2,20260909996
994,2,set38,alt1,20260909996
994,2,set40,alt2,20260909996
994,2,set44,alt2,20260909996
994,2,set45,alt2,20260909996
994,2,set46,alt2,20260909996
995,1,set5,alt2,20260909997
995,1,set6,alt2,20260909997
995,1,set9,alt2,20260909997
995,1,set11,alt2,20260909997
995,1,set18,alt2,20260909997
995,1,set19,alt2,20260909997
995,1,set33,alt1,20260909997
995,1,set35,alt2,20260909997
995,1,set37,alt1,20260909997
995,1,set41,alt2,20260909997
995,1,set42,alt2,20260909997
995,1,set48,alt2,20260909997
996,3,set3,alt1,20260909998
996,3,set4,alt2,20260909998
996,3,set12,alt1,20260909998
996,3,set22,alt1,20260909998
996,3,set24,alt1,20260909998
996,3,set25,alt1,20260909998
996,3,set28,alt1,20260909998
996,3,set29,alt1,20260909998
996,3,set30,alt2,20260909998
996,3,set31,alt2,20260909998
996,3,set39,alt2,20260909998
996,3,set47,alt2,20260909998
997,4,set14,alt1,20260909999
997,4,set15,alt2,20260909999
997,4,set16,alt2,20260909999
997,4,set17,alt2,20260909999
997,4,set20,alt1,20260909999
997,4,set21,alt1,20260909999
997,4,set23,alt1,20260909999
997,4,set26,alt1,20260909999
997,4,set27,alt1,20260909999
997,4,set32,alt1,20260909999
997,4,set34,alt2,20260909999
997,4,set43,alt2,20260909999
998,1,set5,alt1,20260910000
998,1,set6,alt1,20260910000
998,1,set9,alt1,20260910000
998,1,set11,alt2,20260910000
998,1,set18,alt1,20260910000
998,1,set19,alt1,20260910000
998,1,set33,alt2,20260910000
998,1,set35,alt2,20260910000
998,1,set37,alt1,20260910000
998,1,set41,alt1,20260910000
998,1,set42,alt2,20260910000
998,1,set48,alt2,20260910000
999,4,set14,alt1,20260910001
999,4,set15,alt2,20260910001
999,4,set16,alt2,20260910001
999,4,set17,alt2,20260910001
999,4,set20,alt1,20260910001
999,4,set21,alt1,20260910001
999,4,set23,alt1,20260910001
999,4,set26,alt1,20260910001
999,4,set27,alt1,20260910001
999,4,set32,alt1,20260910001
999,4,set34,alt2,20260910001
999,4,set43,alt2,20260910001
1000,3,set3,alt2,20260910002
1000,3,set4,alt2,20260910002
1000,3,set12,alt1,20260910002
1000,3,set22,alt2,20260910002
1000,3,set24,alt1,20260910002
1000,3,set25,alt1,20260910002
1000,3,set28,alt1,20260910002
1000,3,set29,alt1,20260910002
1000,3,set30,alt2,20260910002
1000,3,set31,alt2,20260910002
1000,3,set39,alt2,20260910002
1000,3,set47,alt2,20260910002
1001,1,set5,alt2,20260910003
1001,1,set6,alt1,20260910003
1001,1,set9,alt2,20260910003
1001,1,set11,alt2,20260910003
1001,1,set18,alt2,20260910003
1001,1,set19,alt2,20260910003
1001,1,set33,alt1,20260910003
1001,1,set35,alt2,20260910003
1001,1,set37,alt1,20260910003
1001,1,set41,alt1,20260910003
1001,1,set42,alt2,20260910003
1001,1,set48,alt2,20260910003
1002,3,set3,alt1,20260910004
1002,3,set4,alt2,20260910004
1002,3,set12,alt1,20260910004
1002,3,set22,alt1,20260910004
1002,3,set24,alt1,20260910004
1002,3,set25,alt1,20260910004
1002,3,set28,alt1,20260910004
1002,3,set29,alt1,20260910004
1002,3,set30,alt2,20260910004
1002,3,set31,alt2,20260910004
1002,3,set39,alt2,20260910004
1002,3,set47,alt2,20260910004
1003,2,set1,alt2,20260910005
1003,2,set2,alt1,20260910005
1003,2,set7,alt2,20260910005
1003,2,set8,alt1,20260910005
1003,2,set10,alt2,20260910005
1003,2,set13,alt1,20260910005
1003,2,set36,alt2,20260910005
1003,2,set38,alt1,20260910005
1003,2,set40,alt2,20260910005
1003,2,set44,alt2,20260910005
1003,2,set45,alt2,20260910005
1003,2,set46,alt2,20260910005
1004,3,set3,alt1,20260910006
1004,3,set4,alt2,20260910006
1004,3,set12,alt1,20260910006
1004,3,set22,alt1,20260910006
1004,3,set24,alt1,20260910006
1004,3,set25,alt1,20260910006
1004,3,set28,alt1,20260910006
1004,3,set29,alt1,20260910006
1004,3,set30,alt2,20260910006
1004,3,set31,alt2,20260910006
1004,3,set39,alt2,20260910006
1004,3,set47,alt2,20260910006
1005,2,set1,alt2,20260910007
1005,2,set2,alt1,20260910007
1005,2,set7,alt1,20260910007
1005,2,set8,alt1,20260910007
1005,2,set10,alt1,20260910007
1005,2,set13,alt1,20260910007
1005,2,set36,alt2,20260910007
1005,2,set38,alt2,20260910007
1005,2,set40,alt2,20260910007
1005,2,set44,alt1,20260910007
1005,2,set45,alt2,20260910007
1005,2,set46,alt1,20260910007
1006,1,set5,alt2,20260910008
1006,1,set6,alt2,20260910008
1006,1,set9,alt2,20260910008
1006,1,set11,alt2,20260910008
1006,1,set18,alt1,20260910008
1006,1,set19,alt2,20260910008
1006,1,set33,alt1,20260910008
1006,1,set35,alt2,20260910008
1006,1,set37,alt1,20260910008
1006,1,set41,alt1,20260910008
1006,1,set42,alt2,20260910008
1006,1,set48,alt2,20260910008
1007,1,set5,alt2,20260910009
1007,1,set6,alt1,20260910009
1007,1,set9,alt2,20260910009
1007,1,set11,alt2,20260910009
1007,1,set18,alt2,20260910009
1007,1,set19,alt2,20260910009
1007,1,set33,alt1,20260910009
1007,1,set35,alt2,20260910009
1007,1,set37,alt1,20260910009
1007,1,set41,alt1,20260910009
1007,1,set42,alt2,20260910009
1007,1,set48,alt2,20260910009
1008,3,set3,alt1,20260910010
1008,3,set4,alt2,20260910010
1008,3,set12,alt1,20260910010
1008,3,set22,alt1,20260910010
1008,3,set24,alt1,20260910010
1008,3,set25,alt1,20260910010
1008,3,set28,alt1,20260910010
1008,3,set29,alt1,20260910010
1008,3,set30,alt2,20260910010
1008,3,set31,alt2,20260910010
1008,3,set39,alt2,20260910010
1008,3,set47,alt2,20260910010
1009,2,set1,alt2,20260910011
1009,2,set2,alt1,20260910011
1009,2,set7,alt1,20260910011
1009,2,set8,alt1,20260910011
1009,2,set10,alt2,20260910011
1009,2,set13,alt1,20260910011
1009,2,set36,alt2,20260910011
1009,2,set38,alt2,20260910011
1009,2,set40,alt2,20260910011
1009,2,set44,alt1,20260910011
1009,2,set45,alt2,20260910011
1009,2,set46,alt1,20260910011
1010,2,set1,alt2,20260910012
1010,2,set2,alt1,20260910012
1010,2,set7,alt1,20260910012
1010,2,set8,alt1,20260910012
1010,2,set10,alt2,20260910012
1010,2,set13,alt1,20260910012
1010,2,set36,alt2,20260910012
1010,2,set38,alt2,20260910012
1010,2,set40,alt2,20260910012
1010,2,set44,alt1,20260910012
1010,2,set45,alt2,20260910012
1010,2,set46,alt1,20260910012
1011,2,set1,alt2,20260910013
1011,2,set2,alt1,20260910013
1011,2,set7,alt1,20260910013
1011,2,set8,alt1,20260910013
1011,2,set10,alt1,20260910013
1011,2,set13,alt1,20260910013
1011,2,set36,alt2,20260910013
1011,2,set38,alt2,20260910013
1011,2,set40,alt2,20260910013
1011,2,set44,alt1,20260910013
1011,2,set45,alt2,20260910013
1011,2,set46,alt1,20260910013
1012,2,set1,alt2,20260910014
1012,2,set2,alt1,20260910014
1012,2,set7,alt1,20260910014
1012,2,set8,alt1,20260910014
1012,2,set10,alt1,20260910014
1012,2,set13,alt1,20260910014
1012,2,set36,alt2,20260910014
1012,2,set38,alt2,20260910014
1012,2,set40,alt2,20260910014
1012,2,set44,alt1,20260910014
1012,2,set45,alt2,20260910014
1012,2,set46,alt1,20260910014
1013,2,set1,alt2,20260910015
1013,2,set2,alt1,20260910015
1013,2,set7,alt2,20260910015
1013,2,set8,alt1,20260910015
1013,2,set10,alt2,20260910015
1013,2,set13,alt1,20260910015
1013,2,set36,alt2,20260910015
1013,2,set38,alt1,20260910015
1013,2,set40,alt2,20260910015
1013,2,set44,alt2,20260910015
1013,2,set45,alt2,20260910015
1013,2,set46,alt2,20260910015
1014,2,set1,alt2,20260910016
1014,2,set2,alt1,20260910016
1014,2,set7,alt1,20260910016
1014,2,set8,alt1,20260910016
1014,2,set10,alt1,20260910016
1014,2,set13,alt1,20260910016
1014,2,set36,alt2,20260910016
1014,2,set38,alt2,20260910016
1014,2,set40,alt2,20260910016
1014,2,set44,alt1,20260910016
1014,2,set45,alt2,20260910016
1014,2,set46,alt1,20260910016
1015,1,set5,alt2,20260910017
1015,1,set6,alt1,20260910017
1015,1,set9,alt2,20260910017
1015,1,set11,alt2,20260910017
1015,1,set18,alt2,20260910017
1015,1,set19,alt2,20260910017
1015,1,set33,alt1,20260910017
1015,1,set35,alt2,20260910017
1015,1,set37,alt1,20260910017
1015,1,set41,alt1,20260910017
1015,1,set42,alt2,20260910017
1015,1,set48,alt2,20260910017
1016,2,set1,alt2,20260910018
1016,2,set2,alt1,20260910018
1016,2,set7,alt1,20260910018
1016,2,set8,alt1,20260910018
1016,2,set10,alt1,20260910018
1016,2,set13,alt1,20260910018
1016,2,set36,alt2,20260910018
1016,2,set38,alt2,20260910018
1016,2,set40,alt2,20260910018
1016,2,set44,alt1,20260910018
1016,2,set45,alt2,20260910018
1016,2,set46,alt1,20260910018
1017,1,set5,alt2,20260910019
1017,1,set6,alt2,20260910019
1017,1,set9,alt2,20260910019
1017,1,set11,alt2,20260910019
1017,1,set18,alt2,20260910019
1017,1,set19,alt2,20260910019
1017,1,set33,alt1,20260910019
1017,1,set35,alt2,20260910019
1017,1,set37,alt1,20260910019
1017,1,set41,alt2,20260910019
1017,1,set42,alt2,20260910019
1017,1,set48,alt2,20260910019
1018,4,set14,alt1,20260910020
1018,4,set15,alt2,20260910020
1018,4,set16,alt2,20260910020
1018,4,set17,alt2,20260910020
1018,4,set20,alt1,20260910020
1018,4,set21,alt1,20260910020
1018,4,set23,alt1,20260910020
1018,4,set26,alt1,20260910020
1018,4,set27,alt1,20260910020
1018,4,set32,alt1,20260910020
1018,4,set34,alt2,20260910020
1018,4,set43,alt2,20260910020
1019,1,set5,alt2,20260910021
1019,1,set6,alt2,20260910021
1019,1,set9,alt2,20260910021
1019,1,set11,alt2,20260910021
1019,1,set18,alt1,20260910021
1019,1,set19,alt2,20260910021
1019,1,set33,alt1,20260910021
1019,1,set35,alt2,20260910021
1019,1,set37,alt1,20260910021
1019,1,set41,alt1,20260910021
1019,1,set42,alt2,20260910021
1019,1,set48,alt2,20260910021
1020,3,set3,alt1,20260910022
1020,3,set4,alt2,20260910022
1020,3,set12,alt1,20260910022
1020,3,set22,alt1,20260910022
1020,3,set24,alt1,20260910022
1020,3,set25,alt1,20260910022
1020,3,set28,alt1,20260910022
1020,3,set29,alt1,20260910022
1020,3,set30,alt2,20260910022
1020,3,set31,alt2,20260910022
1020,3,set39,alt2,20260910022
1020,3,set47,alt2,20260910022
1021,2,set1,alt2,20260910023
1021,2,set2,alt1,20260910023
1021,2,set7,alt1,20260910023
1021,2,set8,alt1,20260910023
1021,2,set10,alt1,20260910023
1021,2,set13,alt1,20260910023
1021,2,set36,alt2,20260910023
1021,2,set38,alt2,20260910023
1021,2,set40,alt2,20260910023
1021,2,set44,alt1,20260910023
1021,2,set45,alt2,20260910023
1021,2,set46,alt1,20260910023
1022,2,set1,alt2,20260910024
1022,2,set2,alt1,20260910024
1022,2,set7,alt1,20260910024
1022,2,set8,alt1,20260910024
1022,2,set10,alt1,20260910024
1022,2,set13,alt1,20260910024
1022,2,set36,alt2,20260910024
1022,2,set38,alt2,20260910024
1022,2,set40,alt2,20260910024
1022,2,set44,alt1,20260910024
1022,2,set45,alt2,20260910024
1022,2,set46,alt1,20260910024
1023,4,set14,alt2,20260910025
1023,4,set15,alt2,20260910025
1023,4,set16,alt1,20260910025
1023,4,set17,alt1,20260910025
1023,4,set20,alt1,20260910025
1023,4,set21,alt1,20260910025
1023,4,set23,alt1,20260910025
1023,4,set26,alt1,20260910025
1023,4,set27,alt2,20260910025
1023,4,set32,alt1,20260910025
1023,4,set34,alt2,20260910025
1023,4,set43,alt1,20260910025
1024,1,set5,alt2,20260910026
1024,1,set6,alt2,20260910026
1024,1,set9,alt2,20260910026
1024,1,set11,alt2,20260910026
1024,1,set18,alt2,20260910026
1024,1,set19,alt2,20260910026
1024,1,set33,alt1,20260910026
1024,1,set35,alt2,20260910026
1024,1,set37,alt1,20260910026
1024,1,set41,alt2,20260910026
1024,1,set42,alt2,20260910026
1024,1,set48,alt2,20260910026
1025,4,set14,alt1,20260910027
1025,4,set15,alt2,20260910027
1025,4,set16,alt2,20260910027
1025,4,set17,alt2,20260910027
1025,4,set20,alt1,20260910027
1025,4,set21,alt1,20260910027
1025,4,set23,alt1,20260910027
1025,4,set26,alt1,20260910027
1025,4,set27,alt1,20260910027
1025,4,set32,alt1,20260910027
1025,4,set34,alt2,20260910027
1025,4,set43,alt2,20260910027
1026,4,set14,alt2,20260910028
1026,4,set15,alt2,20260910028
1026,4,set16,alt1,20260910028
1026,4,set17,alt1,20260910028
1026,4,set20,alt1,20260910028
1026,4,set21,alt1,20260910028
1026,4,set23,alt1,20260910028
1026,4,set26,alt1,20260910028
1026,4,set27,alt2,20260910028
1026,4,set32,alt1,20260910028
1026,4,set34,alt2,20260910028
1026,4,set43,alt1,20260910028
1027,3,set3,alt2,20260910029
1027,3,set4,alt2,20260910029
1027,3,set12,alt1,20260910029
1027,3,set22,alt2,20260910029
1027,3,set24,alt1,20260910029
1027,3,set25,alt1,20260910029
1027,3,set28,alt1,20260910029
1027,3,set29,alt1,20260910029
1027,3,set30,alt2,20260910029
1027,3,set31,alt2,20260910029
1027,3,set39,alt2,20260910029
1027,3,set47,alt2,20260910029
1028,4,set14,alt1,20260910030
1028,4,set15,alt1,20260910030
1028,4,set16,alt1,20260910030
1028,4,set17,alt1,20260910030
1028,4,set20,alt1,20260910030
1028,4,set21,alt1,20260910030
1028,4,set23,alt1,20260910030
1028,4,set26,alt1,20260910030
1028,4,set27,alt1,20260910030
1028,4,set32,alt1,20260910030
1028,4,set34,alt2,20260910030
1028,4,set43,alt1,20260910030
1029,1,set5,alt1,20260910031
1029,1,set6,alt1,20260910031
1029,1,set9,alt1,20260910031
1029,1,set11,alt2,20260910031
1029,1,set18,alt1,20260910031
1029,1,set19,alt1,20260910031
1029,1,set33,alt2,20260910031
1029,1,set35,alt2,20260910031
1029,1,set37,alt1,20260910031
1029,1,set41,alt1,20260910031
1029,1,set42,alt2,20260910031
1029,1,set48,alt2,20260910031
1030,1,set5,alt2,20260910032
1030,1,set6,alt2,20260910032
1030,1,set9,alt2,20260910032
1030,1,set11,alt2,20260910032
1030,1,set18,alt1,20260910032
1030,1,set19,alt2,20260910032
1030,1,set33,alt1,20260910032
1030,1,set35,alt2,20260910032
1030,1,set37,alt1,20260910032
1030,1,set41,alt1,20260910032
1030,1,set42,alt2,20260910032
1030,1,set48,alt2,20260910032
1031,4,set14,alt2,20260910033
1031,4,set15,alt2,20260910033
1031,4,set16,alt1,20260910033
1031,4,set17,alt1,20260910033
1031,4,set20,alt1,20260910033
1031,4,set21,alt1,20260910033
1031,4,set23,alt1,20260910033
1031,4,set26,alt1,20260910033
1031,4,set27,alt2,20260910033
1031,4,set32,alt1,20260910033
1031,4,set34,alt2,20260910033
1031,4,set43,alt1,20260910033
1032,1,set5,alt1,20260910034
1032,1,set6,alt1,20260910034
1032,1,set9,alt1,20260910034
1032,1,set11,alt2,20260910034
1032,1,set18,alt1,20260910034
1032,1,set19,alt1,20260910034
1032,1,set33,alt2,20260910034
1032,1,set35,alt2,20260910034
1032,1,set37,alt1,20260910034
1032,1,set41,alt1,20260910034
1032,1,set42,alt2,20260910034
1032,1,set48,alt2,20260910034
1033,3,set3,alt2,20260910035
1033,3,set4,alt2,20260910035
1033,3,set12,alt1,20260910035
1033,3,set22,alt2,20260910035
1033,3,set24,alt1,20260910035
1033,3,set25,alt1,20260910035
1033,3,set28,alt1,20260910035
1033,3,set29,alt1,20260910035
1033,3,set30,alt2,20260910035
1033,3,set31,alt2,20260910035
1033,3,set39,alt2,20260910035
1033,3,set47,alt2,20260910035
1034,1,set5,alt1,20260910036
1034,1,set6,alt2,20260910036
1034,1,set9,alt1,20260910036
1034,1,set11,alt2,20260910036
1034,1,set18,alt1,20260910036
1034,1,set19,alt2,20260910036
1034,1,set33,alt1,20260910036
1034,1,set35,alt2,20260910036
1034,1,set37,alt1,20260910036
1034,1,set41,alt1,20260910036
1034,1,set42,alt1,20260910036
1034,1,set48,alt2,20260910036
1035,1,set5,alt2,20260910037
1035,1,set6,alt2,20260910037
1035,1,set9,alt2,20260910037
1035,1,set11,alt2,20260910037
1035,1,set18,alt2,20260910037
1035,1,set19,alt2,20260910037
1035,1,set33,alt1,20260910037
1035,1,set35,alt2,20260910037
1035,1,set37,alt1,20260910037
1035,1,set41,alt2,20260910037
1035,1,set42,alt2,20260910037
1035,1,set48,alt2,20260910037
1036,4,set14,alt1,20260910038
1036,4,set15,alt2,20260910038
1036,4,set16,alt2,20260910038
1036,4,set17,alt2,20260910038
1036,4,set20,alt1,20260910038
1036,4,set21,alt1,20260910038
1036,4,set23,alt1,20260910038
1036,4,set26,alt1,20260910038
1036,4,set27,alt1,20260910038
1036,4,set32,alt1,20260910038
1036,4,set34,alt2,20260910038
1036,4,set43,alt2,20260910038
1037,3,set3,alt2,20260910039
1037,3,set4,alt1,20260910039
1037,3,set12,alt1,20260910039
1037,3,set22,alt2,20260910039
1037,3,set24,alt1,20260910039
1037,3,set25,alt2,20260910039
1037,3,set28,alt2,20260910039
1037,3,set29,alt1,20260910039
1037,3,set30,alt1,20260910039
1037,3,set31,alt2,20260910039
1037,3,set39,alt1,20260910039
1037,3,set47,alt1,20260910039
1038,3,set3,alt1,20260910040
1038,3,set4,alt2,20260910040
1038,3,set12,alt1,20260910040
1038,3,set22,alt1,20260910040
1038,3,set24,alt1,20260910040
1038,3,set25,alt1,20260910040
1038,3,set28,alt1,20260910040
1038,3,set29,alt1,20260910040
1038,3,set30,alt2,20260910040
1038,3,set31,alt2,20260910040
1038,3,set39,alt2,20260910040
1038,3,set47,alt2,20260910040
1039,4,set14,alt1,20260910041
1039,4,set15,alt2,20260910041
1039,4,set16,alt2,20260910041
1039,4,set17,alt2,20260910041
1039,4,set20,alt1,20260910041
1039,4,set21,alt1,20260910041
1039,4,set23,alt1,20260910041
1039,4,set26,alt1,20260910041
1039,4,set27,alt1,20260910041
1039,4,set32,alt1,20260910041
1039,4,set34,alt2,20260910041
1039,4,set43,alt2,20260910041
1040,4,set14,alt1,20260910042
1040,4,set15,alt1,20260910042
1040,4,set16,alt1,20260910042
1040,4,set17,alt1,20260910042
1040,4,set20,alt1,20260910042
1040,4,set21,alt1,20260910042
1040,4,set23,alt1,20260910042
1040,4,set26,alt1,20260910042
1040,4,set27,alt1,20260910042
1040,4,set32,alt1,20260910042
1040,4,set34,alt2,20260910042
1040,4,set43,alt1,20260910042
1041,4,set14,alt1,20260910043
1041,4,set15,alt2,20260910043
1041,4,set16,alt2,20260910043
1041,4,set17,alt2,20260910043
1041,4,set20,alt1,20260910043
1041,4,set21,alt1,20260910043
1041,4,set23,alt1,20260910043
1041,4,set26,alt1,20260910043
1041,4,set27,alt1,20260910043
1041,4,set32,alt1,20260910043
1041,4,set34,alt2,20260910043
1041,4,set43,alt2,20260910043
1042,2,set1,alt2,20260910044
1042,2,set2,alt1,20260910044
1042,2,set7,alt1,20260910044
1042,2,set8,alt1,20260910044
1042,2,set10,alt1,20260910044
1042,2,set13,alt1,20260910044
1042,2,set36,alt2,20260910044
1042,2,set38,alt2,20260910044
1042,2,set40,alt2,20260910044
1042,2,set44,alt1,20260910044
1042,2,set45,alt2,20260910044
1042,2,set46,alt1,20260910044
1043,4,set14,alt1,20260910045
1043,4,set15,alt2,20260910045
1043,4,set16,alt2,20260910045
1043,4,set17,alt2,20260910045
1043,4,set20,alt1,20260910045
1043,4,set21,alt1,20260910045
1043,4,set23,alt1,20260910045
1043,4,set26,alt1,20260910045
1043,4,set27,alt1,20260910045
1043,4,set32,alt1,20260910045
1043,4,set34,alt2,20260910045
1043,4,set43,alt2,20260910045
1044,3,set3,alt2,20260910046
1044,3,set4,alt2,20260910046
1044,3,set12,alt1,20260910046
1044,3,set22,alt2,20260910046
1044,3,set24,alt1,20260910046
1044,3,set25,alt1,20260910046
1044,3,set28,alt1,20260910046
1044,3,set29,alt1,20260910046
1044,3,set30,alt2,20260910046
1044,3,set31,alt2,20260910046
1044,3,set39,alt2,20260910046
1044,3,set47,alt2,20260910046
1045,2,set1,alt2,20260910047
1045,2,set2,alt1,20260910047
1045,2,set7,alt2,20260910047
1045,2,set8,alt1,20260910047
1045,2,set10,alt2,20260910047
1045,2,set13,alt1,20260910047
1045,2,set36,alt2,20260910047
1045,2,set38,alt1,20260910047
1045,2,set40,alt2,20260910047
1045,2,set44,alt2,20260910047
1045,2,set45,alt2,20260910047
1045,2,set46,alt2,20260910047
1046,4,set14,alt1,20260910048
1046,4,set15,alt2,20260910048
1046,4,set16,alt2,20260910048
1046,4,set17,alt2,20260910048
1046,4,set20,alt1,20260910048
1046,4,set21,alt1,20260910048
1046,4,set23,alt1,20260910048
1046,4,set26,alt1,20260910048
1046,4,set27,alt1,20260910048
1046,4,set32,alt1,20260910048
1046,4,set34,alt2,20260910048
1046,4,set43,alt2,20260910048
1047,2,set1,alt2,20260910049
1047,2,set2,alt1,20260910049
1047,2,set7,alt1,20260910049
1047,2,set8,alt1,20260910049
1047,2,set10,alt1,20260910049
1047,2,set13,alt1,20260910049
1047,2,set36,alt1,20260910049
1047,2,set38,alt2,20260910049
1047,2,set40,alt1,20260910049
1047,2,set44,alt2,20260910049
1047,2,set45,alt2,20260910049
1047,2,set46,alt2,20260910049
1048,1,set5,alt2,20260910050
1048,1,set6,alt1,20260910050
1048,1,set9,alt2,20260910050
1048,1,set11,alt2,20260910050
1048,1,set18,alt2,20260910050
1048,1,set19,alt2,20260910050
1048,1,set33,alt1,20260910050
1048,1,set35,alt2,20260910050
1048,1,set37,alt1,20260910050
1048,1,set41,alt1,20260910050
1048,1,set42,alt2,20260910050
1048,1,set48,alt2,20260910050
1049,3,set3,alt1,20260910051
1049,3,set4,alt2,20260910051
1049,3,set12,alt1,20260910051
1049,3,set22,alt1,20260910051
1049,3,set24,alt1,20260910051
1049,3,set25,alt1,20260910051
1049,3,set28,alt1,20260910051
1049,3,set29,alt1,20260910051
1049,3,set30,alt2,20260910051
1049,3,set31,alt2,20260910051
1049,3,set39,alt2,20260910051
1049,3,set47,alt2,20260910051
1050,2,set1,alt2,20260910052
1050,2,set2,alt1,20260910052
1050,2,set7,alt1,20260910052
1050,2,set8,alt1,20260910052
1050,2,set10,alt1,20260910052
1050,2,set13,alt1,20260910052
1050,2,set36,alt2,20260910052
1050,2,set38,alt2,20260910052
1050,2,set40,alt2,20260910052
1050,2,set44,alt1,20260910052
1050,2,set45,alt2,20260910052
1050,2,set46,alt1,20260910052
1051,1,set5,alt2,20260910053
1051,1,set6,alt1,20260910053
1051,1,set9,alt2,20260910053
1051,1,set11,alt2,20260910053
1051,1,set18,alt2,20260910053
1051,1,set19,alt2,20260910053
1051,1,set33,alt1,20260910053
1051,1,set35,alt2,20260910053
1051,1,set37,alt1,20260910053
1051,1,set41,alt1,20260910053
1051,1,set42,alt2,20260910053
1051,1,set48,alt2,20260910053
1052,2,set1,alt2,20260910054
1052,2,set2,alt1,20260910054
1052,2,set7,alt1,20260910054
1052,2,set8,alt1,20260910054
1052,2,set10,alt1,20260910054
1052,2,set13,alt1,20260910054
1052,2,set36,alt2,20260910054
1052,2,set38,alt2,20260910054
1052,2,set40,alt2,20260910054
1052,2,set44,alt1,20260910054
1052,2,set45,alt2,20260910054
1052,2,set46,alt1,20260910054
1053,4,set14,alt1,20260910055
1053,4,set15,alt2,20260910055
1053,4,set16,alt2,20260910055
1053,4,set17,alt2,20260910055
1053,4,set20,alt1,20260910055
1053,4,set21,alt1,20260910055
1053,4,set23,alt1,20260910055
1053,4,set26,alt1,20260910055
1053,4,set27,alt1,20260910055
1053,4,set32,alt1,20260910055
1053,4,set34,alt2,20260910055
1053,4,set43,alt2,20260910055
1054,4,set14,alt1,20260910056
1054,4,set15,alt2,20260910056
1054,4,set16,alt2,20260910056
1054,4,set17,alt2,20260910056
1054,4,set20,alt1,20260910056
1054,4,set21,alt1,20260910056
1054,4,set23,alt1,20260910056
1054,4,set26,alt1,20260910056
1054,4,set27,alt1,20260910056
1054,4,set32,alt1,20260910056
1054,4,set34,alt2,20260910056
1054,4,set43,alt2,20260910056
1055,3,set3,alt2,20260910057
1055,3,set4,alt1,20260910057
1055,3,set12,alt1,20260910057
1055,3,set22,alt2,20260910057
1055,3,set24,alt1,20260910057
1055,3,set25,alt2,20260910057
1055,3,set28,alt2,20260910057
1055,3,set29,alt1,20260910057
1055,3,set30,alt1,20260910057
1055,3,set31,alt2,20260910057
1055,3,set39,alt1,20260910057
1055,3,set47,alt1,20260910057
1056,2,set1,alt2,20260910058
1056,2,set2,alt1,20260910058
1056,2,set7,alt1,20260910058
1056,2,set8,alt1,20260910058
1056,2,set10,alt1,20260910058
1056,2,set13,alt1,20260910058
1056,2,set36,alt2,20260910058
1056,2,set38,alt2,20260910058
1056,2,set40,alt2,20260910058
1056,2,set44,alt1,20260910058
1056,2,set45,alt2,20260910058
1056,2,set46,alt1,20260910058
1057,2,set1,alt2,20260910059
1057,2,set2,alt1,20260910059
1057,2,set7,alt1,20260910059
1057,2,set8,alt1,20260910059
1057,2,set10,alt1,20260910059
1057,2,set13,alt1,20260910059
1057,2,set36,alt2,20260910059
1057,2,set38,alt2,20260910059
1057,2,set40,alt2,20260910059
1057,2,set44,alt1,20260910059
1057,2,set45,alt2,20260910059
1057,2,set46,alt1,20260910059
1058,4,set14,alt2,20260910060
1058,4,set15,alt2,20260910060
1058,4,set16,alt1,20260910060
1058,4,set17,alt1,20260910060
1058,4,set20,alt1,20260910060
1058,4,set21,alt1,20260910060
1058,4,set23,alt1,20260910060
1058,4,set26,alt1,20260910060
1058,4,set27,alt2,20260910060
1058,4,set32,alt1,20260910060
1058,4,set34,alt2,20260910060
1058,4,set43,alt1,20260910060
1059,1,set5,alt2,20260910061
1059,1,set6,alt2,20260910061
1059,1,set9,alt2,20260910061
1059,1,set11,alt2,20260910061
1059,1,set18,alt2,20260910061
1059,1,set19,alt2,20260910061
1059,1,set33,alt1,20260910061
1059,1,set35,alt2,20260910061
1059,1,set37,alt1,20260910061
1059,1,set41,alt2,20260910061
1059,1,set42,alt2,20260910061
1059,1,set48,alt2,20260910061
1060,4,set14,alt1,20260910062
1060,4,set15,alt2,20260910062
1060,4,set16,alt2,20260910062
1060,4,set17,alt2,20260910062
1060,4,set20,alt1,20260910062
1060,4,set21,alt1,20260910062
1060,4,set23,alt1,20260910062
1060,4,set26,alt1,20260910062
1060,4,set27,alt1,20260910062
1060,4,set32,alt1,20260910062
1060,4,set34,alt2,20260910062
1060,4,set43,alt2,20260910062
1061,1,set5,alt2,20260910063
1061,1,set6,alt1,20260910063
1061,1,set9,alt2,20260910063
1061,1,set11,alt2,20260910063
1061,1,set18,alt2,20260910063
1061,1,set19,alt2,20260910063
1061,1,set33,alt1,20260910063
1061,1,set35,alt2,20260910063
1061,1,set37,alt1,20260910063
1061,1,set41,alt1,20260910063
1061,1,set42,alt2,20260910063
1061,1,set48,alt2,20260910063
1062,2,set1,alt2,20260910064
1062,2,set2,alt1,20260910064
1062,2,set7,alt1,20260910064
1062,2,set8,alt1,20260910064
1062,2,set10,alt1,20260910064
1062,2,set13,alt1,20260910064
1062,2,set36,alt2,20260910064
1062,2,set38,alt2,20260910064
1062,2,set40,alt2,20260910064
1062,2,set44,alt1,20260910064
1062,2,set45,alt2,20260910064
1062,2,set46,alt1,20260910064
1063,2,set1,alt2,20260910065
1063,2,set2,alt1,20260910065
1063,2,set7,alt1,20260910065
1063,2,set8,alt1,20260910065
1063,2,set10,alt2,20260910065
1063,2,set13,alt1,20260910065
1063,2,set36,alt2,20260910065
1063,2,set38,alt2,20260910065
1063,2,set40,alt2,20260910065
1063,2,set44,alt1,20260910065
1063,2,set45,alt2,20260910065
1063,2,set46,alt1,20260910065
1064,2,set1,alt2,20260910066
1064,2,set2,alt1,20260910066
1064,2,set7,alt1,20260910066
1064,2,set8,alt1,20260910066
1064,2,set10,alt1,20260910066
1064,2,set13,alt1,20260910066
1064,2,set36,alt2,20260910066
1064,2,set38,alt2,20260910066
1064,2,set40,alt2,20260910066
1064,2,set44,alt1,20260910066
1064,2,set45,alt2,20260910066
1064,2,set46,alt1,20260910066
1065,2,set1,alt2,20260910067
1065,2,set2,alt1,20260910067
1065,2,set7,alt1,20260910067
1065,2,set8,alt1,20260910067
1065,2,set10,alt1,20260910067
1065,2,set13,alt1,20260910067
1065,2,set36,alt2,20260910067
1065,2,set38,alt2,20260910067
1065,2,set40,alt2,20260910067
1065,2,set44,alt1,20260910067
1065,2,set45,alt2,20260910067
1065,2,set46,alt1,20260910067
1066,4,set14,alt1,20260910068
1066,4,set15,alt1,20260910068
1066,4,set16,alt1,20260910068
1066,4,set17,alt1,20260910068
1066,4,set20,alt1,20260910068
1066,4,set21,alt1,20260910068
1066,4,set23,alt1,20260910068
1066,4,set26,alt1,20260910068
1066,4,set27,alt1,20260910068
1066,4,set32,alt1,20260910068
1066,4,set34,alt2,20260910068
1066,4,set43,alt1,20260910068
1067,1,set5,alt2,20260910069
1067,1,set6,alt1,20260910069
1067,1,set9,alt2,20260910069
1067,1,set11,alt2,20260910069
1067,1,set18,alt2,20260910069
1067,1,set19,alt2,20260910069
1067,1,set33,alt1,20260910069
1067,1,set35,alt2,20260910069
1067,1,set37,alt1,20260910069
1067,1,set41,alt1,20260910069
1067,1,set42,alt2,20260910069
1067,1,set48,alt2,20260910069
1068,3,set3,alt2,20260910070
1068,3,set4,alt2,20260910070
1068,3,set12,alt1,20260910070
1068,3,set22,alt2,20260910070
1068,3,set24,alt1,20260910070
1068,3,set25,alt1,20260910070
1068,3,set28,alt1,20260910070
1068,3,set29,alt1,20260910070
1068,3,set30,alt2,20260910070
1068,3,set31,alt2,20260910070
1068,3,set39,alt2,20260910070
1068,3,set47,alt2,20260910070
1069,2,set1,alt2,20260910071
1069,2,set2,alt1,20260910071
1069,2,set7,alt1,20260910071
1069,2,set8,alt1,20260910071
1069,2,set10,alt1,20260910071
1069,2,set13,alt1,20260910071
1069,2,set36,alt2,20260910071
1069,2,set38,alt2,20260910071
1069,2,set40,alt2,20260910071
1069,2,set44,alt1,20260910071
1069,2,set45,alt2,20260910071
1069,2,set46,alt1,20260910071
1070,2,set1,alt2,20260910072
1070,2,set2,alt1,20260910072
1070,2,set7,alt1,20260910072
1070,2,set8,alt1,20260910072
1070,2,set10,alt1,20260910072
1070,2,set13,alt1,20260910072
1070,2,set36,alt2,20260910072
1070,2,set38,alt2,20260910072
1070,2,set40,alt2,20260910072
1070,2,set44,alt1,20260910072
1070,2,set45,alt2,20260910072
1070,2,set46,alt1,20260910072
1071,1,set5,alt2,20260910073
1071,1,set6,alt2,20260910073
1071,1,set9,alt2,20260910073
1071,1,set11,alt2,20260910073
1071,1,set18,alt2,20260910073
1071,1,set19,alt2,20260910073
1071,1,set33,alt1,20260910073
1071,1,set35,alt2,20260910073
1071,1,set37,alt1,20260910073
1071,1,set41,alt2,20260910073
1071,1,set42,alt2,20260910073
1071,1,set48,alt2,20260910073
1072,1,set5,alt2,20260910074
1072,1,set6,alt2,20260910074
1072,1,set9,alt2,20260910074
1072,1,set11,alt2,20260910074
1072,1,set18,alt2,20260910074
1072,1,set19,alt2,20260910074
1072,1,set33,alt1,20260910074
1072,1,set35,alt2,20260910074
1072,1,set37,alt1,20260910074
1072,1,set41,alt2,20260910074
1072,1,set42,alt2,20260910074
1072,1,set48,alt2,20260910074
1073,1,set5,alt2,20260910075
1073,1,set6,alt1,20260910075
1073,1,set9,alt2,20260910075
1073,1,set11,alt2,20260910075
1073,1,set18,alt2,20260910075
1073,1,set19,alt2,20260910075
1073,1,set33,alt1,20260910075
1073,1,set35,alt2,20260910075
1073,1,set37,alt1,20260910075
1073,1,set41,alt1,20260910075
1073,1,set42,alt2,20260910075
1073,1,set48,alt2,20260910075
1074,3,set3,alt1,20260910076
1074,3,set4,alt2,20260910076
1074,3,set12,alt1,20260910076
1074,3,set22,alt1,20260910076
1074,3,set24,alt1,20260910076
1074,3,set25,alt1,20260910076
1074,3,set28,alt1,20260910076
1074,3,set29,alt1,20260910076
1074,3,set30,alt2,20260910076
1074,3,set31,alt2,20260910076
1074,3,set39,alt2,20260910076
1074,3,set47,alt2,20260910076
1075,1,set5,alt2,20260910077
1075,1,set6,alt2,20260910077
1075,1,set9,alt2,20260910077
1075,1,set11,alt2,20260910077
1075,1,set18,alt2,20260910077
1075,1,set19,alt2,20260910077
1075,1,set33,alt1,20260910077
1075,1,set35,alt2,20260910077
1075,1,set37,alt1,20260910077
1075,1,set41,alt2,20260910077
1075,1,set42,alt2,20260910077
1075,1,set48,alt2,20260910077
1076,2,set1,alt2,20260910078
1076,2,set2,alt1,20260910078
1076,2,set7,alt1,20260910078
1076,2,set8,alt1,20260910078
1076,2,set10,alt1,20260910078
1076,2,set13,alt1,20260910078
1076,2,set36,alt2,20260910078
1076,2,set38,alt2,20260910078
1076,2,set40,alt2,20260910078
1076,2,set44,alt1,20260910078
1076,2,set45,alt2,20260910078
1076,2,set46,alt1,20260910078
1077,4,set14,alt1,20260910079
1077,4,set15,alt2,20260910079
1077,4,set16,alt2,20260910079
1077,4,set17,alt2,20260910079
1077,4,set20,alt1,20260910079
1077,4,set21,alt1,20260910079
1077,4,set23,alt1,20260910079
1077,4,set26,alt1,20260910079
1077,4,set27,alt1,20260910079
1077,4,set32,alt1,20260910079
1077,4,set34,alt2,20260910079
1077,4,set43,alt2,20260910079
1078,3,set3,alt1,20260910080
1078,3,set4,alt2,20260910080
1078,3,set12,alt1,20260910080
1078,3,set22,alt1,20260910080
1078,3,set24,alt1,20260910080
1078,3,set25,alt1,20260910080
1078,3,set28,alt1,20260910080
1078,3,set29,alt1,20260910080
1078,3,set30,alt2,20260910080
1078,3,set31,alt2,20260910080
1078,3,set39,alt2,20260910080
1078,3,set47,alt2,20260910080
1079,1,set5,alt2,20260910081
1079,1,set6,alt1,20260910081
1079,1,set9,alt2,20260910081
1079,1,set11,alt2,20260910081
1079,1,set18,alt2,20260910081
1079,1,set19,alt2,20260910081
1079,1,set33,alt1,20260910081
1079,1,set35,alt2,20260910081
1079,1,set37,alt1,20260910081
1079,1,set41,alt1,20260910081
1079,1,set42,alt2,20260910081
1079,1,set48,alt2,20260910081
1080,4,set14,alt1,20260910082
1080,4,set15,alt2,20260910082
1080,4,set16,alt1,20260910082
1080,4,set17,alt2,20260910082
1080,4,set20,alt1,20260910082
1080,4,set21,alt1,20260910082
1080,4,set23,alt1,20260910082
1080,4,set26,alt1,20260910082
1080,4,set27,alt1,20260910082
1080,4,set32,alt1,20260910082
1080,4,set34,alt1,20260910082
1080,4,set43,alt1,20260910082
1081,1,set5,alt2,20260910083
1081,1,set6,alt2,20260910083
1081,1,set9,alt2,20260910083
1081,1,set11,alt2,20260910083
1081,1,set18,alt2,20260910083
1081,1,set19,alt2,20260910083
1081,1,set33,alt1,20260910083
1081,1,set35,alt2,20260910083
1081,1,set37,alt1,20260910083
1081,1,set41,alt2,20260910083
1081,1,set42,alt2,20260910083
1081,1,set48,alt2,20260910083
1082,4,set14,alt1,20260910084
1082,4,set15,alt2,20260910084
1082,4,set16,alt2,20260910084
1082,4,set17,alt2,20260910084
1082,4,set20,alt1,20260910084
1082,4,set21,alt1,20260910084
1082,4,set23,alt1,20260910084
1082,4,set26,alt1,20260910084
1082,4,set27,alt1,20260910084
1082,4,set32,alt1,20260910084
1082,4,set34,alt2,20260910084
1082,4,set43,alt2,20260910084
1083,3,set3,alt1,20260910085
1083,3,set4,alt2,20260910085
1083,3,set12,alt1,20260910085
1083,3,set22,alt1,20260910085
1083,3,set24,alt1,20260910085
1083,3,set25,alt1,20260910085
1083,3,set28,alt1,20260910085
1083,3,set29,alt1,20260910085
1083,3,set30,alt2,20260910085
1083,3,set31,alt2,20260910085
1083,3,set39,alt2,20260910085
1083,3,set47,alt2,20260910085
1084,3,set3,alt2,20260910086
1084,3,set4,alt1,20260910086
1084,3,set12,alt1,20260910086
1084,3,set22,alt2,20260910086
1084,3,set24,alt1,20260910086
1084,3,set25,alt2,20260910086
1084,3,set28,alt2,20260910086
1084,3,set29,alt1,20260910086
1084,3,set30,alt2,20260910086
1084,3,set31,alt1,20260910086
1084,3,set39,alt1,20260910086
1084,3,set47,alt2,20260910086
1085,2,set1,alt2,20260910087
1085,2,set2,alt1,20260910087
1085,2,set7,alt1,20260910087
1085,2,set8,alt1,20260910087
1085,2,set10,alt1,20260910087
1085,2,set13,alt1,20260910087
1085,2,set36,alt2,20260910087
1085,2,set38,alt2,20260910087
1085,2,set40,alt2,20260910087
1085,2,set44,alt1,20260910087
1085,2,set45,alt2,20260910087
1085,2,set46,alt1,20260910087
1086,4,set14,alt2,20260910088
1086,4,set15,alt2,20260910088
1086,4,set16,alt1,20260910088
1086,4,set17,alt1,20260910088
1086,4,set20,alt1,20260910088
1086,4,set21,alt2,20260910088
1086,4,set23,alt1,20260910088
1086,4,set26,alt1,20260910088
1086,4,set27,alt2,20260910088
1086,4,set32,alt1,20260910088
1086,4,set34,alt2,20260910088
1086,4,set43,alt2,20260910088
1087,3,set3,alt1,20260910089
1087,3,set4,alt2,20260910089
1087,3,set12,alt1,20260910089
1087,3,set22,alt1,20260910089
1087,3,set24,alt1,20260910089
1087,3,set25,alt1,20260910089
1087,3,set28,alt1,20260910089
1087,3,set29,alt1,20260910089
1087,3,set30,alt2,20260910089
1087,3,set31,alt2,20260910089
1087,3,set39,alt2,20260910089
1087,3,set47,alt2,20260910089
1088,4,set14,alt1,20260910090
1088,4,set15,alt2,20260910090
1088,4,set16,alt2,20260910090
1088,4,set17,alt2,20260910090
1088,4,set20,alt1,20260910090
1088,4,set21,alt1,20260910090
1088,4,set23,alt1,20260910090
1088,4,set26,alt1,20260910090
1088,4,set27,alt1,20260910090
1088,4,set32,alt1,20260910090
1088,4,set34,alt2,20260910090
1088,4,set43,alt2,20260910090
1089,2,set1,alt2,20260910091
1089,2,set2,alt1,20260910091
1089,2,set7,alt2,20260910091
1089,2,set8,alt1,20260910091
1089,2,set10,alt2,20260910091
1089,2,set13,alt1,20260910091
1089,2,set36,alt2,20260910091
1089,2,set38,alt1,20260910091
1089,2,set40,alt2,20260910091
1089,2,set44,alt2,20260910091
1089,2,set45,alt2,20260910091
1089,2,set46,alt2,20260910091
1090,2,set1,alt2,20260910092
1090,2,set2,alt1,20260910092
1090,2,set7,alt1,20260910092
1090,2,set8,alt1,20260910092
1090,2,set10,alt2,20260910092
1090,2,set13,alt1,20260910092
1090,2,set36,alt2,20260910092
1090,2,set38,alt2,20260910092
1090,2,set40,alt2,20260910092
1090,2,set44,alt2,20260910092
1090,2,set45,alt2,20260910092
1090,2,set46,alt2,20260910092
1091,4,set14,alt1,20260910093
1091,4,set15,alt2,20260910093
1091,4,set16,alt2,20260910093
1091,4,set17,alt2,20260910093
1091,4,set20,alt1,20260910093
1091,4,set21,alt1,20260910093
1091,4,set23,alt1,20260910093
1091,4,set26,alt1,20260910093
1091,4,set27,alt1,20260910093
1091,4,set32,alt1,20260910093
1091,4,set34,alt2,20260910093
1091,4,set43,alt2,20260910093
1092,4,set14,alt1,20260910094
1092,4,set15,alt2,20260910094
1092,4,set16,alt2,20260910094
1092,4,set17,alt2,20260910094
1092,4,set20,alt1,20260910094
1092,4,set21,alt1,20260910094
1092,4,set23,alt1,20260910094
1092,4,set26,alt1,20260910094
1092,4,set27,alt1,20260910094
1092,4,set32,alt1,20260910094
1092,4,set34,alt2,20260910094
1092,4,set43,alt2,20260910094
1093,1,set5,alt1,20260910095
1093,1,set6,alt1,20260910095
1093,1,set9,alt1,20260910095
1093,1,set11,alt2,20260910095
1093,1,set18,alt1,20260910095
1093,1,set19,alt1,20260910095
1093,1,set33,alt2,20260910095
1093,1,set35,alt2,20260910095
1093,1,set37,alt1,20260910095
1093,1,set41,alt1,20260910095
1093,1,set42,alt2,20260910095
1093,1,set48,alt2,20260910095
1094,1,set5,alt2,20260910096
1094,1,set6,alt1,20260910096
1094,1,set9,alt2,20260910096
1094,1,set11,alt2,20260910096
1094,1,set18,alt2,20260910096
1094,1,set19,alt2,20260910096
1094,1,set33,alt1,20260910096
1094,1,set35,alt2,20260910096
1094,1,set37,alt1,20260910096
1094,1,set41,alt1,20260910096
1094,1,set42,alt2,20260910096
1094,1,set48,alt2,20260910096
1095,3,set3,alt1,20260910097
1095,3,set4,alt2,20260910097
1095,3,set12,alt1,20260910097
1095,3,set22,alt1,20260910097
1095,3,set24,alt1,20260910097
1095,3,set25,alt1,20260910097
1095,3,set28,alt1,20260910097
1095,3,set29,alt1,20260910097
1095,3,set30,alt2,20260910097
1095,3,set31,alt2,20260910097
1095,3,set39,alt2,20260910097
1095,3,set47,alt2,20260910097
1096,1,set5,alt2,20260910098
1096,1,set6,alt2,20260910098
1096,1,set9,alt2,20260910098
1096,1,set11,alt2,20260910098
1096,1,set18,alt2,20260910098
1096,1,set19,alt2,20260910098
1096,1,set33,alt1,20260910098
1096,1,set35,alt2,20260910098
1096,1,set37,alt1,20260910098
1096,1,set41,alt2,20260910098
1096,1,set42,alt2,20260910098
1096,1,set48,alt2,20260910098
1097,4,set14,alt1,20260910099
1097,4,set15,alt1,20260910099
1097,4,set16,alt1,20260910099
1097,4,set17,alt1,20260910099
1097,4,set20,alt1,20260910099
1097,4,set21,alt1,20260910099
1097,4,set23,alt1,20260910099
1097,4,set26,alt1,20260910099
1097,4,set27,alt1,20260910099
1097,4,set32,alt1,20260910099
1097,4,set34,alt2,20260910099
1097,4,set43,alt1,20260910099
1098,1,set5,alt2,20260910100
1098,1,set6,alt2,20260910100
1098,1,set9,alt2,20260910100
1098,1,set11,alt2,20260910100
1098,1,set18,alt2,20260910100
1098,1,set19,alt2,20260910100
1098,1,set33,alt1,20260910100
1098,1,set35,alt2,20260910100
1098,1,set37,alt1,20260910100
1098,1,set41,alt2,20260910100
1098,1,set42,alt2,20260910100
1098,1,set48,alt2,20260910100
1099,4,set14,alt1,20260910101
1099,4,set15,alt2,20260910101
1099,4,set16,alt2,20260910101
1099,4,set17,alt2,20260910101
1099,4,set20,alt1,20260910101
1099,4,set21,alt1,20260910101
1099,4,set23,alt1,20260910101
1099,4,set26,alt1,20260910101
1099,4,set27,alt1,20260910101
1099,4,set32,alt1,20260910101
1099,4,set34,alt2,20260910101
1099,4,set43,alt2,20260910101
1100,1,set5,alt2,20260910102
1100,1,set6,alt1,20260910102
1100,1,set9,alt2,20260910102
1100,1,set11,alt2,20260910102
1100,1,set18,alt2,20260910102
1100,1,set19,alt2,20260910102
1100,1,set33,alt1,20260910102
1100,1,set35,alt2,20260910102
1100,1,set37,alt1,20260910102
1100,1,set41,alt1,20260910102
1100,1,set42,alt2,20260910102
1100,1,set48,alt2,20260910102
1101,3,set3,alt2,20260910103
1101,3,set4,alt2,20260910103
1101,3,set12,alt1,20260910103
1101,3,set22,alt2,20260910103
1101,3,set24,alt1,20260910103
1101,3,set25,alt1,20260910103
1101,3,set28,alt1,20260910103
1101,3,set29,alt1,20260910103
1101,3,set30,alt2,20260910103
1101,3,set31,alt2,20260910103
1101,3,set39,alt2,20260910103
1101,3,set47,alt2,20260910103
1102,1,set5,alt2,20260910104
1102,1,set6,alt1,20260910104
1102,1,set9,alt2,20260910104
1102,1,set11,alt2,20260910104
1102,1,set18,alt2,20260910104
1102,1,set19,alt2,20260910104
1102,1,set33,alt1,20260910104
1102,1,set35,alt2,20260910104
1102,1,set37,alt1,20260910104
1102,1,set41,alt1,20260910104
1102,1,set42,alt2,20260910104
1102,1,set48,alt2,20260910104
1103,1,set5,alt2,20260910105
1103,1,set6,alt2,20260910105
1103,1,set9,alt2,20260910105
1103,1,set11,alt2,20260910105
1103,1,set18,alt2,20260910105
1103,1,set19,alt2,20260910105
1103,1,set33,alt1,20260910105
1103,1,set35,alt2,20260910105
1103,1,set37,alt1,20260910105
1103,1,set41,alt2,20260910105
1103,1,set42,alt2,20260910105
1103,1,set48,alt2,20260910105
1104,2,set1,alt2,20260910106
1104,2,set2,alt1,20260910106
1104,2,set7,alt1,20260910106
1104,2,set8,alt1,20260910106
1104,2,set10,alt1,20260910106
1104,2,set13,alt1,20260910106
1104,2,set36,alt2,20260910106
1104,2,set38,alt2,20260910106
1104,2,set40,alt2,20260910106
1104,2,set44,alt1,20260910106
1104,2,set45,alt2,20260910106
1104,2,set46,alt1,20260910106
1105,2,set1,alt2,20260910107
1105,2,set2,alt1,20260910107
1105,2,set7,alt1,20260910107
1105,2,set8,alt1,20260910107
1105,2,set10,alt2,20260910107
1105,2,set13,alt1,20260910107
1105,2,set36,alt2,20260910107
1105,2,set38,alt2,20260910107
1105,2,set40,alt2,20260910107
1105,2,set44,alt1,20260910107
1105,2,set45,alt2,20260910107
1105,2,set46,alt1,20260910107
1106,4,set14,alt1,20260910108
1106,4,set15,alt2,20260910108
1106,4,set16,alt1,20260910108
1106,4,set17,alt2,20260910108
1106,4,set20,alt1,20260910108
1106,4,set21,alt1,20260910108
1106,4,set23,alt1,20260910108
1106,4,set26,alt1,20260910108
1106,4,set27,alt1,20260910108
1106,4,set32,alt1,20260910108
1106,4,set34,alt1,20260910108
1106,4,set43,alt1,20260910108
1107,4,set14,alt2,20260910109
1107,4,set15,alt2,20260910109
1107,4,set16,alt1,20260910109
1107,4,set17,alt1,20260910109
1107,4,set20,alt1,20260910109
1107,4,set21,alt1,20260910109
1107,4,set23,alt1,20260910109
1107,4,set26,alt1,20260910109
1107,4,set27,alt2,20260910109
1107,4,set32,alt1,20260910109
1107,4,set34,alt2,20260910109
1107,4,set43,alt1,20260910109
1108,1,set5,alt1,20260910110
1108,1,set6,alt2,20260910110
1108,1,set9,alt1,20260910110
1108,1,set11,alt2,20260910110
1108,1,set18,alt2,20260910110
1108,1,set19,alt2,20260910110
1108,1,set33,alt1,20260910110
1108,1,set35,alt2,20260910110
1108,1,set37,alt1,20260910110
1108,1,set41,alt1,20260910110
1108,1,set42,alt1,20260910110
1108,1,set48,alt2,20260910110
1109,2,set1,alt2,20260910111
1109,2,set2,alt1,20260910111
1109,2,set7,alt1,20260910111
1109,2,set8,alt1,20260910111
1109,2,set10,alt1,20260910111
1109,2,set13,alt1,20260910111
1109,2,set36,alt2,20260910111
1109,2,set38,alt2,20260910111
1109,2,set40,alt2,20260910111
1109,2,set44,alt1,20260910111
1109,2,set45,alt2,20260910111
1109,2,set46,alt1,20260910111
1110,4,set14,alt1,20260910112
1110,4,set15,alt1,20260910112
1110,4,set16,alt1,20260910112
1110,4,set17,alt1,20260910112
1110,4,set20,alt1,20260910112
1110,4,set21,alt1,20260910112
1110,4,set23,alt1,20260910112
1110,4,set26,alt1,20260910112
1110,4,set27,alt1,20260910112
1110,4,set32,alt1,20260910112
1110,4,set34,alt2,20260910112
1110,4,set43,alt1,20260910112
1111,3,set3,alt2,20260910113
1111,3,set4,alt1,20260910113
1111,3,set12,alt1,20260910113
1111,3,set22,alt2,20260910113
1111,3,set24,alt1,20260910113
1111,3,set25,alt2,20260910113
1111,3,set28,alt2,20260910113
1111,3,set29,alt1,20260910113
1111,3,set30,alt2,20260910113
1111,3,set31,alt1,20260910113
1111,3,set39,alt1,20260910113
1111,3,set47,alt2,20260910113
1112,3,set3,alt1,20260910114
1112,3,set4,alt2,20260910114
1112,3,set12,alt1,20260910114
1112,3,set22,alt1,20260910114
1112,3,set24,alt1,20260910114
1112,3,set25,alt1,20260910114
1112,3,set28,alt1,20260910114
1112,3,set29,alt1,20260910114
1112,3,set30,alt2,20260910114
1112,3,set31,alt2,20260910114
1112,3,set39,alt2,20260910114
1112,3,set47,alt2,20260910114
1113,4,set14,alt1,20260910115
1113,4,set15,alt2,20260910115
1113,4,set16,alt2,20260910115
1113,4,set17,alt2,20260910115
1113,4,set20,alt1,20260910115
1113,4,set21,alt1,20260910115
1113,4,set23,alt1,20260910115
1113,4,set26,alt1,20260910115
1113,4,set27,alt1,20260910115
1113,4,set32,alt1,20260910115
1113,4,set34,alt2,20260910115
1113,4,set43,alt2,20260910115
1114,1,set5,alt2,20260910116
1114,1,set6,alt2,20260910116
1114,1,set9,alt2,20260910116
1114,1,set11,alt2,20260910116
1114,1,set18,alt2,20260910116
1114,1,set19,alt2,20260910116
1114,1,set33,alt1,20260910116
1114,1,set35,alt2,20260910116
1114,1,set37,alt1,20260910116
1114,1,set41,alt2,20260910116
1114,1,set42,alt2,20260910116
1114,1,set48,alt2,20260910116
1115,1,set5,alt2,20260910117
1115,1,set6,alt2,20260910117
1115,1,set9,alt2,20260910117
1115,1,set11,alt2,20260910117
1115,1,set18,alt2,20260910117
1115,1,set19,alt2,20260910117
1115,1,set33,alt1,20260910117
1115,1,set35,alt2,20260910117
1115,1,set37,alt1,20260910117
1115,1,set41,alt2,20260910117
1115,1,set42,alt2,20260910117
1115,1,set48,alt2,20260910117
1116,3,set3,alt1,20260910118
1116,3,set4,alt2,20260910118
1116,3,set12,alt1,20260910118
1116,3,set22,alt1,20260910118
1116,3,set24,alt1,20260910118
1116,3,set25,alt1,20260910118
1116,3,set28,alt1,20260910118
1116,3,set29,alt1,20260910118
1116,3,set30,alt2,20260910118
1116,3,set31,alt2,20260910118
1116,3,set39,alt2,20260910118
1116,3,set47,alt2,20260910118
1117,2,set1,alt2,20260910119
1117,2,set2,alt1,20260910119
1117,2,set7,alt1,20260910119
1117,2,set8,alt1,20260910119
1117,2,set10,alt1,20260910119
1117,2,set13,alt1,20260910119
1117,2,set36,alt2,20260910119
1117,2,set38,alt2,20260910119
1117,2,set40,alt2,20260910119
1117,2,set44,alt1,20260910119
1117,2,set45,alt2,20260910119
1117,2,set46,alt1,20260910119
1118,2,set1,alt2,20260910120
1118,2,set2,alt1,20260910120
1118,2,set7,alt1,20260910120
1118,2,set8,alt1,20260910120
1118,2,set10,alt1,20260910120
1118,2,set13,alt1,20260910120
1118,2,set36,alt2,20260910120
1118,2,set38,alt2,20260910120
1118,2,set40,alt2,20260910120
1118,2,set44,alt1,20260910120
1118,2,set45,alt2,20260910120
1118,2,set46,alt1,20260910120
1119,1,set5,alt2,20260910121
1119,1,set6,alt1,20260910121
1119,1,set9,alt2,20260910121
1119,1,set11,alt2,20260910121
1119,1,set18,alt2,20260910121
1119,1,set19,alt2,20260910121
1119,1,set33,alt1,20260910121
1119,1,set35,alt2,20260910121
1119,1,set37,alt1,20260910121
1119,1,set41,alt1,20260910121
1119,1,set42,alt2,20260910121
1119,1,set48,alt2,20260910121
1120,1,set5,alt2,20260910122
1120,1,set6,alt1,20260910122
1120,1,set9,alt2,20260910122
1120,1,set11,alt2,20260910122
1120,1,set18,alt2,20260910122
1120,1,set19,alt2,20260910122
1120,1,set33,alt1,20260910122
1120,1,set35,alt2,20260910122
1120,1,set37,alt1,20260910122
1120,1,set41,alt1,20260910122
1120,1,set42,alt2,20260910122
1120,1,set48,alt2,20260910122
1121,4,set14,alt2,20260910123
1121,4,set15,alt2,20260910123
1121,4,set16,alt1,20260910123
1121,4,set17,alt1,20260910123
1121,4,set20,alt1,20260910123
1121,4,set21,alt1,20260910123
1121,4,set23,alt1,20260910123
1121,4,set26,alt1,20260910123
1121,4,set27,alt2,20260910123
1121,4,set32,alt1,20260910123
1121,4,set34,alt2,20260910123
1121,4,set43,alt1,20260910123
1122,3,set3,alt2,20260910124
1122,3,set4,alt1,20260910124
1122,3,set12,alt1,20260910124
1122,3,set22,alt2,20260910124
1122,3,set24,alt1,20260910124
1122,3,set25,alt2,20260910124
1122,3,set28,alt2,20260910124
1122,3,set29,alt1,20260910124
1122,3,set30,alt2,20260910124
1122,3,set31,alt1,20260910124
1122,3,set39,alt1,20260910124
1122,3,set47,alt2,20260910124
1123,1,set5,alt2,20260910125
1123,1,set6,alt2,20260910125
1123,1,set9,alt2,20260910125
1123,1,set11,alt2,20260910125
1123,1,set18,alt1,20260910125
1123,1,set19,alt2,20260910125
1123,1,set33,alt1,20260910125
1123,1,set35,alt2,20260910125
1123,1,set37,alt1,20260910125
1123,1,set41,alt1,20260910125
1123,1,set42,alt2,20260910125
1123,1,set48,alt2,20260910125
1124,3,set3,alt1,20260910126
1124,3,set4,alt2,20260910126
1124,3,set12,alt1,20260910126
1124,3,set22,alt1,20260910126
1124,3,set24,alt1,20260910126
1124,3,set25,alt1,20260910126
1124,3,set28,alt1,20260910126
1124,3,set29,alt1,20260910126
1124,3,set30,alt2,20260910126
1124,3,set31,alt2,20260910126
1124,3,set39,alt2,20260910126
1124,3,set47,alt2,20260910126
1125,4,set14,alt2,20260910127
1125,4,set15,alt2,20260910127
1125,4,set16,alt1,20260910127
1125,4,set17,alt1,20260910127
1125,4,set20,alt1,20260910127
1125,4,set21,alt1,20260910127
1125,4,set23,alt1,20260910127
1125,4,set26,alt1,20260910127
1125,4,set27,alt2,20260910127
1125,4,set32,alt1,20260910127
1125,4,set34,alt2,20260910127
1125,4,set43,alt1,20260910127
1126,2,set1,alt2,20260910128
1126,2,set2,alt1,20260910128
1126,2,set7,alt1,20260910128
1126,2,set8,alt1,20260910128
1126,2,set10,alt2,20260910128
1126,2,set13,alt1,20260910128
1126,2,set36,alt2,20260910128
1126,2,set38,alt2,20260910128
1126,2,set40,alt2,20260910128
1126,2,set44,alt1,20260910128
1126,2,set45,alt2,20260910128
1126,2,set46,alt1,20260910128
1127,4,set14,alt1,20260910129
1127,4,set15,alt2,20260910129
1127,4,set16,alt2,20260910129
1127,4,set17,alt2,20260910129
1127,4,set20,alt1,20260910129
1127,4,set21,alt1,20260910129
1127,4,set23,alt1,20260910129
1127,4,set26,alt1,20260910129
1127,4,set27,alt1,20260910129
1127,4,set32,alt1,20260910129
1127,4,set34,alt2,20260910129
1127,4,set43,alt2,20260910129
1128,3,set3,alt2,20260910130
1128,3,set4,alt2,20260910130
1128,3,set12,alt1,20260910130
1128,3,set22,alt2,20260910130
1128,3,set24,alt1,20260910130
1128,3,set25,alt1,20260910130
1128,3,set28,alt1,20260910130
1128,3,set29,alt1,20260910130
1128,3,set30,alt2,20260910130
1128,3,set31,alt2,20260910130
1128,3,set39,alt2,20260910130
1128,3,set47,alt2,20260910130
1129,2,set1,alt2,20260910131
1129,2,set2,alt1,20260910131
1129,2,set7,alt1,20260910131
1129,2,set8,alt1,20260910131
1129,2,set10,alt1,20260910131
1129,2,set13,alt1,20260910131
1129,2,set36,alt2,20260910131
1129,2,set38,alt2,20260910131
1129,2,set40,alt2,20260910131
1129,2,set44,alt1,20260910131
1129,2,set45,alt2,20260910131
1129,2,set46,alt1,20260910131
1130,1,set5,alt2,20260910132
1130,1,set6,alt2,20260910132
1130,1,set9,alt2,20260910132
1130,1,set11,alt2,20260910132
1130,1,set18,alt2,20260910132
1130,1,set19,alt2,20260910132
1130,1,set33,alt1,20260910132
1130,1,set35,alt2,20260910132
1130,1,set37,alt1,20260910132
1130,1,set41,alt2,20260910132
1130,1,set42,alt2,20260910132
1130,1,set48,alt2,20260910132
1131,2,set1,alt2,20260910133
1131,2,set2,alt1,20260910133
1131,2,set7,alt1,20260910133
1131,2,set8,alt1,20260910133
1131,2,set10,alt2,20260910133
1131,2,set13,alt1,20260910133
1131,2,set36,alt2,20260910133
1131,2,set38,alt2,20260910133
1131,2,set40,alt2,20260910133
1131,2,set44,alt1,20260910133
1131,2,set45,alt2,20260910133
1131,2,set46,alt1,20260910133
1132,1,set5,alt2,20260910134
1132,1,set6,alt2,20260910134
1132,1,set9,alt2,20260910134
1132,1,set11,alt2,20260910134
1132,1,set18,alt2,20260910134
1132,1,set19,alt2,20260910134
1132,1,set33,alt1,20260910134
1132,1,set35,alt2,20260910134
1132,1,set37,alt1,20260910134
1132,1,set41,alt2,20260910134
1132,1,set42,alt2,20260910134
1132,1,set48,alt2,20260910134
1133,4,set14,alt2,20260910135
1133,4,set15,alt2,20260910135
1133,4,set16,alt1,20260910135
1133,4,set17,alt1,20260910135
1133,4,set20,alt1,20260910135
1133,4,set21,alt1,20260910135
1133,4,set23,alt1,20260910135
1133,4,set26,alt1,20260910135
1133,4,set27,alt2,20260910135
1133,4,set32,alt1,20260910135
1133,4,set34,alt2,20260910135
1133,4,set43,alt1,20260910135
1134,2,set1,alt2,20260910136
1134,2,set2,alt1,20260910136
1134,2,set7,alt1,20260910136
1134,2,set8,alt1,20260910136
1134,2,set10,alt2,20260910136
1134,2,set13,alt1,20260910136
1134,2,set36,alt2,20260910136
1134,2,set38,alt2,20260910136
1134,2,set40,alt2,20260910136
1134,2,set44,alt2,20260910136
1134,2,set45,alt2,20260910136
1134,2,set46,alt2,20260910136
1135,3,set3,alt1,20260910137
1135,3,set4,alt2,20260910137
1135,3,set12,alt1,20260910137
1135,3,set22,alt1,20260910137
1135,3,set24,alt1,20260910137
1135,3,set25,alt1,20260910137
1135,3,set28,alt1,20260910137
1135,3,set29,alt1,20260910137
1135,3,set30,alt2,20260910137
1135,3,set31,alt2,20260910137
1135,3,set39,alt2,20260910137
1135,3,set47,alt2,20260910137
1136,4,set14,alt2,20260910138
1136,4,set15,alt2,20260910138
1136,4,set16,alt1,20260910138
1136,4,set17,alt1,20260910138
1136,4,set20,alt1,20260910138
1136,4,set21,alt1,20260910138
1136,4,set23,alt1,20260910138
1136,4,set26,alt1,20260910138
1136,4,set27,alt2,20260910138
1136,4,set32,alt1,20260910138
1136,4,set34,alt2,20260910138
1136,4,set43,alt1,20260910138
1137,3,set3,alt1,20260910139
1137,3,set4,alt2,20260910139
1137,3,set12,alt1,20260910139
1137,3,set22,alt1,20260910139
1137,3,set24,alt1,20260910139
1137,3,set25,alt1,20260910139
1137,3,set28,alt1,20260910139
1137,3,set29,alt1,20260910139
1137,3,set30,alt2,20260910139
1137,3,set31,alt2,20260910139
1137,3,set39,alt2,20260910139
1137,3,set47,alt2,20260910139
1138,2,set1,alt2,20260910140
1138,2,set2,alt1,20260910140
1138,2,set7,alt1,20260910140
1138,2,set8,alt1,20260910140
1138,2,set10,alt1,20260910140
1138,2,set13,alt1,20260910140
1138,2,set36,alt2,20260910140
1138,2,set38,alt2,20260910140
1138,2,set40,alt2,20260910140
1138,2,set44,alt1,20260910140
1138,2,set45,alt2,20260910140
1138,2,set46,alt1,20260910140
1139,2,set1,alt2,20260910141
1139,2,set2,alt1,20260910141
1139,2,set7,alt2,20260910141
1139,2,set8,alt1,20260910141
1139,2,set10,alt2,20260910141
1139,2,set13,alt1,20260910141
1139,2,set36,alt2,20260910141
1139,2,set38,alt1,20260910141
1139,2,set40,alt2,20260910141
1139,2,set44,alt2,20260910141
1139,2,set45,alt2,20260910141
1139,2,set46,alt2,20260910141
1140,1,set5,alt2,20260910142
1140,1,set6,alt2,20260910142
1140,1,set9,alt2,20260910142
1140,1,set11,alt2,20260910142
1140,1,set18,alt2,20260910142
1140,1,set19,alt2,20260910142
1140,1,set33,alt1,20260910142
1140,1,set35,alt2,20260910142
1140,1,set37,alt1,20260910142
1140,1,set41,alt2,20260910142
1140,1,set42,alt2,20260910142
1140,1,set48,alt2,20260910142
1141,2,set1,alt2,20260910143
1141,2,set2,alt1,20260910143
1141,2,set7,alt1,20260910143
1141,2,set8,alt1,20260910143
1141,2,set10,alt1,20260910143
1141,2,set13,alt1,20260910143
1141,2,set36,alt2,20260910143
1141,2,set38,alt2,20260910143
1141,2,set40,alt2,20260910143
1141,2,set44,alt1,20260910143
1141,2,set45,alt2,20260910143
1141,2,set46,alt1,20260910143
1142,2,set1,alt2,20260910144
1142,2,set2,alt1,20260910144
1142,2,set7,alt1,20260910144
1142,2,set8,alt1,20260910144
1142,2,set10,alt1,20260910144
1142,2,set13,alt1,20260910144
1142,2,set36,alt2,20260910144
1142,2,set38,alt2,20260910144
1142,2,set40,alt2,20260910144
1142,2,set44,alt1,20260910144
1142,2,set45,alt2,20260910144
1142,2,set46,alt1,20260910144
1143,4,set14,alt2,20260910145
1143,4,set15,alt2,20260910145
1143,4,set16,alt1,20260910145
1143,4,set17,alt1,20260910145
1143,4,set20,alt1,20260910145
1143,4,set21,alt1,20260910145
1143,4,set23,alt1,20260910145
1143,4,set26,alt1,20260910145
1143,4,set27,alt2,20260910145
1143,4,set32,alt1,20260910145
1143,4,set34,alt2,20260910145
1143,4,set43,alt1,20260910145
1144,3,set3,alt2,20260910146
1144,3,set4,alt1,20260910146
1144,3,set12,alt1,20260910146
1144,3,set22,alt2,20260910146
1144,3,set24,alt1,20260910146
1144,3,set25,alt2,20260910146
1144,3,set28,alt2,20260910146
1144,3,set29,alt1,20260910146
1144,3,set30,alt2,20260910146
1144,3,set31,alt1,20260910146
1144,3,set39,alt1,20260910146
1144,3,set47,alt2,20260910146
1145,3,set3,alt1,20260910147
1145,3,set4,alt2,20260910147
1145,3,set12,alt1,20260910147
1145,3,set22,alt1,20260910147
1145,3,set24,alt1,20260910147
1145,3,set25,alt1,20260910147
1145,3,set28,alt1,20260910147
1145,3,set29,alt1,20260910147
1145,3,set30,alt2,20260910147
1145,3,set31,alt2,20260910147
1145,3,set39,alt2,20260910147
1145,3,set47,alt2,20260910147
1146,2,set1,alt2,20260910148
1146,2,set2,alt1,20260910148
1146,2,set7,alt1,20260910148
1146,2,set8,alt1,20260910148
1146,2,set10,alt1,20260910148
1146,2,set13,alt1,20260910148
1146,2,set36,alt2,20260910148
1146,2,set38,alt2,20260910148
1146,2,set40,alt2,20260910148
1146,2,set44,alt1,20260910148
1146,2,set45,alt2,20260910148
1146,2,set46,alt1,20260910148
1147,1,set5,alt1,20260910149
1147,1,set6,alt1,20260910149
1147,1,set9,alt1,20260910149
1147,1,set11,alt2,20260910149
1147,1,set18,alt1,20260910149
1147,1,set19,alt1,20260910149
1147,1,set33,alt2,20260910149
1147,1,set35,alt2,20260910149
1147,1,set37,alt1,20260910149
1147,1,set41,alt1,20260910149
1147,1,set42,alt2,20260910149
1147,1,set48,alt2,20260910149
1148,1,set5,alt2,20260910150
1148,1,set6,alt2,20260910150
1148,1,set9,alt2,20260910150
1148,1,set11,alt2,20260910150
1148,1,set18,alt2,20260910150
1148,1,set19,alt2,20260910150
1148,1,set33,alt1,20260910150
1148,1,set35,alt2,20260910150
1148,1,set37,alt1,20260910150
1148,1,set41,alt2,20260910150
1148,1,set42,alt2,20260910150
1148,1,set48,alt2,20260910150
1149,3,set3,alt2,20260910151
1149,3,set4,alt2,20260910151
1149,3,set12,alt1,20260910151
1149,3,set22,alt2,20260910151
1149,3,set24,alt1,20260910151
1149,3,set25,alt1,20260910151
1149,3,set28,alt1,20260910151
1149,3,set29,alt1,20260910151
1149,3,set30,alt2,20260910151
1149,3,set31,alt2,20260910151
1149,3,set39,alt2,20260910151
1149,3,set47,alt2,20260910151
1150,4,set14,alt1,20260910152
1150,4,set15,alt2,20260910152
1150,4,set16,alt1,20260910152
1150,4,set17,alt2,20260910152
1150,4,set20,alt1,20260910152
1150,4,set21,alt1,20260910152
1150,4,set23,alt1,20260910152
1150,4,set26,alt1,20260910152
1150,4,set27,alt1,20260910152
1150,4,set32,alt1,20260910152
1150,4,set34,alt1,20260910152
1150,4,set43,alt1,20260910152
1151,4,set14,alt1,20260910153
1151,4,set15,alt2,20260910153
1151,4,set16,alt2,20260910153
1151,4,set17,alt2,20260910153
1151,4,set20,alt1,20260910153
1151,4,set21,alt1,20260910153
1151,4,set23,alt1,20260910153
1151,4,set26,alt1,20260910153
1151,4,set27,alt1,20260910153
1151,4,set32,alt1,20260910153
1151,4,set34,alt2,20260910153
1151,4,set43,alt2,20260910153
1152,4,set14,alt2,20260910154
1152,4,set15,alt2,20260910154
1152,4,set16,alt1,20260910154
1152,4,set17,alt1,20260910154
1152,4,set20,alt1,20260910154
1152,4,set21,alt1,20260910154
1152,4,set23,alt1,20260910154
1152,4,set26,alt1,20260910154
1152,4,set27,alt2,20260910154
1152,4,set32,alt1,20260910154
1152,4,set34,alt2,20260910154
1152,4,set43,alt1,20260910154
1153,1,set5,alt2,20260910155
1153,1,set6,alt2,20260910155
1153,1,set9,alt2,20260910155
1153,1,set11,alt2,20260910155
1153,1,set18,alt2,20260910155
1153,1,set19,alt2,20260910155
1153,1,set33,alt1,20260910155
1153,1,set35,alt2,20260910155
1153,1,set37,alt1,20260910155
1153,1,set41,alt2,20260910155
1153,1,set42,alt2,20260910155
1153,1,set48,alt2,20260910155
1154,3,set3,alt2,20260910156
1154,3,set4,alt1,20260910156
1154,3,set12,alt1,20260910156
1154,3,set22,alt1,20260910156
1154,3,set24,alt1,20260910156
1154,3,set25,alt2,20260910156
1154,3,set28,alt2,20260910156
1154,3,set29,alt1,20260910156
1154,3,set30,alt1,20260910156
1154,3,set31,alt2,20260910156
1154,3,set39,alt1,20260910156
1154,3,set47,alt1,20260910156
1155,4,set14,alt1,20260910157
1155,4,set15,alt2,20260910157
1155,4,set16,alt2,20260910157
1155,4,set17,alt2,20260910157
1155,4,set20,alt1,20260910157
1155,4,set21,alt1,20260910157
1155,4,set23,alt1,20260910157
1155,4,set26,alt1,20260910157
1155,4,set27,alt1,20260910157
1155,4,set32,alt1,20260910157
1155,4,set34,alt2,20260910157
1155,4,set43,alt2,20260910157
1156,4,set14,alt1,20260910158
1156,4,set15,alt1,20260910158
1156,4,set16,alt1,20260910158
1156,4,set17,alt1,20260910158
1156,4,set20,alt1,20260910158
1156,4,set21,alt1,20260910158
1156,4,set23,alt1,20260910158
1156,4,set26,alt1,20260910158
1156,4,set27,alt1,20260910158
1156,4,set32,alt1,20260910158
1156,4,set34,alt2,20260910158
1156,4,set43,alt1,20260910158
1157,3,set3,alt1,20260910159
1157,3,set4,alt2,20260910159
1157,3,set12,alt1,20260910159
1157,3,set22,alt1,20260910159
1157,3,set24,alt1,20260910159
1157,3,set25,alt1,20260910159
1157,3,set28,alt1,20260910159
1157,3,set29,alt1,20260910159
1157,3,set30,alt2,20260910159
1157,3,set31,alt2,20260910159
1157,3,set39,alt2,20260910159
1157,3,set47,alt2,20260910159
1158,1,set5,alt2,20260910160
1158,1,set6,alt2,20260910160
1158,1,set9,alt2,20260910160
1158,1,set11,alt2,20260910160
1158,1,set18,alt2,20260910160
1158,1,set19,alt2,20260910160
1158,1,set33,alt1,20260910160
1158,1,set35,alt2,20260910160
1158,1,set37,alt1,20260910160
1158,1,set41,alt2,20260910160
1158,1,set42,alt2,20260910160
1158,1,set48,alt2,20260910160
1159,4,set14,alt1,20260910161
1159,4,set15,alt2,20260910161
1159,4,set16,alt2,20260910161
1159,4,set17,alt2,20260910161
1159,4,set20,alt1,20260910161
1159,4,set21,alt1,20260910161
1159,4,set23,alt1,20260910161
1159,4,set26,alt1,20260910161
1159,4,set27,alt1,20260910161
1159,4,set32,alt1,20260910161
1159,4,set34,alt2,20260910161
1159,4,set43,alt2,20260910161
1160,2,set1,alt2,20260910162
1160,2,set2,alt1,20260910162
1160,2,set7,alt1,20260910162
1160,2,set8,alt1,20260910162
1160,2,set10,alt1,20260910162
1160,2,set13,alt1,20260910162
1160,2,set36,alt2,20260910162
1160,2,set38,alt2,20260910162
1160,2,set40,alt2,20260910162
1160,2,set44,alt1,20260910162
1160,2,set45,alt2,20260910162
1160,2,set46,alt1,20260910162
1161,3,set3,alt1,20260910163
1161,3,set4,alt2,20260910163
1161,3,set12,alt1,20260910163
1161,3,set22,alt1,20260910163
1161,3,set24,alt1,20260910163
1161,3,set25,alt1,20260910163
1161,3,set28,alt1,20260910163
1161,3,set29,alt1,20260910163
1161,3,set30,alt2,20260910163
1161,3,set31,alt2,20260910163
1161,3,set39,alt2,20260910163
1161,3,set47,alt2,20260910163
1162,1,set5,alt1,20260910164
1162,1,set6,alt1,20260910164
1162,1,set9,alt1,20260910164
1162,1,set11,alt2,20260910164
1162,1,set18,alt1,20260910164
1162,1,set19,alt1,20260910164
1162,1,set33,alt2,20260910164
1162,1,set35,alt2,20260910164
1162,1,set37,alt1,20260910164
1162,1,set41,alt1,20260910164
1162,1,set42,alt2,20260910164
1162,1,set48,alt2,20260910164
1163,2,set1,alt2,20260910165
1163,2,set2,alt1,20260910165
1163,2,set7,alt1,20260910165
1163,2,set8,alt1,20260910165
1163,2,set10,alt1,20260910165
1163,2,set13,alt1,20260910165
1163,2,set36,alt2,20260910165
1163,2,set38,alt2,20260910165
1163,2,set40,alt2,20260910165
1163,2,set44,alt1,20260910165
1163,2,set45,alt2,20260910165
1163,2,set46,alt1,20260910165
1164,1,set5,alt1,20260910166
1164,1,set6,alt1,20260910166
1164,1,set9,alt1,20260910166
1164,1,set11,alt2,20260910166
1164,1,set18,alt1,20260910166
1164,1,set19,alt1,20260910166
1164,1,set33,alt2,20260910166
1164,1,set35,alt2,20260910166
1164,1,set37,alt1,20260910166
1164,1,set41,alt1,20260910166
1164,1,set42,alt2,20260910166
1164,1,set48,alt2,20260910166
1165,1,set5,alt2,20260910167
1165,1,set6,alt1,20260910167
1165,1,set9,alt2,20260910167
1165,1,set11,alt2,20260910167
1165,1,set18,alt2,20260910167
1165,1,set19,alt2,20260910167
1165,1,set33,alt1,20260910167
1165,1,set35,alt2,20260910167
1165,1,set37,alt1,20260910167
1165,1,set41,alt1,20260910167
1165,1,set42,alt2,20260910167
1165,1,set48,alt2,20260910167
1166,1,set5,alt2,20260910168
1166,1,set6,alt1,20260910168
1166,1,set9,alt2,20260910168
1166,1,set11,alt2,20260910168
1166,1,set18,alt2,20260910168
1166,1,set19,alt2,20260910168
1166,1,set33,alt1,20260910168
1166,1,set35,alt2,20260910168
1166,1,set37,alt1,20260910168
1166,1,set41,alt1,20260910168
1166,1,set42,alt2,20260910168
1166,1,set48,alt2,20260910168
1167,4,set14,alt1,20260910169
1167,4,set15,alt2,20260910169
1167,4,set16,alt1,20260910169
1167,4,set17,alt2,20260910169
1167,4,set20,alt1,20260910169
1167,4,set21,alt1,20260910169
1167,4,set23,alt1,20260910169
1167,4,set26,alt1,20260910169
1167,4,set27,alt1,20260910169
1167,4,set32,alt1,20260910169
1167,4,set34,alt1,20260910169
1167,4,set43,alt1,20260910169
1168,4,set14,alt1,20260910170
1168,4,set15,alt2,20260910170
1168,4,set16,alt1,20260910170
1168,4,set17,alt2,20260910170
1168,4,set20,alt1,20260910170
1168,4,set21,alt1,20260910170
1168,4,set23,alt1,20260910170
1168,4,set26,alt1,20260910170
1168,4,set27,alt1,20260910170
1168,4,set32,alt1,20260910170
1168,4,set34,alt1,20260910170
1168,4,set43,alt1,20260910170
1169,2,set1,alt2,20260910171
1169,2,set2,alt1,20260910171
1169,2,set7,alt1,20260910171
1169,2,set8,alt1,20260910171
1169,2,set10,alt1,20260910171
1169,2,set13,alt1,20260910171
1169,2,set36,alt2,20260910171
1169,2,set38,alt2,20260910171
1169,2,set40,alt2,20260910171
1169,2,set44,alt1,20260910171
1169,2,set45,alt2,20260910171
1169,2,set46,alt1,20260910171
1170,2,set1,alt2,20260910172
1170,2,set2,alt1,20260910172
1170,2,set7,alt1,20260910172
1170,2,set8,alt1,20260910172
1170,2,set10,alt1,20260910172
1170,2,set13,alt1,20260910172
1170,2,set36,alt2,20260910172
1170,2,set38,alt2,20260910172
1170,2,set40,alt2,20260910172
1170,2,set44,alt1,20260910172
1170,2,set45,alt2,20260910172
1170,2,set46,alt1,20260910172
1171,4,set14,alt1,20260910173
1171,4,set15,alt2,20260910173
1171,4,set16,alt2,20260910173
1171,4,set17,alt2,20260910173
1171,4,set20,alt1,20260910173
1171,4,set21,alt1,20260910173
1171,4,set23,alt1,20260910173
1171,4,set26,alt1,20260910173
1171,4,set27,alt1,20260910173
1171,4,set32,alt1,20260910173
1171,4,set34,alt2,20260910173
1171,4,set43,alt2,20260910173
1172,1,set5,alt2,20260910174
1172,1,set6,alt2,20260910174
1172,1,set9,alt2,20260910174
1172,1,set11,alt2,20260910174
1172,1,set18,alt2,20260910174
1172,1,set19,alt2,20260910174
1172,1,set33,alt1,20260910174
1172,1,set35,alt2,20260910174
1172,1,set37,alt1,20260910174
1172,1,set41,alt2,20260910174
1172,1,set42,alt2,20260910174
1172,1,set48,alt2,20260910174
1173,2,set1,alt2,20260910175
1173,2,set2,alt1,20260910175
1173,2,set7,alt2,20260910175
1173,2,set8,alt1,20260910175
1173,2,set10,alt2,20260910175
1173,2,set13,alt1,20260910175
1173,2,set36,alt2,20260910175
1173,2,set38,alt1,20260910175
1173,2,set40,alt2,20260910175
1173,2,set44,alt2,20260910175
1173,2,set45,alt2,20260910175
1173,2,set46,alt2,20260910175
1174,3,set3,alt1,20260910176
1174,3,set4,alt2,20260910176
1174,3,set12,alt1,20260910176
1174,3,set22,alt1,20260910176
1174,3,set24,alt1,20260910176
1174,3,set25,alt1,20260910176
1174,3,set28,alt1,20260910176
1174,3,set29,alt1,20260910176
1174,3,set30,alt2,20260910176
1174,3,set31,alt2,20260910176
1174,3,set39,alt2,20260910176
1174,3,set47,alt2,20260910176
1175,3,set3,alt2,20260910177
1175,3,set4,alt1,20260910177
1175,3,set12,alt1,20260910177
1175,3,set22,alt2,20260910177
1175,3,set24,alt1,20260910177
1175,3,set25,alt2,20260910177
1175,3,set28,alt2,20260910177
1175,3,set29,alt1,20260910177
1175,3,set30,alt2,20260910177
1175,3,set31,alt1,20260910177
1175,3,set39,alt1,20260910177
1175,3,set47,alt2,20260910177
1176,1,set5,alt2,20260910178
1176,1,set6,alt1,20260910178
1176,1,set9,alt2,20260910178
1176,1,set11,alt2,20260910178
1176,1,set18,alt2,20260910178
1176,1,set19,alt2,20260910178
1176,1,set33,alt1,20260910178
1176,1,set35,alt2,20260910178
1176,1,set37,alt1,20260910178
1176,1,set41,alt1,20260910178
1176,1,set42,alt2,20260910178
1176,1,set48,alt2,20260910178
1177,4,set14,alt2,20260910179
1177,4,set15,alt2,20260910179
1177,4,set16,alt1,20260910179
1177,4,set17,alt1,20260910179
1177,4,set20,alt1,20260910179
1177,4,set21,alt1,20260910179
1177,4,set23,alt1,20260910179
1177,4,set26,alt1,20260910179
1177,4,set27,alt2,20260910179
1177,4,set32,alt1,20260910179
1177,4,set34,alt2,20260910179
1177,4,set43,alt1,20260910179
1178,2,set1,alt2,20260910180
1178,2,set2,alt1,20260910180
1178,2,set7,alt1,20260910180
1178,2,set8,alt1,20260910180
1178,2,set10,alt2,20260910180
1178,2,set13,alt1,20260910180
1178,2,set36,alt2,20260910180
1178,2,set38,alt2,20260910180
1178,2,set40,alt2,20260910180
1178,2,set44,alt1,20260910180
1178,2,set45,alt2,20260910180
1178,2,set46,alt1,20260910180
1179,4,set14,alt1,20260910181
1179,4,set15,alt2,20260910181
1179,4,set16,alt2,20260910181
1179,4,set17,alt2,20260910181
1179,4,set20,alt1,20260910181
1179,4,set21,alt1,20260910181
1179,4,set23,alt1,20260910181
1179,4,set26,alt1,20260910181
1179,4,set27,alt1,20260910181
1179,4,set32,alt1,20260910181
1179,4,set34,alt2,20260910181
1179,4,set43,alt2,20260910181
1180,2,set1,alt2,20260910182
1180,2,set2,alt1,20260910182
1180,2,set7,alt1,20260910182
1180,2,set8,alt1,20260910182
1180,2,set10,alt1,20260910182
1180,2,set13,alt1,20260910182
1180,2,set36,alt2,20260910182
1180,2,set38,alt2,20260910182
1180,2,set40,alt2,20260910182
1180,2,set44,alt1,20260910182
1180,2,set45,alt2,20260910182
1180,2,set46,alt1,20260910182
1181,2,set1,alt2,20260910183
1181,2,set2,alt1,20260910183
1181,2,set7,alt1,20260910183
1181,2,set8,alt1,20260910183
1181,2,set10,alt1,20260910183
1181,2,set13,alt1,20260910183
1181,2,set36,alt2,20260910183
1181,2,set38,alt2,20260910183
1181,2,set40,alt2,20260910183
1181,2,set44,alt1,20260910183
1181,2,set45,alt2,20260910183
1181,2,set46,alt1,20260910183
1182,2,set1,alt2,20260910184
1182,2,set2,alt1,20260910184
1182,2,set7,alt1,20260910184
1182,2,set8,alt1,20260910184
1182,2,set10,alt1,20260910184
1182,2,set13,alt1,20260910184
1182,2,set36,alt2,20260910184
1182,2,set38,alt2,20260910184
1182,2,set40,alt2,20260910184
1182,2,set44,alt1,20260910184
1182,2,set45,alt2,20260910184
1182,2,set46,alt1,20260910184
1183,1,set5,alt1,20260910185
1183,1,set6,alt1,20260910185
1183,1,set9,alt1,20260910185
1183,1,set11,alt2,20260910185
1183,1,set18,alt1,20260910185
1183,1,set19,alt1,20260910185
1183,1,set33,alt2,20260910185
1183,1,set35,alt2,20260910185
1183,1,set37,alt1,20260910185
1183,1,set41,alt1,20260910185
1183,1,set42,alt2,20260910185
1183,1,set48,alt2,20260910185
1184,3,set3,alt2,20260910186
1184,3,set4,alt1,20260910186
1184,3,set12,alt1,20260910186
1184,3,set22,alt2,20260910186
1184,3,set24,alt1,20260910186
1184,3,set25,alt2,20260910186
1184,3,set28,alt2,20260910186
1184,3,set29,alt1,20260910186
1184,3,set30,alt2,20260910186
1184,3,set31,alt1,20260910186
1184,3,set39,alt1,20260910186
1184,3,set47,alt2,20260910186
1185,4,set14,alt1,20260910187
1185,4,set15,alt1,20260910187
1185,4,set16,alt1,20260910187
1185,4,set17,alt1,20260910187
1185,4,set20,alt1,20260910187
1185,4,set21,alt1,20260910187
1185,4,set23,alt1,20260910187
1185,4,set26,alt1,20260910187
1185,4,set27,alt1,20260910187
1185,4,set32,alt1,20260910187
1185,4,set34,alt2,20260910187
1185,4,set43,alt1,20260910187
1186,2,set1,alt2,20260910188
1186,2,set2,alt1,20260910188
1186,2,set7,alt1,20260910188
1186,2,set8,alt1,20260910188
1186,2,set10,alt2,20260910188
1186,2,set13,alt1,20260910188
1186,2,set36,alt2,20260910188
1186,2,set38,alt2,20260910188
1186,2,set40,alt2,20260910188
1186,2,set44,alt1,20260910188
1186,2,set45,alt2,20260910188
1186,2,set46,alt1,20260910188
1187,3,set3,alt1,20260910189
1187,3,set4,alt2,20260910189
1187,3,set12,alt1,20260910189
1187,3,set22,alt1,20260910189
1187,3,set24,alt1,20260910189
1187,3,set25,alt1,20260910189
1187,3,set28,alt1,20260910189
1187,3,set29,alt1,20260910189
1187,3,set30,alt2,20260910189
1187,3,set31,alt2,20260910189
1187,3,set39,alt2,20260910189
1187,3,set47,alt2,20260910189
1188,3,set3,alt2,20260910190
1188,3,set4,alt1,20260910190
1188,3,set12,alt1,20260910190
1188,3,set22,alt2,20260910190
1188,3,set24,alt1,20260910190
1188,3,set25,alt2,20260910190
1188,3,set28,alt2,20260910190
1188,3,set29,alt1,20260910190
1188,3,set30,alt2,20260910190
1188,3,set31,alt1,20260910190
1188,3,set39,alt1,20260910190
1188,3,set47,alt2,20260910190
1189,2,set1,alt2,20260910191
1189,2,set2,alt1,20260910191
1189,2,set7,alt1,20260910191
1189,2,set8,alt1,20260910191
1189,2,set10,alt1,20260910191
1189,2,set13,alt1,20260910191
1189,2,set36,alt1,20260910191
1189,2,set38,alt2,20260910191
1189,2,set40,alt1,20260910191
1189,2,set44,alt2,20260910191
1189,2,set45,alt2,20260910191
1189,2,set46,alt2,20260910191
1190,3,set3,alt1,20260910192
1190,3,set4,alt2,20260910192
1190,3,set12,alt1,20260910192
1190,3,set22,alt1,20260910192
1190,3,set24,alt1,20260910192
1190,3,set25,alt1,20260910192
1190,3,set28,alt1,20260910192
1190,3,set29,alt1,20260910192
1190,3,set30,alt2,20260910192
1190,3,set31,alt2,20260910192
1190,3,set39,alt2,20260910192
1190,3,set47,alt2,20260910192
1191,4,set14,alt1,20260910193
1191,4,set15,alt2,20260910193
1191,4,set16,alt2,20260910193
1191,4,set17,alt2,20260910193
1191,4,set20,alt1,20260910193
1191,4,set21,alt1,20260910193
1191,4,set23,alt1,20260910193
1191,4,set26,alt1,20260910193
1191,4,set27,alt1,20260910193
1191,4,set32,alt1,20260910193
1191,4,set34,alt2,20260910193
1191,4,set43,alt2,20260910193
1192,3,set3,alt2,20260910194
1192,3,set4,alt2,20260910194
1192,3,set12,alt1,20260910194
1192,3,set22,alt2,20260910194
1192,3,set24,alt1,20260910194
1192,3,set25,alt1,20260910194
1192,3,set28,alt1,20260910194
1192,3,set29,alt1,20260910194
1192,3,set30,alt2,20260910194
1192,3,set31,alt2,20260910194
1192,3,set39,alt2,20260910194
1192,3,set47,alt2,20260910194
1193,1,set5,alt2,20260910195
1193,1,set6,alt2,20260910195
1193,1,set9,alt2,20260910195
1193,1,set11,alt2,20260910195
1193,1,set18,alt1,20260910195
1193,1,set19,alt2,20260910195
1193,1,set33,alt1,20260910195
1193,1,set35,alt2,20260910195
1193,1,set37,alt1,20260910195
1193,1,set41,alt1,20260910195
1193,1,set42,alt2,20260910195
1193,1,set48,alt2,20260910195
1194,2,set1,alt2,20260910196
1194,2,set2,alt1,20260910196
1194,2,set7,alt1,20260910196
1194,2,set8,alt1,20260910196
1194,2,set10,alt2,20260910196
1194,2,set13,alt1,20260910196
1194,2,set36,alt2,20260910196
1194,2,set38,alt2,20260910196
1194,2,set40,alt2,20260910196
1194,2,set44,alt1,20260910196
1194,2,set45,alt2,20260910196
1194,2,set46,alt1,20260910196
1195,4,set14,alt1,20260910197
1195,4,set15,alt1,20260910197
1195,4,set16,alt1,20260910197
1195,4,set17,alt1,20260910197
1195,4,set20,alt1,20260910197
1195,4,set21,alt1,20260910197
1195,4,set23,alt1,20260910197
1195,4,set26,alt1,20260910197
1195,4,set27,alt1,20260910197
1195,4,set32,alt1,20260910197
1195,4,set34,alt2,20260910197
1195,4,set43,alt1,20260910197
1196,2,set1,alt2,20260910198
1196,2,set2,alt1,20260910198
1196,2,set7,alt1,20260910198
1196,2,set8,alt1,20260910198
1196,2,set10,alt1,20260910198
1196,2,set13,alt1,20260910198
1196,2,set36,alt2,20260910198
1196,2,set38,alt2,20260910198
1196,2,set40,alt2,20260910198
1196,2,set44,alt1,20260910198
1196,2,set45,alt2,20260910198
1196,2,set46,alt1,20260910198
1197,1,set5,alt2,20260910199
1197,1,set6,alt1,20260910199
1197,1,set9,alt2,20260910199
1197,1,set11,alt2,20260910199
1197,1,set18,alt2,20260910199
1197,1,set19,alt2,20260910199
1197,1,set33,alt1,20260910199
1197,1,set35,alt2,20260910199
1197,1,set37,alt1,20260910199
1197,1,set41,alt1,20260910199
1197,1,set42,alt2,20260910199
1197,1,set48,alt2,20260910199
1198,3,set3,alt2,20260910200
1198,3,set4,alt1,20260910200
1198,3,set12,alt1,20260910200
1198,3,set22,alt2,20260910200
1198,3,set24,alt1,20260910200
1198,3,set25,alt2,20260910200
1198,3,set28,alt2,20260910200
1198,3,set29,alt1,20260910200
1198,3,set30,alt2,20260910200
1198,3,set31,alt1,20260910200
1198,3,set39,alt1,20260910200
1198,3,set47,alt2,20260910200
1199,2,set1,alt2,20260910201
1199,2,set2,alt1,20260910201
1199,2,set7,alt1,20260910201
1199,2,set8,alt1,20260910201
1199,2,set10,alt1,20260910201
1199,2,set13,alt1,20260910201
1199,2,set36,alt2,20260910201
1199,2,set38,alt2,20260910201
1199,2,set40,alt2,20260910201
1199,2,set44,alt1,20260910201
1199,2,set45,alt2,20260910201
1199,2,set46,alt1,20260910201
1200,2,set1,alt2,20260910202
1200,2,set2,alt1,20260910202
1200,2,set7,alt1,20260910202
1200,2,set8,alt1,20260910202
1200,2,set10,alt1,20260910202
1200,2,set13,alt1,20260910202
1200,2,set36,alt2,20260910202
1200,2,set38,alt2,20260910202
1200,2,set40,alt2,20260910202
1200,2,set44,alt1,20260910202
1200,2,set45,alt2,20260910202
1200,2,set46,alt1,20260910202
1201,4,set14,alt1,20260910203
1201,4,set15,alt2,20260910203
1201,4,set16,alt2,20260910203
1201,4,set17,alt2,20260910203
1201,4,set20,alt1,20260910203
1201,4,set21,alt1,20260910203
1201,4,set23,alt1,20260910203
1201,4,set26,alt1,20260910203
1201,4,set27,alt1,20260910203
1201,4,set32,alt1,20260910203
1201,4,set34,alt2,20260910203
1201,4,set43,alt2,20260910203
1202,1,set5,alt2,20260910204
1202,1,set6,alt2,20260910204
1202,1,set9,alt2,20260910204
1202,1,set11,alt2,20260910204
1202,1,set18,alt2,20260910204
1202,1,set19,alt2,20260910204
1202,1,set33,alt1,20260910204
1202,1,set35,alt2,20260910204
1202,1,set37,alt1,20260910204
1202,1,set41,alt2,20260910204
1202,1,set42,alt2,20260910204
1202,1,set48,alt2,20260910204
1203,1,set5,alt2,20260910205
1203,1,set6,alt2,20260910205
1203,1,set9,alt2,20260910205
1203,1,set11,alt2,20260910205
1203,1,set18,alt2,20260910205
1203,1,set19,alt2,20260910205
1203,1,set33,alt1,20260910205
1203,1,set35,alt2,20260910205
1203,1,set37,alt1,20260910205
1203,1,set41,alt2,20260910205
1203,1,set42,alt2,20260910205
1203,1,set48,alt2,20260910205
1204,3,set3,alt2,20260910206
1204,3,set4,alt1,20260910206
1204,3,set12,alt1,20260910206
1204,3,set22,alt2,20260910206
1204,3,set24,alt1,20260910206
1204,3,set25,alt2,20260910206
1204,3,set28,alt2,20260910206
1204,3,set29,alt1,20260910206
1204,3,set30,alt2,20260910206
1204,3,set31,alt1,20260910206
1204,3,set39,alt1,20260910206
1204,3,set47,alt2,20260910206
1205,4,set14,alt2,20260910207
1205,4,set15,alt2,20260910207
1205,4,set16,alt1,20260910207
1205,4,set17,alt1,20260910207
1205,4,set20,alt1,20260910207
1205,4,set21,alt1,20260910207
1205,4,set23,alt1,20260910207
1205,4,set26,alt1,20260910207
1205,4,set27,alt2,20260910207
1205,4,set32,alt1,20260910207
1205,4,set34,alt2,20260910207
1205,4,set43,alt1,20260910207
1206,1,set5,alt1,20260910208
1206,1,set6,alt1,20260910208
1206,1,set9,alt1,20260910208
1206,1,set11,alt2,20260910208
1206,1,set18,alt1,20260910208
1206,1,set19,alt1,20260910208
1206,1,set33,alt2,20260910208
1206,1,set35,alt2,20260910208
1206,1,set37,alt1,20260910208
1206,1,set41,alt1,20260910208
1206,1,set42,alt2,20260910208
1206,1,set48,alt2,20260910208
1207,2,set1,alt2,20260910209
1207,2,set2,alt1,20260910209
1207,2,set7,alt1,20260910209
1207,2,set8,alt1,20260910209
1207,2,set10,alt1,20260910209
1207,2,set13,alt1,20260910209
1207,2,set36,alt2,20260910209
1207,2,set38,alt2,20260910209
1207,2,set40,alt2,20260910209
1207,2,set44,alt1,20260910209
1207,2,set45,alt2,20260910209
1207,2,set46,alt1,20260910209
1208,2,set1,alt2,20260910210
1208,2,set2,alt1,20260910210
1208,2,set7,alt1,20260910210
1208,2,set8,alt1,20260910210
1208,2,set10,alt1,20260910210
1208,2,set13,alt1,20260910210
1208,2,set36,alt1,20260910210
1208,2,set38,alt2,20260910210
1208,2,set40,alt1,20260910210
1208,2,set44,alt2,20260910210
1208,2,set45,alt2,20260910210
1208,2,set46,alt2,20260910210
1209,4,set14,alt1,20260910211
1209,4,set15,alt2,20260910211
1209,4,set16,alt2,20260910211
1209,4,set17,alt2,20260910211
1209,4,set20,alt1,20260910211
1209,4,set21,alt1,20260910211
1209,4,set23,alt1,20260910211
1209,4,set26,alt1,20260910211
1209,4,set27,alt1,20260910211
1209,4,set32,alt1,20260910211
1209,4,set34,alt2,20260910211
1209,4,set43,alt2,20260910211
1210,1,set5,alt2,20260910212
1210,1,set6,alt2,20260910212
1210,1,set9,alt2,20260910212
1210,1,set11,alt2,20260910212
1210,1,set18,alt1,20260910212
1210,1,set19,alt2,20260910212
1210,1,set33,alt1,20260910212
1210,1,set35,alt2,20260910212
1210,1,set37,alt1,20260910212
1210,1,set41,alt1,20260910212
1210,1,set42,alt2,20260910212
1210,1,set48,alt2,20260910212
1211,3,set3,alt2,20260910213
1211,3,set4,alt1,20260910213
1211,3,set12,alt1,20260910213
1211,3,set22,alt2,20260910213
1211,3,set24,alt1,20260910213
1211,3,set25,alt2,20260910213
1211,3,set28,alt2,20260910213
1211,3,set29,alt1,20260910213
1211,3,set30,alt2,20260910213
1211,3,set31,alt1,20260910213
1211,3,set39,alt1,20260910213
1211,3,set47,alt2,20260910213
1212,4,set14,alt1,20260910214
1212,4,set15,alt1,20260910214
1212,4,set16,alt1,20260910214
1212,4,set17,alt1,20260910214
1212,4,set20,alt1,20260910214
1212,4,set21,alt1,20260910214
1212,4,set23,alt1,20260910214
1212,4,set26,alt1,20260910214
1212,4,set27,alt1,20260910214
1212,4,set32,alt1,20260910214
1212,4,set34,alt2,20260910214
1212,4,set43,alt1,20260910214
1213,4,set14,alt1,20260910215
1213,4,set15,alt2,20260910215
1213,4,set16,alt2,20260910215
1213,4,set17,alt2,20260910215
1213,4,set20,alt1,20260910215
1213,4,set21,alt1,20260910215
1213,4,set23,alt1,20260910215
1213,4,set26,alt1,20260910215
1213,4,set27,alt1,20260910215
1213,4,set32,alt1,20260910215
1213,4,set34,alt2,20260910215
1213,4,set43,alt2,20260910215
1214,1,set5,alt2,20260910216
1214,1,set6,alt1,20260910216
1214,1,set9,alt2,20260910216
1214,1,set11,alt2,20260910216
1214,1,set18,alt2,20260910216
1214,1,set19,alt2,20260910216
1214,1,set33,alt1,20260910216
1214,1,set35,alt2,20260910216
1214,1,set37,alt1,20260910216
1214,1,set41,alt1,20260910216
1214,1,set42,alt2,20260910216
1214,1,set48,alt2,20260910216
1215,1,set5,alt2,20260910217
1215,1,set6,alt2,20260910217
1215,1,set9,alt2,20260910217
1215,1,set11,alt2,20260910217
1215,1,set18,alt2,20260910217
1215,1,set19,alt2,20260910217
1215,1,set33,alt1,20260910217
1215,1,set35,alt2,20260910217
1215,1,set37,alt1,20260910217
1215,1,set41,alt2,20260910217
1215,1,set42,alt2,20260910217
1215,1,set48,alt2,20260910217
1216,4,set14,alt1,20260910218
1216,4,set15,alt2,20260910218
1216,4,set16,alt2,20260910218
1216,4,set17,alt2,20260910218
1216,4,set20,alt1,20260910218
1216,4,set21,alt1,20260910218
1216,4,set23,alt1,20260910218
1216,4,set26,alt1,20260910218
1216,4,set27,alt1,20260910218
1216,4,set32,alt1,20260910218
1216,4,set34,alt2,20260910218
1216,4,set43,alt2,20260910218
1217,3,set3,alt1,20260910219
1217,3,set4,alt2,20260910219
1217,3,set12,alt1,20260910219
1217,3,set22,alt1,20260910219
1217,3,set24,alt1,20260910219
1217,3,set25,alt1,20260910219
1217,3,set28,alt1,20260910219
1217,3,set29,alt1,20260910219
1217,3,set30,alt2,20260910219
1217,3,set31,alt2,20260910219
1217,3,set39,alt2,20260910219
1217,3,set47,alt2,20260910219
1218,1,set5,alt2,20260910220
1218,1,set6,alt1,20260910220
1218,1,set9,alt2,20260910220
1218,1,set11,alt2,20260910220
1218,1,set18,alt2,20260910220
1218,1,set19,alt2,20260910220
1218,1,set33,alt1,20260910220
1218,1,set35,alt2,20260910220
1218,1,set37,alt1,20260910220
1218,1,set41,alt1,20260910220
1218,1,set42,alt2,20260910220
1218,1,set48,alt2,20260910220
1219,3,set3,alt1,20260910221
1219,3,set4,alt2,20260910221
1219,3,set12,alt1,20260910221
1219,3,set22,alt1,20260910221
1219,3,set24,alt1,20260910221
1219,3,set25,alt1,20260910221
1219,3,set28,alt1,20260910221
1219,3,set29,alt1,20260910221
1219,3,set30,alt2,20260910221
1219,3,set31,alt2,20260910221
1219,3,set39,alt2,20260910221
1219,3,set47,alt2,20260910221
1220,1,set5,alt1,20260910222
1220,1,set6,alt1,20260910222
1220,1,set9,alt1,20260910222
1220,1,set11,alt2,20260910222
1220,1,set18,alt1,20260910222
1220,1,set19,alt1,20260910222
1220,1,set33,alt2,20260910222
1220,1,set35,alt2,20260910222
1220,1,set37,alt1,20260910222
1220,1,set41,alt1,20260910222
1220,1,set42,alt2,20260910222
1220,1,set48,alt2,20260910222
1221,1,set5,alt2,20260910223
1221,1,set6,alt1,20260910223
1221,1,set9,alt2,20260910223
1221,1,set11,alt2,20260910223
1221,1,set18,alt2,20260910223
1221,1,set19,alt2,20260910223
1221,1,set33,alt1,20260910223
1221,1,set35,alt2,20260910223
1221,1,set37,alt1,20260910223
1221,1,set41,alt1,20260910223
1221,1,set42,alt2,20260910223
1221,1,set48,alt2,20260910223
1222,3,set3,alt1,20260910224
1222,3,set4,alt2,20260910224
1222,3,set12,alt1,20260910224
1222,3,set22,alt1,20260910224
1222,3,set24,alt1,20260910224
1222,3,set25,alt1,20260910224
1222,3,set28,alt1,20260910224
1222,3,set29,alt1,20260910224
1222,3,set30,alt2,20260910224
1222,3,set31,alt2,20260910224
1222,3,set39,alt2,20260910224
1222,3,set47,alt2,20260910224
1223,1,set5,alt2,20260910225
1223,1,set6,alt1,20260910225
1223,1,set9,alt2,20260910225
1223,1,set11,alt2,20260910225
1223,1,set18,alt2,20260910225
1223,1,set19,alt2,20260910225
1223,1,set33,alt1,20260910225
1223,1,set35,alt2,20260910225
1223,1,set37,alt1,20260910225
1223,1,set41,alt1,20260910225
1223,1,set42,alt2,20260910225
1223,1,set48,alt2,20260910225
1224,1,set5,alt1,20260910226
1224,1,set6,alt2,20260910226
1224,1,set9,alt1,20260910226
1224,1,set11,alt2,20260910226
1224,1,set18,alt2,20260910226
1224,1,set19,alt2,20260910226
1224,1,set33,alt1,20260910226
1224,1,set35,alt2,20260910226
1224,1,set37,alt1,20260910226
1224,1,set41,alt1,20260910226
1224,1,set42,alt1,20260910226
1224,1,set48,alt2,20260910226
1225,2,set1,alt2,20260910227
1225,2,set2,alt1,20260910227
1225,2,set7,alt1,20260910227
1225,2,set8,alt1,20260910227
1225,2,set10,alt1,20260910227
1225,2,set13,alt1,20260910227
1225,2,set36,alt2,20260910227
1225,2,set38,alt2,20260910227
1225,2,set40,alt2,20260910227
1225,2,set44,alt1,20260910227
1225,2,set45,alt2,20260910227
1225,2,set46,alt1,20260910227
1226,1,set5,alt2,20260910228
1226,1,set6,alt2,20260910228
1226,1,set9,alt2,20260910228
1226,1,set11,alt2,20260910228
1226,1,set18,alt2,20260910228
1226,1,set19,alt2,20260910228
1226,1,set33,alt1,20260910228
1226,1,set35,alt2,20260910228
1226,1,set37,alt1,20260910228
1226,1,set41,alt2,20260910228
1226,1,set42,alt2,20260910228
1226,1,set48,alt2,20260910228
1227,3,set3,alt2,20260910229
1227,3,set4,alt2,20260910229
1227,3,set12,alt1,20260910229
1227,3,set22,alt2,20260910229
1227,3,set24,alt1,20260910229
1227,3,set25,alt1,20260910229
1227,3,set28,alt1,20260910229
1227,3,set29,alt1,20260910229
1227,3,set30,alt2,20260910229
1227,3,set31,alt2,20260910229
1227,3,set39,alt2,20260910229
1227,3,set47,alt2,20260910229
1228,3,set3,alt2,20260910230
1228,3,set4,alt1,20260910230
1228,3,set12,alt1,20260910230
1228,3,set22,alt2,20260910230
1228,3,set24,alt1,20260910230
1228,3,set25,alt2,20260910230
1228,3,set28,alt2,20260910230
1228,3,set29,alt1,20260910230
1228,3,set30,alt2,20260910230
1228,3,set31,alt1,20260910230
1228,3,set39,alt1,20260910230
1228,3,set47,alt2,20260910230
1229,1,set5,alt2,20260910231
1229,1,set6,alt2,20260910231
1229,1,set9,alt2,20260910231
1229,1,set11,alt2,20260910231
1229,1,set18,alt2,20260910231
1229,1,set19,alt2,20260910231
1229,1,set33,alt1,20260910231
1229,1,set35,alt2,20260910231
1229,1,set37,alt1,20260910231
1229,1,set41,alt2,20260910231
1229,1,set42,alt2,20260910231
1229,1,set48,alt2,20260910231
1230,1,set5,alt1,20260910232
1230,1,set6,alt1,20260910232
1230,1,set9,alt1,20260910232
1230,1,set11,alt2,20260910232
1230,1,set18,alt1,20260910232
1230,1,set19,alt1,20260910232
1230,1,set33,alt2,20260910232
1230,1,set35,alt2,20260910232
1230,1,set37,alt1,20260910232
1230,1,set41,alt1,20260910232
1230,1,set42,alt2,20260910232
1230,1,set48,alt2,20260910232
1231,3,set3,alt1,20260910233
1231,3,set4,alt2,20260910233
1231,3,set12,alt1,20260910233
1231,3,set22,alt1,20260910233
1231,3,set24,alt1,20260910233
1231,3,set25,alt1,20260910233
1231,3,set28,alt1,20260910233
1231,3,set29,alt1,20260910233
1231,3,set30,alt2,20260910233
1231,3,set31,alt2,20260910233
1231,3,set39,alt2,20260910233
1231,3,set47,alt2,20260910233
1232,4,set14,alt1,20260910234
1232,4,set15,alt2,20260910234
1232,4,set16,alt2,20260910234
1232,4,set17,alt2,20260910234
1232,4,set20,alt1,20260910234
1232,4,set21,alt1,20260910234
1232,4,set23,alt1,20260910234
1232,4,set26,alt1,20260910234
1232,4,set27,alt1,20260910234
1232,4,set32,alt1,20260910234
1232,4,set34,alt2,20260910234
1232,4,set43,alt2,20260910234
1233,1,set5,alt2,20260910235
1233,1,set6,alt2,20260910235
1233,1,set9,alt2,20260910235
1233,1,set11,alt2,20260910235
1233,1,set18,alt1,20260910235
1233,1,set19,alt2,20260910235
1233,1,set33,alt1,20260910235
1233,1,set35,alt2,20260910235
1233,1,set37,alt1,20260910235
1233,1,set41,alt1,20260910235
1233,1,set42,alt2,20260910235
1233,1,set48,alt2,20260910235
1234,4,set14,alt1,20260910236
1234,4,set15,alt2,20260910236
1234,4,set16,alt2,20260910236
1234,4,set17,alt2,20260910236
1234,4,set20,alt1,20260910236
1234,4,set21,alt1,20260910236
1234,4,set23,alt1,20260910236
1234,4,set26,alt1,20260910236
1234,4,set27,alt1,20260910236
1234,4,set32,alt1,20260910236
1234,4,set34,alt2,20260910236
1234,4,set43,alt2,20260910236
1235,4,set14,alt1,20260910237
1235,4,set15,alt1,20260910237
1235,4,set16,alt1,20260910237
1235,4,set17,alt1,20260910237
1235,4,set20,alt1,20260910237
1235,4,set21,alt1,20260910237
1235,4,set23,alt1,20260910237
1235,4,set26,alt1,20260910237
1235,4,set27,alt1,20260910237
1235,4,set32,alt1,20260910237
1235,4,set34,alt2,20260910237
1235,4,set43,alt1,20260910237
1236,1,set5,alt2,20260910238
1236,1,set6,alt2,20260910238
1236,1,set9,alt2,20260910238
1236,1,set11,alt2,20260910238
1236,1,set18,alt2,20260910238
1236,1,set19,alt2,20260910238
1236,1,set33,alt1,20260910238
1236,1,set35,alt2,20260910238
1236,1,set37,alt1,20260910238
1236,1,set41,alt2,20260910238
1236,1,set42,alt2,20260910238
1236,1,set48,alt2,20260910238
1237,1,set5,alt1,20260910239
1237,1,set6,alt2,20260910239
1237,1,set9,alt1,20260910239
1237,1,set11,alt2,20260910239
1237,1,set18,alt1,20260910239
1237,1,set19,alt2,20260910239
1237,1,set33,alt1,20260910239
1237,1,set35,alt2,20260910239
1237,1,set37,alt1,20260910239
1237,1,set41,alt1,20260910239
1237,1,set42,alt1,20260910239
1237,1,set48,alt2,20260910239
1238,1,set5,alt2,20260910240
1238,1,set6,alt1,20260910240
1238,1,set9,alt2,20260910240
1238,1,set11,alt2,20260910240
1238,1,set18,alt2,20260910240
1238,1,set19,alt2,20260910240
1238,1,set33,alt1,20260910240
1238,1,set35,alt2,20260910240
1238,1,set37,alt1,20260910240
1238,1,set41,alt1,20260910240
1238,1,set42,alt2,20260910240
1238,1,set48,alt2,20260910240
1239,4,set14,alt1,20260910241
1239,4,set15,alt2,20260910241
1239,4,set16,alt2,20260910241
1239,4,set17,alt2,20260910241
1239,4,set20,alt1,20260910241
1239,4,set21,alt1,20260910241
1239,4,set23,alt1,20260910241
1239,4,set26,alt1,20260910241
1239,4,set27,alt1,20260910241
1239,4,set32,alt1,20260910241
1239,4,set34,alt2,20260910241
1239,4,set43,alt2,20260910241
1240,3,set3,alt2,20260910242
1240,3,set4,alt1,20260910242
1240,3,set12,alt1,20260910242
1240,3,set22,alt1,20260910242
1240,3,set24,alt1,20260910242
1240,3,set25,alt2,20260910242
1240,3,set28,alt2,20260910242
1240,3,set29,alt1,20260910242
1240,3,set30,alt1,20260910242
1240,3,set31,alt2,20260910242
1240,3,set39,alt1,20260910242
1240,3,set47,alt1,20260910242
1241,2,set1,alt2,20260910243
1241,2,set2,alt1,20260910243
1241,2,set7,alt1,20260910243
1241,2,set8,alt1,20260910243
1241,2,set10,alt1,20260910243
1241,2,set13,alt1,20260910243
1241,2,set36,alt2,20260910243
1241,2,set38,alt2,20260910243
1241,2,set40,alt2,20260910243
1241,2,set44,alt1,20260910243
1241,2,set45,alt2,20260910243
1241,2,set46,alt1,20260910243
1242,3,set3,alt1,20260910244
1242,3,set4,alt2,20260910244
1242,3,set12,alt1,20260910244
1242,3,set22,alt1,20260910244
1242,3,set24,alt1,20260910244
1242,3,set25,alt1,20260910244
1242,3,set28,alt1,20260910244
1242,3,set29,alt1,20260910244
1242,3,set30,alt2,20260910244
1242,3,set31,alt2,20260910244
1242,3,set39,alt2,20260910244
1242,3,set47,alt2,20260910244
1243,3,set3,alt2,20260910245
1243,3,set4,alt1,20260910245
1243,3,set12,alt1,20260910245
1243,3,set22,alt2,20260910245
1243,3,set24,alt1,20260910245
1243,3,set25,alt2,20260910245
1243,3,set28,alt2,20260910245
1243,3,set29,alt1,20260910245
1243,3,set30,alt2,20260910245
1243,3,set31,alt1,20260910245
1243,3,set39,alt1,20260910245
1243,3,set47,alt2,20260910245
1244,3,set3,alt1,20260910246
1244,3,set4,alt2,20260910246
1244,3,set12,alt1,20260910246
1244,3,set22,alt1,20260910246
1244,3,set24,alt1,20260910246
1244,3,set25,alt1,20260910246
1244,3,set28,alt1,20260910246
1244,3,set29,alt1,20260910246
1244,3,set30,alt2,20260910246
1244,3,set31,alt2,20260910246
1244,3,set39,alt2,20260910246
1244,3,set47,alt2,20260910246
1245,2,set1,alt2,20260910247
1245,2,set2,alt1,20260910247
1245,2,set7,alt1,20260910247
1245,2,set8,alt1,20260910247
1245,2,set10,alt1,20260910247
1245,2,set13,alt1,20260910247
1245,2,set36,alt2,20260910247
1245,2,set38,alt2,20260910247
1245,2,set40,alt2,20260910247
1245,2,set44,alt1,20260910247
1245,2,set45,alt2,20260910247
1245,2,set46,alt1,20260910247
1246,2,set1,alt2,20260910248
1246,2,set2,alt1,20260910248
1246,2,set7,alt1,20260910248
1246,2,set8,alt1,20260910248
1246,2,set10,alt1,20260910248
1246,2,set13,alt1,20260910248
1246,2,set36,alt2,20260910248
1246,2,set38,alt2,20260910248
1246,2,set40,alt2,20260910248
1246,2,set44,alt1,20260910248
1246,2,set45,alt2,20260910248
1246,2,set46,alt1,20260910248
1247,4,set14,alt1,20260910249
1247,4,set15,alt2,20260910249
1247,4,set16,alt1,20260910249
1247,4,set17,alt2,20260910249
1247,4,set20,alt1,20260910249
1247,4,set21,alt1,20260910249
1247,4,set23,alt1,20260910249
1247,4,set26,alt1,20260910249
1247,4,set27,alt1,20260910249
1247,4,set32,alt1,20260910249
1247,4,set34,alt1,20260910249
1247,4,set43,alt1,20260910249
1248,3,set3,alt1,20260910250
1248,3,set4,alt2,20260910250
1248,3,set12,alt1,20260910250
1248,3,set22,alt1,20260910250
1248,3,set24,alt1,20260910250
1248,3,set25,alt1,20260910250
1248,3,set28,alt1,20260910250
1248,3,set29,alt1,20260910250
1248,3,set30,alt2,20260910250
1248,3,set31,alt2,20260910250
1248,3,set39,alt2,20260910250
1248,3,set47,alt2,20260910250
1249,4,set14,alt1,20260910251
1249,4,set15,alt2,20260910251
1249,4,set16,alt2,20260910251
1249,4,set17,alt2,20260910251
1249,4,set20,alt1,20260910251
1249,4,set21,alt1,20260910251
1249,4,set23,alt1,20260910251
1249,4,set26,alt1,20260910251
1249,4,set27,alt1,20260910251
1249,4,set32,alt1,20260910251
1249,4,set34,alt2,20260910251
1249,4,set43,alt2,20260910251
1250,1,set5,alt2,20260910252
1250,1,set6,alt2,20260910252
1250,1,set9,alt2,20260910252
1250,1,set11,alt2,20260910252
1250,1,set18,alt1,20260910252
1250,1,set19,alt2,20260910252
1250,1,set33,alt1,20260910252
1250,1,set35,alt2,20260910252
1250,1,set37,alt1,20260910252
1250,1,set41,alt1,20260910252
1250,1,set42,alt2,20260910252
1250,1,set48,alt2,20260910252
1251,4,set14,alt1,20260910253
1251,4,set15,alt1,20260910253
1251,4,set16,alt1,20260910253
1251,4,set17,alt1,20260910253
1251,4,set20,alt1,20260910253
1251,4,set21,alt1,20260910253
1251,4,set23,alt1,20260910253
1251,4,set26,alt1,20260910253
1251,4,set27,alt1,20260910253
1251,4,set32,alt1,20260910253
1251,4,set34,alt2,20260910253
1251,4,set43,alt1,20260910253
1252,3,set3,alt1,20260910254
1252,3,set4,alt2,20260910254
1252,3,set12,alt1,20260910254
1252,3,set22,alt1,20260910254
1252,3,set24,alt1,20260910254
1252,3,set25,alt1,20260910254
1252,3,set28,alt1,20260910254
1252,3,set29,alt1,20260910254
1252,3,set30,alt2,20260910254
1252,3,set31,alt2,20260910254
1252,3,set39,alt2,20260910254
1252,3,set47,alt2,20260910254
1253,2,set1,alt2,20260910255
1253,2,set2,alt1,20260910255
1253,2,set7,alt2,20260910255
1253,2,set8,alt1,20260910255
1253,2,set10,alt2,20260910255
1253,2,set13,alt1,20260910255
1253,2,set36,alt2,20260910255
1253,2,set38,alt1,20260910255
1253,2,set40,alt2,20260910255
1253,2,set44,alt2,20260910255
1253,2,set45,alt2,20260910255
1253,2,set46,alt2,20260910255
1254,3,set3,alt1,20260910256
1254,3,set4,alt2,20260910256
1254,3,set12,alt1,20260910256
1254,3,set22,alt1,20260910256
1254,3,set24,alt1,20260910256
1254,3,set25,alt1,20260910256
1254,3,set28,alt1,20260910256
1254,3,set29,alt1,20260910256
1254,3,set30,alt2,20260910256
1254,3,set31,alt2,20260910256
1254,3,set39,alt2,20260910256
1254,3,set47,alt2,20260910256
1255,2,set1,alt2,20260910257
1255,2,set2,alt1,20260910257
1255,2,set7,alt1,20260910257
1255,2,set8,alt1,20260910257
1255,2,set10,alt1,20260910257
1255,2,set13,alt1,20260910257
1255,2,set36,alt2,20260910257
1255,2,set38,alt2,20260910257
1255,2,set40,alt2,20260910257
1255,2,set44,alt1,20260910257
1255,2,set45,alt2,20260910257
1255,2,set46,alt1,20260910257
1256,2,set1,alt2,20260910258
1256,2,set2,alt1,20260910258
1256,2,set7,alt1,20260910258
1256,2,set8,alt1,20260910258
1256,2,set10,alt1,20260910258
1256,2,set13,alt1,20260910258
1256,2,set36,alt2,20260910258
1256,2,set38,alt2,20260910258
1256,2,set40,alt2,20260910258
1256,2,set44,alt1,20260910258
1256,2,set45,alt2,20260910258
1256,2,set46,alt1,20260910258
1257,3,set3,alt2,20260910259
1257,3,set4,alt2,20260910259
1257,3,set12,alt1,20260910259
1257,3,set22,alt2,20260910259
1257,3,set24,alt1,20260910259
1257,3,set25,alt1,20260910259
1257,3,set28,alt1,20260910259
1257,3,set29,alt1,20260910259
1257,3,set30,alt2,20260910259
1257,3,set31,alt2,20260910259
1257,3,set39,alt2,20260910259
1257,3,set47,alt2,20260910259
1258,3,set3,alt2,20260910260
1258,3,set4,alt1,20260910260
1258,3,set12,alt1,20260910260
1258,3,set22,alt2,20260910260
1258,3,set24,alt1,20260910260
1258,3,set25,alt2,20260910260
1258,3,set28,alt2,20260910260
1258,3,set29,alt1,20260910260
1258,3,set30,alt1,20260910260
1258,3,set31,alt2,20260910260
1258,3,set39,alt1,20260910260
1258,3,set47,alt1,20260910260
1259,4,set14,alt1,20260910261
1259,4,set15,alt2,20260910261
1259,4,set16,alt1,20260910261
1259,4,set17,alt2,20260910261
1259,4,set20,alt1,20260910261
1259,4,set21,alt1,20260910261
1259,4,set23,alt1,20260910261
1259,4,set26,alt1,20260910261
1259,4,set27,alt1,20260910261
1259,4,set32,alt1,20260910261
1259,4,set34,alt1,20260910261
1259,4,set43,alt1,20260910261
1260,2,set1,alt2,20260910262
1260,2,set2,alt1,20260910262
1260,2,set7,alt1,20260910262
1260,2,set8,alt1,20260910262
1260,2,set10,alt1,20260910262
1260,2,set13,alt1,20260910262
1260,2,set36,alt2,20260910262
1260,2,set38,alt2,20260910262
1260,2,set40,alt2,20260910262
1260,2,set44,alt1,20260910262
1260,2,set45,alt2,20260910262
1260,2,set46,alt1,20260910262
1261,3,set3,alt1,20260910263
1261,3,set4,alt2,20260910263
1261,3,set12,alt1,20260910263
1261,3,set22,alt1,20260910263
1261,3,set24,alt1,20260910263
1261,3,set25,alt1,20260910263
1261,3,set28,alt1,20260910263
1261,3,set29,alt1,20260910263
1261,3,set30,alt2,20260910263
1261,3,set31,alt2,20260910263
1261,3,set39,alt2,20260910263
1261,3,set47,alt2,20260910263
1262,2,set1,alt2,20260910264
1262,2,set2,alt1,20260910264
1262,2,set7,alt1,20260910264
1262,2,set8,alt1,20260910264
1262,2,set10,alt1,20260910264
1262,2,set13,alt1,20260910264
1262,2,set36,alt2,20260910264
1262,2,set38,alt2,20260910264
1262,2,set40,alt2,20260910264
1262,2,set44,alt1,20260910264
1262,2,set45,alt2,20260910264
1262,2,set46,alt1,20260910264
1263,1,set5,alt2,20260910265
1263,1,set6,alt1,20260910265
1263,1,set9,alt2,20260910265
1263,1,set11,alt2,20260910265
1263,1,set18,alt2,20260910265
1263,1,set19,alt2,20260910265
1263,1,set33,alt1,20260910265
1263,1,set35,alt2,20260910265
1263,1,set37,alt1,20260910265
1263,1,set41,alt1,20260910265
1263,1,set42,alt2,20260910265
1263,1,set48,alt2,20260910265
1264,1,set5,alt1,20260910266
1264,1,set6,alt1,20260910266
1264,1,set9,alt1,20260910266
1264,1,set11,alt2,20260910266
1264,1,set18,alt1,20260910266
1264,1,set19,alt1,20260910266
1264,1,set33,alt2,20260910266
1264,1,set35,alt2,20260910266
1264,1,set37,alt1,20260910266
1264,1,set41,alt1,20260910266
1264,1,set42,alt2,20260910266
1264,1,set48,alt2,20260910266
1265,1,set5,alt1,20260910267
1265,1,set6,alt1,20260910267
1265,1,set9,alt1,20260910267
1265,1,set11,alt2,20260910267
1265,1,set18,alt1,20260910267
1265,1,set19,alt1,20260910267
1265,1,set33,alt2,20260910267
1265,1,set35,alt2,20260910267
1265,1,set37,alt1,20260910267
1265,1,set41,alt1,20260910267
1265,1,set42,alt2,20260910267
1265,1,set48,alt2,20260910267
1266,2,set1,alt2,20260910268
1266,2,set2,alt1,20260910268
1266,2,set7,alt1,20260910268
1266,2,set8,alt1,20260910268
1266,2,set10,alt2,20260910268
1266,2,set13,alt1,20260910268
1266,2,set36,alt2,20260910268
1266,2,set38,alt2,20260910268
1266,2,set40,alt2,20260910268
1266,2,set44,alt1,20260910268
1266,2,set45,alt2,20260910268
1266,2,set46,alt1,20260910268
1267,1,set5,alt2,20260910269
1267,1,set6,alt1,20260910269
1267,1,set9,alt2,20260910269
1267,1,set11,alt2,20260910269
1267,1,set18,alt2,20260910269
1267,1,set19,alt2,20260910269
1267,1,set33,alt1,20260910269
1267,1,set35,alt2,20260910269
1267,1,set37,alt1,20260910269
1267,1,set41,alt1,20260910269
1267,1,set42,alt2,20260910269
1267,1,set48,alt2,20260910269
1268,1,set5,alt1,20260910270
1268,1,set6,alt1,20260910270
1268,1,set9,alt1,20260910270
1268,1,set11,alt2,20260910270
1268,1,set18,alt1,20260910270
1268,1,set19,alt1,20260910270
1268,1,set33,alt2,20260910270
1268,1,set35,alt2,20260910270
1268,1,set37,alt1,20260910270
1268,1,set41,alt1,20260910270
1268,1,set42,alt2,20260910270
1268,1,set48,alt2,20260910270
1269,4,set14,alt2,20260910271
1269,4,set15,alt2,20260910271
1269,4,set16,alt1,20260910271
1269,4,set17,alt1,20260910271
1269,4,set20,alt1,20260910271
1269,4,set21,alt1,20260910271
1269,4,set23,alt1,20260910271
1269,4,set26,alt1,20260910271
1269,4,set27,alt2,20260910271
1269,4,set32,alt1,20260910271
1269,4,set34,alt2,20260910271
1269,4,set43,alt1,20260910271
1270,1,set5,alt2,20260910272
1270,1,set6,alt2,20260910272
1270,1,set9,alt2,20260910272
1270,1,set11,alt2,20260910272
1270,1,set18,alt2,20260910272
1270,1,set19,alt2,20260910272
1270,1,set33,alt1,20260910272
1270,1,set35,alt2,20260910272
1270,1,set37,alt1,20260910272
1270,1,set41,alt2,20260910272
1270,1,set42,alt2,20260910272
1270,1,set48,alt2,20260910272
1271,4,set14,alt1,20260910273
1271,4,set15,alt2,20260910273
1271,4,set16,alt2,20260910273
1271,4,set17,alt2,20260910273
1271,4,set20,alt1,20260910273
1271,4,set21,alt1,20260910273
1271,4,set23,alt1,20260910273
1271,4,set26,alt1,20260910273
1271,4,set27,alt1,20260910273
1271,4,set32,alt1,20260910273
1271,4,set34,alt2,20260910273
1271,4,set43,alt2,20260910273
1272,3,set3,alt1,20260910274
1272,3,set4,alt2,20260910274
1272,3,set12,alt1,20260910274
1272,3,set22,alt1,20260910274
1272,3,set24,alt1,20260910274
1272,3,set25,alt1,20260910274
1272,3,set28,alt1,20260910274
1272,3,set29,alt1,20260910274
1272,3,set30,alt2,20260910274
1272,3,set31,alt2,20260910274
1272,3,set39,alt2,20260910274
1272,3,set47,alt2,20260910274
1273,2,set1,alt2,20260910275
1273,2,set2,alt1,20260910275
1273,2,set7,alt1,20260910275
1273,2,set8,alt1,20260910275
1273,2,set10,alt1,20260910275
1273,2,set13,alt1,20260910275
1273,2,set36,alt2,20260910275
1273,2,set38,alt2,20260910275
1273,2,set40,alt2,20260910275
1273,2,set44,alt1,20260910275
1273,2,set45,alt2,20260910275
1273,2,set46,alt1,20260910275
1274,2,set1,alt2,20260910276
1274,2,set2,alt1,20260910276
1274,2,set7,alt1,20260910276
1274,2,set8,alt1,20260910276
1274,2,set10,alt1,20260910276
1274,2,set13,alt1,20260910276
1274,2,set36,alt1,20260910276
1274,2,set38,alt2,20260910276
1274,2,set40,alt1,20260910276
1274,2,set44,alt2,20260910276
1274,2,set45,alt2,20260910276
1274,2,set46,alt2,20260910276
1275,4,set14,alt1,20260910277
1275,4,set15,alt1,20260910277
1275,4,set16,alt1,20260910277
1275,4,set17,alt1,20260910277
1275,4,set20,alt1,20260910277
1275,4,set21,alt1,20260910277
1275,4,set23,alt1,20260910277
1275,4,set26,alt1,20260910277
1275,4,set27,alt1,20260910277
1275,4,set32,alt1,20260910277
1275,4,set34,alt2,20260910277
1275,4,set43,alt1,20260910277
1276,2,set1,alt2,20260910278
1276,2,set2,alt1,20260910278
1276,2,set7,alt1,20260910278
1276,2,set8,alt1,20260910278
1276,2,set10,alt1,20260910278
1276,2,set13,alt1,20260910278
1276,2,set36,alt1,20260910278
1276,2,set38,alt2,20260910278
1276,2,set40,alt1,20260910278
1276,2,set44,alt2,20260910278
1276,2,set45,alt2,20260910278
1276,2,set46,alt2,20260910278
1277,2,set1,alt2,20260910279
1277,2,set2,alt1,20260910279
1277,2,set7,alt1,20260910279
1277,2,set8,alt1,20260910279
1277,2,set10,alt1,20260910279
1277,2,set13,alt1,20260910279
1277,2,set36,alt2,20260910279
1277,2,set38,alt2,20260910279
1277,2,set40,alt2,20260910279
1277,2,set44,alt1,20260910279
1277,2,set45,alt2,20260910279
1277,2,set46,alt1,20260910279
1278,3,set3,alt1,20260910280
1278,3,set4,alt2,20260910280
1278,3,set12,alt1,20260910280
1278,3,set22,alt1,20260910280
1278,3,set24,alt1,20260910280
1278,3,set25,alt1,20260910280
1278,3,set28,alt1,20260910280
1278,3,set29,alt1,20260910280
1278,3,set30,alt2,20260910280
1278,3,set31,alt2,20260910280
1278,3,set39,alt2,20260910280
1278,3,set47,alt2,20260910280
1279,1,set5,alt2,20260910281
1279,1,set6,alt1,20260910281
1279,1,set9,alt2,20260910281
1279,1,set11,alt2,20260910281
1279,1,set18,alt2,20260910281
1279,1,set19,alt2,20260910281
1279,1,set33,alt1,20260910281
1279,1,set35,alt2,20260910281
1279,1,set37,alt1,20260910281
1279,1,set41,alt1,20260910281
1279,1,set42,alt2,20260910281
1279,1,set48,alt2,20260910281
1280,4,set14,alt1,20260910282
1280,4,set15,alt2,20260910282
1280,4,set16,alt2,20260910282
1280,4,set17,alt2,20260910282
1280,4,set20,alt1,20260910282
1280,4,set21,alt1,20260910282
1280,4,set23,alt1,20260910282
1280,4,set26,alt1,20260910282
1280,4,set27,alt1,20260910282
1280,4,set32,alt1,20260910282
1280,4,set34,alt2,20260910282
1280,4,set43,alt2,20260910282
1281,1,set5,alt2,20260910283
1281,1,set6,alt1,20260910283
1281,1,set9,alt2,20260910283
1281,1,set11,alt2,20260910283
1281,1,set18,alt2,20260910283
1281,1,set19,alt2,20260910283
1281,1,set33,alt1,20260910283
1281,1,set35,alt2,20260910283
1281,1,set37,alt1,20260910283
1281,1,set41,alt1,20260910283
1281,1,set42,alt2,20260910283
1281,1,set48,alt2,20260910283
1282,3,set3,alt2,20260910284
1282,3,set4,alt2,20260910284
1282,3,set12,alt1,20260910284
1282,3,set22,alt2,20260910284
1282,3,set24,alt1,20260910284
1282,3,set25,alt1,20260910284
1282,3,set28,alt1,20260910284
1282,3,set29,alt1,20260910284
1282,3,set30,alt2,20260910284
1282,3,set31,alt2,20260910284
1282,3,set39,alt2,20260910284
1282,3,set47,alt2,20260910284
1283,3,set3,alt1,20260910285
1283,3,set4,alt2,20260910285
1283,3,set12,alt1,20260910285
1283,3,set22,alt1,20260910285
1283,3,set24,alt1,20260910285
1283,3,set25,alt1,20260910285
1283,3,set28,alt1,20260910285
1283,3,set29,alt1,20260910285
1283,3,set30,alt2,20260910285
1283,3,set31,alt2,20260910285
1283,3,set39,alt2,20260910285
1283,3,set47,alt2,20260910285
1284,3,set3,alt1,20260910286
1284,3,set4,alt2,20260910286
1284,3,set12,alt1,20260910286
1284,3,set22,alt1,20260910286
1284,3,set24,alt1,20260910286
1284,3,set25,alt1,20260910286
1284,3,set28,alt1,20260910286
1284,3,set29,alt1,20260910286
1284,3,set30,alt2,20260910286
1284,3,set31,alt2,20260910286
1284,3,set39,alt2,20260910286
1284,3,set47,alt2,20260910286
1285,4,set14,alt1,20260910287
1285,4,set15,alt2,20260910287
1285,4,set16,alt1,20260910287
1285,4,set17,alt2,20260910287
1285,4,set20,alt1,20260910287
1285,4,set21,alt1,20260910287
1285,4,set23,alt1,20260910287
1285,4,set26,alt1,20260910287
1285,4,set27,alt1,20260910287
1285,4,set32,alt1,20260910287
1285,4,set34,alt1,20260910287
1285,4,set43,alt1,20260910287
1286,2,set1,alt2,20260910288
1286,2,set2,alt1,20260910288
1286,2,set7,alt1,20260910288
1286,2,set8,alt1,20260910288
1286,2,set10,alt1,20260910288
1286,2,set13,alt1,20260910288
1286,2,set36,alt2,20260910288
1286,2,set38,alt2,20260910288
1286,2,set40,alt2,20260910288
1286,2,set44,alt1,20260910288
1286,2,set45,alt2,20260910288
1286,2,set46,alt1,20260910288
1287,2,set1,alt2,20260910289
1287,2,set2,alt1,20260910289
1287,2,set7,alt1,20260910289
1287,2,set8,alt1,20260910289
1287,2,set10,alt1,20260910289
1287,2,set13,alt1,20260910289
1287,2,set36,alt2,20260910289
1287,2,set38,alt2,20260910289
1287,2,set40,alt2,20260910289
1287,2,set44,alt1,20260910289
1287,2,set45,alt2,20260910289
1287,2,set46,alt1,20260910289
1288,1,set5,alt2,20260910290
1288,1,set6,alt1,20260910290
1288,1,set9,alt2,20260910290
1288,1,set11,alt2,20260910290
1288,1,set18,alt2,20260910290
1288,1,set19,alt2,20260910290
1288,1,set33,alt1,20260910290
1288,1,set35,alt2,20260910290
1288,1,set37,alt1,20260910290
1288,1,set41,alt1,20260910290
1288,1,set42,alt2,20260910290
1288,1,set48,alt2,20260910290
1289,4,set14,alt1,20260910291
1289,4,set15,alt2,20260910291
1289,4,set16,alt2,20260910291
1289,4,set17,alt2,20260910291
1289,4,set20,alt1,20260910291
1289,4,set21,alt1,20260910291
1289,4,set23,alt1,20260910291
1289,4,set26,alt1,20260910291
1289,4,set27,alt1,20260910291
1289,4,set32,alt1,20260910291
1289,4,set34,alt2,20260910291
1289,4,set43,alt2,20260910291
1290,2,set1,alt2,20260910292
1290,2,set2,alt1,20260910292
1290,2,set7,alt2,20260910292
1290,2,set8,alt1,20260910292
1290,2,set10,alt2,20260910292
1290,2,set13,alt1,20260910292
1290,2,set36,alt2,20260910292
1290,2,set38,alt1,20260910292
1290,2,set40,alt2,20260910292
1290,2,set44,alt2,20260910292
1290,2,set45,alt2,20260910292
1290,2,set46,alt2,20260910292
1291,2,set1,alt2,20260910293
1291,2,set2,alt1,20260910293
1291,2,set7,alt1,20260910293
1291,2,set8,alt1,20260910293
1291,2,set10,alt1,20260910293
1291,2,set13,alt1,20260910293
1291,2,set36,alt2,20260910293
1291,2,set38,alt2,20260910293
1291,2,set40,alt2,20260910293
1291,2,set44,alt1,20260910293
1291,2,set45,alt2,20260910293
1291,2,set46,alt1,20260910293
1292,1,set5,alt2,20260910294
1292,1,set6,alt2,20260910294
1292,1,set9,alt2,20260910294
1292,1,set11,alt2,20260910294
1292,1,set18,alt2,20260910294
1292,1,set19,alt2,20260910294
1292,1,set33,alt1,20260910294
1292,1,set35,alt2,20260910294
1292,1,set37,alt1,20260910294
1292,1,set41,alt2,20260910294
1292,1,set42,alt2,20260910294
1292,1,set48,alt2,20260910294
1293,1,set5,alt2,20260910295
1293,1,set6,alt1,20260910295
1293,1,set9,alt2,20260910295
1293,1,set11,alt2,20260910295
1293,1,set18,alt2,20260910295
1293,1,set19,alt2,20260910295
1293,1,set33,alt1,20260910295
1293,1,set35,alt2,20260910295
1293,1,set37,alt1,20260910295
1293,1,set41,alt1,20260910295
1293,1,set42,alt2,20260910295
1293,1,set48,alt2,20260910295
1294,4,set14,alt1,20260910296
1294,4,set15,alt2,20260910296
1294,4,set16,alt2,20260910296
1294,4,set17,alt2,20260910296
1294,4,set20,alt1,20260910296
1294,4,set21,alt1,20260910296
1294,4,set23,alt1,20260910296
1294,4,set26,alt1,20260910296
1294,4,set27,alt1,20260910296
1294,4,set32,alt1,20260910296
1294,4,set34,alt2,20260910296
1294,4,set43,alt2,20260910296
1295,1,set5,alt2,20260910297
1295,1,set6,alt2,20260910297
1295,1,set9,alt2,20260910297
1295,1,set11,alt2,20260910297
1295,1,set18,alt2,20260910297
1295,1,set19,alt2,20260910297
1295,1,set33,alt1,20260910297
1295,1,set35,alt2,20260910297
1295,1,set37,alt1,20260910297
1295,1,set41,alt2,20260910297
1295,1,set42,alt2,20260910297
1295,1,set48,alt2,20260910297
1296,1,set5,alt1,20260910298
1296,1,set6,alt1,20260910298
1296,1,set9,alt1,20260910298
1296,1,set11,alt2,20260910298
1296,1,set18,alt1,20260910298
1296,1,set19,alt1,20260910298
1296,1,set33,alt2,20260910298
1296,1,set35,alt2,20260910298
1296,1,set37,alt1,20260910298
1296,1,set41,alt1,20260910298
1296,1,set42,alt2,20260910298
1296,1,set48,alt2,20260910298
1297,3,set3,alt1,20260910299
1297,3,set4,alt2,20260910299
1297,3,set12,alt1,20260910299
1297,3,set22,alt1,20260910299
1297,3,set24,alt1,20260910299
1297,3,set25,alt1,20260910299
1297,3,set28,alt1,20260910299
1297,3,set29,alt1,20260910299
1297,3,set30,alt2,20260910299
1297,3,set31,alt2,20260910299
1297,3,set39,alt2,20260910299
1297,3,set47,alt2,20260910299
1298,3,set3,alt1,20260910300
1298,3,set4,alt2,20260910300
1298,3,set12,alt1,20260910300
1298,3,set22,alt1,20260910300
1298,3,set24,alt1,20260910300
1298,3,set25,alt1,20260910300
1298,3,set28,alt1,20260910300
1298,3,set29,alt1,20260910300
1298,3,set30,alt2,20260910300
1298,3,set31,alt2,20260910300
1298,3,set39,alt2,20260910300
1298,3,set47,alt2,20260910300
1299,3,set3,alt2,20260910301
1299,3,set4,alt1,20260910301
1299,3,set12,alt1,20260910301
1299,3,set22,alt2,20260910301
1299,3,set24,alt1,20260910301
1299,3,set25,alt2,20260910301
1299,3,set28,alt2,20260910301
1299,3,set29,alt1,20260910301
1299,3,set30,alt2,20260910301
1299,3,set31,alt1,20260910301
1299,3,set39,alt1,20260910301
1299,3,set47,alt2,20260910301
1300,2,set1,alt2,20260910302
1300,2,set2,alt1,20260910302
1300,2,set7,alt2,20260910302
1300,2,set8,alt1,20260910302
1300,2,set10,alt2,20260910302
1300,2,set13,alt1,20260910302
1300,2,set36,alt2,20260910302
1300,2,set38,alt1,20260910302
1300,2,set40,alt2,20260910302
1300,2,set44,alt2,20260910302
1300,2,set45,alt2,20260910302
1300,2,set46,alt2,20260910302
1301,3,set3,alt2,20260910303
1301,3,set4,alt2,20260910303
1301,3,set12,alt1,20260910303
1301,3,set22,alt2,20260910303
1301,3,set24,alt1,20260910303
1301,3,set25,alt1,20260910303
1301,3,set28,alt1,20260910303
1301,3,set29,alt1,20260910303
1301,3,set30,alt2,20260910303
1301,3,set31,alt2,20260910303
1301,3,set39,alt2,20260910303
1301,3,set47,alt2,20260910303
1302,3,set3,alt1,20260910304
1302,3,set4,alt2,20260910304
1302,3,set12,alt1,20260910304
1302,3,set22,alt1,20260910304
1302,3,set24,alt1,20260910304
1302,3,set25,alt1,20260910304
1302,3,set28,alt1,20260910304
1302,3,set29,alt1,20260910304
1302,3,set30,alt2,20260910304
1302,3,set31,alt2,20260910304
1302,3,set39,alt2,20260910304
1302,3,set47,alt2,20260910304
1303,4,set14,alt2,20260910305
1303,4,set15,alt2,20260910305
1303,4,set16,alt1,20260910305
1303,4,set17,alt1,20260910305
1303,4,set20,alt1,20260910305
1303,4,set21,alt1,20260910305
1303,4,set23,alt1,20260910305
1303,4,set26,alt1,20260910305
1303,4,set27,alt2,20260910305
1303,4,set32,alt1,20260910305
1303,4,set34,alt2,20260910305
1303,4,set43,alt1,20260910305
1304,1,set5,alt1,20260910306
1304,1,set6,alt1,20260910306
1304,1,set9,alt1,20260910306
1304,1,set11,alt2,20260910306
1304,1,set18,alt1,20260910306
1304,1,set19,alt1,20260910306
1304,1,set33,alt2,20260910306
1304,1,set35,alt2,20260910306
1304,1,set37,alt1,20260910306
1304,1,set41,alt1,20260910306
1304,1,set42,alt2,20260910306
1304,1,set48,alt2,20260910306
1305,3,set3,alt2,20260910307
1305,3,set4,alt1,20260910307
1305,3,set12,alt1,20260910307
1305,3,set22,alt2,20260910307
1305,3,set24,alt1,20260910307
1305,3,set25,alt2,20260910307
1305,3,set28,alt2,20260910307
1305,3,set29,alt1,20260910307
1305,3,set30,alt2,20260910307
1305,3,set31,alt1,20260910307
1305,3,set39,alt1,20260910307
1305,3,set47,alt2,20260910307
1306,2,set1,alt2,20260910308
1306,2,set2,alt1,20260910308
1306,2,set7,alt1,20260910308
1306,2,set8,alt1,20260910308
1306,2,set10,alt1,20260910308
1306,2,set13,alt1,20260910308
1306,2,set36,alt2,20260910308
1306,2,set38,alt2,20260910308
1306,2,set40,alt2,20260910308
1306,2,set44,alt1,20260910308
1306,2,set45,alt2,20260910308
1306,2,set46,alt1,20260910308
1307,1,set5,alt2,20260910309
1307,1,set6,alt2,20260910309
1307,1,set9,alt2,20260910309
1307,1,set11,alt2,20260910309
1307,1,set18,alt2,20260910309
1307,1,set19,alt2,20260910309
1307,1,set33,alt1,20260910309
1307,1,set35,alt2,20260910309
1307,1,set37,alt1,20260910309
1307,1,set41,alt2,20260910309
1307,1,set42,alt2,20260910309
1307,1,set48,alt2,20260910309
1308,3,set3,alt2,20260910310
1308,3,set4,alt2,20260910310
1308,3,set12,alt1,20260910310
1308,3,set22,alt2,20260910310
1308,3,set24,alt1,20260910310
1308,3,set25,alt1,20260910310
1308,3,set28,alt1,20260910310
1308,3,set29,alt1,20260910310
1308,3,set30,alt2,20260910310
1308,3,set31,alt2,20260910310
1308,3,set39,alt2,20260910310
1308,3,set47,alt2,20260910310
1309,2,set1,alt2,20260910311
1309,2,set2,alt1,20260910311
1309,2,set7,alt1,20260910311
1309,2,set8,alt1,20260910311
1309,2,set10,alt1,20260910311
1309,2,set13,alt1,20260910311
1309,2,set36,alt2,20260910311
1309,2,set38,alt2,20260910311
1309,2,set40,alt2,20260910311
1309,2,set44,alt1,20260910311
1309,2,set45,alt2,20260910311
1309,2,set46,alt1,20260910311
1310,3,set3,alt1,20260910312
1310,3,set4,alt2,20260910312
1310,3,set12,alt1,20260910312
1310,3,set22,alt1,20260910312
1310,3,set24,alt1,20260910312
1310,3,set25,alt1,20260910312
1310,3,set28,alt1,20260910312
1310,3,set29,alt1,20260910312
1310,3,set30,alt2,20260910312
1310,3,set31,alt2,20260910312
1310,3,set39,alt2,20260910312
1310,3,set47,alt2,20260910312
1311,1,set5,alt2,20260910313
1311,1,set6,alt1,20260910313
1311,1,set9,alt2,20260910313
1311,1,set11,alt2,20260910313
1311,1,set18,alt2,20260910313
1311,1,set19,alt2,20260910313
1311,1,set33,alt1,20260910313
1311,1,set35,alt2,20260910313
1311,1,set37,alt1,20260910313
1311,1,set41,alt1,20260910313
1311,1,set42,alt2,20260910313
1311,1,set48,alt2,20260910313
1312,3,set3,alt1,20260910314
1312,3,set4,alt2,20260910314
1312,3,set12,alt1,20260910314
1312,3,set22,alt1,20260910314
1312,3,set24,alt1,20260910314
1312,3,set25,alt1,20260910314
1312,3,set28,alt1,20260910314
1312,3,set29,alt1,20260910314
1312,3,set30,alt2,20260910314
1312,3,set31,alt2,20260910314
1312,3,set39,alt2,20260910314
1312,3,set47,alt2,20260910314
1313,4,set14,alt1,20260910315
1313,4,set15,alt2,20260910315
1313,4,set16,alt2,20260910315
1313,4,set17,alt2,20260910315
1313,4,set20,alt1,20260910315
1313,4,set21,alt1,20260910315
1313,4,set23,alt1,20260910315
1313,4,set26,alt1,20260910315
1313,4,set27,alt1,20260910315
1313,4,set32,alt1,20260910315
1313,4,set34,alt2,20260910315
1313,4,set43,alt2,20260910315
1314,2,set1,alt2,20260910316
1314,2,set2,alt1,20260910316
1314,2,set7,alt1,20260910316
1314,2,set8,alt1,20260910316
1314,2,set10,alt1,20260910316
1314,2,set13,alt1,20260910316
1314,2,set36,alt2,20260910316
1314,2,set38,alt2,20260910316
1314,2,set40,alt2,20260910316
1314,2,set44,alt1,20260910316
1314,2,set45,alt2,20260910316
1314,2,set46,alt1,20260910316
1315,4,set14,alt2,20260910317
1315,4,set15,alt2,20260910317
1315,4,set16,alt1,20260910317
1315,4,set17,alt1,20260910317
1315,4,set20,alt1,20260910317
1315,4,set21,alt1,20260910317
1315,4,set23,alt1,20260910317
1315,4,set26,alt1,20260910317
1315,4,set27,alt2,20260910317
1315,4,set32,alt1,20260910317
1315,4,set34,alt2,20260910317
1315,4,set43,alt1,20260910317
1316,2,set1,alt2,20260910318
1316,2,set2,alt1,20260910318
1316,2,set7,alt1,20260910318
1316,2,set8,alt1,20260910318
1316,2,set10,alt1,20260910318
1316,2,set13,alt1,20260910318
1316,2,set36,alt2,20260910318
1316,2,set38,alt2,20260910318
1316,2,set40,alt2,20260910318
1316,2,set44,alt1,20260910318
1316,2,set45,alt2,20260910318
1316,2,set46,alt1,20260910318
1317,1,set5,alt2,20260910319
1317,1,set6,alt2,20260910319
1317,1,set9,alt2,20260910319
1317,1,set11,alt2,20260910319
1317,1,set18,alt2,20260910319
1317,1,set19,alt2,20260910319
1317,1,set33,alt1,20260910319
1317,1,set35,alt2,20260910319
1317,1,set37,alt1,20260910319
1317,1,set41,alt2,20260910319
1317,1,set42,alt2,20260910319
1317,1,set48,alt2,20260910319
1318,3,set3,alt2,20260910320
1318,3,set4,alt1,20260910320
1318,3,set12,alt1,20260910320
1318,3,set22,alt2,20260910320
1318,3,set24,alt1,20260910320
1318,3,set25,alt2,20260910320
1318,3,set28,alt2,20260910320
1318,3,set29,alt1,20260910320
1318,3,set30,alt2,20260910320
1318,3,set31,alt1,20260910320
1318,3,set39,alt1,20260910320
1318,3,set47,alt2,20260910320
1319,3,set3,alt1,20260910321
1319,3,set4,alt2,20260910321
1319,3,set12,alt1,20260910321
1319,3,set22,alt1,20260910321
1319,3,set24,alt1,20260910321
1319,3,set25,alt1,20260910321
1319,3,set28,alt1,20260910321
1319,3,set29,alt1,20260910321
1319,3,set30,alt2,20260910321
1319,3,set31,alt2,20260910321
1319,3,set39,alt2,20260910321
1319,3,set47,alt2,20260910321
1320,2,set1,alt2,20260910322
1320,2,set2,alt1,20260910322
1320,2,set7,alt1,20260910322
1320,2,set8,alt1,20260910322
1320,2,set10,alt1,20260910322
1320,2,set13,alt1,20260910322
1320,2,set36,alt2,20260910322
1320,2,set38,alt2,20260910322
1320,2,set40,alt2,20260910322
1320,2,set44,alt1,20260910322
1320,2,set45,alt2,20260910322
1320,2,set46,alt1,20260910322
1321,3,set3,alt2,20260910323
1321,3,set4,alt1,20260910323
1321,3,set12,alt1,20260910323
1321,3,set22,alt2,20260910323
1321,3,set24,alt1,20260910323
1321,3,set25,alt2,20260910323
1321,3,set28,alt2,20260910323
1321,3,set29,alt1,20260910323
1321,3,set30,alt2,20260910323
1321,3,set31,alt1,20260910323
1321,3,set39,alt1,20260910323
1321,3,set47,alt2,20260910323
1322,4,set14,alt2,20260910324
1322,4,set15,alt2,20260910324
1322,4,set16,alt1,20260910324
1322,4,set17,alt1,20260910324
1322,4,set20,alt1,20260910324
1322,4,set21,alt1,20260910324
1322,4,set23,alt1,20260910324
1322,4,set26,alt1,20260910324
1322,4,set27,alt2,20260910324
1322,4,set32,alt1,20260910324
1322,4,set34,alt2,20260910324
1322,4,set43,alt1,20260910324
1323,3,set3,alt2,20260910325
1323,3,set4,alt1,20260910325
1323,3,set12,alt1,20260910325
1323,3,set22,alt2,20260910325
1323,3,set24,alt1,20260910325
1323,3,set25,alt2,20260910325
1323,3,set28,alt2,20260910325
1323,3,set29,alt1,20260910325
1323,3,set30,alt1,20260910325
1323,3,set31,alt2,20260910325
1323,3,set39,alt1,20260910325
1323,3,set47,alt1,20260910325
1324,3,set3,alt1,20260910326
1324,3,set4,alt2,20260910326
1324,3,set12,alt1,20260910326
1324,3,set22,alt1,20260910326
1324,3,set24,alt1,20260910326
1324,3,set25,alt1,20260910326
1324,3,set28,alt1,20260910326
1324,3,set29,alt1,20260910326
1324,3,set30,alt2,20260910326
1324,3,set31,alt2,20260910326
1324,3,set39,alt2,20260910326
1324,3,set47,alt2,20260910326
1325,4,set14,alt1,20260910327
1325,4,set15,alt2,20260910327
1325,4,set16,alt2,20260910327
1325,4,set17,alt2,20260910327
1325,4,set20,alt1,20260910327
1325,4,set21,alt1,20260910327
1325,4,set23,alt1,20260910327
1325,4,set26,alt1,20260910327
1325,4,set27,alt1,20260910327
1325,4,set32,alt1,20260910327
1325,4,set34,alt2,20260910327
1325,4,set43,alt2,20260910327
1326,3,set3,alt1,20260910328
1326,3,set4,alt2,20260910328
1326,3,set12,alt1,20260910328
1326,3,set22,alt1,20260910328
1326,3,set24,alt1,20260910328
1326,3,set25,alt1,20260910328
1326,3,set28,alt1,20260910328
1326,3,set29,alt1,20260910328
1326,3,set30,alt2,20260910328
1326,3,set31,alt2,20260910328
1326,3,set39,alt2,20260910328
1326,3,set47,alt2,20260910328
1327,1,set5,alt2,20260910329
1327,1,set6,alt1,20260910329
1327,1,set9,alt2,20260910329
1327,1,set11,alt2,20260910329
1327,1,set18,alt2,20260910329
1327,1,set19,alt2,20260910329
1327,1,set33,alt1,20260910329
1327,1,set35,alt2,20260910329
1327,1,set37,alt1,20260910329
1327,1,set41,alt1,20260910329
1327,1,set42,alt2,20260910329
1327,1,set48,alt2,20260910329
1328,3,set3,alt1,20260910330
1328,3,set4,alt2,20260910330
1328,3,set12,alt1,20260910330
1328,3,set22,alt1,20260910330
1328,3,set24,alt1,20260910330
1328,3,set25,alt1,20260910330
1328,3,set28,alt1,20260910330
1328,3,set29,alt1,20260910330
1328,3,set30,alt2,20260910330
1328,3,set31,alt2,20260910330
1328,3,set39,alt2,20260910330
1328,3,set47,alt2,20260910330
1329,3,set3,alt2,20260910331
1329,3,set4,alt1,20260910331
1329,3,set12,alt1,20260910331
1329,3,set22,alt1,20260910331
1329,3,set24,alt1,20260910331
1329,3,set25,alt2,20260910331
1329,3,set28,alt2,20260910331
1329,3,set29,alt1,20260910331
1329,3,set30,alt1,20260910331
1329,3,set31,alt2,20260910331
1329,3,set39,alt1,20260910331
1329,3,set47,alt1,20260910331
1330,2,set1,alt2,20260910332
1330,2,set2,alt1,20260910332
1330,2,set7,alt1,20260910332
1330,2,set8,alt1,20260910332
1330,2,set10,alt1,20260910332
1330,2,set13,alt1,20260910332
1330,2,set36,alt2,20260910332
1330,2,set38,alt2,20260910332
1330,2,set40,alt2,20260910332
1330,2,set44,alt1,20260910332
1330,2,set45,alt2,20260910332
1330,2,set46,alt1,20260910332
1331,4,set14,alt1,20260910333
1331,4,set15,alt1,20260910333
1331,4,set16,alt1,20260910333
1331,4,set17,alt1,20260910333
1331,4,set20,alt1,20260910333
1331,4,set21,alt1,20260910333
1331,4,set23,alt1,20260910333
1331,4,set26,alt1,20260910333
1331,4,set27,alt1,20260910333
1331,4,set32,alt1,20260910333
1331,4,set34,alt2,20260910333
1331,4,set43,alt1,20260910333
1332,4,set14,alt1,20260910334
1332,4,set15,alt2,20260910334
1332,4,set16,alt2,20260910334
1332,4,set17,alt2,20260910334
1332,4,set20,alt1,20260910334
1332,4,set21,alt1,20260910334
1332,4,set23,alt1,20260910334
1332,4,set26,alt1,20260910334
1332,4,set27,alt1,20260910334
1332,4,set32,alt1,20260910334
1332,4,set34,alt2,20260910334
1332,4,set43,alt2,20260910334
1333,4,set14,alt1,20260910335
1333,4,set15,alt2,20260910335
1333,4,set16,alt2,20260910335
1333,4,set17,alt2,20260910335
1333,4,set20,alt1,20260910335
1333,4,set21,alt1,20260910335
1333,4,set23,alt1,20260910335
1333,4,set26,alt1,20260910335
1333,4,set27,alt1,20260910335
1333,4,set32,alt1,20260910335
1333,4,set34,alt2,20260910335
1333,4,set43,alt2,20260910335
1334,4,set14,alt1,20260910336
1334,4,set15,alt2,20260910336
1334,4,set16,alt2,20260910336
1334,4,set17,alt2,20260910336
1334,4,set20,alt1,20260910336
1334,4,set21,alt1,20260910336
1334,4,set23,alt1,20260910336
1334,4,set26,alt1,20260910336
1334,4,set27,alt1,20260910336
1334,4,set32,alt1,20260910336
1334,4,set34,alt2,20260910336
1334,4,set43,alt2,20260910336
1335,1,set5,alt2,20260910337
1335,1,set6,alt2,20260910337
1335,1,set9,alt2,20260910337
1335,1,set11,alt2,20260910337
1335,1,set18,alt1,20260910337
1335,1,set19,alt2,20260910337
1335,1,set33,alt1,20260910337
1335,1,set35,alt2,20260910337
1335,1,set37,alt1,20260910337
1335,1,set41,alt1,20260910337
1335,1,set42,alt2,20260910337
1335,1,set48,alt2,20260910337
1336,2,set1,alt2,20260910338
1336,2,set2,alt1,20260910338
1336,2,set7,alt2,20260910338
1336,2,set8,alt1,20260910338
1336,2,set10,alt2,20260910338
1336,2,set13,alt1,20260910338
1336,2,set36,alt2,20260910338
1336,2,set38,alt1,20260910338
1336,2,set40,alt2,20260910338
1336,2,set44,alt2,20260910338
1336,2,set45,alt2,20260910338
1336,2,set46,alt2,20260910338
1337,2,set1,alt2,20260910339
1337,2,set2,alt1,20260910339
1337,2,set7,alt1,20260910339
1337,2,set8,alt1,20260910339
1337,2,set10,alt1,20260910339
1337,2,set13,alt1,20260910339
1337,2,set36,alt2,20260910339
1337,2,set38,alt2,20260910339
1337,2,set40,alt2,20260910339
1337,2,set44,alt1,20260910339
1337,2,set45,alt2,20260910339
1337,2,set46,alt1,20260910339
1338,2,set1,alt2,20260910340
1338,2,set2,alt1,20260910340
1338,2,set7,alt1,20260910340
1338,2,set8,alt1,20260910340
1338,2,set10,alt1,20260910340
1338,2,set13,alt1,20260910340
1338,2,set36,alt2,20260910340
1338,2,set38,alt2,20260910340
1338,2,set40,alt2,20260910340
1338,2,set44,alt1,20260910340
1338,2,set45,alt2,20260910340
1338,2,set46,alt1,20260910340
1339,3,set3,alt1,20260910341
1339,3,set4,alt2,20260910341
1339,3,set12,alt1,20260910341
1339,3,set22,alt1,20260910341
1339,3,set24,alt1,20260910341
1339,3,set25,alt1,20260910341
1339,3,set28,alt1,20260910341
1339,3,set29,alt1,20260910341
1339,3,set30,alt2,20260910341
1339,3,set31,alt2,20260910341
1339,3,set39,alt2,20260910341
1339,3,set47,alt2,20260910341
1340,2,set1,alt2,20260910342
1340,2,set2,alt1,20260910342
1340,2,set7,alt1,20260910342
1340,2,set8,alt1,20260910342
1340,2,set10,alt1,20260910342
1340,2,set13,alt1,20260910342
1340,2,set36,alt2,20260910342
1340,2,set38,alt2,20260910342
1340,2,set40,alt2,20260910342
1340,2,set44,alt1,20260910342
1340,2,set45,alt2,20260910342
1340,2,set46,alt1,20260910342
1341,3,set3,alt1,20260910343
1341,3,set4,alt2,20260910343
1341,3,set12,alt1,20260910343
1341,3,set22,alt1,20260910343
1341,3,set24,alt1,20260910343
1341,3,set25,alt1,20260910343
1341,3,set28,alt1,20260910343
1341,3,set29,alt1,20260910343
1341,3,set30,alt2,20260910343
1341,3,set31,alt2,20260910343
1341,3,set39,alt2,20260910343
1341,3,set47,alt2,20260910343
1342,2,set1,alt2,20260910344
1342,2,set2,alt1,20260910344
1342,2,set7,alt1,20260910344
1342,2,set8,alt1,20260910344
1342,2,set10,alt1,20260910344
1342,2,set13,alt1,20260910344
1342,2,set36,alt2,20260910344
1342,2,set38,alt2,20260910344
1342,2,set40,alt2,20260910344
1342,2,set44,alt1,20260910344
1342,2,set45,alt2,20260910344
1342,2,set46,alt1,20260910344
1343,3,set3,alt2,20260910345
1343,3,set4,alt2,20260910345
1343,3,set12,alt1,20260910345
1343,3,set22,alt2,20260910345
1343,3,set24,alt1,20260910345
1343,3,set25,alt1,20260910345
1343,3,set28,alt1,20260910345
1343,3,set29,alt1,20260910345
1343,3,set30,alt2,20260910345
1343,3,set31,alt2,20260910345
1343,3,set39,alt2,20260910345
1343,3,set47,alt2,20260910345
1344,1,set5,alt2,20260910346
1344,1,set6,alt1,20260910346
1344,1,set9,alt2,20260910346
1344,1,set11,alt2,20260910346
1344,1,set18,alt2,20260910346
1344,1,set19,alt2,20260910346
1344,1,set33,alt1,20260910346
1344,1,set35,alt2,20260910346
1344,1,set37,alt1,20260910346
1344,1,set41,alt1,20260910346
1344,1,set42,alt2,20260910346
1344,1,set48,alt2,20260910346
1345,3,set3,alt2,20260910347
1345,3,set4,alt2,20260910347
1345,3,set12,alt1,20260910347
1345,3,set22,alt2,20260910347
1345,3,set24,alt1,20260910347
1345,3,set25,alt1,20260910347
1345,3,set28,alt1,20260910347
1345,3,set29,alt1,20260910347
1345,3,set30,alt2,20260910347
1345,3,set31,alt2,20260910347
1345,3,set39,alt2,20260910347
1345,3,set47,alt2,20260910347
1346,4,set14,alt1,20260910348
1346,4,set15,alt2,20260910348
1346,4,set16,alt1,20260910348
1346,4,set17,alt2,20260910348
1346,4,set20,alt1,20260910348
1346,4,set21,alt1,20260910348
1346,4,set23,alt1,20260910348
1346,4,set26,alt1,20260910348
1346,4,set27,alt1,20260910348
1346,4,set32,alt1,20260910348
1346,4,set34,alt1,20260910348
1346,4,set43,alt1,20260910348
1347,2,set1,alt2,20260910349
1347,2,set2,alt1,20260910349
1347,2,set7,alt1,20260910349
1347,2,set8,alt1,20260910349
1347,2,set10,alt1,20260910349
1347,2,set13,alt1,20260910349
1347,2,set36,alt2,20260910349
1347,2,set38,alt2,20260910349
1347,2,set40,alt2,20260910349
1347,2,set44,alt1,20260910349
1347,2,set45,alt2,20260910349
1347,2,set46,alt1,20260910349
1348,4,set14,alt2,20260910350
1348,4,set15,alt2,20260910350
1348,4,set16,alt1,20260910350
1348,4,set17,alt1,20260910350
1348,4,set20,alt1,20260910350
1348,4,set21,alt1,20260910350
1348,4,set23,alt1,20260910350
1348,4,set26,alt1,20260910350
1348,4,set27,alt2,20260910350
1348,4,set32,alt1,20260910350
1348,4,set34,alt2,20260910350
1348,4,set43,alt1,20260910350
1349,2,set1,alt2,20260910351
1349,2,set2,alt1,20260910351
1349,2,set7,alt1,20260910351
1349,2,set8,alt1,20260910351
1349,2,set10,alt1,20260910351
1349,2,set13,alt1,20260910351
1349,2,set36,alt2,20260910351
1349,2,set38,alt2,20260910351
1349,2,set40,alt2,20260910351
1349,2,set44,alt1,20260910351
1349,2,set45,alt2,20260910351
1349,2,set46,alt1,20260910351
1350,1,set5,alt1,20260910352
1350,1,set6,alt1,20260910352
1350,1,set9,alt1,20260910352
1350,1,set11,alt2,20260910352
1350,1,set18,alt1,20260910352
1350,1,set19,alt1,20260910352
1350,1,set33,alt2,20260910352
1350,1,set35,alt2,20260910352
1350,1,set37,alt1,20260910352
1350,1,set41,alt1,20260910352
1350,1,set42,alt2,20260910352
1350,1,set48,alt2,20260910352
1351,4,set14,alt1,20260910353
1351,4,set15,alt2,20260910353
1351,4,set16,alt2,20260910353
1351,4,set17,alt2,20260910353
1351,4,set20,alt1,20260910353
1351,4,set21,alt1,20260910353
1351,4,set23,alt1,20260910353
1351,4,set26,alt1,20260910353
1351,4,set27,alt1,20260910353
1351,4,set32,alt1,20260910353
1351,4,set34,alt2,20260910353
1351,4,set43,alt2,20260910353
1352,1,set5,alt2,20260910354
1352,1,set6,alt1,20260910354
1352,1,set9,alt2,20260910354
1352,1,set11,alt2,20260910354
1352,1,set18,alt2,20260910354
1352,1,set19,alt2,20260910354
1352,1,set33,alt1,20260910354
1352,1,set35,alt2,20260910354
1352,1,set37,alt1,20260910354
1352,1,set41,alt1,20260910354
1352,1,set42,alt2,20260910354
1352,1,set48,alt2,20260910354
1353,2,set1,alt2,20260910355
1353,2,set2,alt1,20260910355
1353,2,set7,alt1,20260910355
1353,2,set8,alt1,20260910355
1353,2,set10,alt1,20260910355
1353,2,set13,alt1,20260910355
1353,2,set36,alt2,20260910355
1353,2,set38,alt2,20260910355
1353,2,set40,alt2,20260910355
1353,2,set44,alt1,20260910355
1353,2,set45,alt2,20260910355
1353,2,set46,alt1,20260910355
1354,4,set14,alt2,20260910356
1354,4,set15,alt2,20260910356
1354,4,set16,alt1,20260910356
1354,4,set17,alt1,20260910356
1354,4,set20,alt1,20260910356
1354,4,set21,alt1,20260910356
1354,4,set23,alt1,20260910356
1354,4,set26,alt1,20260910356
1354,4,set27,alt2,20260910356
1354,4,set32,alt1,20260910356
1354,4,set34,alt2,20260910356
1354,4,set43,alt1,20260910356
1355,1,set5,alt1,20260910357
1355,1,set6,alt1,20260910357
1355,1,set9,alt1,20260910357
1355,1,set11,alt2,20260910357
1355,1,set18,alt1,20260910357
1355,1,set19,alt1,20260910357
1355,1,set33,alt2,20260910357
1355,1,set35,alt2,20260910357
1355,1,set37,alt1,20260910357
1355,1,set41,alt1,20260910357
1355,1,set42,alt2,20260910357
1355,1,set48,alt2,20260910357
1356,1,set5,alt2,20260910358
1356,1,set6,alt1,20260910358
1356,1,set9,alt2,20260910358
1356,1,set11,alt2,20260910358
1356,1,set18,alt2,20260910358
1356,1,set19,alt2,20260910358
1356,1,set33,alt1,20260910358
1356,1,set35,alt2,20260910358
1356,1,set37,alt1,20260910358
1356,1,set41,alt1,20260910358
1356,1,set42,alt2,20260910358
1356,1,set48,alt2,20260910358
1357,2,set1,alt2,20260910359
1357,2,set2,alt1,20260910359
1357,2,set7,alt1,20260910359
1357,2,set8,alt1,20260910359
1357,2,set10,alt1,20260910359
1357,2,set13,alt1,20260910359
1357,2,set36,alt2,20260910359
1357,2,set38,alt2,20260910359
1357,2,set40,alt2,20260910359
1357,2,set44,alt1,20260910359
1357,2,set45,alt2,20260910359
1357,2,set46,alt1,20260910359
1358,4,set14,alt2,20260910360
1358,4,set15,alt2,20260910360
1358,4,set16,alt1,20260910360
1358,4,set17,alt1,20260910360
1358,4,set20,alt1,20260910360
1358,4,set21,alt1,20260910360
1358,4,set23,alt1,20260910360
1358,4,set26,alt1,20260910360
1358,4,set27,alt2,20260910360
1358,4,set32,alt1,20260910360
1358,4,set34,alt2,20260910360
1358,4,set43,alt1,20260910360
1359,1,set5,alt2,20260910361
1359,1,set6,alt1,20260910361
1359,1,set9,alt2,20260910361
1359,1,set11,alt2,20260910361
1359,1,set18,alt2,20260910361
1359,1,set19,alt2,20260910361
1359,1,set33,alt1,20260910361
1359,1,set35,alt2,20260910361
1359,1,set37,alt1,20260910361
1359,1,set41,alt1,20260910361
1359,1,set42,alt2,20260910361
1359,1,set48,alt2,20260910361
1360,2,set1,alt2,20260910362
1360,2,set2,alt1,20260910362
1360,2,set7,alt1,20260910362
1360,2,set8,alt1,20260910362
1360,2,set10,alt2,20260910362
1360,2,set13,alt1,20260910362
1360,2,set36,alt2,20260910362
1360,2,set38,alt2,20260910362
1360,2,set40,alt2,20260910362
1360,2,set44,alt1,20260910362
1360,2,set45,alt2,20260910362
1360,2,set46,alt1,20260910362
1361,4,set14,alt1,20260910363
1361,4,set15,alt2,20260910363
1361,4,set16,alt2,20260910363
1361,4,set17,alt2,20260910363
1361,4,set20,alt1,20260910363
1361,4,set21,alt1,20260910363
1361,4,set23,alt1,20260910363
1361,4,set26,alt1,20260910363
1361,4,set27,alt1,20260910363
1361,4,set32,alt1,20260910363
1361,4,set34,alt2,20260910363
1361,4,set43,alt2,20260910363
1362,2,set1,alt2,20260910364
1362,2,set2,alt1,20260910364
1362,2,set7,alt1,20260910364
1362,2,set8,alt1,20260910364
1362,2,set10,alt1,20260910364
1362,2,set13,alt1,20260910364
1362,2,set36,alt2,20260910364
1362,2,set38,alt2,20260910364
1362,2,set40,alt2,20260910364
1362,2,set44,alt1,20260910364
1362,2,set45,alt2,20260910364
1362,2,set46,alt1,20260910364
1363,1,set5,alt2,20260910365
1363,1,set6,alt2,20260910365
1363,1,set9,alt2,20260910365
1363,1,set11,alt2,20260910365
1363,1,set18,alt2,20260910365
1363,1,set19,alt2,20260910365
1363,1,set33,alt1,20260910365
1363,1,set35,alt2,20260910365
1363,1,set37,alt1,20260910365
1363,1,set41,alt2,20260910365
1363,1,set42,alt2,20260910365
1363,1,set48,alt2,20260910365
1364,3,set3,alt1,20260910366
1364,3,set4,alt2,20260910366
1364,3,set12,alt1,20260910366
1364,3,set22,alt1,20260910366
1364,3,set24,alt1,20260910366
1364,3,set25,alt1,20260910366
1364,3,set28,alt1,20260910366
1364,3,set29,alt1,20260910366
1364,3,set30,alt2,20260910366
1364,3,set31,alt2,20260910366
1364,3,set39,alt2,20260910366
1364,3,set47,alt2,20260910366
1365,2,set1,alt2,20260910367
1365,2,set2,alt1,20260910367
1365,2,set7,alt1,20260910367
1365,2,set8,alt1,20260910367
1365,2,set10,alt1,20260910367
1365,2,set13,alt1,20260910367
1365,2,set36,alt2,20260910367
1365,2,set38,alt2,20260910367
1365,2,set40,alt2,20260910367
1365,2,set44,alt1,20260910367
1365,2,set45,alt2,20260910367
1365,2,set46,alt1,20260910367
1366,3,set3,alt1,20260910368
1366,3,set4,alt2,20260910368
1366,3,set12,alt1,20260910368
1366,3,set22,alt1,20260910368
1366,3,set24,alt1,20260910368
1366,3,set25,alt1,20260910368
1366,3,set28,alt1,20260910368
1366,3,set29,alt1,20260910368
1366,3,set30,alt2,20260910368
1366,3,set31,alt2,20260910368
1366,3,set39,alt2,20260910368
1366,3,set47,alt2,20260910368
1367,4,set14,alt1,20260910369
1367,4,set15,alt1,20260910369
1367,4,set16,alt1,20260910369
1367,4,set17,alt1,20260910369
1367,4,set20,alt1,20260910369
1367,4,set21,alt1,20260910369
1367,4,set23,alt1,20260910369
1367,4,set26,alt1,20260910369
1367,4,set27,alt1,20260910369
1367,4,set32,alt1,20260910369
1367,4,set34,alt2,20260910369
1367,4,set43,alt1,20260910369
1368,2,set1,alt2,20260910370
1368,2,set2,alt1,20260910370
1368,2,set7,alt1,20260910370
1368,2,set8,alt1,20260910370
1368,2,set10,alt2,20260910370
1368,2,set13,alt1,20260910370
1368,2,set36,alt2,20260910370
1368,2,set38,alt2,20260910370
1368,2,set40,alt2,20260910370
1368,2,set44,alt1,20260910370
1368,2,set45,alt2,20260910370
1368,2,set46,alt1,20260910370
1369,3,set3,alt1,20260910371
1369,3,set4,alt2,20260910371
1369,3,set12,alt1,20260910371
1369,3,set22,alt1,20260910371
1369,3,set24,alt1,20260910371
1369,3,set25,alt1,20260910371
1369,3,set28,alt1,20260910371
1369,3,set29,alt1,20260910371
1369,3,set30,alt2,20260910371
1369,3,set31,alt2,20260910371
1369,3,set39,alt2,20260910371
1369,3,set47,alt2,20260910371
1370,2,set1,alt2,20260910372
1370,2,set2,alt1,20260910372
1370,2,set7,alt1,20260910372
1370,2,set8,alt1,20260910372
1370,2,set10,alt2,20260910372
1370,2,set13,alt1,20260910372
1370,2,set36,alt2,20260910372
1370,2,set38,alt2,20260910372
1370,2,set40,alt2,20260910372
1370,2,set44,alt1,20260910372
1370,2,set45,alt2,20260910372
1370,2,set46,alt1,20260910372
1371,4,set14,alt1,20260910373
1371,4,set15,alt2,20260910373
1371,4,set16,alt1,20260910373
1371,4,set17,alt2,20260910373
1371,4,set20,alt1,20260910373
1371,4,set21,alt1,20260910373
1371,4,set23,alt1,20260910373
1371,4,set26,alt1,20260910373
1371,4,set27,alt1,20260910373
1371,4,set32,alt1,20260910373
1371,4,set34,alt1,20260910373
1371,4,set43,alt1,20260910373
1372,4,set14,alt1,20260910374
1372,4,set15,alt1,20260910374
1372,4,set16,alt1,20260910374
1372,4,set17,alt1,20260910374
1372,4,set20,alt1,20260910374
1372,4,set21,alt1,20260910374
1372,4,set23,alt1,20260910374
1372,4,set26,alt1,20260910374
1372,4,set27,alt1,20260910374
1372,4,set32,alt1,20260910374
1372,4,set34,alt2,20260910374
1372,4,set43,alt1,20260910374
1373,2,set1,alt2,20260910375
1373,2,set2,alt1,20260910375
1373,2,set7,alt1,20260910375
1373,2,set8,alt1,20260910375
1373,2,set10,alt2,20260910375
1373,2,set13,alt1,20260910375
1373,2,set36,alt2,20260910375
1373,2,set38,alt2,20260910375
1373,2,set40,alt2,20260910375
1373,2,set44,alt1,20260910375
1373,2,set45,alt2,20260910375
1373,2,set46,alt1,20260910375
1374,4,set14,alt1,20260910376
1374,4,set15,alt2,20260910376
1374,4,set16,alt2,20260910376
1374,4,set17,alt2,20260910376
1374,4,set20,alt1,20260910376
1374,4,set21,alt1,20260910376
1374,4,set23,alt1,20260910376
1374,4,set26,alt1,20260910376
1374,4,set27,alt1,20260910376
1374,4,set32,alt1,20260910376
1374,4,set34,alt2,20260910376
1374,4,set43,alt2,20260910376
1375,2,set1,alt2,20260910377
1375,2,set2,alt1,20260910377
1375,2,set7,alt1,20260910377
1375,2,set8,alt1,20260910377
1375,2,set10,alt1,20260910377
1375,2,set13,alt1,20260910377
1375,2,set36,alt2,20260910377
1375,2,set38,alt2,20260910377
1375,2,set40,alt2,20260910377
1375,2,set44,alt1,20260910377
1375,2,set45,alt2,20260910377
1375,2,set46,alt1,20260910377
1376,2,set1,alt2,20260910378
1376,2,set2,alt1,20260910378
1376,2,set7,alt1,20260910378
1376,2,set8,alt1,20260910378
1376,2,set10,alt1,20260910378
1376,2,set13,alt1,20260910378
1376,2,set36,alt2,20260910378
1376,2,set38,alt2,20260910378
1376,2,set40,alt2,20260910378
1376,2,set44,alt1,20260910378
1376,2,set45,alt2,20260910378
1376,2,set46,alt1,20260910378
1377,2,set1,alt2,20260910379
1377,2,set2,alt1,20260910379
1377,2,set7,alt1,20260910379
1377,2,set8,alt1,20260910379
1377,2,set10,alt1,20260910379
1377,2,set13,alt1,20260910379
1377,2,set36,alt2,20260910379
1377,2,set38,alt2,20260910379
1377,2,set40,alt2,20260910379
1377,2,set44,alt1,20260910379
1377,2,set45,alt2,20260910379
1377,2,set46,alt1,20260910379
1378,4,set14,alt1,20260910380
1378,4,set15,alt2,20260910380
1378,4,set16,alt2,20260910380
1378,4,set17,alt2,20260910380
1378,4,set20,alt1,20260910380
1378,4,set21,alt1,20260910380
1378,4,set23,alt1,20260910380
1378,4,set26,alt1,20260910380
1378,4,set27,alt1,20260910380
1378,4,set32,alt1,20260910380
1378,4,set34,alt2,20260910380
1378,4,set43,alt2,20260910380
1379,1,set5,alt2,20260910381
1379,1,set6,alt1,20260910381
1379,1,set9,alt2,20260910381
1379,1,set11,alt2,20260910381
1379,1,set18,alt2,20260910381
1379,1,set19,alt2,20260910381
1379,1,set33,alt1,20260910381
1379,1,set35,alt2,20260910381
1379,1,set37,alt1,20260910381
1379,1,set41,alt1,20260910381
1379,1,set42,alt2,20260910381
1379,1,set48,alt2,20260910381
1380,4,set14,alt2,20260910382
1380,4,set15,alt2,20260910382
1380,4,set16,alt1,20260910382
1380,4,set17,alt1,20260910382
1380,4,set20,alt1,20260910382
1380,4,set21,alt1,20260910382
1380,4,set23,alt1,20260910382
1380,4,set26,alt1,20260910382
1380,4,set27,alt2,20260910382
1380,4,set32,alt1,20260910382
1380,4,set34,alt2,20260910382
1380,4,set43,alt1,20260910382
1381,3,set3,alt2,20260910383
1381,3,set4,alt2,20260910383
1381,3,set12,alt1,20260910383
1381,3,set22,alt2,20260910383
1381,3,set24,alt1,20260910383
1381,3,set25,alt1,20260910383
1381,3,set28,alt1,20260910383
1381,3,set29,alt1,20260910383
1381,3,set30,alt2,20260910383
1381,3,set31,alt2,20260910383
1381,3,set39,alt2,20260910383
1381,3,set47,alt2,20260910383
1382,2,set1,alt2,20260910384
1382,2,set2,alt1,20260910384
1382,2,set7,alt1,20260910384
1382,2,set8,alt1,20260910384
1382,2,set10,alt1,20260910384
1382,2,set13,alt1,20260910384
1382,2,set36,alt2,20260910384
1382,2,set38,alt2,20260910384
1382,2,set40,alt2,20260910384
1382,2,set44,alt1,20260910384
1382,2,set45,alt2,20260910384
1382,2,set46,alt1,20260910384
1383,1,set5,alt2,20260910385
1383,1,set6,alt2,20260910385
1383,1,set9,alt2,20260910385
1383,1,set11,alt2,20260910385
1383,1,set18,alt2,20260910385
1383,1,set19,alt2,20260910385
1383,1,set33,alt1,20260910385
1383,1,set35,alt2,20260910385
1383,1,set37,alt1,20260910385
1383,1,set41,alt2,20260910385
1383,1,set42,alt2,20260910385
1383,1,set48,alt2,20260910385
1384,3,set3,alt1,20260910386
1384,3,set4,alt2,20260910386
1384,3,set12,alt1,20260910386
1384,3,set22,alt1,20260910386
1384,3,set24,alt1,20260910386
1384,3,set25,alt1,20260910386
1384,3,set28,alt1,20260910386
1384,3,set29,alt1,20260910386
1384,3,set30,alt2,20260910386
1384,3,set31,alt2,20260910386
1384,3,set39,alt2,20260910386
1384,3,set47,alt2,20260910386
1385,1,set5,alt2,20260910387
1385,1,set6,alt2,20260910387
1385,1,set9,alt2,20260910387
1385,1,set11,alt2,20260910387
1385,1,set18,alt2,20260910387
1385,1,set19,alt2,20260910387
1385,1,set33,alt1,20260910387
1385,1,set35,alt2,20260910387
1385,1,set37,alt1,20260910387
1385,1,set41,alt2,20260910387
1385,1,set42,alt2,20260910387
1385,1,set48,alt2,20260910387
1386,2,set1,alt2,20260910388
1386,2,set2,alt1,20260910388
1386,2,set7,alt1,20260910388
1386,2,set8,alt1,20260910388
1386,2,set10,alt1,20260910388
1386,2,set13,alt1,20260910388
1386,2,set36,alt2,20260910388
1386,2,set38,alt2,20260910388
1386,2,set40,alt2,20260910388
1386,2,set44,alt1,20260910388
1386,2,set45,alt2,20260910388
1386,2,set46,alt1,20260910388
1387,2,set1,alt2,20260910389
1387,2,set2,alt1,20260910389
1387,2,set7,alt2,20260910389
1387,2,set8,alt1,20260910389
1387,2,set10,alt2,20260910389
1387,2,set13,alt1,20260910389
1387,2,set36,alt2,20260910389
1387,2,set38,alt1,20260910389
1387,2,set40,alt2,20260910389
1387,2,set44,alt2,20260910389
1387,2,set45,alt2,20260910389
1387,2,set46,alt2,20260910389
1388,1,set5,alt2,20260910390
1388,1,set6,alt2,20260910390
1388,1,set9,alt2,20260910390
1388,1,set11,alt2,20260910390
1388,1,set18,alt1,20260910390
1388,1,set19,alt2,20260910390
1388,1,set33,alt1,20260910390
1388,1,set35,alt2,20260910390
1388,1,set37,alt1,20260910390
1388,1,set41,alt1,20260910390
1388,1,set42,alt2,20260910390
1388,1,set48,alt2,20260910390
1389,2,set1,alt2,20260910391
1389,2,set2,alt1,20260910391
1389,2,set7,alt2,20260910391
1389,2,set8,alt1,20260910391
1389,2,set10,alt2,20260910391
1389,2,set13,alt1,20260910391
1389,2,set36,alt2,20260910391
1389,2,set38,alt1,20260910391
1389,2,set40,alt2,20260910391
1389,2,set44,alt2,20260910391
1389,2,set45,alt2,20260910391
1389,2,set46,alt2,20260910391
1390,4,set14,alt2,20260910392
1390,4,set15,alt2,20260910392
1390,4,set16,alt1,20260910392
1390,4,set17,alt1,20260910392
1390,4,set20,alt1,20260910392
1390,4,set21,alt1,20260910392
1390,4,set23,alt1,20260910392
1390,4,set26,alt1,20260910392
1390,4,set27,alt2,20260910392
1390,4,set32,alt1,20260910392
1390,4,set34,alt2,20260910392
1390,4,set43,alt1,20260910392
1391,2,set1,alt2,20260910393
1391,2,set2,alt1,20260910393
1391,2,set7,alt1,20260910393
1391,2,set8,alt1,20260910393
1391,2,set10,alt1,20260910393
1391,2,set13,alt1,20260910393
1391,2,set36,alt2,20260910393
1391,2,set38,alt2,20260910393
1391,2,set40,alt2,20260910393
1391,2,set44,alt1,20260910393
1391,2,set45,alt2,20260910393
1391,2,set46,alt1,20260910393
1392,2,set1,alt2,20260910394
1392,2,set2,alt1,20260910394
1392,2,set7,alt1,20260910394
1392,2,set8,alt1,20260910394
1392,2,set10,alt1,20260910394
1392,2,set13,alt1,20260910394
1392,2,set36,alt2,20260910394
1392,2,set38,alt2,20260910394
1392,2,set40,alt2,20260910394
1392,2,set44,alt1,20260910394
1392,2,set45,alt2,20260910394
1392,2,set46,alt1,20260910394
1393,2,set1,alt2,20260910395
1393,2,set2,alt1,20260910395
1393,2,set7,alt1,20260910395
1393,2,set8,alt1,20260910395
1393,2,set10,alt2,20260910395
1393,2,set13,alt1,20260910395
1393,2,set36,alt2,20260910395
1393,2,set38,alt2,20260910395
1393,2,set40,alt2,20260910395
1393,2,set44,alt1,20260910395
1393,2,set45,alt2,20260910395
1393,2,set46,alt1,20260910395
1394,2,set1,alt2,20260910396
1394,2,set2,alt1,20260910396
1394,2,set7,alt1,20260910396
1394,2,set8,alt1,20260910396
1394,2,set10,alt1,20260910396
1394,2,set13,alt1,20260910396
1394,2,set36,alt2,20260910396
1394,2,set38,alt2,20260910396
1394,2,set40,alt2,20260910396
1394,2,set44,alt1,20260910396
1394,2,set45,alt2,20260910396
1394,2,set46,alt1,20260910396
1395,1,set5,alt2,20260910397
1395,1,set6,alt2,20260910397
1395,1,set9,alt2,20260910397
1395,1,set11,alt2,20260910397
1395,1,set18,alt2,20260910397
1395,1,set19,alt2,20260910397
1395,1,set33,alt1,20260910397
1395,1,set35,alt2,20260910397
1395,1,set37,alt1,20260910397
1395,1,set41,alt2,20260910397
1395,1,set42,alt2,20260910397
1395,1,set48,alt2,20260910397
1396,1,set5,alt1,20260910398
1396,1,set6,alt1,20260910398
1396,1,set9,alt1,20260910398
1396,1,set11,alt2,20260910398
1396,1,set18,alt1,20260910398
1396,1,set19,alt1,20260910398
1396,1,set33,alt2,20260910398
1396,1,set35,alt2,20260910398
1396,1,set37,alt1,20260910398
1396,1,set41,alt1,20260910398
1396,1,set42,alt2,20260910398
1396,1,set48,alt2,20260910398
1397,2,set1,alt2,20260910399
1397,2,set2,alt1,20260910399
1397,2,set7,alt1,20260910399
1397,2,set8,alt1,20260910399
1397,2,set10,alt1,20260910399
1397,2,set13,alt1,20260910399
1397,2,set36,alt2,20260910399
1397,2,set38,alt2,20260910399
1397,2,set40,alt2,20260910399
1397,2,set44,alt1,20260910399
1397,2,set45,alt2,20260910399
1397,2,set46,alt1,20260910399
1398,1,set5,alt2,20260910400
1398,1,set6,alt1,20260910400
1398,1,set9,alt2,20260910400
1398,1,set11,alt2,20260910400
1398,1,set18,alt2,20260910400
1398,1,set19,alt2,20260910400
1398,1,set33,alt1,20260910400
1398,1,set35,alt2,20260910400
1398,1,set37,alt1,20260910400
1398,1,set41,alt1,20260910400
1398,1,set42,alt2,20260910400
1398,1,set48,alt2,20260910400
1399,1,set5,alt2,20260910401
1399,1,set6,alt2,20260910401
1399,1,set9,alt2,20260910401
1399,1,set11,alt2,20260910401
1399,1,set18,alt2,20260910401
1399,1,set19,alt2,20260910401
1399,1,set33,alt1,20260910401
1399,1,set35,alt2,20260910401
1399,1,set37,alt1,20260910401
1399,1,set41,alt2,20260910401
1399,1,set42,alt2,20260910401
1399,1,set48,alt2,20260910401
1400,3,set3,alt1,20260910402
1400,3,set4,alt2,20260910402
1400,3,set12,alt1,20260910402
1400,3,set22,alt1,20260910402
1400,3,set24,alt1,20260910402
1400,3,set25,alt1,20260910402
1400,3,set28,alt1,20260910402
1400,3,set29,alt1,20260910402
1400,3,set30,alt2,20260910402
1400,3,set31,alt2,20260910402
1400,3,set39,alt2,20260910402
1400,3,set47,alt2,20260910402
1401,2,set1,alt2,20260910403
1401,2,set2,alt1,20260910403
1401,2,set7,alt1,20260910403
1401,2,set8,alt1,20260910403
1401,2,set10,alt1,20260910403
1401,2,set13,alt1,20260910403
1401,2,set36,alt2,20260910403
1401,2,set38,alt2,20260910403
1401,2,set40,alt2,20260910403
1401,2,set44,alt1,20260910403
1401,2,set45,alt2,20260910403
1401,2,set46,alt1,20260910403
1402,3,set3,alt1,20260910404
1402,3,set4,alt2,20260910404
1402,3,set12,alt1,20260910404
1402,3,set22,alt1,20260910404
1402,3,set24,alt1,20260910404
1402,3,set25,alt1,20260910404
1402,3,set28,alt1,20260910404
1402,3,set29,alt1,20260910404
1402,3,set30,alt2,20260910404
1402,3,set31,alt2,20260910404
1402,3,set39,alt2,20260910404
1402,3,set47,alt2,20260910404
1403,3,set3,alt1,20260910405
1403,3,set4,alt2,20260910405
1403,3,set12,alt1,20260910405
1403,3,set22,alt1,20260910405
1403,3,set24,alt1,20260910405
1403,3,set25,alt1,20260910405
1403,3,set28,alt1,20260910405
1403,3,set29,alt1,20260910405
1403,3,set30,alt2,20260910405
1403,3,set31,alt2,20260910405
1403,3,set39,alt2,20260910405
1403,3,set47,alt2,20260910405
1404,2,set1,alt2,20260910406
1404,2,set2,alt1,20260910406
1404,2,set7,alt1,20260910406
1404,2,set8,alt1,20260910406
1404,2,set10,alt1,20260910406
1404,2,set13,alt1,20260910406
1404,2,set36,alt2,20260910406
1404,2,set38,alt2,20260910406
1404,2,set40,alt2,20260910406
1404,2,set44,alt1,20260910406
1404,2,set45,alt2,20260910406
1404,2,set46,alt1,20260910406
1405,4,set14,alt1,20260910407
1405,4,set15,alt2,20260910407
1405,4,set16,alt2,20260910407
1405,4,set17,alt2,20260910407
1405,4,set20,alt1,20260910407
1405,4,set21,alt1,20260910407
1405,4,set23,alt1,20260910407
1405,4,set26,alt1,20260910407
1405,4,set27,alt1,20260910407
1405,4,set32,alt1,20260910407
1405,4,set34,alt2,20260910407
1405,4,set43,alt2,20260910407
1406,2,set1,alt2,20260910408
1406,2,set2,alt1,20260910408
1406,2,set7,alt1,20260910408
1406,2,set8,alt1,20260910408
1406,2,set10,alt2,20260910408
1406,2,set13,alt1,20260910408
1406,2,set36,alt2,20260910408
1406,2,set38,alt2,20260910408
1406,2,set40,alt2,20260910408
1406,2,set44,alt1,20260910408
1406,2,set45,alt2,20260910408
1406,2,set46,alt1,20260910408
1407,4,set14,alt1,20260910409
1407,4,set15,alt2,20260910409
1407,4,set16,alt2,20260910409
1407,4,set17,alt2,20260910409
1407,4,set20,alt1,20260910409
1407,4,set21,alt1,20260910409
1407,4,set23,alt1,20260910409
1407,4,set26,alt1,20260910409
1407,4,set27,alt1,20260910409
1407,4,set32,alt1,20260910409
1407,4,set34,alt2,20260910409
1407,4,set43,alt2,20260910409
1408,3,set3,alt1,20260910410
1408,3,set4,alt2,20260910410
1408,3,set12,alt1,20260910410
1408,3,set22,alt1,20260910410
1408,3,set24,alt1,20260910410
1408,3,set25,alt1,20260910410
1408,3,set28,alt1,20260910410
1408,3,set29,alt1,20260910410
1408,3,set30,alt2,20260910410
1408,3,set31,alt2,20260910410
1408,3,set39,alt2,20260910410
1408,3,set47,alt2,20260910410
1409,2,set1,alt2,20260910411
1409,2,set2,alt1,20260910411
1409,2,set7,alt1,20260910411
1409,2,set8,alt1,20260910411
1409,2,set10,alt2,20260910411
1409,2,set13,alt1,20260910411
1409,2,set36,alt2,20260910411
1409,2,set38,alt2,20260910411
1409,2,set40,alt2,20260910411
1409,2,set44,alt2,20260910411
1409,2,set45,alt2,20260910411
1409,2,set46,alt2,20260910411
1410,1,set5,alt1,20260910412
1410,1,set6,alt1,20260910412
1410,1,set9,alt1,20260910412
1410,1,set11,alt2,20260910412
1410,1,set18,alt1,20260910412
1410,1,set19,alt1,20260910412
1410,1,set33,alt2,20260910412
1410,1,set35,alt2,20260910412
1410,1,set37,alt1,20260910412
1410,1,set41,alt1,20260910412
1410,1,set42,alt2,20260910412
1410,1,set48,alt2,20260910412
1411,2,set1,alt2,20260910413
1411,2,set2,alt1,20260910413
1411,2,set7,alt1,20260910413
1411,2,set8,alt1,20260910413
1411,2,set10,alt1,20260910413
1411,2,set13,alt1,20260910413
1411,2,set36,alt2,20260910413
1411,2,set38,alt2,20260910413
1411,2,set40,alt2,20260910413
1411,2,set44,alt1,20260910413
1411,2,set45,alt2,20260910413
1411,2,set46,alt1,20260910413
1412,3,set3,alt1,20260910414
1412,3,set4,alt2,20260910414
1412,3,set12,alt1,20260910414
1412,3,set22,alt1,20260910414
1412,3,set24,alt1,20260910414
1412,3,set25,alt1,20260910414
1412,3,set28,alt1,20260910414
1412,3,set29,alt1,20260910414
1412,3,set30,alt2,20260910414
1412,3,set31,alt2,20260910414
1412,3,set39,alt2,20260910414
1412,3,set47,alt2,20260910414
1413,1,set5,alt2,20260910415
1413,1,set6,alt1,20260910415
1413,1,set9,alt2,20260910415
1413,1,set11,alt2,20260910415
1413,1,set18,alt2,20260910415
1413,1,set19,alt2,20260910415
1413,1,set33,alt1,20260910415
1413,1,set35,alt2,20260910415
1413,1,set37,alt1,20260910415
1413,1,set41,alt1,20260910415
1413,1,set42,alt2,20260910415
1413,1,set48,alt2,20260910415
1414,3,set3,alt1,20260910416
1414,3,set4,alt2,20260910416
1414,3,set12,alt1,20260910416
1414,3,set22,alt1,20260910416
1414,3,set24,alt1,20260910416
1414,3,set25,alt1,20260910416
1414,3,set28,alt1,20260910416
1414,3,set29,alt1,20260910416
1414,3,set30,alt2,20260910416
1414,3,set31,alt2,20260910416
1414,3,set39,alt2,20260910416
1414,3,set47,alt2,20260910416
1415,1,set5,alt2,20260910417
1415,1,set6,alt1,20260910417
1415,1,set9,alt2,20260910417
1415,1,set11,alt2,20260910417
1415,1,set18,alt2,20260910417
1415,1,set19,alt2,20260910417
1415,1,set33,alt1,20260910417
1415,1,set35,alt2,20260910417
1415,1,set37,alt1,20260910417
1415,1,set41,alt1,20260910417
1415,1,set42,alt2,20260910417
1415,1,set48,alt2,20260910417
1416,1,set5,alt2,20260910418
1416,1,set6,alt2,20260910418
1416,1,set9,alt2,20260910418
1416,1,set11,alt2,20260910418
1416,1,set18,alt2,20260910418
1416,1,set19,alt2,20260910418
1416,1,set33,alt1,20260910418
1416,1,set35,alt2,20260910418
1416,1,set37,alt1,20260910418
1416,1,set41,alt2,20260910418
1416,1,set42,alt2,20260910418
1416,1,set48,alt2,20260910418
1417,4,set14,alt1,20260910419
1417,4,set15,alt2,20260910419
1417,4,set16,alt1,20260910419
1417,4,set17,alt2,20260910419
1417,4,set20,alt1,20260910419
1417,4,set21,alt1,20260910419
1417,4,set23,alt1,20260910419
1417,4,set26,alt1,20260910419
1417,4,set27,alt1,20260910419
1417,4,set32,alt1,20260910419
1417,4,set34,alt1,20260910419
1417,4,set43,alt1,20260910419
1418,2,set1,alt2,20260910420
1418,2,set2,alt1,20260910420
1418,2,set7,alt1,20260910420
1418,2,set8,alt1,20260910420
1418,2,set10,alt2,20260910420
1418,2,set13,alt1,20260910420
1418,2,set36,alt2,20260910420
1418,2,set38,alt2,20260910420
1418,2,set40,alt2,20260910420
1418,2,set44,alt1,20260910420
1418,2,set45,alt2,20260910420
1418,2,set46,alt1,20260910420
1419,3,set3,alt1,20260910421
1419,3,set4,alt2,20260910421
1419,3,set12,alt1,20260910421
1419,3,set22,alt1,20260910421
1419,3,set24,alt1,20260910421
1419,3,set25,alt1,20260910421
1419,3,set28,alt1,20260910421
1419,3,set29,alt1,20260910421
1419,3,set30,alt2,20260910421
1419,3,set31,alt2,20260910421
1419,3,set39,alt2,20260910421
1419,3,set47,alt2,20260910421
1420,1,set5,alt2,20260910422
1420,1,set6,alt2,20260910422
1420,1,set9,alt2,20260910422
1420,1,set11,alt2,20260910422
1420,1,set18,alt2,20260910422
1420,1,set19,alt2,20260910422
1420,1,set33,alt1,20260910422
1420,1,set35,alt2,20260910422
1420,1,set37,alt1,20260910422
1420,1,set41,alt2,20260910422
1420,1,set42,alt2,20260910422
1420,1,set48,alt2,20260910422
1421,4,set14,alt1,20260910423
1421,4,set15,alt2,20260910423
1421,4,set16,alt2,20260910423
1421,4,set17,alt2,20260910423
1421,4,set20,alt1,20260910423
1421,4,set21,alt1,20260910423
1421,4,set23,alt1,20260910423
1421,4,set26,alt1,20260910423
1421,4,set27,alt1,20260910423
1421,4,set32,alt1,20260910423
1421,4,set34,alt2,20260910423
1421,4,set43,alt2,20260910423
1422,1,set5,alt1,20260910424
1422,1,set6,alt2,20260910424
1422,1,set9,alt1,20260910424
1422,1,set11,alt2,20260910424
1422,1,set18,alt1,20260910424
1422,1,set19,alt2,20260910424
1422,1,set33,alt1,20260910424
1422,1,set35,alt2,20260910424
1422,1,set37,alt1,20260910424
1422,1,set41,alt1,20260910424
1422,1,set42,alt1,20260910424
1422,1,set48,alt2,20260910424
1423,1,set5,alt2,20260910425
1423,1,set6,alt1,20260910425
1423,1,set9,alt2,20260910425
1423,1,set11,alt2,20260910425
1423,1,set18,alt2,20260910425
1423,1,set19,alt2,20260910425
1423,1,set33,alt1,20260910425
1423,1,set35,alt2,20260910425
1423,1,set37,alt1,20260910425
1423,1,set41,alt1,20260910425
1423,1,set42,alt2,20260910425
1423,1,set48,alt2,20260910425
1424,3,set3,alt2,20260910426
1424,3,set4,alt1,20260910426
1424,3,set12,alt1,20260910426
1424,3,set22,alt1,20260910426
1424,3,set24,alt1,20260910426
1424,3,set25,alt2,20260910426
1424,3,set28,alt2,20260910426
1424,3,set29,alt1,20260910426
1424,3,set30,alt1,20260910426
1424,3,set31,alt2,20260910426
1424,3,set39,alt1,20260910426
1424,3,set47,alt1,20260910426
1425,4,set14,alt1,20260910427
1425,4,set15,alt2,20260910427
1425,4,set16,alt2,20260910427
1425,4,set17,alt2,20260910427
1425,4,set20,alt1,20260910427
1425,4,set21,alt1,20260910427
1425,4,set23,alt1,20260910427
1425,4,set26,alt1,20260910427
1425,4,set27,alt1,20260910427
1425,4,set32,alt1,20260910427
1425,4,set34,alt2,20260910427
1425,4,set43,alt2,20260910427
1426,2,set1,alt2,20260910428
1426,2,set2,alt1,20260910428
1426,2,set7,alt1,20260910428
1426,2,set8,alt1,20260910428
1426,2,set10,alt2,20260910428
1426,2,set13,alt1,20260910428
1426,2,set36,alt2,20260910428
1426,2,set38,alt2,20260910428
1426,2,set40,alt2,20260910428
1426,2,set44,alt1,20260910428
1426,2,set45,alt2,20260910428
1426,2,set46,alt1,20260910428
1427,3,set3,alt2,20260910429
1427,3,set4,alt1,20260910429
1427,3,set12,alt1,20260910429
1427,3,set22,alt2,20260910429
1427,3,set24,alt1,20260910429
1427,3,set25,alt2,20260910429
1427,3,set28,alt2,20260910429
1427,3,set29,alt1,20260910429
1427,3,set30,alt2,20260910429
1427,3,set31,alt1,20260910429
1427,3,set39,alt1,20260910429
1427,3,set47,alt2,20260910429
1428,3,set3,alt1,20260910430
1428,3,set4,alt2,20260910430
1428,3,set12,alt1,20260910430
1428,3,set22,alt1,20260910430
1428,3,set24,alt1,20260910430
1428,3,set25,alt1,20260910430
1428,3,set28,alt1,20260910430
1428,3,set29,alt1,20260910430
1428,3,set30,alt2,20260910430
1428,3,set31,alt2,20260910430
1428,3,set39,alt2,20260910430
1428,3,set47,alt2,20260910430
1429,4,set14,alt1,20260910431
1429,4,set15,alt2,20260910431
1429,4,set16,alt1,20260910431
1429,4,set17,alt2,20260910431
1429,4,set20,alt1,20260910431
1429,4,set21,alt1,20260910431
1429,4,set23,alt1,20260910431
1429,4,set26,alt1,20260910431
1429,4,set27,alt1,20260910431
1429,4,set32,alt1,20260910431
1429,4,set34,alt1,20260910431
1429,4,set43,alt1,20260910431
1430,3,set3,alt1,20260910432
1430,3,set4,alt2,20260910432
1430,3,set12,alt1,20260910432
1430,3,set22,alt1,20260910432
1430,3,set24,alt1,20260910432
1430,3,set25,alt1,20260910432
1430,3,set28,alt1,20260910432
1430,3,set29,alt1,20260910432
1430,3,set30,alt2,20260910432
1430,3,set31,alt2,20260910432
1430,3,set39,alt2,20260910432
1430,3,set47,alt2,20260910432
1431,2,set1,alt2,20260910433
1431,2,set2,alt1,20260910433
1431,2,set7,alt1,20260910433
1431,2,set8,alt1,20260910433
1431,2,set10,alt1,20260910433
1431,2,set13,alt1,20260910433
1431,2,set36,alt2,20260910433
1431,2,set38,alt2,20260910433
1431,2,set40,alt2,20260910433
1431,2,set44,alt1,20260910433
1431,2,set45,alt2,20260910433
1431,2,set46,alt1,20260910433
1432,1,set5,alt2,20260910434
1432,1,set6,alt2,20260910434
1432,1,set9,alt2,20260910434
1432,1,set11,alt2,20260910434
1432,1,set18,alt2,20260910434
1432,1,set19,alt2,20260910434
1432,1,set33,alt1,20260910434
1432,1,set35,alt2,20260910434
1432,1,set37,alt1,20260910434
1432,1,set41,alt2,20260910434
1432,1,set42,alt2,20260910434
1432,1,set48,alt2,20260910434
1433,2,set1,alt2,20260910435
1433,2,set2,alt1,20260910435
1433,2,set7,alt1,20260910435
1433,2,set8,alt1,20260910435
1433,2,set10,alt1,20260910435
1433,2,set13,alt1,20260910435
1433,2,set36,alt2,20260910435
1433,2,set38,alt2,20260910435
1433,2,set40,alt2,20260910435
1433,2,set44,alt1,20260910435
1433,2,set45,alt2,20260910435
1433,2,set46,alt1,20260910435
1434,1,set5,alt2,20260910436
1434,1,set6,alt2,20260910436
1434,1,set9,alt2,20260910436
1434,1,set11,alt2,20260910436
1434,1,set18,alt2,20260910436
1434,1,set19,alt1,20260910436
1434,1,set33,alt1,20260910436
1434,1,set35,alt2,20260910436
1434,1,set37,alt1,20260910436
1434,1,set41,alt2,20260910436
1434,1,set42,alt2,20260910436
1434,1,set48,alt2,20260910436
1435,4,set14,alt1,20260910437
1435,4,set15,alt2,20260910437
1435,4,set16,alt1,20260910437
1435,4,set17,alt2,20260910437
1435,4,set20,alt1,20260910437
1435,4,set21,alt1,20260910437
1435,4,set23,alt1,20260910437
1435,4,set26,alt1,20260910437
1435,4,set27,alt1,20260910437
1435,4,set32,alt1,20260910437
1435,4,set34,alt1,20260910437
1435,4,set43,alt1,20260910437
1436,2,set1,alt2,20260910438
1436,2,set2,alt1,20260910438
1436,2,set7,alt1,20260910438
1436,2,set8,alt1,20260910438
1436,2,set10,alt1,20260910438
1436,2,set13,alt1,20260910438
1436,2,set36,alt2,20260910438
1436,2,set38,alt2,20260910438
1436,2,set40,alt2,20260910438
1436,2,set44,alt1,20260910438
1436,2,set45,alt2,20260910438
1436,2,set46,alt1,20260910438
1437,4,set14,alt1,20260910439
1437,4,set15,alt2,20260910439
1437,4,set16,alt1,20260910439
1437,4,set17,alt2,20260910439
1437,4,set20,alt1,20260910439
1437,4,set21,alt1,20260910439
1437,4,set23,alt1,20260910439
1437,4,set26,alt1,20260910439
1437,4,set27,alt1,20260910439
1437,4,set32,alt1,20260910439
1437,4,set34,alt1,20260910439
1437,4,set43,alt1,20260910439
1438,2,set1,alt2,20260910440
1438,2,set2,alt1,20260910440
1438,2,set7,alt1,20260910440
1438,2,set8,alt1,20260910440
1438,2,set10,alt2,20260910440
1438,2,set13,alt1,20260910440
1438,2,set36,alt2,20260910440
1438,2,set38,alt2,20260910440
1438,2,set40,alt2,20260910440
1438,2,set44,alt1,20260910440
1438,2,set45,alt2,20260910440
1438,2,set46,alt1,20260910440
1439,3,set3,alt1,20260910441
1439,3,set4,alt2,20260910441
1439,3,set12,alt1,20260910441
1439,3,set22,alt1,20260910441
1439,3,set24,alt1,20260910441
1439,3,set25,alt1,20260910441
1439,3,set28,alt1,20260910441
1439,3,set29,alt1,20260910441
1439,3,set30,alt2,20260910441
1439,3,set31,alt2,20260910441
1439,3,set39,alt2,20260910441
1439,3,set47,alt2,20260910441
1440,1,set5,alt2,20260910442
1440,1,set6,alt2,20260910442
1440,1,set9,alt2,20260910442
1440,1,set11,alt2,20260910442
1440,1,set18,alt2,20260910442
1440,1,set19,alt2,20260910442
1440,1,set33,alt1,20260910442
1440,1,set35,alt2,20260910442
1440,1,set37,alt1,20260910442
1440,1,set41,alt2,20260910442
1440,1,set42,alt2,20260910442
1440,1,set48,alt2,20260910442
1441,2,set1,alt2,20260910443
1441,2,set2,alt1,20260910443
1441,2,set7,alt2,20260910443
1441,2,set8,alt1,20260910443
1441,2,set10,alt2,20260910443
1441,2,set13,alt1,20260910443
1441,2,set36,alt2,20260910443
1441,2,set38,alt1,20260910443
1441,2,set40,alt2,20260910443
1441,2,set44,alt2,20260910443
1441,2,set45,alt2,20260910443
1441,2,set46,alt2,20260910443
1442,4,set14,alt2,20260910444
1442,4,set15,alt2,20260910444
1442,4,set16,alt1,20260910444
1442,4,set17,alt1,20260910444
1442,4,set20,alt1,20260910444
1442,4,set21,alt1,20260910444
1442,4,set23,alt1,20260910444
1442,4,set26,alt1,20260910444
1442,4,set27,alt2,20260910444
1442,4,set32,alt1,20260910444
1442,4,set34,alt2,20260910444
1442,4,set43,alt1,20260910444
1443,4,set14,alt1,20260910445
1443,4,set15,alt2,20260910445
1443,4,set16,alt1,20260910445
1443,4,set17,alt2,20260910445
1443,4,set20,alt1,20260910445
1443,4,set21,alt1,20260910445
1443,4,set23,alt1,20260910445
1443,4,set26,alt1,20260910445
1443,4,set27,alt1,20260910445
1443,4,set32,alt1,20260910445
1443,4,set34,alt1,20260910445
1443,4,set43,alt1,20260910445
1444,4,set14,alt1,20260910446
1444,4,set15,alt1,20260910446
1444,4,set16,alt1,20260910446
1444,4,set17,alt1,20260910446
1444,4,set20,alt1,20260910446
1444,4,set21,alt1,20260910446
1444,4,set23,alt1,20260910446
1444,4,set26,alt1,20260910446
1444,4,set27,alt1,20260910446
1444,4,set32,alt1,20260910446
1444,4,set34,alt2,20260910446
1444,4,set43,alt1,20260910446
1445,1,set5,alt2,20260910447
1445,1,set6,alt2,20260910447
1445,1,set9,alt2,20260910447
1445,1,set11,alt2,20260910447
1445,1,set18,alt2,20260910447
1445,1,set19,alt2,20260910447
1445,1,set33,alt1,20260910447
1445,1,set35,alt2,20260910447
1445,1,set37,alt1,20260910447
1445,1,set41,alt2,20260910447
1445,1,set42,alt2,20260910447
1445,1,set48,alt2,20260910447
1446,4,set14,alt2,20260910448
1446,4,set15,alt2,20260910448
1446,4,set16,alt1,20260910448
1446,4,set17,alt1,20260910448
1446,4,set20,alt1,20260910448
1446,4,set21,alt1,20260910448
1446,4,set23,alt1,20260910448
1446,4,set26,alt1,20260910448
1446,4,set27,alt2,20260910448
1446,4,set32,alt1,20260910448
1446,4,set34,alt2,20260910448
1446,4,set43,alt1,20260910448
1447,2,set1,alt2,20260910449
1447,2,set2,alt1,20260910449
1447,2,set7,alt1,20260910449
1447,2,set8,alt1,20260910449
1447,2,set10,alt2,20260910449
1447,2,set13,alt1,20260910449
1447,2,set36,alt2,20260910449
1447,2,set38,alt2,20260910449
1447,2,set40,alt2,20260910449
1447,2,set44,alt1,20260910449
1447,2,set45,alt2,20260910449
1447,2,set46,alt1,20260910449
1448,1,set5,alt2,20260910450
1448,1,set6,alt1,20260910450
1448,1,set9,alt2,20260910450
1448,1,set11,alt2,20260910450
1448,1,set18,alt2,20260910450
1448,1,set19,alt2,20260910450
1448,1,set33,alt1,20260910450
1448,1,set35,alt2,20260910450
1448,1,set37,alt1,20260910450
1448,1,set41,alt1,20260910450
1448,1,set42,alt2,20260910450
1448,1,set48,alt2,20260910450
1449,4,set14,alt1,20260910451
1449,4,set15,alt2,20260910451
1449,4,set16,alt2,20260910451
1449,4,set17,alt2,20260910451
1449,4,set20,alt1,20260910451
1449,4,set21,alt1,20260910451
1449,4,set23,alt1,20260910451
1449,4,set26,alt1,20260910451
1449,4,set27,alt1,20260910451
1449,4,set32,alt1,20260910451
1449,4,set34,alt2,20260910451
1449,4,set43,alt2,20260910451
1450,1,set5,alt2,20260910452
1450,1,set6,alt1,20260910452
1450,1,set9,alt2,20260910452
1450,1,set11,alt2,20260910452
1450,1,set18,alt2,20260910452
1450,1,set19,alt2,20260910452
1450,1,set33,alt1,20260910452
1450,1,set35,alt2,20260910452
1450,1,set37,alt1,20260910452
1450,1,set41,alt1,20260910452
1450,1,set42,alt2,20260910452
1450,1,set48,alt2,20260910452
1451,3,set3,alt1,20260910453
1451,3,set4,alt2,20260910453
1451,3,set12,alt1,20260910453
1451,3,set22,alt1,20260910453
1451,3,set24,alt1,20260910453
1451,3,set25,alt1,20260910453
1451,3,set28,alt1,20260910453
1451,3,set29,alt1,20260910453
1451,3,set30,alt2,20260910453
1451,3,set31,alt2,20260910453
1451,3,set39,alt2,20260910453
1451,3,set47,alt2,20260910453
1452,4,set14,alt2,20260910454
1452,4,set15,alt2,20260910454
1452,4,set16,alt1,20260910454
1452,4,set17,alt1,20260910454
1452,4,set20,alt1,20260910454
1452,4,set21,alt2,20260910454
1452,4,set23,alt1,20260910454
1452,4,set26,alt1,20260910454
1452,4,set27,alt2,20260910454
1452,4,set32,alt1,20260910454
1452,4,set34,alt2,20260910454
1452,4,set43,alt2,20260910454
1453,3,set3,alt1,20260910455
1453,3,set4,alt2,20260910455
1453,3,set12,alt1,20260910455
1453,3,set22,alt1,20260910455
1453,3,set24,alt1,20260910455
1453,3,set25,alt1,20260910455
1453,3,set28,alt1,20260910455
1453,3,set29,alt1,20260910455
1453,3,set30,alt2,20260910455
1453,3,set31,alt2,20260910455
1453,3,set39,alt2,20260910455
1453,3,set47,alt2,20260910455
1454,3,set3,alt1,20260910456
1454,3,set4,alt2,20260910456
1454,3,set12,alt1,20260910456
1454,3,set22,alt1,20260910456
1454,3,set24,alt1,20260910456
1454,3,set25,alt1,20260910456
1454,3,set28,alt1,20260910456
1454,3,set29,alt1,20260910456
1454,3,set30,alt2,20260910456
1454,3,set31,alt2,20260910456
1454,3,set39,alt2,20260910456
1454,3,set47,alt2,20260910456
1455,4,set14,alt2,20260910457
1455,4,set15,alt2,20260910457
1455,4,set16,alt1,20260910457
1455,4,set17,alt1,20260910457
1455,4,set20,alt1,20260910457
1455,4,set21,alt1,20260910457
1455,4,set23,alt1,20260910457
1455,4,set26,alt1,20260910457
1455,4,set27,alt2,20260910457
1455,4,set32,alt1,20260910457
1455,4,set34,alt2,20260910457
1455,4,set43,alt1,20260910457
1456,1,set5,alt2,20260910458
1456,1,set6,alt1,20260910458
1456,1,set9,alt2,20260910458
1456,1,set11,alt2,20260910458
1456,1,set18,alt2,20260910458
1456,1,set19,alt2,20260910458
1456,1,set33,alt1,20260910458
1456,1,set35,alt2,20260910458
1456,1,set37,alt1,20260910458
1456,1,set41,alt1,20260910458
1456,1,set42,alt2,20260910458
1456,1,set48,alt2,20260910458
1457,3,set3,alt2,20260910459
1457,3,set4,alt2,20260910459
1457,3,set12,alt1,20260910459
1457,3,set22,alt2,20260910459
1457,3,set24,alt1,20260910459
1457,3,set25,alt1,20260910459
1457,3,set28,alt1,20260910459
1457,3,set29,alt1,20260910459
1457,3,set30,alt2,20260910459
1457,3,set31,alt2,20260910459
1457,3,set39,alt2,20260910459
1457,3,set47,alt2,20260910459
1458,3,set3,alt1,20260910460
1458,3,set4,alt2,20260910460
1458,3,set12,alt1,20260910460
1458,3,set22,alt1,20260910460
1458,3,set24,alt1,20260910460
1458,3,set25,alt1,20260910460
1458,3,set28,alt1,20260910460
1458,3,set29,alt1,20260910460
1458,3,set30,alt2,20260910460
1458,3,set31,alt2,20260910460
1458,3,set39,alt2,20260910460
1458,3,set47,alt2,20260910460
1459,4,set14,alt1,20260910461
1459,4,set15,alt2,20260910461
1459,4,set16,alt2,20260910461
1459,4,set17,alt2,20260910461
1459,4,set20,alt1,20260910461
1459,4,set21,alt1,20260910461
1459,4,set23,alt1,20260910461
1459,4,set26,alt1,20260910461
1459,4,set27,alt1,20260910461
1459,4,set32,alt1,20260910461
1459,4,set34,alt2,20260910461
1459,4,set43,alt2,20260910461
1460,1,set5,alt2,20260910462
1460,1,set6,alt2,20260910462
1460,1,set9,alt2,20260910462
1460,1,set11,alt2,20260910462
1460,1,set18,alt2,20260910462
1460,1,set19,alt2,20260910462
1460,1,set33,alt1,20260910462
1460,1,set35,alt2,20260910462
1460,1,set37,alt1,20260910462
1460,1,set41,alt2,20260910462
1460,1,set42,alt2,20260910462
1460,1,set48,alt2,20260910462
1461,1,set5,alt2,20260910463
1461,1,set6,alt2,20260910463
1461,1,set9,alt2,20260910463
1461,1,set11,alt2,20260910463
1461,1,set18,alt2,20260910463
1461,1,set19,alt2,20260910463
1461,1,set33,alt1,20260910463
1461,1,set35,alt2,20260910463
1461,1,set37,alt1,20260910463
1461,1,set41,alt2,20260910463
1461,1,set42,alt2,20260910463
1461,1,set48,alt2,20260910463
1462,1,set5,alt2,20260910464
1462,1,set6,alt1,20260910464
1462,1,set9,alt2,20260910464
1462,1,set11,alt2,20260910464
1462,1,set18,alt2,20260910464
1462,1,set19,alt2,20260910464
1462,1,set33,alt1,20260910464
1462,1,set35,alt2,20260910464
1462,1,set37,alt1,20260910464
1462,1,set41,alt1,20260910464
1462,1,set42,alt2,20260910464
1462,1,set48,alt2,20260910464
1463,4,set14,alt1,20260910465
1463,4,set15,alt2,20260910465
1463,4,set16,alt1,20260910465
1463,4,set17,alt2,20260910465
1463,4,set20,alt1,20260910465
1463,4,set21,alt1,20260910465
1463,4,set23,alt1,20260910465
1463,4,set26,alt1,20260910465
1463,4,set27,alt1,20260910465
1463,4,set32,alt1,20260910465
1463,4,set34,alt1,20260910465
1463,4,set43,alt1,20260910465
1464,3,set3,alt1,20260910466
1464,3,set4,alt2,20260910466
1464,3,set12,alt1,20260910466
1464,3,set22,alt1,20260910466
1464,3,set24,alt1,20260910466
1464,3,set25,alt1,20260910466
1464,3,set28,alt1,20260910466
1464,3,set29,alt1,20260910466
1464,3,set30,alt2,20260910466
1464,3,set31,alt2,20260910466
1464,3,set39,alt2,20260910466
1464,3,set47,alt2,20260910466
1465,2,set1,alt2,20260910467
1465,2,set2,alt1,20260910467
1465,2,set7,alt1,20260910467
1465,2,set8,alt1,20260910467
1465,2,set10,alt1,20260910467
1465,2,set13,alt1,20260910467
1465,2,set36,alt2,20260910467
1465,2,set38,alt2,20260910467
1465,2,set40,alt2,20260910467
1465,2,set44,alt1,20260910467
1465,2,set45,alt2,20260910467
1465,2,set46,alt1,20260910467
1466,3,set3,alt1,20260910468
1466,3,set4,alt2,20260910468
1466,3,set12,alt1,20260910468
1466,3,set22,alt1,20260910468
1466,3,set24,alt1,20260910468
1466,3,set25,alt1,20260910468
1466,3,set28,alt1,20260910468
1466,3,set29,alt1,20260910468
1466,3,set30,alt2,20260910468
1466,3,set31,alt2,20260910468
1466,3,set39,alt2,20260910468
1466,3,set47,alt2,20260910468
1467,2,set1,alt2,20260910469
1467,2,set2,alt1,20260910469
1467,2,set7,alt1,20260910469
1467,2,set8,alt1,20260910469
1467,2,set10,alt1,20260910469
1467,2,set13,alt1,20260910469
1467,2,set36,alt2,20260910469
1467,2,set38,alt2,20260910469
1467,2,set40,alt2,20260910469
1467,2,set44,alt1,20260910469
1467,2,set45,alt2,20260910469
1467,2,set46,alt1,20260910469
1468,2,set1,alt2,20260910470
1468,2,set2,alt1,20260910470
1468,2,set7,alt1,20260910470
1468,2,set8,alt1,20260910470
1468,2,set10,alt2,20260910470
1468,2,set13,alt1,20260910470
1468,2,set36,alt2,20260910470
1468,2,set38,alt2,20260910470
1468,2,set40,alt2,20260910470
1468,2,set44,alt1,20260910470
1468,2,set45,alt2,20260910470
1468,2,set46,alt1,20260910470
1469,4,set14,alt1,20260910471
1469,4,set15,alt2,20260910471
1469,4,set16,alt2,20260910471
1469,4,set17,alt2,20260910471
1469,4,set20,alt1,20260910471
1469,4,set21,alt1,20260910471
1469,4,set23,alt1,20260910471
1469,4,set26,alt1,20260910471
1469,4,set27,alt1,20260910471
1469,4,set32,alt1,20260910471
1469,4,set34,alt2,20260910471
1469,4,set43,alt2,20260910471
1470,1,set5,alt2,20260910472
1470,1,set6,alt2,20260910472
1470,1,set9,alt2,20260910472
1470,1,set11,alt2,20260910472
1470,1,set18,alt1,20260910472
1470,1,set19,alt2,20260910472
1470,1,set33,alt1,20260910472
1470,1,set35,alt2,20260910472
1470,1,set37,alt1,20260910472
1470,1,set41,alt1,20260910472
1470,1,set42,alt2,20260910472
1470,1,set48,alt2,20260910472
1471,3,set3,alt2,20260910473
1471,3,set4,alt1,20260910473
1471,3,set12,alt1,20260910473
1471,3,set22,alt1,20260910473
1471,3,set24,alt1,20260910473
1471,3,set25,alt2,20260910473
1471,3,set28,alt2,20260910473
1471,3,set29,alt1,20260910473
1471,3,set30,alt1,20260910473
1471,3,set31,alt2,20260910473
1471,3,set39,alt1,20260910473
1471,3,set47,alt1,20260910473
1472,1,set5,alt2,20260910474
1472,1,set6,alt2,20260910474
1472,1,set9,alt2,20260910474
1472,1,set11,alt2,20260910474
1472,1,set18,alt2,20260910474
1472,1,set19,alt2,20260910474
1472,1,set33,alt1,20260910474
1472,1,set35,alt2,20260910474
1472,1,set37,alt1,20260910474
1472,1,set41,alt2,20260910474
1472,1,set42,alt2,20260910474
1472,1,set48,alt2,20260910474
1473,3,set3,alt1,20260910475
1473,3,set4,alt2,20260910475
1473,3,set12,alt1,20260910475
1473,3,set22,alt1,20260910475
1473,3,set24,alt1,20260910475
1473,3,set25,alt1,20260910475
1473,3,set28,alt1,20260910475
1473,3,set29,alt1,20260910475
1473,3,set30,alt2,20260910475
1473,3,set31,alt2,20260910475
1473,3,set39,alt2,20260910475
1473,3,set47,alt2,20260910475
1474,3,set3,alt2,20260910476
1474,3,set4,alt1,20260910476
1474,3,set12,alt1,20260910476
1474,3,set22,alt1,20260910476
1474,3,set24,alt1,20260910476
1474,3,set25,alt2,20260910476
1474,3,set28,alt2,20260910476
1474,3,set29,alt1,20260910476
1474,3,set30,alt1,20260910476
1474,3,set31,alt2,20260910476
1474,3,set39,alt1,20260910476
1474,3,set47,alt1,20260910476
1475,1,set5,alt2,20260910477
1475,1,set6,alt2,20260910477
1475,1,set9,alt2,20260910477
1475,1,set11,alt2,20260910477
1475,1,set18,alt2,20260910477
1475,1,set19,alt2,20260910477
1475,1,set33,alt1,20260910477
1475,1,set35,alt2,20260910477
1475,1,set37,alt1,20260910477
1475,1,set41,alt2,20260910477
1475,1,set42,alt2,20260910477
1475,1,set48,alt2,20260910477
1476,2,set1,alt2,20260910478
1476,2,set2,alt1,20260910478
1476,2,set7,alt1,20260910478
1476,2,set8,alt1,20260910478
1476,2,set10,alt1,20260910478
1476,2,set13,alt1,20260910478
1476,2,set36,alt2,20260910478
1476,2,set38,alt2,20260910478
1476,2,set40,alt2,20260910478
1476,2,set44,alt1,20260910478
1476,2,set45,alt2,20260910478
1476,2,set46,alt1,20260910478
1477,1,set5,alt2,20260910479
1477,1,set6,alt2,20260910479
1477,1,set9,alt2,20260910479
1477,1,set11,alt2,20260910479
1477,1,set18,alt2,20260910479
1477,1,set19,alt2,20260910479
1477,1,set33,alt1,20260910479
1477,1,set35,alt2,20260910479
1477,1,set37,alt1,20260910479
1477,1,set41,alt2,20260910479
1477,1,set42,alt2,20260910479
1477,1,set48,alt2,20260910479
1478,2,set1,alt2,20260910480
1478,2,set2,alt1,20260910480
1478,2,set7,alt1,20260910480
1478,2,set8,alt1,20260910480
1478,2,set10,alt1,20260910480
1478,2,set13,alt1,20260910480
1478,2,set36,alt2,20260910480
1478,2,set38,alt2,20260910480
1478,2,set40,alt2,20260910480
1478,2,set44,alt1,20260910480
1478,2,set45,alt2,20260910480
1478,2,set46,alt1,20260910480
1479,3,set3,alt2,20260910481
1479,3,set4,alt2,20260910481
1479,3,set12,alt1,20260910481
1479,3,set22,alt2,20260910481
1479,3,set24,alt1,20260910481
1479,3,set25,alt1,20260910481
1479,3,set28,alt1,20260910481
1479,3,set29,alt1,20260910481
1479,3,set30,alt2,20260910481
1479,3,set31,alt2,20260910481
1479,3,set39,alt2,20260910481
1479,3,set47,alt2,20260910481
1480,3,set3,alt2,20260910482
1480,3,set4,alt1,20260910482
1480,3,set12,alt1,20260910482
1480,3,set22,alt2,20260910482
1480,3,set24,alt1,20260910482
1480,3,set25,alt2,20260910482
1480,3,set28,alt2,20260910482
1480,3,set29,alt1,20260910482
1480,3,set30,alt2,20260910482
1480,3,set31,alt1,20260910482
1480,3,set39,alt1,20260910482
1480,3,set47,alt2,20260910482
1481,2,set1,alt2,20260910483
1481,2,set2,alt1,20260910483
1481,2,set7,alt1,20260910483
1481,2,set8,alt1,20260910483
1481,2,set10,alt1,20260910483
1481,2,set13,alt1,20260910483
1481,2,set36,alt2,20260910483
1481,2,set38,alt2,20260910483
1481,2,set40,alt2,20260910483
1481,2,set44,alt1,20260910483
1481,2,set45,alt2,20260910483
1481,2,set46,alt1,20260910483
1482,1,set5,alt2,20260910484
1482,1,set6,alt1,20260910484
1482,1,set9,alt2,20260910484
1482,1,set11,alt2,20260910484
1482,1,set18,alt2,20260910484
1482,1,set19,alt2,20260910484
1482,1,set33,alt1,20260910484
1482,1,set35,alt2,20260910484
1482,1,set37,alt1,20260910484
1482,1,set41,alt1,20260910484
1482,1,set42,alt2,20260910484
1482,1,set48,alt2,20260910484
1483,2,set1,alt2,20260910485
1483,2,set2,alt1,20260910485
1483,2,set7,alt1,20260910485
1483,2,set8,alt1,20260910485
1483,2,set10,alt1,20260910485
1483,2,set13,alt1,20260910485
1483,2,set36,alt2,20260910485
1483,2,set38,alt2,20260910485
1483,2,set40,alt2,20260910485
1483,2,set44,alt1,20260910485
1483,2,set45,alt2,20260910485
1483,2,set46,alt1,20260910485
1484,3,set3,alt1,20260910486
1484,3,set4,alt2,20260910486
1484,3,set12,alt1,20260910486
1484,3,set22,alt1,20260910486
1484,3,set24,alt1,20260910486
1484,3,set25,alt1,20260910486
1484,3,set28,alt1,20260910486
1484,3,set29,alt1,20260910486
1484,3,set30,alt2,20260910486
1484,3,set31,alt2,20260910486
1484,3,set39,alt2,20260910486
1484,3,set47,alt2,20260910486
1485,4,set14,alt2,20260910487
1485,4,set15,alt2,20260910487
1485,4,set16,alt1,20260910487
1485,4,set17,alt1,20260910487
1485,4,set20,alt1,20260910487
1485,4,set21,alt2,20260910487
1485,4,set23,alt1,20260910487
1485,4,set26,alt1,20260910487
1485,4,set27,alt2,20260910487
1485,4,set32,alt1,20260910487
1485,4,set34,alt2,20260910487
1485,4,set43,alt2,20260910487
1486,3,set3,alt2,20260910488
1486,3,set4,alt2,20260910488
1486,3,set12,alt1,20260910488
1486,3,set22,alt2,20260910488
1486,3,set24,alt1,20260910488
1486,3,set25,alt1,20260910488
1486,3,set28,alt1,20260910488
1486,3,set29,alt1,20260910488
1486,3,set30,alt2,20260910488
1486,3,set31,alt2,20260910488
1486,3,set39,alt2,20260910488
1486,3,set47,alt2,20260910488
1487,2,set1,alt2,20260910489
1487,2,set2,alt1,20260910489
1487,2,set7,alt1,20260910489
1487,2,set8,alt1,20260910489
1487,2,set10,alt1,20260910489
1487,2,set13,alt1,20260910489
1487,2,set36,alt2,20260910489
1487,2,set38,alt2,20260910489
1487,2,set40,alt2,20260910489
1487,2,set44,alt1,20260910489
1487,2,set45,alt2,20260910489
1487,2,set46,alt1,20260910489
1488,2,set1,alt2,20260910490
1488,2,set2,alt1,20260910490
1488,2,set7,alt1,20260910490
1488,2,set8,alt1,20260910490
1488,2,set10,alt1,20260910490
1488,2,set13,alt1,20260910490
1488,2,set36,alt2,20260910490
1488,2,set38,alt2,20260910490
1488,2,set40,alt2,20260910490
1488,2,set44,alt1,20260910490
1488,2,set45,alt2,20260910490
1488,2,set46,alt1,20260910490
1489,2,set1,alt2,20260910491
1489,2,set2,alt1,20260910491
1489,2,set7,alt1,20260910491
1489,2,set8,alt1,20260910491
1489,2,set10,alt1,20260910491
1489,2,set13,alt1,20260910491
1489,2,set36,alt2,20260910491
1489,2,set38,alt2,20260910491
1489,2,set40,alt2,20260910491
1489,2,set44,alt1,20260910491
1489,2,set45,alt2,20260910491
1489,2,set46,alt1,20260910491
1490,3,set3,alt1,20260910492
1490,3,set4,alt2,20260910492
1490,3,set12,alt1,20260910492
1490,3,set22,alt1,20260910492
1490,3,set24,alt1,20260910492
1490,3,set25,alt1,20260910492
1490,3,set28,alt1,20260910492
1490,3,set29,alt1,20260910492
1490,3,set30,alt2,20260910492
1490,3,set31,alt2,20260910492
1490,3,set39,alt2,20260910492
1490,3,set47,alt2,20260910492
1491,4,set14,alt1,20260910493
1491,4,set15,alt2,20260910493
1491,4,set16,alt2,20260910493
1491,4,set17,alt2,20260910493
1491,4,set20,alt1,20260910493
1491,4,set21,alt1,20260910493
1491,4,set23,alt1,20260910493
1491,4,set26,alt1,20260910493
1491,4,set27,alt1,20260910493
1491,4,set32,alt1,20260910493
1491,4,set34,alt2,20260910493
1491,4,set43,alt2,20260910493
1492,1,set5,alt2,20260910494
1492,1,set6,alt2,20260910494
1492,1,set9,alt2,20260910494
1492,1,set11,alt2,20260910494
1492,1,set18,alt2,20260910494
1492,1,set19,alt2,20260910494
1492,1,set33,alt1,20260910494
1492,1,set35,alt2,20260910494
1492,1,set37,alt1,20260910494
1492,1,set41,alt2,20260910494
1492,1,set42,alt2,20260910494
1492,1,set48,alt2,20260910494
1493,4,set14,alt1,20260910495
1493,4,set15,alt2,20260910495
1493,4,set16,alt1,20260910495
1493,4,set17,alt2,20260910495
1493,4,set20,alt1,20260910495
1493,4,set21,alt1,20260910495
1493,4,set23,alt1,20260910495
1493,4,set26,alt1,20260910495
1493,4,set27,alt1,20260910495
1493,4,set32,alt1,20260910495
1493,4,set34,alt1,20260910495
1493,4,set43,alt1,20260910495
1494,2,set1,alt2,20260910496
1494,2,set2,alt1,20260910496
1494,2,set7,alt1,20260910496
1494,2,set8,alt1,20260910496
1494,2,set10,alt1,20260910496
1494,2,set13,alt1,20260910496
1494,2,set36,alt2,20260910496
1494,2,set38,alt2,20260910496
1494,2,set40,alt2,20260910496
1494,2,set44,alt1,20260910496
1494,2,set45,alt2,20260910496
1494,2,set46,alt1,20260910496
1495,1,set5,alt2,20260910497
1495,1,set6,alt2,20260910497
1495,1,set9,alt2,20260910497
1495,1,set11,alt2,20260910497
1495,1,set18,alt2,20260910497
1495,1,set19,alt2,20260910497
1495,1,set33,alt1,20260910497
1495,1,set35,alt2,20260910497
1495,1,set37,alt1,20260910497
1495,1,set41,alt2,20260910497
1495,1,set42,alt2,20260910497
1495,1,set48,alt2,20260910497
1496,1,set5,alt2,20260910498
1496,1,set6,alt2,20260910498
1496,1,set9,alt2,20260910498
1496,1,set11,alt2,20260910498
1496,1,set18,alt2,20260910498
1496,1,set19,alt1,20260910498
1496,1,set33,alt1,20260910498
1496,1,set35,alt2,20260910498
1496,1,set37,alt1,20260910498
1496,1,set41,alt2,20260910498
1496,1,set42,alt2,20260910498
1496,1,set48,alt2,20260910498
1497,4,set14,alt1,20260910499
1497,4,set15,alt2,20260910499
1497,4,set16,alt2,20260910499
1497,4,set17,alt2,20260910499
1497,4,set20,alt1,20260910499
1497,4,set21,alt1,20260910499
1497,4,set23,alt1,20260910499
1497,4,set26,alt1,20260910499
1497,4,set27,alt1,20260910499
1497,4,set32,alt1,20260910499
1497,4,set34,alt2,20260910499
1497,4,set43,alt2,20260910499
1498,1,set5,alt1,20260910500
1498,1,set6,alt1,20260910500
1498,1,set9,alt1,20260910500
1498,1,set11,alt2,20260910500
1498,1,set18,alt1,20260910500
1498,1,set19,alt1,20260910500
1498,1,set33,alt2,20260910500
1498,1,set35,alt2,20260910500
1498,1,set37,alt1,20260910500
1498,1,set41,alt1,20260910500
1498,1,set42,alt2,20260910500
1498,1,set48,alt2,20260910500
1499,1,set5,alt2,20260910501
1499,1,set6,alt2,20260910501
1499,1,set9,alt2,20260910501
1499,1,set11,alt2,20260910501
1499,1,set18,alt2,20260910501
1499,1,set19,alt2,20260910501
1499,1,set33,alt1,20260910501
1499,1,set35,alt2,20260910501
1499,1,set37,alt1,20260910501
1499,1,set41,alt2,20260910501
1499,1,set42,alt2,20260910501
1499,1,set48,alt2,20260910501
1500,3,set3,alt1,20260910502
1500,3,set4,alt2,20260910502
1500,3,set12,alt1,20260910502
1500,3,set22,alt1,20260910502
1500,3,set24,alt1,20260910502
1500,3,set25,alt1,20260910502
1500,3,set28,alt1,20260910502
1500,3,set29,alt1,20260910502
1500,3,set30,alt2,20260910502
1500,3,set31,alt2,20260910502
1500,3,set39,alt2,20260910502
1500,3,set47,alt2,20260910502
1501,1,set5,alt2,20260910503
1501,1,set6,alt2,20260910503
1501,1,set9,alt2,20260910503
1501,1,set11,alt2,20260910503
1501,1,set18,alt1,20260910503
1501,1,set19,alt2,20260910503
1501,1,set33,alt1,20260910503
1501,1,set35,alt2,20260910503
1501,1,set37,alt1,20260910503
1501,1,set41,alt1,20260910503
1501,1,set42,alt2,20260910503
1501,1,set48,alt2,20260910503
1502,1,set5,alt2,20260910504
1502,1,set6,alt1,20260910504
1502,1,set9,alt2,20260910504
1502,1,set11,alt2,20260910504
1502,1,set18,alt2,20260910504
1502,1,set19,alt2,20260910504
1502,1,set33,alt1,20260910504
1502,1,set35,alt2,20260910504
1502,1,set37,alt1,20260910504
1502,1,set41,alt1,20260910504
1502,1,set42,alt2,20260910504
1502,1,set48,alt2,20260910504
1503,2,set1,alt2,20260910505
1503,2,set2,alt1,20260910505
1503,2,set7,alt1,20260910505
1503,2,set8,alt1,20260910505
1503,2,set10,alt1,20260910505
1503,2,set13,alt1,20260910505
1503,2,set36,alt2,20260910505
1503,2,set38,alt2,20260910505
1503,2,set40,alt2,20260910505
1503,2,set44,alt1,20260910505
1503,2,set45,alt2,20260910505
1503,2,set46,alt1,20260910505
1504,1,set5,alt2,20260910506
1504,1,set6,alt2,20260910506
1504,1,set9,alt2,20260910506
1504,1,set11,alt2,20260910506
1504,1,set18,alt2,20260910506
1504,1,set19,alt2,20260910506
1504,1,set33,alt1,20260910506
1504,1,set35,alt2,20260910506
1504,1,set37,alt1,20260910506
1504,1,set41,alt2,20260910506
1504,1,set42,alt2,20260910506
1504,1,set48,alt2,20260910506
1505,3,set3,alt1,20260910507
1505,3,set4,alt2,20260910507
1505,3,set12,alt1,20260910507
1505,3,set22,alt1,20260910507
1505,3,set24,alt1,20260910507
1505,3,set25,alt1,20260910507
1505,3,set28,alt1,20260910507
1505,3,set29,alt1,20260910507
1505,3,set30,alt2,20260910507
1505,3,set31,alt2,20260910507
1505,3,set39,alt2,20260910507
1505,3,set47,alt2,20260910507
1506,4,set14,alt1,20260910508
1506,4,set15,alt1,20260910508
1506,4,set16,alt1,20260910508
1506,4,set17,alt1,20260910508
1506,4,set20,alt1,20260910508
1506,4,set21,alt1,20260910508
1506,4,set23,alt1,20260910508
1506,4,set26,alt1,20260910508
1506,4,set27,alt1,20260910508
1506,4,set32,alt1,20260910508
1506,4,set34,alt2,20260910508
1506,4,set43,alt1,20260910508
1507,2,set1,alt2,20260910509
1507,2,set2,alt1,20260910509
1507,2,set7,alt1,20260910509
1507,2,set8,alt1,20260910509
1507,2,set10,alt1,20260910509
1507,2,set13,alt1,20260910509
1507,2,set36,alt2,20260910509
1507,2,set38,alt2,20260910509
1507,2,set40,alt2,20260910509
1507,2,set44,alt1,20260910509
1507,2,set45,alt2,20260910509
1507,2,set46,alt1,20260910509
1508,3,set3,alt2,20260910510
1508,3,set4,alt1,20260910510
1508,3,set12,alt1,20260910510
1508,3,set22,alt2,20260910510
1508,3,set24,alt1,20260910510
1508,3,set25,alt2,20260910510
1508,3,set28,alt2,20260910510
1508,3,set29,alt1,20260910510
1508,3,set30,alt2,20260910510
1508,3,set31,alt1,20260910510
1508,3,set39,alt1,20260910510
1508,3,set47,alt2,20260910510
1509,4,set14,alt1,20260910511
1509,4,set15,alt2,20260910511
1509,4,set16,alt1,20260910511
1509,4,set17,alt2,20260910511
1509,4,set20,alt1,20260910511
1509,4,set21,alt1,20260910511
1509,4,set23,alt1,20260910511
1509,4,set26,alt1,20260910511
1509,4,set27,alt1,20260910511
1509,4,set32,alt1,20260910511
1509,4,set34,alt1,20260910511
1509,4,set43,alt1,20260910511
1510,3,set3,alt1,20260910512
1510,3,set4,alt2,20260910512
1510,3,set12,alt1,20260910512
1510,3,set22,alt1,20260910512
1510,3,set24,alt1,20260910512
1510,3,set25,alt1,20260910512
1510,3,set28,alt1,20260910512
1510,3,set29,alt1,20260910512
1510,3,set30,alt2,20260910512
1510,3,set31,alt2,20260910512
1510,3,set39,alt2,20260910512
1510,3,set47,alt2,20260910512
1511,4,set14,alt1,20260910513
1511,4,set15,alt2,20260910513
1511,4,set16,alt2,20260910513
1511,4,set17,alt2,20260910513
1511,4,set20,alt1,20260910513
1511,4,set21,alt1,20260910513
1511,4,set23,alt1,20260910513
1511,4,set26,alt1,20260910513
1511,4,set27,alt1,20260910513
1511,4,set32,alt1,20260910513
1511,4,set34,alt2,20260910513
1511,4,set43,alt2,20260910513
1512,4,set14,alt1,20260910514
1512,4,set15,alt2,20260910514
1512,4,set16,alt2,20260910514
1512,4,set17,alt2,20260910514
1512,4,set20,alt1,20260910514
1512,4,set21,alt1,20260910514
1512,4,set23,alt1,20260910514
1512,4,set26,alt1,20260910514
1512,4,set27,alt1,20260910514
1512,4,set32,alt1,20260910514
1512,4,set34,alt2,20260910514
1512,4,set43,alt2,20260910514
1513,3,set3,alt1,20260910515
1513,3,set4,alt2,20260910515
1513,3,set12,alt1,20260910515
1513,3,set22,alt1,20260910515
1513,3,set24,alt1,20260910515
1513,3,set25,alt1,20260910515
1513,3,set28,alt1,20260910515
1513,3,set29,alt1,20260910515
1513,3,set30,alt2,20260910515
1513,3,set31,alt2,20260910515
1513,3,set39,alt2,20260910515
1513,3,set47,alt2,20260910515
1514,3,set3,alt1,20260910516
1514,3,set4,alt2,20260910516
1514,3,set12,alt1,20260910516
1514,3,set22,alt1,20260910516
1514,3,set24,alt1,20260910516
1514,3,set25,alt1,20260910516
1514,3,set28,alt1,20260910516
1514,3,set29,alt1,20260910516
1514,3,set30,alt2,20260910516
1514,3,set31,alt2,20260910516
1514,3,set39,alt2,20260910516
1514,3,set47,alt2,20260910516
1515,3,set3,alt1,20260910517
1515,3,set4,alt2,20260910517
1515,3,set12,alt1,20260910517
1515,3,set22,alt1,20260910517
1515,3,set24,alt1,20260910517
1515,3,set25,alt1,20260910517
1515,3,set28,alt1,20260910517
1515,3,set29,alt1,20260910517
1515,3,set30,alt2,20260910517
1515,3,set31,alt2,20260910517
1515,3,set39,alt2,20260910517
1515,3,set47,alt2,20260910517
1516,2,set1,alt2,20260910518
1516,2,set2,alt1,20260910518
1516,2,set7,alt2,20260910518
1516,2,set8,alt1,20260910518
1516,2,set10,alt2,20260910518
1516,2,set13,alt1,20260910518
1516,2,set36,alt2,20260910518
1516,2,set38,alt1,20260910518
1516,2,set40,alt2,20260910518
1516,2,set44,alt2,20260910518
1516,2,set45,alt2,20260910518
1516,2,set46,alt2,20260910518
1517,3,set3,alt1,20260910519
1517,3,set4,alt2,20260910519
1517,3,set12,alt1,20260910519
1517,3,set22,alt1,20260910519
1517,3,set24,alt1,20260910519
1517,3,set25,alt1,20260910519
1517,3,set28,alt1,20260910519
1517,3,set29,alt1,20260910519
1517,3,set30,alt2,20260910519
1517,3,set31,alt2,20260910519
1517,3,set39,alt2,20260910519
1517,3,set47,alt2,20260910519
1518,1,set5,alt2,20260910520
1518,1,set6,alt1,20260910520
1518,1,set9,alt2,20260910520
1518,1,set11,alt2,20260910520
1518,1,set18,alt2,20260910520
1518,1,set19,alt2,20260910520
1518,1,set33,alt1,20260910520
1518,1,set35,alt2,20260910520
1518,1,set37,alt1,20260910520
1518,1,set41,alt1,20260910520
1518,1,set42,alt2,20260910520
1518,1,set48,alt2,20260910520
1519,2,set1,alt2,20260910521
1519,2,set2,alt1,20260910521
1519,2,set7,alt1,20260910521
1519,2,set8,alt1,20260910521
1519,2,set10,alt1,20260910521
1519,2,set13,alt1,20260910521
1519,2,set36,alt2,20260910521
1519,2,set38,alt2,20260910521
1519,2,set40,alt2,20260910521
1519,2,set44,alt1,20260910521
1519,2,set45,alt2,20260910521
1519,2,set46,alt1,20260910521
1520,4,set14,alt2,20260910522
1520,4,set15,alt2,20260910522
1520,4,set16,alt1,20260910522
1520,4,set17,alt1,20260910522
1520,4,set20,alt1,20260910522
1520,4,set21,alt2,20260910522
1520,4,set23,alt1,20260910522
1520,4,set26,alt1,20260910522
1520,4,set27,alt2,20260910522
1520,4,set32,alt1,20260910522
1520,4,set34,alt2,20260910522
1520,4,set43,alt2,20260910522
1521,4,set14,alt2,20260910523
1521,4,set15,alt2,20260910523
1521,4,set16,alt1,20260910523
1521,4,set17,alt1,20260910523
1521,4,set20,alt1,20260910523
1521,4,set21,alt1,20260910523
1521,4,set23,alt1,20260910523
1521,4,set26,alt1,20260910523
1521,4,set27,alt2,20260910523
1521,4,set32,alt1,20260910523
1521,4,set34,alt2,20260910523
1521,4,set43,alt1,20260910523
1522,2,set1,alt2,20260910524
1522,2,set2,alt1,20260910524
1522,2,set7,alt1,20260910524
1522,2,set8,alt1,20260910524
1522,2,set10,alt1,20260910524
1522,2,set13,alt1,20260910524
1522,2,set36,alt2,20260910524
1522,2,set38,alt2,20260910524
1522,2,set40,alt2,20260910524
1522,2,set44,alt1,20260910524
1522,2,set45,alt2,20260910524
1522,2,set46,alt1,20260910524
1523,3,set3,alt2,20260910525
1523,3,set4,alt1,20260910525
1523,3,set12,alt1,20260910525
1523,3,set22,alt2,20260910525
1523,3,set24,alt1,20260910525
1523,3,set25,alt2,20260910525
1523,3,set28,alt2,20260910525
1523,3,set29,alt1,20260910525
1523,3,set30,alt2,20260910525
1523,3,set31,alt1,20260910525
1523,3,set39,alt1,20260910525
1523,3,set47,alt2,20260910525
1524,1,set5,alt2,20260910526
1524,1,set6,alt2,20260910526
1524,1,set9,alt2,20260910526
1524,1,set11,alt2,20260910526
1524,1,set18,alt2,20260910526
1524,1,set19,alt2,20260910526
1524,1,set33,alt1,20260910526
1524,1,set35,alt2,20260910526
1524,1,set37,alt1,20260910526
1524,1,set41,alt2,20260910526
1524,1,set42,alt2,20260910526
1524,1,set48,alt2,20260910526
1525,3,set3,alt2,20260910527
1525,3,set4,alt1,20260910527
1525,3,set12,alt1,20260910527
1525,3,set22,alt2,20260910527
1525,3,set24,alt1,20260910527
1525,3,set25,alt2,20260910527
1525,3,set28,alt2,20260910527
1525,3,set29,alt1,20260910527
1525,3,set30,alt2,20260910527
1525,3,set31,alt1,20260910527
1525,3,set39,alt1,20260910527
1525,3,set47,alt2,20260910527
1526,2,set1,alt2,20260910528
1526,2,set2,alt1,20260910528
1526,2,set7,alt1,20260910528
1526,2,set8,alt1,20260910528
1526,2,set10,alt1,20260910528
1526,2,set13,alt1,20260910528
1526,2,set36,alt2,20260910528
1526,2,set38,alt2,20260910528
1526,2,set40,alt2,20260910528
1526,2,set44,alt1,20260910528
1526,2,set45,alt2,20260910528
1526,2,set46,alt1,20260910528
1527,2,set1,alt2,20260910529
1527,2,set2,alt1,20260910529
1527,2,set7,alt1,20260910529
1527,2,set8,alt1,20260910529
1527,2,set10,alt1,20260910529
1527,2,set13,alt1,20260910529
1527,2,set36,alt2,20260910529
1527,2,set38,alt2,20260910529
1527,2,set40,alt2,20260910529
1527,2,set44,alt1,20260910529
1527,2,set45,alt2,20260910529
1527,2,set46,alt1,20260910529
1528,2,set1,alt2,20260910530
1528,2,set2,alt1,20260910530
1528,2,set7,alt1,20260910530
1528,2,set8,alt1,20260910530
1528,2,set10,alt1,20260910530
1528,2,set13,alt1,20260910530
1528,2,set36,alt2,20260910530
1528,2,set38,alt2,20260910530
1528,2,set40,alt2,20260910530
1528,2,set44,alt1,20260910530
1528,2,set45,alt2,20260910530
1528,2,set46,alt1,20260910530
1529,2,set1,alt2,20260910531
1529,2,set2,alt1,20260910531
1529,2,set7,alt1,20260910531
1529,2,set8,alt1,20260910531
1529,2,set10,alt1,20260910531
1529,2,set13,alt1,20260910531
1529,2,set36,alt2,20260910531
1529,2,set38,alt2,20260910531
1529,2,set40,alt2,20260910531
1529,2,set44,alt1,20260910531
1529,2,set45,alt2,20260910531
1529,2,set46,alt1,20260910531
1530,1,set5,alt2,20260910532
1530,1,set6,alt2,20260910532
1530,1,set9,alt2,20260910532
1530,1,set11,alt2,20260910532
1530,1,set18,alt2,20260910532
1530,1,set19,alt2,20260910532
1530,1,set33,alt1,20260910532
1530,1,set35,alt2,20260910532
1530,1,set37,alt1,20260910532
1530,1,set41,alt2,20260910532
1530,1,set42,alt2,20260910532
1530,1,set48,alt2,20260910532
1531,1,set5,alt2,20260910533
1531,1,set6,alt1,20260910533
1531,1,set9,alt2,20260910533
1531,1,set11,alt2,20260910533
1531,1,set18,alt2,20260910533
1531,1,set19,alt2,20260910533
1531,1,set33,alt1,20260910533
1531,1,set35,alt2,20260910533
1531,1,set37,alt1,20260910533
1531,1,set41,alt1,20260910533
1531,1,set42,alt2,20260910533
1531,1,set48,alt2,20260910533
1532,1,set5,alt2,20260910534
1532,1,set6,alt1,20260910534
1532,1,set9,alt2,20260910534
1532,1,set11,alt2,20260910534
1532,1,set18,alt2,20260910534
1532,1,set19,alt2,20260910534
1532,1,set33,alt1,20260910534
1532,1,set35,alt2,20260910534
1532,1,set37,alt1,20260910534
1532,1,set41,alt1,20260910534
1532,1,set42,alt2,20260910534
1532,1,set48,alt2,20260910534
1533,4,set14,alt1,20260910535
1533,4,set15,alt2,20260910535
1533,4,set16,alt2,20260910535
1533,4,set17,alt2,20260910535
1533,4,set20,alt1,20260910535
1533,4,set21,alt1,20260910535
1533,4,set23,alt1,20260910535
1533,4,set26,alt1,20260910535
1533,4,set27,alt1,20260910535
1533,4,set32,alt1,20260910535
1533,4,set34,alt2,20260910535
1533,4,set43,alt2,20260910535
1534,2,set1,alt2,20260910536
1534,2,set2,alt1,20260910536
1534,2,set7,alt1,20260910536
1534,2,set8,alt1,20260910536
1534,2,set10,alt1,20260910536
1534,2,set13,alt1,20260910536
1534,2,set36,alt2,20260910536
1534,2,set38,alt2,20260910536
1534,2,set40,alt2,20260910536
1534,2,set44,alt1,20260910536
1534,2,set45,alt2,20260910536
1534,2,set46,alt1,20260910536
1535,2,set1,alt2,20260910537
1535,2,set2,alt1,20260910537
1535,2,set7,alt2,20260910537
1535,2,set8,alt1,20260910537
1535,2,set10,alt2,20260910537
1535,2,set13,alt1,20260910537
1535,2,set36,alt2,20260910537
1535,2,set38,alt1,20260910537
1535,2,set40,alt2,20260910537
1535,2,set44,alt2,20260910537
1535,2,set45,alt2,20260910537
1535,2,set46,alt2,20260910537
1536,1,set5,alt2,20260910538
1536,1,set6,alt1,20260910538
1536,1,set9,alt2,20260910538
1536,1,set11,alt2,20260910538
1536,1,set18,alt2,20260910538
1536,1,set19,alt2,20260910538
1536,1,set33,alt1,20260910538
1536,1,set35,alt2,20260910538
1536,1,set37,alt1,20260910538
1536,1,set41,alt1,20260910538
1536,1,set42,alt2,20260910538
1536,1,set48,alt2,20260910538
1537,2,set1,alt2,20260910539
1537,2,set2,alt1,20260910539
1537,2,set7,alt1,20260910539
1537,2,set8,alt1,20260910539
1537,2,set10,alt1,20260910539
1537,2,set13,alt1,20260910539
1537,2,set36,alt2,20260910539
1537,2,set38,alt2,20260910539
1537,2,set40,alt2,20260910539
1537,2,set44,alt1,20260910539
1537,2,set45,alt2,20260910539
1537,2,set46,alt1,20260910539
1538,1,set5,alt2,20260910540
1538,1,set6,alt1,20260910540
1538,1,set9,alt2,20260910540
1538,1,set11,alt2,20260910540
1538,1,set18,alt2,20260910540
1538,1,set19,alt2,20260910540
1538,1,set33,alt1,20260910540
1538,1,set35,alt2,20260910540
1538,1,set37,alt1,20260910540
1538,1,set41,alt1,20260910540
1538,1,set42,alt2,20260910540
1538,1,set48,alt2,20260910540
1539,1,set5,alt2,20260910541
1539,1,set6,alt2,20260910541
1539,1,set9,alt2,20260910541
1539,1,set11,alt2,20260910541
1539,1,set18,alt2,20260910541
1539,1,set19,alt2,20260910541
1539,1,set33,alt1,20260910541
1539,1,set35,alt2,20260910541
1539,1,set37,alt1,20260910541
1539,1,set41,alt2,20260910541
1539,1,set42,alt2,20260910541
1539,1,set48,alt2,20260910541
1540,1,set5,alt2,20260910542
1540,1,set6,alt2,20260910542
1540,1,set9,alt2,20260910542
1540,1,set11,alt2,20260910542
1540,1,set18,alt2,20260910542
1540,1,set19,alt2,20260910542
1540,1,set33,alt1,20260910542
1540,1,set35,alt2,20260910542
1540,1,set37,alt1,20260910542
1540,1,set41,alt2,20260910542
1540,1,set42,alt2,20260910542
1540,1,set48,alt2,20260910542
1541,2,set1,alt2,20260910543
1541,2,set2,alt1,20260910543
1541,2,set7,alt1,20260910543
1541,2,set8,alt1,20260910543
1541,2,set10,alt2,20260910543
1541,2,set13,alt1,20260910543
1541,2,set36,alt2,20260910543
1541,2,set38,alt2,20260910543
1541,2,set40,alt2,20260910543
1541,2,set44,alt1,20260910543
1541,2,set45,alt2,20260910543
1541,2,set46,alt1,20260910543
1542,4,set14,alt1,20260910544
1542,4,set15,alt2,20260910544
1542,4,set16,alt1,20260910544
1542,4,set17,alt2,20260910544
1542,4,set20,alt1,20260910544
1542,4,set21,alt1,20260910544
1542,4,set23,alt1,20260910544
1542,4,set26,alt1,20260910544
1542,4,set27,alt1,20260910544
1542,4,set32,alt1,20260910544
1542,4,set34,alt1,20260910544
1542,4,set43,alt1,20260910544
1543,4,set14,alt1,20260910545
1543,4,set15,alt1,20260910545
1543,4,set16,alt1,20260910545
1543,4,set17,alt1,20260910545
1543,4,set20,alt1,20260910545
1543,4,set21,alt1,20260910545
1543,4,set23,alt1,20260910545
1543,4,set26,alt1,20260910545
1543,4,set27,alt1,20260910545
1543,4,set32,alt1,20260910545
1543,4,set34,alt2,20260910545
1543,4,set43,alt1,20260910545
1544,1,set5,alt2,20260910546
1544,1,set6,alt1,20260910546
1544,1,set9,alt2,20260910546
1544,1,set11,alt2,20260910546
1544,1,set18,alt2,20260910546
1544,1,set19,alt2,20260910546
1544,1,set33,alt1,20260910546
1544,1,set35,alt2,20260910546
1544,1,set37,alt1,20260910546
1544,1,set41,alt1,20260910546
1544,1,set42,alt2,20260910546
1544,1,set48,alt2,20260910546
1545,4,set14,alt1,20260910547
1545,4,set15,alt2,20260910547
1545,4,set16,alt2,20260910547
1545,4,set17,alt2,20260910547
1545,4,set20,alt1,20260910547
1545,4,set21,alt1,20260910547
1545,4,set23,alt1,20260910547
1545,4,set26,alt1,20260910547
1545,4,set27,alt1,20260910547
1545,4,set32,alt1,20260910547
1545,4,set34,alt2,20260910547
1545,4,set43,alt2,20260910547
1546,3,set3,alt1,20260910548
1546,3,set4,alt2,20260910548
1546,3,set12,alt1,20260910548
1546,3,set22,alt1,20260910548
1546,3,set24,alt1,20260910548
1546,3,set25,alt1,20260910548
1546,3,set28,alt1,20260910548
1546,3,set29,alt1,20260910548
1546,3,set30,alt2,20260910548
1546,3,set31,alt2,20260910548
1546,3,set39,alt2,20260910548
1546,3,set47,alt2,20260910548
1547,4,set14,alt1,20260910549
1547,4,set15,alt2,20260910549
1547,4,set16,alt2,20260910549
1547,4,set17,alt2,20260910549
1547,4,set20,alt1,20260910549
1547,4,set21,alt1,20260910549
1547,4,set23,alt1,20260910549
1547,4,set26,alt1,20260910549
1547,4,set27,alt1,20260910549
1547,4,set32,alt1,20260910549
1547,4,set34,alt2,20260910549
1547,4,set43,alt2,20260910549
1548,4,set14,alt2,20260910550
1548,4,set15,alt2,20260910550
1548,4,set16,alt1,20260910550
1548,4,set17,alt1,20260910550
1548,4,set20,alt1,20260910550
1548,4,set21,alt1,20260910550
1548,4,set23,alt1,20260910550
1548,4,set26,alt1,20260910550
1548,4,set27,alt2,20260910550
1548,4,set32,alt1,20260910550
1548,4,set34,alt2,20260910550
1548,4,set43,alt1,20260910550
1549,2,set1,alt2,20260910551
1549,2,set2,alt1,20260910551
1549,2,set7,alt1,20260910551
1549,2,set8,alt1,20260910551
1549,2,set10,alt1,20260910551
1549,2,set13,alt1,20260910551
1549,2,set36,alt2,20260910551
1549,2,set38,alt2,20260910551
1549,2,set40,alt2,20260910551
1549,2,set44,alt1,20260910551
1549,2,set45,alt2,20260910551
1549,2,set46,alt1,20260910551
1550,2,set1,alt2,20260910552
1550,2,set2,alt1,20260910552
1550,2,set7,alt2,20260910552
1550,2,set8,alt1,20260910552
1550,2,set10,alt2,20260910552
1550,2,set13,alt1,20260910552
1550,2,set36,alt2,20260910552
1550,2,set38,alt1,20260910552
1550,2,set40,alt2,20260910552
1550,2,set44,alt2,20260910552
1550,2,set45,alt2,20260910552
1550,2,set46,alt2,20260910552
1551,4,set14,alt2,20260910553
1551,4,set15,alt2,20260910553
1551,4,set16,alt1,20260910553
1551,4,set17,alt1,20260910553
1551,4,set20,alt1,20260910553
1551,4,set21,alt1,20260910553
1551,4,set23,alt1,20260910553
1551,4,set26,alt1,20260910553
1551,4,set27,alt2,20260910553
1551,4,set32,alt1,20260910553
1551,4,set34,alt2,20260910553
1551,4,set43,alt1,20260910553
1552,2,set1,alt2,20260910554
1552,2,set2,alt1,20260910554
1552,2,set7,alt2,20260910554
1552,2,set8,alt1,20260910554
1552,2,set10,alt2,20260910554
1552,2,set13,alt1,20260910554
1552,2,set36,alt2,20260910554
1552,2,set38,alt1,20260910554
1552,2,set40,alt2,20260910554
1552,2,set44,alt2,20260910554
1552,2,set45,alt2,20260910554
1552,2,set46,alt2,20260910554
1553,3,set3,alt2,20260910555
1553,3,set4,alt1,20260910555
1553,3,set12,alt1,20260910555
1553,3,set22,alt1,20260910555
1553,3,set24,alt1,20260910555
1553,3,set25,alt2,20260910555
1553,3,set28,alt2,20260910555
1553,3,set29,alt1,20260910555
1553,3,set30,alt1,20260910555
1553,3,set31,alt2,20260910555
1553,3,set39,alt1,20260910555
1553,3,set47,alt1,20260910555
1554,4,set14,alt2,20260910556
1554,4,set15,alt2,20260910556
1554,4,set16,alt1,20260910556
1554,4,set17,alt1,20260910556
1554,4,set20,alt1,20260910556
1554,4,set21,alt1,20260910556
1554,4,set23,alt1,20260910556
1554,4,set26,alt1,20260910556
1554,4,set27,alt2,20260910556
1554,4,set32,alt1,20260910556
1554,4,set34,alt2,20260910556
1554,4,set43,alt1,20260910556
1555,3,set3,alt2,20260910557
1555,3,set4,alt2,20260910557
1555,3,set12,alt1,20260910557
1555,3,set22,alt2,20260910557
1555,3,set24,alt1,20260910557
1555,3,set25,alt1,20260910557
1555,3,set28,alt1,20260910557
1555,3,set29,alt1,20260910557
1555,3,set30,alt2,20260910557
1555,3,set31,alt2,20260910557
1555,3,set39,alt2,20260910557
1555,3,set47,alt2,20260910557
1556,2,set1,alt2,20260910558
1556,2,set2,alt1,20260910558
1556,2,set7,alt1,20260910558
1556,2,set8,alt1,20260910558
1556,2,set10,alt1,20260910558
1556,2,set13,alt1,20260910558
1556,2,set36,alt2,20260910558
1556,2,set38,alt2,20260910558
1556,2,set40,alt2,20260910558
1556,2,set44,alt1,20260910558
1556,2,set45,alt2,20260910558
1556,2,set46,alt1,20260910558
1557,4,set14,alt1,20260910559
1557,4,set15,alt2,20260910559
1557,4,set16,alt2,20260910559
1557,4,set17,alt2,20260910559
1557,4,set20,alt1,20260910559
1557,4,set21,alt1,20260910559
1557,4,set23,alt1,20260910559
1557,4,set26,alt1,20260910559
1557,4,set27,alt1,20260910559
1557,4,set32,alt1,20260910559
1557,4,set34,alt2,20260910559
1557,4,set43,alt2,20260910559
1558,1,set5,alt2,20260910560
1558,1,set6,alt1,20260910560
1558,1,set9,alt2,20260910560
1558,1,set11,alt2,20260910560
1558,1,set18,alt2,20260910560
1558,1,set19,alt2,20260910560
1558,1,set33,alt1,20260910560
1558,1,set35,alt2,20260910560
1558,1,set37,alt1,20260910560
1558,1,set41,alt1,20260910560
1558,1,set42,alt2,20260910560
1558,1,set48,alt2,20260910560
1559,4,set14,alt1,20260910561
1559,4,set15,alt2,20260910561
1559,4,set16,alt2,20260910561
1559,4,set17,alt2,20260910561
1559,4,set20,alt1,20260910561
1559,4,set21,alt1,20260910561
1559,4,set23,alt1,20260910561
1559,4,set26,alt1,20260910561
1559,4,set27,alt1,20260910561
1559,4,set32,alt1,20260910561
1559,4,set34,alt2,20260910561
1559,4,set43,alt2,20260910561
1560,4,set14,alt1,20260910562
1560,4,set15,alt2,20260910562
1560,4,set16,alt2,20260910562
1560,4,set17,alt2,20260910562
1560,4,set20,alt1,20260910562
1560,4,set21,alt1,20260910562
1560,4,set23,alt1,20260910562
1560,4,set26,alt1,20260910562
1560,4,set27,alt1,20260910562
1560,4,set32,alt1,20260910562
1560,4,set34,alt2,20260910562
1560,4,set43,alt2,20260910562
1561,2,set1,alt2,20260910563
1561,2,set2,alt1,20260910563
1561,2,set7,alt1,20260910563
1561,2,set8,alt1,20260910563
1561,2,set10,alt1,20260910563
1561,2,set13,alt1,20260910563
1561,2,set36,alt2,20260910563
1561,2,set38,alt2,20260910563
1561,2,set40,alt2,20260910563
1561,2,set44,alt1,20260910563
1561,2,set45,alt2,20260910563
1561,2,set46,alt1,20260910563
1562,4,set14,alt1,20260910564
1562,4,set15,alt2,20260910564
1562,4,set16,alt2,20260910564
1562,4,set17,alt2,20260910564
1562,4,set20,alt1,20260910564
1562,4,set21,alt1,20260910564
1562,4,set23,alt1,20260910564
1562,4,set26,alt1,20260910564
1562,4,set27,alt1,20260910564
1562,4,set32,alt1,20260910564
1562,4,set34,alt2,20260910564
1562,4,set43,alt2,20260910564
1563,2,set1,alt2,20260910565
1563,2,set2,alt1,20260910565
1563,2,set7,alt1,20260910565
1563,2,set8,alt1,20260910565
1563,2,set10,alt1,20260910565
1563,2,set13,alt1,20260910565
1563,2,set36,alt2,20260910565
1563,2,set38,alt2,20260910565
1563,2,set40,alt2,20260910565
1563,2,set44,alt1,20260910565
1563,2,set45,alt2,20260910565
1563,2,set46,alt1,20260910565
1564,2,set1,alt2,20260910566
1564,2,set2,alt1,20260910566
1564,2,set7,alt1,20260910566
1564,2,set8,alt1,20260910566
1564,2,set10,alt1,20260910566
1564,2,set13,alt1,20260910566
1564,2,set36,alt1,20260910566
1564,2,set38,alt2,20260910566
1564,2,set40,alt1,20260910566
1564,2,set44,alt2,20260910566
1564,2,set45,alt2,20260910566
1564,2,set46,alt2,20260910566
1565,1,set5,alt1,20260910567
1565,1,set6,alt2,20260910567
1565,1,set9,alt1,20260910567
1565,1,set11,alt2,20260910567
1565,1,set18,alt2,20260910567
1565,1,set19,alt2,20260910567
1565,1,set33,alt1,20260910567
1565,1,set35,alt2,20260910567
1565,1,set37,alt1,20260910567
1565,1,set41,alt1,20260910567
1565,1,set42,alt1,20260910567
1565,1,set48,alt2,20260910567
1566,3,set3,alt1,20260910568
1566,3,set4,alt2,20260910568
1566,3,set12,alt1,20260910568
1566,3,set22,alt1,20260910568
1566,3,set24,alt1,20260910568
1566,3,set25,alt1,20260910568
1566,3,set28,alt1,20260910568
1566,3,set29,alt1,20260910568
1566,3,set30,alt2,20260910568
1566,3,set31,alt2,20260910568
1566,3,set39,alt2,20260910568
1566,3,set47,alt2,20260910568
1567,3,set3,alt1,20260910569
1567,3,set4,alt2,20260910569
1567,3,set12,alt1,20260910569
1567,3,set22,alt1,20260910569
1567,3,set24,alt1,20260910569
1567,3,set25,alt1,20260910569
1567,3,set28,alt1,20260910569
1567,3,set29,alt1,20260910569
1567,3,set30,alt2,20260910569
1567,3,set31,alt2,20260910569
1567,3,set39,alt2,20260910569
1567,3,set47,alt2,20260910569
1568,2,set1,alt2,20260910570
1568,2,set2,alt1,20260910570
1568,2,set7,alt1,20260910570
1568,2,set8,alt1,20260910570
1568,2,set10,alt1,20260910570
1568,2,set13,alt1,20260910570
1568,2,set36,alt2,20260910570
1568,2,set38,alt2,20260910570
1568,2,set40,alt2,20260910570
1568,2,set44,alt1,20260910570
1568,2,set45,alt2,20260910570
1568,2,set46,alt1,20260910570
1569,1,set5,alt2,20260910571
1569,1,set6,alt1,20260910571
1569,1,set9,alt2,20260910571
1569,1,set11,alt2,20260910571
1569,1,set18,alt2,20260910571
1569,1,set19,alt2,20260910571
1569,1,set33,alt1,20260910571
1569,1,set35,alt2,20260910571
1569,1,set37,alt1,20260910571
1569,1,set41,alt1,20260910571
1569,1,set42,alt2,20260910571
1569,1,set48,alt2,20260910571
1570,2,set1,alt2,20260910572
1570,2,set2,alt1,20260910572
1570,2,set7,alt2,20260910572
1570,2,set8,alt1,20260910572
1570,2,set10,alt2,20260910572
1570,2,set13,alt1,20260910572
1570,2,set36,alt2,20260910572
1570,2,set38,alt1,20260910572
1570,2,set40,alt2,20260910572
1570,2,set44,alt2,20260910572
1570,2,set45,alt2,20260910572
1570,2,set46,alt2,20260910572
1571,2,set1,alt2,20260910573
1571,2,set2,alt1,20260910573
1571,2,set7,alt1,20260910573
1571,2,set8,alt1,20260910573
1571,2,set10,alt1,20260910573
1571,2,set13,alt1,20260910573
1571,2,set36,alt2,20260910573
1571,2,set38,alt2,20260910573
1571,2,set40,alt2,20260910573
1571,2,set44,alt1,20260910573
1571,2,set45,alt2,20260910573
1571,2,set46,alt1,20260910573
1572,1,set5,alt1,20260910574
1572,1,set6,alt1,20260910574
1572,1,set9,alt1,20260910574
1572,1,set11,alt2,20260910574
1572,1,set18,alt1,20260910574
1572,1,set19,alt1,20260910574
1572,1,set33,alt2,20260910574
1572,1,set35,alt2,20260910574
1572,1,set37,alt1,20260910574
1572,1,set41,alt1,20260910574
1572,1,set42,alt2,20260910574
1572,1,set48,alt2,20260910574
1573,2,set1,alt2,20260910575
1573,2,set2,alt1,20260910575
1573,2,set7,alt1,20260910575
1573,2,set8,alt1,20260910575
1573,2,set10,alt1,20260910575
1573,2,set13,alt1,20260910575
1573,2,set36,alt2,20260910575
1573,2,set38,alt2,20260910575
1573,2,set40,alt2,20260910575
1573,2,set44,alt1,20260910575
1573,2,set45,alt2,20260910575
1573,2,set46,alt1,20260910575
1574,1,set5,alt2,20260910576
1574,1,set6,alt2,20260910576
1574,1,set9,alt2,20260910576
1574,1,set11,alt2,20260910576
1574,1,set18,alt1,20260910576
1574,1,set19,alt2,20260910576
1574,1,set33,alt1,20260910576
1574,1,set35,alt2,20260910576
1574,1,set37,alt1,20260910576
1574,1,set41,alt1,20260910576
1574,1,set42,alt2,20260910576
1574,1,set48,alt2,20260910576
1575,3,set3,alt1,20260910577
1575,3,set4,alt2,20260910577
1575,3,set12,alt1,20260910577
1575,3,set22,alt1,20260910577
1575,3,set24,alt1,20260910577
1575,3,set25,alt1,20260910577
1575,3,set28,alt1,20260910577
1575,3,set29,alt1,20260910577
1575,3,set30,alt2,20260910577
1575,3,set31,alt2,20260910577
1575,3,set39,alt2,20260910577
1575,3,set47,alt2,20260910577
1576,4,set14,alt2,20260910578
1576,4,set15,alt2,20260910578
1576,4,set16,alt1,20260910578
1576,4,set17,alt1,20260910578
1576,4,set20,alt1,20260910578
1576,4,set21,alt1,20260910578
1576,4,set23,alt1,20260910578
1576,4,set26,alt1,20260910578
1576,4,set27,alt2,20260910578
1576,4,set32,alt1,20260910578
1576,4,set34,alt2,20260910578
1576,4,set43,alt1,20260910578
1577,2,set1,alt2,20260910579
1577,2,set2,alt1,20260910579
1577,2,set7,alt1,20260910579
1577,2,set8,alt1,20260910579
1577,2,set10,alt1,20260910579
1577,2,set13,alt1,20260910579
1577,2,set36,alt2,20260910579
1577,2,set38,alt2,20260910579
1577,2,set40,alt2,20260910579
1577,2,set44,alt1,20260910579
1577,2,set45,alt2,20260910579
1577,2,set46,alt1,20260910579
1578,2,set1,alt2,20260910580
1578,2,set2,alt1,20260910580
1578,2,set7,alt1,20260910580
1578,2,set8,alt1,20260910580
1578,2,set10,alt2,20260910580
1578,2,set13,alt1,20260910580
1578,2,set36,alt2,20260910580
1578,2,set38,alt2,20260910580
1578,2,set40,alt2,20260910580
1578,2,set44,alt1,20260910580
1578,2,set45,alt2,20260910580
1578,2,set46,alt1,20260910580
1579,2,set1,alt2,20260910581
1579,2,set2,alt1,20260910581
1579,2,set7,alt1,20260910581
1579,2,set8,alt1,20260910581
1579,2,set10,alt1,20260910581
1579,2,set13,alt1,20260910581
1579,2,set36,alt2,20260910581
1579,2,set38,alt2,20260910581
1579,2,set40,alt2,20260910581
1579,2,set44,alt1,20260910581
1579,2,set45,alt2,20260910581
1579,2,set46,alt1,20260910581
1580,2,set1,alt2,20260910582
1580,2,set2,alt1,20260910582
1580,2,set7,alt1,20260910582
1580,2,set8,alt1,20260910582
1580,2,set10,alt1,20260910582
1580,2,set13,alt1,20260910582
1580,2,set36,alt2,20260910582
1580,2,set38,alt2,20260910582
1580,2,set40,alt2,20260910582
1580,2,set44,alt1,20260910582
1580,2,set45,alt2,20260910582
1580,2,set46,alt1,20260910582
1581,3,set3,alt2,20260910583
1581,3,set4,alt1,20260910583
1581,3,set12,alt1,20260910583
1581,3,set22,alt2,20260910583
1581,3,set24,alt1,20260910583
1581,3,set25,alt2,20260910583
1581,3,set28,alt2,20260910583
1581,3,set29,alt1,20260910583
1581,3,set30,alt2,20260910583
1581,3,set31,alt1,20260910583
1581,3,set39,alt1,20260910583
1581,3,set47,alt2,20260910583
1582,1,set5,alt1,20260910584
1582,1,set6,alt1,20260910584
1582,1,set9,alt1,20260910584
1582,1,set11,alt2,20260910584
1582,1,set18,alt1,20260910584
1582,1,set19,alt1,20260910584
1582,1,set33,alt2,20260910584
1582,1,set35,alt2,20260910584
1582,1,set37,alt1,20260910584
1582,1,set41,alt1,20260910584
1582,1,set42,alt2,20260910584
1582,1,set48,alt2,20260910584
1583,1,set5,alt2,20260910585
1583,1,set6,alt2,20260910585
1583,1,set9,alt2,20260910585
1583,1,set11,alt2,20260910585
1583,1,set18,alt2,20260910585
1583,1,set19,alt2,20260910585
1583,1,set33,alt1,20260910585
1583,1,set35,alt2,20260910585
1583,1,set37,alt1,20260910585
1583,1,set41,alt2,20260910585
1583,1,set42,alt2,20260910585
1583,1,set48,alt2,20260910585
1584,3,set3,alt2,20260910586
1584,3,set4,alt1,20260910586
1584,3,set12,alt1,20260910586
1584,3,set22,alt1,20260910586
1584,3,set24,alt1,20260910586
1584,3,set25,alt2,20260910586
1584,3,set28,alt2,20260910586
1584,3,set29,alt1,20260910586
1584,3,set30,alt1,20260910586
1584,3,set31,alt2,20260910586
1584,3,set39,alt1,20260910586
1584,3,set47,alt1,20260910586
1585,2,set1,alt2,20260910587
1585,2,set2,alt1,20260910587
1585,2,set7,alt1,20260910587
1585,2,set8,alt1,20260910587
1585,2,set10,alt1,20260910587
1585,2,set13,alt1,20260910587
1585,2,set36,alt2,20260910587
1585,2,set38,alt2,20260910587
1585,2,set40,alt2,20260910587
1585,2,set44,alt1,20260910587
1585,2,set45,alt2,20260910587
1585,2,set46,alt1,20260910587
1586,4,set14,alt1,20260910588
1586,4,set15,alt1,20260910588
1586,4,set16,alt1,20260910588
1586,4,set17,alt1,20260910588
1586,4,set20,alt1,20260910588
1586,4,set21,alt1,20260910588
1586,4,set23,alt1,20260910588
1586,4,set26,alt1,20260910588
1586,4,set27,alt1,20260910588
1586,4,set32,alt1,20260910588
1586,4,set34,alt2,20260910588
1586,4,set43,alt1,20260910588
1587,4,set14,alt1,20260910589
1587,4,set15,alt2,20260910589
1587,4,set16,alt2,20260910589
1587,4,set17,alt2,20260910589
1587,4,set20,alt1,20260910589
1587,4,set21,alt1,20260910589
1587,4,set23,alt1,20260910589
1587,4,set26,alt1,20260910589
1587,4,set27,alt1,20260910589
1587,4,set32,alt1,20260910589
1587,4,set34,alt2,20260910589
1587,4,set43,alt2,20260910589
1588,1,set5,alt2,20260910590
1588,1,set6,alt2,20260910590
1588,1,set9,alt2,20260910590
1588,1,set11,alt2,20260910590
1588,1,set18,alt2,20260910590
1588,1,set19,alt2,20260910590
1588,1,set33,alt1,20260910590
1588,1,set35,alt2,20260910590
1588,1,set37,alt1,20260910590
1588,1,set41,alt2,20260910590
1588,1,set42,alt2,20260910590
1588,1,set48,alt2,20260910590
1589,4,set14,alt1,20260910591
1589,4,set15,alt2,20260910591
1589,4,set16,alt2,20260910591
1589,4,set17,alt2,20260910591
1589,4,set20,alt1,20260910591
1589,4,set21,alt1,20260910591
1589,4,set23,alt1,20260910591
1589,4,set26,alt1,20260910591
1589,4,set27,alt1,20260910591
1589,4,set32,alt1,20260910591
1589,4,set34,alt2,20260910591
1589,4,set43,alt2,20260910591
1590,2,set1,alt2,20260910592
1590,2,set2,alt1,20260910592
1590,2,set7,alt1,20260910592
1590,2,set8,alt1,20260910592
1590,2,set10,alt1,20260910592
1590,2,set13,alt1,20260910592
1590,2,set36,alt2,20260910592
1590,2,set38,alt2,20260910592
1590,2,set40,alt2,20260910592
1590,2,set44,alt1,20260910592
1590,2,set45,alt2,20260910592
1590,2,set46,alt1,20260910592
1591,1,set5,alt2,20260910593
1591,1,set6,alt2,20260910593
1591,1,set9,alt2,20260910593
1591,1,set11,alt2,20260910593
1591,1,set18,alt2,20260910593
1591,1,set19,alt2,20260910593
1591,1,set33,alt1,20260910593
1591,1,set35,alt2,20260910593
1591,1,set37,alt1,20260910593
1591,1,set41,alt2,20260910593
1591,1,set42,alt2,20260910593
1591,1,set48,alt2,20260910593
1592,3,set3,alt1,20260910594
1592,3,set4,alt2,20260910594
1592,3,set12,alt1,20260910594
1592,3,set22,alt1,20260910594
1592,3,set24,alt1,20260910594
1592,3,set25,alt1,20260910594
1592,3,set28,alt1,20260910594
1592,3,set29,alt1,20260910594
1592,3,set30,alt2,20260910594
1592,3,set31,alt2,20260910594
1592,3,set39,alt2,20260910594
1592,3,set47,alt2,20260910594
1593,2,set1,alt2,20260910595
1593,2,set2,alt1,20260910595
1593,2,set7,alt2,20260910595
1593,2,set8,alt1,20260910595
1593,2,set10,alt2,20260910595
1593,2,set13,alt1,20260910595
1593,2,set36,alt2,20260910595
1593,2,set38,alt1,20260910595
1593,2,set40,alt2,20260910595
1593,2,set44,alt2,20260910595
1593,2,set45,alt2,20260910595
1593,2,set46,alt2,20260910595
1594,2,set1,alt2,20260910596
1594,2,set2,alt1,20260910596
1594,2,set7,alt2,20260910596
1594,2,set8,alt1,20260910596
1594,2,set10,alt2,20260910596
1594,2,set13,alt1,20260910596
1594,2,set36,alt2,20260910596
1594,2,set38,alt1,20260910596
1594,2,set40,alt2,20260910596
1594,2,set44,alt2,20260910596
1594,2,set45,alt2,20260910596
1594,2,set46,alt2,20260910596
1595,3,set3,alt1,20260910597
1595,3,set4,alt2,20260910597
1595,3,set12,alt1,20260910597
1595,3,set22,alt1,20260910597
1595,3,set24,alt1,20260910597
1595,3,set25,alt1,20260910597
1595,3,set28,alt1,20260910597
1595,3,set29,alt1,20260910597
1595,3,set30,alt2,20260910597
1595,3,set31,alt2,20260910597
1595,3,set39,alt2,20260910597
1595,3,set47,alt2,20260910597
1596,4,set14,alt1,20260910598
1596,4,set15,alt1,20260910598
1596,4,set16,alt1,20260910598
1596,4,set17,alt1,20260910598
1596,4,set20,alt1,20260910598
1596,4,set21,alt1,20260910598
1596,4,set23,alt1,20260910598
1596,4,set26,alt1,20260910598
1596,4,set27,alt1,20260910598
1596,4,set32,alt1,20260910598
1596,4,set34,alt2,20260910598
1596,4,set43,alt1,20260910598
1597,3,set3,alt2,20260910599
1597,3,set4,alt1,20260910599
1597,3,set12,alt1,20260910599
1597,3,set22,alt2,20260910599
1597,3,set24,alt1,20260910599
1597,3,set25,alt2,20260910599
1597,3,set28,alt2,20260910599
1597,3,set29,alt1,20260910599
1597,3,set30,alt2,20260910599
1597,3,set31,alt1,20260910599
1597,3,set39,alt1,20260910599
1597,3,set47,alt2,20260910599
1598,1,set5,alt2,20260910600
1598,1,set6,alt1,20260910600
1598,1,set9,alt2,20260910600
1598,1,set11,alt2,20260910600
1598,1,set18,alt2,20260910600
1598,1,set19,alt2,20260910600
1598,1,set33,alt1,20260910600
1598,1,set35,alt2,20260910600
1598,1,set37,alt1,20260910600
1598,1,set41,alt1,20260910600
1598,1,set42,alt2,20260910600
1598,1,set48,alt2,20260910600
1599,2,set1,alt2,20260910601
1599,2,set2,alt1,20260910601
1599,2,set7,alt1,20260910601
1599,2,set8,alt1,20260910601
1599,2,set10,alt1,20260910601
1599,2,set13,alt1,20260910601
1599,2,set36,alt1,20260910601
1599,2,set38,alt2,20260910601
1599,2,set40,alt1,20260910601
1599,2,set44,alt2,20260910601
1599,2,set45,alt2,20260910601
1599,2,set46,alt2,20260910601
1600,3,set3,alt1,20260910602
1600,3,set4,alt2,20260910602
1600,3,set12,alt1,20260910602
1600,3,set22,alt1,20260910602
1600,3,set24,alt1,20260910602
1600,3,set25,alt1,20260910602
1600,3,set28,alt1,20260910602
1600,3,set29,alt1,20260910602
1600,3,set30,alt2,20260910602
1600,3,set31,alt2,20260910602
1600,3,set39,alt2,20260910602
1600,3,set47,alt2,20260910602
1601,1,set5,alt2,20260910603
1601,1,set6,alt2,20260910603
1601,1,set9,alt2,20260910603
1601,1,set11,alt2,20260910603
1601,1,set18,alt2,20260910603
1601,1,set19,alt2,20260910603
1601,1,set33,alt1,20260910603
1601,1,set35,alt2,20260910603
1601,1,set37,alt1,20260910603
1601,1,set41,alt2,20260910603
1601,1,set42,alt2,20260910603
1601,1,set48,alt2,20260910603
1602,1,set5,alt2,20260910604
1602,1,set6,alt1,20260910604
1602,1,set9,alt2,20260910604
1602,1,set11,alt2,20260910604
1602,1,set18,alt2,20260910604
1602,1,set19,alt2,20260910604
1602,1,set33,alt1,20260910604
1602,1,set35,alt2,20260910604
1602,1,set37,alt1,20260910604
1602,1,set41,alt1,20260910604
1602,1,set42,alt2,20260910604
1602,1,set48,alt2,20260910604
1603,1,set5,alt2,20260910605
1603,1,set6,alt2,20260910605
1603,1,set9,alt2,20260910605
1603,1,set11,alt2,20260910605
1603,1,set18,alt2,20260910605
1603,1,set19,alt2,20260910605
1603,1,set33,alt1,20260910605
1603,1,set35,alt2,20260910605
1603,1,set37,alt1,20260910605
1603,1,set41,alt2,20260910605
1603,1,set42,alt2,20260910605
1603,1,set48,alt2,20260910605
1604,1,set5,alt2,20260910606
1604,1,set6,alt1,20260910606
1604,1,set9,alt2,20260910606
1604,1,set11,alt2,20260910606
1604,1,set18,alt2,20260910606
1604,1,set19,alt2,20260910606
1604,1,set33,alt1,20260910606
1604,1,set35,alt2,20260910606
1604,1,set37,alt1,20260910606
1604,1,set41,alt1,20260910606
1604,1,set42,alt2,20260910606
1604,1,set48,alt2,20260910606
1605,3,set3,alt2,20260910607
1605,3,set4,alt1,20260910607
1605,3,set12,alt1,20260910607
1605,3,set22,alt2,20260910607
1605,3,set24,alt1,20260910607
1605,3,set25,alt2,20260910607
1605,3,set28,alt2,20260910607
1605,3,set29,alt1,20260910607
1605,3,set30,alt1,20260910607
1605,3,set31,alt2,20260910607
1605,3,set39,alt1,20260910607
1605,3,set47,alt1,20260910607
1606,4,set14,alt1,20260910608
1606,4,set15,alt2,20260910608
1606,4,set16,alt2,20260910608
1606,4,set17,alt2,20260910608
1606,4,set20,alt1,20260910608
1606,4,set21,alt1,20260910608
1606,4,set23,alt1,20260910608
1606,4,set26,alt1,20260910608
1606,4,set27,alt1,20260910608
1606,4,set32,alt1,20260910608
1606,4,set34,alt2,20260910608
1606,4,set43,alt2,20260910608
1607,3,set3,alt2,20260910609
1607,3,set4,alt1,20260910609
1607,3,set12,alt1,20260910609
1607,3,set22,alt2,20260910609
1607,3,set24,alt1,20260910609
1607,3,set25,alt2,20260910609
1607,3,set28,alt2,20260910609
1607,3,set29,alt1,20260910609
1607,3,set30,alt2,20260910609
1607,3,set31,alt1,20260910609
1607,3,set39,alt1,20260910609
1607,3,set47,alt2,20260910609
1608,4,set14,alt1,20260910610
1608,4,set15,alt2,20260910610
1608,4,set16,alt2,20260910610
1608,4,set17,alt2,20260910610
1608,4,set20,alt1,20260910610
1608,4,set21,alt1,20260910610
1608,4,set23,alt1,20260910610
1608,4,set26,alt1,20260910610
1608,4,set27,alt1,20260910610
1608,4,set32,alt1,20260910610
1608,4,set34,alt2,20260910610
1608,4,set43,alt2,20260910610
1609,2,set1,alt2,20260910611
1609,2,set2,alt1,20260910611
1609,2,set7,alt1,20260910611
1609,2,set8,alt1,20260910611
1609,2,set10,alt1,20260910611
1609,2,set13,alt1,20260910611
1609,2,set36,alt2,20260910611
1609,2,set38,alt2,20260910611
1609,2,set40,alt2,20260910611
1609,2,set44,alt1,20260910611
1609,2,set45,alt2,20260910611
1609,2,set46,alt1,20260910611
1610,1,set5,alt2,20260910612
1610,1,set6,alt1,20260910612
1610,1,set9,alt2,20260910612
1610,1,set11,alt2,20260910612
1610,1,set18,alt2,20260910612
1610,1,set19,alt2,20260910612
1610,1,set33,alt1,20260910612
1610,1,set35,alt2,20260910612
1610,1,set37,alt1,20260910612
1610,1,set41,alt1,20260910612
1610,1,set42,alt2,20260910612
1610,1,set48,alt2,20260910612
1611,4,set14,alt2,20260910613
1611,4,set15,alt2,20260910613
1611,4,set16,alt1,20260910613
1611,4,set17,alt1,20260910613
1611,4,set20,alt1,20260910613
1611,4,set21,alt2,20260910613
1611,4,set23,alt1,20260910613
1611,4,set26,alt1,20260910613
1611,4,set27,alt2,20260910613
1611,4,set32,alt1,20260910613
1611,4,set34,alt2,20260910613
1611,4,set43,alt2,20260910613
1612,3,set3,alt2,20260910614
1612,3,set4,alt2,20260910614
1612,3,set12,alt1,20260910614
1612,3,set22,alt2,20260910614
1612,3,set24,alt1,20260910614
1612,3,set25,alt1,20260910614
1612,3,set28,alt1,20260910614
1612,3,set29,alt1,20260910614
1612,3,set30,alt2,20260910614
1612,3,set31,alt2,20260910614
1612,3,set39,alt2,20260910614
1612,3,set47,alt2,20260910614
1613,2,set1,alt2,20260910615
1613,2,set2,alt1,20260910615
1613,2,set7,alt1,20260910615
1613,2,set8,alt1,20260910615
1613,2,set10,alt1,20260910615
1613,2,set13,alt1,20260910615
1613,2,set36,alt2,20260910615
1613,2,set38,alt2,20260910615
1613,2,set40,alt2,20260910615
1613,2,set44,alt1,20260910615
1613,2,set45,alt2,20260910615
1613,2,set46,alt1,20260910615
1614,3,set3,alt1,20260910616
1614,3,set4,alt2,20260910616
1614,3,set12,alt1,20260910616
1614,3,set22,alt1,20260910616
1614,3,set24,alt1,20260910616
1614,3,set25,alt1,20260910616
1614,3,set28,alt1,20260910616
1614,3,set29,alt1,20260910616
1614,3,set30,alt2,20260910616
1614,3,set31,alt2,20260910616
1614,3,set39,alt2,20260910616
1614,3,set47,alt2,20260910616
1615,4,set14,alt2,20260910617
1615,4,set15,alt2,20260910617
1615,4,set16,alt1,20260910617
1615,4,set17,alt1,20260910617
1615,4,set20,alt1,20260910617
1615,4,set21,alt1,20260910617
1615,4,set23,alt1,20260910617
1615,4,set26,alt1,20260910617
1615,4,set27,alt2,20260910617
1615,4,set32,alt1,20260910617
1615,4,set34,alt2,20260910617
1615,4,set43,alt1,20260910617
1616,1,set5,alt2,20260910618
1616,1,set6,alt2,20260910618
1616,1,set9,alt2,20260910618
1616,1,set11,alt2,20260910618
1616,1,set18,alt2,20260910618
1616,1,set19,alt2,20260910618
1616,1,set33,alt1,20260910618
1616,1,set35,alt2,20260910618
1616,1,set37,alt1,20260910618
1616,1,set41,alt2,20260910618
1616,1,set42,alt2,20260910618
1616,1,set48,alt2,20260910618
1617,2,set1,alt2,20260910619
1617,2,set2,alt1,20260910619
1617,2,set7,alt1,20260910619
1617,2,set8,alt1,20260910619
1617,2,set10,alt1,20260910619
1617,2,set13,alt1,20260910619
1617,2,set36,alt2,20260910619
1617,2,set38,alt2,20260910619
1617,2,set40,alt2,20260910619
1617,2,set44,alt1,20260910619
1617,2,set45,alt2,20260910619
1617,2,set46,alt1,20260910619
1618,1,set5,alt2,20260910620
1618,1,set6,alt1,20260910620
1618,1,set9,alt2,20260910620
1618,1,set11,alt2,20260910620
1618,1,set18,alt2,20260910620
1618,1,set19,alt2,20260910620
1618,1,set33,alt1,20260910620
1618,1,set35,alt2,20260910620
1618,1,set37,alt1,20260910620
1618,1,set41,alt1,20260910620
1618,1,set42,alt2,20260910620
1618,1,set48,alt2,20260910620
1619,1,set5,alt2,20260910621
1619,1,set6,alt2,20260910621
1619,1,set9,alt2,20260910621
1619,1,set11,alt2,20260910621
1619,1,set18,alt2,20260910621
1619,1,set19,alt1,20260910621
1619,1,set33,alt1,20260910621
1619,1,set35,alt2,20260910621
1619,1,set37,alt1,20260910621
1619,1,set41,alt2,20260910621
1619,1,set42,alt2,20260910621
1619,1,set48,alt2,20260910621
1620,2,set1,alt2,20260910622
1620,2,set2,alt1,20260910622
1620,2,set7,alt2,20260910622
1620,2,set8,alt1,20260910622
1620,2,set10,alt2,20260910622
1620,2,set13,alt1,20260910622
1620,2,set36,alt2,20260910622
1620,2,set38,alt1,20260910622
1620,2,set40,alt2,20260910622
1620,2,set44,alt2,20260910622
1620,2,set45,alt2,20260910622
1620,2,set46,alt2,20260910622
1621,1,set5,alt2,20260910623
1621,1,set6,alt1,20260910623
1621,1,set9,alt2,20260910623
1621,1,set11,alt2,20260910623
1621,1,set18,alt2,20260910623
1621,1,set19,alt2,20260910623
1621,1,set33,alt1,20260910623
1621,1,set35,alt2,20260910623
1621,1,set37,alt1,20260910623
1621,1,set41,alt1,20260910623
1621,1,set42,alt2,20260910623
1621,1,set48,alt2,20260910623
1622,2,set1,alt2,20260910624
1622,2,set2,alt1,20260910624
1622,2,set7,alt1,20260910624
1622,2,set8,alt1,20260910624
1622,2,set10,alt1,20260910624
1622,2,set13,alt1,20260910624
1622,2,set36,alt2,20260910624
1622,2,set38,alt2,20260910624
1622,2,set40,alt2,20260910624
1622,2,set44,alt1,20260910624
1622,2,set45,alt2,20260910624
1622,2,set46,alt1,20260910624
1623,1,set5,alt1,20260910625
1623,1,set6,alt1,20260910625
1623,1,set9,alt1,20260910625
1623,1,set11,alt2,20260910625
1623,1,set18,alt1,20260910625
1623,1,set19,alt1,20260910625
1623,1,set33,alt2,20260910625
1623,1,set35,alt2,20260910625
1623,1,set37,alt1,20260910625
1623,1,set41,alt1,20260910625
1623,1,set42,alt2,20260910625
1623,1,set48,alt2,20260910625
1624,3,set3,alt1,20260910626
1624,3,set4,alt2,20260910626
1624,3,set12,alt1,20260910626
1624,3,set22,alt1,20260910626
1624,3,set24,alt1,20260910626
1624,3,set25,alt1,20260910626
1624,3,set28,alt1,20260910626
1624,3,set29,alt1,20260910626
1624,3,set30,alt2,20260910626
1624,3,set31,alt2,20260910626
1624,3,set39,alt2,20260910626
1624,3,set47,alt2,20260910626
1625,3,set3,alt1,20260910627
1625,3,set4,alt2,20260910627
1625,3,set12,alt1,20260910627
1625,3,set22,alt1,20260910627
1625,3,set24,alt1,20260910627
1625,3,set25,alt1,20260910627
1625,3,set28,alt1,20260910627
1625,3,set29,alt1,20260910627
1625,3,set30,alt2,20260910627
1625,3,set31,alt2,20260910627
1625,3,set39,alt2,20260910627
1625,3,set47,alt2,20260910627
1626,2,set1,alt2,20260910628
1626,2,set2,alt1,20260910628
1626,2,set7,alt1,20260910628
1626,2,set8,alt1,20260910628
1626,2,set10,alt1,20260910628
1626,2,set13,alt1,20260910628
1626,2,set36,alt2,20260910628
1626,2,set38,alt2,20260910628
1626,2,set40,alt2,20260910628
1626,2,set44,alt1,20260910628
1626,2,set45,alt2,20260910628
1626,2,set46,alt1,20260910628
1627,1,set5,alt2,20260910629
1627,1,set6,alt1,20260910629
1627,1,set9,alt2,20260910629
1627,1,set11,alt2,20260910629
1627,1,set18,alt2,20260910629
1627,1,set19,alt2,20260910629
1627,1,set33,alt1,20260910629
1627,1,set35,alt2,20260910629
1627,1,set37,alt1,20260910629
1627,1,set41,alt1,20260910629
1627,1,set42,alt2,20260910629
1627,1,set48,alt2,20260910629
1628,4,set14,alt1,20260910630
1628,4,set15,alt2,20260910630
1628,4,set16,alt2,20260910630
1628,4,set17,alt2,20260910630
1628,4,set20,alt1,20260910630
1628,4,set21,alt1,20260910630
1628,4,set23,alt1,20260910630
1628,4,set26,alt1,20260910630
1628,4,set27,alt1,20260910630
1628,4,set32,alt1,20260910630
1628,4,set34,alt2,20260910630
1628,4,set43,alt2,20260910630
1629,1,set5,alt2,20260910631
1629,1,set6,alt1,20260910631
1629,1,set9,alt2,20260910631
1629,1,set11,alt2,20260910631
1629,1,set18,alt2,20260910631
1629,1,set19,alt2,20260910631
1629,1,set33,alt1,20260910631
1629,1,set35,alt2,20260910631
1629,1,set37,alt1,20260910631
1629,1,set41,alt1,20260910631
1629,1,set42,alt2,20260910631
1629,1,set48,alt2,20260910631
1630,1,set5,alt2,20260910632
1630,1,set6,alt1,20260910632
1630,1,set9,alt2,20260910632
1630,1,set11,alt2,20260910632
1630,1,set18,alt2,20260910632
1630,1,set19,alt2,20260910632
1630,1,set33,alt1,20260910632
1630,1,set35,alt2,20260910632
1630,1,set37,alt1,20260910632
1630,1,set41,alt1,20260910632
1630,1,set42,alt2,20260910632
1630,1,set48,alt2,20260910632
1631,2,set1,alt2,20260910633
1631,2,set2,alt1,20260910633
1631,2,set7,alt1,20260910633
1631,2,set8,alt1,20260910633
1631,2,set10,alt2,20260910633
1631,2,set13,alt1,20260910633
1631,2,set36,alt2,20260910633
1631,2,set38,alt2,20260910633
1631,2,set40,alt2,20260910633
1631,2,set44,alt1,20260910633
1631,2,set45,alt2,20260910633
1631,2,set46,alt1,20260910633
1632,3,set3,alt1,20260910634
1632,3,set4,alt2,20260910634
1632,3,set12,alt1,20260910634
1632,3,set22,alt1,20260910634
1632,3,set24,alt1,20260910634
1632,3,set25,alt1,20260910634
1632,3,set28,alt1,20260910634
1632,3,set29,alt1,20260910634
1632,3,set30,alt2,20260910634
1632,3,set31,alt2,20260910634
1632,3,set39,alt2,20260910634
1632,3,set47,alt2,20260910634
1633,4,set14,alt2,20260910635
1633,4,set15,alt2,20260910635
1633,4,set16,alt1,20260910635
1633,4,set17,alt1,20260910635
1633,4,set20,alt1,20260910635
1633,4,set21,alt1,20260910635
1633,4,set23,alt1,20260910635
1633,4,set26,alt1,20260910635
1633,4,set27,alt2,20260910635
1633,4,set32,alt1,20260910635
1633,4,set34,alt2,20260910635
1633,4,set43,alt1,20260910635
1634,2,set1,alt2,20260910636
1634,2,set2,alt1,20260910636
1634,2,set7,alt2,20260910636
1634,2,set8,alt1,20260910636
1634,2,set10,alt2,20260910636
1634,2,set13,alt1,20260910636
1634,2,set36,alt2,20260910636
1634,2,set38,alt1,20260910636
1634,2,set40,alt2,20260910636
1634,2,set44,alt2,20260910636
1634,2,set45,alt2,20260910636
1634,2,set46,alt2,20260910636
1635,4,set14,alt2,20260910637
1635,4,set15,alt2,20260910637
1635,4,set16,alt1,20260910637
1635,4,set17,alt1,20260910637
1635,4,set20,alt1,20260910637
1635,4,set21,alt2,20260910637
1635,4,set23,alt1,20260910637
1635,4,set26,alt1,20260910637
1635,4,set27,alt2,20260910637
1635,4,set32,alt1,20260910637
1635,4,set34,alt2,20260910637
1635,4,set43,alt2,20260910637
1636,2,set1,alt2,20260910638
1636,2,set2,alt1,20260910638
1636,2,set7,alt1,20260910638
1636,2,set8,alt1,20260910638
1636,2,set10,alt1,20260910638
1636,2,set13,alt1,20260910638
1636,2,set36,alt2,20260910638
1636,2,set38,alt2,20260910638
1636,2,set40,alt2,20260910638
1636,2,set44,alt1,20260910638
1636,2,set45,alt2,20260910638
1636,2,set46,alt1,20260910638
1637,3,set3,alt1,20260910639
1637,3,set4,alt2,20260910639
1637,3,set12,alt1,20260910639
1637,3,set22,alt1,20260910639
1637,3,set24,alt1,20260910639
1637,3,set25,alt1,20260910639
1637,3,set28,alt1,20260910639
1637,3,set29,alt1,20260910639
1637,3,set30,alt2,20260910639
1637,3,set31,alt2,20260910639
1637,3,set39,alt2,20260910639
1637,3,set47,alt2,20260910639
1638,4,set14,alt1,20260910640
1638,4,set15,alt1,20260910640
1638,4,set16,alt1,20260910640
1638,4,set17,alt1,20260910640
1638,4,set20,alt1,20260910640
1638,4,set21,alt1,20260910640
1638,4,set23,alt1,20260910640
1638,4,set26,alt1,20260910640
1638,4,set27,alt1,20260910640
1638,4,set32,alt1,20260910640
1638,4,set34,alt2,20260910640
1638,4,set43,alt1,20260910640
1639,4,set14,alt1,20260910641
1639,4,set15,alt2,20260910641
1639,4,set16,alt2,20260910641
1639,4,set17,alt2,20260910641
1639,4,set20,alt1,20260910641
1639,4,set21,alt1,20260910641
1639,4,set23,alt1,20260910641
1639,4,set26,alt1,20260910641
1639,4,set27,alt1,20260910641
1639,4,set32,alt1,20260910641
1639,4,set34,alt2,20260910641
1639,4,set43,alt2,20260910641
1640,2,set1,alt2,20260910642
1640,2,set2,alt1,20260910642
1640,2,set7,alt1,20260910642
1640,2,set8,alt1,20260910642
1640,2,set10,alt1,20260910642
1640,2,set13,alt1,20260910642
1640,2,set36,alt2,20260910642
1640,2,set38,alt2,20260910642
1640,2,set40,alt2,20260910642
1640,2,set44,alt1,20260910642
1640,2,set45,alt2,20260910642
1640,2,set46,alt1,20260910642
1641,4,set14,alt1,20260910643
1641,4,set15,alt1,20260910643
1641,4,set16,alt1,20260910643
1641,4,set17,alt1,20260910643
1641,4,set20,alt1,20260910643
1641,4,set21,alt1,20260910643
1641,4,set23,alt1,20260910643
1641,4,set26,alt1,20260910643
1641,4,set27,alt1,20260910643
1641,4,set32,alt1,20260910643
1641,4,set34,alt2,20260910643
1641,4,set43,alt1,20260910643
1642,3,set3,alt2,20260910644
1642,3,set4,alt2,20260910644
1642,3,set12,alt1,20260910644
1642,3,set22,alt2,20260910644
1642,3,set24,alt1,20260910644
1642,3,set25,alt1,20260910644
1642,3,set28,alt1,20260910644
1642,3,set29,alt1,20260910644
1642,3,set30,alt2,20260910644
1642,3,set31,alt2,20260910644
1642,3,set39,alt2,20260910644
1642,3,set47,alt2,20260910644
1643,1,set5,alt1,20260910645
1643,1,set6,alt1,20260910645
1643,1,set9,alt1,20260910645
1643,1,set11,alt2,20260910645
1643,1,set18,alt1,20260910645
1643,1,set19,alt1,20260910645
1643,1,set33,alt2,20260910645
1643,1,set35,alt2,20260910645
1643,1,set37,alt1,20260910645
1643,1,set41,alt1,20260910645
1643,1,set42,alt2,20260910645
1643,1,set48,alt2,20260910645
1644,3,set3,alt2,20260910646
1644,3,set4,alt1,20260910646
1644,3,set12,alt1,20260910646
1644,3,set22,alt2,20260910646
1644,3,set24,alt1,20260910646
1644,3,set25,alt2,20260910646
1644,3,set28,alt2,20260910646
1644,3,set29,alt1,20260910646
1644,3,set30,alt2,20260910646
1644,3,set31,alt1,20260910646
1644,3,set39,alt1,20260910646
1644,3,set47,alt2,20260910646
1645,3,set3,alt1,20260910647
1645,3,set4,alt2,20260910647
1645,3,set12,alt1,20260910647
1645,3,set22,alt1,20260910647
1645,3,set24,alt1,20260910647
1645,3,set25,alt1,20260910647
1645,3,set28,alt1,20260910647
1645,3,set29,alt1,20260910647
1645,3,set30,alt2,20260910647
1645,3,set31,alt2,20260910647
1645,3,set39,alt2,20260910647
1645,3,set47,alt2,20260910647
1646,4,set14,alt1,20260910648
1646,4,set15,alt2,20260910648
1646,4,set16,alt1,20260910648
1646,4,set17,alt2,20260910648
1646,4,set20,alt1,20260910648
1646,4,set21,alt1,20260910648
1646,4,set23,alt1,20260910648
1646,4,set26,alt1,20260910648
1646,4,set27,alt1,20260910648
1646,4,set32,alt1,20260910648
1646,4,set34,alt1,20260910648
1646,4,set43,alt1,20260910648
1647,1,set5,alt2,20260910649
1647,1,set6,alt2,20260910649
1647,1,set9,alt2,20260910649
1647,1,set11,alt2,20260910649
1647,1,set18,alt1,20260910649
1647,1,set19,alt2,20260910649
1647,1,set33,alt1,20260910649
1647,1,set35,alt2,20260910649
1647,1,set37,alt1,20260910649
1647,1,set41,alt1,20260910649
1647,1,set42,alt2,20260910649
1647,1,set48,alt2,20260910649
1648,3,set3,alt1,20260910650
1648,3,set4,alt2,20260910650
1648,3,set12,alt1,20260910650
1648,3,set22,alt1,20260910650
1648,3,set24,alt1,20260910650
1648,3,set25,alt1,20260910650
1648,3,set28,alt1,20260910650
1648,3,set29,alt1,20260910650
1648,3,set30,alt2,20260910650
1648,3,set31,alt2,20260910650
1648,3,set39,alt2,20260910650
1648,3,set47,alt2,20260910650
1649,2,set1,alt2,20260910651
1649,2,set2,alt1,20260910651
1649,2,set7,alt1,20260910651
1649,2,set8,alt1,20260910651
1649,2,set10,alt1,20260910651
1649,2,set13,alt1,20260910651
1649,2,set36,alt2,20260910651
1649,2,set38,alt2,20260910651
1649,2,set40,alt2,20260910651
1649,2,set44,alt1,20260910651
1649,2,set45,alt2,20260910651
1649,2,set46,alt1,20260910651
1650,1,set5,alt2,20260910652
1650,1,set6,alt2,20260910652
1650,1,set9,alt2,20260910652
1650,1,set11,alt2,20260910652
1650,1,set18,alt2,20260910652
1650,1,set19,alt2,20260910652
1650,1,set33,alt1,20260910652
1650,1,set35,alt2,20260910652
1650,1,set37,alt1,20260910652
1650,1,set41,alt2,20260910652
1650,1,set42,alt2,20260910652
1650,1,set48,alt2,20260910652
1651,3,set3,alt2,20260910653
1651,3,set4,alt1,20260910653
1651,3,set12,alt1,20260910653
1651,3,set22,alt2,20260910653
1651,3,set24,alt1,20260910653
1651,3,set25,alt2,20260910653
1651,3,set28,alt2,20260910653
1651,3,set29,alt1,20260910653
1651,3,set30,alt2,20260910653
1651,3,set31,alt1,20260910653
1651,3,set39,alt1,20260910653
1651,3,set47,alt2,20260910653
1652,3,set3,alt1,20260910654
1652,3,set4,alt2,20260910654
1652,3,set12,alt1,20260910654
1652,3,set22,alt1,20260910654
1652,3,set24,alt1,20260910654
1652,3,set25,alt1,20260910654
1652,3,set28,alt1,20260910654
1652,3,set29,alt1,20260910654
1652,3,set30,alt2,20260910654
1652,3,set31,alt2,20260910654
1652,3,set39,alt2,20260910654
1652,3,set47,alt2,20260910654
1653,2,set1,alt2,20260910655
1653,2,set2,alt1,20260910655
1653,2,set7,alt1,20260910655
1653,2,set8,alt1,20260910655
1653,2,set10,alt1,20260910655
1653,2,set13,alt1,20260910655
1653,2,set36,alt1,20260910655
1653,2,set38,alt2,20260910655
1653,2,set40,alt1,20260910655
1653,2,set44,alt2,20260910655
1653,2,set45,alt2,20260910655
1653,2,set46,alt2,20260910655
1654,2,set1,alt2,20260910656
1654,2,set2,alt1,20260910656
1654,2,set7,alt1,20260910656
1654,2,set8,alt1,20260910656
1654,2,set10,alt1,20260910656
1654,2,set13,alt1,20260910656
1654,2,set36,alt2,20260910656
1654,2,set38,alt2,20260910656
1654,2,set40,alt2,20260910656
1654,2,set44,alt1,20260910656
1654,2,set45,alt2,20260910656
1654,2,set46,alt1,20260910656
1655,3,set3,alt1,20260910657
1655,3,set4,alt2,20260910657
1655,3,set12,alt1,20260910657
1655,3,set22,alt1,20260910657
1655,3,set24,alt1,20260910657
1655,3,set25,alt1,20260910657
1655,3,set28,alt1,20260910657
1655,3,set29,alt1,20260910657
1655,3,set30,alt2,20260910657
1655,3,set31,alt2,20260910657
1655,3,set39,alt2,20260910657
1655,3,set47,alt2,20260910657
1656,1,set5,alt1,20260910658
1656,1,set6,alt1,20260910658
1656,1,set9,alt1,20260910658
1656,1,set11,alt2,20260910658
1656,1,set18,alt1,20260910658
1656,1,set19,alt1,20260910658
1656,1,set33,alt2,20260910658
1656,1,set35,alt2,20260910658
1656,1,set37,alt1,20260910658
1656,1,set41,alt1,20260910658
1656,1,set42,alt2,20260910658
1656,1,set48,alt2,20260910658
1657,1,set5,alt2,20260910659
1657,1,set6,alt1,20260910659
1657,1,set9,alt2,20260910659
1657,1,set11,alt2,20260910659
1657,1,set18,alt2,20260910659
1657,1,set19,alt2,20260910659
1657,1,set33,alt1,20260910659
1657,1,set35,alt2,20260910659
1657,1,set37,alt1,20260910659
1657,1,set41,alt1,20260910659
1657,1,set42,alt2,20260910659
1657,1,set48,alt2,20260910659
1658,4,set14,alt1,20260910660
1658,4,set15,alt2,20260910660
1658,4,set16,alt1,20260910660
1658,4,set17,alt2,20260910660
1658,4,set20,alt1,20260910660
1658,4,set21,alt1,20260910660
1658,4,set23,alt1,20260910660
1658,4,set26,alt1,20260910660
1658,4,set27,alt1,20260910660
1658,4,set32,alt1,20260910660
1658,4,set34,alt1,20260910660
1658,4,set43,alt1,20260910660
1659,3,set3,alt2,20260910661
1659,3,set4,alt2,20260910661
1659,3,set12,alt1,20260910661
1659,3,set22,alt2,20260910661
1659,3,set24,alt1,20260910661
1659,3,set25,alt1,20260910661
1659,3,set28,alt1,20260910661
1659,3,set29,alt1,20260910661
1659,3,set30,alt2,20260910661
1659,3,set31,alt2,20260910661
1659,3,set39,alt2,20260910661
1659,3,set47,alt2,20260910661
1660,3,set3,alt2,20260910662
1660,3,set4,alt1,20260910662
1660,3,set12,alt1,20260910662
1660,3,set22,alt2,20260910662
1660,3,set24,alt1,20260910662
1660,3,set25,alt2,20260910662
1660,3,set28,alt2,20260910662
1660,3,set29,alt1,20260910662
1660,3,set30,alt2,20260910662
1660,3,set31,alt1,20260910662
1660,3,set39,alt1,20260910662
1660,3,set47,alt2,20260910662
1661,1,set5,alt2,20260910663
1661,1,set6,alt2,20260910663
1661,1,set9,alt2,20260910663
1661,1,set11,alt2,20260910663
1661,1,set18,alt2,20260910663
1661,1,set19,alt2,20260910663
1661,1,set33,alt1,20260910663
1661,1,set35,alt2,20260910663
1661,1,set37,alt1,20260910663
1661,1,set41,alt2,20260910663
1661,1,set42,alt2,20260910663
1661,1,set48,alt2,20260910663
1662,3,set3,alt2,20260910664
1662,3,set4,alt2,20260910664
1662,3,set12,alt1,20260910664
1662,3,set22,alt2,20260910664
1662,3,set24,alt1,20260910664
1662,3,set25,alt1,20260910664
1662,3,set28,alt1,20260910664
1662,3,set29,alt1,20260910664
1662,3,set30,alt2,20260910664
1662,3,set31,alt2,20260910664
1662,3,set39,alt2,20260910664
1662,3,set47,alt2,20260910664
1663,4,set14,alt1,20260910665
1663,4,set15,alt2,20260910665
1663,4,set16,alt2,20260910665
1663,4,set17,alt2,20260910665
1663,4,set20,alt1,20260910665
1663,4,set21,alt1,20260910665
1663,4,set23,alt1,20260910665
1663,4,set26,alt1,20260910665
1663,4,set27,alt1,20260910665
1663,4,set32,alt1,20260910665
1663,4,set34,alt2,20260910665
1663,4,set43,alt2,20260910665
1664,1,set5,alt2,20260910666
1664,1,set6,alt1,20260910666
1664,1,set9,alt2,20260910666
1664,1,set11,alt2,20260910666
1664,1,set18,alt2,20260910666
1664,1,set19,alt2,20260910666
1664,1,set33,alt1,20260910666
1664,1,set35,alt2,20260910666
1664,1,set37,alt1,20260910666
1664,1,set41,alt1,20260910666
1664,1,set42,alt2,20260910666
1664,1,set48,alt2,20260910666
1665,1,set5,alt2,20260910667
1665,1,set6,alt1,20260910667
1665,1,set9,alt2,20260910667
1665,1,set11,alt2,20260910667
1665,1,set18,alt2,20260910667
1665,1,set19,alt2,20260910667
1665,1,set33,alt1,20260910667
1665,1,set35,alt2,20260910667
1665,1,set37,alt1,20260910667
1665,1,set41,alt1,20260910667
1665,1,set42,alt2,20260910667
1665,1,set48,alt2,20260910667
1666,2,set1,alt2,20260910668
1666,2,set2,alt1,20260910668
1666,2,set7,alt1,20260910668
1666,2,set8,alt1,20260910668
1666,2,set10,alt1,20260910668
1666,2,set13,alt1,20260910668
1666,2,set36,alt2,20260910668
1666,2,set38,alt2,20260910668
1666,2,set40,alt2,20260910668
1666,2,set44,alt1,20260910668
1666,2,set45,alt2,20260910668
1666,2,set46,alt1,20260910668
1667,2,set1,alt2,20260910669
1667,2,set2,alt1,20260910669
1667,2,set7,alt2,20260910669
1667,2,set8,alt1,20260910669
1667,2,set10,alt2,20260910669
1667,2,set13,alt1,20260910669
1667,2,set36,alt2,20260910669
1667,2,set38,alt1,20260910669
1667,2,set40,alt2,20260910669
1667,2,set44,alt2,20260910669
1667,2,set45,alt2,20260910669
1667,2,set46,alt2,20260910669
1668,4,set14,alt1,20260910670
1668,4,set15,alt1,20260910670
1668,4,set16,alt1,20260910670
1668,4,set17,alt1,20260910670
1668,4,set20,alt1,20260910670
1668,4,set21,alt1,20260910670
1668,4,set23,alt1,20260910670
1668,4,set26,alt1,20260910670
1668,4,set27,alt1,20260910670
1668,4,set32,alt1,20260910670
1668,4,set34,alt2,20260910670
1668,4,set43,alt1,20260910670
1669,4,set14,alt1,20260910671
1669,4,set15,alt1,20260910671
1669,4,set16,alt1,20260910671
1669,4,set17,alt1,20260910671
1669,4,set20,alt1,20260910671
1669,4,set21,alt1,20260910671
1669,4,set23,alt1,20260910671
1669,4,set26,alt1,20260910671
1669,4,set27,alt1,20260910671
1669,4,set32,alt1,20260910671
1669,4,set34,alt2,20260910671
1669,4,set43,alt1,20260910671
1670,1,set5,alt2,20260910672
1670,1,set6,alt1,20260910672
1670,1,set9,alt2,20260910672
1670,1,set11,alt2,20260910672
1670,1,set18,alt2,20260910672
1670,1,set19,alt2,20260910672
1670,1,set33,alt1,20260910672
1670,1,set35,alt2,20260910672
1670,1,set37,alt1,20260910672
1670,1,set41,alt1,20260910672
1670,1,set42,alt2,20260910672
1670,1,set48,alt2,20260910672
1671,4,set14,alt1,20260910673
1671,4,set15,alt2,20260910673
1671,4,set16,alt2,20260910673
1671,4,set17,alt2,20260910673
1671,4,set20,alt1,20260910673
1671,4,set21,alt1,20260910673
1671,4,set23,alt1,20260910673
1671,4,set26,alt1,20260910673
1671,4,set27,alt1,20260910673
1671,4,set32,alt1,20260910673
1671,4,set34,alt2,20260910673
1671,4,set43,alt2,20260910673
1672,3,set3,alt1,20260910674
1672,3,set4,alt2,20260910674
1672,3,set12,alt1,20260910674
1672,3,set22,alt1,20260910674
1672,3,set24,alt1,20260910674
1672,3,set25,alt1,20260910674
1672,3,set28,alt1,20260910674
1672,3,set29,alt1,20260910674
1672,3,set30,alt2,20260910674
1672,3,set31,alt2,20260910674
1672,3,set39,alt2,20260910674
1672,3,set47,alt2,20260910674
1673,4,set14,alt1,20260910675
1673,4,set15,alt2,20260910675
1673,4,set16,alt2,20260910675
1673,4,set17,alt2,20260910675
1673,4,set20,alt1,20260910675
1673,4,set21,alt1,20260910675
1673,4,set23,alt1,20260910675
1673,4,set26,alt1,20260910675
1673,4,set27,alt1,20260910675
1673,4,set32,alt1,20260910675
1673,4,set34,alt2,20260910675
1673,4,set43,alt2,20260910675
1674,2,set1,alt2,20260910676
1674,2,set2,alt1,20260910676
1674,2,set7,alt1,20260910676
1674,2,set8,alt1,20260910676
1674,2,set10,alt2,20260910676
1674,2,set13,alt1,20260910676
1674,2,set36,alt2,20260910676
1674,2,set38,alt2,20260910676
1674,2,set40,alt2,20260910676
1674,2,set44,alt1,20260910676
1674,2,set45,alt2,20260910676
1674,2,set46,alt1,20260910676
1675,3,set3,alt1,20260910677
1675,3,set4,alt2,20260910677
1675,3,set12,alt1,20260910677
1675,3,set22,alt1,20260910677
1675,3,set24,alt1,20260910677
1675,3,set25,alt1,20260910677
1675,3,set28,alt1,20260910677
1675,3,set29,alt1,20260910677
1675,3,set30,alt2,20260910677
1675,3,set31,alt2,20260910677
1675,3,set39,alt2,20260910677
1675,3,set47,alt2,20260910677
1676,1,set5,alt1,20260910678
1676,1,set6,alt1,20260910678
1676,1,set9,alt1,20260910678
1676,1,set11,alt2,20260910678
1676,1,set18,alt1,20260910678
1676,1,set19,alt1,20260910678
1676,1,set33,alt2,20260910678
1676,1,set35,alt2,20260910678
1676,1,set37,alt1,20260910678
1676,1,set41,alt1,20260910678
1676,1,set42,alt2,20260910678
1676,1,set48,alt2,20260910678
1677,4,set14,alt2,20260910679
1677,4,set15,alt2,20260910679
1677,4,set16,alt1,20260910679
1677,4,set17,alt1,20260910679
1677,4,set20,alt1,20260910679
1677,4,set21,alt2,20260910679
1677,4,set23,alt1,20260910679
1677,4,set26,alt1,20260910679
1677,4,set27,alt2,20260910679
1677,4,set32,alt1,20260910679
1677,4,set34,alt2,20260910679
1677,4,set43,alt2,20260910679
1678,4,set14,alt1,20260910680
1678,4,set15,alt2,20260910680
1678,4,set16,alt2,20260910680
1678,4,set17,alt2,20260910680
1678,4,set20,alt1,20260910680
1678,4,set21,alt1,20260910680
1678,4,set23,alt1,20260910680
1678,4,set26,alt1,20260910680
1678,4,set27,alt1,20260910680
1678,4,set32,alt1,20260910680
1678,4,set34,alt2,20260910680
1678,4,set43,alt2,20260910680
1679,4,set14,alt1,20260910681
1679,4,set15,alt1,20260910681
1679,4,set16,alt1,20260910681
1679,4,set17,alt1,20260910681
1679,4,set20,alt1,20260910681
1679,4,set21,alt1,20260910681
1679,4,set23,alt1,20260910681
1679,4,set26,alt1,20260910681
1679,4,set27,alt1,20260910681
1679,4,set32,alt1,20260910681
1679,4,set34,alt2,20260910681
1679,4,set43,alt1,20260910681
1680,2,set1,alt2,20260910682
1680,2,set2,alt1,20260910682
1680,2,set7,alt1,20260910682
1680,2,set8,alt1,20260910682
1680,2,set10,alt1,20260910682
1680,2,set13,alt1,20260910682
1680,2,set36,alt2,20260910682
1680,2,set38,alt2,20260910682
1680,2,set40,alt2,20260910682
1680,2,set44,alt1,20260910682
1680,2,set45,alt2,20260910682
1680,2,set46,alt1,20260910682
1681,2,set1,alt2,20260910683
1681,2,set2,alt1,20260910683
1681,2,set7,alt2,20260910683
1681,2,set8,alt1,20260910683
1681,2,set10,alt2,20260910683
1681,2,set13,alt1,20260910683
1681,2,set36,alt2,20260910683
1681,2,set38,alt1,20260910683
1681,2,set40,alt2,20260910683
1681,2,set44,alt2,20260910683
1681,2,set45,alt2,20260910683
1681,2,set46,alt2,20260910683
1682,2,set1,alt2,20260910684
1682,2,set2,alt1,20260910684
1682,2,set7,alt1,20260910684
1682,2,set8,alt1,20260910684
1682,2,set10,alt1,20260910684
1682,2,set13,alt1,20260910684
1682,2,set36,alt2,20260910684
1682,2,set38,alt2,20260910684
1682,2,set40,alt2,20260910684
1682,2,set44,alt1,20260910684
1682,2,set45,alt2,20260910684
1682,2,set46,alt1,20260910684
1683,4,set14,alt2,20260910685
1683,4,set15,alt2,20260910685
1683,4,set16,alt1,20260910685
1683,4,set17,alt1,20260910685
1683,4,set20,alt1,20260910685
1683,4,set21,alt1,20260910685
1683,4,set23,alt1,20260910685
1683,4,set26,alt1,20260910685
1683,4,set27,alt2,20260910685
1683,4,set32,alt1,20260910685
1683,4,set34,alt2,20260910685
1683,4,set43,alt1,20260910685
1684,4,set14,alt1,20260910686
1684,4,set15,alt2,20260910686
1684,4,set16,alt1,20260910686
1684,4,set17,alt2,20260910686
1684,4,set20,alt1,20260910686
1684,4,set21,alt1,20260910686
1684,4,set23,alt1,20260910686
1684,4,set26,alt1,20260910686
1684,4,set27,alt1,20260910686
1684,4,set32,alt1,20260910686
1684,4,set34,alt1,20260910686
1684,4,set43,alt1,20260910686
1685,2,set1,alt2,20260910687
1685,2,set2,alt1,20260910687
1685,2,set7,alt1,20260910687
1685,2,set8,alt1,20260910687
1685,2,set10,alt2,20260910687
1685,2,set13,alt1,20260910687
1685,2,set36,alt2,20260910687
1685,2,set38,alt2,20260910687
1685,2,set40,alt2,20260910687
1685,2,set44,alt1,20260910687
1685,2,set45,alt2,20260910687
1685,2,set46,alt1,20260910687
1686,1,set5,alt2,20260910688
1686,1,set6,alt2,20260910688
1686,1,set9,alt2,20260910688
1686,1,set11,alt2,20260910688
1686,1,set18,alt2,20260910688
1686,1,set19,alt1,20260910688
1686,1,set33,alt1,20260910688
1686,1,set35,alt2,20260910688
1686,1,set37,alt1,20260910688
1686,1,set41,alt2,20260910688
1686,1,set42,alt2,20260910688
1686,1,set48,alt2,20260910688
1687,4,set14,alt1,20260910689
1687,4,set15,alt1,20260910689
1687,4,set16,alt1,20260910689
1687,4,set17,alt1,20260910689
1687,4,set20,alt1,20260910689
1687,4,set21,alt1,20260910689
1687,4,set23,alt1,20260910689
1687,4,set26,alt1,20260910689
1687,4,set27,alt1,20260910689
1687,4,set32,alt1,20260910689
1687,4,set34,alt2,20260910689
1687,4,set43,alt1,20260910689
1688,3,set3,alt2,20260910690
1688,3,set4,alt1,20260910690
1688,3,set12,alt1,20260910690
1688,3,set22,alt2,20260910690
1688,3,set24,alt1,20260910690
1688,3,set25,alt2,20260910690
1688,3,set28,alt2,20260910690
1688,3,set29,alt1,20260910690
1688,3,set30,alt1,20260910690
1688,3,set31,alt2,20260910690
1688,3,set39,alt1,20260910690
1688,3,set47,alt1,20260910690
1689,4,set14,alt1,20260910691
1689,4,set15,alt2,20260910691
1689,4,set16,alt2,20260910691
1689,4,set17,alt2,20260910691
1689,4,set20,alt1,20260910691
1689,4,set21,alt1,20260910691
1689,4,set23,alt1,20260910691
1689,4,set26,alt1,20260910691
1689,4,set27,alt1,20260910691
1689,4,set32,alt1,20260910691
1689,4,set34,alt2,20260910691
1689,4,set43,alt2,20260910691
1690,2,set1,alt2,20260910692
1690,2,set2,alt1,20260910692
1690,2,set7,alt1,20260910692
1690,2,set8,alt1,20260910692
1690,2,set10,alt1,20260910692
1690,2,set13,alt1,20260910692
1690,2,set36,alt2,20260910692
1690,2,set38,alt2,20260910692
1690,2,set40,alt2,20260910692
1690,2,set44,alt1,20260910692
1690,2,set45,alt2,20260910692
1690,2,set46,alt1,20260910692
1691,3,set3,alt1,20260910693
1691,3,set4,alt2,20260910693
1691,3,set12,alt1,20260910693
1691,3,set22,alt1,20260910693
1691,3,set24,alt1,20260910693
1691,3,set25,alt1,20260910693
1691,3,set28,alt1,20260910693
1691,3,set29,alt1,20260910693
1691,3,set30,alt2,20260910693
1691,3,set31,alt2,20260910693
1691,3,set39,alt2,20260910693
1691,3,set47,alt2,20260910693
1692,1,set5,alt2,20260910694
1692,1,set6,alt1,20260910694
1692,1,set9,alt2,20260910694
1692,1,set11,alt2,20260910694
1692,1,set18,alt2,20260910694
1692,1,set19,alt2,20260910694
1692,1,set33,alt1,20260910694
1692,1,set35,alt2,20260910694
1692,1,set37,alt1,20260910694
1692,1,set41,alt1,20260910694
1692,1,set42,alt2,20260910694
1692,1,set48,alt2,20260910694
1693,2,set1,alt2,20260910695
1693,2,set2,alt1,20260910695
1693,2,set7,alt2,20260910695
1693,2,set8,alt1,20260910695
1693,2,set10,alt2,20260910695
1693,2,set13,alt1,20260910695
1693,2,set36,alt2,20260910695
1693,2,set38,alt1,20260910695
1693,2,set40,alt2,20260910695
1693,2,set44,alt2,20260910695
1693,2,set45,alt2,20260910695
1693,2,set46,alt2,20260910695
1694,4,set14,alt1,20260910696
1694,4,set15,alt2,20260910696
1694,4,set16,alt2,20260910696
1694,4,set17,alt2,20260910696
1694,4,set20,alt1,20260910696
1694,4,set21,alt1,20260910696
1694,4,set23,alt1,20260910696
1694,4,set26,alt1,20260910696
1694,4,set27,alt1,20260910696
1694,4,set32,alt1,20260910696
1694,4,set34,alt2,20260910696
1694,4,set43,alt2,20260910696
1695,3,set3,alt1,20260910697
1695,3,set4,alt2,20260910697
1695,3,set12,alt1,20260910697
1695,3,set22,alt1,20260910697
1695,3,set24,alt1,20260910697
1695,3,set25,alt1,20260910697
1695,3,set28,alt1,20260910697
1695,3,set29,alt1,20260910697
1695,3,set30,alt2,20260910697
1695,3,set31,alt2,20260910697
1695,3,set39,alt2,20260910697
1695,3,set47,alt2,20260910697
1696,2,set1,alt2,20260910698
1696,2,set2,alt1,20260910698
1696,2,set7,alt1,20260910698
1696,2,set8,alt1,20260910698
1696,2,set10,alt1,20260910698
1696,2,set13,alt1,20260910698
1696,2,set36,alt2,20260910698
1696,2,set38,alt2,20260910698
1696,2,set40,alt2,20260910698
1696,2,set44,alt1,20260910698
1696,2,set45,alt2,20260910698
1696,2,set46,alt1,20260910698
1697,1,set5,alt2,20260910699
1697,1,set6,alt1,20260910699
1697,1,set9,alt2,20260910699
1697,1,set11,alt2,20260910699
1697,1,set18,alt2,20260910699
1697,1,set19,alt2,20260910699
1697,1,set33,alt1,20260910699
1697,1,set35,alt2,20260910699
1697,1,set37,alt1,20260910699
1697,1,set41,alt1,20260910699
1697,1,set42,alt2,20260910699
1697,1,set48,alt2,20260910699
1698,2,set1,alt2,20260910700
1698,2,set2,alt1,20260910700
1698,2,set7,alt1,20260910700
1698,2,set8,alt1,20260910700
1698,2,set10,alt1,20260910700
1698,2,set13,alt1,20260910700
1698,2,set36,alt2,20260910700
1698,2,set38,alt2,20260910700
1698,2,set40,alt2,20260910700
1698,2,set44,alt1,20260910700
1698,2,set45,alt2,20260910700
1698,2,set46,alt1,20260910700
1699,1,set5,alt2,20260910701
1699,1,set6,alt2,20260910701
1699,1,set9,alt2,20260910701
1699,1,set11,alt2,20260910701
1699,1,set18,alt1,20260910701
1699,1,set19,alt2,20260910701
1699,1,set33,alt1,20260910701
1699,1,set35,alt2,20260910701
1699,1,set37,alt1,20260910701
1699,1,set41,alt1,20260910701
1699,1,set42,alt2,20260910701
1699,1,set48,alt2,20260910701
1700,3,set3,alt1,20260910702
1700,3,set4,alt2,20260910702
1700,3,set12,alt1,20260910702
1700,3,set22,alt1,20260910702
1700,3,set24,alt1,20260910702
1700,3,set25,alt1,20260910702
1700,3,set28,alt1,20260910702
1700,3,set29,alt1,20260910702
1700,3,set30,alt2,20260910702
1700,3,set31,alt2,20260910702
1700,3,set39,alt2,20260910702
1700,3,set47,alt2,20260910702
1701,2,set1,alt2,20260910703
1701,2,set2,alt1,20260910703
1701,2,set7,alt1,20260910703
1701,2,set8,alt1,20260910703
1701,2,set10,alt2,20260910703
1701,2,set13,alt1,20260910703
1701,2,set36,alt2,20260910703
1701,2,set38,alt2,20260910703
1701,2,set40,alt2,20260910703
1701,2,set44,alt1,20260910703
1701,2,set45,alt2,20260910703
1701,2,set46,alt1,20260910703
1702,1,set5,alt2,20260910704
1702,1,set6,alt1,20260910704
1702,1,set9,alt2,20260910704
1702,1,set11,alt2,20260910704
1702,1,set18,alt2,20260910704
1702,1,set19,alt2,20260910704
1702,1,set33,alt1,20260910704
1702,1,set35,alt2,20260910704
1702,1,set37,alt1,20260910704
1702,1,set41,alt1,20260910704
1702,1,set42,alt2,20260910704
1702,1,set48,alt2,20260910704
1703,1,set5,alt2,20260910705
1703,1,set6,alt2,20260910705
1703,1,set9,alt2,20260910705
1703,1,set11,alt2,20260910705
1703,1,set18,alt1,20260910705
1703,1,set19,alt2,20260910705
1703,1,set33,alt1,20260910705
1703,1,set35,alt2,20260910705
1703,1,set37,alt1,20260910705
1703,1,set41,alt1,20260910705
1703,1,set42,alt2,20260910705
1703,1,set48,alt2,20260910705
1704,2,set1,alt2,20260910706
1704,2,set2,alt1,20260910706
1704,2,set7,alt1,20260910706
1704,2,set8,alt1,20260910706
1704,2,set10,alt1,20260910706
1704,2,set13,alt1,20260910706
1704,2,set36,alt2,20260910706
1704,2,set38,alt2,20260910706
1704,2,set40,alt2,20260910706
1704,2,set44,alt1,20260910706
1704,2,set45,alt2,20260910706
1704,2,set46,alt1,20260910706
1705,3,set3,alt2,20260910707
1705,3,set4,alt2,20260910707
1705,3,set12,alt1,20260910707
1705,3,set22,alt2,20260910707
1705,3,set24,alt1,20260910707
1705,3,set25,alt1,20260910707
1705,3,set28,alt1,20260910707
1705,3,set29,alt1,20260910707
1705,3,set30,alt2,20260910707
1705,3,set31,alt2,20260910707
1705,3,set39,alt2,20260910707
1705,3,set47,alt2,20260910707
1706,3,set3,alt1,20260910708
1706,3,set4,alt2,20260910708
1706,3,set12,alt1,20260910708
1706,3,set22,alt1,20260910708
1706,3,set24,alt1,20260910708
1706,3,set25,alt1,20260910708
1706,3,set28,alt1,20260910708
1706,3,set29,alt1,20260910708
1706,3,set30,alt2,20260910708
1706,3,set31,alt2,20260910708
1706,3,set39,alt2,20260910708
1706,3,set47,alt2,20260910708
1707,3,set3,alt2,20260910709
1707,3,set4,alt2,20260910709
1707,3,set12,alt1,20260910709
1707,3,set22,alt2,20260910709
1707,3,set24,alt1,20260910709
1707,3,set25,alt1,20260910709
1707,3,set28,alt1,20260910709
1707,3,set29,alt1,20260910709
1707,3,set30,alt2,20260910709
1707,3,set31,alt2,20260910709
1707,3,set39,alt2,20260910709
1707,3,set47,alt2,20260910709
1708,4,set14,alt1,20260910710
1708,4,set15,alt2,20260910710
1708,4,set16,alt1,20260910710
1708,4,set17,alt2,20260910710
1708,4,set20,alt1,20260910710
1708,4,set21,alt1,20260910710
1708,4,set23,alt1,20260910710
1708,4,set26,alt1,20260910710
1708,4,set27,alt1,20260910710
1708,4,set32,alt1,20260910710
1708,4,set34,alt1,20260910710
1708,4,set43,alt1,20260910710
1709,1,set5,alt2,20260910711
1709,1,set6,alt2,20260910711
1709,1,set9,alt2,20260910711
1709,1,set11,alt2,20260910711
1709,1,set18,alt1,20260910711
1709,1,set19,alt2,20260910711
1709,1,set33,alt1,20260910711
1709,1,set35,alt2,20260910711
1709,1,set37,alt1,20260910711
1709,1,set41,alt1,20260910711
1709,1,set42,alt2,20260910711
1709,1,set48,alt2,20260910711
1710,1,set5,alt2,20260910712
1710,1,set6,alt1,20260910712
1710,1,set9,alt2,20260910712
1710,1,set11,alt2,20260910712
1710,1,set18,alt2,20260910712
1710,1,set19,alt2,20260910712
1710,1,set33,alt1,20260910712
1710,1,set35,alt2,20260910712
1710,1,set37,alt1,20260910712
1710,1,set41,alt1,20260910712
1710,1,set42,alt2,20260910712
1710,1,set48,alt2,20260910712
1711,2,set1,alt2,20260910713
1711,2,set2,alt1,20260910713
1711,2,set7,alt1,20260910713
1711,2,set8,alt1,20260910713
1711,2,set10,alt1,20260910713
1711,2,set13,alt1,20260910713
1711,2,set36,alt2,20260910713
1711,2,set38,alt2,20260910713
1711,2,set40,alt2,20260910713
1711,2,set44,alt1,20260910713
1711,2,set45,alt2,20260910713
1711,2,set46,alt1,20260910713
1712,2,set1,alt2,20260910714
1712,2,set2,alt1,20260910714
1712,2,set7,alt1,20260910714
1712,2,set8,alt1,20260910714
1712,2,set10,alt1,20260910714
1712,2,set13,alt1,20260910714
1712,2,set36,alt2,20260910714
1712,2,set38,alt2,20260910714
1712,2,set40,alt2,20260910714
1712,2,set44,alt1,20260910714
1712,2,set45,alt2,20260910714
1712,2,set46,alt1,20260910714
1713,4,set14,alt1,20260910715
1713,4,set15,alt2,20260910715
1713,4,set16,alt2,20260910715
1713,4,set17,alt2,20260910715
1713,4,set20,alt1,20260910715
1713,4,set21,alt1,20260910715
1713,4,set23,alt1,20260910715
1713,4,set26,alt1,20260910715
1713,4,set27,alt1,20260910715
1713,4,set32,alt1,20260910715
1713,4,set34,alt2,20260910715
1713,4,set43,alt2,20260910715
1714,2,set1,alt2,20260910716
1714,2,set2,alt1,20260910716
1714,2,set7,alt2,20260910716
1714,2,set8,alt1,20260910716
1714,2,set10,alt2,20260910716
1714,2,set13,alt1,20260910716
1714,2,set36,alt2,20260910716
1714,2,set38,alt1,20260910716
1714,2,set40,alt2,20260910716
1714,2,set44,alt2,20260910716
1714,2,set45,alt2,20260910716
1714,2,set46,alt2,20260910716
1715,3,set3,alt1,20260910717
1715,3,set4,alt2,20260910717
1715,3,set12,alt1,20260910717
1715,3,set22,alt1,20260910717
1715,3,set24,alt1,20260910717
1715,3,set25,alt1,20260910717
1715,3,set28,alt1,20260910717
1715,3,set29,alt1,20260910717
1715,3,set30,alt2,20260910717
1715,3,set31,alt2,20260910717
1715,3,set39,alt2,20260910717
1715,3,set47,alt2,20260910717
1716,4,set14,alt1,20260910718
1716,4,set15,alt2,20260910718
1716,4,set16,alt1,20260910718
1716,4,set17,alt2,20260910718
1716,4,set20,alt1,20260910718
1716,4,set21,alt1,20260910718
1716,4,set23,alt1,20260910718
1716,4,set26,alt1,20260910718
1716,4,set27,alt1,20260910718
1716,4,set32,alt1,20260910718
1716,4,set34,alt1,20260910718
1716,4,set43,alt1,20260910718
1717,3,set3,alt2,20260910719
1717,3,set4,alt2,20260910719
1717,3,set12,alt1,20260910719
1717,3,set22,alt2,20260910719
1717,3,set24,alt1,20260910719
1717,3,set25,alt1,20260910719
1717,3,set28,alt1,20260910719
1717,3,set29,alt1,20260910719
1717,3,set30,alt2,20260910719
1717,3,set31,alt2,20260910719
1717,3,set39,alt2,20260910719
1717,3,set47,alt2,20260910719
1718,4,set14,alt1,20260910720
1718,4,set15,alt2,20260910720
1718,4,set16,alt2,20260910720
1718,4,set17,alt2,20260910720
1718,4,set20,alt1,20260910720
1718,4,set21,alt1,20260910720
1718,4,set23,alt1,20260910720
1718,4,set26,alt1,20260910720
1718,4,set27,alt1,20260910720
1718,4,set32,alt1,20260910720
1718,4,set34,alt2,20260910720
1718,4,set43,alt2,20260910720
1719,2,set1,alt2,20260910721
1719,2,set2,alt1,20260910721
1719,2,set7,alt1,20260910721
1719,2,set8,alt1,20260910721
1719,2,set10,alt1,20260910721
1719,2,set13,alt1,20260910721
1719,2,set36,alt2,20260910721
1719,2,set38,alt2,20260910721
1719,2,set40,alt2,20260910721
1719,2,set44,alt1,20260910721
1719,2,set45,alt2,20260910721
1719,2,set46,alt1,20260910721
1720,3,set3,alt1,20260910722
1720,3,set4,alt2,20260910722
1720,3,set12,alt1,20260910722
1720,3,set22,alt1,20260910722
1720,3,set24,alt1,20260910722
1720,3,set25,alt1,20260910722
1720,3,set28,alt1,20260910722
1720,3,set29,alt1,20260910722
1720,3,set30,alt2,20260910722
1720,3,set31,alt2,20260910722
1720,3,set39,alt2,20260910722
1720,3,set47,alt2,20260910722
1721,3,set3,alt2,20260910723
1721,3,set4,alt2,20260910723
1721,3,set12,alt1,20260910723
1721,3,set22,alt2,20260910723
1721,3,set24,alt1,20260910723
1721,3,set25,alt1,20260910723
1721,3,set28,alt1,20260910723
1721,3,set29,alt1,20260910723
1721,3,set30,alt2,20260910723
1721,3,set31,alt2,20260910723
1721,3,set39,alt2,20260910723
1721,3,set47,alt2,20260910723
1722,1,set5,alt1,20260910724
1722,1,set6,alt1,20260910724
1722,1,set9,alt1,20260910724
1722,1,set11,alt2,20260910724
1722,1,set18,alt1,20260910724
1722,1,set19,alt1,20260910724
1722,1,set33,alt2,20260910724
1722,1,set35,alt2,20260910724
1722,1,set37,alt1,20260910724
1722,1,set41,alt1,20260910724
1722,1,set42,alt2,20260910724
1722,1,set48,alt2,20260910724
1723,4,set14,alt1,20260910725
1723,4,set15,alt2,20260910725
1723,4,set16,alt2,20260910725
1723,4,set17,alt2,20260910725
1723,4,set20,alt1,20260910725
1723,4,set21,alt1,20260910725
1723,4,set23,alt1,20260910725
1723,4,set26,alt1,20260910725
1723,4,set27,alt1,20260910725
1723,4,set32,alt1,20260910725
1723,4,set34,alt2,20260910725
1723,4,set43,alt2,20260910725
1724,3,set3,alt1,20260910726
1724,3,set4,alt2,20260910726
1724,3,set12,alt1,20260910726
1724,3,set22,alt1,20260910726
1724,3,set24,alt1,20260910726
1724,3,set25,alt1,20260910726
1724,3,set28,alt1,20260910726
1724,3,set29,alt1,20260910726
1724,3,set30,alt2,20260910726
1724,3,set31,alt2,20260910726
1724,3,set39,alt2,20260910726
1724,3,set47,alt2,20260910726
1725,2,set1,alt2,20260910727
1725,2,set2,alt1,20260910727
1725,2,set7,alt1,20260910727
1725,2,set8,alt1,20260910727
1725,2,set10,alt1,20260910727
1725,2,set13,alt1,20260910727
1725,2,set36,alt2,20260910727
1725,2,set38,alt2,20260910727
1725,2,set40,alt2,20260910727
1725,2,set44,alt1,20260910727
1725,2,set45,alt2,20260910727
1725,2,set46,alt1,20260910727
1726,1,set5,alt2,20260910728
1726,1,set6,alt1,20260910728
1726,1,set9,alt2,20260910728
1726,1,set11,alt2,20260910728
1726,1,set18,alt2,20260910728
1726,1,set19,alt2,20260910728
1726,1,set33,alt1,20260910728
1726,1,set35,alt2,20260910728
1726,1,set37,alt1,20260910728
1726,1,set41,alt1,20260910728
1726,1,set42,alt2,20260910728
1726,1,set48,alt2,20260910728
1727,2,set1,alt2,20260910729
1727,2,set2,alt1,20260910729
1727,2,set7,alt1,20260910729
1727,2,set8,alt1,20260910729
1727,2,set10,alt1,20260910729
1727,2,set13,alt1,20260910729
1727,2,set36,alt2,20260910729
1727,2,set38,alt2,20260910729
1727,2,set40,alt2,20260910729
1727,2,set44,alt1,20260910729
1727,2,set45,alt2,20260910729
1727,2,set46,alt1,20260910729
1728,1,set5,alt1,20260910730
1728,1,set6,alt1,20260910730
1728,1,set9,alt1,20260910730
1728,1,set11,alt2,20260910730
1728,1,set18,alt1,20260910730
1728,1,set19,alt1,20260910730
1728,1,set33,alt2,20260910730
1728,1,set35,alt2,20260910730
1728,1,set37,alt1,20260910730
1728,1,set41,alt1,20260910730
1728,1,set42,alt2,20260910730
1728,1,set48,alt2,20260910730
1729,4,set14,alt1,20260910731
1729,4,set15,alt2,20260910731
1729,4,set16,alt2,20260910731
1729,4,set17,alt2,20260910731
1729,4,set20,alt1,20260910731
1729,4,set21,alt1,20260910731
1729,4,set23,alt1,20260910731
1729,4,set26,alt1,20260910731
1729,4,set27,alt1,20260910731
1729,4,set32,alt1,20260910731
1729,4,set34,alt2,20260910731
1729,4,set43,alt2,20260910731
1730,1,set5,alt2,20260910732
1730,1,set6,alt1,20260910732
1730,1,set9,alt2,20260910732
1730,1,set11,alt2,20260910732
1730,1,set18,alt2,20260910732
1730,1,set19,alt2,20260910732
1730,1,set33,alt1,20260910732
1730,1,set35,alt2,20260910732
1730,1,set37,alt1,20260910732
1730,1,set41,alt1,20260910732
1730,1,set42,alt2,20260910732
1730,1,set48,alt2,20260910732
1731,4,set14,alt1,20260910733
1731,4,set15,alt2,20260910733
1731,4,set16,alt2,20260910733
1731,4,set17,alt2,20260910733
1731,4,set20,alt1,20260910733
1731,4,set21,alt1,20260910733
1731,4,set23,alt1,20260910733
1731,4,set26,alt1,20260910733
1731,4,set27,alt1,20260910733
1731,4,set32,alt1,20260910733
1731,4,set34,alt2,20260910733
1731,4,set43,alt2,20260910733
1732,2,set1,alt2,20260910734
1732,2,set2,alt1,20260910734
1732,2,set7,alt1,20260910734
1732,2,set8,alt1,20260910734
1732,2,set10,alt1,20260910734
1732,2,set13,alt1,20260910734
1732,2,set36,alt2,20260910734
1732,2,set38,alt2,20260910734
1732,2,set40,alt2,20260910734
1732,2,set44,alt1,20260910734
1732,2,set45,alt2,20260910734
1732,2,set46,alt1,20260910734
1733,1,set5,alt2,20260910735
1733,1,set6,alt1,20260910735
1733,1,set9,alt2,20260910735
1733,1,set11,alt2,20260910735
1733,1,set18,alt2,20260910735
1733,1,set19,alt2,20260910735
1733,1,set33,alt1,20260910735
1733,1,set35,alt2,20260910735
1733,1,set37,alt1,20260910735
1733,1,set41,alt1,20260910735
1733,1,set42,alt2,20260910735
1733,1,set48,alt2,20260910735
1734,2,set1,alt2,20260910736
1734,2,set2,alt1,20260910736
1734,2,set7,alt1,20260910736
1734,2,set8,alt1,20260910736
1734,2,set10,alt1,20260910736
1734,2,set13,alt1,20260910736
1734,2,set36,alt2,20260910736
1734,2,set38,alt2,20260910736
1734,2,set40,alt2,20260910736
1734,2,set44,alt1,20260910736
1734,2,set45,alt2,20260910736
1734,2,set46,alt1,20260910736
1735,3,set3,alt1,20260910737
1735,3,set4,alt2,20260910737
1735,3,set12,alt1,20260910737
1735,3,set22,alt1,20260910737
1735,3,set24,alt1,20260910737
1735,3,set25,alt1,20260910737
1735,3,set28,alt1,20260910737
1735,3,set29,alt1,20260910737
1735,3,set30,alt2,20260910737
1735,3,set31,alt2,20260910737
1735,3,set39,alt2,20260910737
1735,3,set47,alt2,20260910737
1736,4,set14,alt1,20260910738
1736,4,set15,alt2,20260910738
1736,4,set16,alt2,20260910738
1736,4,set17,alt2,20260910738
1736,4,set20,alt1,20260910738
1736,4,set21,alt1,20260910738
1736,4,set23,alt1,20260910738
1736,4,set26,alt1,20260910738
1736,4,set27,alt1,20260910738
1736,4,set32,alt1,20260910738
1736,4,set34,alt2,20260910738
1736,4,set43,alt2,20260910738
1737,1,set5,alt2,20260910739
1737,1,set6,alt1,20260910739
1737,1,set9,alt2,20260910739
1737,1,set11,alt2,20260910739
1737,1,set18,alt2,20260910739
1737,1,set19,alt2,20260910739
1737,1,set33,alt1,20260910739
1737,1,set35,alt2,20260910739
1737,1,set37,alt1,20260910739
1737,1,set41,alt1,20260910739
1737,1,set42,alt2,20260910739
1737,1,set48,alt2,20260910739
1738,1,set5,alt2,20260910740
1738,1,set6,alt2,20260910740
1738,1,set9,alt2,20260910740
1738,1,set11,alt2,20260910740
1738,1,set18,alt1,20260910740
1738,1,set19,alt2,20260910740
1738,1,set33,alt1,20260910740
1738,1,set35,alt2,20260910740
1738,1,set37,alt1,20260910740
1738,1,set41,alt1,20260910740
1738,1,set42,alt2,20260910740
1738,1,set48,alt2,20260910740
1739,3,set3,alt1,20260910741
1739,3,set4,alt2,20260910741
1739,3,set12,alt1,20260910741
1739,3,set22,alt1,20260910741
1739,3,set24,alt1,20260910741
1739,3,set25,alt1,20260910741
1739,3,set28,alt1,20260910741
1739,3,set29,alt1,20260910741
1739,3,set30,alt2,20260910741
1739,3,set31,alt2,20260910741
1739,3,set39,alt2,20260910741
1739,3,set47,alt2,20260910741
1740,4,set14,alt2,20260910742
1740,4,set15,alt2,20260910742
1740,4,set16,alt1,20260910742
1740,4,set17,alt1,20260910742
1740,4,set20,alt1,20260910742
1740,4,set21,alt1,20260910742
1740,4,set23,alt1,20260910742
1740,4,set26,alt1,20260910742
1740,4,set27,alt2,20260910742
1740,4,set32,alt1,20260910742
1740,4,set34,alt2,20260910742
1740,4,set43,alt1,20260910742
1741,2,set1,alt2,20260910743
1741,2,set2,alt1,20260910743
1741,2,set7,alt1,20260910743
1741,2,set8,alt1,20260910743
1741,2,set10,alt1,20260910743
1741,2,set13,alt1,20260910743
1741,2,set36,alt2,20260910743
1741,2,set38,alt2,20260910743
1741,2,set40,alt2,20260910743
1741,2,set44,alt1,20260910743
1741,2,set45,alt2,20260910743
1741,2,set46,alt1,20260910743
1742,2,set1,alt2,20260910744
1742,2,set2,alt1,20260910744
1742,2,set7,alt2,20260910744
1742,2,set8,alt1,20260910744
1742,2,set10,alt2,20260910744
1742,2,set13,alt1,20260910744
1742,2,set36,alt2,20260910744
1742,2,set38,alt1,20260910744
1742,2,set40,alt2,20260910744
1742,2,set44,alt2,20260910744
1742,2,set45,alt2,20260910744
1742,2,set46,alt2,20260910744
1743,2,set1,alt2,20260910745
1743,2,set2,alt1,20260910745
1743,2,set7,alt1,20260910745
1743,2,set8,alt1,20260910745
1743,2,set10,alt1,20260910745
1743,2,set13,alt1,20260910745
1743,2,set36,alt2,20260910745
1743,2,set38,alt2,20260910745
1743,2,set40,alt2,20260910745
1743,2,set44,alt1,20260910745
1743,2,set45,alt2,20260910745
1743,2,set46,alt1,20260910745
1744,4,set14,alt1,20260910746
1744,4,set15,alt2,20260910746
1744,4,set16,alt1,20260910746
1744,4,set17,alt2,20260910746
1744,4,set20,alt1,20260910746
1744,4,set21,alt1,20260910746
1744,4,set23,alt1,20260910746
1744,4,set26,alt1,20260910746
1744,4,set27,alt1,20260910746
1744,4,set32,alt1,20260910746
1744,4,set34,alt1,20260910746
1744,4,set43,alt1,20260910746
1745,4,set14,alt1,20260910747
1745,4,set15,alt1,20260910747
1745,4,set16,alt1,20260910747
1745,4,set17,alt1,20260910747
1745,4,set20,alt1,20260910747
1745,4,set21,alt1,20260910747
1745,4,set23,alt1,20260910747
1745,4,set26,alt1,20260910747
1745,4,set27,alt1,20260910747
1745,4,set32,alt1,20260910747
1745,4,set34,alt2,20260910747
1745,4,set43,alt1,20260910747
1746,4,set14,alt1,20260910748
1746,4,set15,alt2,20260910748
1746,4,set16,alt2,20260910748
1746,4,set17,alt2,20260910748
1746,4,set20,alt1,20260910748
1746,4,set21,alt1,20260910748
1746,4,set23,alt1,20260910748
1746,4,set26,alt1,20260910748
1746,4,set27,alt1,20260910748
1746,4,set32,alt1,20260910748
1746,4,set34,alt2,20260910748
1746,4,set43,alt2,20260910748
1747,2,set1,alt2,20260910749
1747,2,set2,alt1,20260910749
1747,2,set7,alt1,20260910749
1747,2,set8,alt1,20260910749
1747,2,set10,alt2,20260910749
1747,2,set13,alt1,20260910749
1747,2,set36,alt2,20260910749
1747,2,set38,alt2,20260910749
1747,2,set40,alt2,20260910749
1747,2,set44,alt1,20260910749
1747,2,set45,alt2,20260910749
1747,2,set46,alt1,20260910749
1748,3,set3,alt1,20260910750
1748,3,set4,alt2,20260910750
1748,3,set12,alt1,20260910750
1748,3,set22,alt1,20260910750
1748,3,set24,alt1,20260910750
1748,3,set25,alt1,20260910750
1748,3,set28,alt1,20260910750
1748,3,set29,alt1,20260910750
1748,3,set30,alt2,20260910750
1748,3,set31,alt2,20260910750
1748,3,set39,alt2,20260910750
1748,3,set47,alt2,20260910750
1749,3,set3,alt1,20260910751
1749,3,set4,alt2,20260910751
1749,3,set12,alt1,20260910751
1749,3,set22,alt1,20260910751
1749,3,set24,alt1,20260910751
1749,3,set25,alt1,20260910751
1749,3,set28,alt1,20260910751
1749,3,set29,alt1,20260910751
1749,3,set30,alt2,20260910751
1749,3,set31,alt2,20260910751
1749,3,set39,alt2,20260910751
1749,3,set47,alt2,20260910751
1750,4,set14,alt2,20260910752
1750,4,set15,alt2,20260910752
1750,4,set16,alt1,20260910752
1750,4,set17,alt1,20260910752
1750,4,set20,alt1,20260910752
1750,4,set21,alt1,20260910752
1750,4,set23,alt1,20260910752
1750,4,set26,alt1,20260910752
1750,4,set27,alt2,20260910752
1750,4,set32,alt1,20260910752
1750,4,set34,alt2,20260910752
1750,4,set43,alt1,20260910752
1751,2,set1,alt2,20260910753
1751,2,set2,alt1,20260910753
1751,2,set7,alt1,20260910753
1751,2,set8,alt1,20260910753
1751,2,set10,alt1,20260910753
1751,2,set13,alt1,20260910753
1751,2,set36,alt2,20260910753
1751,2,set38,alt2,20260910753
1751,2,set40,alt2,20260910753
1751,2,set44,alt1,20260910753
1751,2,set45,alt2,20260910753
1751,2,set46,alt1,20260910753
1752,2,set1,alt2,20260910754
1752,2,set2,alt1,20260910754
1752,2,set7,alt1,20260910754
1752,2,set8,alt1,20260910754
1752,2,set10,alt1,20260910754
1752,2,set13,alt1,20260910754
1752,2,set36,alt2,20260910754
1752,2,set38,alt2,20260910754
1752,2,set40,alt2,20260910754
1752,2,set44,alt1,20260910754
1752,2,set45,alt2,20260910754
1752,2,set46,alt1,20260910754
1753,1,set5,alt2,20260910755
1753,1,set6,alt1,20260910755
1753,1,set9,alt2,20260910755
1753,1,set11,alt2,20260910755
1753,1,set18,alt2,20260910755
1753,1,set19,alt2,20260910755
1753,1,set33,alt1,20260910755
1753,1,set35,alt2,20260910755
1753,1,set37,alt1,20260910755
1753,1,set41,alt1,20260910755
1753,1,set42,alt2,20260910755
1753,1,set48,alt2,20260910755
1754,3,set3,alt2,20260910756
1754,3,set4,alt1,20260910756
1754,3,set12,alt1,20260910756
1754,3,set22,alt2,20260910756
1754,3,set24,alt1,20260910756
1754,3,set25,alt2,20260910756
1754,3,set28,alt2,20260910756
1754,3,set29,alt1,20260910756
1754,3,set30,alt2,20260910756
1754,3,set31,alt1,20260910756
1754,3,set39,alt1,20260910756
1754,3,set47,alt2,20260910756
1755,1,set5,alt2,20260910757
1755,1,set6,alt2,20260910757
1755,1,set9,alt2,20260910757
1755,1,set11,alt2,20260910757
1755,1,set18,alt2,20260910757
1755,1,set19,alt2,20260910757
1755,1,set33,alt1,20260910757
1755,1,set35,alt2,20260910757
1755,1,set37,alt1,20260910757
1755,1,set41,alt2,20260910757
1755,1,set42,alt2,20260910757
1755,1,set48,alt2,20260910757
1756,3,set3,alt1,20260910758
1756,3,set4,alt2,20260910758
1756,3,set12,alt1,20260910758
1756,3,set22,alt1,20260910758
1756,3,set24,alt1,20260910758
1756,3,set25,alt1,20260910758
1756,3,set28,alt1,20260910758
1756,3,set29,alt1,20260910758
1756,3,set30,alt2,20260910758
1756,3,set31,alt2,20260910758
1756,3,set39,alt2,20260910758
1756,3,set47,alt2,20260910758
1757,1,set5,alt2,20260910759
1757,1,set6,alt1,20260910759
1757,1,set9,alt2,20260910759
1757,1,set11,alt2,20260910759
1757,1,set18,alt2,20260910759
1757,1,set19,alt2,20260910759
1757,1,set33,alt1,20260910759
1757,1,set35,alt2,20260910759
1757,1,set37,alt1,20260910759
1757,1,set41,alt1,20260910759
1757,1,set42,alt2,20260910759
1757,1,set48,alt2,20260910759
1758,1,set5,alt1,20260910760
1758,1,set6,alt2,20260910760
1758,1,set9,alt1,20260910760
1758,1,set11,alt2,20260910760
1758,1,set18,alt1,20260910760
1758,1,set19,alt2,20260910760
1758,1,set33,alt1,20260910760
1758,1,set35,alt2,20260910760
1758,1,set37,alt1,20260910760
1758,1,set41,alt1,20260910760
1758,1,set42,alt1,20260910760
1758,1,set48,alt2,20260910760
1759,1,set5,alt2,20260910761
1759,1,set6,alt2,20260910761
1759,1,set9,alt2,20260910761
1759,1,set11,alt2,20260910761
1759,1,set18,alt1,20260910761
1759,1,set19,alt2,20260910761
1759,1,set33,alt1,20260910761
1759,1,set35,alt2,20260910761
1759,1,set37,alt1,20260910761
1759,1,set41,alt1,20260910761
1759,1,set42,alt2,20260910761
1759,1,set48,alt2,20260910761
1760,3,set3,alt2,20260910762
1760,3,set4,alt1,20260910762
1760,3,set12,alt1,20260910762
1760,3,set22,alt2,20260910762
1760,3,set24,alt1,20260910762
1760,3,set25,alt2,20260910762
1760,3,set28,alt2,20260910762
1760,3,set29,alt1,20260910762
1760,3,set30,alt2,20260910762
1760,3,set31,alt1,20260910762
1760,3,set39,alt1,20260910762
1760,3,set47,alt2,20260910762
1761,4,set14,alt1,20260910763
1761,4,set15,alt2,20260910763
1761,4,set16,alt1,20260910763
1761,4,set17,alt2,20260910763
1761,4,set20,alt1,20260910763
1761,4,set21,alt1,20260910763
1761,4,set23,alt1,20260910763
1761,4,set26,alt1,20260910763
1761,4,set27,alt1,20260910763
1761,4,set32,alt1,20260910763
1761,4,set34,alt1,20260910763
1761,4,set43,alt1,20260910763
1762,3,set3,alt2,20260910764
1762,3,set4,alt1,20260910764
1762,3,set12,alt1,20260910764
1762,3,set22,alt2,20260910764
1762,3,set24,alt1,20260910764
1762,3,set25,alt2,20260910764
1762,3,set28,alt2,20260910764
1762,3,set29,alt1,20260910764
1762,3,set30,alt2,20260910764
1762,3,set31,alt1,20260910764
1762,3,set39,alt1,20260910764
1762,3,set47,alt2,20260910764
1763,4,set14,alt2,20260910765
1763,4,set15,alt2,20260910765
1763,4,set16,alt1,20260910765
1763,4,set17,alt1,20260910765
1763,4,set20,alt1,20260910765
1763,4,set21,alt1,20260910765
1763,4,set23,alt1,20260910765
1763,4,set26,alt1,20260910765
1763,4,set27,alt2,20260910765
1763,4,set32,alt1,20260910765
1763,4,set34,alt2,20260910765
1763,4,set43,alt1,20260910765
1764,2,set1,alt2,20260910766
1764,2,set2,alt1,20260910766
1764,2,set7,alt1,20260910766
1764,2,set8,alt1,20260910766
1764,2,set10,alt1,20260910766
1764,2,set13,alt1,20260910766
1764,2,set36,alt2,20260910766
1764,2,set38,alt2,20260910766
1764,2,set40,alt2,20260910766
1764,2,set44,alt1,20260910766
1764,2,set45,alt2,20260910766
1764,2,set46,alt1,20260910766
1765,2,set1,alt2,20260910767
1765,2,set2,alt1,20260910767
1765,2,set7,alt1,20260910767
1765,2,set8,alt1,20260910767
1765,2,set10,alt1,20260910767
1765,2,set13,alt1,20260910767
1765,2,set36,alt2,20260910767
1765,2,set38,alt2,20260910767
1765,2,set40,alt2,20260910767
1765,2,set44,alt1,20260910767
1765,2,set45,alt2,20260910767
1765,2,set46,alt1,20260910767
1766,3,set3,alt2,20260910768
1766,3,set4,alt2,20260910768
1766,3,set12,alt1,20260910768
1766,3,set22,alt2,20260910768
1766,3,set24,alt1,20260910768
1766,3,set25,alt1,20260910768
1766,3,set28,alt1,20260910768
1766,3,set29,alt1,20260910768
1766,3,set30,alt2,20260910768
1766,3,set31,alt2,20260910768
1766,3,set39,alt2,20260910768
1766,3,set47,alt2,20260910768
1767,2,set1,alt2,20260910769
1767,2,set2,alt1,20260910769
1767,2,set7,alt2,20260910769
1767,2,set8,alt1,20260910769
1767,2,set10,alt2,20260910769
1767,2,set13,alt1,20260910769
1767,2,set36,alt2,20260910769
1767,2,set38,alt1,20260910769
1767,2,set40,alt2,20260910769
1767,2,set44,alt2,20260910769
1767,2,set45,alt2,20260910769
1767,2,set46,alt2,20260910769
1768,1,set5,alt2,20260910770
1768,1,set6,alt2,20260910770
1768,1,set9,alt2,20260910770
1768,1,set11,alt2,20260910770
1768,1,set18,alt1,20260910770
1768,1,set19,alt2,20260910770
1768,1,set33,alt1,20260910770
1768,1,set35,alt2,20260910770
1768,1,set37,alt1,20260910770
1768,1,set41,alt1,20260910770
1768,1,set42,alt2,20260910770
1768,1,set48,alt2,20260910770
1769,3,set3,alt1,20260910771
1769,3,set4,alt2,20260910771
1769,3,set12,alt1,20260910771
1769,3,set22,alt1,20260910771
1769,3,set24,alt1,20260910771
1769,3,set25,alt1,20260910771
1769,3,set28,alt1,20260910771
1769,3,set29,alt1,20260910771
1769,3,set30,alt2,20260910771
1769,3,set31,alt2,20260910771
1769,3,set39,alt2,20260910771
1769,3,set47,alt2,20260910771
1770,1,set5,alt1,20260910772
1770,1,set6,alt1,20260910772
1770,1,set9,alt1,20260910772
1770,1,set11,alt2,20260910772
1770,1,set18,alt1,20260910772
1770,1,set19,alt1,20260910772
1770,1,set33,alt2,20260910772
1770,1,set35,alt2,20260910772
1770,1,set37,alt1,20260910772
1770,1,set41,alt1,20260910772
1770,1,set42,alt2,20260910772
1770,1,set48,alt2,20260910772
1771,4,set14,alt2,20260910773
1771,4,set15,alt2,20260910773
1771,4,set16,alt1,20260910773
1771,4,set17,alt1,20260910773
1771,4,set20,alt1,20260910773
1771,4,set21,alt1,20260910773
1771,4,set23,alt1,20260910773
1771,4,set26,alt1,20260910773
1771,4,set27,alt2,20260910773
1771,4,set32,alt1,20260910773
1771,4,set34,alt2,20260910773
1771,4,set43,alt1,20260910773
1772,1,set5,alt1,20260910774
1772,1,set6,alt2,20260910774
1772,1,set9,alt1,20260910774
1772,1,set11,alt2,20260910774
1772,1,set18,alt1,20260910774
1772,1,set19,alt2,20260910774
1772,1,set33,alt1,20260910774
1772,1,set35,alt2,20260910774
1772,1,set37,alt1,20260910774
1772,1,set41,alt1,20260910774
1772,1,set42,alt1,20260910774
1772,1,set48,alt2,20260910774
1773,3,set3,alt1,20260910775
1773,3,set4,alt2,20260910775
1773,3,set12,alt1,20260910775
1773,3,set22,alt1,20260910775
1773,3,set24,alt1,20260910775
1773,3,set25,alt1,20260910775
1773,3,set28,alt1,20260910775
1773,3,set29,alt1,20260910775
1773,3,set30,alt2,20260910775
1773,3,set31,alt2,20260910775
1773,3,set39,alt2,20260910775
1773,3,set47,alt2,20260910775
1774,3,set3,alt1,20260910776
1774,3,set4,alt2,20260910776
1774,3,set12,alt1,20260910776
1774,3,set22,alt1,20260910776
1774,3,set24,alt1,20260910776
1774,3,set25,alt1,20260910776
1774,3,set28,alt1,20260910776
1774,3,set29,alt1,20260910776
1774,3,set30,alt2,20260910776
1774,3,set31,alt2,20260910776
1774,3,set39,alt2,20260910776
1774,3,set47,alt2,20260910776
1775,1,set5,alt2,20260910777
1775,1,set6,alt2,20260910777
1775,1,set9,alt2,20260910777
1775,1,set11,alt2,20260910777
1775,1,set18,alt2,20260910777
1775,1,set19,alt2,20260910777
1775,1,set33,alt1,20260910777
1775,1,set35,alt2,20260910777
1775,1,set37,alt1,20260910777
1775,1,set41,alt2,20260910777
1775,1,set42,alt2,20260910777
1775,1,set48,alt2,20260910777
1776,4,set14,alt1,20260910778
1776,4,set15,alt2,20260910778
1776,4,set16,alt2,20260910778
1776,4,set17,alt2,20260910778
1776,4,set20,alt1,20260910778
1776,4,set21,alt1,20260910778
1776,4,set23,alt1,20260910778
1776,4,set26,alt1,20260910778
1776,4,set27,alt1,20260910778
1776,4,set32,alt1,20260910778
1776,4,set34,alt2,20260910778
1776,4,set43,alt2,20260910778
1777,3,set3,alt1,20260910779
1777,3,set4,alt2,20260910779
1777,3,set12,alt1,20260910779
1777,3,set22,alt1,20260910779
1777,3,set24,alt1,20260910779
1777,3,set25,alt1,20260910779
1777,3,set28,alt1,20260910779
1777,3,set29,alt1,20260910779
1777,3,set30,alt2,20260910779
1777,3,set31,alt2,20260910779
1777,3,set39,alt2,20260910779
1777,3,set47,alt2,20260910779
1778,3,set3,alt1,20260910780
1778,3,set4,alt2,20260910780
1778,3,set12,alt1,20260910780
1778,3,set22,alt1,20260910780
1778,3,set24,alt1,20260910780
1778,3,set25,alt1,20260910780
1778,3,set28,alt1,20260910780
1778,3,set29,alt1,20260910780
1778,3,set30,alt2,20260910780
1778,3,set31,alt2,20260910780
1778,3,set39,alt2,20260910780
1778,3,set47,alt2,20260910780
1779,3,set3,alt1,20260910781
1779,3,set4,alt2,20260910781
1779,3,set12,alt1,20260910781
1779,3,set22,alt1,20260910781
1779,3,set24,alt1,20260910781
1779,3,set25,alt1,20260910781
1779,3,set28,alt1,20260910781
1779,3,set29,alt1,20260910781
1779,3,set30,alt2,20260910781
1779,3,set31,alt2,20260910781
1779,3,set39,alt2,20260910781
1779,3,set47,alt2,20260910781
1780,4,set14,alt2,20260910782
1780,4,set15,alt2,20260910782
1780,4,set16,alt1,20260910782
1780,4,set17,alt1,20260910782
1780,4,set20,alt1,20260910782
1780,4,set21,alt1,20260910782
1780,4,set23,alt1,20260910782
1780,4,set26,alt1,20260910782
1780,4,set27,alt2,20260910782
1780,4,set32,alt1,20260910782
1780,4,set34,alt2,20260910782
1780,4,set43,alt1,20260910782
1781,4,set14,alt1,20260910783
1781,4,set15,alt2,20260910783
1781,4,set16,alt2,20260910783
1781,4,set17,alt2,20260910783
1781,4,set20,alt1,20260910783
1781,4,set21,alt1,20260910783
1781,4,set23,alt1,20260910783
1781,4,set26,alt1,20260910783
1781,4,set27,alt1,20260910783
1781,4,set32,alt1,20260910783
1781,4,set34,alt2,20260910783
1781,4,set43,alt2,20260910783
1782,1,set5,alt2,20260910784
1782,1,set6,alt2,20260910784
1782,1,set9,alt2,20260910784
1782,1,set11,alt2,20260910784
1782,1,set18,alt2,20260910784
1782,1,set19,alt2,20260910784
1782,1,set33,alt1,20260910784
1782,1,set35,alt2,20260910784
1782,1,set37,alt1,20260910784
1782,1,set41,alt2,20260910784
1782,1,set42,alt2,20260910784
1782,1,set48,alt2,20260910784
1783,1,set5,alt2,20260910785
1783,1,set6,alt2,20260910785
1783,1,set9,alt2,20260910785
1783,1,set11,alt2,20260910785
1783,1,set18,alt1,20260910785
1783,1,set19,alt2,20260910785
1783,1,set33,alt1,20260910785
1783,1,set35,alt2,20260910785
1783,1,set37,alt1,20260910785
1783,1,set41,alt1,20260910785
1783,1,set42,alt2,20260910785
1783,1,set48,alt2,20260910785
1784,1,set5,alt2,20260910786
1784,1,set6,alt1,20260910786
1784,1,set9,alt2,20260910786
1784,1,set11,alt2,20260910786
1784,1,set18,alt2,20260910786
1784,1,set19,alt2,20260910786
1784,1,set33,alt1,20260910786
1784,1,set35,alt2,20260910786
1784,1,set37,alt1,20260910786
1784,1,set41,alt1,20260910786
1784,1,set42,alt2,20260910786
1784,1,set48,alt2,20260910786
1785,1,set5,alt2,20260910787
1785,1,set6,alt1,20260910787
1785,1,set9,alt2,20260910787
1785,1,set11,alt2,20260910787
1785,1,set18,alt2,20260910787
1785,1,set19,alt2,20260910787
1785,1,set33,alt1,20260910787
1785,1,set35,alt2,20260910787
1785,1,set37,alt1,20260910787
1785,1,set41,alt1,20260910787
1785,1,set42,alt2,20260910787
1785,1,set48,alt2,20260910787
1786,1,set5,alt2,20260910788
1786,1,set6,alt1,20260910788
1786,1,set9,alt2,20260910788
1786,1,set11,alt2,20260910788
1786,1,set18,alt2,20260910788
1786,1,set19,alt2,20260910788
1786,1,set33,alt1,20260910788
1786,1,set35,alt2,20260910788
1786,1,set37,alt1,20260910788
1786,1,set41,alt1,20260910788
1786,1,set42,alt2,20260910788
1786,1,set48,alt2,20260910788
1787,4,set14,alt1,20260910789
1787,4,set15,alt1,20260910789
1787,4,set16,alt1,20260910789
1787,4,set17,alt1,20260910789
1787,4,set20,alt1,20260910789
1787,4,set21,alt1,20260910789
1787,4,set23,alt1,20260910789
1787,4,set26,alt1,20260910789
1787,4,set27,alt1,20260910789
1787,4,set32,alt1,20260910789
1787,4,set34,alt2,20260910789
1787,4,set43,alt1,20260910789
1788,1,set5,alt2,20260910790
1788,1,set6,alt1,20260910790
1788,1,set9,alt2,20260910790
1788,1,set11,alt2,20260910790
1788,1,set18,alt2,20260910790
1788,1,set19,alt2,20260910790
1788,1,set33,alt1,20260910790
1788,1,set35,alt2,20260910790
1788,1,set37,alt1,20260910790
1788,1,set41,alt1,20260910790
1788,1,set42,alt2,20260910790
1788,1,set48,alt2,20260910790
1789,3,set3,alt1,20260910791
1789,3,set4,alt2,20260910791
1789,3,set12,alt1,20260910791
1789,3,set22,alt1,20260910791
1789,3,set24,alt1,20260910791
1789,3,set25,alt1,20260910791
1789,3,set28,alt1,20260910791
1789,3,set29,alt1,20260910791
1789,3,set30,alt2,20260910791
1789,3,set31,alt2,20260910791
1789,3,set39,alt2,20260910791
1789,3,set47,alt2,20260910791
1790,3,set3,alt2,20260910792
1790,3,set4,alt1,20260910792
1790,3,set12,alt1,20260910792
1790,3,set22,alt2,20260910792
1790,3,set24,alt1,20260910792
1790,3,set25,alt2,20260910792
1790,3,set28,alt2,20260910792
1790,3,set29,alt1,20260910792
1790,3,set30,alt2,20260910792
1790,3,set31,alt1,20260910792
1790,3,set39,alt1,20260910792
1790,3,set47,alt2,20260910792
1791,3,set3,alt1,20260910793
1791,3,set4,alt2,20260910793
1791,3,set12,alt1,20260910793
1791,3,set22,alt1,20260910793
1791,3,set24,alt1,20260910793
1791,3,set25,alt1,20260910793
1791,3,set28,alt1,20260910793
1791,3,set29,alt1,20260910793
1791,3,set30,alt2,20260910793
1791,3,set31,alt2,20260910793
1791,3,set39,alt2,20260910793
1791,3,set47,alt2,20260910793
1792,1,set5,alt2,20260910794
1792,1,set6,alt2,20260910794
1792,1,set9,alt2,20260910794
1792,1,set11,alt2,20260910794
1792,1,set18,alt2,20260910794
1792,1,set19,alt2,20260910794
1792,1,set33,alt1,20260910794
1792,1,set35,alt2,20260910794
1792,1,set37,alt1,20260910794
1792,1,set41,alt2,20260910794
1792,1,set42,alt2,20260910794
1792,1,set48,alt2,20260910794
1793,1,set5,alt2,20260910795
1793,1,set6,alt2,20260910795
1793,1,set9,alt2,20260910795
1793,1,set11,alt2,20260910795
1793,1,set18,alt2,20260910795
1793,1,set19,alt1,20260910795
1793,1,set33,alt1,20260910795
1793,1,set35,alt2,20260910795
1793,1,set37,alt1,20260910795
1793,1,set41,alt2,20260910795
1793,1,set42,alt2,20260910795
1793,1,set48,alt2,20260910795
1794,2,set1,alt2,20260910796
1794,2,set2,alt1,20260910796
1794,2,set7,alt1,20260910796
1794,2,set8,alt1,20260910796
1794,2,set10,alt2,20260910796
1794,2,set13,alt1,20260910796
1794,2,set36,alt2,20260910796
1794,2,set38,alt2,20260910796
1794,2,set40,alt2,20260910796
1794,2,set44,alt1,20260910796
1794,2,set45,alt2,20260910796
1794,2,set46,alt1,20260910796
1795,2,set1,alt2,20260910797
1795,2,set2,alt1,20260910797
1795,2,set7,alt1,20260910797
1795,2,set8,alt1,20260910797
1795,2,set10,alt1,20260910797
1795,2,set13,alt1,20260910797
1795,2,set36,alt2,20260910797
1795,2,set38,alt2,20260910797
1795,2,set40,alt2,20260910797
1795,2,set44,alt1,20260910797
1795,2,set45,alt2,20260910797
1795,2,set46,alt1,20260910797
1796,3,set3,alt1,20260910798
1796,3,set4,alt2,20260910798
1796,3,set12,alt1,20260910798
1796,3,set22,alt1,20260910798
1796,3,set24,alt1,20260910798
1796,3,set25,alt1,20260910798
1796,3,set28,alt1,20260910798
1796,3,set29,alt1,20260910798
1796,3,set30,alt2,20260910798
1796,3,set31,alt2,20260910798
1796,3,set39,alt2,20260910798
1796,3,set47,alt2,20260910798
1797,3,set3,alt2,20260910799
1797,3,set4,alt2,20260910799
1797,3,set12,alt1,20260910799
1797,3,set22,alt2,20260910799
1797,3,set24,alt1,20260910799
1797,3,set25,alt1,20260910799
1797,3,set28,alt1,20260910799
1797,3,set29,alt1,20260910799
1797,3,set30,alt2,20260910799
1797,3,set31,alt2,20260910799
1797,3,set39,alt2,20260910799
1797,3,set47,alt2,20260910799
1798,4,set14,alt1,20260910800
1798,4,set15,alt2,20260910800
1798,4,set16,alt2,20260910800
1798,4,set17,alt2,20260910800
1798,4,set20,alt1,20260910800
1798,4,set21,alt1,20260910800
1798,4,set23,alt1,20260910800
1798,4,set26,alt1,20260910800
1798,4,set27,alt1,20260910800
1798,4,set32,alt1,20260910800
1798,4,set34,alt2,20260910800
1798,4,set43,alt2,20260910800
1799,1,set5,alt2,20260910801
1799,1,set6,alt1,20260910801
1799,1,set9,alt2,20260910801
1799,1,set11,alt2,20260910801
1799,1,set18,alt2,20260910801
1799,1,set19,alt2,20260910801
1799,1,set33,alt1,20260910801
1799,1,set35,alt2,20260910801
1799,1,set37,alt1,20260910801
1799,1,set41,alt1,20260910801
1799,1,set42,alt2,20260910801
1799,1,set48,alt2,20260910801
1800,1,set5,alt2,20260910802
1800,1,set6,alt2,20260910802
1800,1,set9,alt2,20260910802
1800,1,set11,alt2,20260910802
1800,1,set18,alt1,20260910802
1800,1,set19,alt2,20260910802
1800,1,set33,alt1,20260910802
1800,1,set35,alt2,20260910802
1800,1,set37,alt1,20260910802
1800,1,set41,alt1,20260910802
1800,1,set42,alt2,20260910802
1800,1,set48,alt2,20260910802
1801,4,set14,alt1,20260910803
1801,4,set15,alt1,20260910803
1801,4,set16,alt1,20260910803
1801,4,set17,alt1,20260910803
1801,4,set20,alt1,20260910803
1801,4,set21,alt1,20260910803
1801,4,set23,alt1,20260910803
1801,4,set26,alt1,20260910803
1801,4,set27,alt1,20260910803
1801,4,set32,alt1,20260910803
1801,4,set34,alt2,20260910803
1801,4,set43,alt1,20260910803
1802,3,set3,alt1,20260910804
1802,3,set4,alt2,20260910804
1802,3,set12,alt1,20260910804
1802,3,set22,alt1,20260910804
1802,3,set24,alt1,20260910804
1802,3,set25,alt1,20260910804
1802,3,set28,alt1,20260910804
1802,3,set29,alt1,20260910804
1802,3,set30,alt2,20260910804
1802,3,set31,alt2,20260910804
1802,3,set39,alt2,20260910804
1802,3,set47,alt2,20260910804
1803,1,set5,alt2,20260910805
1803,1,set6,alt2,20260910805
1803,1,set9,alt2,20260910805
1803,1,set11,alt2,20260910805
1803,1,set18,alt2,20260910805
1803,1,set19,alt1,20260910805
1803,1,set33,alt1,20260910805
1803,1,set35,alt2,20260910805
1803,1,set37,alt1,20260910805
1803,1,set41,alt2,20260910805
1803,1,set42,alt2,20260910805
1803,1,set48,alt2,20260910805
1804,3,set3,alt1,20260910806
1804,3,set4,alt2,20260910806
1804,3,set12,alt1,20260910806
1804,3,set22,alt1,20260910806
1804,3,set24,alt1,20260910806
1804,3,set25,alt1,20260910806
1804,3,set28,alt1,20260910806
1804,3,set29,alt1,20260910806
1804,3,set30,alt2,20260910806
1804,3,set31,alt2,20260910806
1804,3,set39,alt2,20260910806
1804,3,set47,alt2,20260910806
1805,3,set3,alt1,20260910807
1805,3,set4,alt2,20260910807
1805,3,set12,alt1,20260910807
1805,3,set22,alt1,20260910807
1805,3,set24,alt1,20260910807
1805,3,set25,alt1,20260910807
1805,3,set28,alt1,20260910807
1805,3,set29,alt1,20260910807
1805,3,set30,alt2,20260910807
1805,3,set31,alt2,20260910807
1805,3,set39,alt2,20260910807
1805,3,set47,alt2,20260910807
1806,4,set14,alt1,20260910808
1806,4,set15,alt2,20260910808
1806,4,set16,alt2,20260910808
1806,4,set17,alt2,20260910808
1806,4,set20,alt1,20260910808
1806,4,set21,alt1,20260910808
1806,4,set23,alt1,20260910808
1806,4,set26,alt1,20260910808
1806,4,set27,alt1,20260910808
1806,4,set32,alt1,20260910808
1806,4,set34,alt2,20260910808
1806,4,set43,alt2,20260910808
1807,3,set3,alt1,20260910809
1807,3,set4,alt2,20260910809
1807,3,set12,alt1,20260910809
1807,3,set22,alt1,20260910809
1807,3,set24,alt1,20260910809
1807,3,set25,alt1,20260910809
1807,3,set28,alt1,20260910809
1807,3,set29,alt1,20260910809
1807,3,set30,alt2,20260910809
1807,3,set31,alt2,20260910809
1807,3,set39,alt2,20260910809
1807,3,set47,alt2,20260910809
1808,4,set14,alt1,20260910810
1808,4,set15,alt2,20260910810
1808,4,set16,alt2,20260910810
1808,4,set17,alt2,20260910810
1808,4,set20,alt1,20260910810
1808,4,set21,alt1,20260910810
1808,4,set23,alt1,20260910810
1808,4,set26,alt1,20260910810
1808,4,set27,alt1,20260910810
1808,4,set32,alt1,20260910810
1808,4,set34,alt2,20260910810
1808,4,set43,alt2,20260910810
1809,3,set3,alt1,20260910811
1809,3,set4,alt2,20260910811
1809,3,set12,alt1,20260910811
1809,3,set22,alt1,20260910811
1809,3,set24,alt1,20260910811
1809,3,set25,alt1,20260910811
1809,3,set28,alt1,20260910811
1809,3,set29,alt1,20260910811
1809,3,set30,alt2,20260910811
1809,3,set31,alt2,20260910811
1809,3,set39,alt2,20260910811
1809,3,set47,alt2,20260910811
1810,2,set1,alt2,20260910812
1810,2,set2,alt1,20260910812
1810,2,set7,alt1,20260910812
1810,2,set8,alt1,20260910812
1810,2,set10,alt2,20260910812
1810,2,set13,alt1,20260910812
1810,2,set36,alt2,20260910812
1810,2,set38,alt2,20260910812
1810,2,set40,alt2,20260910812
1810,2,set44,alt1,20260910812
1810,2,set45,alt2,20260910812
1810,2,set46,alt1,20260910812
1811,3,set3,alt1,20260910813
1811,3,set4,alt2,20260910813
1811,3,set12,alt1,20260910813
1811,3,set22,alt1,20260910813
1811,3,set24,alt1,20260910813
1811,3,set25,alt1,20260910813
1811,3,set28,alt1,20260910813
1811,3,set29,alt1,20260910813
1811,3,set30,alt2,20260910813
1811,3,set31,alt2,20260910813
1811,3,set39,alt2,20260910813
1811,3,set47,alt2,20260910813
1812,1,set5,alt2,20260910814
1812,1,set6,alt2,20260910814
1812,1,set9,alt2,20260910814
1812,1,set11,alt2,20260910814
1812,1,set18,alt2,20260910814
1812,1,set19,alt2,20260910814
1812,1,set33,alt1,20260910814
1812,1,set35,alt2,20260910814
1812,1,set37,alt1,20260910814
1812,1,set41,alt2,20260910814
1812,1,set42,alt2,20260910814
1812,1,set48,alt2,20260910814
1813,3,set3,alt2,20260910815
1813,3,set4,alt1,20260910815
1813,3,set12,alt1,20260910815
1813,3,set22,alt2,20260910815
1813,3,set24,alt1,20260910815
1813,3,set25,alt2,20260910815
1813,3,set28,alt2,20260910815
1813,3,set29,alt1,20260910815
1813,3,set30,alt2,20260910815
1813,3,set31,alt1,20260910815
1813,3,set39,alt1,20260910815
1813,3,set47,alt2,20260910815
1814,3,set3,alt1,20260910816
1814,3,set4,alt2,20260910816
1814,3,set12,alt1,20260910816
1814,3,set22,alt1,20260910816
1814,3,set24,alt1,20260910816
1814,3,set25,alt1,20260910816
1814,3,set28,alt1,20260910816
1814,3,set29,alt1,20260910816
1814,3,set30,alt2,20260910816
1814,3,set31,alt2,20260910816
1814,3,set39,alt2,20260910816
1814,3,set47,alt2,20260910816
1815,3,set3,alt1,20260910817
1815,3,set4,alt2,20260910817
1815,3,set12,alt1,20260910817
1815,3,set22,alt1,20260910817
1815,3,set24,alt1,20260910817
1815,3,set25,alt1,20260910817
1815,3,set28,alt1,20260910817
1815,3,set29,alt1,20260910817
1815,3,set30,alt2,20260910817
1815,3,set31,alt2,20260910817
1815,3,set39,alt2,20260910817
1815,3,set47,alt2,20260910817
1816,1,set5,alt1,20260910818
1816,1,set6,alt1,20260910818
1816,1,set9,alt1,20260910818
1816,1,set11,alt2,20260910818
1816,1,set18,alt1,20260910818
1816,1,set19,alt1,20260910818
1816,1,set33,alt2,20260910818
1816,1,set35,alt2,20260910818
1816,1,set37,alt1,20260910818
1816,1,set41,alt1,20260910818
1816,1,set42,alt2,20260910818
1816,1,set48,alt2,20260910818
1817,4,set14,alt1,20260910819
1817,4,set15,alt1,20260910819
1817,4,set16,alt1,20260910819
1817,4,set17,alt1,20260910819
1817,4,set20,alt1,20260910819
1817,4,set21,alt1,20260910819
1817,4,set23,alt1,20260910819
1817,4,set26,alt1,20260910819
1817,4,set27,alt1,20260910819
1817,4,set32,alt1,20260910819
1817,4,set34,alt2,20260910819
1817,4,set43,alt1,20260910819
1818,3,set3,alt1,20260910820
1818,3,set4,alt2,20260910820
1818,3,set12,alt1,20260910820
1818,3,set22,alt1,20260910820
1818,3,set24,alt1,20260910820
1818,3,set25,alt1,20260910820
1818,3,set28,alt1,20260910820
1818,3,set29,alt1,20260910820
1818,3,set30,alt2,20260910820
1818,3,set31,alt2,20260910820
1818,3,set39,alt2,20260910820
1818,3,set47,alt2,20260910820
1819,1,set5,alt2,20260910821
1819,1,set6,alt1,20260910821
1819,1,set9,alt2,20260910821
1819,1,set11,alt2,20260910821
1819,1,set18,alt2,20260910821
1819,1,set19,alt2,20260910821
1819,1,set33,alt1,20260910821
1819,1,set35,alt2,20260910821
1819,1,set37,alt1,20260910821
1819,1,set41,alt1,20260910821
1819,1,set42,alt2,20260910821
1819,1,set48,alt2,20260910821
1820,4,set14,alt1,20260910822
1820,4,set15,alt2,20260910822
1820,4,set16,alt1,20260910822
1820,4,set17,alt2,20260910822
1820,4,set20,alt1,20260910822
1820,4,set21,alt1,20260910822
1820,4,set23,alt1,20260910822
1820,4,set26,alt1,20260910822
1820,4,set27,alt1,20260910822
1820,4,set32,alt1,20260910822
1820,4,set34,alt1,20260910822
1820,4,set43,alt1,20260910822
1821,1,set5,alt1,20260910823
1821,1,set6,alt1,20260910823
1821,1,set9,alt1,20260910823
1821,1,set11,alt2,20260910823
1821,1,set18,alt1,20260910823
1821,1,set19,alt1,20260910823
1821,1,set33,alt2,20260910823
1821,1,set35,alt2,20260910823
1821,1,set37,alt1,20260910823
1821,1,set41,alt1,20260910823
1821,1,set42,alt2,20260910823
1821,1,set48,alt2,20260910823
1822,1,set5,alt1,20260910824
1822,1,set6,alt1,20260910824
1822,1,set9,alt1,20260910824
1822,1,set11,alt2,20260910824
1822,1,set18,alt1,20260910824
1822,1,set19,alt1,20260910824
1822,1,set33,alt2,20260910824
1822,1,set35,alt2,20260910824
1822,1,set37,alt1,20260910824
1822,1,set41,alt1,20260910824
1822,1,set42,alt2,20260910824
1822,1,set48,alt2,20260910824
1823,3,set3,alt1,20260910825
1823,3,set4,alt2,20260910825
1823,3,set12,alt1,20260910825
1823,3,set22,alt1,20260910825
1823,3,set24,alt1,20260910825
1823,3,set25,alt1,20260910825
1823,3,set28,alt1,20260910825
1823,3,set29,alt1,20260910825
1823,3,set30,alt2,20260910825
1823,3,set31,alt2,20260910825
1823,3,set39,alt2,20260910825
1823,3,set47,alt2,20260910825
1824,4,set14,alt1,20260910826
1824,4,set15,alt2,20260910826
1824,4,set16,alt1,20260910826
1824,4,set17,alt2,20260910826
1824,4,set20,alt1,20260910826
1824,4,set21,alt1,20260910826
1824,4,set23,alt1,20260910826
1824,4,set26,alt1,20260910826
1824,4,set27,alt1,20260910826
1824,4,set32,alt1,20260910826
1824,4,set34,alt1,20260910826
1824,4,set43,alt1,20260910826
1825,1,set5,alt2,20260910827
1825,1,set6,alt1,20260910827
1825,1,set9,alt2,20260910827
1825,1,set11,alt2,20260910827
1825,1,set18,alt2,20260910827
1825,1,set19,alt2,20260910827
1825,1,set33,alt1,20260910827
1825,1,set35,alt2,20260910827
1825,1,set37,alt1,20260910827
1825,1,set41,alt1,20260910827
1825,1,set42,alt2,20260910827
1825,1,set48,alt2,20260910827
1826,1,set5,alt2,20260910828
1826,1,set6,alt1,20260910828
1826,1,set9,alt2,20260910828
1826,1,set11,alt2,20260910828
1826,1,set18,alt2,20260910828
1826,1,set19,alt2,20260910828
1826,1,set33,alt1,20260910828
1826,1,set35,alt2,20260910828
1826,1,set37,alt1,20260910828
1826,1,set41,alt1,20260910828
1826,1,set42,alt2,20260910828
1826,1,set48,alt2,20260910828
1827,2,set1,alt2,20260910829
1827,2,set2,alt1,20260910829
1827,2,set7,alt1,20260910829
1827,2,set8,alt1,20260910829
1827,2,set10,alt1,20260910829
1827,2,set13,alt1,20260910829
1827,2,set36,alt2,20260910829
1827,2,set38,alt2,20260910829
1827,2,set40,alt2,20260910829
1827,2,set44,alt1,20260910829
1827,2,set45,alt2,20260910829
1827,2,set46,alt1,20260910829
1828,3,set3,alt2,20260910830
1828,3,set4,alt2,20260910830
1828,3,set12,alt1,20260910830
1828,3,set22,alt2,20260910830
1828,3,set24,alt1,20260910830
1828,3,set25,alt1,20260910830
1828,3,set28,alt1,20260910830
1828,3,set29,alt1,20260910830
1828,3,set30,alt2,20260910830
1828,3,set31,alt2,20260910830
1828,3,set39,alt2,20260910830
1828,3,set47,alt2,20260910830
1829,3,set3,alt1,20260910831
1829,3,set4,alt2,20260910831
1829,3,set12,alt1,20260910831
1829,3,set22,alt1,20260910831
1829,3,set24,alt1,20260910831
1829,3,set25,alt1,20260910831
1829,3,set28,alt1,20260910831
1829,3,set29,alt1,20260910831
1829,3,set30,alt2,20260910831
1829,3,set31,alt2,20260910831
1829,3,set39,alt2,20260910831
1829,3,set47,alt2,20260910831
1830,4,set14,alt1,20260910832
1830,4,set15,alt1,20260910832
1830,4,set16,alt1,20260910832
1830,4,set17,alt1,20260910832
1830,4,set20,alt1,20260910832
1830,4,set21,alt1,20260910832
1830,4,set23,alt1,20260910832
1830,4,set26,alt1,20260910832
1830,4,set27,alt1,20260910832
1830,4,set32,alt1,20260910832
1830,4,set34,alt2,20260910832
1830,4,set43,alt1,20260910832
1831,2,set1,alt2,20260910833
1831,2,set2,alt1,20260910833
1831,2,set7,alt1,20260910833
1831,2,set8,alt1,20260910833
1831,2,set10,alt2,20260910833
1831,2,set13,alt1,20260910833
1831,2,set36,alt2,20260910833
1831,2,set38,alt2,20260910833
1831,2,set40,alt2,20260910833
1831,2,set44,alt1,20260910833
1831,2,set45,alt2,20260910833
1831,2,set46,alt1,20260910833
1832,4,set14,alt1,20260910834
1832,4,set15,alt1,20260910834
1832,4,set16,alt1,20260910834
1832,4,set17,alt1,20260910834
1832,4,set20,alt1,20260910834
1832,4,set21,alt1,20260910834
1832,4,set23,alt1,20260910834
1832,4,set26,alt1,20260910834
1832,4,set27,alt1,20260910834
1832,4,set32,alt1,20260910834
1832,4,set34,alt2,20260910834
1832,4,set43,alt1,20260910834
1833,3,set3,alt1,20260910835
1833,3,set4,alt2,20260910835
1833,3,set12,alt1,20260910835
1833,3,set22,alt1,20260910835
1833,3,set24,alt1,20260910835
1833,3,set25,alt1,20260910835
1833,3,set28,alt1,20260910835
1833,3,set29,alt1,20260910835
1833,3,set30,alt2,20260910835
1833,3,set31,alt2,20260910835
1833,3,set39,alt2,20260910835
1833,3,set47,alt2,20260910835
1834,3,set3,alt1,20260910836
1834,3,set4,alt2,20260910836
1834,3,set12,alt1,20260910836
1834,3,set22,alt1,20260910836
1834,3,set24,alt1,20260910836
1834,3,set25,alt1,20260910836
1834,3,set28,alt1,20260910836
1834,3,set29,alt1,20260910836
1834,3,set30,alt2,20260910836
1834,3,set31,alt2,20260910836
1834,3,set39,alt2,20260910836
1834,3,set47,alt2,20260910836
1835,3,set3,alt2,20260910837
1835,3,set4,alt1,20260910837
1835,3,set12,alt1,20260910837
1835,3,set22,alt2,20260910837
1835,3,set24,alt1,20260910837
1835,3,set25,alt2,20260910837
1835,3,set28,alt2,20260910837
1835,3,set29,alt1,20260910837
1835,3,set30,alt2,20260910837
1835,3,set31,alt1,20260910837
1835,3,set39,alt1,20260910837
1835,3,set47,alt2,20260910837
1836,1,set5,alt2,20260910838
1836,1,set6,alt2,20260910838
1836,1,set9,alt2,20260910838
1836,1,set11,alt2,20260910838
1836,1,set18,alt1,20260910838
1836,1,set19,alt2,20260910838
1836,1,set33,alt1,20260910838
1836,1,set35,alt2,20260910838
1836,1,set37,alt1,20260910838
1836,1,set41,alt1,20260910838
1836,1,set42,alt2,20260910838
1836,1,set48,alt2,20260910838
1837,4,set14,alt1,20260910839
1837,4,set15,alt2,20260910839
1837,4,set16,alt2,20260910839
1837,4,set17,alt2,20260910839
1837,4,set20,alt1,20260910839
1837,4,set21,alt1,20260910839
1837,4,set23,alt1,20260910839
1837,4,set26,alt1,20260910839
1837,4,set27,alt1,20260910839
1837,4,set32,alt1,20260910839
1837,4,set34,alt2,20260910839
1837,4,set43,alt2,20260910839
1838,2,set1,alt2,20260910840
1838,2,set2,alt1,20260910840
1838,2,set7,alt1,20260910840
1838,2,set8,alt1,20260910840
1838,2,set10,alt1,20260910840
1838,2,set13,alt1,20260910840
1838,2,set36,alt2,20260910840
1838,2,set38,alt2,20260910840
1838,2,set40,alt2,20260910840
1838,2,set44,alt1,20260910840
1838,2,set45,alt2,20260910840
1838,2,set46,alt1,20260910840
1839,3,set3,alt1,20260910841
1839,3,set4,alt2,20260910841
1839,3,set12,alt1,20260910841
1839,3,set22,alt1,20260910841
1839,3,set24,alt1,20260910841
1839,3,set25,alt1,20260910841
1839,3,set28,alt1,20260910841
1839,3,set29,alt1,20260910841
1839,3,set30,alt2,20260910841
1839,3,set31,alt2,20260910841
1839,3,set39,alt2,20260910841
1839,3,set47,alt2,20260910841
1840,1,set5,alt2,20260910842
1840,1,set6,alt1,20260910842
1840,1,set9,alt2,20260910842
1840,1,set11,alt2,20260910842
1840,1,set18,alt2,20260910842
1840,1,set19,alt2,20260910842
1840,1,set33,alt1,20260910842
1840,1,set35,alt2,20260910842
1840,1,set37,alt1,20260910842
1840,1,set41,alt1,20260910842
1840,1,set42,alt2,20260910842
1840,1,set48,alt2,20260910842
1841,1,set5,alt2,20260910843
1841,1,set6,alt2,20260910843
1841,1,set9,alt2,20260910843
1841,1,set11,alt2,20260910843
1841,1,set18,alt2,20260910843
1841,1,set19,alt2,20260910843
1841,1,set33,alt1,20260910843
1841,1,set35,alt2,20260910843
1841,1,set37,alt1,20260910843
1841,1,set41,alt2,20260910843
1841,1,set42,alt2,20260910843
1841,1,set48,alt2,20260910843
1842,3,set3,alt1,20260910844
1842,3,set4,alt2,20260910844
1842,3,set12,alt1,20260910844
1842,3,set22,alt1,20260910844
1842,3,set24,alt1,20260910844
1842,3,set25,alt1,20260910844
1842,3,set28,alt1,20260910844
1842,3,set29,alt1,20260910844
1842,3,set30,alt2,20260910844
1842,3,set31,alt2,20260910844
1842,3,set39,alt2,20260910844
1842,3,set47,alt2,20260910844
1843,1,set5,alt2,20260910845
1843,1,set6,alt1,20260910845
1843,1,set9,alt2,20260910845
1843,1,set11,alt2,20260910845
1843,1,set18,alt2,20260910845
1843,1,set19,alt2,20260910845
1843,1,set33,alt1,20260910845
1843,1,set35,alt2,20260910845
1843,1,set37,alt1,20260910845
1843,1,set41,alt1,20260910845
1843,1,set42,alt2,20260910845
1843,1,set48,alt2,20260910845
1844,4,set14,alt1,20260910846
1844,4,set15,alt2,20260910846
1844,4,set16,alt2,20260910846
1844,4,set17,alt2,20260910846
1844,4,set20,alt1,20260910846
1844,4,set21,alt1,20260910846
1844,4,set23,alt1,20260910846
1844,4,set26,alt1,20260910846
1844,4,set27,alt1,20260910846
1844,4,set32,alt1,20260910846
1844,4,set34,alt2,20260910846
1844,4,set43,alt2,20260910846
1845,2,set1,alt2,20260910847
1845,2,set2,alt1,20260910847
1845,2,set7,alt1,20260910847
1845,2,set8,alt1,20260910847
1845,2,set10,alt1,20260910847
1845,2,set13,alt1,20260910847
1845,2,set36,alt2,20260910847
1845,2,set38,alt2,20260910847
1845,2,set40,alt2,20260910847
1845,2,set44,alt1,20260910847
1845,2,set45,alt2,20260910847
1845,2,set46,alt1,20260910847
1846,3,set3,alt2,20260910848
1846,3,set4,alt1,20260910848
1846,3,set12,alt1,20260910848
1846,3,set22,alt2,20260910848
1846,3,set24,alt1,20260910848
1846,3,set25,alt2,20260910848
1846,3,set28,alt2,20260910848
1846,3,set29,alt1,20260910848
1846,3,set30,alt2,20260910848
1846,3,set31,alt1,20260910848
1846,3,set39,alt1,20260910848
1846,3,set47,alt2,20260910848
1847,4,set14,alt1,20260910849
1847,4,set15,alt2,20260910849
1847,4,set16,alt2,20260910849
1847,4,set17,alt2,20260910849
1847,4,set20,alt1,20260910849
1847,4,set21,alt1,20260910849
1847,4,set23,alt1,20260910849
1847,4,set26,alt1,20260910849
1847,4,set27,alt1,20260910849
1847,4,set32,alt1,20260910849
1847,4,set34,alt2,20260910849
1847,4,set43,alt2,20260910849
1848,4,set14,alt2,20260910850
1848,4,set15,alt2,20260910850
1848,4,set16,alt1,20260910850
1848,4,set17,alt1,20260910850
1848,4,set20,alt1,20260910850
1848,4,set21,alt1,20260910850
1848,4,set23,alt1,20260910850
1848,4,set26,alt1,20260910850
1848,4,set27,alt2,20260910850
1848,4,set32,alt1,20260910850
1848,4,set34,alt2,20260910850
1848,4,set43,alt1,20260910850
1849,2,set1,alt2,20260910851
1849,2,set2,alt1,20260910851
1849,2,set7,alt1,20260910851
1849,2,set8,alt1,20260910851
1849,2,set10,alt2,20260910851
1849,2,set13,alt1,20260910851
1849,2,set36,alt2,20260910851
1849,2,set38,alt2,20260910851
1849,2,set40,alt2,20260910851
1849,2,set44,alt1,20260910851
1849,2,set45,alt2,20260910851
1849,2,set46,alt1,20260910851
1850,1,set5,alt1,20260910852
1850,1,set6,alt2,20260910852
1850,1,set9,alt1,20260910852
1850,1,set11,alt2,20260910852
1850,1,set18,alt1,20260910852
1850,1,set19,alt2,20260910852
1850,1,set33,alt1,20260910852
1850,1,set35,alt2,20260910852
1850,1,set37,alt1,20260910852
1850,1,set41,alt1,20260910852
1850,1,set42,alt1,20260910852
1850,1,set48,alt2,20260910852
1851,1,set5,alt2,20260910853
1851,1,set6,alt2,20260910853
1851,1,set9,alt2,20260910853
1851,1,set11,alt2,20260910853
1851,1,set18,alt2,20260910853
1851,1,set19,alt2,20260910853
1851,1,set33,alt1,20260910853
1851,1,set35,alt2,20260910853
1851,1,set37,alt1,20260910853
1851,1,set41,alt2,20260910853
1851,1,set42,alt2,20260910853
1851,1,set48,alt2,20260910853
1852,2,set1,alt2,20260910854
1852,2,set2,alt1,20260910854
1852,2,set7,alt2,20260910854
1852,2,set8,alt1,20260910854
1852,2,set10,alt2,20260910854
1852,2,set13,alt1,20260910854
1852,2,set36,alt2,20260910854
1852,2,set38,alt1,20260910854
1852,2,set40,alt2,20260910854
1852,2,set44,alt2,20260910854
1852,2,set45,alt2,20260910854
1852,2,set46,alt2,20260910854
1853,1,set5,alt2,20260910855
1853,1,set6,alt2,20260910855
1853,1,set9,alt2,20260910855
1853,1,set11,alt2,20260910855
1853,1,set18,alt2,20260910855
1853,1,set19,alt2,20260910855
1853,1,set33,alt1,20260910855
1853,1,set35,alt2,20260910855
1853,1,set37,alt1,20260910855
1853,1,set41,alt2,20260910855
1853,1,set42,alt2,20260910855
1853,1,set48,alt2,20260910855
1854,3,set3,alt1,20260910856
1854,3,set4,alt2,20260910856
1854,3,set12,alt1,20260910856
1854,3,set22,alt1,20260910856
1854,3,set24,alt1,20260910856
1854,3,set25,alt1,20260910856
1854,3,set28,alt1,20260910856
1854,3,set29,alt1,20260910856
1854,3,set30,alt2,20260910856
1854,3,set31,alt2,20260910856
1854,3,set39,alt2,20260910856
1854,3,set47,alt2,20260910856
1855,3,set3,alt1,20260910857
1855,3,set4,alt2,20260910857
1855,3,set12,alt1,20260910857
1855,3,set22,alt1,20260910857
1855,3,set24,alt1,20260910857
1855,3,set25,alt1,20260910857
1855,3,set28,alt1,20260910857
1855,3,set29,alt1,20260910857
1855,3,set30,alt2,20260910857
1855,3,set31,alt2,20260910857
1855,3,set39,alt2,20260910857
1855,3,set47,alt2,20260910857
1856,4,set14,alt1,20260910858
1856,4,set15,alt2,20260910858
1856,4,set16,alt1,20260910858
1856,4,set17,alt2,20260910858
1856,4,set20,alt1,20260910858
1856,4,set21,alt1,20260910858
1856,4,set23,alt1,20260910858
1856,4,set26,alt1,20260910858
1856,4,set27,alt1,20260910858
1856,4,set32,alt1,20260910858
1856,4,set34,alt1,20260910858
1856,4,set43,alt1,20260910858
1857,4,set14,alt1,20260910859
1857,4,set15,alt2,20260910859
1857,4,set16,alt2,20260910859
1857,4,set17,alt2,20260910859
1857,4,set20,alt1,20260910859
1857,4,set21,alt1,20260910859
1857,4,set23,alt1,20260910859
1857,4,set26,alt1,20260910859
1857,4,set27,alt1,20260910859
1857,4,set32,alt1,20260910859
1857,4,set34,alt2,20260910859
1857,4,set43,alt2,20260910859
1858,1,set5,alt2,20260910860
1858,1,set6,alt1,20260910860
1858,1,set9,alt2,20260910860
1858,1,set11,alt2,20260910860
1858,1,set18,alt2,20260910860
1858,1,set19,alt2,20260910860
1858,1,set33,alt1,20260910860
1858,1,set35,alt2,20260910860
1858,1,set37,alt1,20260910860
1858,1,set41,alt1,20260910860
1858,1,set42,alt2,20260910860
1858,1,set48,alt2,20260910860
1859,4,set14,alt1,20260910861
1859,4,set15,alt2,20260910861
1859,4,set16,alt2,20260910861
1859,4,set17,alt2,20260910861
1859,4,set20,alt1,20260910861
1859,4,set21,alt1,20260910861
1859,4,set23,alt1,20260910861
1859,4,set26,alt1,20260910861
1859,4,set27,alt1,20260910861
1859,4,set32,alt1,20260910861
1859,4,set34,alt2,20260910861
1859,4,set43,alt2,20260910861
1860,3,set3,alt1,20260910862
1860,3,set4,alt2,20260910862
1860,3,set12,alt1,20260910862
1860,3,set22,alt1,20260910862
1860,3,set24,alt1,20260910862
1860,3,set25,alt1,20260910862
1860,3,set28,alt1,20260910862
1860,3,set29,alt1,20260910862
1860,3,set30,alt2,20260910862
1860,3,set31,alt2,20260910862
1860,3,set39,alt2,20260910862
1860,3,set47,alt2,20260910862
1861,4,set14,alt1,20260910863
1861,4,set15,alt2,20260910863
1861,4,set16,alt1,20260910863
1861,4,set17,alt2,20260910863
1861,4,set20,alt1,20260910863
1861,4,set21,alt1,20260910863
1861,4,set23,alt1,20260910863
1861,4,set26,alt1,20260910863
1861,4,set27,alt1,20260910863
1861,4,set32,alt1,20260910863
1861,4,set34,alt1,20260910863
1861,4,set43,alt1,20260910863
1862,1,set5,alt2,20260910864
1862,1,set6,alt2,20260910864
1862,1,set9,alt2,20260910864
1862,1,set11,alt2,20260910864
1862,1,set18,alt2,20260910864
1862,1,set19,alt2,20260910864
1862,1,set33,alt1,20260910864
1862,1,set35,alt2,20260910864
1862,1,set37,alt1,20260910864
1862,1,set41,alt2,20260910864
1862,1,set42,alt2,20260910864
1862,1,set48,alt2,20260910864
1863,2,set1,alt2,20260910865
1863,2,set2,alt1,20260910865
1863,2,set7,alt1,20260910865
1863,2,set8,alt1,20260910865
1863,2,set10,alt1,20260910865
1863,2,set13,alt1,20260910865
1863,2,set36,alt2,20260910865
1863,2,set38,alt2,20260910865
1863,2,set40,alt2,20260910865
1863,2,set44,alt1,20260910865
1863,2,set45,alt2,20260910865
1863,2,set46,alt1,20260910865
1864,3,set3,alt1,20260910866
1864,3,set4,alt2,20260910866
1864,3,set12,alt1,20260910866
1864,3,set22,alt1,20260910866
1864,3,set24,alt1,20260910866
1864,3,set25,alt1,20260910866
1864,3,set28,alt1,20260910866
1864,3,set29,alt1,20260910866
1864,3,set30,alt2,20260910866
1864,3,set31,alt2,20260910866
1864,3,set39,alt2,20260910866
1864,3,set47,alt2,20260910866
1865,1,set5,alt2,20260910867
1865,1,set6,alt1,20260910867
1865,1,set9,alt2,20260910867
1865,1,set11,alt2,20260910867
1865,1,set18,alt2,20260910867
1865,1,set19,alt2,20260910867
1865,1,set33,alt1,20260910867
1865,1,set35,alt2,20260910867
1865,1,set37,alt1,20260910867
1865,1,set41,alt1,20260910867
1865,1,set42,alt2,20260910867
1865,1,set48,alt2,20260910867
1866,2,set1,alt2,20260910868
1866,2,set2,alt1,20260910868
1866,2,set7,alt1,20260910868
1866,2,set8,alt1,20260910868
1866,2,set10,alt2,20260910868
1866,2,set13,alt1,20260910868
1866,2,set36,alt2,20260910868
1866,2,set38,alt2,20260910868
1866,2,set40,alt2,20260910868
1866,2,set44,alt2,20260910868
1866,2,set45,alt2,20260910868
1866,2,set46,alt2,20260910868
1867,3,set3,alt1,20260910869
1867,3,set4,alt2,20260910869
1867,3,set12,alt1,20260910869
1867,3,set22,alt1,20260910869
1867,3,set24,alt1,20260910869
1867,3,set25,alt1,20260910869
1867,3,set28,alt1,20260910869
1867,3,set29,alt1,20260910869
1867,3,set30,alt2,20260910869
1867,3,set31,alt2,20260910869
1867,3,set39,alt2,20260910869
1867,3,set47,alt2,20260910869
1868,4,set14,alt1,20260910870
1868,4,set15,alt2,20260910870
1868,4,set16,alt2,20260910870
1868,4,set17,alt2,20260910870
1868,4,set20,alt1,20260910870
1868,4,set21,alt1,20260910870
1868,4,set23,alt1,20260910870
1868,4,set26,alt1,20260910870
1868,4,set27,alt1,20260910870
1868,4,set32,alt1,20260910870
1868,4,set34,alt2,20260910870
1868,4,set43,alt2,20260910870
1869,3,set3,alt2,20260910871
1869,3,set4,alt1,20260910871
1869,3,set12,alt1,20260910871
1869,3,set22,alt2,20260910871
1869,3,set24,alt1,20260910871
1869,3,set25,alt2,20260910871
1869,3,set28,alt2,20260910871
1869,3,set29,alt1,20260910871
1869,3,set30,alt2,20260910871
1869,3,set31,alt1,20260910871
1869,3,set39,alt1,20260910871
1869,3,set47,alt2,20260910871
1870,3,set3,alt1,20260910872
1870,3,set4,alt2,20260910872
1870,3,set12,alt1,20260910872
1870,3,set22,alt1,20260910872
1870,3,set24,alt1,20260910872
1870,3,set25,alt1,20260910872
1870,3,set28,alt1,20260910872
1870,3,set29,alt1,20260910872
1870,3,set30,alt2,20260910872
1870,3,set31,alt2,20260910872
1870,3,set39,alt2,20260910872
1870,3,set47,alt2,20260910872
1871,4,set14,alt1,20260910873
1871,4,set15,alt2,20260910873
1871,4,set16,alt2,20260910873
1871,4,set17,alt2,20260910873
1871,4,set20,alt1,20260910873
1871,4,set21,alt1,20260910873
1871,4,set23,alt1,20260910873
1871,4,set26,alt1,20260910873
1871,4,set27,alt1,20260910873
1871,4,set32,alt1,20260910873
1871,4,set34,alt2,20260910873
1871,4,set43,alt2,20260910873
1872,3,set3,alt2,20260910874
1872,3,set4,alt2,20260910874
1872,3,set12,alt1,20260910874
1872,3,set22,alt2,20260910874
1872,3,set24,alt1,20260910874
1872,3,set25,alt1,20260910874
1872,3,set28,alt1,20260910874
1872,3,set29,alt1,20260910874
1872,3,set30,alt2,20260910874
1872,3,set31,alt2,20260910874
1872,3,set39,alt2,20260910874
1872,3,set47,alt2,20260910874
1873,1,set5,alt2,20260910875
1873,1,set6,alt2,20260910875
1873,1,set9,alt2,20260910875
1873,1,set11,alt2,20260910875
1873,1,set18,alt2,20260910875
1873,1,set19,alt2,20260910875
1873,1,set33,alt1,20260910875
1873,1,set35,alt2,20260910875
1873,1,set37,alt1,20260910875
1873,1,set41,alt2,20260910875
1873,1,set42,alt2,20260910875
1873,1,set48,alt2,20260910875
1874,2,set1,alt2,20260910876
1874,2,set2,alt1,20260910876
1874,2,set7,alt1,20260910876
1874,2,set8,alt1,20260910876
1874,2,set10,alt1,20260910876
1874,2,set13,alt1,20260910876
1874,2,set36,alt2,20260910876
1874,2,set38,alt2,20260910876
1874,2,set40,alt2,20260910876
1874,2,set44,alt1,20260910876
1874,2,set45,alt2,20260910876
1874,2,set46,alt1,20260910876
1875,4,set14,alt1,20260910877
1875,4,set15,alt2,20260910877
1875,4,set16,alt2,20260910877
1875,4,set17,alt2,20260910877
1875,4,set20,alt1,20260910877
1875,4,set21,alt1,20260910877
1875,4,set23,alt1,20260910877
1875,4,set26,alt1,20260910877
1875,4,set27,alt1,20260910877
1875,4,set32,alt1,20260910877
1875,4,set34,alt2,20260910877
1875,4,set43,alt2,20260910877
1876,4,set14,alt1,20260910878
1876,4,set15,alt1,20260910878
1876,4,set16,alt1,20260910878
1876,4,set17,alt1,20260910878
1876,4,set20,alt1,20260910878
1876,4,set21,alt1,20260910878
1876,4,set23,alt1,20260910878
1876,4,set26,alt1,20260910878
1876,4,set27,alt1,20260910878
1876,4,set32,alt1,20260910878
1876,4,set34,alt2,20260910878
1876,4,set43,alt1,20260910878
1877,4,set14,alt1,20260910879
1877,4,set15,alt2,20260910879
1877,4,set16,alt2,20260910879
1877,4,set17,alt2,20260910879
1877,4,set20,alt1,20260910879
1877,4,set21,alt1,20260910879
1877,4,set23,alt1,20260910879
1877,4,set26,alt1,20260910879
1877,4,set27,alt1,20260910879
1877,4,set32,alt1,20260910879
1877,4,set34,alt2,20260910879
1877,4,set43,alt2,20260910879
1878,4,set14,alt1,20260910880
1878,4,set15,alt2,20260910880
1878,4,set16,alt2,20260910880
1878,4,set17,alt2,20260910880
1878,4,set20,alt1,20260910880
1878,4,set21,alt1,20260910880
1878,4,set23,alt1,20260910880
1878,4,set26,alt1,20260910880
1878,4,set27,alt1,20260910880
1878,4,set32,alt1,20260910880
1878,4,set34,alt2,20260910880
1878,4,set43,alt2,20260910880
1879,4,set14,alt1,20260910881
1879,4,set15,alt2,20260910881
1879,4,set16,alt2,20260910881
1879,4,set17,alt2,20260910881
1879,4,set20,alt1,20260910881
1879,4,set21,alt1,20260910881
1879,4,set23,alt1,20260910881
1879,4,set26,alt1,20260910881
1879,4,set27,alt1,20260910881
1879,4,set32,alt1,20260910881
1879,4,set34,alt2,20260910881
1879,4,set43,alt2,20260910881
1880,4,set14,alt1,20260910882
1880,4,set15,alt1,20260910882
1880,4,set16,alt1,20260910882
1880,4,set17,alt1,20260910882
1880,4,set20,alt1,20260910882
1880,4,set21,alt1,20260910882
1880,4,set23,alt1,20260910882
1880,4,set26,alt1,20260910882
1880,4,set27,alt1,20260910882
1880,4,set32,alt1,20260910882
1880,4,set34,alt2,20260910882
1880,4,set43,alt1,20260910882
1881,3,set3,alt1,20260910883
1881,3,set4,alt2,20260910883
1881,3,set12,alt1,20260910883
1881,3,set22,alt1,20260910883
1881,3,set24,alt1,20260910883
1881,3,set25,alt1,20260910883
1881,3,set28,alt1,20260910883
1881,3,set29,alt1,20260910883
1881,3,set30,alt2,20260910883
1881,3,set31,alt2,20260910883
1881,3,set39,alt2,20260910883
1881,3,set47,alt2,20260910883
1882,4,set14,alt1,20260910884
1882,4,set15,alt2,20260910884
1882,4,set16,alt2,20260910884
1882,4,set17,alt2,20260910884
1882,4,set20,alt1,20260910884
1882,4,set21,alt1,20260910884
1882,4,set23,alt1,20260910884
1882,4,set26,alt1,20260910884
1882,4,set27,alt1,20260910884
1882,4,set32,alt1,20260910884
1882,4,set34,alt2,20260910884
1882,4,set43,alt2,20260910884
1883,3,set3,alt2,20260910885
1883,3,set4,alt1,20260910885
1883,3,set12,alt1,20260910885
1883,3,set22,alt2,20260910885
1883,3,set24,alt1,20260910885
1883,3,set25,alt2,20260910885
1883,3,set28,alt2,20260910885
1883,3,set29,alt1,20260910885
1883,3,set30,alt2,20260910885
1883,3,set31,alt1,20260910885
1883,3,set39,alt1,20260910885
1883,3,set47,alt2,20260910885
1884,2,set1,alt2,20260910886
1884,2,set2,alt1,20260910886
1884,2,set7,alt1,20260910886
1884,2,set8,alt1,20260910886
1884,2,set10,alt1,20260910886
1884,2,set13,alt1,20260910886
1884,2,set36,alt2,20260910886
1884,2,set38,alt2,20260910886
1884,2,set40,alt2,20260910886
1884,2,set44,alt1,20260910886
1884,2,set45,alt2,20260910886
1884,2,set46,alt1,20260910886
1885,3,set3,alt2,20260910887
1885,3,set4,alt2,20260910887
1885,3,set12,alt1,20260910887
1885,3,set22,alt2,20260910887
1885,3,set24,alt1,20260910887
1885,3,set25,alt1,20260910887
1885,3,set28,alt1,20260910887
1885,3,set29,alt1,20260910887
1885,3,set30,alt2,20260910887
1885,3,set31,alt2,20260910887
1885,3,set39,alt2,20260910887
1885,3,set47,alt2,20260910887
1886,3,set3,alt1,20260910888
1886,3,set4,alt2,20260910888
1886,3,set12,alt1,20260910888
1886,3,set22,alt1,20260910888
1886,3,set24,alt1,20260910888
1886,3,set25,alt1,20260910888
1886,3,set28,alt1,20260910888
1886,3,set29,alt1,20260910888
1886,3,set30,alt2,20260910888
1886,3,set31,alt2,20260910888
1886,3,set39,alt2,20260910888
1886,3,set47,alt2,20260910888
1887,4,set14,alt2,20260910889
1887,4,set15,alt2,20260910889
1887,4,set16,alt1,20260910889
1887,4,set17,alt1,20260910889
1887,4,set20,alt1,20260910889
1887,4,set21,alt1,20260910889
1887,4,set23,alt1,20260910889
1887,4,set26,alt1,20260910889
1887,4,set27,alt2,20260910889
1887,4,set32,alt1,20260910889
1887,4,set34,alt2,20260910889
1887,4,set43,alt1,20260910889
1888,3,set3,alt2,20260910890
1888,3,set4,alt1,20260910890
1888,3,set12,alt1,20260910890
1888,3,set22,alt2,20260910890
1888,3,set24,alt1,20260910890
1888,3,set25,alt2,20260910890
1888,3,set28,alt2,20260910890
1888,3,set29,alt1,20260910890
1888,3,set30,alt2,20260910890
1888,3,set31,alt1,20260910890
1888,3,set39,alt1,20260910890
1888,3,set47,alt2,20260910890
1889,4,set14,alt1,20260910891
1889,4,set15,alt2,20260910891
1889,4,set16,alt2,20260910891
1889,4,set17,alt2,20260910891
1889,4,set20,alt1,20260910891
1889,4,set21,alt1,20260910891
1889,4,set23,alt1,20260910891
1889,4,set26,alt1,20260910891
1889,4,set27,alt1,20260910891
1889,4,set32,alt1,20260910891
1889,4,set34,alt2,20260910891
1889,4,set43,alt2,20260910891
1890,1,set5,alt1,20260910892
1890,1,set6,alt2,20260910892
1890,1,set9,alt1,20260910892
1890,1,set11,alt2,20260910892
1890,1,set18,alt2,20260910892
1890,1,set19,alt2,20260910892
1890,1,set33,alt1,20260910892
1890,1,set35,alt2,20260910892
1890,1,set37,alt1,20260910892
1890,1,set41,alt1,20260910892
1890,1,set42,alt1,20260910892
1890,1,set48,alt2,20260910892
1891,3,set3,alt1,20260910893
1891,3,set4,alt2,20260910893
1891,3,set12,alt1,20260910893
1891,3,set22,alt1,20260910893
1891,3,set24,alt1,20260910893
1891,3,set25,alt1,20260910893
1891,3,set28,alt1,20260910893
1891,3,set29,alt1,20260910893
1891,3,set30,alt2,20260910893
1891,3,set31,alt2,20260910893
1891,3,set39,alt2,20260910893
1891,3,set47,alt2,20260910893
1892,3,set3,alt1,20260910894
1892,3,set4,alt2,20260910894
1892,3,set12,alt1,20260910894
1892,3,set22,alt1,20260910894
1892,3,set24,alt1,20260910894
1892,3,set25,alt1,20260910894
1892,3,set28,alt1,20260910894
1892,3,set29,alt1,20260910894
1892,3,set30,alt2,20260910894
1892,3,set31,alt2,20260910894
1892,3,set39,alt2,20260910894
1892,3,set47,alt2,20260910894
1893,4,set14,alt1,20260910895
1893,4,set15,alt2,20260910895
1893,4,set16,alt2,20260910895
1893,4,set17,alt2,20260910895
1893,4,set20,alt1,20260910895
1893,4,set21,alt1,20260910895
1893,4,set23,alt1,20260910895
1893,4,set26,alt1,20260910895
1893,4,set27,alt1,20260910895
1893,4,set32,alt1,20260910895
1893,4,set34,alt2,20260910895
1893,4,set43,alt2,20260910895
1894,2,set1,alt2,20260910896
1894,2,set2,alt1,20260910896
1894,2,set7,alt1,20260910896
1894,2,set8,alt1,20260910896
1894,2,set10,alt1,20260910896
1894,2,set13,alt1,20260910896
1894,2,set36,alt2,20260910896
1894,2,set38,alt2,20260910896
1894,2,set40,alt2,20260910896
1894,2,set44,alt1,20260910896
1894,2,set45,alt2,20260910896
1894,2,set46,alt1,20260910896
1895,1,set5,alt1,20260910897
1895,1,set6,alt1,20260910897
1895,1,set9,alt1,20260910897
1895,1,set11,alt2,20260910897
1895,1,set18,alt1,20260910897
1895,1,set19,alt1,20260910897
1895,1,set33,alt2,20260910897
1895,1,set35,alt2,20260910897
1895,1,set37,alt1,20260910897
1895,1,set41,alt1,20260910897
1895,1,set42,alt2,20260910897
1895,1,set48,alt2,20260910897
1896,3,set3,alt1,20260910898
1896,3,set4,alt2,20260910898
1896,3,set12,alt1,20260910898
1896,3,set22,alt1,20260910898
1896,3,set24,alt1,20260910898
1896,3,set25,alt1,20260910898
1896,3,set28,alt1,20260910898
1896,3,set29,alt1,20260910898
1896,3,set30,alt2,20260910898
1896,3,set31,alt2,20260910898
1896,3,set39,alt2,20260910898
1896,3,set47,alt2,20260910898
1897,2,set1,alt2,20260910899
1897,2,set2,alt1,20260910899
1897,2,set7,alt1,20260910899
1897,2,set8,alt1,20260910899
1897,2,set10,alt1,20260910899
1897,2,set13,alt1,20260910899
1897,2,set36,alt2,20260910899
1897,2,set38,alt2,20260910899
1897,2,set40,alt2,20260910899
1897,2,set44,alt1,20260910899
1897,2,set45,alt2,20260910899
1897,2,set46,alt1,20260910899
1898,4,set14,alt2,20260910900
1898,4,set15,alt2,20260910900
1898,4,set16,alt1,20260910900
1898,4,set17,alt1,20260910900
1898,4,set20,alt1,20260910900
1898,4,set21,alt1,20260910900
1898,4,set23,alt1,20260910900
1898,4,set26,alt1,20260910900
1898,4,set27,alt2,20260910900
1898,4,set32,alt1,20260910900
1898,4,set34,alt2,20260910900
1898,4,set43,alt1,20260910900
1899,1,set5,alt1,20260910901
1899,1,set6,alt1,20260910901
1899,1,set9,alt1,20260910901
1899,1,set11,alt2,20260910901
1899,1,set18,alt1,20260910901
1899,1,set19,alt1,20260910901
1899,1,set33,alt2,20260910901
1899,1,set35,alt2,20260910901
1899,1,set37,alt1,20260910901
1899,1,set41,alt1,20260910901
1899,1,set42,alt2,20260910901
1899,1,set48,alt2,20260910901
1900,2,set1,alt2,20260910902
1900,2,set2,alt1,20260910902
1900,2,set7,alt2,20260910902
1900,2,set8,alt1,20260910902
1900,2,set10,alt2,20260910902
1900,2,set13,alt1,20260910902
1900,2,set36,alt2,20260910902
1900,2,set38,alt1,20260910902
1900,2,set40,alt2,20260910902
1900,2,set44,alt2,20260910902
1900,2,set45,alt2,20260910902
1900,2,set46,alt2,20260910902
1901,4,set14,alt2,20260910903
1901,4,set15,alt2,20260910903
1901,4,set16,alt1,20260910903
1901,4,set17,alt1,20260910903
1901,4,set20,alt1,20260910903
1901,4,set21,alt1,20260910903
1901,4,set23,alt1,20260910903
1901,4,set26,alt1,20260910903
1901,4,set27,alt2,20260910903
1901,4,set32,alt1,20260910903
1901,4,set34,alt2,20260910903
1901,4,set43,alt1,20260910903
1902,2,set1,alt2,20260910904
1902,2,set2,alt1,20260910904
1902,2,set7,alt2,20260910904
1902,2,set8,alt1,20260910904
1902,2,set10,alt2,20260910904
1902,2,set13,alt1,20260910904
1902,2,set36,alt2,20260910904
1902,2,set38,alt1,20260910904
1902,2,set40,alt2,20260910904
1902,2,set44,alt2,20260910904
1902,2,set45,alt2,20260910904
1902,2,set46,alt2,20260910904
1903,3,set3,alt1,20260910905
1903,3,set4,alt2,20260910905
1903,3,set12,alt1,20260910905
1903,3,set22,alt1,20260910905
1903,3,set24,alt1,20260910905
1903,3,set25,alt1,20260910905
1903,3,set28,alt1,20260910905
1903,3,set29,alt1,20260910905
1903,3,set30,alt2,20260910905
1903,3,set31,alt2,20260910905
1903,3,set39,alt2,20260910905
1903,3,set47,alt2,20260910905
1904,4,set14,alt1,20260910906
1904,4,set15,alt2,20260910906
1904,4,set16,alt2,20260910906
1904,4,set17,alt2,20260910906
1904,4,set20,alt1,20260910906
1904,4,set21,alt1,20260910906
1904,4,set23,alt1,20260910906
1904,4,set26,alt1,20260910906
1904,4,set27,alt1,20260910906
1904,4,set32,alt1,20260910906
1904,4,set34,alt2,20260910906
1904,4,set43,alt2,20260910906
1905,2,set1,alt2,20260910907
1905,2,set2,alt1,20260910907
1905,2,set7,alt1,20260910907
1905,2,set8,alt1,20260910907
1905,2,set10,alt1,20260910907
1905,2,set13,alt1,20260910907
1905,2,set36,alt2,20260910907
1905,2,set38,alt2,20260910907
1905,2,set40,alt2,20260910907
1905,2,set44,alt1,20260910907
1905,2,set45,alt2,20260910907
1905,2,set46,alt1,20260910907
1906,2,set1,alt2,20260910908
1906,2,set2,alt1,20260910908
1906,2,set7,alt1,20260910908
1906,2,set8,alt1,20260910908
1906,2,set10,alt1,20260910908
1906,2,set13,alt1,20260910908
1906,2,set36,alt2,20260910908
1906,2,set38,alt2,20260910908
1906,2,set40,alt2,20260910908
1906,2,set44,alt1,20260910908
1906,2,set45,alt2,20260910908
1906,2,set46,alt1,20260910908
1907,3,set3,alt1,20260910909
1907,3,set4,alt2,20260910909
1907,3,set12,alt1,20260910909
1907,3,set22,alt1,20260910909
1907,3,set24,alt1,20260910909
1907,3,set25,alt1,20260910909
1907,3,set28,alt1,20260910909
1907,3,set29,alt1,20260910909
1907,3,set30,alt2,20260910909
1907,3,set31,alt2,20260910909
1907,3,set39,alt2,20260910909
1907,3,set47,alt2,20260910909
1908,1,set5,alt2,20260910910
1908,1,set6,alt1,20260910910
1908,1,set9,alt2,20260910910
1908,1,set11,alt2,20260910910
1908,1,set18,alt2,20260910910
1908,1,set19,alt2,20260910910
1908,1,set33,alt1,20260910910
1908,1,set35,alt2,20260910910
1908,1,set37,alt1,20260910910
1908,1,set41,alt1,20260910910
1908,1,set42,alt2,20260910910
1908,1,set48,alt2,20260910910
1909,1,set5,alt2,20260910911
1909,1,set6,alt1,20260910911
1909,1,set9,alt2,20260910911
1909,1,set11,alt2,20260910911
1909,1,set18,alt2,20260910911
1909,1,set19,alt2,20260910911
1909,1,set33,alt1,20260910911
1909,1,set35,alt2,20260910911
1909,1,set37,alt1,20260910911
1909,1,set41,alt1,20260910911
1909,1,set42,alt2,20260910911
1909,1,set48,alt2,20260910911
1910,4,set14,alt1,20260910912
1910,4,set15,alt1,20260910912
1910,4,set16,alt1,20260910912
1910,4,set17,alt1,20260910912
1910,4,set20,alt1,20260910912
1910,4,set21,alt1,20260910912
1910,4,set23,alt1,20260910912
1910,4,set26,alt1,20260910912
1910,4,set27,alt1,20260910912
1910,4,set32,alt1,20260910912
1910,4,set34,alt2,20260910912
1910,4,set43,alt1,20260910912
1911,1,set5,alt2,20260910913
1911,1,set6,alt2,20260910913
1911,1,set9,alt2,20260910913
1911,1,set11,alt2,20260910913
1911,1,set18,alt2,20260910913
1911,1,set19,alt2,20260910913
1911,1,set33,alt1,20260910913
1911,1,set35,alt2,20260910913
1911,1,set37,alt1,20260910913
1911,1,set41,alt2,20260910913
1911,1,set42,alt2,20260910913
1911,1,set48,alt2,20260910913
1912,2,set1,alt2,20260910914
1912,2,set2,alt1,20260910914
1912,2,set7,alt1,20260910914
1912,2,set8,alt1,20260910914
1912,2,set10,alt1,20260910914
1912,2,set13,alt1,20260910914
1912,2,set36,alt2,20260910914
1912,2,set38,alt2,20260910914
1912,2,set40,alt2,20260910914
1912,2,set44,alt1,20260910914
1912,2,set45,alt2,20260910914
1912,2,set46,alt1,20260910914
1913,4,set14,alt1,20260910915
1913,4,set15,alt2,20260910915
1913,4,set16,alt1,20260910915
1913,4,set17,alt2,20260910915
1913,4,set20,alt1,20260910915
1913,4,set21,alt1,20260910915
1913,4,set23,alt1,20260910915
1913,4,set26,alt1,20260910915
1913,4,set27,alt1,20260910915
1913,4,set32,alt1,20260910915
1913,4,set34,alt1,20260910915
1913,4,set43,alt1,20260910915
1914,4,set14,alt1,20260910916
1914,4,set15,alt2,20260910916
1914,4,set16,alt2,20260910916
1914,4,set17,alt2,20260910916
1914,4,set20,alt1,20260910916
1914,4,set21,alt1,20260910916
1914,4,set23,alt1,20260910916
1914,4,set26,alt1,20260910916
1914,4,set27,alt1,20260910916
1914,4,set32,alt1,20260910916
1914,4,set34,alt2,20260910916
1914,4,set43,alt2,20260910916
1915,3,set3,alt2,20260910917
1915,3,set4,alt1,20260910917
1915,3,set12,alt1,20260910917
1915,3,set22,alt2,20260910917
1915,3,set24,alt1,20260910917
1915,3,set25,alt2,20260910917
1915,3,set28,alt2,20260910917
1915,3,set29,alt1,20260910917
1915,3,set30,alt2,20260910917
1915,3,set31,alt1,20260910917
1915,3,set39,alt1,20260910917
1915,3,set47,alt2,20260910917
1916,4,set14,alt1,20260910918
1916,4,set15,alt2,20260910918
1916,4,set16,alt2,20260910918
1916,4,set17,alt2,20260910918
1916,4,set20,alt1,20260910918
1916,4,set21,alt1,20260910918
1916,4,set23,alt1,20260910918
1916,4,set26,alt1,20260910918
1916,4,set27,alt1,20260910918
1916,4,set32,alt1,20260910918
1916,4,set34,alt2,20260910918
1916,4,set43,alt2,20260910918
1917,1,set5,alt2,20260910919
1917,1,set6,alt1,20260910919
1917,1,set9,alt2,20260910919
1917,1,set11,alt2,20260910919
1917,1,set18,alt2,20260910919
1917,1,set19,alt2,20260910919
1917,1,set33,alt1,20260910919
1917,1,set35,alt2,20260910919
1917,1,set37,alt1,20260910919
1917,1,set41,alt1,20260910919
1917,1,set42,alt2,20260910919
1917,1,set48,alt2,20260910919
1918,3,set3,alt1,20260910920
1918,3,set4,alt2,20260910920
1918,3,set12,alt1,20260910920
1918,3,set22,alt1,20260910920
1918,3,set24,alt1,20260910920
1918,3,set25,alt1,20260910920
1918,3,set28,alt1,20260910920
1918,3,set29,alt1,20260910920
1918,3,set30,alt2,20260910920
1918,3,set31,alt2,20260910920
1918,3,set39,alt2,20260910920
1918,3,set47,alt2,20260910920
1919,4,set14,alt1,20260910921
1919,4,set15,alt2,20260910921
1919,4,set16,alt2,20260910921
1919,4,set17,alt2,20260910921
1919,4,set20,alt1,20260910921
1919,4,set21,alt1,20260910921
1919,4,set23,alt1,20260910921
1919,4,set26,alt1,20260910921
1919,4,set27,alt1,20260910921
1919,4,set32,alt1,20260910921
1919,4,set34,alt2,20260910921
1919,4,set43,alt2,20260910921
1920,2,set1,alt2,20260910922
1920,2,set2,alt1,20260910922
1920,2,set7,alt1,20260910922
1920,2,set8,alt1,20260910922
1920,2,set10,alt1,20260910922
1920,2,set13,alt1,20260910922
1920,2,set36,alt2,20260910922
1920,2,set38,alt2,20260910922
1920,2,set40,alt2,20260910922
1920,2,set44,alt1,20260910922
1920,2,set45,alt2,20260910922
1920,2,set46,alt1,20260910922
1921,2,set1,alt2,20260910923
1921,2,set2,alt1,20260910923
1921,2,set7,alt1,20260910923
1921,2,set8,alt1,20260910923
1921,2,set10,alt1,20260910923
1921,2,set13,alt1,20260910923
1921,2,set36,alt2,20260910923
1921,2,set38,alt2,20260910923
1921,2,set40,alt2,20260910923
1921,2,set44,alt1,20260910923
1921,2,set45,alt2,20260910923
1921,2,set46,alt1,20260910923
1922,3,set3,alt1,20260910924
1922,3,set4,alt2,20260910924
1922,3,set12,alt1,20260910924
1922,3,set22,alt1,20260910924
1922,3,set24,alt1,20260910924
1922,3,set25,alt1,20260910924
1922,3,set28,alt1,20260910924
1922,3,set29,alt1,20260910924
1922,3,set30,alt2,20260910924
1922,3,set31,alt2,20260910924
1922,3,set39,alt2,20260910924
1922,3,set47,alt2,20260910924
1923,2,set1,alt2,20260910925
1923,2,set2,alt1,20260910925
1923,2,set7,alt1,20260910925
1923,2,set8,alt1,20260910925
1923,2,set10,alt1,20260910925
1923,2,set13,alt1,20260910925
1923,2,set36,alt2,20260910925
1923,2,set38,alt2,20260910925
1923,2,set40,alt2,20260910925
1923,2,set44,alt1,20260910925
1923,2,set45,alt2,20260910925
1923,2,set46,alt1,20260910925
1924,2,set1,alt2,20260910926
1924,2,set2,alt1,20260910926
1924,2,set7,alt1,20260910926
1924,2,set8,alt1,20260910926
1924,2,set10,alt2,20260910926
1924,2,set13,alt1,20260910926
1924,2,set36,alt2,20260910926
1924,2,set38,alt2,20260910926
1924,2,set40,alt2,20260910926
1924,2,set44,alt1,20260910926
1924,2,set45,alt2,20260910926
1924,2,set46,alt1,20260910926
1925,3,set3,alt1,20260910927
1925,3,set4,alt2,20260910927
1925,3,set12,alt1,20260910927
1925,3,set22,alt1,20260910927
1925,3,set24,alt1,20260910927
1925,3,set25,alt1,20260910927
1925,3,set28,alt1,20260910927
1925,3,set29,alt1,20260910927
1925,3,set30,alt2,20260910927
1925,3,set31,alt2,20260910927
1925,3,set39,alt2,20260910927
1925,3,set47,alt2,20260910927
1926,4,set14,alt2,20260910928
1926,4,set15,alt2,20260910928
1926,4,set16,alt1,20260910928
1926,4,set17,alt1,20260910928
1926,4,set20,alt1,20260910928
1926,4,set21,alt1,20260910928
1926,4,set23,alt1,20260910928
1926,4,set26,alt1,20260910928
1926,4,set27,alt2,20260910928
1926,4,set32,alt1,20260910928
1926,4,set34,alt2,20260910928
1926,4,set43,alt1,20260910928
1927,3,set3,alt1,20260910929
1927,3,set4,alt2,20260910929
1927,3,set12,alt1,20260910929
1927,3,set22,alt1,20260910929
1927,3,set24,alt1,20260910929
1927,3,set25,alt1,20260910929
1927,3,set28,alt1,20260910929
1927,3,set29,alt1,20260910929
1927,3,set30,alt2,20260910929
1927,3,set31,alt2,20260910929
1927,3,set39,alt2,20260910929
1927,3,set47,alt2,20260910929
1928,3,set3,alt1,20260910930
1928,3,set4,alt2,20260910930
1928,3,set12,alt1,20260910930
1928,3,set22,alt1,20260910930
1928,3,set24,alt1,20260910930
1928,3,set25,alt1,20260910930
1928,3,set28,alt1,20260910930
1928,3,set29,alt1,20260910930
1928,3,set30,alt2,20260910930
1928,3,set31,alt2,20260910930
1928,3,set39,alt2,20260910930
1928,3,set47,alt2,20260910930
1929,4,set14,alt1,20260910931
1929,4,set15,alt2,20260910931
1929,4,set16,alt2,20260910931
1929,4,set17,alt2,20260910931
1929,4,set20,alt1,20260910931
1929,4,set21,alt1,20260910931
1929,4,set23,alt1,20260910931
1929,4,set26,alt1,20260910931
1929,4,set27,alt1,20260910931
1929,4,set32,alt1,20260910931
1929,4,set34,alt2,20260910931
1929,4,set43,alt2,20260910931
1930,3,set3,alt1,20260910932
1930,3,set4,alt2,20260910932
1930,3,set12,alt1,20260910932
1930,3,set22,alt1,20260910932
1930,3,set24,alt1,20260910932
1930,3,set25,alt1,20260910932
1930,3,set28,alt1,20260910932
1930,3,set29,alt1,20260910932
1930,3,set30,alt2,20260910932
1930,3,set31,alt2,20260910932
1930,3,set39,alt2,20260910932
1930,3,set47,alt2,20260910932
1931,4,set14,alt1,20260910933
1931,4,set15,alt2,20260910933
1931,4,set16,alt2,20260910933
1931,4,set17,alt2,20260910933
1931,4,set20,alt1,20260910933
1931,4,set21,alt1,20260910933
1931,4,set23,alt1,20260910933
1931,4,set26,alt1,20260910933
1931,4,set27,alt1,20260910933
1931,4,set32,alt1,20260910933
1931,4,set34,alt2,20260910933
1931,4,set43,alt2,20260910933
1932,3,set3,alt1,20260910934
1932,3,set4,alt2,20260910934
1932,3,set12,alt1,20260910934
1932,3,set22,alt1,20260910934
1932,3,set24,alt1,20260910934
1932,3,set25,alt1,20260910934
1932,3,set28,alt1,20260910934
1932,3,set29,alt1,20260910934
1932,3,set30,alt2,20260910934
1932,3,set31,alt2,20260910934
1932,3,set39,alt2,20260910934
1932,3,set47,alt2,20260910934
1933,1,set5,alt2,20260910935
1933,1,set6,alt1,20260910935
1933,1,set9,alt2,20260910935
1933,1,set11,alt2,20260910935
1933,1,set18,alt2,20260910935
1933,1,set19,alt2,20260910935
1933,1,set33,alt1,20260910935
1933,1,set35,alt2,20260910935
1933,1,set37,alt1,20260910935
1933,1,set41,alt1,20260910935
1933,1,set42,alt2,20260910935
1933,1,set48,alt2,20260910935
1934,3,set3,alt1,20260910936
1934,3,set4,alt2,20260910936
1934,3,set12,alt1,20260910936
1934,3,set22,alt1,20260910936
1934,3,set24,alt1,20260910936
1934,3,set25,alt1,20260910936
1934,3,set28,alt1,20260910936
1934,3,set29,alt1,20260910936
1934,3,set30,alt2,20260910936
1934,3,set31,alt2,20260910936
1934,3,set39,alt2,20260910936
1934,3,set47,alt2,20260910936
1935,3,set3,alt1,20260910937
1935,3,set4,alt2,20260910937
1935,3,set12,alt1,20260910937
1935,3,set22,alt1,20260910937
1935,3,set24,alt1,20260910937
1935,3,set25,alt1,20260910937
1935,3,set28,alt1,20260910937
1935,3,set29,alt1,20260910937
1935,3,set30,alt2,20260910937
1935,3,set31,alt2,20260910937
1935,3,set39,alt2,20260910937
1935,3,set47,alt2,20260910937
1936,1,set5,alt2,20260910938
1936,1,set6,alt1,20260910938
1936,1,set9,alt2,20260910938
1936,1,set11,alt2,20260910938
1936,1,set18,alt2,20260910938
1936,1,set19,alt2,20260910938
1936,1,set33,alt1,20260910938
1936,1,set35,alt2,20260910938
1936,1,set37,alt1,20260910938
1936,1,set41,alt1,20260910938
1936,1,set42,alt2,20260910938
1936,1,set48,alt2,20260910938
1937,2,set1,alt2,20260910939
1937,2,set2,alt1,20260910939
1937,2,set7,alt1,20260910939
1937,2,set8,alt1,20260910939
1937,2,set10,alt1,20260910939
1937,2,set13,alt1,20260910939
1937,2,set36,alt2,20260910939
1937,2,set38,alt2,20260910939
1937,2,set40,alt2,20260910939
1937,2,set44,alt1,20260910939
1937,2,set45,alt2,20260910939
1937,2,set46,alt1,20260910939
1938,1,set5,alt2,20260910940
1938,1,set6,alt1,20260910940
1938,1,set9,alt2,20260910940
1938,1,set11,alt2,20260910940
1938,1,set18,alt2,20260910940
1938,1,set19,alt2,20260910940
1938,1,set33,alt1,20260910940
1938,1,set35,alt2,20260910940
1938,1,set37,alt1,20260910940
1938,1,set41,alt1,20260910940
1938,1,set42,alt2,20260910940
1938,1,set48,alt2,20260910940
1939,2,set1,alt2,20260910941
1939,2,set2,alt1,20260910941
1939,2,set7,alt1,20260910941
1939,2,set8,alt1,20260910941
1939,2,set10,alt1,20260910941
1939,2,set13,alt1,20260910941
1939,2,set36,alt2,20260910941
1939,2,set38,alt2,20260910941
1939,2,set40,alt2,20260910941
1939,2,set44,alt1,20260910941
1939,2,set45,alt2,20260910941
1939,2,set46,alt1,20260910941
1940,2,set1,alt2,20260910942
1940,2,set2,alt1,20260910942
1940,2,set7,alt1,20260910942
1940,2,set8,alt1,20260910942
1940,2,set10,alt1,20260910942
1940,2,set13,alt1,20260910942
1940,2,set36,alt2,20260910942
1940,2,set38,alt2,20260910942
1940,2,set40,alt2,20260910942
1940,2,set44,alt1,20260910942
1940,2,set45,alt2,20260910942
1940,2,set46,alt1,20260910942
1941,3,set3,alt1,20260910943
1941,3,set4,alt2,20260910943
1941,3,set12,alt1,20260910943
1941,3,set22,alt1,20260910943
1941,3,set24,alt1,20260910943
1941,3,set25,alt1,20260910943
1941,3,set28,alt1,20260910943
1941,3,set29,alt1,20260910943
1941,3,set30,alt2,20260910943
1941,3,set31,alt2,20260910943
1941,3,set39,alt2,20260910943
1941,3,set47,alt2,20260910943
1942,3,set3,alt2,20260910944
1942,3,set4,alt1,20260910944
1942,3,set12,alt1,20260910944
1942,3,set22,alt2,20260910944
1942,3,set24,alt1,20260910944
1942,3,set25,alt2,20260910944
1942,3,set28,alt2,20260910944
1942,3,set29,alt1,20260910944
1942,3,set30,alt2,20260910944
1942,3,set31,alt1,20260910944
1942,3,set39,alt1,20260910944
1942,3,set47,alt2,20260910944
1943,2,set1,alt2,20260910945
1943,2,set2,alt1,20260910945
1943,2,set7,alt2,20260910945
1943,2,set8,alt1,20260910945
1943,2,set10,alt2,20260910945
1943,2,set13,alt1,20260910945
1943,2,set36,alt2,20260910945
1943,2,set38,alt1,20260910945
1943,2,set40,alt2,20260910945
1943,2,set44,alt2,20260910945
1943,2,set45,alt2,20260910945
1943,2,set46,alt2,20260910945
1944,4,set14,alt1,20260910946
1944,4,set15,alt2,20260910946
1944,4,set16,alt2,20260910946
1944,4,set17,alt2,20260910946
1944,4,set20,alt1,20260910946
1944,4,set21,alt1,20260910946
1944,4,set23,alt1,20260910946
1944,4,set26,alt1,20260910946
1944,4,set27,alt1,20260910946
1944,4,set32,alt1,20260910946
1944,4,set34,alt2,20260910946
1944,4,set43,alt2,20260910946
1945,1,set5,alt1,20260910947
1945,1,set6,alt2,20260910947
1945,1,set9,alt1,20260910947
1945,1,set11,alt2,20260910947
1945,1,set18,alt2,20260910947
1945,1,set19,alt2,20260910947
1945,1,set33,alt1,20260910947
1945,1,set35,alt2,20260910947
1945,1,set37,alt1,20260910947
1945,1,set41,alt1,20260910947
1945,1,set42,alt1,20260910947
1945,1,set48,alt2,20260910947
1946,4,set14,alt1,20260910948
1946,4,set15,alt2,20260910948
1946,4,set16,alt2,20260910948
1946,4,set17,alt2,20260910948
1946,4,set20,alt1,20260910948
1946,4,set21,alt1,20260910948
1946,4,set23,alt1,20260910948
1946,4,set26,alt1,20260910948
1946,4,set27,alt1,20260910948
1946,4,set32,alt1,20260910948
1946,4,set34,alt2,20260910948
1946,4,set43,alt2,20260910948
1947,3,set3,alt2,20260910949
1947,3,set4,alt1,20260910949
1947,3,set12,alt1,20260910949
1947,3,set22,alt2,20260910949
1947,3,set24,alt1,20260910949
1947,3,set25,alt2,20260910949
1947,3,set28,alt2,20260910949
1947,3,set29,alt1,20260910949
1947,3,set30,alt2,20260910949
1947,3,set31,alt1,20260910949
1947,3,set39,alt1,20260910949
1947,3,set47,alt2,20260910949
1948,3,set3,alt2,20260910950
1948,3,set4,alt2,20260910950
1948,3,set12,alt1,20260910950
1948,3,set22,alt2,20260910950
1948,3,set24,alt1,20260910950
1948,3,set25,alt1,20260910950
1948,3,set28,alt1,20260910950
1948,3,set29,alt1,20260910950
1948,3,set30,alt2,20260910950
1948,3,set31,alt2,20260910950
1948,3,set39,alt2,20260910950
1948,3,set47,alt2,20260910950
1949,4,set14,alt1,20260910951
1949,4,set15,alt2,20260910951
1949,4,set16,alt2,20260910951
1949,4,set17,alt2,20260910951
1949,4,set20,alt1,20260910951
1949,4,set21,alt1,20260910951
1949,4,set23,alt1,20260910951
1949,4,set26,alt1,20260910951
1949,4,set27,alt1,20260910951
1949,4,set32,alt1,20260910951
1949,4,set34,alt2,20260910951
1949,4,set43,alt2,20260910951
1950,2,set1,alt2,20260910952
1950,2,set2,alt1,20260910952
1950,2,set7,alt1,20260910952
1950,2,set8,alt1,20260910952
1950,2,set10,alt1,20260910952
1950,2,set13,alt1,20260910952
1950,2,set36,alt2,20260910952
1950,2,set38,alt2,20260910952
1950,2,set40,alt2,20260910952
1950,2,set44,alt1,20260910952
1950,2,set45,alt2,20260910952
1950,2,set46,alt1,20260910952
1951,1,set5,alt2,20260910953
1951,1,set6,alt1,20260910953
1951,1,set9,alt2,20260910953
1951,1,set11,alt2,20260910953
1951,1,set18,alt2,20260910953
1951,1,set19,alt2,20260910953
1951,1,set33,alt1,20260910953
1951,1,set35,alt2,20260910953
1951,1,set37,alt1,20260910953
1951,1,set41,alt1,20260910953
1951,1,set42,alt2,20260910953
1951,1,set48,alt2,20260910953
1952,2,set1,alt2,20260910954
1952,2,set2,alt1,20260910954
1952,2,set7,alt2,20260910954
1952,2,set8,alt1,20260910954
1952,2,set10,alt2,20260910954
1952,2,set13,alt1,20260910954
1952,2,set36,alt2,20260910954
1952,2,set38,alt1,20260910954
1952,2,set40,alt2,20260910954
1952,2,set44,alt2,20260910954
1952,2,set45,alt2,20260910954
1952,2,set46,alt2,20260910954
1953,4,set14,alt1,20260910955
1953,4,set15,alt2,20260910955
1953,4,set16,alt1,20260910955
1953,4,set17,alt2,20260910955
1953,4,set20,alt1,20260910955
1953,4,set21,alt1,20260910955
1953,4,set23,alt1,20260910955
1953,4,set26,alt1,20260910955
1953,4,set27,alt1,20260910955
1953,4,set32,alt1,20260910955
1953,4,set34,alt1,20260910955
1953,4,set43,alt1,20260910955
1954,3,set3,alt1,20260910956
1954,3,set4,alt2,20260910956
1954,3,set12,alt1,20260910956
1954,3,set22,alt1,20260910956
1954,3,set24,alt1,20260910956
1954,3,set25,alt1,20260910956
1954,3,set28,alt1,20260910956
1954,3,set29,alt1,20260910956
1954,3,set30,alt2,20260910956
1954,3,set31,alt2,20260910956
1954,3,set39,alt2,20260910956
1954,3,set47,alt2,20260910956
1955,1,set5,alt2,20260910957
1955,1,set6,alt1,20260910957
1955,1,set9,alt2,20260910957
1955,1,set11,alt2,20260910957
1955,1,set18,alt2,20260910957
1955,1,set19,alt2,20260910957
1955,1,set33,alt1,20260910957
1955,1,set35,alt2,20260910957
1955,1,set37,alt1,20260910957
1955,1,set41,alt1,20260910957
1955,1,set42,alt2,20260910957
1955,1,set48,alt2,20260910957
1956,4,set14,alt1,20260910958
1956,4,set15,alt2,20260910958
1956,4,set16,alt2,20260910958
1956,4,set17,alt2,20260910958
1956,4,set20,alt1,20260910958
1956,4,set21,alt1,20260910958
1956,4,set23,alt1,20260910958
1956,4,set26,alt1,20260910958
1956,4,set27,alt1,20260910958
1956,4,set32,alt1,20260910958
1956,4,set34,alt2,20260910958
1956,4,set43,alt2,20260910958
1957,1,set5,alt2,20260910959
1957,1,set6,alt2,20260910959
1957,1,set9,alt2,20260910959
1957,1,set11,alt2,20260910959
1957,1,set18,alt2,20260910959
1957,1,set19,alt2,20260910959
1957,1,set33,alt1,20260910959
1957,1,set35,alt2,20260910959
1957,1,set37,alt1,20260910959
1957,1,set41,alt2,20260910959
1957,1,set42,alt2,20260910959
1957,1,set48,alt2,20260910959
1958,2,set1,alt2,20260910960
1958,2,set2,alt1,20260910960
1958,2,set7,alt2,20260910960
1958,2,set8,alt1,20260910960
1958,2,set10,alt2,20260910960
1958,2,set13,alt1,20260910960
1958,2,set36,alt2,20260910960
1958,2,set38,alt1,20260910960
1958,2,set40,alt2,20260910960
1958,2,set44,alt2,20260910960
1958,2,set45,alt2,20260910960
1958,2,set46,alt2,20260910960
1959,4,set14,alt1,20260910961
1959,4,set15,alt2,20260910961
1959,4,set16,alt2,20260910961
1959,4,set17,alt2,20260910961
1959,4,set20,alt1,20260910961
1959,4,set21,alt1,20260910961
1959,4,set23,alt1,20260910961
1959,4,set26,alt1,20260910961
1959,4,set27,alt1,20260910961
1959,4,set32,alt1,20260910961
1959,4,set34,alt2,20260910961
1959,4,set43,alt2,20260910961
1960,1,set5,alt2,20260910962
1960,1,set6,alt1,20260910962
1960,1,set9,alt2,20260910962
1960,1,set11,alt2,20260910962
1960,1,set18,alt2,20260910962
1960,1,set19,alt2,20260910962
1960,1,set33,alt1,20260910962
1960,1,set35,alt2,20260910962
1960,1,set37,alt1,20260910962
1960,1,set41,alt1,20260910962
1960,1,set42,alt2,20260910962
1960,1,set48,alt2,20260910962
1961,3,set3,alt1,20260910963
1961,3,set4,alt2,20260910963
1961,3,set12,alt1,20260910963
1961,3,set22,alt1,20260910963
1961,3,set24,alt1,20260910963
1961,3,set25,alt1,20260910963
1961,3,set28,alt1,20260910963
1961,3,set29,alt1,20260910963
1961,3,set30,alt2,20260910963
1961,3,set31,alt2,20260910963
1961,3,set39,alt2,20260910963
1961,3,set47,alt2,20260910963
1962,4,set14,alt1,20260910964
1962,4,set15,alt2,20260910964
1962,4,set16,alt2,20260910964
1962,4,set17,alt2,20260910964
1962,4,set20,alt1,20260910964
1962,4,set21,alt1,20260910964
1962,4,set23,alt1,20260910964
1962,4,set26,alt1,20260910964
1962,4,set27,alt1,20260910964
1962,4,set32,alt1,20260910964
1962,4,set34,alt2,20260910964
1962,4,set43,alt2,20260910964
1963,2,set1,alt2,20260910965
1963,2,set2,alt1,20260910965
1963,2,set7,alt1,20260910965
1963,2,set8,alt1,20260910965
1963,2,set10,alt1,20260910965
1963,2,set13,alt1,20260910965
1963,2,set36,alt2,20260910965
1963,2,set38,alt2,20260910965
1963,2,set40,alt2,20260910965
1963,2,set44,alt1,20260910965
1963,2,set45,alt2,20260910965
1963,2,set46,alt1,20260910965
1964,2,set1,alt2,20260910966
1964,2,set2,alt1,20260910966
1964,2,set7,alt1,20260910966
1964,2,set8,alt1,20260910966
1964,2,set10,alt1,20260910966
1964,2,set13,alt1,20260910966
1964,2,set36,alt2,20260910966
1964,2,set38,alt2,20260910966
1964,2,set40,alt2,20260910966
1964,2,set44,alt1,20260910966
1964,2,set45,alt2,20260910966
1964,2,set46,alt1,20260910966
1965,3,set3,alt2,20260910967
1965,3,set4,alt1,20260910967
1965,3,set12,alt1,20260910967
1965,3,set22,alt2,20260910967
1965,3,set24,alt1,20260910967
1965,3,set25,alt2,20260910967
1965,3,set28,alt2,20260910967
1965,3,set29,alt1,20260910967
1965,3,set30,alt2,20260910967
1965,3,set31,alt1,20260910967
1965,3,set39,alt1,20260910967
1965,3,set47,alt2,20260910967
1966,1,set5,alt2,20260910968
1966,1,set6,alt2,20260910968
1966,1,set9,alt2,20260910968
1966,1,set11,alt2,20260910968
1966,1,set18,alt2,20260910968
1966,1,set19,alt2,20260910968
1966,1,set33,alt1,20260910968
1966,1,set35,alt2,20260910968
1966,1,set37,alt1,20260910968
1966,1,set41,alt2,20260910968
1966,1,set42,alt2,20260910968
1966,1,set48,alt2,20260910968
1967,1,set5,alt1,20260910969
1967,1,set6,alt1,20260910969
1967,1,set9,alt1,20260910969
1967,1,set11,alt2,20260910969
1967,1,set18,alt1,20260910969
1967,1,set19,alt1,20260910969
1967,1,set33,alt2,20260910969
1967,1,set35,alt2,20260910969
1967,1,set37,alt1,20260910969
1967,1,set41,alt1,20260910969
1967,1,set42,alt2,20260910969
1967,1,set48,alt2,20260910969
1968,3,set3,alt1,20260910970
1968,3,set4,alt2,20260910970
1968,3,set12,alt1,20260910970
1968,3,set22,alt1,20260910970
1968,3,set24,alt1,20260910970
1968,3,set25,alt1,20260910970
1968,3,set28,alt1,20260910970
1968,3,set29,alt1,20260910970
1968,3,set30,alt2,20260910970
1968,3,set31,alt2,20260910970
1968,3,set39,alt2,20260910970
1968,3,set47,alt2,20260910970
1969,2,set1,alt2,20260910971
1969,2,set2,alt1,20260910971
1969,2,set7,alt1,20260910971
1969,2,set8,alt1,20260910971
1969,2,set10,alt1,20260910971
1969,2,set13,alt1,20260910971
1969,2,set36,alt2,20260910971
1969,2,set38,alt2,20260910971
1969,2,set40,alt2,20260910971
1969,2,set44,alt1,20260910971
1969,2,set45,alt2,20260910971
1969,2,set46,alt1,20260910971
1970,2,set1,alt2,20260910972
1970,2,set2,alt1,20260910972
1970,2,set7,alt1,20260910972
1970,2,set8,alt1,20260910972
1970,2,set10,alt1,20260910972
1970,2,set13,alt1,20260910972
1970,2,set36,alt2,20260910972
1970,2,set38,alt2,20260910972
1970,2,set40,alt2,20260910972
1970,2,set44,alt1,20260910972
1970,2,set45,alt2,20260910972
1970,2,set46,alt1,20260910972
1971,3,set3,alt1,20260910973
1971,3,set4,alt2,20260910973
1971,3,set12,alt1,20260910973
1971,3,set22,alt1,20260910973
1971,3,set24,alt1,20260910973
1971,3,set25,alt1,20260910973
1971,3,set28,alt1,20260910973
1971,3,set29,alt1,20260910973
1971,3,set30,alt2,20260910973
1971,3,set31,alt2,20260910973
1971,3,set39,alt2,20260910973
1971,3,set47,alt2,20260910973
1972,1,set5,alt1,20260910974
1972,1,set6,alt1,20260910974
1972,1,set9,alt1,20260910974
1972,1,set11,alt2,20260910974
1972,1,set18,alt1,20260910974
1972,1,set19,alt1,20260910974
1972,1,set33,alt2,20260910974
1972,1,set35,alt2,20260910974
1972,1,set37,alt1,20260910974
1972,1,set41,alt1,20260910974
1972,1,set42,alt2,20260910974
1972,1,set48,alt2,20260910974
1973,4,set14,alt1,20260910975
1973,4,set15,alt2,20260910975
1973,4,set16,alt2,20260910975
1973,4,set17,alt2,20260910975
1973,4,set20,alt1,20260910975
1973,4,set21,alt1,20260910975
1973,4,set23,alt1,20260910975
1973,4,set26,alt1,20260910975
1973,4,set27,alt1,20260910975
1973,4,set32,alt1,20260910975
1973,4,set34,alt2,20260910975
1973,4,set43,alt2,20260910975
1974,3,set3,alt2,20260910976
1974,3,set4,alt2,20260910976
1974,3,set12,alt1,20260910976
1974,3,set22,alt2,20260910976
1974,3,set24,alt1,20260910976
1974,3,set25,alt1,20260910976
1974,3,set28,alt1,20260910976
1974,3,set29,alt1,20260910976
1974,3,set30,alt2,20260910976
1974,3,set31,alt2,20260910976
1974,3,set39,alt2,20260910976
1974,3,set47,alt2,20260910976
1975,3,set3,alt1,20260910977
1975,3,set4,alt2,20260910977
1975,3,set12,alt1,20260910977
1975,3,set22,alt1,20260910977
1975,3,set24,alt1,20260910977
1975,3,set25,alt1,20260910977
1975,3,set28,alt1,20260910977
1975,3,set29,alt1,20260910977
1975,3,set30,alt2,20260910977
1975,3,set31,alt2,20260910977
1975,3,set39,alt2,20260910977
1975,3,set47,alt2,20260910977
1976,3,set3,alt1,20260910978
1976,3,set4,alt2,20260910978
1976,3,set12,alt1,20260910978
1976,3,set22,alt1,20260910978
1976,3,set24,alt1,20260910978
1976,3,set25,alt1,20260910978
1976,3,set28,alt1,20260910978
1976,3,set29,alt1,20260910978
1976,3,set30,alt2,20260910978
1976,3,set31,alt2,20260910978
1976,3,set39,alt2,20260910978
1976,3,set47,alt2,20260910978
1977,3,set3,alt1,20260910979
1977,3,set4,alt2,20260910979
1977,3,set12,alt1,20260910979
1977,3,set22,alt1,20260910979
1977,3,set24,alt1,20260910979
1977,3,set25,alt1,20260910979
1977,3,set28,alt1,20260910979
1977,3,set29,alt1,20260910979
1977,3,set30,alt2,20260910979
1977,3,set31,alt2,20260910979
1977,3,set39,alt2,20260910979
1977,3,set47,alt2,20260910979
1978,3,set3,alt1,20260910980
1978,3,set4,alt2,20260910980
1978,3,set12,alt1,20260910980
1978,3,set22,alt1,20260910980
1978,3,set24,alt1,20260910980
1978,3,set25,alt1,20260910980
1978,3,set28,alt1,20260910980
1978,3,set29,alt1,20260910980
1978,3,set30,alt2,20260910980
1978,3,set31,alt2,20260910980
1978,3,set39,alt2,20260910980
1978,3,set47,alt2,20260910980
1979,2,set1,alt2,20260910981
1979,2,set2,alt1,20260910981
1979,2,set7,alt1,20260910981
1979,2,set8,alt1,20260910981
1979,2,set10,alt2,20260910981
1979,2,set13,alt1,20260910981
1979,2,set36,alt2,20260910981
1979,2,set38,alt2,20260910981
1979,2,set40,alt2,20260910981
1979,2,set44,alt1,20260910981
1979,2,set45,alt2,20260910981
1979,2,set46,alt1,20260910981
1980,2,set1,alt2,20260910982
1980,2,set2,alt1,20260910982
1980,2,set7,alt1,20260910982
1980,2,set8,alt1,20260910982
1980,2,set10,alt2,20260910982
1980,2,set13,alt1,20260910982
1980,2,set36,alt2,20260910982
1980,2,set38,alt2,20260910982
1980,2,set40,alt2,20260910982
1980,2,set44,alt1,20260910982
1980,2,set45,alt2,20260910982
1980,2,set46,alt1,20260910982
1981,4,set14,alt1,20260910983
1981,4,set15,alt2,20260910983
1981,4,set16,alt2,20260910983
1981,4,set17,alt2,20260910983
1981,4,set20,alt1,20260910983
1981,4,set21,alt1,20260910983
1981,4,set23,alt1,20260910983
1981,4,set26,alt1,20260910983
1981,4,set27,alt1,20260910983
1981,4,set32,alt1,20260910983
1981,4,set34,alt2,20260910983
1981,4,set43,alt2,20260910983
1982,1,set5,alt1,20260910984
1982,1,set6,alt1,20260910984
1982,1,set9,alt1,20260910984
1982,1,set11,alt2,20260910984
1982,1,set18,alt1,20260910984
1982,1,set19,alt1,20260910984
1982,1,set33,alt2,20260910984
1982,1,set35,alt2,20260910984
1982,1,set37,alt1,20260910984
1982,1,set41,alt1,20260910984
1982,1,set42,alt2,20260910984
1982,1,set48,alt2,20260910984
1983,1,set5,alt2,20260910985
1983,1,set6,alt2,20260910985
1983,1,set9,alt2,20260910985
1983,1,set11,alt2,20260910985
1983,1,set18,alt2,20260910985
1983,1,set19,alt2,20260910985
1983,1,set33,alt1,20260910985
1983,1,set35,alt2,20260910985
1983,1,set37,alt1,20260910985
1983,1,set41,alt2,20260910985
1983,1,set42,alt2,20260910985
1983,1,set48,alt2,20260910985
1984,1,set5,alt2,20260910986
1984,1,set6,alt1,20260910986
1984,1,set9,alt2,20260910986
1984,1,set11,alt2,20260910986
1984,1,set18,alt2,20260910986
1984,1,set19,alt2,20260910986
1984,1,set33,alt1,20260910986
1984,1,set35,alt2,20260910986
1984,1,set37,alt1,20260910986
1984,1,set41,alt1,20260910986
1984,1,set42,alt2,20260910986
1984,1,set48,alt2,20260910986
1985,2,set1,alt2,20260910987
1985,2,set2,alt1,20260910987
1985,2,set7,alt1,20260910987
1985,2,set8,alt1,20260910987
1985,2,set10,alt2,20260910987
1985,2,set13,alt1,20260910987
1985,2,set36,alt2,20260910987
1985,2,set38,alt2,20260910987
1985,2,set40,alt2,20260910987
1985,2,set44,alt1,20260910987
1985,2,set45,alt2,20260910987
1985,2,set46,alt1,20260910987
1986,4,set14,alt1,20260910988
1986,4,set15,alt2,20260910988
1986,4,set16,alt2,20260910988
1986,4,set17,alt2,20260910988
1986,4,set20,alt1,20260910988
1986,4,set21,alt1,20260910988
1986,4,set23,alt1,20260910988
1986,4,set26,alt1,20260910988
1986,4,set27,alt1,20260910988
1986,4,set32,alt1,20260910988
1986,4,set34,alt2,20260910988
1986,4,set43,alt2,20260910988
1987,2,set1,alt2,20260910989
1987,2,set2,alt1,20260910989
1987,2,set7,alt1,20260910989
1987,2,set8,alt1,20260910989
1987,2,set10,alt1,20260910989
1987,2,set13,alt1,20260910989
1987,2,set36,alt2,20260910989
1987,2,set38,alt2,20260910989
1987,2,set40,alt2,20260910989
1987,2,set44,alt1,20260910989
1987,2,set45,alt2,20260910989
1987,2,set46,alt1,20260910989
1988,3,set3,alt1,20260910990
1988,3,set4,alt2,20260910990
1988,3,set12,alt1,20260910990
1988,3,set22,alt1,20260910990
1988,3,set24,alt1,20260910990
1988,3,set25,alt1,20260910990
1988,3,set28,alt1,20260910990
1988,3,set29,alt1,20260910990
1988,3,set30,alt2,20260910990
1988,3,set31,alt2,20260910990
1988,3,set39,alt2,20260910990
1988,3,set47,alt2,20260910990
1989,2,set1,alt2,20260910991
1989,2,set2,alt1,20260910991
1989,2,set7,alt1,20260910991
1989,2,set8,alt1,20260910991
1989,2,set10,alt1,20260910991
1989,2,set13,alt1,20260910991
1989,2,set36,alt2,20260910991
1989,2,set38,alt2,20260910991
1989,2,set40,alt2,20260910991
1989,2,set44,alt1,20260910991
1989,2,set45,alt2,20260910991
1989,2,set46,alt1,20260910991
1990,2,set1,alt2,20260910992
1990,2,set2,alt1,20260910992
1990,2,set7,alt1,20260910992
1990,2,set8,alt1,20260910992
1990,2,set10,alt1,20260910992
1990,2,set13,alt1,20260910992
1990,2,set36,alt2,20260910992
1990,2,set38,alt2,20260910992
1990,2,set40,alt2,20260910992
1990,2,set44,alt1,20260910992
1990,2,set45,alt2,20260910992
1990,2,set46,alt1,20260910992
1991,2,set1,alt2,20260910993
1991,2,set2,alt1,20260910993
1991,2,set7,alt1,20260910993
1991,2,set8,alt1,20260910993
1991,2,set10,alt1,20260910993
1991,2,set13,alt1,20260910993
1991,2,set36,alt2,20260910993
1991,2,set38,alt2,20260910993
1991,2,set40,alt2,20260910993
1991,2,set44,alt1,20260910993
1991,2,set45,alt2,20260910993
1991,2,set46,alt1,20260910993
1992,4,set14,alt1,20260910994
1992,4,set15,alt2,20260910994
1992,4,set16,alt1,20260910994
1992,4,set17,alt2,20260910994
1992,4,set20,alt1,20260910994
1992,4,set21,alt1,20260910994
1992,4,set23,alt1,20260910994
1992,4,set26,alt1,20260910994
1992,4,set27,alt1,20260910994
1992,4,set32,alt1,20260910994
1992,4,set34,alt1,20260910994
1992,4,set43,alt1,20260910994
1993,4,set14,alt1,20260910995
1993,4,set15,alt2,20260910995
1993,4,set16,alt2,20260910995
1993,4,set17,alt2,20260910995
1993,4,set20,alt1,20260910995
1993,4,set21,alt1,20260910995
1993,4,set23,alt1,20260910995
1993,4,set26,alt1,20260910995
1993,4,set27,alt1,20260910995
1993,4,set32,alt1,20260910995
1993,4,set34,alt2,20260910995
1993,4,set43,alt2,20260910995
1994,1,set5,alt2,20260910996
1994,1,set6,alt2,20260910996
1994,1,set9,alt2,20260910996
1994,1,set11,alt2,20260910996
1994,1,set18,alt1,20260910996
1994,1,set19,alt2,20260910996
1994,1,set33,alt1,20260910996
1994,1,set35,alt2,20260910996
1994,1,set37,alt1,20260910996
1994,1,set41,alt1,20260910996
1994,1,set42,alt2,20260910996
1994,1,set48,alt2,20260910996
1995,3,set3,alt1,20260910997
1995,3,set4,alt2,20260910997
1995,3,set12,alt1,20260910997
1995,3,set22,alt1,20260910997
1995,3,set24,alt1,20260910997
1995,3,set25,alt1,20260910997
1995,3,set28,alt1,20260910997
1995,3,set29,alt1,20260910997
1995,3,set30,alt2,20260910997
1995,3,set31,alt2,20260910997
1995,3,set39,alt2,20260910997
1995,3,set47,alt2,20260910997
1996,3,set3,alt1,20260910998
1996,3,set4,alt2,20260910998
1996,3,set12,alt1,20260910998
1996,3,set22,alt1,20260910998
1996,3,set24,alt1,20260910998
1996,3,set25,alt1,20260910998
1996,3,set28,alt1,20260910998
1996,3,set29,alt1,20260910998
1996,3,set30,alt2,20260910998
1996,3,set31,alt2,20260910998
1996,3,set39,alt2,20260910998
1996,3,set47,alt2,20260910998
1997,4,set14,alt1,20260910999
1997,4,set15,alt1,20260910999
1997,4,set16,alt1,20260910999
1997,4,set17,alt1,20260910999
1997,4,set20,alt1,20260910999
1997,4,set21,alt1,20260910999
1997,4,set23,alt1,20260910999
1997,4,set26,alt1,20260910999
1997,4,set27,alt1,20260910999
1997,4,set32,alt1,20260910999
1997,4,set34,alt2,20260910999
1997,4,set43,alt1,20260910999
1998,2,set1,alt2,20260911000
1998,2,set2,alt1,20260911000
1998,2,set7,alt1,20260911000
1998,2,set8,alt1,20260911000
1998,2,set10,alt1,20260911000
1998,2,set13,alt1,20260911000
1998,2,set36,alt2,20260911000
1998,2,set38,alt2,20260911000
1998,2,set40,alt2,20260911000
1998,2,set44,alt1,20260911000
1998,2,set45,alt2,20260911000
1998,2,set46,alt1,20260911000
1999,3,set3,alt2,20260911001
1999,3,set4,alt2,20260911001
1999,3,set12,alt1,20260911001
1999,3,set22,alt2,20260911001
1999,3,set24,alt1,20260911001
1999,3,set25,alt1,20260911001
1999,3,set28,alt1,20260911001
1999,3,set29,alt1,20260911001
1999,3,set30,alt2,20260911001
1999,3,set31,alt2,20260911001
1999,3,set39,alt2,20260911001
1999,3,set47,alt2,20260911001
2000,2,set1,alt2,20260911002
2000,2,set2,alt1,20260911002
2000,2,set7,alt2,20260911002
2000,2,set8,alt1,20260911002
2000,2,set10,alt2,20260911002
2000,2,set13,alt1,20260911002
2000,2,set36,alt2,20260911002
2000,2,set38,alt1,20260911002
2000,2,set40,alt2,20260911002
2000,2,set44,alt2,20260911002
2000,2,set45,alt2,20260911002
2000,2,set46,alt2,20260911002
