respondent_id,block,set,choice,seed
1,3,set3,alt2,20260909007
1,3,set4,alt2,20260909007
1,3,set12,alt1,20260909007
1,3,set22,alt2,20260909007
1,3,set24,alt1,20260909007
1,3,set25,alt1,20260909007
1,3,set28,alt1,20260909007
1,3,set29,alt1,20260909007
1,3,set30,alt2,20260909007
1,3,set31,alt2,20260909007
1,3,set39,alt2,20260909007
1,3,set47,alt2,20260909007
2,4,set14,alt1,20260909008
2,4,set15,alt2,20260909008
2,4,set16,alt2,20260909008
2,4,set17,alt2,20260909008
2,4,set20,alt1,20260909008
2,4,set21,alt1,20260909008
2,4,set23,alt1,20260909008
2,4,set26,alt1,20260909008
2,4,set27,alt1,20260909008
2,4,set32,alt1,20260909008
2,4,set34,alt2,20260909008
2,4,set43,alt2,20260909008
3,3,set3,alt2,20260909009
3,3,set4,alt2,20260909009
3,3,set12,alt1,20260909009
3,3,set22,alt2,20260909009
3,3,set24,alt1,20260909009
3,3,set25,alt1,20260909009
3,3,set28,alt1,20260909009
3,3,set29,alt1,20260909009
3,3,set30,alt2,20260909009
3,3,set31,alt2,20260909009
3,3,set39,alt2,20260909009
3,3,set47,alt2,20260909009
4,2,set1,alt2,20260909010
4,2,set2,alt1,20260909010
4,2,set7,alt2,20260909010
4,2,set8,alt1,20260909010
4,2,set10,alt2,20260909010
4,2,set13,alt1,20260909010
4,2,set36,alt2,20260909010
4,2,set38,alt1,20260909010
4,2,set40,alt2,20260909010
4,2,set44,alt2,20260909010
4,2,set45,alt2,20260909010
4,2,set46,alt2,20260909010
5,4,set14,alt1,20260909011
5,4,set15,alt1,20260909011
5,4,set16,alt1,20260909011
5,4,set17,alt1,20260909011
5,4,set20,alt1,20260909011
5,4,set21,alt1,20260909011
5,4,set23,alt1,20260909011
5,4,set26,alt1,20260909011
5,4,set27,alt1,20260909011
5,4,set32,alt1,20260909011
5,4,set34,alt2,20260909011
5,4,set43,alt1,20260909011
6,2,set1,alt2,20260909012
6,2,set2,alt1,20260909012
6,2,set7,alt1,20260909012
6,2,set8,alt1,20260909012
6,2,set10,alt1,20260909012
6,2,set13,alt1,20260909012
6,2,set36,alt2,20260909012
6,2,set38,alt2,20260909012
6,2,set40,alt2,20260909012
6,2,set44,alt1,20260909012
6,2,set45,alt2,20260909012
6,2,set46,alt1,20260909012
7,1,set5,alt2,20260909013
7,1,set6,alt2,20260909013
7,1,set9,alt2,20260909013
7,1,set11,alt2,20260909013
7,1,set18,alt2,20260909013
7,1,set19,alt2,20260909013
7,1,set33,alt1,20260909013
7,1,set35,alt2,20260909013
7,1,set37,alt1,20260909013
7,1,set41,alt2,20260909013
7,1,set42,alt2,20260909013
7,1,set48,alt2,20260909013
8,4,set14,alt2,20260909014
8,4,set15,alt2,20260909014
8,4,set16,alt1,20260909014
8,4,set17,alt1,20260909014
8,4,set20,alt1,20260909014
8,4,set21,alt1,20260909014
8,4,set23,alt1,20260909014
8,4,set26,alt1,20260909014
8,4,set27,alt2,20260909014
8,4,set32,alt1,20260909014
8,4,set34,alt2,20260909014
8,4,set43,alt1,20260909014
9,1,set5,alt2,20260909015
9,1,set6,alt2,20260909015
9,1,set9,alt2,20260909015
9,1,set11,alt2,20260909015
9,1,set18,alt1,20260909015
9,1,set19,alt2,20260909015
9,1,set33,alt1,20260909015
9,1,set35,alt2,20260909015
9,1,set37,alt1,20260909015
9,1,set41,alt1,20260909015
9,1,set42,alt2,20260909015
9,1,set48,alt2,20260909015
10,3,set3,alt1,20260909016
10,3,set4,alt2,20260909016
10,3,set12,alt1,20260909016
10,3,set22,alt1,20260909016
10,3,set24,alt1,20260909016
10,3,set25,alt1,20260909016
10,3,set28,alt1,20260909016
10,3,set29,alt1,20260909016
10,3,set30,alt2,20260909016
10,3,set31,alt2,20260909016
10,3,set39,alt2,20260909016
10,3,set47,alt2,20260909016
11,3,set3,alt1,20260909017
11,3,set4,alt2,20260909017
11,3,set12,alt1,20260909017
11,3,set22,alt1,20260909017
11,3,set24,alt1,20260909017
11,3,set25,alt1,20260909017
11,3,set28,alt1,20260909017
11,3,set29,alt1,20260909017
11,3,set30,alt2,20260909017
11,3,set31,alt2,20260909017
11,3,set39,alt2,20260909017
11,3,set47,alt2,20260909017
12,4,set14,alt1,20260909018
12,4,set15,alt2,20260909018
12,4,set16,alt2,20260909018
12,4,set17,alt2,20260909018
12,4,set20,alt1,20260909018
12,4,set21,alt1,20260909018
12,4,set23,alt1,20260909018
12,4,set26,alt1,20260909018
12,4,set27,alt1,20260909018
12,4,set32,alt1,20260909018
12,4,set34,alt2,20260909018
12,4,set43,alt2,20260909018
13,4,set14,alt1,20260909019
13,4,set15,alt2,20260909019
13,4,set16,alt1,20260909019
13,4,set17,alt2,20260909019
13,4,set20,alt1,20260909019
13,4,set21,alt1,20260909019
13,4,set23,alt1,20260909019
13,4,set26,alt1,20260909019
13,4,set27,alt1,20260909019
13,4,set32,alt1,20260909019
13,4,set34,alt1,20260909019
13,4,set43,alt1,20260909019
14,4,set14,alt1,20260909020
14,4,set15,alt2,20260909020
14,4,set16,alt2,20260909020
14,4,set17,alt2,20260909020
14,4,set20,alt1,20260909020
14,4,set21,alt1,20260909020
14,4,set23,alt1,20260909020
14,4,set26,alt1,20260909020
14,4,set27,alt1,20260909020
14,4,set32,alt1,20260909020
14,4,set34,alt2,20260909020
14,4,set43,alt2,20260909020
15,2,set1,alt2,20260909021
15,2,set2,alt1,20260909021
15,2,set7,alt2,20260909021
15,2,set8,alt1,20260909021
15,2,set10,alt2,20260909021
15,2,set13,alt1,20260909021
15,2,set36,alt2,20260909021
15,2,set38,alt1,20260909021
15,2,set40,alt2,20260909021
15,2,set44,alt2,20260909021
15,2,set45,alt2,20260909021
15,2,set46,alt2,20260909021
16,3,set3,alt2,20260909022
16,3,set4,alt2,20260909022
16,3,set12,alt1,20260909022
16,3,set22,alt2,20260909022
16,3,set24,alt1,20260909022
16,3,set25,alt1,20260909022
16,3,set28,alt1,20260909022
16,3,set29,alt1,20260909022
16,3,set30,alt2,20260909022
16,3,set31,alt2,20260909022
16,3,set39,alt2,20260909022
16,3,set47,alt2,20260909022
17,4,set14,alt1,20260909023
17,4,set15,alt2,20260909023
17,4,set16,alt1,20260909023
17,4,set17,alt2,20260909023
17,4,set20,alt1,20260909023
17,4,set21,alt1,20260909023
17,4,set23,alt1,20260909023
17,4,set26,alt1,20260909023
17,4,set27,alt1,20260909023
17,4,set32,alt1,20260909023
17,4,set34,alt1,20260909023
17,4,set43,alt1,20260909023
18,1,set5,alt2,20260909024
18,1,set6,alt1,20260909024
18,1,set9,alt2,20260909024
18,1,set11,alt2,20260909024
18,1,set18,alt2,20260909024
18,1,set19,alt2,20260909024
18,1,set33,alt1,20260909024
18,1,set35,alt2,20260909024
18,1,set37,alt1,20260909024
18,1,set41,alt1,20260909024
18,1,set42,alt2,20260909024
18,1,set48,alt2,20260909024
19,3,set3,alt2,20260909025
19,3,set4,alt1,20260909025
19,3,set12,alt1,20260909025
19,3,set22,alt2,20260909025
19,3,set24,alt1,20260909025
19,3,set25,alt2,20260909025
19,3,set28,alt2,20260909025
19,3,set29,alt1,20260909025
19,3,set30,alt2,20260909025
19,3,set31,alt1,20260909025
19,3,set39,alt1,20260909025
19,3,set47,alt2,20260909025
20,3,set3,alt1,20260909026
20,3,set4,alt2,20260909026
20,3,set12,alt1,20260909026
20,3,set22,alt1,20260909026
20,3,set24,alt1,20260909026
20,3,set25,alt1,20260909026
20,3,set28,alt1,20260909026
20,3,set29,alt1,20260909026
20,3,set30,alt2,20260909026
20,3,set31,alt2,20260909026
20,3,set39,alt2,20260909026
20,3,set47,alt2,20260909026
21,3,set3,alt1,20260909027
21,3,set4,alt2,20260909027
21,3,set12,alt1,20260909027
21,3,set22,alt1,20260909027
21,3,set24,alt1,20260909027
21,3,set25,alt1,20260909027
21,3,set28,alt1,20260909027
21,3,set29,alt1,20260909027
21,3,set30,alt2,20260909027
21,3,set31,alt2,20260909027
21,3,set39,alt2,20260909027
21,3,set47,alt2,20260909027
22,3,set3,alt1,20260909028
22,3,set4,alt2,20260909028
22,3,set12,alt1,20260909028
22,3,set22,alt1,20260909028
22,3,set24,alt1,20260909028
22,3,set25,alt1,20260909028
22,3,set28,alt1,20260909028
22,3,set29,alt1,20260909028
22,3,set30,alt2,20260909028
22,3,set31,alt2,20260909028
22,3,set39,alt2,20260909028
22,3,set47,alt2,20260909028
23,3,set3,alt2,20260909029
23,3,set4,alt2,20260909029
23,3,set12,alt1,20260909029
23,3,set22,alt2,20260909029
23,3,set24,alt1,20260909029
23,3,set25,alt1,20260909029
23,3,set28,alt1,20260909029
23,3,set29,alt1,20260909029
23,3,set30,alt2,20260909029
23,3,set31,alt2,20260909029
23,3,set39,alt2,20260909029
23,3,set47,alt2,20260909029
24,3,set3,alt2,20260909030
24,3,set4,alt2,20260909030
24,3,set12,alt1,20260909030
24,3,set22,alt2,20260909030
24,3,set24,alt1,20260909030
24,3,set25,alt1,20260909030
24,3,set28,alt1,20260909030
24,3,set29,alt1,20260909030
24,3,set30,alt2,20260909030
24,3,set31,alt2,20260909030
24,3,set39,alt2,20260909030
24,3,set47,alt2,20260909030
25,3,set3,alt1,20260909031
25,3,set4,alt2,20260909031
25,3,set12,alt1,20260909031
25,3,set22,alt1,20260909031
25,3,set24,alt1,20260909031
25,3,set25,alt1,20260909031
25,3,set28,alt1,20260909031
25,3,set29,alt1,20260909031
25,3,set30,alt2,20260909031
25,3,set31,alt2,20260909031
25,3,set39,alt2,20260909031
25,3,set47,alt2,20260909031
26,3,set3,alt1,20260909032
26,3,set4,alt2,20260909032
26,3,set12,alt1,20260909032
26,3,set22,alt1,20260909032
26,3,set24,alt1,20260909032
26,3,set25,alt1,20260909032
26,3,set28,alt1,20260909032
26,3,set29,alt1,20260909032
26,3,set30,alt2,20260909032
26,3,set31,alt2,20260909032
26,3,set39,alt2,20260909032
26,3,set47,alt2,20260909032
27,2,set1,alt2,20260909033
27,2,set2,alt1,20260909033
27,2,set7,alt1,20260909033
27,2,set8,alt1,20260909033
27,2,set10,alt1,20260909033
27,2,set13,alt1,20260909033
27,2,set36,alt1,20260909033
27,2,set38,alt2,20260909033
27,2,set40,alt1,20260909033
27,2,set44,alt2,20260909033
27,2,set45,alt2,20260909033
27,2,set46,alt2,20260909033
28,1,set5,alt2,20260909034
28,1,set6,alt1,20260909034
28,1,set9,alt2,20260909034
28,1,set11,alt2,20260909034
28,1,set18,alt2,20260909034
28,1,set19,alt2,20260909034
28,1,set33,alt1,20260909034
28,1,set35,alt2,20260909034
28,1,set37,alt1,20260909034
28,1,set41,alt1,20260909034
28,1,set42,alt2,20260909034
28,1,set48,alt2,20260909034
29,4,set14,alt1,20260909035
29,4,set15,alt2,20260909035
29,4,set16,alt2,20260909035
29,4,set17,alt2,20260909035
29,4,set20,alt1,20260909035
29,4,set21,alt1,20260909035
29,4,set23,alt1,20260909035
29,4,set26,alt1,20260909035
29,4,set27,alt1,20260909035
29,4,set32,alt1,20260909035
29,4,set34,alt2,20260909035
29,4,set43,alt2,20260909035
30,1,set5,alt2,20260909036
30,1,set6,alt1,20260909036
30,1,set9,alt2,20260909036
30,1,set11,alt2,20260909036
30,1,set18,alt2,20260909036
30,1,set19,alt2,20260909036
30,1,set33,alt1,20260909036
30,1,set35,alt2,20260909036
30,1,set37,alt1,20260909036
30,1,set41,alt1,20260909036
30,1,set42,alt2,20260909036
30,1,set48,alt2,20260909036
31,2,set1,alt2,20260909037
31,2,set2,alt1,20260909037
31,2,set7,alt1,20260909037
31,2,set8,alt1,20260909037
31,2,set10,alt1,20260909037
31,2,set13,alt1,20260909037
31,2,set36,alt2,20260909037
31,2,set38,alt2,20260909037
31,2,set40,alt2,20260909037
31,2,set44,alt1,20260909037
31,2,set45,alt2,20260909037
31,2,set46,alt1,20260909037
32,3,set3,alt2,20260909038
32,3,set4,alt1,20260909038
32,3,set12,alt1,20260909038
32,3,set22,alt2,20260909038
32,3,set24,alt1,20260909038
32,3,set25,alt2,20260909038
32,3,set28,alt2,20260909038
32,3,set29,alt1,20260909038
32,3,set30,alt2,20260909038
32,3,set31,alt1,20260909038
32,3,set39,alt1,20260909038
32,3,set47,alt2,20260909038
33,1,set5,alt2,20260909039
33,1,set6,alt1,20260909039
33,1,set9,alt2,20260909039
33,1,set11,alt2,20260909039
33,1,set18,alt2,20260909039
33,1,set19,alt2,20260909039
33,1,set33,alt1,20260909039
33,1,set35,alt2,20260909039
33,1,set37,alt1,20260909039
33,1,set41,alt1,20260909039
33,1,set42,alt2,20260909039
33,1,set48,alt2,20260909039
34,2,set1,alt2,20260909040
34,2,set2,alt1,20260909040
34,2,set7,alt1,20260909040
34,2,set8,alt1,20260909040
34,2,set10,alt1,20260909040
34,2,set13,alt1,20260909040
34,2,set36,alt1,20260909040
34,2,set38,alt2,20260909040
34,2,set40,alt1,20260909040
34,2,set44,alt2,20260909040
34,2,set45,alt2,20260909040
34,2,set46,alt2,20260909040
35,3,set3,alt2,20260909041
35,3,set4,alt1,20260909041
35,3,set12,alt1,20260909041
35,3,set22,alt2,20260909041
35,3,set24,alt1,20260909041
35,3,set25,alt2,20260909041
35,3,set28,alt2,20260909041
35,3,set29,alt1,20260909041
35,3,set30,alt1,20260909041
35,3,set31,alt2,20260909041
35,3,set39,alt1,20260909041
35,3,set47,alt1,20260909041
36,1,set5,alt2,20260909042
36,1,set6,alt1,20260909042
36,1,set9,alt2,20260909042
36,1,set11,alt2,20260909042
36,1,set18,alt2,20260909042
36,1,set19,alt2,20260909042
36,1,set33,alt1,20260909042
36,1,set35,alt2,20260909042
36,1,set37,alt1,20260909042
36,1,set41,alt1,20260909042
36,1,set42,alt2,20260909042
36,1,set48,alt2,20260909042
37,4,set14,alt1,20260909043
37,4,set15,alt1,20260909043
37,4,set16,alt1,20260909043
37,4,set17,alt1,20260909043
37,4,set20,alt1,20260909043
37,4,set21,alt1,20260909043
37,4,set23,alt1,20260909043
37,4,set26,alt1,20260909043
37,4,set27,alt1,20260909043
37,4,set32,alt1,20260909043
37,4,set34,alt2,20260909043
37,4,set43,alt1,20260909043
38,1,set5,alt2,20260909044
38,1,set6,alt1,20260909044
38,1,set9,alt2,20260909044
38,1,set11,alt2,20260909044
38,1,set18,alt2,20260909044
38,1,set19,alt2,20260909044
38,1,set33,alt1,20260909044
38,1,set35,alt2,20260909044
38,1,set37,alt1,20260909044
38,1,set41,alt1,20260909044
38,1,set42,alt2,20260909044
38,1,set48,alt2,20260909044
39,1,set5,alt2,20260909045
39,1,set6,alt1,20260909045
39,1,set9,alt2,20260909045
39,1,set11,alt2,20260909045
39,1,set18,alt2,20260909045
39,1,set19,alt2,20260909045
39,1,set33,alt1,20260909045
39,1,set35,alt2,20260909045
39,1,set37,alt1,20260909045
39,1,set41,alt1,20260909045
39,1,set42,alt2,20260909045
39,1,set48,alt2,20260909045
40,3,set3,alt1,20260909046
40,3,set4,alt2,20260909046
40,3,set12,alt1,20260909046
40,3,set22,alt1,20260909046
40,3,set24,alt1,20260909046
40,3,set25,alt1,20260909046
40,3,set28,alt1,20260909046
40,3,set29,alt1,20260909046
40,3,set30,alt2,20260909046
40,3,set31,alt2,20260909046
40,3,set39,alt2,20260909046
40,3,set47,alt2,20260909046
41,2,set1,alt2,20260909047
41,2,set2,alt1,20260909047
41,2,set7,alt1,20260909047
41,2,set8,alt1,20260909047
41,2,set10,alt1,20260909047
41,2,set13,alt1,20260909047
41,2,set36,alt2,20260909047
41,2,set38,alt2,20260909047
41,2,set40,alt2,20260909047
41,2,set44,alt1,20260909047
41,2,set45,alt2,20260909047
41,2,set46,alt1,20260909047
42,3,set3,alt2,20260909048
42,3,set4,alt1,20260909048
42,3,set12,alt1,20260909048
42,3,set22,alt2,20260909048
42,3,set24,alt1,20260909048
42,3,set25,alt2,20260909048
42,3,set28,alt2,20260909048
42,3,set29,alt1,20260909048
42,3,set30,alt1,20260909048
42,3,set31,alt2,20260909048
42,3,set39,alt1,20260909048
42,3,set47,alt1,20260909048
43,4,set14,alt2,20260909049
43,4,set15,alt2,20260909049
43,4,set16,alt1,20260909049
43,4,set17,alt1,20260909049
43,4,set20,alt1,20260909049
43,4,set21,alt2,20260909049
43,4,set23,alt1,20260909049
43,4,set26,alt1,20260909049
43,4,set27,alt2,20260909049
43,4,set32,alt1,20260909049
43,4,set34,alt2,20260909049
43,4,set43,alt2,20260909049
44,2,set1,alt2,20260909050
44,2,set2,alt1,20260909050
44,2,set7,alt1,20260909050
44,2,set8,alt1,20260909050
44,2,set10,alt1,20260909050
44,2,set13,alt1,20260909050
44,2,set36,alt2,20260909050
44,2,set38,alt2,20260909050
44,2,set40,alt2,20260909050
44,2,set44,alt1,20260909050
44,2,set45,alt2,20260909050
44,2,set46,alt1,20260909050
45,3,set3,alt2,20260909051
45,3,set4,alt1,20260909051
45,3,set12,alt1,20260909051
45,3,set22,alt2,20260909051
45,3,set24,alt1,20260909051
45,3,set25,alt2,20260909051
45,3,set28,alt2,20260909051
45,3,set29,alt1,20260909051
45,3,set30,alt2,20260909051
45,3,set31,alt1,20260909051
45,3,set39,alt1,20260909051
45,3,set47,alt2,20260909051
46,4,set14,alt2,20260909052
46,4,set15,alt2,20260909052
46,4,set16,alt1,20260909052
46,4,set17,alt1,20260909052
46,4,set20,alt1,20260909052
46,4,set21,alt1,20260909052
46,4,set23,alt1,20260909052
46,4,set26,alt1,20260909052
46,4,set27,alt2,20260909052
46,4,set32,alt1,20260909052
46,4,set34,alt2,20260909052
46,4,set43,alt1,20260909052
47,2,set1,alt2,20260909053
47,2,set2,alt1,20260909053
47,2,set7,alt1,20260909053
47,2,set8,alt1,20260909053
47,2,set10,alt1,20260909053
47,2,set13,alt1,20260909053
47,2,set36,alt2,20260909053
47,2,set38,alt2,20260909053
47,2,set40,alt2,20260909053
47,2,set44,alt1,20260909053
47,2,set45,alt2,20260909053
47,2,set46,alt1,20260909053
48,2,set1,alt2,20260909054
48,2,set2,alt1,20260909054
48,2,set7,alt1,20260909054
48,2,set8,alt1,20260909054
48,2,set10,alt2,20260909054
48,2,set13,alt1,20260909054
48,2,set36,alt2,20260909054
48,2,set38,alt2,20260909054
48,2,set40,alt2,20260909054
48,2,set44,alt1,20260909054
48,2,set45,alt2,20260909054
48,2,set46,alt1,20260909054
49,2,set1,alt2,20260909055
49,2,set2,alt1,20260909055
49,2,set7,alt1,20260909055
49,2,set8,alt1,20260909055
49,2,set10,alt1,20260909055
49,2,set13,alt1,20260909055
49,2,set36,alt2,20260909055
49,2,set38,alt2,20260909055
49,2,set40,alt2,20260909055
49,2,set44,alt1,20260909055
49,2,set45,alt2,20260909055
49,2,set46,alt1,20260909055
50,2,set1,alt2,20260909056
50,2,set2,alt1,20260909056
50,2,set7,alt1,20260909056
50,2,set8,alt1,20260909056
50,2,set10,alt1,20260909056
50,2,set13,alt1,20260909056
50,2,set36,alt2,20260909056
50,2,set38,alt2,20260909056
50,2,set40,alt2,20260909056
50,2,set44,alt1,20260909056
50,2,set45,alt2,20260909056
50,2,set46,alt1,20260909056
51,4,set14,alt1,20260909057
51,4,set15,alt2,20260909057
51,4,set16,alt1,20260909057
51,4,set17,alt2,20260909057
51,4,set20,alt1,20260909057
51,4,set21,alt1,20260909057
51,4,set23,alt1,20260909057
51,4,set26,alt1,20260909057
51,4,set27,alt1,20260909057
51,4,set32,alt1,20260909057
51,4,set34,alt1,20260909057
51,4,set43,alt1,20260909057
52,2,set1,alt2,20260909058
52,2,set2,alt1,20260909058
52,2,set7,alt1,20260909058
52,2,set8,alt1,20260909058
52,2,set10,alt1,20260909058
52,2,set13,alt1,20260909058
52,2,set36,alt2,20260909058
52,2,set38,alt2,20260909058
52,2,set40,alt2,20260909058
52,2,set44,alt1,20260909058
52,2,set45,alt2,20260909058
52,2,set46,alt1,20260909058
53,3,set3,alt1,20260909059
53,3,set4,alt2,20260909059
53,3,set12,alt1,20260909059
53,3,set22,alt1,20260909059
53,3,set24,alt1,20260909059
53,3,set25,alt1,20260909059
53,3,set28,alt1,20260909059
53,3,set29,alt1,20260909059
53,3,set30,alt2,20260909059
53,3,set31,alt2,20260909059
53,3,set39,alt2,20260909059
53,3,set47,alt2,20260909059
54,4,set14,alt1,20260909060
54,4,set15,alt2,20260909060
54,4,set16,alt2,20260909060
54,4,set17,alt2,20260909060
54,4,set20,alt1,20260909060
54,4,set21,alt1,20260909060
54,4,set23,alt1,20260909060
54,4,set26,alt1,20260909060
54,4,set27,alt1,20260909060
54,4,set32,alt1,20260909060
54,4,set34,alt2,20260909060
54,4,set43,alt2,20260909060
55,3,set3,alt1,20260909061
55,3,set4,alt2,20260909061
55,3,set12,alt1,20260909061
55,3,set22,alt1,20260909061
55,3,set24,alt1,20260909061
55,3,set25,alt1,20260909061
55,3,set28,alt1,20260909061
55,3,set29,alt1,20260909061
55,3,set30,alt2,20260909061
55,3,set31,alt2,20260909061
55,3,set39,alt2,20260909061
55,3,set47,alt2,20260909061
56,4,set14,alt1,20260909062
56,4,set15,alt2,20260909062
56,4,set16,alt2,20260909062
56,4,set17,alt2,20260909062
56,4,set20,alt1,20260909062
56,4,set21,alt1,20260909062
56,4,set23,alt1,20260909062
56,4,set26,alt1,20260909062
56,4,set27,alt1,20260909062
56,4,set32,alt1,20260909062
56,4,set34,alt2,20260909062
56,4,set43,alt2,20260909062
57,2,set1,alt2,20260909063
57,2,set2,alt1,20260909063
57,2,set7,alt1,20260909063
57,2,set8,alt1,20260909063
57,2,set10,alt1,20260909063
57,2,set13,alt1,20260909063
57,2,set36,alt2,20260909063
57,2,set38,alt2,20260909063
57,2,set40,alt2,20260909063
57,2,set44,alt1,20260909063
57,2,set45,alt2,20260909063
57,2,set46,alt1,20260909063
58,4,set14,alt2,20260909064
58,4,set15,alt2,20260909064
58,4,set16,alt1,20260909064
58,4,set17,alt1,20260909064
58,4,set20,alt1,20260909064
58,4,set21,alt1,20260909064
58,4,set23,alt1,20260909064
58,4,set26,alt1,20260909064
58,4,set27,alt2,20260909064
58,4,set32,alt1,20260909064
58,4,set34,alt2,20260909064
58,4,set43,alt1,20260909064
59,1,set5,alt2,20260909065
59,1,set6,alt1,20260909065
59,1,set9,alt2,20260909065
59,1,set11,alt2,20260909065
59,1,set18,alt2,20260909065
59,1,set19,alt2,20260909065
59,1,set33,alt1,20260909065
59,1,set35,alt2,20260909065
59,1,set37,alt1,20260909065
59,1,set41,alt1,20260909065
59,1,set42,alt2,20260909065
59,1,set48,alt2,20260909065
60,3,set3,alt2,20260909066
60,3,set4,alt1,20260909066
60,3,set12,alt1,20260909066
60,3,set22,alt2,20260909066
60,3,set24,alt1,20260909066
60,3,set25,alt2,20260909066
60,3,set28,alt2,20260909066
60,3,set29,alt1,20260909066
60,3,set30,alt2,20260909066
60,3,set31,alt1,20260909066
60,3,set39,alt1,20260909066
60,3,set47,alt2,20260909066
61,2,set1,alt2,20260909067
61,2,set2,alt1,20260909067
61,2,set7,alt1,20260909067
61,2,set8,alt1,20260909067
61,2,set10,alt1,20260909067
61,2,set13,alt1,20260909067
61,2,set36,alt2,20260909067
61,2,set38,alt2,20260909067
61,2,set40,alt2,20260909067
61,2,set44,alt1,20260909067
61,2,set45,alt2,20260909067
61,2,set46,alt1,20260909067
62,2,set1,alt2,20260909068
62,2,set2,alt1,20260909068
62,2,set7,alt1,20260909068
62,2,set8,alt1,20260909068
62,2,set10,alt1,20260909068
62,2,set13,alt1,20260909068
62,2,set36,alt2,20260909068
62,2,set38,alt2,20260909068
62,2,set40,alt2,20260909068
62,2,set44,alt1,20260909068
62,2,set45,alt2,20260909068
62,2,set46,alt1,20260909068
63,3,set3,alt1,20260909069
63,3,set4,alt2,20260909069
63,3,set12,alt1,20260909069
63,3,set22,alt1,20260909069
63,3,set24,alt1,20260909069
63,3,set25,alt1,20260909069
63,3,set28,alt1,20260909069
63,3,set29,alt1,20260909069
63,3,set30,alt2,20260909069
63,3,set31,alt2,20260909069
63,3,set39,alt2,20260909069
63,3,set47,alt2,20260909069
64,2,set1,alt2,20260909070
64,2,set2,alt1,20260909070
64,2,set7,alt1,20260909070
64,2,set8,alt1,20260909070
64,2,set10,alt1,20260909070
64,2,set13,alt1,20260909070
64,2,set36,alt2,20260909070
64,2,set38,alt2,20260909070
64,2,set40,alt2,20260909070
64,2,set44,alt1,20260909070
64,2,set45,alt2,20260909070
64,2,set46,alt1,20260909070
65,2,set1,alt2,20260909071
65,2,set2,alt1,20260909071
65,2,set7,alt1,20260909071
65,2,set8,alt1,20260909071
65,2,set10,alt1,20260909071
65,2,set13,alt1,20260909071
65,2,set36,alt2,20260909071
65,2,set38,alt2,20260909071
65,2,set40,alt2,20260909071
65,2,set44,alt1,20260909071
65,2,set45,alt2,20260909071
65,2,set46,alt1,20260909071
66,1,set5,alt2,20260909072
66,1,set6,alt1,20260909072
66,1,set9,alt2,20260909072
66,1,set11,alt2,20260909072
66,1,set18,alt2,20260909072
66,1,set19,alt2,20260909072
66,1,set33,alt1,20260909072
66,1,set35,alt2,20260909072
66,1,set37,alt1,20260909072
66,1,set41,alt1,20260909072
66,1,set42,alt2,20260909072
66,1,set48,alt2,20260909072
67,1,set5,alt2,20260909073
67,1,set6,alt2,20260909073
67,1,set9,alt2,20260909073
67,1,set11,alt2,20260909073
67,1,set18,alt1,20260909073
67,1,set19,alt2,20260909073
67,1,set33,alt1,20260909073
67,1,set35,alt2,20260909073
67,1,set37,alt1,20260909073
67,1,set41,alt1,20260909073
67,1,set42,alt2,20260909073
67,1,set48,alt2,20260909073
68,3,set3,alt1,20260909074
68,3,set4,alt2,20260909074
68,3,set12,alt1,20260909074
68,3,set22,alt1,20260909074
68,3,set24,alt1,20260909074
68,3,set25,alt1,20260909074
68,3,set28,alt1,20260909074
68,3,set29,alt1,20260909074
68,3,set30,alt2,20260909074
68,3,set31,alt2,20260909074
68,3,set39,alt2,20260909074
68,3,set47,alt2,20260909074
69,1,set5,alt2,20260909075
69,1,set6,alt2,20260909075
69,1,set9,alt2,20260909075
69,1,set11,alt2,20260909075
69,1,set18,alt2,20260909075
69,1,set19,alt2,20260909075
69,1,set33,alt1,20260909075
69,1,set35,alt2,20260909075
69,1,set37,alt1,20260909075
69,1,set41,alt2,20260909075
69,1,set42,alt2,20260909075
69,1,set48,alt2,20260909075
70,2,set1,alt2,20260909076
70,2,set2,alt1,20260909076
70,2,set7,alt2,20260909076
70,2,set8,alt1,20260909076
70,2,set10,alt2,20260909076
70,2,set13,alt1,20260909076
70,2,set36,alt2,20260909076
70,2,set38,alt1,20260909076
70,2,set40,alt2,20260909076
70,2,set44,alt2,20260909076
70,2,set45,alt2,20260909076
70,2,set46,alt2,20260909076
71,4,set14,alt2,20260909077
71,4,set15,alt2,20260909077
71,4,set16,alt1,20260909077
71,4,set17,alt1,20260909077
71,4,set20,alt1,20260909077
71,4,set21,alt1,20260909077
71,4,set23,alt1,20260909077
71,4,set26,alt1,20260909077
71,4,set27,alt2,20260909077
71,4,set32,alt1,20260909077
71,4,set34,alt2,20260909077
71,4,set43,alt1,20260909077
72,2,set1,alt2,20260909078
72,2,set2,alt1,20260909078
72,2,set7,alt1,20260909078
72,2,set8,alt1,20260909078
72,2,set10,alt1,20260909078
72,2,set13,alt1,20260909078
72,2,set36,alt2,20260909078
72,2,set38,alt2,20260909078
72,2,set40,alt2,20260909078
72,2,set44,alt1,20260909078
72,2,set45,alt2,20260909078
72,2,set46,alt1,20260909078
73,1,set5,alt2,20260909079
73,1,set6,alt2,20260909079
73,1,set9,alt2,20260909079
73,1,set11,alt2,20260909079
73,1,set18,alt1,20260909079
73,1,set19,alt2,20260909079
73,1,set33,alt1,20260909079
73,1,set35,alt2,20260909079
73,1,set37,alt1,20260909079
73,1,set41,alt1,20260909079
73,1,set42,alt2,20260909079
73,1,set48,alt2,20260909079
74,2,set1,alt2,20260909080
74,2,set2,alt1,20260909080
74,2,set7,alt1,20260909080
74,2,set8,alt1,20260909080
74,2,set10,alt2,20260909080
74,2,set13,alt1,20260909080
74,2,set36,alt2,20260909080
74,2,set38,alt2,20260909080
74,2,set40,alt2,20260909080
74,2,set44,alt1,20260909080
74,2,set45,alt2,20260909080
74,2,set46,alt1,20260909080
75,4,set14,alt1,20260909081
75,4,set15,alt2,20260909081
75,4,set16,alt2,20260909081
75,4,set17,alt2,20260909081
75,4,set20,alt1,20260909081
75,4,set21,alt1,20260909081
75,4,set23,alt1,20260909081
75,4,set26,alt1,20260909081
75,4,set27,alt1,20260909081
75,4,set32,alt1,20260909081
75,4,set34,alt2,20260909081
75,4,set43,alt2,20260909081
76,1,set5,alt2,20260909082
76,1,set6,alt2,20260909082
76,1,set9,alt2,20260909082
76,1,set11,alt2,20260909082
76,1,set18,alt2,20260909082
76,1,set19,alt2,20260909082
76,1,set33,alt1,20260909082
76,1,set35,alt2,20260909082
76,1,set37,alt1,20260909082
76,1,set41,alt2,20260909082
76,1,set42,alt2,20260909082
76,1,set48,alt2,20260909082
77,1,set5,alt2,20260909083
77,1,set6,alt2,20260909083
77,1,set9,alt2,20260909083
77,1,set11,alt2,20260909083
77,1,set18,alt2,20260909083
77,1,set19,alt2,20260909083
77,1,set33,alt1,20260909083
77,1,set35,alt2,20260909083
77,1,set37,alt1,20260909083
77,1,set41,alt2,20260909083
77,1,set42,alt2,20260909083
77,1,set48,alt2,20260909083
78,1,set5,alt1,20260909084
78,1,set6,alt1,20260909084
78,1,set9,alt1,20260909084
78,1,set11,alt2,20260909084
78,1,set18,alt1,20260909084
78,1,set19,alt1,20260909084
78,1,set33,alt2,20260909084
78,1,set35,alt2,20260909084
78,1,set37,alt1,20260909084
78,1,set41,alt1,20260909084
78,1,set42,alt2,20260909084
78,1,set48,alt2,20260909084
79,4,set14,alt1,20260909085
79,4,set15,alt2,20260909085
79,4,set16,alt2,20260909085
79,4,set17,alt2,20260909085
79,4,set20,alt1,20260909085
79,4,set21,alt1,20260909085
79,4,set23,alt1,20260909085
79,4,set26,alt1,20260909085
79,4,set27,alt1,20260909085
79,4,set32,alt1,20260909085
79,4,set34,alt2,20260909085
79,4,set43,alt2,20260909085
80,4,set14,alt1,20260909086
80,4,set15,alt2,20260909086
80,4,set16,alt2,20260909086
80,4,set17,alt2,20260909086
80,4,set20,alt1,20260909086
80,4,set21,alt1,20260909086
80,4,set23,alt1,20260909086
80,4,set26,alt1,20260909086
80,4,set27,alt1,20260909086
80,4,set32,alt1,20260909086
80,4,set34,alt2,20260909086
80,4,set43,alt2,20260909086
81,4,set14,alt1,20260909087
81,4,set15,alt1,20260909087
81,4,set16,alt1,20260909087
81,4,set17,alt1,20260909087
81,4,set20,alt1,20260909087
81,4,set21,alt1,20260909087
81,4,set23,alt1,20260909087
81,4,set26,alt1,20260909087
81,4,set27,alt1,20260909087
81,4,set32,alt1,20260909087
81,4,set34,alt2,20260909087
81,4,set43,alt1,20260909087
82,1,set5,alt2,20260909088
82,1,set6,alt2,20260909088
82,1,set9,alt2,20260909088
82,1,set11,alt2,20260909088
82,1,set18,alt2,20260909088
82,1,set19,alt2,20260909088
82,1,set33,alt1,20260909088
82,1,set35,alt2,20260909088
82,1,set37,alt1,20260909088
82,1,set41,alt2,20260909088
82,1,set42,alt2,20260909088
82,1,set48,alt2,20260909088
83,1,set5,alt2,20260909089
83,1,set6,alt1,20260909089
83,1,set9,alt2,20260909089
83,1,set11,alt2,20260909089
83,1,set18,alt2,20260909089
83,1,set19,alt2,20260909089
83,1,set33,alt1,20260909089
83,1,set35,alt2,20260909089
83,1,set37,alt1,20260909089
83,1,set41,alt1,20260909089
83,1,set42,alt2,20260909089
83,1,set48,alt2,20260909089
84,1,set5,alt2,20260909090
84,1,set6,alt2,20260909090
84,1,set9,alt2,20260909090
84,1,set11,alt2,20260909090
84,1,set18,alt1,20260909090
84,1,set19,alt2,20260909090
84,1,set33,alt1,20260909090
84,1,set35,alt2,20260909090
84,1,set37,alt1,20260909090
84,1,set41,alt1,20260909090
84,1,set42,alt2,20260909090
84,1,set48,alt2,20260909090
85,1,set5,alt2,20260909091
85,1,set6,alt1,20260909091
85,1,set9,alt2,20260909091
85,1,set11,alt2,20260909091
85,1,set18,alt2,20260909091
85,1,set19,alt2,20260909091
85,1,set33,alt1,20260909091
85,1,set35,alt2,20260909091
85,1,set37,alt1,20260909091
85,1,set41,alt1,20260909091
85,1,set42,alt2,20260909091
85,1,set48,alt2,20260909091
86,3,set3,alt1,20260909092
86,3,set4,alt2,20260909092
86,3,set12,alt1,20260909092
86,3,set22,alt1,20260909092
86,3,set24,alt1,20260909092
86,3,set25,alt1,20260909092
86,3,set28,alt1,20260909092
86,3,set29,alt1,20260909092
86,3,set30,alt2,20260909092
86,3,set31,alt2,20260909092
86,3,set39,alt2,20260909092
86,3,set47,alt2,20260909092
87,1,set5,alt2,20260909093
87,1,set6,alt1,20260909093
87,1,set9,alt2,20260909093
87,1,set11,alt2,20260909093
87,1,set18,alt2,20260909093
87,1,set19,alt2,20260909093
87,1,set33,alt1,20260909093
87,1,set35,alt2,20260909093
87,1,set37,alt1,20260909093
87,1,set41,alt1,20260909093
87,1,set42,alt2,20260909093
87,1,set48,alt2,20260909093
88,4,set14,alt1,20260909094
88,4,set15,alt2,20260909094
88,4,set16,alt2,20260909094
88,4,set17,alt2,20260909094
88,4,set20,alt1,20260909094
88,4,set21,alt1,20260909094
88,4,set23,alt1,20260909094
88,4,set26,alt1,20260909094
88,4,set27,alt1,20260909094
88,4,set32,alt1,20260909094
88,4,set34,alt2,20260909094
88,4,set43,alt2,20260909094
89,3,set3,alt1,20260909095
89,3,set4,alt2,20260909095
89,3,set12,alt1,20260909095
89,3,set22,alt1,20260909095
89,3,set24,alt1,20260909095
89,3,set25,alt1,20260909095
89,3,set28,alt1,20260909095
89,3,set29,alt1,20260909095
89,3,set30,alt2,20260909095
89,3,set31,alt2,20260909095
89,3,set39,alt2,20260909095
89,3,set47,alt2,20260909095
90,3,set3,alt1,20260909096
90,3,set4,alt2,20260909096
90,3,set12,alt1,20260909096
90,3,set22,alt1,20260909096
90,3,set24,alt1,20260909096
90,3,set25,alt1,20260909096
90,3,set28,alt1,20260909096
90,3,set29,alt1,20260909096
90,3,set30,alt2,20260909096
90,3,set31,alt2,20260909096
90,3,set39,alt2,20260909096
90,3,set47,alt2,20260909096
91,4,set14,alt1,20260909097
91,4,set15,alt2,20260909097
91,4,set16,alt2,20260909097
91,4,set17,alt2,20260909097
91,4,set20,alt1,20260909097
91,4,set21,alt1,20260909097
91,4,set23,alt1,20260909097
91,4,set26,alt1,20260909097
91,4,set27,alt1,20260909097
91,4,set32,alt1,20260909097
91,4,set34,alt2,20260909097
91,4,set43,alt2,20260909097
92,2,set1,alt2,20260909098
92,2,set2,alt1,20260909098
92,2,set7,alt1,20260909098
92,2,set8,alt1,20260909098
92,2,set10,alt1,20260909098
92,2,set13,alt1,20260909098
92,2,set36,alt2,20260909098
92,2,set38,alt2,20260909098
92,2,set40,alt2,20260909098
92,2,set44,alt1,20260909098
92,2,set45,alt2,20260909098
92,2,set46,alt1,20260909098
93,2,set1,alt2,20260909099
93,2,set2,alt1,20260909099
93,2,set7,alt1,20260909099
93,2,set8,alt1,20260909099
93,2,set10,alt1,20260909099
93,2,set13,alt1,20260909099
93,2,set36,alt2,20260909099
93,2,set38,alt2,20260909099
93,2,set40,alt2,20260909099
93,2,set44,alt1,20260909099
93,2,set45,alt2,20260909099
93,2,set46,alt1,20260909099
94,1,set5,alt2,20260909100
94,1,set6,alt1,20260909100
94,1,set9,alt2,20260909100
94,1,set11,alt2,20260909100
94,1,set18,alt2,20260909100
94,1,set19,alt2,20260909100
94,1,set33,alt1,20260909100
94,1,set35,alt2,20260909100
94,1,set37,alt1,20260909100
94,1,set41,alt1,20260909100
94,1,set42,alt2,20260909100
94,1,set48,alt2,20260909100
95,4,set14,alt1,20260909101
95,4,set15,alt1,20260909101
95,4,set16,alt1,20260909101
95,4,set17,alt1,20260909101
95,4,set20,alt1,20260909101
95,4,set21,alt1,20260909101
95,4,set23,alt1,20260909101
95,4,set26,alt1,20260909101
95,4,set27,alt1,20260909101
95,4,set32,alt1,20260909101
95,4,set34,alt2,20260909101
95,4,set43,alt1,20260909101
96,3,set3,alt1,20260909102
96,3,set4,alt2,20260909102
96,3,set12,alt1,20260909102
96,3,set22,alt1,20260909102
96,3,set24,alt1,20260909102
96,3,set25,alt1,20260909102
96,3,set28,alt1,20260909102
96,3,set29,alt1,20260909102
96,3,set30,alt2,20260909102
96,3,set31,alt2,20260909102
96,3,set39,alt2,20260909102
96,3,set47,alt2,20260909102
97,1,set5,alt2,20260909103
97,1,set6,alt1,20260909103
97,1,set9,alt2,20260909103
97,1,set11,alt2,20260909103
97,1,set18,alt2,20260909103
97,1,set19,alt2,20260909103
97,1,set33,alt1,20260909103
97,1,set35,alt2,20260909103
97,1,set37,alt1,20260909103
97,1,set41,alt1,20260909103
97,1,set42,alt2,20260909103
97,1,set48,alt2,20260909103
98,1,set5,alt2,20260909104
98,1,set6,alt1,20260909104
98,1,set9,alt2,20260909104
98,1,set11,alt2,20260909104
98,1,set18,alt2,20260909104
98,1,set19,alt2,20260909104
98,1,set33,alt1,20260909104
98,1,set35,alt2,20260909104
98,1,set37,alt1,20260909104
98,1,set41,alt1,20260909104
98,1,set42,alt2,20260909104
98,1,set48,alt2,20260909104
99,2,set1,alt2,20260909105
99,2,set2,alt1,20260909105
99,2,set7,alt2,20260909105
99,2,set8,alt1,20260909105
99,2,set10,alt2,20260909105
99,2,set13,alt1,20260909105
99,2,set36,alt2,20260909105
99,2,set38,alt1,20260909105
99,2,set40,alt2,20260909105
99,2,set44,alt2,20260909105
99,2,set45,alt2,20260909105
99,2,set46,alt2,20260909105
100,1,set5,alt1,20260909106
100,1,set6,alt1,20260909106
100,1,set9,alt1,20260909106
100,1,set11,alt2,20260909106
100,1,set18,alt1,20260909106
100,1,set19,alt1,20260909106
100,1,set33,alt2,20260909106
100,1,set35,alt2,20260909106
100,1,set37,alt1,20260909106
100,1,set41,alt1,20260909106
100,1,set42,alt2,20260909106
100,1,set48,alt2,20260909106
101,4,set14,alt1,20260909107
101,4,set15,alt2,20260909107
101,4,set16,alt2,20260909107
101,4,set17,alt2,20260909107
101,4,set20,alt1,20260909107
101,4,set21,alt1,20260909107
101,4,set23,alt1,20260909107
101,4,set26,alt1,20260909107
101,4,set27,alt1,20260909107
101,4,set32,alt1,20260909107
101,4,set34,alt2,20260909107
101,4,set43,alt2,20260909107
102,3,set3,alt1,20260909108
102,3,set4,alt2,20260909108
102,3,set12,alt1,20260909108
102,3,set22,alt1,20260909108
102,3,set24,alt1,20260909108
102,3,set25,alt1,20260909108
102,3,set28,alt1,20260909108
102,3,set29,alt1,20260909108
102,3,set30,alt2,20260909108
102,3,set31,alt2,20260909108
102,3,set39,alt2,20260909108
102,3,set47,alt2,20260909108
103,2,set1,alt2,20260909109
103,2,set2,alt1,20260909109
103,2,set7,alt1,20260909109
103,2,set8,alt1,20260909109
103,2,set10,alt1,20260909109
103,2,set13,alt1,20260909109
103,2,set36,alt2,20260909109
103,2,set38,alt2,20260909109
103,2,set40,alt2,20260909109
103,2,set44,alt1,20260909109
103,2,set45,alt2,20260909109
103,2,set46,alt1,20260909109
104,3,set3,alt1,20260909110
104,3,set4,alt2,20260909110
104,3,set12,alt1,20260909110
104,3,set22,alt1,20260909110
104,3,set24,alt1,20260909110
104,3,set25,alt1,20260909110
104,3,set28,alt1,20260909110
104,3,set29,alt1,20260909110
104,3,set30,alt2,20260909110
104,3,set31,alt2,20260909110
104,3,set39,alt2,20260909110
104,3,set47,alt2,20260909110
105,3,set3,alt1,20260909111
105,3,set4,alt2,20260909111
105,3,set12,alt1,20260909111
105,3,set22,alt1,20260909111
105,3,set24,alt1,20260909111
105,3,set25,alt1,20260909111
105,3,set28,alt1,20260909111
105,3,set29,alt1,20260909111
105,3,set30,alt2,20260909111
105,3,set31,alt2,20260909111
105,3,set39,alt2,20260909111
105,3,set47,alt2,20260909111
106,4,set14,alt1,20260909112
106,4,set15,alt2,20260909112
106,4,set16,alt2,20260909112
106,4,set17,alt2,20260909112
106,4,set20,alt1,20260909112
106,4,set21,alt1,20260909112
106,4,set23,alt1,20260909112
106,4,set26,alt1,20260909112
106,4,set27,alt1,20260909112
106,4,set32,alt1,20260909112
106,4,set34,alt2,20260909112
106,4,set43,alt2,20260909112
107,4,set14,alt1,20260909113
107,4,set15,alt2,20260909113
107,4,set16,alt2,20260909113
107,4,set17,alt2,20260909113
107,4,set20,alt1,20260909113
107,4,set21,alt1,20260909113
107,4,set23,alt1,20260909113
107,4,set26,alt1,20260909113
107,4,set27,alt1,20260909113
107,4,set32,alt1,20260909113
107,4,set34,alt2,20260909113
107,4,set43,alt2,20260909113
108,4,set14,alt1,20260909114
108,4,set15,alt1,20260909114
108,4,set16,alt1,20260909114
108,4,set17,alt1,20260909114
108,4,set20,alt1,20260909114
108,4,set21,alt1,20260909114
108,4,set23,alt1,20260909114
108,4,set26,alt1,20260909114
108,4,set27,alt1,20260909114
108,4,set32,alt1,20260909114
108,4,set34,alt2,20260909114
108,4,set43,alt1,20260909114
109,1,set5,alt2,20260909115
109,1,set6,alt1,20260909115
109,1,set9,alt2,20260909115
109,1,set11,alt2,20260909115
109,1,set18,alt2,20260909115
109,1,set19,alt2,20260909115
109,1,set33,alt1,20260909115
109,1,set35,alt2,20260909115
109,1,set37,alt1,20260909115
109,1,set41,alt1,20260909115
109,1,set42,alt2,20260909115
109,1,set48,alt2,20260909115
110,3,set3,alt1,20260909116
110,3,set4,alt2,20260909116
110,3,set12,alt1,20260909116
110,3,set22,alt1,20260909116
110,3,set24,alt1,20260909116
110,3,set25,alt1,20260909116
110,3,set28,alt1,20260909116
110,3,set29,alt1,20260909116
110,3,set30,alt2,20260909116
110,3,set31,alt2,20260909116
110,3,set39,alt2,20260909116
110,3,set47,alt2,20260909116
111,4,set14,alt1,20260909117
111,4,set15,alt2,20260909117
111,4,set16,alt2,20260909117
111,4,set17,alt2,20260909117
111,4,set20,alt1,20260909117
111,4,set21,alt1,20260909117
111,4,set23,alt1,20260909117
111,4,set26,alt1,20260909117
111,4,set27,alt1,20260909117
111,4,set32,alt1,20260909117
111,4,set34,alt2,20260909117
111,4,set43,alt2,20260909117
112,1,set5,alt2,20260909118
112,1,set6,alt2,20260909118
112,1,set9,alt2,20260909118
112,1,set11,alt2,20260909118
112,1,set18,alt2,20260909118
112,1,set19,alt2,20260909118
112,1,set33,alt1,20260909118
112,1,set35,alt2,20260909118
112,1,set37,alt1,20260909118
112,1,set41,alt2,20260909118
112,1,set42,alt2,20260909118
112,1,set48,alt2,20260909118
113,1,set5,alt2,20260909119
113,1,set6,alt1,20260909119
113,1,set9,alt2,20260909119
113,1,set11,alt2,20260909119
113,1,set18,alt2,20260909119
113,1,set19,alt2,20260909119
113,1,set33,alt1,20260909119
113,1,set35,alt2,20260909119
113,1,set37,alt1,20260909119
113,1,set41,alt1,20260909119
113,1,set42,alt2,20260909119
113,1,set48,alt2,20260909119
114,3,set3,alt1,20260909120
114,3,set4,alt2,20260909120
114,3,set12,alt1,20260909120
114,3,set22,alt1,20260909120
114,3,set24,alt1,20260909120
114,3,set25,alt1,20260909120
114,3,set28,alt1,20260909120
114,3,set29,alt1,20260909120
114,3,set30,alt2,20260909120
114,3,set31,alt2,20260909120
114,3,set39,alt2,20260909120
114,3,set47,alt2,20260909120
115,4,set14,alt1,20260909121
115,4,set15,alt2,20260909121
115,4,set16,alt2,20260909121
115,4,set17,alt2,20260909121
115,4,set20,alt1,20260909121
115,4,set21,alt1,20260909121
115,4,set23,alt1,20260909121
115,4,set26,alt1,20260909121
115,4,set27,alt1,20260909121
115,4,set32,alt1,20260909121
115,4,set34,alt2,20260909121
115,4,set43,alt2,20260909121
116,3,set3,alt2,20260909122
116,3,set4,alt1,20260909122
116,3,set12,alt1,20260909122
116,3,set22,alt2,20260909122
116,3,set24,alt1,20260909122
116,3,set25,alt2,20260909122
116,3,set28,alt2,20260909122
116,3,set29,alt1,20260909122
116,3,set30,alt1,20260909122
116,3,set31,alt2,20260909122
116,3,set39,alt1,20260909122
116,3,set47,alt1,20260909122
117,2,set1,alt2,20260909123
117,2,set2,alt1,20260909123
117,2,set7,alt2,20260909123
117,2,set8,alt1,20260909123
117,2,set10,alt2,20260909123
117,2,set13,alt1,20260909123
117,2,set36,alt2,20260909123
117,2,set38,alt1,20260909123
117,2,set40,alt2,20260909123
117,2,set44,alt2,20260909123
117,2,set45,alt2,20260909123
117,2,set46,alt2,20260909123
118,1,set5,alt2,20260909124
118,1,set6,alt1,20260909124
118,1,set9,alt2,20260909124
118,1,set11,alt2,20260909124
118,1,set18,alt2,20260909124
118,1,set19,alt2,20260909124
118,1,set33,alt1,20260909124
118,1,set35,alt2,20260909124
118,1,set37,alt1,20260909124
118,1,set41,alt1,20260909124
118,1,set42,alt2,20260909124
118,1,set48,alt2,20260909124
119,1,set5,alt2,20260909125
119,1,set6,alt2,20260909125
119,1,set9,alt2,20260909125
119,1,set11,alt2,20260909125
119,1,set18,alt2,20260909125
119,1,set19,alt2,20260909125
119,1,set33,alt1,20260909125
119,1,set35,alt2,20260909125
119,1,set37,alt1,20260909125
119,1,set41,alt2,20260909125
119,1,set42,alt2,20260909125
119,1,set48,alt2,20260909125
120,1,set5,alt2,20260909126
120,1,set6,alt1,20260909126
120,1,set9,alt2,20260909126
120,1,set11,alt2,20260909126
120,1,set18,alt2,20260909126
120,1,set19,alt2,20260909126
120,1,set33,alt1,20260909126
120,1,set35,alt2,20260909126
120,1,set37,alt1,20260909126
120,1,set41,alt1,20260909126
120,1,set42,alt2,20260909126
120,1,set48,alt2,20260909126
121,3,set3,alt2,20260909127
121,3,set4,alt2,20260909127
121,3,set12,alt1,20260909127
121,3,set22,alt2,20260909127
121,3,set24,alt1,20260909127
121,3,set25,alt1,20260909127
121,3,set28,alt1,20260909127
121,3,set29,alt1,20260909127
121,3,set30,alt2,20260909127
121,3,set31,alt2,20260909127
121,3,set39,alt2,20260909127
121,3,set47,alt2,20260909127
122,4,set14,alt1,20260909128
122,4,set15,alt1,20260909128
122,4,set16,alt1,20260909128
122,4,set17,alt1,20260909128
122,4,set20,alt1,20260909128
122,4,set21,alt1,20260909128
122,4,set23,alt1,20260909128
122,4,set26,alt1,20260909128
122,4,set27,alt1,20260909128
122,4,set32,alt1,20260909128
122,4,set34,alt2,20260909128
122,4,set43,alt1,20260909128
123,3,set3,alt1,20260909129
123,3,set4,alt2,20260909129
123,3,set12,alt1,20260909129
123,3,set22,alt1,20260909129
123,3,set24,alt1,20260909129
123,3,set25,alt1,20260909129
123,3,set28,alt1,20260909129
123,3,set29,alt1,20260909129
123,3,set30,alt2,20260909129
123,3,set31,alt2,20260909129
123,3,set39,alt2,20260909129
123,3,set47,alt2,20260909129
124,1,set5,alt2,20260909130
124,1,set6,alt1,20260909130
124,1,set9,alt2,20260909130
124,1,set11,alt2,20260909130
124,1,set18,alt2,20260909130
124,1,set19,alt2,20260909130
124,1,set33,alt1,20260909130
124,1,set35,alt2,20260909130
124,1,set37,alt1,20260909130
124,1,set41,alt1,20260909130
124,1,set42,alt2,20260909130
124,1,set48,alt2,20260909130
125,2,set1,alt2,20260909131
125,2,set2,alt1,20260909131
125,2,set7,alt1,20260909131
125,2,set8,alt1,20260909131
125,2,set10,alt1,20260909131
125,2,set13,alt1,20260909131
125,2,set36,alt2,20260909131
125,2,set38,alt2,20260909131
125,2,set40,alt2,20260909131
125,2,set44,alt1,20260909131
125,2,set45,alt2,20260909131
125,2,set46,alt1,20260909131
126,1,set5,alt2,20260909132
126,1,set6,alt1,20260909132
126,1,set9,alt2,20260909132
126,1,set11,alt2,20260909132
126,1,set18,alt2,20260909132
126,1,set19,alt2,20260909132
126,1,set33,alt1,20260909132
126,1,set35,alt2,20260909132
126,1,set37,alt1,20260909132
126,1,set41,alt1,20260909132
126,1,set42,alt2,20260909132
126,1,set48,alt2,20260909132
127,2,set1,alt2,20260909133
127,2,set2,alt1,20260909133
127,2,set7,alt1,20260909133
127,2,set8,alt1,20260909133
127,2,set10,alt2,20260909133
127,2,set13,alt1,20260909133
127,2,set36,alt2,20260909133
127,2,set38,alt2,20260909133
127,2,set40,alt2,20260909133
127,2,set44,alt1,20260909133
127,2,set45,alt2,20260909133
127,2,set46,alt1,20260909133
128,1,set5,alt2,20260909134
128,1,set6,alt2,20260909134
128,1,set9,alt2,20260909134
128,1,set11,alt2,20260909134
128,1,set18,alt1,20260909134
128,1,set19,alt2,20260909134
128,1,set33,alt1,20260909134
128,1,set35,alt2,20260909134
128,1,set37,alt1,20260909134
128,1,set41,alt1,20260909134
128,1,set42,alt2,20260909134
128,1,set48,alt2,20260909134
129,2,set1,alt2,20260909135
129,2,set2,alt1,20260909135
129,2,set7,alt1,20260909135
129,2,set8,alt1,20260909135
129,2,set10,alt1,20260909135
129,2,set13,alt1,20260909135
129,2,set36,alt2,20260909135
129,2,set38,alt2,20260909135
129,2,set40,alt2,20260909135
129,2,set44,alt1,20260909135
129,2,set45,alt2,20260909135
129,2,set46,alt1,20260909135
130,3,set3,alt1,20260909136
130,3,set4,alt2,20260909136
130,3,set12,alt1,20260909136
130,3,set22,alt1,20260909136
130,3,set24,alt1,20260909136
130,3,set25,alt1,20260909136
130,3,set28,alt1,20260909136
130,3,set29,alt1,20260909136
130,3,set30,alt2,20260909136
130,3,set31,alt2,20260909136
130,3,set39,alt2,20260909136
130,3,set47,alt2,20260909136
131,4,set14,alt1,20260909137
131,4,set15,alt1,20260909137
131,4,set16,alt1,20260909137
131,4,set17,alt1,20260909137
131,4,set20,alt1,20260909137
131,4,set21,alt1,20260909137
131,4,set23,alt1,20260909137
131,4,set26,alt1,20260909137
131,4,set27,alt1,20260909137
131,4,set32,alt1,20260909137
131,4,set34,alt2,20260909137
131,4,set43,alt1,20260909137
132,3,set3,alt1,20260909138
132,3,set4,alt2,20260909138
132,3,set12,alt1,20260909138
132,3,set22,alt1,20260909138
132,3,set24,alt1,20260909138
132,3,set25,alt1,20260909138
132,3,set28,alt1,20260909138
132,3,set29,alt1,20260909138
132,3,set30,alt2,20260909138
132,3,set31,alt2,20260909138
132,3,set39,alt2,20260909138
132,3,set47,alt2,20260909138
133,1,set5,alt2,20260909139
133,1,set6,alt2,20260909139
133,1,set9,alt2,20260909139
133,1,set11,alt2,20260909139
133,1,set18,alt2,20260909139
133,1,set19,alt2,20260909139
133,1,set33,alt1,20260909139
133,1,set35,alt2,20260909139
133,1,set37,alt1,20260909139
133,1,set41,alt2,20260909139
133,1,set42,alt2,20260909139
133,1,set48,alt2,20260909139
134,2,set1,alt2,20260909140
134,2,set2,alt1,20260909140
134,2,set7,alt1,20260909140
134,2,set8,alt1,20260909140
134,2,set10,alt1,20260909140
134,2,set13,alt1,20260909140
134,2,set36,alt2,20260909140
134,2,set38,alt2,20260909140
134,2,set40,alt2,20260909140
134,2,set44,alt1,20260909140
134,2,set45,alt2,20260909140
134,2,set46,alt1,20260909140
135,1,set5,alt2,20260909141
135,1,set6,alt2,20260909141
135,1,set9,alt2,20260909141
135,1,set11,alt2,20260909141
135,1,set18,alt1,20260909141
135,1,set19,alt2,20260909141
135,1,set33,alt1,20260909141
135,1,set35,alt2,20260909141
135,1,set37,alt1,20260909141
135,1,set41,alt1,20260909141
135,1,set42,alt2,20260909141
135,1,set48,alt2,20260909141
136,4,set14,alt1,20260909142
136,4,set15,alt2,20260909142
136,4,set16,alt2,20260909142
136,4,set17,alt2,20260909142
136,4,set20,alt1,20260909142
136,4,set21,alt1,20260909142
136,4,set23,alt1,20260909142
136,4,set26,alt1,20260909142
136,4,set27,alt1,20260909142
136,4,set32,alt1,20260909142
136,4,set34,alt2,20260909142
136,4,set43,alt2,20260909142
137,2,set1,alt2,20260909143
137,2,set2,alt1,20260909143
137,2,set7,alt1,20260909143
137,2,set8,alt1,20260909143
137,2,set10,alt1,20260909143
137,2,set13,alt1,20260909143
137,2,set36,alt2,20260909143
137,2,set38,alt2,20260909143
137,2,set40,alt2,20260909143
137,2,set44,alt1,20260909143
137,2,set45,alt2,20260909143
137,2,set46,alt1,20260909143
138,3,set3,alt1,20260909144
138,3,set4,alt2,20260909144
138,3,set12,alt1,20260909144
138,3,set22,alt1,20260909144
138,3,set24,alt1,20260909144
138,3,set25,alt1,20260909144
138,3,set28,alt1,20260909144
138,3,set29,alt1,20260909144
138,3,set30,alt2,20260909144
138,3,set31,alt2,20260909144
138,3,set39,alt2,20260909144
138,3,set47,alt2,20260909144
139,4,set14,alt1,20260909145
139,4,set15,alt1,20260909145
139,4,set16,alt1,20260909145
139,4,set17,alt1,20260909145
139,4,set20,alt1,20260909145
139,4,set21,alt1,20260909145
139,4,set23,alt1,20260909145
139,4,set26,alt1,20260909145
139,4,set27,alt1,20260909145
139,4,set32,alt1,20260909145
139,4,set34,alt2,20260909145
139,4,set43,alt1,20260909145
140,3,set3,alt1,20260909146
140,3,set4,alt2,20260909146
140,3,set12,alt1,20260909146
140,3,set22,alt1,20260909146
140,3,set24,alt1,20260909146
140,3,set25,alt1,20260909146
140,3,set28,alt1,20260909146
140,3,set29,alt1,20260909146
140,3,set30,alt2,20260909146
140,3,set31,alt2,20260909146
140,3,set39,alt2,20260909146
140,3,set47,alt2,20260909146
141,2,set1,alt2,20260909147
141,2,set2,alt1,20260909147
141,2,set7,alt1,20260909147
141,2,set8,alt1,20260909147
141,2,set10,alt1,20260909147
141,2,set13,alt1,20260909147
141,2,set36,alt2,20260909147
141,2,set38,alt2,20260909147
141,2,set40,alt2,20260909147
141,2,set44,alt1,20260909147
141,2,set45,alt2,20260909147
141,2,set46,alt1,20260909147
142,2,set1,alt2,20260909148
142,2,set2,alt1,20260909148
142,2,set7,alt1,20260909148
142,2,set8,alt1,20260909148
142,2,set10,alt1,20260909148
142,2,set13,alt1,20260909148
142,2,set36,alt2,20260909148
142,2,set38,alt2,20260909148
142,2,set40,alt2,20260909148
142,2,set44,alt1,20260909148
142,2,set45,alt2,20260909148
142,2,set46,alt1,20260909148
143,2,set1,alt2,20260909149
143,2,set2,alt1,20260909149
143,2,set7,alt2,20260909149
143,2,set8,alt1,20260909149
143,2,set10,alt2,20260909149
143,2,set13,alt1,20260909149
143,2,set36,alt2,20260909149
143,2,set38,alt1,20260909149
143,2,set40,alt2,20260909149
143,2,set44,alt2,20260909149
143,2,set45,alt2,20260909149
143,2,set46,alt2,20260909149
144,4,set14,alt2,20260909150
144,4,set15,alt2,20260909150
144,4,set16,alt1,20260909150
144,4,set17,alt1,20260909150
144,4,set20,alt1,20260909150
144,4,set21,alt2,20260909150
144,4,set23,alt1,20260909150
144,4,set26,alt1,20260909150
144,4,set27,alt2,20260909150
144,4,set32,alt1,20260909150
144,4,set34,alt2,20260909150
144,4,set43,alt2,20260909150
145,4,set14,alt1,20260909151
145,4,set15,alt2,20260909151
145,4,set16,alt2,20260909151
145,4,set17,alt2,20260909151
145,4,set20,alt1,20260909151
145,4,set21,alt1,20260909151
145,4,set23,alt1,20260909151
145,4,set26,alt1,20260909151
145,4,set27,alt1,20260909151
145,4,set32,alt1,20260909151
145,4,set34,alt2,20260909151
145,4,set43,alt2,20260909151
146,1,set5,alt1,20260909152
146,1,set6,alt1,20260909152
146,1,set9,alt1,20260909152
146,1,set11,alt2,20260909152
146,1,set18,alt1,20260909152
146,1,set19,alt1,20260909152
146,1,set33,alt2,20260909152
146,1,set35,alt2,20260909152
146,1,set37,alt1,20260909152
146,1,set41,alt1,20260909152
146,1,set42,alt2,20260909152
146,1,set48,alt2,20260909152
147,3,set3,alt2,20260909153
147,3,set4,alt2,20260909153
147,3,set12,alt1,20260909153
147,3,set22,alt2,20260909153
147,3,set24,alt1,20260909153
147,3,set25,alt1,20260909153
147,3,set28,alt1,20260909153
147,3,set29,alt1,20260909153
147,3,set30,alt2,20260909153
147,3,set31,alt2,20260909153
147,3,set39,alt2,20260909153
147,3,set47,alt2,20260909153
148,3,set3,alt1,20260909154
148,3,set4,alt2,20260909154
148,3,set12,alt1,20260909154
148,3,set22,alt1,20260909154
148,3,set24,alt1,20260909154
148,3,set25,alt1,20260909154
148,3,set28,alt1,20260909154
148,3,set29,alt1,20260909154
148,3,set30,alt2,20260909154
148,3,set31,alt2,20260909154
148,3,set39,alt2,20260909154
148,3,set47,alt2,20260909154
149,3,set3,alt1,20260909155
149,3,set4,alt2,20260909155
149,3,set12,alt1,20260909155
149,3,set22,alt1,20260909155
149,3,set24,alt1,20260909155
149,3,set25,alt1,20260909155
149,3,set28,alt1,20260909155
149,3,set29,alt1,20260909155
149,3,set30,alt2,20260909155
149,3,set31,alt2,20260909155
149,3,set39,alt2,20260909155
149,3,set47,alt2,20260909155
150,4,set14,alt1,20260909156
150,4,set15,alt2,20260909156
150,4,set16,alt2,20260909156
150,4,set17,alt2,20260909156
150,4,set20,alt1,20260909156
150,4,set21,alt1,20260909156
150,4,set23,alt1,20260909156
150,4,set26,alt1,20260909156
150,4,set27,alt1,20260909156
150,4,set32,alt1,20260909156
150,4,set34,alt2,20260909156
150,4,set43,alt2,20260909156
151,3,set3,alt1,20260909157
151,3,set4,alt2,20260909157
151,3,set12,alt1,20260909157
151,3,set22,alt1,20260909157
151,3,set24,alt1,20260909157
151,3,set25,alt1,20260909157
151,3,set28,alt1,20260909157
151,3,set29,alt1,20260909157
151,3,set30,alt2,20260909157
151,3,set31,alt2,20260909157
151,3,set39,alt2,20260909157
151,3,set47,alt2,20260909157
152,2,set1,alt2,20260909158
152,2,set2,alt1,20260909158
152,2,set7,alt1,20260909158
152,2,set8,alt1,20260909158
152,2,set10,alt1,20260909158
152,2,set13,alt1,20260909158
152,2,set36,alt2,20260909158
152,2,set38,alt2,20260909158
152,2,set40,alt2,20260909158
152,2,set44,alt1,20260909158
152,2,set45,alt2,20260909158
152,2,set46,alt1,20260909158
153,1,set5,alt1,20260909159
153,1,set6,alt1,20260909159
153,1,set9,alt1,20260909159
153,1,set11,alt2,20260909159
153,1,set18,alt1,20260909159
153,1,set19,alt1,20260909159
153,1,set33,alt2,20260909159
153,1,set35,alt2,20260909159
153,1,set37,alt1,20260909159
153,1,set41,alt1,20260909159
153,1,set42,alt2,20260909159
153,1,set48,alt2,20260909159
154,3,set3,alt2,20260909160
154,3,set4,alt1,20260909160
154,3,set12,alt1,20260909160
154,3,set22,alt2,20260909160
154,3,set24,alt1,20260909160
154,3,set25,alt2,20260909160
154,3,set28,alt2,20260909160
154,3,set29,alt1,20260909160
154,3,set30,alt2,20260909160
154,3,set31,alt1,20260909160
154,3,set39,alt1,20260909160
154,3,set47,alt2,20260909160
155,3,set3,alt1,20260909161
155,3,set4,alt2,20260909161
155,3,set12,alt1,20260909161
155,3,set22,alt1,20260909161
155,3,set24,alt1,20260909161
155,3,set25,alt1,20260909161
155,3,set28,alt1,20260909161
155,3,set29,alt1,20260909161
155,3,set30,alt2,20260909161
155,3,set31,alt2,20260909161
155,3,set39,alt2,20260909161
155,3,set47,alt2,20260909161
156,4,set14,alt1,20260909162
156,4,set15,alt1,20260909162
156,4,set16,alt1,20260909162
156,4,set17,alt1,20260909162
156,4,set20,alt1,20260909162
156,4,set21,alt1,20260909162
156,4,set23,alt1,20260909162
156,4,set26,alt1,20260909162
156,4,set27,alt1,20260909162
156,4,set32,alt1,20260909162
156,4,set34,alt2,20260909162
156,4,set43,alt1,20260909162
157,3,set3,alt2,20260909163
157,3,set4,alt1,20260909163
157,3,set12,alt1,20260909163
157,3,set22,alt2,20260909163
157,3,set24,alt1,20260909163
157,3,set25,alt2,20260909163
157,3,set28,alt2,20260909163
157,3,set29,alt1,20260909163
157,3,set30,alt2,20260909163
157,3,set31,alt1,20260909163
157,3,set39,alt1,20260909163
157,3,set47,alt2,20260909163
158,2,set1,alt2,20260909164
158,2,set2,alt1,20260909164
158,2,set7,alt1,20260909164
158,2,set8,alt1,20260909164
158,2,set10,alt2,20260909164
158,2,set13,alt1,20260909164
158,2,set36,alt2,20260909164
158,2,set38,alt2,20260909164
158,2,set40,alt2,20260909164
158,2,set44,alt1,20260909164
158,2,set45,alt2,20260909164
158,2,set46,alt1,20260909164
159,1,set5,alt1,20260909165
159,1,set6,alt1,20260909165
159,1,set9,alt1,20260909165
159,1,set11,alt2,20260909165
159,1,set18,alt1,20260909165
159,1,set19,alt1,20260909165
159,1,set33,alt2,20260909165
159,1,set35,alt2,20260909165
159,1,set37,alt1,20260909165
159,1,set41,alt1,20260909165
159,1,set42,alt2,20260909165
159,1,set48,alt2,20260909165
160,4,set14,alt1,20260909166
160,4,set15,alt2,20260909166
160,4,set16,alt2,20260909166
160,4,set17,alt2,20260909166
160,4,set20,alt1,20260909166
160,4,set21,alt1,20260909166
160,4,set23,alt1,20260909166
160,4,set26,alt1,20260909166
160,4,set27,alt1,20260909166
160,4,set32,alt1,20260909166
160,4,set34,alt2,20260909166
160,4,set43,alt2,20260909166
161,1,set5,alt2,20260909167
161,1,set6,alt1,20260909167
161,1,set9,alt2,20260909167
161,1,set11,alt2,20260909167
161,1,set18,alt2,20260909167
161,1,set19,alt2,20260909167
161,1,set33,alt1,20260909167
161,1,set35,alt2,20260909167
161,1,set37,alt1,20260909167
161,1,set41,alt1,20260909167
161,1,set42,alt2,20260909167
161,1,set48,alt2,20260909167
162,4,set14,alt1,20260909168
162,4,set15,alt1,20260909168
162,4,set16,alt1,20260909168
162,4,set17,alt1,20260909168
162,4,set20,alt1,20260909168
162,4,set21,alt1,20260909168
162,4,set23,alt1,20260909168
162,4,set26,alt1,20260909168
162,4,set27,alt1,20260909168
162,4,set32,alt1,20260909168
162,4,set34,alt2,20260909168
162,4,set43,alt1,20260909168
163,2,set1,alt2,20260909169
163,2,set2,alt1,20260909169
163,2,set7,alt2,20260909169
163,2,set8,alt1,20260909169
163,2,set10,alt2,20260909169
163,2,set13,alt1,20260909169
163,2,set36,alt2,20260909169
163,2,set38,alt1,20260909169
163,2,set40,alt2,20260909169
163,2,set44,alt2,20260909169
163,2,set45,alt2,20260909169
163,2,set46,alt2,20260909169
164,3,set3,alt2,20260909170
164,3,set4,alt2,20260909170
164,3,set12,alt1,20260909170
164,3,set22,alt2,20260909170
164,3,set24,alt1,20260909170
164,3,set25,alt1,20260909170
164,3,set28,alt1,20260909170
164,3,set29,alt1,20260909170
164,3,set30,alt2,20260909170
164,3,set31,alt2,20260909170
164,3,set39,alt2,20260909170
164,3,set47,alt2,20260909170
165,2,set1,alt2,20260909171
165,2,set2,alt1,20260909171
165,2,set7,alt1,20260909171
165,2,set8,alt1,20260909171
165,2,set10,alt1,20260909171
165,2,set13,alt1,20260909171
165,2,set36,alt2,20260909171
165,2,set38,alt2,20260909171
165,2,set40,alt2,20260909171
165,2,set44,alt1,20260909171
165,2,set45,alt2,20260909171
165,2,set46,alt1,20260909171
166,3,set3,alt1,20260909172
166,3,set4,alt2,20260909172
166,3,set12,alt1,20260909172
166,3,set22,alt1,20260909172
166,3,set24,alt1,20260909172
166,3,set25,alt1,20260909172
166,3,set28,alt1,20260909172
166,3,set29,alt1,20260909172
166,3,set30,alt2,20260909172
166,3,set31,alt2,20260909172
166,3,set39,alt2,20260909172
166,3,set47,alt2,20260909172
167,4,set14,alt1,20260909173
167,4,set15,alt2,20260909173
167,4,set16,alt1,20260909173
167,4,set17,alt2,20260909173
167,4,set20,alt1,20260909173
167,4,set21,alt1,20260909173
167,4,set23,alt1,20260909173
167,4,set26,alt1,20260909173
167,4,set27,alt1,20260909173
167,4,set32,alt1,20260909173
167,4,set34,alt1,20260909173
167,4,set43,alt1,20260909173
168,1,set5,alt2,20260909174
168,1,set6,alt2,20260909174
168,1,set9,alt2,20260909174
168,1,set11,alt2,20260909174
168,1,set18,alt1,20260909174
168,1,set19,alt2,20260909174
168,1,set33,alt1,20260909174
168,1,set35,alt2,20260909174
168,1,set37,alt1,20260909174
168,1,set41,alt1,20260909174
168,1,set42,alt2,20260909174
168,1,set48,alt2,20260909174
169,4,set14,alt1,20260909175
169,4,set15,alt2,20260909175
169,4,set16,alt2,20260909175
169,4,set17,alt2,20260909175
169,4,set20,alt1,20260909175
169,4,set21,alt1,20260909175
169,4,set23,alt1,20260909175
169,4,set26,alt1,20260909175
169,4,set27,alt1,20260909175
169,4,set32,alt1,20260909175
169,4,set34,alt2,20260909175
169,4,set43,alt2,20260909175
170,2,set1,alt2,20260909176
170,2,set2,alt1,20260909176
170,2,set7,alt1,20260909176
170,2,set8,alt1,20260909176
170,2,set10,alt1,20260909176
170,2,set13,alt1,20260909176
170,2,set36,alt2,20260909176
170,2,set38,alt2,20260909176
170,2,set40,alt2,20260909176
170,2,set44,alt1,20260909176
170,2,set45,alt2,20260909176
170,2,set46,alt1,20260909176
171,1,set5,alt2,20260909177
171,1,set6,alt2,20260909177
171,1,set9,alt2,20260909177
171,1,set11,alt2,20260909177
171,1,set18,alt1,20260909177
171,1,set19,alt2,20260909177
171,1,set33,alt1,20260909177
171,1,set35,alt2,20260909177
171,1,set37,alt1,20260909177
171,1,set41,alt1,20260909177
171,1,set42,alt2,20260909177
171,1,set48,alt2,20260909177
172,4,set14,alt1,20260909178
172,4,set15,alt2,20260909178
172,4,set16,alt2,20260909178
172,4,set17,alt2,20260909178
172,4,set20,alt1,20260909178
172,4,set21,alt1,20260909178
172,4,set23,alt1,20260909178
172,4,set26,alt1,20260909178
172,4,set27,alt1,20260909178
172,4,set32,alt1,20260909178
172,4,set34,alt2,20260909178
172,4,set43,alt2,20260909178
173,3,set3,alt2,20260909179
173,3,set4,alt2,20260909179
173,3,set12,alt1,20260909179
173,3,set22,alt2,20260909179
173,3,set24,alt1,20260909179
173,3,set25,alt1,20260909179
173,3,set28,alt1,20260909179
173,3,set29,alt1,20260909179
173,3,set30,alt2,20260909179
173,3,set31,alt2,20260909179
173,3,set39,alt2,20260909179
173,3,set47,alt2,20260909179
174,4,set14,alt1,20260909180
174,4,set15,alt1,20260909180
174,4,set16,alt1,20260909180
174,4,set17,alt1,20260909180
174,4,set20,alt1,20260909180
174,4,set21,alt1,20260909180
174,4,set23,alt1,20260909180
174,4,set26,alt1,20260909180
174,4,set27,alt1,20260909180
174,4,set32,alt1,20260909180
174,4,set34,alt2,20260909180
174,4,set43,alt1,20260909180
175,2,set1,alt2,20260909181
175,2,set2,alt1,20260909181
175,2,set7,alt1,20260909181
175,2,set8,alt1,20260909181
175,2,set10,alt1,20260909181
175,2,set13,alt1,20260909181
175,2,set36,alt2,20260909181
175,2,set38,alt2,20260909181
175,2,set40,alt2,20260909181
175,2,set44,alt1,20260909181
175,2,set45,alt2,20260909181
175,2,set46,alt1,20260909181
176,1,set5,alt2,20260909182
176,1,set6,alt2,20260909182
176,1,set9,alt2,20260909182
176,1,set11,alt2,20260909182
176,1,set18,alt2,20260909182
176,1,set19,alt2,20260909182
176,1,set33,alt1,20260909182
176,1,set35,alt2,20260909182
176,1,set37,alt1,20260909182
176,1,set41,alt2,20260909182
176,1,set42,alt2,20260909182
176,1,set48,alt2,20260909182
177,4,set14,alt1,20260909183
177,4,set15,alt1,20260909183
177,4,set16,alt1,20260909183
177,4,set17,alt1,20260909183
177,4,set20,alt1,20260909183
177,4,set21,alt1,20260909183
177,4,set23,alt1,20260909183
177,4,set26,alt1,20260909183
177,4,set27,alt1,20260909183
177,4,set32,alt1,20260909183
177,4,set34,alt2,20260909183
177,4,set43,alt1,20260909183
178,2,set1,alt2,20260909184
178,2,set2,alt1,20260909184
178,2,set7,alt1,20260909184
178,2,set8,alt1,20260909184
178,2,set10,alt1,20260909184
178,2,set13,alt1,20260909184
178,2,set36,alt2,20260909184
178,2,set38,alt2,20260909184
178,2,set40,alt2,20260909184
178,2,set44,alt1,20260909184
178,2,set45,alt2,20260909184
178,2,set46,alt1,20260909184
179,3,set3,alt1,20260909185
179,3,set4,alt2,20260909185
179,3,set12,alt1,20260909185
179,3,set22,alt1,20260909185
179,3,set24,alt1,20260909185
179,3,set25,alt1,20260909185
179,3,set28,alt1,20260909185
179,3,set29,alt1,20260909185
179,3,set30,alt2,20260909185
179,3,set31,alt2,20260909185
179,3,set39,alt2,20260909185
179,3,set47,alt2,20260909185
180,3,set3,alt2,20260909186
180,3,set4,alt1,20260909186
180,3,set12,alt1,20260909186
180,3,set22,alt2,20260909186
180,3,set24,alt1,20260909186
180,3,set25,alt2,20260909186
180,3,set28,alt2,20260909186
180,3,set29,alt1,20260909186
180,3,set30,alt2,20260909186
180,3,set31,alt1,20260909186
180,3,set39,alt1,20260909186
180,3,set47,alt2,20260909186
181,3,set3,alt1,20260909187
181,3,set4,alt2,20260909187
181,3,set12,alt1,20260909187
181,3,set22,alt1,20260909187
181,3,set24,alt1,20260909187
181,3,set25,alt1,20260909187
181,3,set28,alt1,20260909187
181,3,set29,alt1,20260909187
181,3,set30,alt2,20260909187
181,3,set31,alt2,20260909187
181,3,set39,alt2,20260909187
181,3,set47,alt2,20260909187
182,3,set3,alt2,20260909188
182,3,set4,alt1,20260909188
182,3,set12,alt1,20260909188
182,3,set22,alt2,20260909188
182,3,set24,alt1,20260909188
182,3,set25,alt2,20260909188
182,3,set28,alt2,20260909188
182,3,set29,alt1,20260909188
182,3,set30,alt2,20260909188
182,3,set31,alt1,20260909188
182,3,set39,alt1,20260909188
182,3,set47,alt2,20260909188
183,1,set5,alt1,20260909189
183,1,set6,alt2,20260909189
183,1,set9,alt1,20260909189
183,1,set11,alt2,20260909189
183,1,set18,alt1,20260909189
183,1,set19,alt2,20260909189
183,1,set33,alt1,20260909189
183,1,set35,alt2,20260909189
183,1,set37,alt1,20260909189
183,1,set41,alt1,20260909189
183,1,set42,alt1,20260909189
183,1,set48,alt2,20260909189
184,3,set3,alt1,20260909190
184,3,set4,alt2,20260909190
184,3,set12,alt1,20260909190
184,3,set22,alt1,20260909190
184,3,set24,alt1,20260909190
184,3,set25,alt1,20260909190
184,3,set28,alt1,20260909190
184,3,set29,alt1,20260909190
184,3,set30,alt2,20260909190
184,3,set31,alt2,20260909190
184,3,set39,alt2,20260909190
184,3,set47,alt2,20260909190
185,3,set3,alt2,20260909191
185,3,set4,alt1,20260909191
185,3,set12,alt1,20260909191
185,3,set22,alt2,20260909191
185,3,set24,alt1,20260909191
185,3,set25,alt2,20260909191
185,3,set28,alt2,20260909191
185,3,set29,alt1,20260909191
185,3,set30,alt2,20260909191
185,3,set31,alt1,20260909191
185,3,set39,alt1,20260909191
185,3,set47,alt2,20260909191
186,1,set5,alt2,20260909192
186,1,set6,alt2,20260909192
186,1,set9,alt2,20260909192
186,1,set11,alt2,20260909192
186,1,set18,alt2,20260909192
186,1,set19,alt2,20260909192
186,1,set33,alt1,20260909192
186,1,set35,alt2,20260909192
186,1,set37,alt1,20260909192
186,1,set41,alt2,20260909192
186,1,set42,alt2,20260909192
186,1,set48,alt2,20260909192
187,3,set3,alt2,20260909193
187,3,set4,alt2,20260909193
187,3,set12,alt1,20260909193
187,3,set22,alt2,20260909193
187,3,set24,alt1,20260909193
187,3,set25,alt1,20260909193
187,3,set28,alt1,20260909193
187,3,set29,alt1,20260909193
187,3,set30,alt2,20260909193
187,3,set31,alt2,20260909193
187,3,set39,alt2,20260909193
187,3,set47,alt2,20260909193
188,3,set3,alt2,20260909194
188,3,set4,alt1,20260909194
188,3,set12,alt1,20260909194
188,3,set22,alt2,20260909194
188,3,set24,alt1,20260909194
188,3,set25,alt2,20260909194
188,3,set28,alt2,20260909194
188,3,set29,alt1,20260909194
188,3,set30,alt2,20260909194
188,3,set31,alt1,20260909194
188,3,set39,alt1,20260909194
188,3,set47,alt2,20260909194
189,1,set5,alt2,20260909195
189,1,set6,alt2,20260909195
189,1,set9,alt2,20260909195
189,1,set11,alt2,20260909195
189,1,set18,alt2,20260909195
189,1,set19,alt2,20260909195
189,1,set33,alt1,20260909195
189,1,set35,alt2,20260909195
189,1,set37,alt1,20260909195
189,1,set41,alt2,20260909195
189,1,set42,alt2,20260909195
189,1,set48,alt2,20260909195
190,4,set14,alt1,20260909196
190,4,set15,alt2,20260909196
190,4,set16,alt1,20260909196
190,4,set17,alt2,20260909196
190,4,set20,alt1,20260909196
190,4,set21,alt1,20260909196
190,4,set23,alt1,20260909196
190,4,set26,alt1,20260909196
190,4,set27,alt1,20260909196
190,4,set32,alt1,20260909196
190,4,set34,alt1,20260909196
190,4,set43,alt1,20260909196
191,2,set1,alt2,20260909197
191,2,set2,alt1,20260909197
191,2,set7,alt1,20260909197
191,2,set8,alt1,20260909197
191,2,set10,alt1,20260909197
191,2,set13,alt1,20260909197
191,2,set36,alt2,20260909197
191,2,set38,alt2,20260909197
191,2,set40,alt2,20260909197
191,2,set44,alt1,20260909197
191,2,set45,alt2,20260909197
191,2,set46,alt1,20260909197
192,4,set14,alt1,20260909198
192,4,set15,alt2,20260909198
192,4,set16,alt2,20260909198
192,4,set17,alt2,20260909198
192,4,set20,alt1,20260909198
192,4,set21,alt1,20260909198
192,4,set23,alt1,20260909198
192,4,set26,alt1,20260909198
192,4,set27,alt1,20260909198
192,4,set32,alt1,20260909198
192,4,set34,alt2,20260909198
192,4,set43,alt2,20260909198
193,1,set5,alt2,20260909199
193,1,set6,alt1,20260909199
193,1,set9,alt2,20260909199
193,1,set11,alt2,20260909199
193,1,set18,alt2,20260909199
193,1,set19,alt2,20260909199
193,1,set33,alt1,20260909199
193,1,set35,alt2,20260909199
193,1,set37,alt1,20260909199
193,1,set41,alt1,20260909199
193,1,set42,alt2,20260909199
193,1,set48,alt2,20260909199
194,2,set1,alt2,20260909200
194,2,set2,alt1,20260909200
194,2,set7,alt1,20260909200
194,2,set8,alt1,20260909200
194,2,set10,alt1,20260909200
194,2,set13,alt1,20260909200
194,2,set36,alt2,20260909200
194,2,set38,alt2,20260909200
194,2,set40,alt2,20260909200
194,2,set44,alt1,20260909200
194,2,set45,alt2,20260909200
194,2,set46,alt1,20260909200
195,3,set3,alt1,20260909201
195,3,set4,alt2,20260909201
195,3,set12,alt1,20260909201
195,3,set22,alt1,20260909201
195,3,set24,alt1,20260909201
195,3,set25,alt1,20260909201
195,3,set28,alt1,20260909201
195,3,set29,alt1,20260909201
195,3,set30,alt2,20260909201
195,3,set31,alt2,20260909201
195,3,set39,alt2,20260909201
195,3,set47,alt2,20260909201
196,3,set3,alt1,20260909202
196,3,set4,alt2,20260909202
196,3,set12,alt1,20260909202
196,3,set22,alt1,20260909202
196,3,set24,alt1,20260909202
196,3,set25,alt1,20260909202
196,3,set28,alt1,20260909202
196,3,set29,alt1,20260909202
196,3,set30,alt2,20260909202
196,3,set31,alt2,20260909202
196,3,set39,alt2,20260909202
196,3,set47,alt2,20260909202
197,3,set3,alt2,20260909203
197,3,set4,alt1,20260909203
197,3,set12,alt1,20260909203
197,3,set22,alt2,20260909203
197,3,set24,alt1,20260909203
197,3,set25,alt2,20260909203
197,3,set28,alt2,20260909203
197,3,set29,alt1,20260909203
197,3,set30,alt2,20260909203
197,3,set31,alt1,20260909203
197,3,set39,alt1,20260909203
197,3,set47,alt2,20260909203
198,4,set14,alt1,20260909204
198,4,set15,alt1,20260909204
198,4,set16,alt1,20260909204
198,4,set17,alt1,20260909204
198,4,set20,alt1,20260909204
198,4,set21,alt1,20260909204
198,4,set23,alt1,20260909204
198,4,set26,alt1,20260909204
198,4,set27,alt1,20260909204
198,4,set32,alt1,20260909204
198,4,set34,alt2,20260909204
198,4,set43,alt1,20260909204
199,4,set14,alt1,20260909205
199,4,set15,alt2,20260909205
199,4,set16,alt1,20260909205
199,4,set17,alt2,20260909205
199,4,set20,alt1,20260909205
199,4,set21,alt1,20260909205
199,4,set23,alt1,20260909205
199,4,set26,alt1,20260909205
199,4,set27,alt1,20260909205
199,4,set32,alt1,20260909205
199,4,set34,alt1,20260909205
199,4,set43,alt1,20260909205
200,1,set5,alt2,20260909206
200,1,set6,alt2,20260909206
200,1,set9,alt2,20260909206
200,1,set11,alt2,20260909206
200,1,set18,alt2,20260909206
200,1,set19,alt1,20260909206
200,1,set33,alt1,20260909206
200,1,set35,alt2,20260909206
200,1,set37,alt1,20260909206
200,1,set41,alt2,20260909206
200,1,set42,alt2,20260909206
200,1,set48,alt2,20260909206
201,4,set14,alt1,20260909207
201,4,set15,alt2,20260909207
201,4,set16,alt2,20260909207
201,4,set17,alt2,20260909207
201,4,set20,alt1,20260909207
201,4,set21,alt1,20260909207
201,4,set23,alt1,20260909207
201,4,set26,alt1,20260909207
201,4,set27,alt1,20260909207
201,4,set32,alt1,20260909207
201,4,set34,alt2,20260909207
201,4,set43,alt2,20260909207
202,2,set1,alt2,20260909208
202,2,set2,alt1,20260909208
202,2,set7,alt1,20260909208
202,2,set8,alt1,20260909208
202,2,set10,alt1,20260909208
202,2,set13,alt1,20260909208
202,2,set36,alt2,20260909208
202,2,set38,alt2,20260909208
202,2,set40,alt2,20260909208
202,2,set44,alt1,20260909208
202,2,set45,alt2,20260909208
202,2,set46,alt1,20260909208
203,1,set5,alt2,20260909209
203,1,set6,alt2,20260909209
203,1,set9,alt2,20260909209
203,1,set11,alt2,20260909209
203,1,set18,alt1,20260909209
203,1,set19,alt2,20260909209
203,1,set33,alt1,20260909209
203,1,set35,alt2,20260909209
203,1,set37,alt1,20260909209
203,1,set41,alt1,20260909209
203,1,set42,alt2,20260909209
203,1,set48,alt2,20260909209
204,4,set14,alt1,20260909210
204,4,set15,alt2,20260909210
204,4,set16,alt2,20260909210
204,4,set17,alt2,20260909210
204,4,set20,alt1,20260909210
204,4,set21,alt1,20260909210
204,4,set23,alt1,20260909210
204,4,set26,alt1,20260909210
204,4,set27,alt1,20260909210
204,4,set32,alt1,20260909210
204,4,set34,alt2,20260909210
204,4,set43,alt2,20260909210
205,2,set1,alt2,20260909211
205,2,set2,alt1,20260909211
205,2,set7,alt2,20260909211
205,2,set8,alt1,20260909211
205,2,set10,alt2,20260909211
205,2,set13,alt1,20260909211
205,2,set36,alt2,20260909211
205,2,set38,alt1,20260909211
205,2,set40,alt2,20260909211
205,2,set44,alt2,20260909211
205,2,set45,alt2,20260909211
205,2,set46,alt2,20260909211
206,1,set5,alt2,20260909212
206,1,set6,alt1,20260909212
206,1,set9,alt2,20260909212
206,1,set11,alt2,20260909212
206,1,set18,alt2,20260909212
206,1,set19,alt2,20260909212
206,1,set33,alt1,20260909212
206,1,set35,alt2,20260909212
206,1,set37,alt1,20260909212
206,1,set41,alt1,20260909212
206,1,set42,alt2,20260909212
206,1,set48,alt2,20260909212
207,4,set14,alt1,20260909213
207,4,set15,alt2,20260909213
207,4,set16,alt2,20260909213
207,4,set17,alt2,20260909213
207,4,set20,alt1,20260909213
207,4,set21,alt1,20260909213
207,4,set23,alt1,20260909213
207,4,set26,alt1,20260909213
207,4,set27,alt1,20260909213
207,4,set32,alt1,20260909213
207,4,set34,alt2,20260909213
207,4,set43,alt2,20260909213
208,4,set14,alt1,20260909214
208,4,set15,alt2,20260909214
208,4,set16,alt1,20260909214
208,4,set17,alt2,20260909214
208,4,set20,alt1,20260909214
208,4,set21,alt1,20260909214
208,4,set23,alt1,20260909214
208,4,set26,alt1,20260909214
208,4,set27,alt1,20260909214
208,4,set32,alt1,20260909214
208,4,set34,alt1,20260909214
208,4,set43,alt1,20260909214
209,1,set5,alt2,20260909215
209,1,set6,alt1,20260909215
209,1,set9,alt2,20260909215
209,1,set11,alt2,20260909215
209,1,set18,alt2,20260909215
209,1,set19,alt2,20260909215
209,1,set33,alt1,20260909215
209,1,set35,alt2,20260909215
209,1,set37,alt1,20260909215
209,1,set41,alt1,20260909215
209,1,set42,alt2,20260909215
209,1,set48,alt2,20260909215
210,4,set14,alt1,20260909216
210,4,set15,alt2,20260909216
210,4,set16,alt2,20260909216
210,4,set17,alt2,20260909216
210,4,set20,alt1,20260909216
210,4,set21,alt1,20260909216
210,4,set23,alt1,20260909216
210,4,set26,alt1,20260909216
210,4,set27,alt1,20260909216
210,4,set32,alt1,20260909216
210,4,set34,alt2,20260909216
210,4,set43,alt2,20260909216
211,4,set14,alt1,20260909217
211,4,set15,alt2,20260909217
211,4,set16,alt2,20260909217
211,4,set17,alt2,20260909217
211,4,set20,alt1,20260909217
211,4,set21,alt1,20260909217
211,4,set23,alt1,20260909217
211,4,set26,alt1,20260909217
211,4,set27,alt1,20260909217
211,4,set32,alt1,20260909217
211,4,set34,alt2,20260909217
211,4,set43,alt2,20260909217
212,3,set3,alt1,20260909218
212,3,set4,alt2,20260909218
212,3,set12,alt1,20260909218
212,3,set22,alt1,20260909218
212,3,set24,alt1,20260909218
212,3,set25,alt1,20260909218
212,3,set28,alt1,20260909218
212,3,set29,alt1,20260909218
212,3,set30,alt2,20260909218
212,3,set31,alt2,20260909218
212,3,set39,alt2,20260909218
212,3,set47,alt2,20260909218
213,3,set3,alt2,20260909219
213,3,set4,alt2,20260909219
213,3,set12,alt1,20260909219
213,3,set22,alt2,20260909219
213,3,set24,alt1,20260909219
213,3,set25,alt1,20260909219
213,3,set28,alt1,20260909219
213,3,set29,alt1,20260909219
213,3,set30,alt2,20260909219
213,3,set31,alt2,20260909219
213,3,set39,alt2,20260909219
213,3,set47,alt2,20260909219
214,2,set1,alt2,20260909220
214,2,set2,alt1,20260909220
214,2,set7,alt1,20260909220
214,2,set8,alt1,20260909220
214,2,set10,alt1,20260909220
214,2,set13,alt1,20260909220
214,2,set36,alt2,20260909220
214,2,set38,alt2,20260909220
214,2,set40,alt2,20260909220
214,2,set44,alt1,20260909220
214,2,set45,alt2,20260909220
214,2,set46,alt1,20260909220
215,1,set5,alt2,20260909221
215,1,set6,alt2,20260909221
215,1,set9,alt2,20260909221
215,1,set11,alt2,20260909221
215,1,set18,alt2,20260909221
215,1,set19,alt2,20260909221
215,1,set33,alt1,20260909221
215,1,set35,alt2,20260909221
215,1,set37,alt1,20260909221
215,1,set41,alt2,20260909221
215,1,set42,alt2,20260909221
215,1,set48,alt2,20260909221
216,1,set5,alt2,20260909222
216,1,set6,alt2,20260909222
216,1,set9,alt2,20260909222
216,1,set11,alt2,20260909222
216,1,set18,alt1,20260909222
216,1,set19,alt2,20260909222
216,1,set33,alt1,20260909222
216,1,set35,alt2,20260909222
216,1,set37,alt1,20260909222
216,1,set41,alt1,20260909222
216,1,set42,alt2,20260909222
216,1,set48,alt2,20260909222
217,2,set1,alt2,20260909223
217,2,set2,alt1,20260909223
217,2,set7,alt1,20260909223
217,2,set8,alt1,20260909223
217,2,set10,alt1,20260909223
217,2,set13,alt1,20260909223
217,2,set36,alt2,20260909223
217,2,set38,alt2,20260909223
217,2,set40,alt2,20260909223
217,2,set44,alt1,20260909223
217,2,set45,alt2,20260909223
217,2,set46,alt1,20260909223
218,3,set3,alt2,20260909224
218,3,set4,alt2,20260909224
218,3,set12,alt1,20260909224
218,3,set22,alt2,20260909224
218,3,set24,alt1,20260909224
218,3,set25,alt1,20260909224
218,3,set28,alt1,20260909224
218,3,set29,alt1,20260909224
218,3,set30,alt2,20260909224
218,3,set31,alt2,20260909224
218,3,set39,alt2,20260909224
218,3,set47,alt2,20260909224
219,3,set3,alt1,20260909225
219,3,set4,alt2,20260909225
219,3,set12,alt1,20260909225
219,3,set22,alt1,20260909225
219,3,set24,alt1,20260909225
219,3,set25,alt1,20260909225
219,3,set28,alt1,20260909225
219,3,set29,alt1,20260909225
219,3,set30,alt2,20260909225
219,3,set31,alt2,20260909225
219,3,set39,alt2,20260909225
219,3,set47,alt2,20260909225
220,2,set1,alt2,20260909226
220,2,set2,alt1,20260909226
220,2,set7,alt1,20260909226
220,2,set8,alt1,20260909226
220,2,set10,alt1,20260909226
220,2,set13,alt1,20260909226
220,2,set36,alt2,20260909226
220,2,set38,alt2,20260909226
220,2,set40,alt2,20260909226
220,2,set44,alt1,20260909226
220,2,set45,alt2,20260909226
220,2,set46,alt1,20260909226
221,3,set3,alt2,20260909227
221,3,set4,alt2,20260909227
221,3,set12,alt1,20260909227
221,3,set22,alt2,20260909227
221,3,set24,alt1,20260909227
221,3,set25,alt1,20260909227
221,3,set28,alt1,20260909227
221,3,set29,alt1,20260909227
221,3,set30,alt2,20260909227
221,3,set31,alt2,20260909227
221,3,set39,alt2,20260909227
221,3,set47,alt2,20260909227
222,1,set5,alt1,20260909228
222,1,set6,alt1,20260909228
222,1,set9,alt1,20260909228
222,1,set11,alt2,20260909228
222,1,set18,alt1,20260909228
222,1,set19,alt1,20260909228
222,1,set33,alt2,20260909228
222,1,set35,alt2,20260909228
222,1,set37,alt1,20260909228
222,1,set41,alt1,20260909228
222,1,set42,alt2,20260909228
222,1,set48,alt2,20260909228
223,1,set5,alt2,20260909229
223,1,set6,alt1,20260909229
223,1,set9,alt2,20260909229
223,1,set11,alt2,20260909229
223,1,set18,alt2,20260909229
223,1,set19,alt2,20260909229
223,1,set33,alt1,20260909229
223,1,set35,alt2,20260909229
223,1,set37,alt1,20260909229
223,1,set41,alt1,20260909229
223,1,set42,alt2,20260909229
223,1,set48,alt2,20260909229
224,4,set14,alt1,20260909230
224,4,set15,alt2,20260909230
224,4,set16,alt2,20260909230
224,4,set17,alt2,20260909230
224,4,set20,alt1,20260909230
224,4,set21,alt1,20260909230
224,4,set23,alt1,20260909230
224,4,set26,alt1,20260909230
224,4,set27,alt1,20260909230
224,4,set32,alt1,20260909230
224,4,set34,alt2,20260909230
224,4,set43,alt2,20260909230
225,3,set3,alt2,20260909231
225,3,set4,alt2,20260909231
225,3,set12,alt1,20260909231
225,3,set22,alt2,20260909231
225,3,set24,alt1,20260909231
225,3,set25,alt1,20260909231
225,3,set28,alt1,20260909231
225,3,set29,alt1,20260909231
225,3,set30,alt2,20260909231
225,3,set31,alt2,20260909231
225,3,set39,alt2,20260909231
225,3,set47,alt2,20260909231
226,3,set3,alt2,20260909232
226,3,set4,alt1,20260909232
226,3,set12,alt1,20260909232
226,3,set22,alt1,20260909232
226,3,set24,alt1,20260909232
226,3,set25,alt2,20260909232
226,3,set28,alt2,20260909232
226,3,set29,alt1,20260909232
226,3,set30,alt1,20260909232
226,3,set31,alt2,20260909232
226,3,set39,alt1,20260909232
226,3,set47,alt1,20260909232
227,2,set1,alt2,20260909233
227,2,set2,alt1,20260909233
227,2,set7,alt1,20260909233
227,2,set8,alt1,20260909233
227,2,set10,alt2,20260909233
227,2,set13,alt1,20260909233
227,2,set36,alt2,20260909233
227,2,set38,alt2,20260909233
227,2,set40,alt2,20260909233
227,2,set44,alt1,20260909233
227,2,set45,alt2,20260909233
227,2,set46,alt1,20260909233
228,2,set1,alt2,20260909234
228,2,set2,alt1,20260909234
228,2,set7,alt1,20260909234
228,2,set8,alt1,20260909234
228,2,set10,alt1,20260909234
228,2,set13,alt1,20260909234
228,2,set36,alt2,20260909234
228,2,set38,alt2,20260909234
228,2,set40,alt2,20260909234
228,2,set44,alt1,20260909234
228,2,set45,alt2,20260909234
228,2,set46,alt1,20260909234
229,1,set5,alt1,20260909235
229,1,set6,alt1,20260909235
229,1,set9,alt1,20260909235
229,1,set11,alt2,20260909235
229,1,set18,alt1,20260909235
229,1,set19,alt1,20260909235
229,1,set33,alt2,20260909235
229,1,set35,alt2,20260909235
229,1,set37,alt1,20260909235
229,1,set41,alt1,20260909235
229,1,set42,alt2,20260909235
229,1,set48,alt2,20260909235
230,3,set3,alt1,20260909236
230,3,set4,alt2,20260909236
230,3,set12,alt1,20260909236
230,3,set22,alt1,20260909236
230,3,set24,alt1,20260909236
230,3,set25,alt1,20260909236
230,3,set28,alt1,20260909236
230,3,set29,alt1,20260909236
230,3,set30,alt2,20260909236
230,3,set31,alt2,20260909236
230,3,set39,alt2,20260909236
230,3,set47,alt2,20260909236
231,4,set14,alt2,20260909237
231,4,set15,alt2,20260909237
231,4,set16,alt1,20260909237
231,4,set17,alt1,20260909237
231,4,set20,alt1,20260909237
231,4,set21,alt1,20260909237
231,4,set23,alt1,20260909237
231,4,set26,alt1,20260909237
231,4,set27,alt2,20260909237
231,4,set32,alt1,20260909237
231,4,set34,alt2,20260909237
231,4,set43,alt1,20260909237
232,1,set5,alt1,20260909238
232,1,set6,alt1,20260909238
232,1,set9,alt1,20260909238
232,1,set11,alt2,20260909238
232,1,set18,alt1,20260909238
232,1,set19,alt1,20260909238
232,1,set33,alt2,20260909238
232,1,set35,alt2,20260909238
232,1,set37,alt1,20260909238
232,1,set41,alt1,20260909238
232,1,set42,alt2,20260909238
232,1,set48,alt2,20260909238
233,3,set3,alt2,20260909239
233,3,set4,alt1,20260909239
233,3,set12,alt1,20260909239
233,3,set22,alt2,20260909239
233,3,set24,alt1,20260909239
233,3,set25,alt2,20260909239
233,3,set28,alt2,20260909239
233,3,set29,alt1,20260909239
233,3,set30,alt2,20260909239
233,3,set31,alt1,20260909239
233,3,set39,alt1,20260909239
233,3,set47,alt2,20260909239
234,4,set14,alt1,20260909240
234,4,set15,alt2,20260909240
234,4,set16,alt2,20260909240
234,4,set17,alt2,20260909240
234,4,set20,alt1,20260909240
234,4,set21,alt1,20260909240
234,4,set23,alt1,20260909240
234,4,set26,alt1,20260909240
234,4,set27,alt1,20260909240
234,4,set32,alt1,20260909240
234,4,set34,alt2,20260909240
234,4,set43,alt2,20260909240
235,1,set5,alt2,20260909241
235,1,set6,alt2,20260909241
235,1,set9,alt2,20260909241
235,1,set11,alt2,20260909241
235,1,set18,alt2,20260909241
235,1,set19,alt2,20260909241
235,1,set33,alt1,20260909241
235,1,set35,alt2,20260909241
235,1,set37,alt1,20260909241
235,1,set41,alt2,20260909241
235,1,set42,alt2,20260909241
235,1,set48,alt2,20260909241
236,1,set5,alt1,20260909242
236,1,set6,alt1,20260909242
236,1,set9,alt1,20260909242
236,1,set11,alt2,20260909242
236,1,set18,alt1,20260909242
236,1,set19,alt1,20260909242
236,1,set33,alt2,20260909242
236,1,set35,alt2,20260909242
236,1,set37,alt1,20260909242
236,1,set41,alt1,20260909242
236,1,set42,alt2,20260909242
236,1,set48,alt2,20260909242
237,3,set3,alt1,20260909243
237,3,set4,alt2,20260909243
237,3,set12,alt1,20260909243
237,3,set22,alt1,20260909243
237,3,set24,alt1,20260909243
237,3,set25,alt1,20260909243
237,3,set28,alt1,20260909243
237,3,set29,alt1,20260909243
237,3,set30,alt2,20260909243
237,3,set31,alt2,20260909243
237,3,set39,alt2,20260909243
237,3,set47,alt2,20260909243
238,2,set1,alt2,20260909244
238,2,set2,alt1,20260909244
238,2,set7,alt1,20260909244
238,2,set8,alt1,20260909244
238,2,set10,alt1,20260909244
238,2,set13,alt1,20260909244
238,2,set36,alt2,20260909244
238,2,set38,alt2,20260909244
238,2,set40,alt2,20260909244
238,2,set44,alt1,20260909244
238,2,set45,alt2,20260909244
238,2,set46,alt1,20260909244
239,3,set3,alt1,20260909245
239,3,set4,alt2,20260909245
239,3,set12,alt1,20260909245
239,3,set22,alt1,20260909245
239,3,set24,alt1,20260909245
239,3,set25,alt1,20260909245
239,3,set28,alt1,20260909245
239,3,set29,alt1,20260909245
239,3,set30,alt2,20260909245
239,3,set31,alt2,20260909245
239,3,set39,alt2,20260909245
239,3,set47,alt2,20260909245
240,1,set5,alt2,20260909246
240,1,set6,alt1,20260909246
240,1,set9,alt2,20260909246
240,1,set11,alt2,20260909246
240,1,set18,alt2,20260909246
240,1,set19,alt2,20260909246
240,1,set33,alt1,20260909246
240,1,set35,alt2,20260909246
240,1,set37,alt1,20260909246
240,1,set41,alt1,20260909246
240,1,set42,alt2,20260909246
240,1,set48,alt2,20260909246
241,4,set14,alt1,20260909247
241,4,set15,alt1,20260909247
241,4,set16,alt1,20260909247
241,4,set17,alt1,20260909247
241,4,set20,alt1,20260909247
241,4,set21,alt1,20260909247
241,4,set23,alt1,20260909247
241,4,set26,alt1,20260909247
241,4,set27,alt1,20260909247
241,4,set32,alt1,20260909247
241,4,set34,alt2,20260909247
241,4,set43,alt1,20260909247
242,1,set5,alt1,20260909248
242,1,set6,alt1,20260909248
242,1,set9,alt1,20260909248
242,1,set11,alt2,20260909248
242,1,set18,alt1,20260909248
242,1,set19,alt1,20260909248
242,1,set33,alt2,20260909248
242,1,set35,alt2,20260909248
242,1,set37,alt1,20260909248
242,1,set41,alt1,20260909248
242,1,set42,alt2,20260909248
242,1,set48,alt2,20260909248
243,2,set1,alt2,20260909249
243,2,set2,alt1,20260909249
243,2,set7,alt1,20260909249
243,2,set8,alt1,20260909249
243,2,set10,alt1,20260909249
243,2,set13,alt1,20260909249
243,2,set36,alt2,20260909249
243,2,set38,alt2,20260909249
243,2,set40,alt2,20260909249
243,2,set44,alt1,20260909249
243,2,set45,alt2,20260909249
243,2,set46,alt1,20260909249
244,3,set3,alt1,20260909250
244,3,set4,alt2,20260909250
244,3,set12,alt1,20260909250
244,3,set22,alt1,20260909250
244,3,set24,alt1,20260909250
244,3,set25,alt1,20260909250
244,3,set28,alt1,20260909250
244,3,set29,alt1,20260909250
244,3,set30,alt2,20260909250
244,3,set31,alt2,20260909250
244,3,set39,alt2,20260909250
244,3,set47,alt2,20260909250
245,2,set1,alt2,20260909251
245,2,set2,alt1,20260909251
245,2,set7,alt1,20260909251
245,2,set8,alt1,20260909251
245,2,set10,alt1,20260909251
245,2,set13,alt1,20260909251
245,2,set36,alt2,20260909251
245,2,set38,alt2,20260909251
245,2,set40,alt2,20260909251
245,2,set44,alt1,20260909251
245,2,set45,alt2,20260909251
245,2,set46,alt1,20260909251
246,1,set5,alt2,20260909252
246,1,set6,alt1,20260909252
246,1,set9,alt2,20260909252
246,1,set11,alt2,20260909252
246,1,set18,alt2,20260909252
246,1,set19,alt2,20260909252
246,1,set33,alt1,20260909252
246,1,set35,alt2,20260909252
246,1,set37,alt1,20260909252
246,1,set41,alt1,20260909252
246,1,set42,alt2,20260909252
246,1,set48,alt2,20260909252
247,4,set14,alt1,20260909253
247,4,set15,alt2,20260909253
247,4,set16,alt2,20260909253
247,4,set17,alt2,20260909253
247,4,set20,alt1,20260909253
247,4,set21,alt1,20260909253
247,4,set23,alt1,20260909253
247,4,set26,alt1,20260909253
247,4,set27,alt1,20260909253
247,4,set32,alt1,20260909253
247,4,set34,alt2,20260909253
247,4,set43,alt2,20260909253
248,1,set5,alt2,20260909254
248,1,set6,alt2,20260909254
248,1,set9,alt2,20260909254
248,1,set11,alt2,20260909254
248,1,set18,alt2,20260909254
248,1,set19,alt1,20260909254
248,1,set33,alt1,20260909254
248,1,set35,alt2,20260909254
248,1,set37,alt1,20260909254
248,1,set41,alt2,20260909254
248,1,set42,alt2,20260909254
248,1,set48,alt2,20260909254
249,4,set14,alt1,20260909255
249,4,set15,alt1,20260909255
249,4,set16,alt1,20260909255
249,4,set17,alt1,20260909255
249,4,set20,alt1,20260909255
249,4,set21,alt1,20260909255
249,4,set23,alt1,20260909255
249,4,set26,alt1,20260909255
249,4,set27,alt1,20260909255
249,4,set32,alt1,20260909255
249,4,set34,alt2,20260909255
249,4,set43,alt1,20260909255
250,1,set5,alt1,20260909256
250,1,set6,alt1,20260909256
250,1,set9,alt1,20260909256
250,1,set11,alt2,20260909256
250,1,set18,alt1,20260909256
250,1,set19,alt1,20260909256
250,1,set33,alt2,20260909256
250,1,set35,alt2,20260909256
250,1,set37,alt1,20260909256
250,1,set41,alt1,20260909256
250,1,set42,alt2,20260909256
250,1,set48,alt2,20260909256
251,3,set3,alt1,20260909257
251,3,set4,alt2,20260909257
251,3,set12,alt1,20260909257
251,3,set22,alt1,20260909257
251,3,set24,alt1,20260909257
251,3,set25,alt1,20260909257
251,3,set28,alt1,20260909257
251,3,set29,alt1,20260909257
251,3,set30,alt2,20260909257
251,3,set31,alt2,20260909257
251,3,set39,alt2,20260909257
251,3,set47,alt2,20260909257
252,2,set1,alt2,20260909258
252,2,set2,alt1,20260909258
252,2,set7,alt1,20260909258
252,2,set8,alt1,20260909258
252,2,set10,alt1,20260909258
252,2,set13,alt1,20260909258
252,2,set36,alt2,20260909258
252,2,set38,alt2,20260909258
252,2,set40,alt2,20260909258
252,2,set44,alt1,20260909258
252,2,set45,alt2,20260909258
252,2,set46,alt1,20260909258
253,1,set5,alt1,20260909259
253,1,set6,alt2,20260909259
253,1,set9,alt1,20260909259
253,1,set11,alt2,20260909259
253,1,set18,alt2,20260909259
253,1,set19,alt2,20260909259
253,1,set33,alt1,20260909259
253,1,set35,alt2,20260909259
253,1,set37,alt1,20260909259
253,1,set41,alt1,20260909259
253,1,set42,alt1,20260909259
253,1,set48,alt2,20260909259
254,4,set14,alt1,20260909260
254,4,set15,alt1,20260909260
254,4,set16,alt1,20260909260
254,4,set17,alt1,20260909260
254,4,set20,alt1,20260909260
254,4,set21,alt1,20260909260
254,4,set23,alt1,20260909260
254,4,set26,alt1,20260909260
254,4,set27,alt1,20260909260
254,4,set32,alt1,20260909260
254,4,set34,alt2,20260909260
254,4,set43,alt1,20260909260
255,2,set1,alt2,20260909261
255,2,set2,alt1,20260909261
255,2,set7,alt1,20260909261
255,2,set8,alt1,20260909261
255,2,set10,alt2,20260909261
255,2,set13,alt1,20260909261
255,2,set36,alt2,20260909261
255,2,set38,alt2,20260909261
255,2,set40,alt2,20260909261
255,2,set44,alt1,20260909261
255,2,set45,alt2,20260909261
255,2,set46,alt1,20260909261
256,4,set14,alt2,20260909262
256,4,set15,alt2,20260909262
256,4,set16,alt1,20260909262
256,4,set17,alt1,20260909262
256,4,set20,alt1,20260909262
256,4,set21,alt1,20260909262
256,4,set23,alt1,20260909262
256,4,set26,alt1,20260909262
256,4,set27,alt2,20260909262
256,4,set32,alt1,20260909262
256,4,set34,alt2,20260909262
256,4,set43,alt1,20260909262
257,2,set1,alt2,20260909263
257,2,set2,alt1,20260909263
257,2,set7,alt2,20260909263
257,2,set8,alt1,20260909263
257,2,set10,alt2,20260909263
257,2,set13,alt1,20260909263
257,2,set36,alt2,20260909263
257,2,set38,alt1,20260909263
257,2,set40,alt2,20260909263
257,2,set44,alt2,20260909263
257,2,set45,alt2,20260909263
257,2,set46,alt2,20260909263
258,2,set1,alt2,20260909264
258,2,set2,alt1,20260909264
258,2,set7,alt1,20260909264
258,2,set8,alt1,20260909264
258,2,set10,alt1,20260909264
258,2,set13,alt1,20260909264
258,2,set36,alt2,20260909264
258,2,set38,alt2,20260909264
258,2,set40,alt2,20260909264
258,2,set44,alt1,20260909264
258,2,set45,alt2,20260909264
258,2,set46,alt1,20260909264
259,3,set3,alt1,20260909265
259,3,set4,alt2,20260909265
259,3,set12,alt1,20260909265
259,3,set22,alt1,20260909265
259,3,set24,alt1,20260909265
259,3,set25,alt1,20260909265
259,3,set28,alt1,20260909265
259,3,set29,alt1,20260909265
259,3,set30,alt2,20260909265
259,3,set31,alt2,20260909265
259,3,set39,alt2,20260909265
259,3,set47,alt2,20260909265
260,1,set5,alt1,20260909266
260,1,set6,alt2,20260909266
260,1,set9,alt1,20260909266
260,1,set11,alt2,20260909266
260,1,set18,alt2,20260909266
260,1,set19,alt2,20260909266
260,1,set33,alt1,20260909266
260,1,set35,alt2,20260909266
260,1,set37,alt1,20260909266
260,1,set41,alt1,20260909266
260,1,set42,alt1,20260909266
260,1,set48,alt2,20260909266
261,1,set5,alt2,20260909267
261,1,set6,alt2,20260909267
261,1,set9,alt2,20260909267
261,1,set11,alt2,20260909267
261,1,set18,alt1,20260909267
261,1,set19,alt2,20260909267
261,1,set33,alt1,20260909267
261,1,set35,alt2,20260909267
261,1,set37,alt1,20260909267
261,1,set41,alt1,20260909267
261,1,set42,alt2,20260909267
261,1,set48,alt2,20260909267
262,4,set14,alt1,20260909268
262,4,set15,alt1,20260909268
262,4,set16,alt1,20260909268
262,4,set17,alt1,20260909268
262,4,set20,alt1,20260909268
262,4,set21,alt1,20260909268
262,4,set23,alt1,20260909268
262,4,set26,alt1,20260909268
262,4,set27,alt1,20260909268
262,4,set32,alt1,20260909268
262,4,set34,alt2,20260909268
262,4,set43,alt1,20260909268
263,3,set3,alt1,20260909269
263,3,set4,alt2,20260909269
263,3,set12,alt1,20260909269
263,3,set22,alt1,20260909269
263,3,set24,alt1,20260909269
263,3,set25,alt1,20260909269
263,3,set28,alt1,20260909269
263,3,set29,alt1,20260909269
263,3,set30,alt2,20260909269
263,3,set31,alt2,20260909269
263,3,set39,alt2,20260909269
263,3,set47,alt2,20260909269
264,3,set3,alt2,20260909270
264,3,set4,alt1,20260909270
264,3,set12,alt1,20260909270
264,3,set22,alt2,20260909270
264,3,set24,alt1,20260909270
264,3,set25,alt2,20260909270
264,3,set28,alt2,20260909270
264,3,set29,alt1,20260909270
264,3,set30,alt1,20260909270
264,3,set31,alt2,20260909270
264,3,set39,alt1,20260909270
264,3,set47,alt1,20260909270
265,4,set14,alt1,20260909271
265,4,set15,alt2,20260909271
265,4,set16,alt2,20260909271
265,4,set17,alt2,20260909271
265,4,set20,alt1,20260909271
265,4,set21,alt1,20260909271
265,4,set23,alt1,20260909271
265,4,set26,alt1,20260909271
265,4,set27,alt1,20260909271
265,4,set32,alt1,20260909271
265,4,set34,alt2,20260909271
265,4,set43,alt2,20260909271
266,3,set3,alt1,20260909272
266,3,set4,alt2,20260909272
266,3,set12,alt1,20260909272
266,3,set22,alt1,20260909272
266,3,set24,alt1,20260909272
266,3,set25,alt1,20260909272
266,3,set28,alt1,20260909272
266,3,set29,alt1,20260909272
266,3,set30,alt2,20260909272
266,3,set31,alt2,20260909272
266,3,set39,alt2,20260909272
266,3,set47,alt2,20260909272
267,2,set1,alt2,20260909273
267,2,set2,alt1,20260909273
267,2,set7,alt1,20260909273
267,2,set8,alt1,20260909273
267,2,set10,alt1,20260909273
267,2,set13,alt1,20260909273
267,2,set36,alt2,20260909273
267,2,set38,alt2,20260909273
267,2,set40,alt2,20260909273
267,2,set44,alt1,20260909273
267,2,set45,alt2,20260909273
267,2,set46,alt1,20260909273
268,4,set14,alt1,20260909274
268,4,set15,alt2,20260909274
268,4,set16,alt2,20260909274
268,4,set17,alt2,20260909274
268,4,set20,alt1,20260909274
268,4,set21,alt1,20260909274
268,4,set23,alt1,20260909274
268,4,set26,alt1,20260909274
268,4,set27,alt1,20260909274
268,4,set32,alt1,20260909274
268,4,set34,alt2,20260909274
268,4,set43,alt2,20260909274
269,3,set3,alt2,20260909275
269,3,set4,alt2,20260909275
269,3,set12,alt1,20260909275
269,3,set22,alt2,20260909275
269,3,set24,alt1,20260909275
269,3,set25,alt1,20260909275
269,3,set28,alt1,20260909275
269,3,set29,alt1,20260909275
269,3,set30,alt2,20260909275
269,3,set31,alt2,20260909275
269,3,set39,alt2,20260909275
269,3,set47,alt2,20260909275
270,4,set14,alt1,20260909276
270,4,set15,alt2,20260909276
270,4,set16,alt2,20260909276
270,4,set17,alt2,20260909276
270,4,set20,alt1,20260909276
270,4,set21,alt1,20260909276
270,4,set23,alt1,20260909276
270,4,set26,alt1,20260909276
270,4,set27,alt1,20260909276
270,4,set32,alt1,20260909276
270,4,set34,alt2,20260909276
270,4,set43,alt2,20260909276
271,3,set3,alt1,20260909277
271,3,set4,alt2,20260909277
271,3,set12,alt1,20260909277
271,3,set22,alt1,20260909277
271,3,set24,alt1,20260909277
271,3,set25,alt1,20260909277
271,3,set28,alt1,20260909277
271,3,set29,alt1,20260909277
271,3,set30,alt2,20260909277
271,3,set31,alt2,20260909277
271,3,set39,alt2,20260909277
271,3,set47,alt2,20260909277
272,4,set14,alt1,20260909278
272,4,set15,alt2,20260909278
272,4,set16,alt2,20260909278
272,4,set17,alt2,20260909278
272,4,set20,alt1,20260909278
272,4,set21,alt1,20260909278
272,4,set23,alt1,20260909278
272,4,set26,alt1,20260909278
272,4,set27,alt1,20260909278
272,4,set32,alt1,20260909278
272,4,set34,alt2,20260909278
272,4,set43,alt2,20260909278
273,4,set14,alt1,20260909279
273,4,set15,alt2,20260909279
273,4,set16,alt2,20260909279
273,4,set17,alt2,20260909279
273,4,set20,alt1,20260909279
273,4,set21,alt1,20260909279
273,4,set23,alt1,20260909279
273,4,set26,alt1,20260909279
273,4,set27,alt1,20260909279
273,4,set32,alt1,20260909279
273,4,set34,alt2,20260909279
273,4,set43,alt2,20260909279
274,2,set1,alt2,20260909280
274,2,set2,alt1,20260909280
274,2,set7,alt1,20260909280
274,2,set8,alt1,20260909280
274,2,set10,alt1,20260909280
274,2,set13,alt1,20260909280
274,2,set36,alt2,20260909280
274,2,set38,alt2,20260909280
274,2,set40,alt2,20260909280
274,2,set44,alt1,20260909280
274,2,set45,alt2,20260909280
274,2,set46,alt1,20260909280
275,1,set5,alt2,20260909281
275,1,set6,alt1,20260909281
275,1,set9,alt2,20260909281
275,1,set11,alt2,20260909281
275,1,set18,alt2,20260909281
275,1,set19,alt2,20260909281
275,1,set33,alt1,20260909281
275,1,set35,alt2,20260909281
275,1,set37,alt1,20260909281
275,1,set41,alt1,20260909281
275,1,set42,alt2,20260909281
275,1,set48,alt2,20260909281
276,3,set3,alt2,20260909282
276,3,set4,alt1,20260909282
276,3,set12,alt1,20260909282
276,3,set22,alt2,20260909282
276,3,set24,alt1,20260909282
276,3,set25,alt2,20260909282
276,3,set28,alt2,20260909282
276,3,set29,alt1,20260909282
276,3,set30,alt2,20260909282
276,3,set31,alt1,20260909282
276,3,set39,alt1,20260909282
276,3,set47,alt2,20260909282
277,4,set14,alt1,20260909283
277,4,set15,alt1,20260909283
277,4,set16,alt1,20260909283
277,4,set17,alt1,20260909283
277,4,set20,alt1,20260909283
277,4,set21,alt1,20260909283
277,4,set23,alt1,20260909283
277,4,set26,alt1,20260909283
277,4,set27,alt1,20260909283
277,4,set32,alt1,20260909283
277,4,set34,alt2,20260909283
277,4,set43,alt1,20260909283
278,4,set14,alt1,20260909284
278,4,set15,alt2,20260909284
278,4,set16,alt2,20260909284
278,4,set17,alt2,20260909284
278,4,set20,alt1,20260909284
278,4,set21,alt1,20260909284
278,4,set23,alt1,20260909284
278,4,set26,alt1,20260909284
278,4,set27,alt1,20260909284
278,4,set32,alt1,20260909284
278,4,set34,alt2,20260909284
278,4,set43,alt2,20260909284
279,1,set5,alt2,20260909285
279,1,set6,alt1,20260909285
279,1,set9,alt2,20260909285
279,1,set11,alt2,20260909285
279,1,set18,alt2,20260909285
279,1,set19,alt2,20260909285
279,1,set33,alt1,20260909285
279,1,set35,alt2,20260909285
279,1,set37,alt1,20260909285
279,1,set41,alt1,20260909285
279,1,set42,alt2,20260909285
279,1,set48,alt2,20260909285
280,3,set3,alt1,20260909286
280,3,set4,alt2,20260909286
280,3,set12,alt1,20260909286
280,3,set22,alt1,20260909286
280,3,set24,alt1,20260909286
280,3,set25,alt1,20260909286
280,3,set28,alt1,20260909286
280,3,set29,alt1,20260909286
280,3,set30,alt2,20260909286
280,3,set31,alt2,20260909286
280,3,set39,alt2,20260909286
280,3,set47,alt2,20260909286
281,2,set1,alt2,20260909287
281,2,set2,alt1,20260909287
281,2,set7,alt1,20260909287
281,2,set8,alt1,20260909287
281,2,set10,alt1,20260909287
281,2,set13,alt1,20260909287
281,2,set36,alt2,20260909287
281,2,set38,alt2,20260909287
281,2,set40,alt2,20260909287
281,2,set44,alt1,20260909287
281,2,set45,alt2,20260909287
281,2,set46,alt1,20260909287
282,1,set5,alt1,20260909288
282,1,set6,alt1,20260909288
282,1,set9,alt1,20260909288
282,1,set11,alt2,20260909288
282,1,set18,alt1,20260909288
282,1,set19,alt1,20260909288
282,1,set33,alt2,20260909288
282,1,set35,alt2,20260909288
282,1,set37,alt1,20260909288
282,1,set41,alt1,20260909288
282,1,set42,alt2,20260909288
282,1,set48,alt2,20260909288
283,1,set5,alt1,20260909289
283,1,set6,alt1,20260909289
283,1,set9,alt1,20260909289
283,1,set11,alt2,20260909289
283,1,set18,alt1,20260909289
283,1,set19,alt1,20260909289
283,1,set33,alt2,20260909289
283,1,set35,alt2,20260909289
283,1,set37,alt1,20260909289
283,1,set41,alt1,20260909289
283,1,set42,alt2,20260909289
283,1,set48,alt2,20260909289
284,4,set14,alt1,20260909290
284,4,set15,alt1,20260909290
284,4,set16,alt1,20260909290
284,4,set17,alt1,20260909290
284,4,set20,alt1,20260909290
284,4,set21,alt1,20260909290
284,4,set23,alt1,20260909290
284,4,set26,alt1,20260909290
284,4,set27,alt1,20260909290
284,4,set32,alt1,20260909290
284,4,set34,alt2,20260909290
284,4,set43,alt1,20260909290
285,3,set3,alt1,20260909291
285,3,set4,alt2,20260909291
285,3,set12,alt1,20260909291
285,3,set22,alt1,20260909291
285,3,set24,alt1,20260909291
285,3,set25,alt1,20260909291
285,3,set28,alt1,20260909291
285,3,set29,alt1,20260909291
285,3,set30,alt2,20260909291
285,3,set31,alt2,20260909291
285,3,set39,alt2,20260909291
285,3,set47,alt2,20260909291
286,1,set5,alt2,20260909292
286,1,set6,alt1,20260909292
286,1,set9,alt2,20260909292
286,1,set11,alt2,20260909292
286,1,set18,alt2,20260909292
286,1,set19,alt2,20260909292
286,1,set33,alt1,20260909292
286,1,set35,alt2,20260909292
286,1,set37,alt1,20260909292
286,1,set41,alt1,20260909292
286,1,set42,alt2,20260909292
286,1,set48,alt2,20260909292
287,3,set3,alt1,20260909293
287,3,set4,alt2,20260909293
287,3,set12,alt1,20260909293
287,3,set22,alt1,20260909293
287,3,set24,alt1,20260909293
287,3,set25,alt1,20260909293
287,3,set28,alt1,20260909293
287,3,set29,alt1,20260909293
287,3,set30,alt2,20260909293
287,3,set31,alt2,20260909293
287,3,set39,alt2,20260909293
287,3,set47,alt2,20260909293
288,1,set5,alt2,20260909294
288,1,set6,alt1,20260909294
288,1,set9,alt2,20260909294
288,1,set11,alt2,20260909294
288,1,set18,alt2,20260909294
288,1,set19,alt2,20260909294
288,1,set33,alt1,20260909294
288,1,set35,alt2,20260909294
288,1,set37,alt1,20260909294
288,1,set41,alt1,20260909294
288,1,set42,alt2,20260909294
288,1,set48,alt2,20260909294
289,4,set14,alt1,20260909295
289,4,set15,alt1,20260909295
289,4,set16,alt1,20260909295
289,4,set17,alt1,20260909295
289,4,set20,alt1,20260909295
289,4,set21,alt1,20260909295
289,4,set23,alt1,20260909295
289,4,set26,alt1,20260909295
289,4,set27,alt1,20260909295
289,4,set32,alt1,20260909295
289,4,set34,alt2,20260909295
289,4,set43,alt1,20260909295
290,4,set14,alt2,20260909296
290,4,set15,alt2,20260909296
290,4,set16,alt1,20260909296
290,4,set17,alt1,20260909296
290,4,set20,alt1,20260909296
290,4,set21,alt1,20260909296
290,4,set23,alt1,20260909296
290,4,set26,alt1,20260909296
290,4,set27,alt2,20260909296
290,4,set32,alt1,20260909296
290,4,set34,alt2,20260909296
290,4,set43,alt1,20260909296
291,4,set14,alt1,20260909297
291,4,set15,alt1,20260909297
291,4,set16,alt1,20260909297
291,4,set17,alt1,20260909297
291,4,set20,alt1,20260909297
291,4,set21,alt1,20260909297
291,4,set23,alt1,20260909297
291,4,set26,alt1,20260909297
291,4,set27,alt1,20260909297
291,4,set32,alt1,20260909297
291,4,set34,alt2,20260909297
291,4,set43,alt1,20260909297
292,4,set14,alt1,20260909298
292,4,set15,alt2,20260909298
292,4,set16,alt2,20260909298
292,4,set17,alt2,20260909298
292,4,set20,alt1,20260909298
292,4,set21,alt1,20260909298
292,4,set23,alt1,20260909298
292,4,set26,alt1,20260909298
292,4,set27,alt1,20260909298
292,4,set32,alt1,20260909298
292,4,set34,alt2,20260909298
292,4,set43,alt2,20260909298
293,3,set3,alt1,20260909299
293,3,set4,alt2,20260909299
293,3,set12,alt1,20260909299
293,3,set22,alt1,20260909299
293,3,set24,alt1,20260909299
293,3,set25,alt1,20260909299
293,3,set28,alt1,20260909299
293,3,set29,alt1,20260909299
293,3,set30,alt2,20260909299
293,3,set31,alt2,20260909299
293,3,set39,alt2,20260909299
293,3,set47,alt2,20260909299
294,3,set3,alt1,20260909300
294,3,set4,alt2,20260909300
294,3,set12,alt1,20260909300
294,3,set22,alt1,20260909300
294,3,set24,alt1,20260909300
294,3,set25,alt1,20260909300
294,3,set28,alt1,20260909300
294,3,set29,alt1,20260909300
294,3,set30,alt2,20260909300
294,3,set31,alt2,20260909300
294,3,set39,alt2,20260909300
294,3,set47,alt2,20260909300
295,1,set5,alt2,20260909301
295,1,set6,alt1,20260909301
295,1,set9,alt2,20260909301
295,1,set11,alt2,20260909301
295,1,set18,alt2,20260909301
295,1,set19,alt2,20260909301
295,1,set33,alt1,20260909301
295,1,set35,alt2,20260909301
295,1,set37,alt1,20260909301
295,1,set41,alt1,20260909301
295,1,set42,alt2,20260909301
295,1,set48,alt2,20260909301
296,4,set14,alt1,20260909302
296,4,set15,alt2,20260909302
296,4,set16,alt2,20260909302
296,4,set17,alt2,20260909302
296,4,set20,alt1,20260909302
296,4,set21,alt1,20260909302
296,4,set23,alt1,20260909302
296,4,set26,alt1,20260909302
296,4,set27,alt1,20260909302
296,4,set32,alt1,20260909302
296,4,set34,alt2,20260909302
296,4,set43,alt2,20260909302
297,2,set1,alt2,20260909303
297,2,set2,alt1,20260909303
297,2,set7,alt1,20260909303
297,2,set8,alt1,20260909303
297,2,set10,alt2,20260909303
297,2,set13,alt1,20260909303
297,2,set36,alt2,20260909303
297,2,set38,alt2,20260909303
297,2,set40,alt2,20260909303
297,2,set44,alt1,20260909303
297,2,set45,alt2,20260909303
297,2,set46,alt1,20260909303
298,2,set1,alt2,20260909304
298,2,set2,alt1,20260909304
298,2,set7,alt2,20260909304
298,2,set8,alt1,20260909304
298,2,set10,alt2,20260909304
298,2,set13,alt1,20260909304
298,2,set36,alt2,20260909304
298,2,set38,alt1,20260909304
298,2,set40,alt2,20260909304
298,2,set44,alt2,20260909304
298,2,set45,alt2,20260909304
298,2,set46,alt2,20260909304
299,3,set3,alt1,20260909305
299,3,set4,alt2,20260909305
299,3,set12,alt1,20260909305
299,3,set22,alt1,20260909305
299,3,set24,alt1,20260909305
299,3,set25,alt1,20260909305
299,3,set28,alt1,20260909305
299,3,set29,alt1,20260909305
299,3,set30,alt2,20260909305
299,3,set31,alt2,20260909305
299,3,set39,alt2,20260909305
299,3,set47,alt2,20260909305
300,1,set5,alt2,20260909306
300,1,set6,alt2,20260909306
300,1,set9,alt2,20260909306
300,1,set11,alt2,20260909306
300,1,set18,alt1,20260909306
300,1,set19,alt2,20260909306
300,1,set33,alt1,20260909306
300,1,set35,alt2,20260909306
300,1,set37,alt1,20260909306
300,1,set41,alt1,20260909306
300,1,set42,alt2,20260909306
300,1,set48,alt2,20260909306
301,3,set3,alt1,20260909307
301,3,set4,alt2,20260909307
301,3,set12,alt1,20260909307
301,3,set22,alt1,20260909307
301,3,set24,alt1,20260909307
301,3,set25,alt1,20260909307
301,3,set28,alt1,20260909307
301,3,set29,alt1,20260909307
301,3,set30,alt2,20260909307
301,3,set31,alt2,20260909307
301,3,set39,alt2,20260909307
301,3,set47,alt2,20260909307
302,3,set3,alt1,20260909308
302,3,set4,alt2,20260909308
302,3,set12,alt1,20260909308
302,3,set22,alt1,20260909308
302,3,set24,alt1,20260909308
302,3,set25,alt1,20260909308
302,3,set28,alt1,20260909308
302,3,set29,alt1,20260909308
302,3,set30,alt2,20260909308
302,3,set31,alt2,20260909308
302,3,set39,alt2,20260909308
302,3,set47,alt2,20260909308
303,1,set5,alt2,20260909309
303,1,set6,alt1,20260909309
303,1,set9,alt2,20260909309
303,1,set11,alt2,20260909309
303,1,set18,alt2,20260909309
303,1,set19,alt2,20260909309
303,1,set33,alt1,20260909309
303,1,set35,alt2,20260909309
303,1,set37,alt1,20260909309
303,1,set41,alt1,20260909309
303,1,set42,alt2,20260909309
303,1,set48,alt2,20260909309
304,1,set5,alt2,20260909310
304,1,set6,alt1,20260909310
304,1,set9,alt2,20260909310
304,1,set11,alt2,20260909310
304,1,set18,alt2,20260909310
304,1,set19,alt2,20260909310
304,1,set33,alt1,20260909310
304,1,set35,alt2,20260909310
304,1,set37,alt1,20260909310
304,1,set41,alt1,20260909310
304,1,set42,alt2,20260909310
304,1,set48,alt2,20260909310
305,1,set5,alt2,20260909311
305,1,set6,alt2,20260909311
305,1,set9,alt2,20260909311
305,1,set11,alt2,20260909311
305,1,set18,alt2,20260909311
305,1,set19,alt1,20260909311
305,1,set33,alt1,20260909311
305,1,set35,alt2,20260909311
305,1,set37,alt1,20260909311
305,1,set41,alt2,20260909311
305,1,set42,alt2,20260909311
305,1,set48,alt2,20260909311
306,4,set14,alt2,20260909312
306,4,set15,alt2,20260909312
306,4,set16,alt1,20260909312
306,4,set17,alt1,20260909312
306,4,set20,alt1,20260909312
306,4,set21,alt1,20260909312
306,4,set23,alt1,20260909312
306,4,set26,alt1,20260909312
306,4,set27,alt2,20260909312
306,4,set32,alt1,20260909312
306,4,set34,alt2,20260909312
306,4,set43,alt1,20260909312
307,2,set1,alt2,20260909313
307,2,set2,alt1,20260909313
307,2,set7,alt2,20260909313
307,2,set8,alt1,20260909313
307,2,set10,alt2,20260909313
307,2,set13,alt1,20260909313
307,2,set36,alt2,20260909313
307,2,set38,alt1,20260909313
307,2,set40,alt2,20260909313
307,2,set44,alt2,20260909313
307,2,set45,alt2,20260909313
307,2,set46,alt2,20260909313
308,4,set14,alt1,20260909314
308,4,set15,alt2,20260909314
308,4,set16,alt2,20260909314
308,4,set17,alt2,20260909314
308,4,set20,alt1,20260909314
308,4,set21,alt1,20260909314
308,4,set23,alt1,20260909314
308,4,set26,alt1,20260909314
308,4,set27,alt1,20260909314
308,4,set32,alt1,20260909314
308,4,set34,alt2,20260909314
308,4,set43,alt2,20260909314
309,1,set5,alt2,20260909315
309,1,set6,alt2,20260909315
309,1,set9,alt2,20260909315
309,1,set11,alt2,20260909315
309,1,set18,alt2,20260909315
309,1,set19,alt2,20260909315
309,1,set33,alt1,20260909315
309,1,set35,alt2,20260909315
309,1,set37,alt1,20260909315
309,1,set41,alt2,20260909315
309,1,set42,alt2,20260909315
309,1,set48,alt2,20260909315
310,2,set1,alt2,20260909316
310,2,set2,alt1,20260909316
310,2,set7,alt1,20260909316
310,2,set8,alt1,20260909316
310,2,set10,alt1,20260909316
310,2,set13,alt1,20260909316
310,2,set36,alt2,20260909316
310,2,set38,alt2,20260909316
310,2,set40,alt2,20260909316
310,2,set44,alt1,20260909316
310,2,set45,alt2,20260909316
310,2,set46,alt1,20260909316
311,2,set1,alt2,20260909317
311,2,set2,alt1,20260909317
311,2,set7,alt1,20260909317
311,2,set8,alt1,20260909317
311,2,set10,alt1,20260909317
311,2,set13,alt1,20260909317
311,2,set36,alt2,20260909317
311,2,set38,alt2,20260909317
311,2,set40,alt2,20260909317
311,2,set44,alt1,20260909317
311,2,set45,alt2,20260909317
311,2,set46,alt1,20260909317
312,1,set5,alt2,20260909318
312,1,set6,alt2,20260909318
312,1,set9,alt2,20260909318
312,1,set11,alt2,20260909318
312,1,set18,alt1,20260909318
312,1,set19,alt2,20260909318
312,1,set33,alt1,20260909318
312,1,set35,alt2,20260909318
312,1,set37,alt1,20260909318
312,1,set41,alt1,20260909318
312,1,set42,alt2,20260909318
312,1,set48,alt2,20260909318
313,3,set3,alt2,20260909319
313,3,set4,alt1,20260909319
313,3,set12,alt1,20260909319
313,3,set22,alt2,20260909319
313,3,set24,alt1,20260909319
313,3,set25,alt2,20260909319
313,3,set28,alt2,20260909319
313,3,set29,alt1,20260909319
313,3,set30,alt2,20260909319
313,3,set31,alt1,20260909319
313,3,set39,alt1,20260909319
313,3,set47,alt2,20260909319
314,1,set5,alt2,20260909320
314,1,set6,alt2,20260909320
314,1,set9,alt2,20260909320
314,1,set11,alt2,20260909320
314,1,set18,alt2,20260909320
314,1,set19,alt2,20260909320
314,1,set33,alt1,20260909320
314,1,set35,alt2,20260909320
314,1,set37,alt1,20260909320
314,1,set41,alt2,20260909320
314,1,set42,alt2,20260909320
314,1,set48,alt2,20260909320
315,2,set1,alt2,20260909321
315,2,set2,alt1,20260909321
315,2,set7,alt1,20260909321
315,2,set8,alt1,20260909321
315,2,set10,alt2,20260909321
315,2,set13,alt1,20260909321
315,2,set36,alt2,20260909321
315,2,set38,alt2,20260909321
315,2,set40,alt2,20260909321
315,2,set44,alt2,20260909321
315,2,set45,alt2,20260909321
315,2,set46,alt2,20260909321
316,2,set1,alt2,20260909322
316,2,set2,alt1,20260909322
316,2,set7,alt1,20260909322
316,2,set8,alt1,20260909322
316,2,set10,alt1,20260909322
316,2,set13,alt1,20260909322
316,2,set36,alt2,20260909322
316,2,set38,alt2,20260909322
316,2,set40,alt2,20260909322
316,2,set44,alt1,20260909322
316,2,set45,alt2,20260909322
316,2,set46,alt1,20260909322
317,3,set3,alt1,20260909323
317,3,set4,alt2,20260909323
317,3,set12,alt1,20260909323
317,3,set22,alt1,20260909323
317,3,set24,alt1,20260909323
317,3,set25,alt1,20260909323
317,3,set28,alt1,20260909323
317,3,set29,alt1,20260909323
317,3,set30,alt2,20260909323
317,3,set31,alt2,20260909323
317,3,set39,alt2,20260909323
317,3,set47,alt2,20260909323
318,4,set14,alt1,20260909324
318,4,set15,alt2,20260909324
318,4,set16,alt2,20260909324
318,4,set17,alt2,20260909324
318,4,set20,alt1,20260909324
318,4,set21,alt1,20260909324
318,4,set23,alt1,20260909324
318,4,set26,alt1,20260909324
318,4,set27,alt1,20260909324
318,4,set32,alt1,20260909324
318,4,set34,alt2,20260909324
318,4,set43,alt2,20260909324
319,1,set5,alt2,20260909325
319,1,set6,alt2,20260909325
319,1,set9,alt2,20260909325
319,1,set11,alt2,20260909325
319,1,set18,alt2,20260909325
319,1,set19,alt2,20260909325
319,1,set33,alt1,20260909325
319,1,set35,alt2,20260909325
319,1,set37,alt1,20260909325
319,1,set41,alt2,20260909325
319,1,set42,alt2,20260909325
319,1,set48,alt2,20260909325
320,3,set3,alt1,20260909326
320,3,set4,alt2,20260909326
320,3,set12,alt1,20260909326
320,3,set22,alt1,20260909326
320,3,set24,alt1,20260909326
320,3,set25,alt1,20260909326
320,3,set28,alt1,20260909326
320,3,set29,alt1,20260909326
320,3,set30,alt2,20260909326
320,3,set31,alt2,20260909326
320,3,set39,alt2,20260909326
320,3,set47,alt2,20260909326
321,3,set3,alt2,20260909327
321,3,set4,alt1,20260909327
321,3,set12,alt1,20260909327
321,3,set22,alt2,20260909327
321,3,set24,alt1,20260909327
321,3,set25,alt2,20260909327
321,3,set28,alt2,20260909327
321,3,set29,alt1,20260909327
321,3,set30,alt2,20260909327
321,3,set31,alt1,20260909327
321,3,set39,alt1,20260909327
321,3,set47,alt2,20260909327
322,2,set1,alt2,20260909328
322,2,set2,alt1,20260909328
322,2,set7,alt1,20260909328
322,2,set8,alt1,20260909328
322,2,set10,alt2,20260909328
322,2,set13,alt1,20260909328
322,2,set36,alt2,20260909328
322,2,set38,alt2,20260909328
322,2,set40,alt2,20260909328
322,2,set44,alt2,20260909328
322,2,set45,alt2,20260909328
322,2,set46,alt2,20260909328
323,3,set3,alt2,20260909329
323,3,set4,alt2,20260909329
323,3,set12,alt1,20260909329
323,3,set22,alt2,20260909329
323,3,set24,alt1,20260909329
323,3,set25,alt1,20260909329
323,3,set28,alt1,20260909329
323,3,set29,alt1,20260909329
323,3,set30,alt2,20260909329
323,3,set31,alt2,20260909329
323,3,set39,alt2,20260909329
323,3,set47,alt2,20260909329
324,3,set3,alt1,20260909330
324,3,set4,alt2,20260909330
324,3,set12,alt1,20260909330
324,3,set22,alt1,20260909330
324,3,set24,alt1,20260909330
324,3,set25,alt1,20260909330
324,3,set28,alt1,20260909330
324,3,set29,alt1,20260909330
324,3,set30,alt2,20260909330
324,3,set31,alt2,20260909330
324,3,set39,alt2,20260909330
324,3,set47,alt2,20260909330
325,4,set14,alt2,20260909331
325,4,set15,alt2,20260909331
325,4,set16,alt1,20260909331
325,4,set17,alt1,20260909331
325,4,set20,alt1,20260909331
325,4,set21,alt1,20260909331
325,4,set23,alt1,20260909331
325,4,set26,alt1,20260909331
325,4,set27,alt2,20260909331
325,4,set32,alt1,20260909331
325,4,set34,alt2,20260909331
325,4,set43,alt1,20260909331
326,1,set5,alt1,20260909332
326,1,set6,alt1,20260909332
326,1,set9,alt1,20260909332
326,1,set11,alt2,20260909332
326,1,set18,alt1,20260909332
326,1,set19,alt1,20260909332
326,1,set33,alt2,20260909332
326,1,set35,alt2,20260909332
326,1,set37,alt1,20260909332
326,1,set41,alt1,20260909332
326,1,set42,alt2,20260909332
326,1,set48,alt2,20260909332
327,2,set1,alt2,20260909333
327,2,set2,alt1,20260909333
327,2,set7,alt2,20260909333
327,2,set8,alt1,20260909333
327,2,set10,alt2,20260909333
327,2,set13,alt1,20260909333
327,2,set36,alt2,20260909333
327,2,set38,alt1,20260909333
327,2,set40,alt2,20260909333
327,2,set44,alt2,20260909333
327,2,set45,alt2,20260909333
327,2,set46,alt2,20260909333
328,3,set3,alt1,20260909334
328,3,set4,alt2,20260909334
328,3,set12,alt1,20260909334
328,3,set22,alt1,20260909334
328,3,set24,alt1,20260909334
328,3,set25,alt1,20260909334
328,3,set28,alt1,20260909334
328,3,set29,alt1,20260909334
328,3,set30,alt2,20260909334
328,3,set31,alt2,20260909334
328,3,set39,alt2,20260909334
328,3,set47,alt2,20260909334
329,2,set1,alt2,20260909335
329,2,set2,alt1,20260909335
329,2,set7,alt1,20260909335
329,2,set8,alt1,20260909335
329,2,set10,alt1,20260909335
329,2,set13,alt1,20260909335
329,2,set36,alt2,20260909335
329,2,set38,alt2,20260909335
329,2,set40,alt2,20260909335
329,2,set44,alt1,20260909335
329,2,set45,alt2,20260909335
329,2,set46,alt1,20260909335
330,1,set5,alt2,20260909336
330,1,set6,alt2,20260909336
330,1,set9,alt2,20260909336
330,1,set11,alt2,20260909336
330,1,set18,alt2,20260909336
330,1,set19,alt2,20260909336
330,1,set33,alt1,20260909336
330,1,set35,alt2,20260909336
330,1,set37,alt1,20260909336
330,1,set41,alt2,20260909336
330,1,set42,alt2,20260909336
330,1,set48,alt2,20260909336
331,1,set5,alt2,20260909337
331,1,set6,alt1,20260909337
331,1,set9,alt2,20260909337
331,1,set11,alt2,20260909337
331,1,set18,alt2,20260909337
331,1,set19,alt2,20260909337
331,1,set33,alt1,20260909337
331,1,set35,alt2,20260909337
331,1,set37,alt1,20260909337
331,1,set41,alt1,20260909337
331,1,set42,alt2,20260909337
331,1,set48,alt2,20260909337
332,2,set1,alt2,20260909338
332,2,set2,alt1,20260909338
332,2,set7,alt1,20260909338
332,2,set8,alt1,20260909338
332,2,set10,alt1,20260909338
332,2,set13,alt1,20260909338
332,2,set36,alt2,20260909338
332,2,set38,alt2,20260909338
332,2,set40,alt2,20260909338
332,2,set44,alt1,20260909338
332,2,set45,alt2,20260909338
332,2,set46,alt1,20260909338
333,3,set3,alt1,20260909339
333,3,set4,alt2,20260909339
333,3,set12,alt1,20260909339
333,3,set22,alt1,20260909339
333,3,set24,alt1,20260909339
333,3,set25,alt1,20260909339
333,3,set28,alt1,20260909339
333,3,set29,alt1,20260909339
333,3,set30,alt2,20260909339
333,3,set31,alt2,20260909339
333,3,set39,alt2,20260909339
333,3,set47,alt2,20260909339
334,3,set3,alt1,20260909340
334,3,set4,alt2,20260909340
334,3,set12,alt1,20260909340
334,3,set22,alt1,20260909340
334,3,set24,alt1,20260909340
334,3,set25,alt1,20260909340
334,3,set28,alt1,20260909340
334,3,set29,alt1,20260909340
334,3,set30,alt2,20260909340
334,3,set31,alt2,20260909340
334,3,set39,alt2,20260909340
334,3,set47,alt2,20260909340
335,4,set14,alt1,20260909341
335,4,set15,alt1,20260909341
335,4,set16,alt1,20260909341
335,4,set17,alt1,20260909341
335,4,set20,alt1,20260909341
335,4,set21,alt1,20260909341
335,4,set23,alt1,20260909341
335,4,set26,alt1,20260909341
335,4,set27,alt1,20260909341
335,4,set32,alt1,20260909341
335,4,set34,alt2,20260909341
335,4,set43,alt1,20260909341
336,2,set1,alt2,20260909342
336,2,set2,alt1,20260909342
336,2,set7,alt1,20260909342
336,2,set8,alt1,20260909342
336,2,set10,alt1,20260909342
336,2,set13,alt1,20260909342
336,2,set36,alt2,20260909342
336,2,set38,alt2,20260909342
336,2,set40,alt2,20260909342
336,2,set44,alt1,20260909342
336,2,set45,alt2,20260909342
336,2,set46,alt1,20260909342
337,4,set14,alt1,20260909343
337,4,set15,alt2,20260909343
337,4,set16,alt1,20260909343
337,4,set17,alt2,20260909343
337,4,set20,alt1,20260909343
337,4,set21,alt1,20260909343
337,4,set23,alt1,20260909343
337,4,set26,alt1,20260909343
337,4,set27,alt1,20260909343
337,4,set32,alt1,20260909343
337,4,set34,alt1,20260909343
337,4,set43,alt1,20260909343
338,2,set1,alt2,20260909344
338,2,set2,alt1,20260909344
338,2,set7,alt1,20260909344
338,2,set8,alt1,20260909344
338,2,set10,alt2,20260909344
338,2,set13,alt1,20260909344
338,2,set36,alt2,20260909344
338,2,set38,alt2,20260909344
338,2,set40,alt2,20260909344
338,2,set44,alt1,20260909344
338,2,set45,alt2,20260909344
338,2,set46,alt1,20260909344
339,1,set5,alt2,20260909345
339,1,set6,alt1,20260909345
339,1,set9,alt2,20260909345
339,1,set11,alt2,20260909345
339,1,set18,alt2,20260909345
339,1,set19,alt2,20260909345
339,1,set33,alt1,20260909345
339,1,set35,alt2,20260909345
339,1,set37,alt1,20260909345
339,1,set41,alt1,20260909345
339,1,set42,alt2,20260909345
339,1,set48,alt2,20260909345
340,4,set14,alt1,20260909346
340,4,set15,alt2,20260909346
340,4,set16,alt2,20260909346
340,4,set17,alt2,20260909346
340,4,set20,alt1,20260909346
340,4,set21,alt1,20260909346
340,4,set23,alt1,20260909346
340,4,set26,alt1,20260909346
340,4,set27,alt1,20260909346
340,4,set32,alt1,20260909346
340,4,set34,alt2,20260909346
340,4,set43,alt2,20260909346
341,3,set3,alt1,20260909347
341,3,set4,alt2,20260909347
341,3,set12,alt1,20260909347
341,3,set22,alt1,20260909347
341,3,set24,alt1,20260909347
341,3,set25,alt1,20260909347
341,3,set28,alt1,20260909347
341,3,set29,alt1,20260909347
341,3,set30,alt2,20260909347
341,3,set31,alt2,20260909347
341,3,set39,alt2,20260909347
341,3,set47,alt2,20260909347
342,4,set14,alt1,20260909348
342,4,set15,alt2,20260909348
342,4,set16,alt2,20260909348
342,4,set17,alt2,20260909348
342,4,set20,alt1,20260909348
342,4,set21,alt1,20260909348
342,4,set23,alt1,20260909348
342,4,set26,alt1,20260909348
342,4,set27,alt1,20260909348
342,4,set32,alt1,20260909348
342,4,set34,alt2,20260909348
342,4,set43,alt2,20260909348
343,1,set5,alt1,20260909349
343,1,set6,alt1,20260909349
343,1,set9,alt1,20260909349
343,1,set11,alt2,20260909349
343,1,set18,alt1,20260909349
343,1,set19,alt1,20260909349
343,1,set33,alt2,20260909349
343,1,set35,alt2,20260909349
343,1,set37,alt1,20260909349
343,1,set41,alt1,20260909349
343,1,set42,alt2,20260909349
343,1,set48,alt2,20260909349
344,2,set1,alt2,20260909350
344,2,set2,alt1,20260909350
344,2,set7,alt1,20260909350
344,2,set8,alt1,20260909350
344,2,set10,alt1,20260909350
344,2,set13,alt1,20260909350
344,2,set36,alt2,20260909350
344,2,set38,alt2,20260909350
344,2,set40,alt2,20260909350
344,2,set44,alt1,20260909350
344,2,set45,alt2,20260909350
344,2,set46,alt1,20260909350
345,3,set3,alt1,20260909351
345,3,set4,alt2,20260909351
345,3,set12,alt1,20260909351
345,3,set22,alt1,20260909351
345,3,set24,alt1,20260909351
345,3,set25,alt1,20260909351
345,3,set28,alt1,20260909351
345,3,set29,alt1,20260909351
345,3,set30,alt2,20260909351
345,3,set31,alt2,20260909351
345,3,set39,alt2,20260909351
345,3,set47,alt2,20260909351
346,3,set3,alt1,20260909352
346,3,set4,alt2,20260909352
346,3,set12,alt1,20260909352
346,3,set22,alt1,20260909352
346,3,set24,alt1,20260909352
346,3,set25,alt1,20260909352
346,3,set28,alt1,20260909352
346,3,set29,alt1,20260909352
346,3,set30,alt2,20260909352
346,3,set31,alt2,20260909352
346,3,set39,alt2,20260909352
346,3,set47,alt2,20260909352
347,1,set5,alt1,20260909353
347,1,set6,alt1,20260909353
347,1,set9,alt1,20260909353
347,1,set11,alt2,20260909353
347,1,set18,alt1,20260909353
347,1,set19,alt1,20260909353
347,1,set33,alt2,20260909353
347,1,set35,alt2,20260909353
347,1,set37,alt1,20260909353
347,1,set41,alt1,20260909353
347,1,set42,alt2,20260909353
347,1,set48,alt2,20260909353
348,2,set1,alt2,20260909354
348,2,set2,alt1,20260909354
348,2,set7,alt1,20260909354
348,2,set8,alt1,20260909354
348,2,set10,alt1,20260909354
348,2,set13,alt1,20260909354
348,2,set36,alt2,20260909354
348,2,set38,alt2,20260909354
348,2,set40,alt2,20260909354
348,2,set44,alt1,20260909354
348,2,set45,alt2,20260909354
348,2,set46,alt1,20260909354
349,3,set3,alt1,20260909355
349,3,set4,alt2,20260909355
349,3,set12,alt1,20260909355
349,3,set22,alt1,20260909355
349,3,set24,alt1,20260909355
349,3,set25,alt1,20260909355
349,3,set28,alt1,20260909355
349,3,set29,alt1,20260909355
349,3,set30,alt2,20260909355
349,3,set31,alt2,20260909355
349,3,set39,alt2,20260909355
349,3,set47,alt2,20260909355
350,2,set1,alt2,20260909356
350,2,set2,alt1,20260909356
350,2,set7,alt2,20260909356
350,2,set8,alt1,20260909356
350,2,set10,alt2,20260909356
350,2,set13,alt1,20260909356
350,2,set36,alt2,20260909356
350,2,set38,alt1,20260909356
350,2,set40,alt2,20260909356
350,2,set44,alt2,20260909356
350,2,set45,alt2,20260909356
350,2,set46,alt2,20260909356
351,4,set14,alt1,20260909357
351,4,set15,alt2,20260909357
351,4,set16,alt2,20260909357
351,4,set17,alt2,20260909357
351,4,set20,alt1,20260909357
351,4,set21,alt1,20260909357
351,4,set23,alt1,20260909357
351,4,set26,alt1,20260909357
351,4,set27,alt1,20260909357
351,4,set32,alt1,20260909357
351,4,set34,alt2,20260909357
351,4,set43,alt2,20260909357
352,1,set5,alt2,20260909358
352,1,set6,alt1,20260909358
352,1,set9,alt2,20260909358
352,1,set11,alt2,20260909358
352,1,set18,alt2,20260909358
352,1,set19,alt2,20260909358
352,1,set33,alt1,20260909358
352,1,set35,alt2,20260909358
352,1,set37,alt1,20260909358
352,1,set41,alt1,20260909358
352,1,set42,alt2,20260909358
352,1,set48,alt2,20260909358
353,3,set3,alt1,20260909359
353,3,set4,alt2,20260909359
353,3,set12,alt1,20260909359
353,3,set22,alt1,20260909359
353,3,set24,alt1,20260909359
353,3,set25,alt1,20260909359
353,3,set28,alt1,20260909359
353,3,set29,alt1,20260909359
353,3,set30,alt2,20260909359
353,3,set31,alt2,20260909359
353,3,set39,alt2,20260909359
353,3,set47,alt2,20260909359
354,4,set14,alt1,20260909360
354,4,set15,alt1,20260909360
354,4,set16,alt1,20260909360
354,4,set17,alt1,20260909360
354,4,set20,alt1,20260909360
354,4,set21,alt1,20260909360
354,4,set23,alt1,20260909360
354,4,set26,alt1,20260909360
354,4,set27,alt1,20260909360
354,4,set32,alt1,20260909360
354,4,set34,alt2,20260909360
354,4,set43,alt1,20260909360
355,3,set3,alt1,20260909361
355,3,set4,alt2,20260909361
355,3,set12,alt1,20260909361
355,3,set22,alt1,20260909361
355,3,set24,alt1,20260909361
355,3,set25,alt1,20260909361
355,3,set28,alt1,20260909361
355,3,set29,alt1,20260909361
355,3,set30,alt2,20260909361
355,3,set31,alt2,20260909361
355,3,set39,alt2,20260909361
355,3,set47,alt2,20260909361
356,2,set1,alt2,20260909362
356,2,set2,alt1,20260909362
356,2,set7,alt2,20260909362
356,2,set8,alt1,20260909362
356,2,set10,alt2,20260909362
356,2,set13,alt1,20260909362
356,2,set36,alt2,20260909362
356,2,set38,alt1,20260909362
356,2,set40,alt2,20260909362
356,2,set44,alt2,20260909362
356,2,set45,alt2,20260909362
356,2,set46,alt2,20260909362
357,1,set5,alt2,20260909363
357,1,set6,alt2,20260909363
357,1,set9,alt2,20260909363
357,1,set11,alt2,20260909363
357,1,set18,alt2,20260909363
357,1,set19,alt2,20260909363
357,1,set33,alt1,20260909363
357,1,set35,alt2,20260909363
357,1,set37,alt1,20260909363
357,1,set41,alt2,20260909363
357,1,set42,alt2,20260909363
357,1,set48,alt2,20260909363
358,2,set1,alt2,20260909364
358,2,set2,alt1,20260909364
358,2,set7,alt1,20260909364
358,2,set8,alt1,20260909364
358,2,set10,alt1,20260909364
358,2,set13,alt1,20260909364
358,2,set36,alt2,20260909364
358,2,set38,alt2,20260909364
358,2,set40,alt2,20260909364
358,2,set44,alt1,20260909364
358,2,set45,alt2,20260909364
358,2,set46,alt1,20260909364
359,3,set3,alt1,20260909365
359,3,set4,alt2,20260909365
359,3,set12,alt1,20260909365
359,3,set22,alt1,20260909365
359,3,set24,alt1,20260909365
359,3,set25,alt1,20260909365
359,3,set28,alt1,20260909365
359,3,set29,alt1,20260909365
359,3,set30,alt2,20260909365
359,3,set31,alt2,20260909365
359,3,set39,alt2,20260909365
359,3,set47,alt2,20260909365
360,4,set14,alt1,20260909366
360,4,set15,alt2,20260909366
360,4,set16,alt2,20260909366
360,4,set17,alt2,20260909366
360,4,set20,alt1,20260909366
360,4,set21,alt1,20260909366
360,4,set23,alt1,20260909366
360,4,set26,alt1,20260909366
360,4,set27,alt1,20260909366
360,4,set32,alt1,20260909366
360,4,set34,alt2,20260909366
360,4,set43,alt2,20260909366
361,2,set1,alt2,20260909367
361,2,set2,alt1,20260909367
361,2,set7,alt1,20260909367
361,2,set8,alt1,20260909367
361,2,set10,alt1,20260909367
361,2,set13,alt1,20260909367
361,2,set36,alt2,20260909367
361,2,set38,alt2,20260909367
361,2,set40,alt2,20260909367
361,2,set44,alt1,20260909367
361,2,set45,alt2,20260909367
361,2,set46,alt1,20260909367
362,4,set14,alt1,20260909368
362,4,set15,alt2,20260909368
362,4,set16,alt2,20260909368
362,4,set17,alt2,20260909368
362,4,set20,alt1,20260909368
362,4,set21,alt1,20260909368
362,4,set23,alt1,20260909368
362,4,set26,alt1,20260909368
362,4,set27,alt1,20260909368
362,4,set32,alt1,20260909368
362,4,set34,alt2,20260909368
362,4,set43,alt2,20260909368
363,4,set14,alt1,20260909369
363,4,set15,alt2,20260909369
363,4,set16,alt2,20260909369
363,4,set17,alt2,20260909369
363,4,set20,alt1,20260909369
363,4,set21,alt1,20260909369
363,4,set23,alt1,20260909369
363,4,set26,alt1,20260909369
363,4,set27,alt1,20260909369
363,4,set32,alt1,20260909369
363,4,set34,alt2,20260909369
363,4,set43,alt2,20260909369
364,1,set5,alt2,20260909370
364,1,set6,alt1,20260909370
364,1,set9,alt2,20260909370
364,1,set11,alt2,20260909370
364,1,set18,alt2,20260909370
364,1,set19,alt2,20260909370
364,1,set33,alt1,20260909370
364,1,set35,alt2,20260909370
364,1,set37,alt1,20260909370
364,1,set41,alt1,20260909370
364,1,set42,alt2,20260909370
364,1,set48,alt2,20260909370
365,1,set5,alt2,20260909371
365,1,set6,alt1,20260909371
365,1,set9,alt2,20260909371
365,1,set11,alt2,20260909371
365,1,set18,alt2,20260909371
365,1,set19,alt2,20260909371
365,1,set33,alt1,20260909371
365,1,set35,alt2,20260909371
365,1,set37,alt1,20260909371
365,1,set41,alt1,20260909371
365,1,set42,alt2,20260909371
365,1,set48,alt2,20260909371
366,1,set5,alt2,20260909372
366,1,set6,alt2,20260909372
366,1,set9,alt2,20260909372
366,1,set11,alt2,20260909372
366,1,set18,alt2,20260909372
366,1,set19,alt2,20260909372
366,1,set33,alt1,20260909372
366,1,set35,alt2,20260909372
366,1,set37,alt1,20260909372
366,1,set41,alt2,20260909372
366,1,set42,alt2,20260909372
366,1,set48,alt2,20260909372
367,4,set14,alt1,20260909373
367,4,set15,alt2,20260909373
367,4,set16,alt2,20260909373
367,4,set17,alt2,20260909373
367,4,set20,alt1,20260909373
367,4,set21,alt1,20260909373
367,4,set23,alt1,20260909373
367,4,set26,alt1,20260909373
367,4,set27,alt1,20260909373
367,4,set32,alt1,20260909373
367,4,set34,alt2,20260909373
367,4,set43,alt2,20260909373
368,4,set14,alt1,20260909374
368,4,set15,alt2,20260909374
368,4,set16,alt2,20260909374
368,4,set17,alt2,20260909374
368,4,set20,alt1,20260909374
368,4,set21,alt1,20260909374
368,4,set23,alt1,20260909374
368,4,set26,alt1,20260909374
368,4,set27,alt1,20260909374
368,4,set32,alt1,20260909374
368,4,set34,alt2,20260909374
368,4,set43,alt2,20260909374
369,4,set14,alt1,20260909375
369,4,set15,alt1,20260909375
369,4,set16,alt1,20260909375
369,4,set17,alt1,20260909375
369,4,set20,alt1,20260909375
369,4,set21,alt1,20260909375
369,4,set23,alt1,20260909375
369,4,set26,alt1,20260909375
369,4,set27,alt1,20260909375
369,4,set32,alt1,20260909375
369,4,set34,alt2,20260909375
369,4,set43,alt1,20260909375
370,1,set5,alt2,20260909376
370,1,set6,alt2,20260909376
370,1,set9,alt2,20260909376
370,1,set11,alt2,20260909376
370,1,set18,alt2,20260909376
370,1,set19,alt2,20260909376
370,1,set33,alt1,20260909376
370,1,set35,alt2,20260909376
370,1,set37,alt1,20260909376
370,1,set41,alt2,20260909376
370,1,set42,alt2,20260909376
370,1,set48,alt2,20260909376
371,4,set14,alt1,20260909377
371,4,set15,alt2,20260909377
371,4,set16,alt1,20260909377
371,4,set17,alt2,20260909377
371,4,set20,alt1,20260909377
371,4,set21,alt1,20260909377
371,4,set23,alt1,20260909377
371,4,set26,alt1,20260909377
371,4,set27,alt1,20260909377
371,4,set32,alt1,20260909377
371,4,set34,alt1,20260909377
371,4,set43,alt1,20260909377
372,2,set1,alt2,20260909378
372,2,set2,alt1,20260909378
372,2,set7,alt1,20260909378
372,2,set8,alt1,20260909378
372,2,set10,alt1,20260909378
372,2,set13,alt1,20260909378
372,2,set36,alt2,20260909378
372,2,set38,alt2,20260909378
372,2,set40,alt2,20260909378
372,2,set44,alt1,20260909378
372,2,set45,alt2,20260909378
372,2,set46,alt1,20260909378
373,4,set14,alt1,20260909379
373,4,set15,alt2,20260909379
373,4,set16,alt2,20260909379
373,4,set17,alt2,20260909379
373,4,set20,alt1,20260909379
373,4,set21,alt1,20260909379
373,4,set23,alt1,20260909379
373,4,set26,alt1,20260909379
373,4,set27,alt1,20260909379
373,4,set32,alt1,20260909379
373,4,set34,alt2,20260909379
373,4,set43,alt2,20260909379
374,3,set3,alt1,20260909380
374,3,set4,alt2,20260909380
374,3,set12,alt1,20260909380
374,3,set22,alt1,20260909380
374,3,set24,alt1,20260909380
374,3,set25,alt1,20260909380
374,3,set28,alt1,20260909380
374,3,set29,alt1,20260909380
374,3,set30,alt2,20260909380
374,3,set31,alt2,20260909380
374,3,set39,alt2,20260909380
374,3,set47,alt2,20260909380
375,2,set1,alt2,20260909381
375,2,set2,alt1,20260909381
375,2,set7,alt2,20260909381
375,2,set8,alt1,20260909381
375,2,set10,alt2,20260909381
375,2,set13,alt1,20260909381
375,2,set36,alt2,20260909381
375,2,set38,alt1,20260909381
375,2,set40,alt2,20260909381
375,2,set44,alt2,20260909381
375,2,set45,alt2,20260909381
375,2,set46,alt2,20260909381
376,1,set5,alt1,20260909382
376,1,set6,alt2,20260909382
376,1,set9,alt1,20260909382
376,1,set11,alt2,20260909382
376,1,set18,alt2,20260909382
376,1,set19,alt2,20260909382
376,1,set33,alt1,20260909382
376,1,set35,alt2,20260909382
376,1,set37,alt1,20260909382
376,1,set41,alt1,20260909382
376,1,set42,alt1,20260909382
376,1,set48,alt2,20260909382
377,4,set14,alt2,20260909383
377,4,set15,alt2,20260909383
377,4,set16,alt1,20260909383
377,4,set17,alt1,20260909383
377,4,set20,alt1,20260909383
377,4,set21,alt1,20260909383
377,4,set23,alt1,20260909383
377,4,set26,alt1,20260909383
377,4,set27,alt2,20260909383
377,4,set32,alt1,20260909383
377,4,set34,alt2,20260909383
377,4,set43,alt1,20260909383
378,2,set1,alt2,20260909384
378,2,set2,alt1,20260909384
378,2,set7,alt1,20260909384
378,2,set8,alt1,20260909384
378,2,set10,alt1,20260909384
378,2,set13,alt1,20260909384
378,2,set36,alt2,20260909384
378,2,set38,alt2,20260909384
378,2,set40,alt2,20260909384
378,2,set44,alt1,20260909384
378,2,set45,alt2,20260909384
378,2,set46,alt1,20260909384
379,3,set3,alt1,20260909385
379,3,set4,alt2,20260909385
379,3,set12,alt1,20260909385
379,3,set22,alt1,20260909385
379,3,set24,alt1,20260909385
379,3,set25,alt1,20260909385
379,3,set28,alt1,20260909385
379,3,set29,alt1,20260909385
379,3,set30,alt2,20260909385
379,3,set31,alt2,20260909385
379,3,set39,alt2,20260909385
379,3,set47,alt2,20260909385
380,4,set14,alt1,20260909386
380,4,set15,alt2,20260909386
380,4,set16,alt1,20260909386
380,4,set17,alt2,20260909386
380,4,set20,alt1,20260909386
380,4,set21,alt1,20260909386
380,4,set23,alt1,20260909386
380,4,set26,alt1,20260909386
380,4,set27,alt1,20260909386
380,4,set32,alt1,20260909386
380,4,set34,alt1,20260909386
380,4,set43,alt1,20260909386
381,4,set14,alt1,20260909387
381,4,set15,alt2,20260909387
381,4,set16,alt2,20260909387
381,4,set17,alt2,20260909387
381,4,set20,alt1,20260909387
381,4,set21,alt1,20260909387
381,4,set23,alt1,20260909387
381,4,set26,alt1,20260909387
381,4,set27,alt1,20260909387
381,4,set32,alt1,20260909387
381,4,set34,alt2,20260909387
381,4,set43,alt2,20260909387
382,1,set5,alt2,20260909388
382,1,set6,alt1,20260909388
382,1,set9,alt2,20260909388
382,1,set11,alt2,20260909388
382,1,set18,alt2,20260909388
382,1,set19,alt2,20260909388
382,1,set33,alt1,20260909388
382,1,set35,alt2,20260909388
382,1,set37,alt1,20260909388
382,1,set41,alt1,20260909388
382,1,set42,alt2,20260909388
382,1,set48,alt2,20260909388
383,2,set1,alt2,20260909389
383,2,set2,alt1,20260909389
383,2,set7,alt1,20260909389
383,2,set8,alt1,20260909389
383,2,set10,alt2,20260909389
383,2,set13,alt1,20260909389
383,2,set36,alt2,20260909389
383,2,set38,alt2,20260909389
383,2,set40,alt2,20260909389
383,2,set44,alt1,20260909389
383,2,set45,alt2,20260909389
383,2,set46,alt1,20260909389
384,3,set3,alt1,20260909390
384,3,set4,alt2,20260909390
384,3,set12,alt1,20260909390
384,3,set22,alt1,20260909390
384,3,set24,alt1,20260909390
384,3,set25,alt1,20260909390
384,3,set28,alt1,20260909390
384,3,set29,alt1,20260909390
384,3,set30,alt2,20260909390
384,3,set31,alt2,20260909390
384,3,set39,alt2,20260909390
384,3,set47,alt2,20260909390
385,4,set14,alt1,20260909391
385,4,set15,alt2,20260909391
385,4,set16,alt2,20260909391
385,4,set17,alt2,20260909391
385,4,set20,alt1,20260909391
385,4,set21,alt1,20260909391
385,4,set23,alt1,20260909391
385,4,set26,alt1,20260909391
385,4,set27,alt1,20260909391
385,4,set32,alt1,20260909391
385,4,set34,alt2,20260909391
385,4,set43,alt2,20260909391
386,2,set1,alt2,20260909392
386,2,set2,alt1,20260909392
386,2,set7,alt1,20260909392
386,2,set8,alt1,20260909392
386,2,set10,alt1,20260909392
386,2,set13,alt1,20260909392
386,2,set36,alt2,20260909392
386,2,set38,alt2,20260909392
386,2,set40,alt2,20260909392
386,2,set44,alt1,20260909392
386,2,set45,alt2,20260909392
386,2,set46,alt1,20260909392
387,2,set1,alt2,20260909393
387,2,set2,alt1,20260909393
387,2,set7,alt1,20260909393
387,2,set8,alt1,20260909393
387,2,set10,alt1,20260909393
387,2,set13,alt1,20260909393
387,2,set36,alt1,20260909393
387,2,set38,alt2,20260909393
387,2,set40,alt1,20260909393
387,2,set44,alt2,20260909393
387,2,set45,alt2,20260909393
387,2,set46,alt2,20260909393
388,2,set1,alt2,20260909394
388,2,set2,alt1,20260909394
388,2,set7,alt1,20260909394
388,2,set8,alt1,20260909394
388,2,set10,alt1,20260909394
388,2,set13,alt1,20260909394
388,2,set36,alt2,20260909394
388,2,set38,alt2,20260909394
388,2,set40,alt2,20260909394
388,2,set44,alt1,20260909394
388,2,set45,alt2,20260909394
388,2,set46,alt1,20260909394
389,4,set14,alt1,20260909395
389,4,set15,alt1,20260909395
389,4,set16,alt1,20260909395
389,4,set17,alt1,20260909395
389,4,set20,alt1,20260909395
389,4,set21,alt1,20260909395
389,4,set23,alt1,20260909395
389,4,set26,alt1,20260909395
389,4,set27,alt1,20260909395
389,4,set32,alt1,20260909395
389,4,set34,alt2,20260909395
389,4,set43,alt1,20260909395
390,4,set14,alt2,20260909396
390,4,set15,alt2,20260909396
390,4,set16,alt1,20260909396
390,4,set17,alt1,20260909396
390,4,set20,alt1,20260909396
390,4,set21,alt2,20260909396
390,4,set23,alt1,20260909396
390,4,set26,alt1,20260909396
390,4,set27,alt2,20260909396
390,4,set32,alt1,20260909396
390,4,set34,alt2,20260909396
390,4,set43,alt2,20260909396
391,1,set5,alt2,20260909397
391,1,set6,alt2,20260909397
391,1,set9,alt2,20260909397
391,1,set11,alt2,20260909397
391,1,set18,alt2,20260909397
391,1,set19,alt1,20260909397
391,1,set33,alt1,20260909397
391,1,set35,alt2,20260909397
391,1,set37,alt1,20260909397
391,1,set41,alt2,20260909397
391,1,set42,alt2,20260909397
391,1,set48,alt2,20260909397
392,4,set14,alt1,20260909398
392,4,set15,alt2,20260909398
392,4,set16,alt2,20260909398
392,4,set17,alt2,20260909398
392,4,set20,alt1,20260909398
392,4,set21,alt1,20260909398
392,4,set23,alt1,20260909398
392,4,set26,alt1,20260909398
392,4,set27,alt1,20260909398
392,4,set32,alt1,20260909398
392,4,set34,alt2,20260909398
392,4,set43,alt2,20260909398
393,3,set3,alt1,20260909399
393,3,set4,alt2,20260909399
393,3,set12,alt1,20260909399
393,3,set22,alt1,20260909399
393,3,set24,alt1,20260909399
393,3,set25,alt1,20260909399
393,3,set28,alt1,20260909399
393,3,set29,alt1,20260909399
393,3,set30,alt2,20260909399
393,3,set31,alt2,20260909399
393,3,set39,alt2,20260909399
393,3,set47,alt2,20260909399
394,3,set3,alt1,20260909400
394,3,set4,alt2,20260909400
394,3,set12,alt1,20260909400
394,3,set22,alt1,20260909400
394,3,set24,alt1,20260909400
394,3,set25,alt1,20260909400
394,3,set28,alt1,20260909400
394,3,set29,alt1,20260909400
394,3,set30,alt2,20260909400
394,3,set31,alt2,20260909400
394,3,set39,alt2,20260909400
394,3,set47,alt2,20260909400
395,3,set3,alt2,20260909401
395,3,set4,alt2,20260909401
395,3,set12,alt1,20260909401
395,3,set22,alt2,20260909401
395,3,set24,alt1,20260909401
395,3,set25,alt1,20260909401
395,3,set28,alt1,20260909401
395,3,set29,alt1,20260909401
395,3,set30,alt2,20260909401
395,3,set31,alt2,20260909401
395,3,set39,alt2,20260909401
395,3,set47,alt2,20260909401
396,2,set1,alt2,20260909402
396,2,set2,alt1,20260909402
396,2,set7,alt1,20260909402
396,2,set8,alt1,20260909402
396,2,set10,alt1,20260909402
396,2,set13,alt1,20260909402
396,2,set36,alt2,20260909402
396,2,set38,alt2,20260909402
396,2,set40,alt2,20260909402
396,2,set44,alt1,20260909402
396,2,set45,alt2,20260909402
396,2,set46,alt1,20260909402
397,3,set3,alt2,20260909403
397,3,set4,alt1,20260909403
397,3,set12,alt1,20260909403
397,3,set22,alt2,20260909403
397,3,set24,alt1,20260909403
397,3,set25,alt2,20260909403
397,3,set28,alt2,20260909403
397,3,set29,alt1,20260909403
397,3,set30,alt2,20260909403
397,3,set31,alt1,20260909403
397,3,set39,alt1,20260909403
397,3,set47,alt2,20260909403
398,4,set14,alt2,20260909404
398,4,set15,alt2,20260909404
398,4,set16,alt1,20260909404
398,4,set17,alt1,20260909404
398,4,set20,alt1,20260909404
398,4,set21,alt2,20260909404
398,4,set23,alt1,20260909404
398,4,set26,alt1,20260909404
398,4,set27,alt2,20260909404
398,4,set32,alt1,20260909404
398,4,set34,alt2,20260909404
398,4,set43,alt2,20260909404
399,4,set14,alt2,20260909405
399,4,set15,alt2,20260909405
399,4,set16,alt1,20260909405
399,4,set17,alt1,20260909405
399,4,set20,alt1,20260909405
399,4,set21,alt1,20260909405
399,4,set23,alt1,20260909405
399,4,set26,alt1,20260909405
399,4,set27,alt2,20260909405
399,4,set32,alt1,20260909405
399,4,set34,alt2,20260909405
399,4,set43,alt1,20260909405
400,4,set14,alt1,20260909406
400,4,set15,alt2,20260909406
400,4,set16,alt2,20260909406
400,4,set17,alt2,20260909406
400,4,set20,alt1,20260909406
400,4,set21,alt1,20260909406
400,4,set23,alt1,20260909406
400,4,set26,alt1,20260909406
400,4,set27,alt1,20260909406
400,4,set32,alt1,20260909406
400,4,set34,alt2,20260909406
400,4,set43,alt2,20260909406
401,1,set5,alt2,20260909407
401,1,set6,alt1,20260909407
401,1,set9,alt2,20260909407
401,1,set11,alt2,20260909407
401,1,set18,alt2,20260909407
401,1,set19,alt2,20260909407
401,1,set33,alt1,20260909407
401,1,set35,alt2,20260909407
401,1,set37,alt1,20260909407
401,1,set41,alt1,20260909407
401,1,set42,alt2,20260909407
401,1,set48,alt2,20260909407
402,2,set1,alt2,20260909408
402,2,set2,alt1,20260909408
402,2,set7,alt1,20260909408
402,2,set8,alt1,20260909408
402,2,set10,alt1,20260909408
402,2,set13,alt1,20260909408
402,2,set36,alt2,20260909408
402,2,set38,alt2,20260909408
402,2,set40,alt2,20260909408
402,2,set44,alt1,20260909408
402,2,set45,alt2,20260909408
402,2,set46,alt1,20260909408
403,3,set3,alt2,20260909409
403,3,set4,alt1,20260909409
403,3,set12,alt1,20260909409
403,3,set22,alt2,20260909409
403,3,set24,alt1,20260909409
403,3,set25,alt2,20260909409
403,3,set28,alt2,20260909409
403,3,set29,alt1,20260909409
403,3,set30,alt1,20260909409
403,3,set31,alt2,20260909409
403,3,set39,alt1,20260909409
403,3,set47,alt1,20260909409
404,3,set3,alt2,20260909410
404,3,set4,alt1,20260909410
404,3,set12,alt1,20260909410
404,3,set22,alt2,20260909410
404,3,set24,alt1,20260909410
404,3,set25,alt2,20260909410
404,3,set28,alt2,20260909410
404,3,set29,alt1,20260909410
404,3,set30,alt2,20260909410
404,3,set31,alt1,20260909410
404,3,set39,alt1,20260909410
404,3,set47,alt2,20260909410
405,1,set5,alt2,20260909411
405,1,set6,alt1,20260909411
405,1,set9,alt2,20260909411
405,1,set11,alt2,20260909411
405,1,set18,alt2,20260909411
405,1,set19,alt2,20260909411
405,1,set33,alt1,20260909411
405,1,set35,alt2,20260909411
405,1,set37,alt1,20260909411
405,1,set41,alt1,20260909411
405,1,set42,alt2,20260909411
405,1,set48,alt2,20260909411
406,4,set14,alt1,20260909412
406,4,set15,alt2,20260909412
406,4,set16,alt2,20260909412
406,4,set17,alt2,20260909412
406,4,set20,alt1,20260909412
406,4,set21,alt1,20260909412
406,4,set23,alt1,20260909412
406,4,set26,alt1,20260909412
406,4,set27,alt1,20260909412
406,4,set32,alt1,20260909412
406,4,set34,alt2,20260909412
406,4,set43,alt2,20260909412
407,4,set14,alt1,20260909413
407,4,set15,alt2,20260909413
407,4,set16,alt1,20260909413
407,4,set17,alt2,20260909413
407,4,set20,alt1,20260909413
407,4,set21,alt1,20260909413
407,4,set23,alt1,20260909413
407,4,set26,alt1,20260909413
407,4,set27,alt1,20260909413
407,4,set32,alt1,20260909413
407,4,set34,alt1,20260909413
407,4,set43,alt1,20260909413
408,3,set3,alt2,20260909414
408,3,set4,alt1,20260909414
408,3,set12,alt1,20260909414
408,3,set22,alt2,20260909414
408,3,set24,alt1,20260909414
408,3,set25,alt2,20260909414
408,3,set28,alt2,20260909414
408,3,set29,alt1,20260909414
408,3,set30,alt2,20260909414
408,3,set31,alt1,20260909414
408,3,set39,alt1,20260909414
408,3,set47,alt2,20260909414
409,1,set5,alt2,20260909415
409,1,set6,alt1,20260909415
409,1,set9,alt2,20260909415
409,1,set11,alt2,20260909415
409,1,set18,alt2,20260909415
409,1,set19,alt2,20260909415
409,1,set33,alt1,20260909415
409,1,set35,alt2,20260909415
409,1,set37,alt1,20260909415
409,1,set41,alt1,20260909415
409,1,set42,alt2,20260909415
409,1,set48,alt2,20260909415
410,1,set5,alt2,20260909416
410,1,set6,alt1,20260909416
410,1,set9,alt2,20260909416
410,1,set11,alt2,20260909416
410,1,set18,alt2,20260909416
410,1,set19,alt2,20260909416
410,1,set33,alt1,20260909416
410,1,set35,alt2,20260909416
410,1,set37,alt1,20260909416
410,1,set41,alt1,20260909416
410,1,set42,alt2,20260909416
410,1,set48,alt2,20260909416
411,2,set1,alt2,20260909417
411,2,set2,alt1,20260909417
411,2,set7,alt1,20260909417
411,2,set8,alt1,20260909417
411,2,set10,alt2,20260909417
411,2,set13,alt1,20260909417
411,2,set36,alt2,20260909417
411,2,set38,alt2,20260909417
411,2,set40,alt2,20260909417
411,2,set44,alt1,20260909417
411,2,set45,alt2,20260909417
411,2,set46,alt1,20260909417
412,3,set3,alt2,20260909418
412,3,set4,alt1,20260909418
412,3,set12,alt1,20260909418
412,3,set22,alt2,20260909418
412,3,set24,alt1,20260909418
412,3,set25,alt2,20260909418
412,3,set28,alt2,20260909418
412,3,set29,alt1,20260909418
412,3,set30,alt1,20260909418
412,3,set31,alt2,20260909418
412,3,set39,alt1,20260909418
412,3,set47,alt1,20260909418
413,3,set3,alt1,20260909419
413,3,set4,alt2,20260909419
413,3,set12,alt1,20260909419
413,3,set22,alt1,20260909419
413,3,set24,alt1,20260909419
413,3,set25,alt1,20260909419
413,3,set28,alt1,20260909419
413,3,set29,alt1,20260909419
413,3,set30,alt2,20260909419
413,3,set31,alt2,20260909419
413,3,set39,alt2,20260909419
413,3,set47,alt2,20260909419
414,2,set1,alt2,20260909420
414,2,set2,alt1,20260909420
414,2,set7,alt1,20260909420
414,2,set8,alt1,20260909420
414,2,set10,alt1,20260909420
414,2,set13,alt1,20260909420
414,2,set36,alt2,20260909420
414,2,set38,alt2,20260909420
414,2,set40,alt2,20260909420
414,2,set44,alt1,20260909420
414,2,set45,alt2,20260909420
414,2,set46,alt1,20260909420
415,4,set14,alt1,20260909421
415,4,set15,alt2,20260909421
415,4,set16,alt1,20260909421
415,4,set17,alt2,20260909421
415,4,set20,alt1,20260909421
415,4,set21,alt1,20260909421
415,4,set23,alt1,20260909421
415,4,set26,alt1,20260909421
415,4,set27,alt1,20260909421
415,4,set32,alt1,20260909421
415,4,set34,alt1,20260909421
415,4,set43,alt1,20260909421
416,3,set3,alt1,20260909422
416,3,set4,alt2,20260909422
416,3,set12,alt1,20260909422
416,3,set22,alt1,20260909422
416,3,set24,alt1,20260909422
416,3,set25,alt1,20260909422
416,3,set28,alt1,20260909422
416,3,set29,alt1,20260909422
416,3,set30,alt2,20260909422
416,3,set31,alt2,20260909422
416,3,set39,alt2,20260909422
416,3,set47,alt2,20260909422
417,3,set3,alt1,20260909423
417,3,set4,alt2,20260909423
417,3,set12,alt1,20260909423
417,3,set22,alt1,20260909423
417,3,set24,alt1,20260909423
417,3,set25,alt1,20260909423
417,3,set28,alt1,20260909423
417,3,set29,alt1,20260909423
417,3,set30,alt2,20260909423
417,3,set31,alt2,20260909423
417,3,set39,alt2,20260909423
417,3,set47,alt2,20260909423
418,2,set1,alt2,20260909424
418,2,set2,alt1,20260909424
418,2,set7,alt1,20260909424
418,2,set8,alt1,20260909424
418,2,set10,alt1,20260909424
418,2,set13,alt1,20260909424
418,2,set36,alt2,20260909424
418,2,set38,alt2,20260909424
418,2,set40,alt2,20260909424
418,2,set44,alt1,20260909424
418,2,set45,alt2,20260909424
418,2,set46,alt1,20260909424
419,1,set5,alt2,20260909425
419,1,set6,alt2,20260909425
419,1,set9,alt2,20260909425
419,1,set11,alt2,20260909425
419,1,set18,alt2,20260909425
419,1,set19,alt2,20260909425
419,1,set33,alt1,20260909425
419,1,set35,alt2,20260909425
419,1,set37,alt1,20260909425
419,1,set41,alt2,20260909425
419,1,set42,alt2,20260909425
419,1,set48,alt2,20260909425
420,1,set5,alt2,20260909426
420,1,set6,alt2,20260909426
420,1,set9,alt2,20260909426
420,1,set11,alt2,20260909426
420,1,set18,alt2,20260909426
420,1,set19,alt2,20260909426
420,1,set33,alt1,20260909426
420,1,set35,alt2,20260909426
420,1,set37,alt1,20260909426
420,1,set41,alt2,20260909426
420,1,set42,alt2,20260909426
420,1,set48,alt2,20260909426
421,2,set1,alt2,20260909427
421,2,set2,alt1,20260909427
421,2,set7,alt1,20260909427
421,2,set8,alt1,20260909427
421,2,set10,alt1,20260909427
421,2,set13,alt1,20260909427
421,2,set36,alt2,20260909427
421,2,set38,alt2,20260909427
421,2,set40,alt2,20260909427
421,2,set44,alt1,20260909427
421,2,set45,alt2,20260909427
421,2,set46,alt1,20260909427
422,1,set5,alt2,20260909428
422,1,set6,alt1,20260909428
422,1,set9,alt2,20260909428
422,1,set11,alt2,20260909428
422,1,set18,alt2,20260909428
422,1,set19,alt2,20260909428
422,1,set33,alt1,20260909428
422,1,set35,alt2,20260909428
422,1,set37,alt1,20260909428
422,1,set41,alt1,20260909428
422,1,set42,alt2,20260909428
422,1,set48,alt2,20260909428
423,1,set5,alt1,20260909429
423,1,set6,alt1,20260909429
423,1,set9,alt1,20260909429
423,1,set11,alt2,20260909429
423,1,set18,alt1,20260909429
423,1,set19,alt1,20260909429
423,1,set33,alt2,20260909429
423,1,set35,alt2,20260909429
423,1,set37,alt1,20260909429
423,1,set41,alt1,20260909429
423,1,set42,alt2,20260909429
423,1,set48,alt2,20260909429
424,3,set3,alt2,20260909430
424,3,set4,alt1,20260909430
424,3,set12,alt1,20260909430
424,3,set22,alt2,20260909430
424,3,set24,alt1,20260909430
424,3,set25,alt2,20260909430
424,3,set28,alt2,20260909430
424,3,set29,alt1,20260909430
424,3,set30,alt2,20260909430
424,3,set31,alt1,20260909430
424,3,set39,alt1,20260909430
424,3,set47,alt2,20260909430
425,2,set1,alt2,20260909431
425,2,set2,alt1,20260909431
425,2,set7,alt1,20260909431
425,2,set8,alt1,20260909431
425,2,set10,alt1,20260909431
425,2,set13,alt1,20260909431
425,2,set36,alt2,20260909431
425,2,set38,alt2,20260909431
425,2,set40,alt2,20260909431
425,2,set44,alt1,20260909431
425,2,set45,alt2,20260909431
425,2,set46,alt1,20260909431
426,3,set3,alt1,20260909432
426,3,set4,alt2,20260909432
426,3,set12,alt1,20260909432
426,3,set22,alt1,20260909432
426,3,set24,alt1,20260909432
426,3,set25,alt1,20260909432
426,3,set28,alt1,20260909432
426,3,set29,alt1,20260909432
426,3,set30,alt2,20260909432
426,3,set31,alt2,20260909432
426,3,set39,alt2,20260909432
426,3,set47,alt2,20260909432
427,2,set1,alt2,20260909433
427,2,set2,alt1,20260909433
427,2,set7,alt1,20260909433
427,2,set8,alt1,20260909433
427,2,set10,alt1,20260909433
427,2,set13,alt1,20260909433
427,2,set36,alt2,20260909433
427,2,set38,alt2,20260909433
427,2,set40,alt2,20260909433
427,2,set44,alt1,20260909433
427,2,set45,alt2,20260909433
427,2,set46,alt1,20260909433
428,1,set5,alt2,20260909434
428,1,set6,alt1,20260909434
428,1,set9,alt2,20260909434
428,1,set11,alt2,20260909434
428,1,set18,alt2,20260909434
428,1,set19,alt2,20260909434
428,1,set33,alt1,20260909434
428,1,set35,alt2,20260909434
428,1,set37,alt1,20260909434
428,1,set41,alt1,20260909434
428,1,set42,alt2,20260909434
428,1,set48,alt2,20260909434
429,3,set3,alt2,20260909435
429,3,set4,alt2,20260909435
429,3,set12,alt1,20260909435
429,3,set22,alt2,20260909435
429,3,set24,alt1,20260909435
429,3,set25,alt1,20260909435
429,3,set28,alt1,20260909435
429,3,set29,alt1,20260909435
429,3,set30,alt2,20260909435
429,3,set31,alt2,20260909435
429,3,set39,alt2,20260909435
429,3,set47,alt2,20260909435
430,2,set1,alt2,20260909436
430,2,set2,alt1,20260909436
430,2,set7,alt1,20260909436
430,2,set8,alt1,20260909436
430,2,set10,alt1,20260909436
430,2,set13,alt1,20260909436
430,2,set36,alt2,20260909436
430,2,set38,alt2,20260909436
430,2,set40,alt2,20260909436
430,2,set44,alt1,20260909436
430,2,set45,alt2,20260909436
430,2,set46,alt1,20260909436
431,4,set14,alt1,20260909437
431,4,set15,alt2,20260909437
431,4,set16,alt2,20260909437
431,4,set17,alt2,20260909437
431,4,set20,alt1,20260909437
431,4,set21,alt1,20260909437
431,4,set23,alt1,20260909437
431,4,set26,alt1,20260909437
431,4,set27,alt1,20260909437
431,4,set32,alt1,20260909437
431,4,set34,alt2,20260909437
431,4,set43,alt2,20260909437
432,4,set14,alt1,20260909438
432,4,set15,alt2,20260909438
432,4,set16,alt2,20260909438
432,4,set17,alt2,20260909438
432,4,set20,alt1,20260909438
432,4,set21,alt1,20260909438
432,4,set23,alt1,20260909438
432,4,set26,alt1,20260909438
432,4,set27,alt1,20260909438
432,4,set32,alt1,20260909438
432,4,set34,alt2,20260909438
432,4,set43,alt2,20260909438
433,2,set1,alt2,20260909439
433,2,set2,alt1,20260909439
433,2,set7,alt1,20260909439
433,2,set8,alt1,20260909439
433,2,set10,alt1,20260909439
433,2,set13,alt1,20260909439
433,2,set36,alt2,20260909439
433,2,set38,alt2,20260909439
433,2,set40,alt2,20260909439
433,2,set44,alt1,20260909439
433,2,set45,alt2,20260909439
433,2,set46,alt1,20260909439
434,2,set1,alt2,20260909440
434,2,set2,alt1,20260909440
434,2,set7,alt1,20260909440
434,2,set8,alt1,20260909440
434,2,set10,alt1,20260909440
434,2,set13,alt1,20260909440
434,2,set36,alt2,20260909440
434,2,set38,alt2,20260909440
434,2,set40,alt2,20260909440
434,2,set44,alt1,20260909440
434,2,set45,alt2,20260909440
434,2,set46,alt1,20260909440
435,2,set1,alt2,20260909441
435,2,set2,alt1,20260909441
435,2,set7,alt1,20260909441
435,2,set8,alt1,20260909441
435,2,set10,alt1,20260909441
435,2,set13,alt1,20260909441
435,2,set36,alt2,20260909441
435,2,set38,alt2,20260909441
435,2,set40,alt2,20260909441
435,2,set44,alt1,20260909441
435,2,set45,alt2,20260909441
435,2,set46,alt1,20260909441
436,3,set3,alt2,20260909442
436,3,set4,alt1,20260909442
436,3,set12,alt1,20260909442
436,3,set22,alt2,20260909442
436,3,set24,alt1,20260909442
436,3,set25,alt2,20260909442
436,3,set28,alt2,20260909442
436,3,set29,alt1,20260909442
436,3,set30,alt2,20260909442
436,3,set31,alt1,20260909442
436,3,set39,alt1,20260909442
436,3,set47,alt2,20260909442
437,4,set14,alt1,20260909443
437,4,set15,alt2,20260909443
437,4,set16,alt2,20260909443
437,4,set17,alt2,20260909443
437,4,set20,alt1,20260909443
437,4,set21,alt1,20260909443
437,4,set23,alt1,20260909443
437,4,set26,alt1,20260909443
437,4,set27,alt1,20260909443
437,4,set32,alt1,20260909443
437,4,set34,alt2,20260909443
437,4,set43,alt2,20260909443
438,2,set1,alt2,20260909444
438,2,set2,alt1,20260909444
438,2,set7,alt1,20260909444
438,2,set8,alt1,20260909444
438,2,set10,alt1,20260909444
438,2,set13,alt1,20260909444
438,2,set36,alt2,20260909444
438,2,set38,alt2,20260909444
438,2,set40,alt2,20260909444
438,2,set44,alt1,20260909444
438,2,set45,alt2,20260909444
438,2,set46,alt1,20260909444
439,2,set1,alt2,20260909445
439,2,set2,alt1,20260909445
439,2,set7,alt1,20260909445
439,2,set8,alt1,20260909445
439,2,set10,alt1,20260909445
439,2,set13,alt1,20260909445
439,2,set36,alt2,20260909445
439,2,set38,alt2,20260909445
439,2,set40,alt2,20260909445
439,2,set44,alt1,20260909445
439,2,set45,alt2,20260909445
439,2,set46,alt1,20260909445
440,4,set14,alt1,20260909446
440,4,set15,alt1,20260909446
440,4,set16,alt1,20260909446
440,4,set17,alt1,20260909446
440,4,set20,alt1,20260909446
440,4,set21,alt1,20260909446
440,4,set23,alt1,20260909446
440,4,set26,alt1,20260909446
440,4,set27,alt1,20260909446
440,4,set32,alt1,20260909446
440,4,set34,alt2,20260909446
440,4,set43,alt1,20260909446
441,3,set3,alt2,20260909447
441,3,set4,alt1,20260909447
441,3,set12,alt1,20260909447
441,3,set22,alt2,20260909447
441,3,set24,alt1,20260909447
441,3,set25,alt2,20260909447
441,3,set28,alt2,20260909447
441,3,set29,alt1,20260909447
441,3,set30,alt2,20260909447
441,3,set31,alt1,20260909447
441,3,set39,alt1,20260909447
441,3,set47,alt2,20260909447
442,2,set1,alt2,20260909448
442,2,set2,alt1,20260909448
442,2,set7,alt1,20260909448
442,2,set8,alt1,20260909448
442,2,set10,alt1,20260909448
442,2,set13,alt1,20260909448
442,2,set36,alt2,20260909448
442,2,set38,alt2,20260909448
442,2,set40,alt2,20260909448
442,2,set44,alt1,20260909448
442,2,set45,alt2,20260909448
442,2,set46,alt1,20260909448
443,4,set14,alt1,20260909449
443,4,set15,alt1,20260909449
443,4,set16,alt1,20260909449
443,4,set17,alt1,20260909449
443,4,set20,alt1,20260909449
443,4,set21,alt1,20260909449
443,4,set23,alt1,20260909449
443,4,set26,alt1,20260909449
443,4,set27,alt1,20260909449
443,4,set32,alt1,20260909449
443,4,set34,alt2,20260909449
443,4,set43,alt1,20260909449
444,4,set14,alt2,20260909450
444,4,set15,alt2,20260909450
444,4,set16,alt1,20260909450
444,4,set17,alt1,20260909450
444,4,set20,alt1,20260909450
444,4,set21,alt1,20260909450
444,4,set23,alt1,20260909450
444,4,set26,alt1,20260909450
444,4,set27,alt2,20260909450
444,4,set32,alt1,20260909450
444,4,set34,alt2,20260909450
444,4,set43,alt1,20260909450
445,3,set3,alt1,20260909451
445,3,set4,alt2,20260909451
445,3,set12,alt1,20260909451
445,3,set22,alt1,20260909451
445,3,set24,alt1,20260909451
445,3,set25,alt1,20260909451
445,3,set28,alt1,20260909451
445,3,set29,alt1,20260909451
445,3,set30,alt2,20260909451
445,3,set31,alt2,20260909451
445,3,set39,alt2,20260909451
445,3,set47,alt2,20260909451
446,3,set3,alt1,20260909452
446,3,set4,alt2,20260909452
446,3,set12,alt1,20260909452
446,3,set22,alt1,20260909452
446,3,set24,alt1,20260909452
446,3,set25,alt1,20260909452
446,3,set28,alt1,20260909452
446,3,set29,alt1,20260909452
446,3,set30,alt2,20260909452
446,3,set31,alt2,20260909452
446,3,set39,alt2,20260909452
446,3,set47,alt2,20260909452
447,2,set1,alt2,20260909453
447,2,set2,alt1,20260909453
447,2,set7,alt1,20260909453
447,2,set8,alt1,20260909453
447,2,set10,alt1,20260909453
447,2,set13,alt1,20260909453
447,2,set36,alt2,20260909453
447,2,set38,alt2,20260909453
447,2,set40,alt2,20260909453
447,2,set44,alt1,20260909453
447,2,set45,alt2,20260909453
447,2,set46,alt1,20260909453
448,3,set3,alt2,20260909454
448,3,set4,alt2,20260909454
448,3,set12,alt1,20260909454
448,3,set22,alt2,20260909454
448,3,set24,alt1,20260909454
448,3,set25,alt1,20260909454
448,3,set28,alt1,20260909454
448,3,set29,alt1,20260909454
448,3,set30,alt2,20260909454
448,3,set31,alt2,20260909454
448,3,set39,alt2,20260909454
448,3,set47,alt2,20260909454
449,4,set14,alt1,20260909455
449,4,set15,alt2,20260909455
449,4,set16,alt2,20260909455
449,4,set17,alt2,20260909455
449,4,set20,alt1,20260909455
449,4,set21,alt1,20260909455
449,4,set23,alt1,20260909455
449,4,set26,alt1,20260909455
449,4,set27,alt1,20260909455
449,4,set32,alt1,20260909455
449,4,set34,alt2,20260909455
449,4,set43,alt2,20260909455
450,2,set1,alt2,20260909456
450,2,set2,alt1,20260909456
450,2,set7,alt1,20260909456
450,2,set8,alt1,20260909456
450,2,set10,alt1,20260909456
450,2,set13,alt1,20260909456
450,2,set36,alt2,20260909456
450,2,set38,alt2,20260909456
450,2,set40,alt2,20260909456
450,2,set44,alt1,20260909456
450,2,set45,alt2,20260909456
450,2,set46,alt1,20260909456
451,2,set1,alt2,20260909457
451,2,set2,alt1,20260909457
451,2,set7,alt1,20260909457
451,2,set8,alt1,20260909457
451,2,set10,alt1,20260909457
451,2,set13,alt1,20260909457
451,2,set36,alt2,20260909457
451,2,set38,alt2,20260909457
451,2,set40,alt2,20260909457
451,2,set44,alt1,20260909457
451,2,set45,alt2,20260909457
451,2,set46,alt1,20260909457
452,2,set1,alt2,20260909458
452,2,set2,alt1,20260909458
452,2,set7,alt1,20260909458
452,2,set8,alt1,20260909458
452,2,set10,alt1,20260909458
452,2,set13,alt1,20260909458
452,2,set36,alt2,20260909458
452,2,set38,alt2,20260909458
452,2,set40,alt2,20260909458
452,2,set44,alt1,20260909458
452,2,set45,alt2,20260909458
452,2,set46,alt1,20260909458
453,4,set14,alt1,20260909459
453,4,set15,alt2,20260909459
453,4,set16,alt2,20260909459
453,4,set17,alt2,20260909459
453,4,set20,alt1,20260909459
453,4,set21,alt1,20260909459
453,4,set23,alt1,20260909459
453,4,set26,alt1,20260909459
453,4,set27,alt1,20260909459
453,4,set32,alt1,20260909459
453,4,set34,alt2,20260909459
453,4,set43,alt2,20260909459
454,3,set3,alt2,20260909460
454,3,set4,alt1,20260909460
454,3,set12,alt1,20260909460
454,3,set22,alt2,20260909460
454,3,set24,alt1,20260909460
454,3,set25,alt2,20260909460
454,3,set28,alt2,20260909460
454,3,set29,alt1,20260909460
454,3,set30,alt2,20260909460
454,3,set31,alt1,20260909460
454,3,set39,alt1,20260909460
454,3,set47,alt2,20260909460
455,2,set1,alt2,20260909461
455,2,set2,alt1,20260909461
455,2,set7,alt1,20260909461
455,2,set8,alt1,20260909461
455,2,set10,alt1,20260909461
455,2,set13,alt1,20260909461
455,2,set36,alt2,20260909461
455,2,set38,alt2,20260909461
455,2,set40,alt2,20260909461
455,2,set44,alt1,20260909461
455,2,set45,alt2,20260909461
455,2,set46,alt1,20260909461
456,4,set14,alt1,20260909462
456,4,set15,alt2,20260909462
456,4,set16,alt2,20260909462
456,4,set17,alt2,20260909462
456,4,set20,alt1,20260909462
456,4,set21,alt1,20260909462
456,4,set23,alt1,20260909462
456,4,set26,alt1,20260909462
456,4,set27,alt1,20260909462
456,4,set32,alt1,20260909462
456,4,set34,alt2,20260909462
456,4,set43,alt2,20260909462
457,2,set1,alt2,20260909463
457,2,set2,alt1,20260909463
457,2,set7,alt1,20260909463
457,2,set8,alt1,20260909463
457,2,set10,alt1,20260909463
457,2,set13,alt1,20260909463
457,2,set36,alt2,20260909463
457,2,set38,alt2,20260909463
457,2,set40,alt2,20260909463
457,2,set44,alt1,20260909463
457,2,set45,alt2,20260909463
457,2,set46,alt1,20260909463
458,1,set5,alt1,20260909464
458,1,set6,alt1,20260909464
458,1,set9,alt1,20260909464
458,1,set11,alt2,20260909464
458,1,set18,alt1,20260909464
458,1,set19,alt1,20260909464
458,1,set33,alt2,20260909464
458,1,set35,alt2,20260909464
458,1,set37,alt1,20260909464
458,1,set41,alt1,20260909464
458,1,set42,alt2,20260909464
458,1,set48,alt2,20260909464
459,1,set5,alt2,20260909465
459,1,set6,alt2,20260909465
459,1,set9,alt2,20260909465
459,1,set11,alt2,20260909465
459,1,set18,alt2,20260909465
459,1,set19,alt2,20260909465
459,1,set33,alt1,20260909465
459,1,set35,alt2,20260909465
459,1,set37,alt1,20260909465
459,1,set41,alt2,20260909465
459,1,set42,alt2,20260909465
459,1,set48,alt2,20260909465
460,3,set3,alt1,20260909466
460,3,set4,alt2,20260909466
460,3,set12,alt1,20260909466
460,3,set22,alt1,20260909466
460,3,set24,alt1,20260909466
460,3,set25,alt1,20260909466
460,3,set28,alt1,20260909466
460,3,set29,alt1,20260909466
460,3,set30,alt2,20260909466
460,3,set31,alt2,20260909466
460,3,set39,alt2,20260909466
460,3,set47,alt2,20260909466
461,3,set3,alt1,20260909467
461,3,set4,alt2,20260909467
461,3,set12,alt1,20260909467
461,3,set22,alt1,20260909467
461,3,set24,alt1,20260909467
461,3,set25,alt1,20260909467
461,3,set28,alt1,20260909467
461,3,set29,alt1,20260909467
461,3,set30,alt2,20260909467
461,3,set31,alt2,20260909467
461,3,set39,alt2,20260909467
461,3,set47,alt2,20260909467
462,3,set3,alt1,20260909468
462,3,set4,alt2,20260909468
462,3,set12,alt1,20260909468
462,3,set22,alt1,20260909468
462,3,set24,alt1,20260909468
462,3,set25,alt1,20260909468
462,3,set28,alt1,20260909468
462,3,set29,alt1,20260909468
462,3,set30,alt2,20260909468
462,3,set31,alt2,20260909468
462,3,set39,alt2,20260909468
462,3,set47,alt2,20260909468
463,4,set14,alt1,20260909469
463,4,set15,alt2,20260909469
463,4,set16,alt2,20260909469
463,4,set17,alt2,20260909469
463,4,set20,alt1,20260909469
463,4,set21,alt1,20260909469
463,4,set23,alt1,20260909469
463,4,set26,alt1,20260909469
463,4,set27,alt1,20260909469
463,4,set32,alt1,20260909469
463,4,set34,alt2,20260909469
463,4,set43,alt2,20260909469
464,1,set5,alt1,20260909470
464,1,set6,alt1,20260909470
464,1,set9,alt1,20260909470
464,1,set11,alt2,20260909470
464,1,set18,alt1,20260909470
464,1,set19,alt1,20260909470
464,1,set33,alt2,20260909470
464,1,set35,alt2,20260909470
464,1,set37,alt1,20260909470
464,1,set41,alt1,20260909470
464,1,set42,alt2,20260909470
464,1,set48,alt2,20260909470
465,4,set14,alt2,20260909471
465,4,set15,alt2,20260909471
465,4,set16,alt1,20260909471
465,4,set17,alt1,20260909471
465,4,set20,alt1,20260909471
465,4,set21,alt1,20260909471
465,4,set23,alt1,20260909471
465,4,set26,alt1,20260909471
465,4,set27,alt2,20260909471
465,4,set32,alt1,20260909471
465,4,set34,alt2,20260909471
465,4,set43,alt1,20260909471
466,4,set14,alt1,20260909472
466,4,set15,alt2,20260909472
466,4,set16,alt2,20260909472
466,4,set17,alt2,20260909472
466,4,set20,alt1,20260909472
466,4,set21,alt1,20260909472
466,4,set23,alt1,20260909472
466,4,set26,alt1,20260909472
466,4,set27,alt1,20260909472
466,4,set32,alt1,20260909472
466,4,set34,alt2,20260909472
466,4,set43,alt2,20260909472
467,4,set14,alt1,20260909473
467,4,set15,alt2,20260909473
467,4,set16,alt2,20260909473
467,4,set17,alt2,20260909473
467,4,set20,alt1,20260909473
467,4,set21,alt1,20260909473
467,4,set23,alt1,20260909473
467,4,set26,alt1,20260909473
467,4,set27,alt1,20260909473
467,4,set32,alt1,20260909473
467,4,set34,alt2,20260909473
467,4,set43,alt2,20260909473
468,4,set14,alt1,20260909474
468,4,set15,alt1,20260909474
468,4,set16,alt1,20260909474
468,4,set17,alt1,20260909474
468,4,set20,alt1,20260909474
468,4,set21,alt1,20260909474
468,4,set23,alt1,20260909474
468,4,set26,alt1,20260909474
468,4,set27,alt1,20260909474
468,4,set32,alt1,20260909474
468,4,set34,alt2,20260909474
468,4,set43,alt1,20260909474
469,1,set5,alt2,20260909475
469,1,set6,alt1,20260909475
469,1,set9,alt2,20260909475
469,1,set11,alt2,20260909475
469,1,set18,alt2,20260909475
469,1,set19,alt2,20260909475
469,1,set33,alt1,20260909475
469,1,set35,alt2,20260909475
469,1,set37,alt1,20260909475
469,1,set41,alt1,20260909475
469,1,set42,alt2,20260909475
469,1,set48,alt2,20260909475
470,3,set3,alt2,20260909476
470,3,set4,alt2,20260909476
470,3,set12,alt1,20260909476
470,3,set22,alt2,20260909476
470,3,set24,alt1,20260909476
470,3,set25,alt1,20260909476
470,3,set28,alt1,20260909476
470,3,set29,alt1,20260909476
470,3,set30,alt2,20260909476
470,3,set31,alt2,20260909476
470,3,set39,alt2,20260909476
470,3,set47,alt2,20260909476
471,1,set5,alt2,20260909477
471,1,set6,alt1,20260909477
471,1,set9,alt2,20260909477
471,1,set11,alt2,20260909477
471,1,set18,alt2,20260909477
471,1,set19,alt2,20260909477
471,1,set33,alt1,20260909477
471,1,set35,alt2,20260909477
471,1,set37,alt1,20260909477
471,1,set41,alt1,20260909477
471,1,set42,alt2,20260909477
471,1,set48,alt2,20260909477
472,3,set3,alt1,20260909478
472,3,set4,alt2,20260909478
472,3,set12,alt1,20260909478
472,3,set22,alt1,20260909478
472,3,set24,alt1,20260909478
472,3,set25,alt1,20260909478
472,3,set28,alt1,20260909478
472,3,set29,alt1,20260909478
472,3,set30,alt2,20260909478
472,3,set31,alt2,20260909478
472,3,set39,alt2,20260909478
472,3,set47,alt2,20260909478
473,2,set1,alt2,20260909479
473,2,set2,alt1,20260909479
473,2,set7,alt1,20260909479
473,2,set8,alt1,20260909479
473,2,set10,alt1,20260909479
473,2,set13,alt1,20260909479
473,2,set36,alt2,20260909479
473,2,set38,alt2,20260909479
473,2,set40,alt2,20260909479
473,2,set44,alt1,20260909479
473,2,set45,alt2,20260909479
473,2,set46,alt1,20260909479
474,3,set3,alt1,20260909480
474,3,set4,alt2,20260909480
474,3,set12,alt1,20260909480
474,3,set22,alt1,20260909480
474,3,set24,alt1,20260909480
474,3,set25,alt1,20260909480
474,3,set28,alt1,20260909480
474,3,set29,alt1,20260909480
474,3,set30,alt2,20260909480
474,3,set31,alt2,20260909480
474,3,set39,alt2,20260909480
474,3,set47,alt2,20260909480
475,4,set14,alt2,20260909481
475,4,set15,alt2,20260909481
475,4,set16,alt1,20260909481
475,4,set17,alt1,20260909481
475,4,set20,alt1,20260909481
475,4,set21,alt1,20260909481
475,4,set23,alt1,20260909481
475,4,set26,alt1,20260909481
475,4,set27,alt2,20260909481
475,4,set32,alt1,20260909481
475,4,set34,alt2,20260909481
475,4,set43,alt1,20260909481
476,3,set3,alt1,20260909482
476,3,set4,alt2,20260909482
476,3,set12,alt1,20260909482
476,3,set22,alt1,20260909482
476,3,set24,alt1,20260909482
476,3,set25,alt1,20260909482
476,3,set28,alt1,20260909482
476,3,set29,alt1,20260909482
476,3,set30,alt2,20260909482
476,3,set31,alt2,20260909482
476,3,set39,alt2,20260909482
476,3,set47,alt2,20260909482
477,1,set5,alt2,20260909483
477,1,set6,alt2,20260909483
477,1,set9,alt2,20260909483
477,1,set11,alt2,20260909483
477,1,set18,alt2,20260909483
477,1,set19,alt2,20260909483
477,1,set33,alt1,20260909483
477,1,set35,alt2,20260909483
477,1,set37,alt1,20260909483
477,1,set41,alt2,20260909483
477,1,set42,alt2,20260909483
477,1,set48,alt2,20260909483
478,4,set14,alt1,20260909484
478,4,set15,alt2,20260909484
478,4,set16,alt2,20260909484
478,4,set17,alt2,20260909484
478,4,set20,alt1,20260909484
478,4,set21,alt1,20260909484
478,4,set23,alt1,20260909484
478,4,set26,alt1,20260909484
478,4,set27,alt1,20260909484
478,4,set32,alt1,20260909484
478,4,set34,alt2,20260909484
478,4,set43,alt2,20260909484
479,3,set3,alt2,20260909485
479,3,set4,alt2,20260909485
479,3,set12,alt1,20260909485
479,3,set22,alt2,20260909485
479,3,set24,alt1,20260909485
479,3,set25,alt1,20260909485
479,3,set28,alt1,20260909485
479,3,set29,alt1,20260909485
479,3,set30,alt2,20260909485
479,3,set31,alt2,20260909485
479,3,set39,alt2,20260909485
479,3,set47,alt2,20260909485
480,3,set3,alt1,20260909486
480,3,set4,alt2,20260909486
480,3,set12,alt1,20260909486
480,3,set22,alt1,20260909486
480,3,set24,alt1,20260909486
480,3,set25,alt1,20260909486
480,3,set28,alt1,20260909486
480,3,set29,alt1,20260909486
480,3,set30,alt2,20260909486
480,3,set31,alt2,20260909486
480,3,set39,alt2,20260909486
480,3,set47,alt2,20260909486
481,3,set3,alt1,20260909487
481,3,set4,alt2,20260909487
481,3,set12,alt1,20260909487
481,3,set22,alt1,20260909487
481,3,set24,alt1,20260909487
481,3,set25,alt1,20260909487
481,3,set28,alt1,20260909487
481,3,set29,alt1,20260909487
481,3,set30,alt2,20260909487
481,3,set31,alt2,20260909487
481,3,set39,alt2,20260909487
481,3,set47,alt2,20260909487
482,3,set3,alt2,20260909488
482,3,set4,alt2,20260909488
482,3,set12,alt1,20260909488
482,3,set22,alt2,20260909488
482,3,set24,alt1,20260909488
482,3,set25,alt1,20260909488
482,3,set28,alt1,20260909488
482,3,set29,alt1,20260909488
482,3,set30,alt2,20260909488
482,3,set31,alt2,20260909488
482,3,set39,alt2,20260909488
482,3,set47,alt2,20260909488
483,3,set3,alt1,20260909489
483,3,set4,alt2,20260909489
483,3,set12,alt1,20260909489
483,3,set22,alt1,20260909489
483,3,set24,alt1,20260909489
483,3,set25,alt1,20260909489
483,3,set28,alt1,20260909489
483,3,set29,alt1,20260909489
483,3,set30,alt2,20260909489
483,3,set31,alt2,20260909489
483,3,set39,alt2,20260909489
483,3,set47,alt2,20260909489
484,1,set5,alt2,20260909490
484,1,set6,alt1,20260909490
484,1,set9,alt2,20260909490
484,1,set11,alt2,20260909490
484,1,set18,alt2,20260909490
484,1,set19,alt2,20260909490
484,1,set33,alt1,20260909490
484,1,set35,alt2,20260909490
484,1,set37,alt1,20260909490
484,1,set41,alt1,20260909490
484,1,set42,alt2,20260909490
484,1,set48,alt2,20260909490
485,1,set5,alt2,20260909491
485,1,set6,alt1,20260909491
485,1,set9,alt2,20260909491
485,1,set11,alt2,20260909491
485,1,set18,alt2,20260909491
485,1,set19,alt2,20260909491
485,1,set33,alt1,20260909491
485,1,set35,alt2,20260909491
485,1,set37,alt1,20260909491
485,1,set41,alt1,20260909491
485,1,set42,alt2,20260909491
485,1,set48,alt2,20260909491
486,4,set14,alt1,20260909492
486,4,set15,alt2,20260909492
486,4,set16,alt2,20260909492
486,4,set17,alt2,20260909492
486,4,set20,alt1,20260909492
486,4,set21,alt1,20260909492
486,4,set23,alt1,20260909492
486,4,set26,alt1,20260909492
486,4,set27,alt1,20260909492
486,4,set32,alt1,20260909492
486,4,set34,alt2,20260909492
486,4,set43,alt2,20260909492
487,1,set5,alt1,20260909493
487,1,set6,alt1,20260909493
487,1,set9,alt1,20260909493
487,1,set11,alt2,20260909493
487,1,set18,alt1,20260909493
487,1,set19,alt1,20260909493
487,1,set33,alt2,20260909493
487,1,set35,alt2,20260909493
487,1,set37,alt1,20260909493
487,1,set41,alt1,20260909493
487,1,set42,alt2,20260909493
487,1,set48,alt2,20260909493
488,2,set1,alt2,20260909494
488,2,set2,alt1,20260909494
488,2,set7,alt1,20260909494
488,2,set8,alt1,20260909494
488,2,set10,alt2,20260909494
488,2,set13,alt1,20260909494
488,2,set36,alt2,20260909494
488,2,set38,alt2,20260909494
488,2,set40,alt2,20260909494
488,2,set44,alt2,20260909494
488,2,set45,alt2,20260909494
488,2,set46,alt2,20260909494
489,3,set3,alt2,20260909495
489,3,set4,alt2,20260909495
489,3,set12,alt1,20260909495
489,3,set22,alt2,20260909495
489,3,set24,alt1,20260909495
489,3,set25,alt1,20260909495
489,3,set28,alt1,20260909495
489,3,set29,alt1,20260909495
489,3,set30,alt2,20260909495
489,3,set31,alt2,20260909495
489,3,set39,alt2,20260909495
489,3,set47,alt2,20260909495
490,3,set3,alt1,20260909496
490,3,set4,alt2,20260909496
490,3,set12,alt1,20260909496
490,3,set22,alt1,20260909496
490,3,set24,alt1,20260909496
490,3,set25,alt1,20260909496
490,3,set28,alt1,20260909496
490,3,set29,alt1,20260909496
490,3,set30,alt2,20260909496
490,3,set31,alt2,20260909496
490,3,set39,alt2,20260909496
490,3,set47,alt2,20260909496
491,3,set3,alt1,20260909497
491,3,set4,alt2,20260909497
491,3,set12,alt1,20260909497
491,3,set22,alt1,20260909497
491,3,set24,alt1,20260909497
491,3,set25,alt1,20260909497
491,3,set28,alt1,20260909497
491,3,set29,alt1,20260909497
491,3,set30,alt2,20260909497
491,3,set31,alt2,20260909497
491,3,set39,alt2,20260909497
491,3,set47,alt2,20260909497
492,4,set14,alt1,20260909498
492,4,set15,alt2,20260909498
492,4,set16,alt2,20260909498
492,4,set17,alt2,20260909498
492,4,set20,alt1,20260909498
492,4,set21,alt1,20260909498
492,4,set23,alt1,20260909498
492,4,set26,alt1,20260909498
492,4,set27,alt1,20260909498
492,4,set32,alt1,20260909498
492,4,set34,alt2,20260909498
492,4,set43,alt2,20260909498
493,4,set14,alt1,20260909499
493,4,set15,alt2,20260909499
493,4,set16,alt2,20260909499
493,4,set17,alt2,20260909499
493,4,set20,alt1,20260909499
493,4,set21,alt1,20260909499
493,4,set23,alt1,20260909499
493,4,set26,alt1,20260909499
493,4,set27,alt1,20260909499
493,4,set32,alt1,20260909499
493,4,set34,alt2,20260909499
493,4,set43,alt2,20260909499
494,1,set5,alt2,20260909500
494,1,set6,alt1,20260909500
494,1,set9,alt2,20260909500
494,1,set11,alt2,20260909500
494,1,set18,alt2,20260909500
494,1,set19,alt2,20260909500
494,1,set33,alt1,20260909500
494,1,set35,alt2,20260909500
494,1,set37,alt1,20260909500
494,1,set41,alt1,20260909500
494,1,set42,alt2,20260909500
494,1,set48,alt2,20260909500
495,1,set5,alt2,20260909501
495,1,set6,alt1,20260909501
495,1,set9,alt2,20260909501
495,1,set11,alt2,20260909501
495,1,set18,alt2,20260909501
495,1,set19,alt2,20260909501
495,1,set33,alt1,20260909501
495,1,set35,alt2,20260909501
495,1,set37,alt1,20260909501
495,1,set41,alt1,20260909501
495,1,set42,alt2,20260909501
495,1,set48,alt2,20260909501
496,3,set3,alt1,20260909502
496,3,set4,alt2,20260909502
496,3,set12,alt1,20260909502
496,3,set22,alt1,20260909502
496,3,set24,alt1,20260909502
496,3,set25,alt1,20260909502
496,3,set28,alt1,20260909502
496,3,set29,alt1,20260909502
496,3,set30,alt2,20260909502
496,3,set31,alt2,20260909502
496,3,set39,alt2,20260909502
496,3,set47,alt2,20260909502
497,4,set14,alt1,20260909503
497,4,set15,alt2,20260909503
497,4,set16,alt2,20260909503
497,4,set17,alt2,20260909503
497,4,set20,alt1,20260909503
497,4,set21,alt1,20260909503
497,4,set23,alt1,20260909503
497,4,set26,alt1,20260909503
497,4,set27,alt1,20260909503
497,4,set32,alt1,20260909503
497,4,set34,alt2,20260909503
497,4,set43,alt2,20260909503
498,3,set3,alt2,20260909504
498,3,set4,alt2,20260909504
498,3,set12,alt1,20260909504
498,3,set22,alt2,20260909504
498,3,set24,alt1,20260909504
498,3,set25,alt1,20260909504
498,3,set28,alt1,20260909504
498,3,set29,alt1,20260909504
498,3,set30,alt2,20260909504
498,3,set31,alt2,20260909504
498,3,set39,alt2,20260909504
498,3,set47,alt2,20260909504
499,3,set3,alt1,20260909505
499,3,set4,alt2,20260909505
499,3,set12,alt1,20260909505
499,3,set22,alt1,20260909505
499,3,set24,alt1,20260909505
499,3,set25,alt1,20260909505
499,3,set28,alt1,20260909505
499,3,set29,alt1,20260909505
499,3,set30,alt2,20260909505
499,3,set31,alt2,20260909505
499,3,set39,alt2,20260909505
499,3,set47,alt2,20260909505
500,4,set14,alt1,20260909506
500,4,set15,alt1,20260909506
500,4,set16,alt1,20260909506
500,4,set17,alt1,20260909506
500,4,set20,alt1,20260909506
500,4,set21,alt1,20260909506
500,4,set23,alt1,20260909506
500,4,set26,alt1,20260909506
500,4,set27,alt1,20260909506
500,4,set32,alt1,20260909506
500,4,set34,alt2,20260909506
500,4,set43,alt1,20260909506
501,3,set3,alt1,20260909507
501,3,set4,alt2,20260909507
501,3,set12,alt1,20260909507
501,3,set22,alt1,20260909507
501,3,set24,alt1,20260909507
501,3,set25,alt1,20260909507
501,3,set28,alt1,20260909507
501,3,set29,alt1,20260909507
501,3,set30,alt2,20260909507
501,3,set31,alt2,20260909507
501,3,set39,alt2,20260909507
501,3,set47,alt2,20260909507
502,2,set1,alt2,20260909508
502,2,set2,alt1,20260909508
502,2,set7,alt1,20260909508
502,2,set8,alt1,20260909508
502,2,set10,alt1,20260909508
502,2,set13,alt1,20260909508
502,2,set36,alt2,20260909508
502,2,set38,alt2,20260909508
502,2,set40,alt2,20260909508
502,2,set44,alt1,20260909508
502,2,set45,alt2,20260909508
502,2,set46,alt1,20260909508
503,1,set5,alt2,20260909509
503,1,set6,alt1,20260909509
503,1,set9,alt2,20260909509
503,1,set11,alt2,20260909509
503,1,set18,alt2,20260909509
503,1,set19,alt2,20260909509
503,1,set33,alt1,20260909509
503,1,set35,alt2,20260909509
503,1,set37,alt1,20260909509
503,1,set41,alt1,20260909509
503,1,set42,alt2,20260909509
503,1,set48,alt2,20260909509
504,2,set1,alt2,20260909510
504,2,set2,alt1,20260909510
504,2,set7,alt1,20260909510
504,2,set8,alt1,20260909510
504,2,set10,alt1,20260909510
504,2,set13,alt1,20260909510
504,2,set36,alt2,20260909510
504,2,set38,alt2,20260909510
504,2,set40,alt2,20260909510
504,2,set44,alt1,20260909510
504,2,set45,alt2,20260909510
504,2,set46,alt1,20260909510
505,2,set1,alt2,20260909511
505,2,set2,alt1,20260909511
505,2,set7,alt1,20260909511
505,2,set8,alt1,20260909511
505,2,set10,alt1,20260909511
505,2,set13,alt1,20260909511
505,2,set36,alt2,20260909511
505,2,set38,alt2,20260909511
505,2,set40,alt2,20260909511
505,2,set44,alt1,20260909511
505,2,set45,alt2,20260909511
505,2,set46,alt1,20260909511
506,3,set3,alt2,20260909512
506,3,set4,alt2,20260909512
506,3,set12,alt1,20260909512
506,3,set22,alt2,20260909512
506,3,set24,alt1,20260909512
506,3,set25,alt1,20260909512
506,3,set28,alt1,20260909512
506,3,set29,alt1,20260909512
506,3,set30,alt2,20260909512
506,3,set31,alt2,20260909512
506,3,set39,alt2,20260909512
506,3,set47,alt2,20260909512
507,2,set1,alt2,20260909513
507,2,set2,alt1,20260909513
507,2,set7,alt1,20260909513
507,2,set8,alt1,20260909513
507,2,set10,alt2,20260909513
507,2,set13,alt1,20260909513
507,2,set36,alt2,20260909513
507,2,set38,alt2,20260909513
507,2,set40,alt2,20260909513
507,2,set44,alt1,20260909513
507,2,set45,alt2,20260909513
507,2,set46,alt1,20260909513
508,2,set1,alt2,20260909514
508,2,set2,alt1,20260909514
508,2,set7,alt2,20260909514
508,2,set8,alt1,20260909514
508,2,set10,alt2,20260909514
508,2,set13,alt1,20260909514
508,2,set36,alt2,20260909514
508,2,set38,alt1,20260909514
508,2,set40,alt2,20260909514
508,2,set44,alt2,20260909514
508,2,set45,alt2,20260909514
508,2,set46,alt2,20260909514
509,3,set3,alt2,20260909515
509,3,set4,alt1,20260909515
509,3,set12,alt1,20260909515
509,3,set22,alt2,20260909515
509,3,set24,alt1,20260909515
509,3,set25,alt2,20260909515
509,3,set28,alt2,20260909515
509,3,set29,alt1,20260909515
509,3,set30,alt1,20260909515
509,3,set31,alt2,20260909515
509,3,set39,alt1,20260909515
509,3,set47,alt1,20260909515
510,3,set3,alt2,20260909516
510,3,set4,alt2,20260909516
510,3,set12,alt1,20260909516
510,3,set22,alt2,20260909516
510,3,set24,alt1,20260909516
510,3,set25,alt1,20260909516
510,3,set28,alt1,20260909516
510,3,set29,alt1,20260909516
510,3,set30,alt2,20260909516
510,3,set31,alt2,20260909516
510,3,set39,alt2,20260909516
510,3,set47,alt2,20260909516
511,1,set5,alt2,20260909517
511,1,set6,alt1,20260909517
511,1,set9,alt2,20260909517
511,1,set11,alt2,20260909517
511,1,set18,alt2,20260909517
511,1,set19,alt2,20260909517
511,1,set33,alt1,20260909517
511,1,set35,alt2,20260909517
511,1,set37,alt1,20260909517
511,1,set41,alt1,20260909517
511,1,set42,alt2,20260909517
511,1,set48,alt2,20260909517
512,2,set1,alt2,20260909518
512,2,set2,alt1,20260909518
512,2,set7,alt1,20260909518
512,2,set8,alt1,20260909518
512,2,set10,alt1,20260909518
512,2,set13,alt1,20260909518
512,2,set36,alt2,20260909518
512,2,set38,alt2,20260909518
512,2,set40,alt2,20260909518
512,2,set44,alt1,20260909518
512,2,set45,alt2,20260909518
512,2,set46,alt1,20260909518
513,3,set3,alt2,20260909519
513,3,set4,alt2,20260909519
513,3,set12,alt1,20260909519
513,3,set22,alt2,20260909519
513,3,set24,alt1,20260909519
513,3,set25,alt1,20260909519
513,3,set28,alt1,20260909519
513,3,set29,alt1,20260909519
513,3,set30,alt2,20260909519
513,3,set31,alt2,20260909519
513,3,set39,alt2,20260909519
513,3,set47,alt2,20260909519
514,2,set1,alt2,20260909520
514,2,set2,alt1,20260909520
514,2,set7,alt1,20260909520
514,2,set8,alt1,20260909520
514,2,set10,alt1,20260909520
514,2,set13,alt1,20260909520
514,2,set36,alt2,20260909520
514,2,set38,alt2,20260909520
514,2,set40,alt2,20260909520
514,2,set44,alt1,20260909520
514,2,set45,alt2,20260909520
514,2,set46,alt1,20260909520
515,1,set5,alt2,20260909521
515,1,set6,alt1,20260909521
515,1,set9,alt2,20260909521
515,1,set11,alt2,20260909521
515,1,set18,alt2,20260909521
515,1,set19,alt2,20260909521
515,1,set33,alt1,20260909521
515,1,set35,alt2,20260909521
515,1,set37,alt1,20260909521
515,1,set41,alt1,20260909521
515,1,set42,alt2,20260909521
515,1,set48,alt2,20260909521
516,1,set5,alt2,20260909522
516,1,set6,alt1,20260909522
516,1,set9,alt2,20260909522
516,1,set11,alt2,20260909522
516,1,set18,alt2,20260909522
516,1,set19,alt2,20260909522
516,1,set33,alt1,20260909522
516,1,set35,alt2,20260909522
516,1,set37,alt1,20260909522
516,1,set41,alt1,20260909522
516,1,set42,alt2,20260909522
516,1,set48,alt2,20260909522
517,1,set5,alt2,20260909523
517,1,set6,alt2,20260909523
517,1,set9,alt2,20260909523
517,1,set11,alt2,20260909523
517,1,set18,alt2,20260909523
517,1,set19,alt2,20260909523
517,1,set33,alt1,20260909523
517,1,set35,alt2,20260909523
517,1,set37,alt1,20260909523
517,1,set41,alt2,20260909523
517,1,set42,alt2,20260909523
517,1,set48,alt2,20260909523
518,3,set3,alt2,20260909524
518,3,set4,alt2,20260909524
518,3,set12,alt1,20260909524
518,3,set22,alt2,20260909524
518,3,set24,alt1,20260909524
518,3,set25,alt1,20260909524
518,3,set28,alt1,20260909524
518,3,set29,alt1,20260909524
518,3,set30,alt2,20260909524
518,3,set31,alt2,20260909524
518,3,set39,alt2,20260909524
518,3,set47,alt2,20260909524
519,3,set3,alt1,20260909525
519,3,set4,alt2,20260909525
519,3,set12,alt1,20260909525
519,3,set22,alt1,20260909525
519,3,set24,alt1,20260909525
519,3,set25,alt1,20260909525
519,3,set28,alt1,20260909525
519,3,set29,alt1,20260909525
519,3,set30,alt2,20260909525
519,3,set31,alt2,20260909525
519,3,set39,alt2,20260909525
519,3,set47,alt2,20260909525
520,1,set5,alt2,20260909526
520,1,set6,alt1,20260909526
520,1,set9,alt2,20260909526
520,1,set11,alt2,20260909526
520,1,set18,alt2,20260909526
520,1,set19,alt2,20260909526
520,1,set33,alt1,20260909526
520,1,set35,alt2,20260909526
520,1,set37,alt1,20260909526
520,1,set41,alt1,20260909526
520,1,set42,alt2,20260909526
520,1,set48,alt2,20260909526
521,4,set14,alt1,20260909527
521,4,set15,alt2,20260909527
521,4,set16,alt2,20260909527
521,4,set17,alt2,20260909527
521,4,set20,alt1,20260909527
521,4,set21,alt1,20260909527
521,4,set23,alt1,20260909527
521,4,set26,alt1,20260909527
521,4,set27,alt1,20260909527
521,4,set32,alt1,20260909527
521,4,set34,alt2,20260909527
521,4,set43,alt2,20260909527
522,2,set1,alt2,20260909528
522,2,set2,alt1,20260909528
522,2,set7,alt1,20260909528
522,2,set8,alt1,20260909528
522,2,set10,alt2,20260909528
522,2,set13,alt1,20260909528
522,2,set36,alt2,20260909528
522,2,set38,alt2,20260909528
522,2,set40,alt2,20260909528
522,2,set44,alt2,20260909528
522,2,set45,alt2,20260909528
522,2,set46,alt2,20260909528
523,2,set1,alt2,20260909529
523,2,set2,alt1,20260909529
523,2,set7,alt1,20260909529
523,2,set8,alt1,20260909529
523,2,set10,alt1,20260909529
523,2,set13,alt1,20260909529
523,2,set36,alt2,20260909529
523,2,set38,alt2,20260909529
523,2,set40,alt2,20260909529
523,2,set44,alt1,20260909529
523,2,set45,alt2,20260909529
523,2,set46,alt1,20260909529
524,3,set3,alt1,20260909530
524,3,set4,alt2,20260909530
524,3,set12,alt1,20260909530
524,3,set22,alt1,20260909530
524,3,set24,alt1,20260909530
524,3,set25,alt1,20260909530
524,3,set28,alt1,20260909530
524,3,set29,alt1,20260909530
524,3,set30,alt2,20260909530
524,3,set31,alt2,20260909530
524,3,set39,alt2,20260909530
524,3,set47,alt2,20260909530
525,2,set1,alt2,20260909531
525,2,set2,alt1,20260909531
525,2,set7,alt2,20260909531
525,2,set8,alt1,20260909531
525,2,set10,alt2,20260909531
525,2,set13,alt1,20260909531
525,2,set36,alt2,20260909531
525,2,set38,alt1,20260909531
525,2,set40,alt2,20260909531
525,2,set44,alt2,20260909531
525,2,set45,alt2,20260909531
525,2,set46,alt2,20260909531
526,4,set14,alt2,20260909532
526,4,set15,alt2,20260909532
526,4,set16,alt1,20260909532
526,4,set17,alt1,20260909532
526,4,set20,alt1,20260909532
526,4,set21,alt1,20260909532
526,4,set23,alt1,20260909532
526,4,set26,alt1,20260909532
526,4,set27,alt2,20260909532
526,4,set32,alt1,20260909532
526,4,set34,alt2,20260909532
526,4,set43,alt1,20260909532
527,2,set1,alt2,20260909533
527,2,set2,alt1,20260909533
527,2,set7,alt1,20260909533
527,2,set8,alt1,20260909533
527,2,set10,alt1,20260909533
527,2,set13,alt1,20260909533
527,2,set36,alt2,20260909533
527,2,set38,alt2,20260909533
527,2,set40,alt2,20260909533
527,2,set44,alt1,20260909533
527,2,set45,alt2,20260909533
527,2,set46,alt1,20260909533
528,4,set14,alt1,20260909534
528,4,set15,alt2,20260909534
528,4,set16,alt2,20260909534
528,4,set17,alt2,20260909534
528,4,set20,alt1,20260909534
528,4,set21,alt1,20260909534
528,4,set23,alt1,20260909534
528,4,set26,alt1,20260909534
528,4,set27,alt1,20260909534
528,4,set32,alt1,20260909534
528,4,set34,alt2,20260909534
528,4,set43,alt2,20260909534
529,1,set5,alt2,20260909535
529,1,set6,alt2,20260909535
529,1,set9,alt2,20260909535
529,1,set11,alt2,20260909535
529,1,set18,alt2,20260909535
529,1,set19,alt2,20260909535
529,1,set33,alt1,20260909535
529,1,set35,alt2,20260909535
529,1,set37,alt1,20260909535
529,1,set41,alt2,20260909535
529,1,set42,alt2,20260909535
529,1,set48,alt2,20260909535
530,2,set1,alt2,20260909536
530,2,set2,alt1,20260909536
530,2,set7,alt1,20260909536
530,2,set8,alt1,20260909536
530,2,set10,alt2,20260909536
530,2,set13,alt1,20260909536
530,2,set36,alt2,20260909536
530,2,set38,alt2,20260909536
530,2,set40,alt2,20260909536
530,2,set44,alt1,20260909536
530,2,set45,alt2,20260909536
530,2,set46,alt1,20260909536
531,1,set5,alt2,20260909537
531,1,set6,alt1,20260909537
531,1,set9,alt2,20260909537
531,1,set11,alt2,20260909537
531,1,set18,alt2,20260909537
531,1,set19,alt2,20260909537
531,1,set33,alt1,20260909537
531,1,set35,alt2,20260909537
531,1,set37,alt1,20260909537
531,1,set41,alt1,20260909537
531,1,set42,alt2,20260909537
531,1,set48,alt2,20260909537
532,3,set3,alt1,20260909538
532,3,set4,alt2,20260909538
532,3,set12,alt1,20260909538
532,3,set22,alt1,20260909538
532,3,set24,alt1,20260909538
532,3,set25,alt1,20260909538
532,3,set28,alt1,20260909538
532,3,set29,alt1,20260909538
532,3,set30,alt2,20260909538
532,3,set31,alt2,20260909538
532,3,set39,alt2,20260909538
532,3,set47,alt2,20260909538
533,4,set14,alt1,20260909539
533,4,set15,alt2,20260909539
533,4,set16,alt2,20260909539
533,4,set17,alt2,20260909539
533,4,set20,alt1,20260909539
533,4,set21,alt1,20260909539
533,4,set23,alt1,20260909539
533,4,set26,alt1,20260909539
533,4,set27,alt1,20260909539
533,4,set32,alt1,20260909539
533,4,set34,alt2,20260909539
533,4,set43,alt2,20260909539
534,2,set1,alt2,20260909540
534,2,set2,alt1,20260909540
534,2,set7,alt1,20260909540
534,2,set8,alt1,20260909540
534,2,set10,alt1,20260909540
534,2,set13,alt1,20260909540
534,2,set36,alt2,20260909540
534,2,set38,alt2,20260909540
534,2,set40,alt2,20260909540
534,2,set44,alt1,20260909540
534,2,set45,alt2,20260909540
534,2,set46,alt1,20260909540
535,1,set5,alt1,20260909541
535,1,set6,alt1,20260909541
535,1,set9,alt1,20260909541
535,1,set11,alt2,20260909541
535,1,set18,alt1,20260909541
535,1,set19,alt1,20260909541
535,1,set33,alt2,20260909541
535,1,set35,alt2,20260909541
535,1,set37,alt1,20260909541
535,1,set41,alt1,20260909541
535,1,set42,alt2,20260909541
535,1,set48,alt2,20260909541
536,3,set3,alt2,20260909542
536,3,set4,alt1,20260909542
536,3,set12,alt1,20260909542
536,3,set22,alt2,20260909542
536,3,set24,alt1,20260909542
536,3,set25,alt2,20260909542
536,3,set28,alt2,20260909542
536,3,set29,alt1,20260909542
536,3,set30,alt2,20260909542
536,3,set31,alt1,20260909542
536,3,set39,alt1,20260909542
536,3,set47,alt2,20260909542
537,1,set5,alt2,20260909543
537,1,set6,alt2,20260909543
537,1,set9,alt2,20260909543
537,1,set11,alt2,20260909543
537,1,set18,alt2,20260909543
537,1,set19,alt2,20260909543
537,1,set33,alt1,20260909543
537,1,set35,alt2,20260909543
537,1,set37,alt1,20260909543
537,1,set41,alt2,20260909543
537,1,set42,alt2,20260909543
537,1,set48,alt2,20260909543
538,2,set1,alt2,20260909544
538,2,set2,alt1,20260909544
538,2,set7,alt2,20260909544
538,2,set8,alt1,20260909544
538,2,set10,alt2,20260909544
538,2,set13,alt1,20260909544
538,2,set36,alt2,20260909544
538,2,set38,alt1,20260909544
538,2,set40,alt2,20260909544
538,2,set44,alt2,20260909544
538,2,set45,alt2,20260909544
538,2,set46,alt2,20260909544
539,3,set3,alt2,20260909545
539,3,set4,alt1,20260909545
539,3,set12,alt1,20260909545
539,3,set22,alt2,20260909545
539,3,set24,alt1,20260909545
539,3,set25,alt2,20260909545
539,3,set28,alt2,20260909545
539,3,set29,alt1,20260909545
539,3,set30,alt2,20260909545
539,3,set31,alt1,20260909545
539,3,set39,alt1,20260909545
539,3,set47,alt2,20260909545
540,2,set1,alt2,20260909546
540,2,set2,alt1,20260909546
540,2,set7,alt1,20260909546
540,2,set8,alt1,20260909546
540,2,set10,alt1,20260909546
540,2,set13,alt1,20260909546
540,2,set36,alt2,20260909546
540,2,set38,alt2,20260909546
540,2,set40,alt2,20260909546
540,2,set44,alt1,20260909546
540,2,set45,alt2,20260909546
540,2,set46,alt1,20260909546
541,4,set14,alt1,20260909547
541,4,set15,alt2,20260909547
541,4,set16,alt2,20260909547
541,4,set17,alt2,20260909547
541,4,set20,alt1,20260909547
541,4,set21,alt1,20260909547
541,4,set23,alt1,20260909547
541,4,set26,alt1,20260909547
541,4,set27,alt1,20260909547
541,4,set32,alt1,20260909547
541,4,set34,alt2,20260909547
541,4,set43,alt2,20260909547
542,4,set14,alt1,20260909548
542,4,set15,alt1,20260909548
542,4,set16,alt1,20260909548
542,4,set17,alt1,20260909548
542,4,set20,alt1,20260909548
542,4,set21,alt1,20260909548
542,4,set23,alt1,20260909548
542,4,set26,alt1,20260909548
542,4,set27,alt1,20260909548
542,4,set32,alt1,20260909548
542,4,set34,alt2,20260909548
542,4,set43,alt1,20260909548
543,2,set1,alt2,20260909549
543,2,set2,alt1,20260909549
543,2,set7,alt1,20260909549
543,2,set8,alt1,20260909549
543,2,set10,alt1,20260909549
543,2,set13,alt1,20260909549
543,2,set36,alt2,20260909549
543,2,set38,alt2,20260909549
543,2,set40,alt2,20260909549
543,2,set44,alt1,20260909549
543,2,set45,alt2,20260909549
543,2,set46,alt1,20260909549
544,2,set1,alt2,20260909550
544,2,set2,alt1,20260909550
544,2,set7,alt1,20260909550
544,2,set8,alt1,20260909550
544,2,set10,alt1,20260909550
544,2,set13,alt1,20260909550
544,2,set36,alt2,20260909550
544,2,set38,alt2,20260909550
544,2,set40,alt2,20260909550
544,2,set44,alt1,20260909550
544,2,set45,alt2,20260909550
544,2,set46,alt1,20260909550
545,4,set14,alt1,20260909551
545,4,set15,alt2,20260909551
545,4,set16,alt2,20260909551
545,4,set17,alt2,20260909551
545,4,set20,alt1,20260909551
545,4,set21,alt1,20260909551
545,4,set23,alt1,20260909551
545,4,set26,alt1,20260909551
545,4,set27,alt1,20260909551
545,4,set32,alt1,20260909551
545,4,set34,alt2,20260909551
545,4,set43,alt2,20260909551
546,1,set5,alt2,20260909552
546,1,set6,alt1,20260909552
546,1,set9,alt2,20260909552
546,1,set11,alt2,20260909552
546,1,set18,alt2,20260909552
546,1,set19,alt2,20260909552
546,1,set33,alt1,20260909552
546,1,set35,alt2,20260909552
546,1,set37,alt1,20260909552
546,1,set41,alt1,20260909552
546,1,set42,alt2,20260909552
546,1,set48,alt2,20260909552
547,2,set1,alt2,20260909553
547,2,set2,alt1,20260909553
547,2,set7,alt2,20260909553
547,2,set8,alt1,20260909553
547,2,set10,alt2,20260909553
547,2,set13,alt1,20260909553
547,2,set36,alt2,20260909553
547,2,set38,alt1,20260909553
547,2,set40,alt2,20260909553
547,2,set44,alt2,20260909553
547,2,set45,alt2,20260909553
547,2,set46,alt2,20260909553
548,2,set1,alt2,20260909554
548,2,set2,alt1,20260909554
548,2,set7,alt1,20260909554
548,2,set8,alt1,20260909554
548,2,set10,alt1,20260909554
548,2,set13,alt1,20260909554
548,2,set36,alt2,20260909554
548,2,set38,alt2,20260909554
548,2,set40,alt2,20260909554
548,2,set44,alt1,20260909554
548,2,set45,alt2,20260909554
548,2,set46,alt1,20260909554
549,1,set5,alt2,20260909555
549,1,set6,alt2,20260909555
549,1,set9,alt2,20260909555
549,1,set11,alt2,20260909555
549,1,set18,alt1,20260909555
549,1,set19,alt2,20260909555
549,1,set33,alt1,20260909555
549,1,set35,alt2,20260909555
549,1,set37,alt1,20260909555
549,1,set41,alt1,20260909555
549,1,set42,alt2,20260909555
549,1,set48,alt2,20260909555
550,1,set5,alt2,20260909556
550,1,set6,alt1,20260909556
550,1,set9,alt2,20260909556
550,1,set11,alt2,20260909556
550,1,set18,alt2,20260909556
550,1,set19,alt2,20260909556
550,1,set33,alt1,20260909556
550,1,set35,alt2,20260909556
550,1,set37,alt1,20260909556
550,1,set41,alt1,20260909556
550,1,set42,alt2,20260909556
550,1,set48,alt2,20260909556
551,4,set14,alt1,20260909557
551,4,set15,alt1,20260909557
551,4,set16,alt1,20260909557
551,4,set17,alt1,20260909557
551,4,set20,alt1,20260909557
551,4,set21,alt1,20260909557
551,4,set23,alt1,20260909557
551,4,set26,alt1,20260909557
551,4,set27,alt1,20260909557
551,4,set32,alt1,20260909557
551,4,set34,alt2,20260909557
551,4,set43,alt1,20260909557
552,1,set5,alt2,20260909558
552,1,set6,alt2,20260909558
552,1,set9,alt2,20260909558
552,1,set11,alt2,20260909558
552,1,set18,alt1,20260909558
552,1,set19,alt2,20260909558
552,1,set33,alt1,20260909558
552,1,set35,alt2,20260909558
552,1,set37,alt1,20260909558
552,1,set41,alt1,20260909558
552,1,set42,alt2,20260909558
552,1,set48,alt2,20260909558
553,3,set3,alt2,20260909559
553,3,set4,alt1,20260909559
553,3,set12,alt1,20260909559
553,3,set22,alt2,20260909559
553,3,set24,alt1,20260909559
553,3,set25,alt2,20260909559
553,3,set28,alt2,20260909559
553,3,set29,alt1,20260909559
553,3,set30,alt2,20260909559
553,3,set31,alt1,20260909559
553,3,set39,alt1,20260909559
553,3,set47,alt2,20260909559
554,3,set3,alt2,20260909560
554,3,set4,alt2,20260909560
554,3,set12,alt1,20260909560
554,3,set22,alt2,20260909560
554,3,set24,alt1,20260909560
554,3,set25,alt1,20260909560
554,3,set28,alt1,20260909560
554,3,set29,alt1,20260909560
554,3,set30,alt2,20260909560
554,3,set31,alt2,20260909560
554,3,set39,alt2,20260909560
554,3,set47,alt2,20260909560
555,4,set14,alt1,20260909561
555,4,set15,alt2,20260909561
555,4,set16,alt2,20260909561
555,4,set17,alt2,20260909561
555,4,set20,alt1,20260909561
555,4,set21,alt1,20260909561
555,4,set23,alt1,20260909561
555,4,set26,alt1,20260909561
555,4,set27,alt1,20260909561
555,4,set32,alt1,20260909561
555,4,set34,alt2,20260909561
555,4,set43,alt2,20260909561
556,1,set5,alt2,20260909562
556,1,set6,alt1,20260909562
556,1,set9,alt2,20260909562
556,1,set11,alt2,20260909562
556,1,set18,alt2,20260909562
556,1,set19,alt2,20260909562
556,1,set33,alt1,20260909562
556,1,set35,alt2,20260909562
556,1,set37,alt1,20260909562
556,1,set41,alt1,20260909562
556,1,set42,alt2,20260909562
556,1,set48,alt2,20260909562
557,3,set3,alt2,20260909563
557,3,set4,alt2,20260909563
557,3,set12,alt1,20260909563
557,3,set22,alt2,20260909563
557,3,set24,alt1,20260909563
557,3,set25,alt1,20260909563
557,3,set28,alt1,20260909563
557,3,set29,alt1,20260909563
557,3,set30,alt2,20260909563
557,3,set31,alt2,20260909563
557,3,set39,alt2,20260909563
557,3,set47,alt2,20260909563
558,2,set1,alt2,20260909564
558,2,set2,alt1,20260909564
558,2,set7,alt1,20260909564
558,2,set8,alt1,20260909564
558,2,set10,alt1,20260909564
558,2,set13,alt1,20260909564
558,2,set36,alt2,20260909564
558,2,set38,alt2,20260909564
558,2,set40,alt2,20260909564
558,2,set44,alt1,20260909564
558,2,set45,alt2,20260909564
558,2,set46,alt1,20260909564
559,1,set5,alt2,20260909565
559,1,set6,alt1,20260909565
559,1,set9,alt2,20260909565
559,1,set11,alt2,20260909565
559,1,set18,alt2,20260909565
559,1,set19,alt2,20260909565
559,1,set33,alt1,20260909565
559,1,set35,alt2,20260909565
559,1,set37,alt1,20260909565
559,1,set41,alt1,20260909565
559,1,set42,alt2,20260909565
559,1,set48,alt2,20260909565
560,4,set14,alt1,20260909566
560,4,set15,alt2,20260909566
560,4,set16,alt2,20260909566
560,4,set17,alt2,20260909566
560,4,set20,alt1,20260909566
560,4,set21,alt1,20260909566
560,4,set23,alt1,20260909566
560,4,set26,alt1,20260909566
560,4,set27,alt1,20260909566
560,4,set32,alt1,20260909566
560,4,set34,alt2,20260909566
560,4,set43,alt2,20260909566
561,4,set14,alt2,20260909567
561,4,set15,alt2,20260909567
561,4,set16,alt1,20260909567
561,4,set17,alt1,20260909567
561,4,set20,alt1,20260909567
561,4,set21,alt1,20260909567
561,4,set23,alt1,20260909567
561,4,set26,alt1,20260909567
561,4,set27,alt2,20260909567
561,4,set32,alt1,20260909567
561,4,set34,alt2,20260909567
561,4,set43,alt1,20260909567
562,1,set5,alt2,20260909568
562,1,set6,alt1,20260909568
562,1,set9,alt2,20260909568
562,1,set11,alt2,20260909568
562,1,set18,alt2,20260909568
562,1,set19,alt2,20260909568
562,1,set33,alt1,20260909568
562,1,set35,alt2,20260909568
562,1,set37,alt1,20260909568
562,1,set41,alt1,20260909568
562,1,set42,alt2,20260909568
562,1,set48,alt2,20260909568
563,4,set14,alt2,20260909569
563,4,set15,alt2,20260909569
563,4,set16,alt1,20260909569
563,4,set17,alt1,20260909569
563,4,set20,alt1,20260909569
563,4,set21,alt2,20260909569
563,4,set23,alt1,20260909569
563,4,set26,alt1,20260909569
563,4,set27,alt2,20260909569
563,4,set32,alt1,20260909569
563,4,set34,alt2,20260909569
563,4,set43,alt2,20260909569
564,4,set14,alt1,20260909570
564,4,set15,alt2,20260909570
564,4,set16,alt2,20260909570
564,4,set17,alt2,20260909570
564,4,set20,alt1,20260909570
564,4,set21,alt1,20260909570
564,4,set23,alt1,20260909570
564,4,set26,alt1,20260909570
564,4,set27,alt1,20260909570
564,4,set32,alt1,20260909570
564,4,set34,alt2,20260909570
564,4,set43,alt2,20260909570
565,3,set3,alt1,20260909571
565,3,set4,alt2,20260909571
565,3,set12,alt1,20260909571
565,3,set22,alt1,20260909571
565,3,set24,alt1,20260909571
565,3,set25,alt1,20260909571
565,3,set28,alt1,20260909571
565,3,set29,alt1,20260909571
565,3,set30,alt2,20260909571
565,3,set31,alt2,20260909571
565,3,set39,alt2,20260909571
565,3,set47,alt2,20260909571
566,1,set5,alt2,20260909572
566,1,set6,alt2,20260909572
566,1,set9,alt2,20260909572
566,1,set11,alt2,20260909572
566,1,set18,alt1,20260909572
566,1,set19,alt2,20260909572
566,1,set33,alt1,20260909572
566,1,set35,alt2,20260909572
566,1,set37,alt1,20260909572
566,1,set41,alt1,20260909572
566,1,set42,alt2,20260909572
566,1,set48,alt2,20260909572
567,4,set14,alt1,20260909573
567,4,set15,alt1,20260909573
567,4,set16,alt1,20260909573
567,4,set17,alt1,20260909573
567,4,set20,alt1,20260909573
567,4,set21,alt1,20260909573
567,4,set23,alt1,20260909573
567,4,set26,alt1,20260909573
567,4,set27,alt1,20260909573
567,4,set32,alt1,20260909573
567,4,set34,alt2,20260909573
567,4,set43,alt1,20260909573
568,3,set3,alt1,20260909574
568,3,set4,alt2,20260909574
568,3,set12,alt1,20260909574
568,3,set22,alt1,20260909574
568,3,set24,alt1,20260909574
568,3,set25,alt1,20260909574
568,3,set28,alt1,20260909574
568,3,set29,alt1,20260909574
568,3,set30,alt2,20260909574
568,3,set31,alt2,20260909574
568,3,set39,alt2,20260909574
568,3,set47,alt2,20260909574
569,2,set1,alt2,20260909575
569,2,set2,alt1,20260909575
569,2,set7,alt1,20260909575
569,2,set8,alt1,20260909575
569,2,set10,alt1,20260909575
569,2,set13,alt1,20260909575
569,2,set36,alt2,20260909575
569,2,set38,alt2,20260909575
569,2,set40,alt2,20260909575
569,2,set44,alt1,20260909575
569,2,set45,alt2,20260909575
569,2,set46,alt1,20260909575
570,1,set5,alt1,20260909576
570,1,set6,alt1,20260909576
570,1,set9,alt1,20260909576
570,1,set11,alt2,20260909576
570,1,set18,alt1,20260909576
570,1,set19,alt1,20260909576
570,1,set33,alt2,20260909576
570,1,set35,alt2,20260909576
570,1,set37,alt1,20260909576
570,1,set41,alt1,20260909576
570,1,set42,alt2,20260909576
570,1,set48,alt2,20260909576
571,3,set3,alt1,20260909577
571,3,set4,alt2,20260909577
571,3,set12,alt1,20260909577
571,3,set22,alt1,20260909577
571,3,set24,alt1,20260909577
571,3,set25,alt1,20260909577
571,3,set28,alt1,20260909577
571,3,set29,alt1,20260909577
571,3,set30,alt2,20260909577
571,3,set31,alt2,20260909577
571,3,set39,alt2,20260909577
571,3,set47,alt2,20260909577
572,3,set3,alt2,20260909578
572,3,set4,alt2,20260909578
572,3,set12,alt1,20260909578
572,3,set22,alt2,20260909578
572,3,set24,alt1,20260909578
572,3,set25,alt1,20260909578
572,3,set28,alt1,20260909578
572,3,set29,alt1,20260909578
572,3,set30,alt2,20260909578
572,3,set31,alt2,20260909578
572,3,set39,alt2,20260909578
572,3,set47,alt2,20260909578
573,4,set14,alt2,20260909579
573,4,set15,alt2,20260909579
573,4,set16,alt1,20260909579
573,4,set17,alt1,20260909579
573,4,set20,alt1,20260909579
573,4,set21,alt1,20260909579
573,4,set23,alt1,20260909579
573,4,set26,alt1,20260909579
573,4,set27,alt2,20260909579
573,4,set32,alt1,20260909579
573,4,set34,alt2,20260909579
573,4,set43,alt1,20260909579
574,2,set1,alt2,20260909580
574,2,set2,alt1,20260909580
574,2,set7,alt2,20260909580
574,2,set8,alt1,20260909580
574,2,set10,alt2,20260909580
574,2,set13,alt1,20260909580
574,2,set36,alt2,20260909580
574,2,set38,alt1,20260909580
574,2,set40,alt2,20260909580
574,2,set44,alt2,20260909580
574,2,set45,alt2,20260909580
574,2,set46,alt2,20260909580
575,2,set1,alt2,20260909581
575,2,set2,alt1,20260909581
575,2,set7,alt2,20260909581
575,2,set8,alt1,20260909581
575,2,set10,alt2,20260909581
575,2,set13,alt1,20260909581
575,2,set36,alt2,20260909581
575,2,set38,alt1,20260909581
575,2,set40,alt2,20260909581
575,2,set44,alt2,20260909581
575,2,set45,alt2,20260909581
575,2,set46,alt2,20260909581
576,3,set3,alt1,20260909582
576,3,set4,alt2,20260909582
576,3,set12,alt1,20260909582
576,3,set22,alt1,20260909582
576,3,set24,alt1,20260909582
576,3,set25,alt1,20260909582
576,3,set28,alt1,20260909582
576,3,set29,alt1,20260909582
576,3,set30,alt2,20260909582
576,3,set31,alt2,20260909582
576,3,set39,alt2,20260909582
576,3,set47,alt2,20260909582
577,1,set5,alt2,20260909583
577,1,set6,alt1,20260909583
577,1,set9,alt2,20260909583
577,1,set11,alt2,20260909583
577,1,set18,alt2,20260909583
577,1,set19,alt2,20260909583
577,1,set33,alt1,20260909583
577,1,set35,alt2,20260909583
577,1,set37,alt1,20260909583
577,1,set41,alt1,20260909583
577,1,set42,alt2,20260909583
577,1,set48,alt2,20260909583
578,1,set5,alt2,20260909584
578,1,set6,alt1,20260909584
578,1,set9,alt2,20260909584
578,1,set11,alt2,20260909584
578,1,set18,alt2,20260909584
578,1,set19,alt2,20260909584
578,1,set33,alt1,20260909584
578,1,set35,alt2,20260909584
578,1,set37,alt1,20260909584
578,1,set41,alt1,20260909584
578,1,set42,alt2,20260909584
578,1,set48,alt2,20260909584
579,1,set5,alt2,20260909585
579,1,set6,alt2,20260909585
579,1,set9,alt2,20260909585
579,1,set11,alt2,20260909585
579,1,set18,alt2,20260909585
579,1,set19,alt2,20260909585
579,1,set33,alt1,20260909585
579,1,set35,alt2,20260909585
579,1,set37,alt1,20260909585
579,1,set41,alt2,20260909585
579,1,set42,alt2,20260909585
579,1,set48,alt2,20260909585
580,2,set1,alt2,20260909586
580,2,set2,alt1,20260909586
580,2,set7,alt2,20260909586
580,2,set8,alt1,20260909586
580,2,set10,alt2,20260909586
580,2,set13,alt1,20260909586
580,2,set36,alt2,20260909586
580,2,set38,alt1,20260909586
580,2,set40,alt2,20260909586
580,2,set44,alt2,20260909586
580,2,set45,alt2,20260909586
580,2,set46,alt2,20260909586
581,4,set14,alt1,20260909587
581,4,set15,alt1,20260909587
581,4,set16,alt1,20260909587
581,4,set17,alt1,20260909587
581,4,set20,alt1,20260909587
581,4,set21,alt1,20260909587
581,4,set23,alt1,20260909587
581,4,set26,alt1,20260909587
581,4,set27,alt1,20260909587
581,4,set32,alt1,20260909587
581,4,set34,alt2,20260909587
581,4,set43,alt1,20260909587
582,1,set5,alt1,20260909588
582,1,set6,alt1,20260909588
582,1,set9,alt1,20260909588
582,1,set11,alt2,20260909588
582,1,set18,alt1,20260909588
582,1,set19,alt1,20260909588
582,1,set33,alt2,20260909588
582,1,set35,alt2,20260909588
582,1,set37,alt1,20260909588
582,1,set41,alt1,20260909588
582,1,set42,alt2,20260909588
582,1,set48,alt2,20260909588
583,2,set1,alt2,20260909589
583,2,set2,alt1,20260909589
583,2,set7,alt1,20260909589
583,2,set8,alt1,20260909589
583,2,set10,alt1,20260909589
583,2,set13,alt1,20260909589
583,2,set36,alt2,20260909589
583,2,set38,alt2,20260909589
583,2,set40,alt2,20260909589
583,2,set44,alt1,20260909589
583,2,set45,alt2,20260909589
583,2,set46,alt1,20260909589
584,1,set5,alt2,20260909590
584,1,set6,alt1,20260909590
584,1,set9,alt2,20260909590
584,1,set11,alt2,20260909590
584,1,set18,alt2,20260909590
584,1,set19,alt2,20260909590
584,1,set33,alt1,20260909590
584,1,set35,alt2,20260909590
584,1,set37,alt1,20260909590
584,1,set41,alt1,20260909590
584,1,set42,alt2,20260909590
584,1,set48,alt2,20260909590
585,2,set1,alt2,20260909591
585,2,set2,alt1,20260909591
585,2,set7,alt1,20260909591
585,2,set8,alt1,20260909591
585,2,set10,alt1,20260909591
585,2,set13,alt1,20260909591
585,2,set36,alt2,20260909591
585,2,set38,alt2,20260909591
585,2,set40,alt2,20260909591
585,2,set44,alt1,20260909591
585,2,set45,alt2,20260909591
585,2,set46,alt1,20260909591
586,4,set14,alt1,20260909592
586,4,set15,alt2,20260909592
586,4,set16,alt2,20260909592
586,4,set17,alt2,20260909592
586,4,set20,alt1,20260909592
586,4,set21,alt1,20260909592
586,4,set23,alt1,20260909592
586,4,set26,alt1,20260909592
586,4,set27,alt1,20260909592
586,4,set32,alt1,20260909592
586,4,set34,alt2,20260909592
586,4,set43,alt2,20260909592
587,1,set5,alt2,20260909593
587,1,set6,alt1,20260909593
587,1,set9,alt2,20260909593
587,1,set11,alt2,20260909593
587,1,set18,alt2,20260909593
587,1,set19,alt2,20260909593
587,1,set33,alt1,20260909593
587,1,set35,alt2,20260909593
587,1,set37,alt1,20260909593
587,1,set41,alt1,20260909593
587,1,set42,alt2,20260909593
587,1,set48,alt2,20260909593
588,4,set14,alt1,20260909594
588,4,set15,alt2,20260909594
588,4,set16,alt1,20260909594
588,4,set17,alt2,20260909594
588,4,set20,alt1,20260909594
588,4,set21,alt1,20260909594
588,4,set23,alt1,20260909594
588,4,set26,alt1,20260909594
588,4,set27,alt1,20260909594
588,4,set32,alt1,20260909594
588,4,set34,alt1,20260909594
588,4,set43,alt1,20260909594
589,2,set1,alt2,20260909595
589,2,set2,alt1,20260909595
589,2,set7,alt1,20260909595
589,2,set8,alt1,20260909595
589,2,set10,alt1,20260909595
589,2,set13,alt1,20260909595
589,2,set36,alt2,20260909595
589,2,set38,alt2,20260909595
589,2,set40,alt2,20260909595
589,2,set44,alt1,20260909595
589,2,set45,alt2,20260909595
589,2,set46,alt1,20260909595
590,4,set14,alt1,20260909596
590,4,set15,alt2,20260909596
590,4,set16,alt2,20260909596
590,4,set17,alt2,20260909596
590,4,set20,alt1,20260909596
590,4,set21,alt1,20260909596
590,4,set23,alt1,20260909596
590,4,set26,alt1,20260909596
590,4,set27,alt1,20260909596
590,4,set32,alt1,20260909596
590,4,set34,alt2,20260909596
590,4,set43,alt2,20260909596
591,2,set1,alt2,20260909597
591,2,set2,alt1,20260909597
591,2,set7,alt1,20260909597
591,2,set8,alt1,20260909597
591,2,set10,alt1,20260909597
591,2,set13,alt1,20260909597
591,2,set36,alt2,20260909597
591,2,set38,alt2,20260909597
591,2,set40,alt2,20260909597
591,2,set44,alt1,20260909597
591,2,set45,alt2,20260909597
591,2,set46,alt1,20260909597
592,3,set3,alt2,20260909598
592,3,set4,alt1,20260909598
592,3,set12,alt1,20260909598
592,3,set22,alt2,20260909598
592,3,set24,alt1,20260909598
592,3,set25,alt2,20260909598
592,3,set28,alt2,20260909598
592,3,set29,alt1,20260909598
592,3,set30,alt2,20260909598
592,3,set31,alt1,20260909598
592,3,set39,alt1,20260909598
592,3,set47,alt2,20260909598
593,4,set14,alt1,20260909599
593,4,set15,alt1,20260909599
593,4,set16,alt1,20260909599
593,4,set17,alt1,20260909599
593,4,set20,alt1,20260909599
593,4,set21,alt1,20260909599
593,4,set23,alt1,20260909599
593,4,set26,alt1,20260909599
593,4,set27,alt1,20260909599
593,4,set32,alt1,20260909599
593,4,set34,alt2,20260909599
593,4,set43,alt1,20260909599
594,3,set3,alt2,20260909600
594,3,set4,alt2,20260909600
594,3,set12,alt1,20260909600
594,3,set22,alt2,20260909600
594,3,set24,alt1,20260909600
594,3,set25,alt1,20260909600
594,3,set28,alt1,20260909600
594,3,set29,alt1,20260909600
594,3,set30,alt2,20260909600
594,3,set31,alt2,20260909600
594,3,set39,alt2,20260909600
594,3,set47,alt2,20260909600
595,2,set1,alt2,20260909601
595,2,set2,alt1,20260909601
595,2,set7,alt2,20260909601
595,2,set8,alt1,20260909601
595,2,set10,alt2,20260909601
595,2,set13,alt1,20260909601
595,2,set36,alt2,20260909601
595,2,set38,alt1,20260909601
595,2,set40,alt2,20260909601
595,2,set44,alt2,20260909601
595,2,set45,alt2,20260909601
595,2,set46,alt2,20260909601
596,1,set5,alt1,20260909602
596,1,set6,alt2,20260909602
596,1,set9,alt1,20260909602
596,1,set11,alt2,20260909602
596,1,set18,alt2,20260909602
596,1,set19,alt2,20260909602
596,1,set33,alt1,20260909602
596,1,set35,alt2,20260909602
596,1,set37,alt1,20260909602
596,1,set41,alt1,20260909602
596,1,set42,alt1,20260909602
596,1,set48,alt2,20260909602
597,1,set5,alt2,20260909603
597,1,set6,alt2,20260909603
597,1,set9,alt2,20260909603
597,1,set11,alt2,20260909603
597,1,set18,alt1,20260909603
597,1,set19,alt2,20260909603
597,1,set33,alt1,20260909603
597,1,set35,alt2,20260909603
597,1,set37,alt1,20260909603
597,1,set41,alt1,20260909603
597,1,set42,alt2,20260909603
597,1,set48,alt2,20260909603
598,1,set5,alt2,20260909604
598,1,set6,alt1,20260909604
598,1,set9,alt2,20260909604
598,1,set11,alt2,20260909604
598,1,set18,alt2,20260909604
598,1,set19,alt2,20260909604
598,1,set33,alt1,20260909604
598,1,set35,alt2,20260909604
598,1,set37,alt1,20260909604
598,1,set41,alt1,20260909604
598,1,set42,alt2,20260909604
598,1,set48,alt2,20260909604
599,2,set1,alt2,20260909605
599,2,set2,alt1,20260909605
599,2,set7,alt1,20260909605
599,2,set8,alt1,20260909605
599,2,set10,alt1,20260909605
599,2,set13,alt1,20260909605
599,2,set36,alt2,20260909605
599,2,set38,alt2,20260909605
599,2,set40,alt2,20260909605
599,2,set44,alt1,20260909605
599,2,set45,alt2,20260909605
599,2,set46,alt1,20260909605
600,2,set1,alt2,20260909606
600,2,set2,alt1,20260909606
600,2,set7,alt1,20260909606
600,2,set8,alt1,20260909606
600,2,set10,alt2,20260909606
600,2,set13,alt1,20260909606
600,2,set36,alt2,20260909606
600,2,set38,alt2,20260909606
600,2,set40,alt2,20260909606
600,2,set44,alt1,20260909606
600,2,set45,alt2,20260909606
600,2,set46,alt1,20260909606
601,1,set5,alt2,20260909607
601,1,set6,alt2,20260909607
601,1,set9,alt2,20260909607
601,1,set11,alt2,20260909607
601,1,set18,alt1,20260909607
601,1,set19,alt2,20260909607
601,1,set33,alt1,20260909607
601,1,set35,alt2,20260909607
601,1,set37,alt1,20260909607
601,1,set41,alt1,20260909607
601,1,set42,alt2,20260909607
601,1,set48,alt2,20260909607
602,4,set14,alt1,20260909608
602,4,set15,alt2,20260909608
602,4,set16,alt2,20260909608
602,4,set17,alt2,20260909608
602,4,set20,alt1,20260909608
602,4,set21,alt1,20260909608
602,4,set23,alt1,20260909608
602,4,set26,alt1,20260909608
602,4,set27,alt1,20260909608
602,4,set32,alt1,20260909608
602,4,set34,alt2,20260909608
602,4,set43,alt2,20260909608
603,2,set1,alt2,20260909609
603,2,set2,alt1,20260909609
603,2,set7,alt1,20260909609
603,2,set8,alt1,20260909609
603,2,set10,alt1,20260909609
603,2,set13,alt1,20260909609
603,2,set36,alt2,20260909609
603,2,set38,alt2,20260909609
603,2,set40,alt2,20260909609
603,2,set44,alt1,20260909609
603,2,set45,alt2,20260909609
603,2,set46,alt1,20260909609
604,2,set1,alt2,20260909610
604,2,set2,alt1,20260909610
604,2,set7,alt1,20260909610
604,2,set8,alt1,20260909610
604,2,set10,alt1,20260909610
604,2,set13,alt1,20260909610
604,2,set36,alt2,20260909610
604,2,set38,alt2,20260909610
604,2,set40,alt2,20260909610
604,2,set44,alt1,20260909610
604,2,set45,alt2,20260909610
604,2,set46,alt1,20260909610
605,1,set5,alt2,20260909611
605,1,set6,alt2,20260909611
605,1,set9,alt2,20260909611
605,1,set11,alt2,20260909611
605,1,set18,alt2,20260909611
605,1,set19,alt2,20260909611
605,1,set33,alt1,20260909611
605,1,set35,alt2,20260909611
605,1,set37,alt1,20260909611
605,1,set41,alt2,20260909611
605,1,set42,alt2,20260909611
605,1,set48,alt2,20260909611
606,1,set5,alt2,20260909612
606,1,set6,alt1,20260909612
606,1,set9,alt2,20260909612
606,1,set11,alt2,20260909612
606,1,set18,alt2,20260909612
606,1,set19,alt2,20260909612
606,1,set33,alt1,20260909612
606,1,set35,alt2,20260909612
606,1,set37,alt1,20260909612
606,1,set41,alt1,20260909612
606,1,set42,alt2,20260909612
606,1,set48,alt2,20260909612
607,2,set1,alt2,20260909613
607,2,set2,alt1,20260909613
607,2,set7,alt1,20260909613
607,2,set8,alt1,20260909613
607,2,set10,alt2,20260909613
607,2,set13,alt1,20260909613
607,2,set36,alt2,20260909613
607,2,set38,alt2,20260909613
607,2,set40,alt2,20260909613
607,2,set44,alt1,20260909613
607,2,set45,alt2,20260909613
607,2,set46,alt1,20260909613
608,2,set1,alt2,20260909614
608,2,set2,alt1,20260909614
608,2,set7,alt1,20260909614
608,2,set8,alt1,20260909614
608,2,set10,alt1,20260909614
608,2,set13,alt1,20260909614
608,2,set36,alt2,20260909614
608,2,set38,alt2,20260909614
608,2,set40,alt2,20260909614
608,2,set44,alt1,20260909614
608,2,set45,alt2,20260909614
608,2,set46,alt1,20260909614
609,2,set1,alt2,20260909615
609,2,set2,alt1,20260909615
609,2,set7,alt1,20260909615
609,2,set8,alt1,20260909615
609,2,set10,alt1,20260909615
609,2,set13,alt1,20260909615
609,2,set36,alt2,20260909615
609,2,set38,alt2,20260909615
609,2,set40,alt2,20260909615
609,2,set44,alt1,20260909615
609,2,set45,alt2,20260909615
609,2,set46,alt1,20260909615
610,3,set3,alt2,20260909616
610,3,set4,alt1,20260909616
610,3,set12,alt1,20260909616
610,3,set22,alt2,20260909616
610,3,set24,alt1,20260909616
610,3,set25,alt2,20260909616
610,3,set28,alt2,20260909616
610,3,set29,alt1,20260909616
610,3,set30,alt2,20260909616
610,3,set31,alt1,20260909616
610,3,set39,alt1,20260909616
610,3,set47,alt2,20260909616
611,4,set14,alt1,20260909617
611,4,set15,alt2,20260909617
611,4,set16,alt2,20260909617
611,4,set17,alt2,20260909617
611,4,set20,alt1,20260909617
611,4,set21,alt1,20260909617
611,4,set23,alt1,20260909617
611,4,set26,alt1,20260909617
611,4,set27,alt1,20260909617
611,4,set32,alt1,20260909617
611,4,set34,alt2,20260909617
611,4,set43,alt2,20260909617
612,4,set14,alt2,20260909618
612,4,set15,alt2,20260909618
612,4,set16,alt1,20260909618
612,4,set17,alt1,20260909618
612,4,set20,alt1,20260909618
612,4,set21,alt1,20260909618
612,4,set23,alt1,20260909618
612,4,set26,alt1,20260909618
612,4,set27,alt2,20260909618
612,4,set32,alt1,20260909618
612,4,set34,alt2,20260909618
612,4,set43,alt1,20260909618
613,3,set3,alt1,20260909619
613,3,set4,alt2,20260909619
613,3,set12,alt1,20260909619
613,3,set22,alt1,20260909619
613,3,set24,alt1,20260909619
613,3,set25,alt1,20260909619
613,3,set28,alt1,20260909619
613,3,set29,alt1,20260909619
613,3,set30,alt2,20260909619
613,3,set31,alt2,20260909619
613,3,set39,alt2,20260909619
613,3,set47,alt2,20260909619
614,2,set1,alt2,20260909620
614,2,set2,alt1,20260909620
614,2,set7,alt1,20260909620
614,2,set8,alt1,20260909620
614,2,set10,alt1,20260909620
614,2,set13,alt1,20260909620
614,2,set36,alt2,20260909620
614,2,set38,alt2,20260909620
614,2,set40,alt2,20260909620
614,2,set44,alt1,20260909620
614,2,set45,alt2,20260909620
614,2,set46,alt1,20260909620
615,3,set3,alt2,20260909621
615,3,set4,alt2,20260909621
615,3,set12,alt1,20260909621
615,3,set22,alt2,20260909621
615,3,set24,alt1,20260909621
615,3,set25,alt1,20260909621
615,3,set28,alt1,20260909621
615,3,set29,alt1,20260909621
615,3,set30,alt2,20260909621
615,3,set31,alt2,20260909621
615,3,set39,alt2,20260909621
615,3,set47,alt2,20260909621
616,2,set1,alt2,20260909622
616,2,set2,alt1,20260909622
616,2,set7,alt2,20260909622
616,2,set8,alt1,20260909622
616,2,set10,alt2,20260909622
616,2,set13,alt1,20260909622
616,2,set36,alt2,20260909622
616,2,set38,alt1,20260909622
616,2,set40,alt2,20260909622
616,2,set44,alt2,20260909622
616,2,set45,alt2,20260909622
616,2,set46,alt2,20260909622
617,3,set3,alt1,20260909623
617,3,set4,alt2,20260909623
617,3,set12,alt1,20260909623
617,3,set22,alt1,20260909623
617,3,set24,alt1,20260909623
617,3,set25,alt1,20260909623
617,3,set28,alt1,20260909623
617,3,set29,alt1,20260909623
617,3,set30,alt2,20260909623
617,3,set31,alt2,20260909623
617,3,set39,alt2,20260909623
617,3,set47,alt2,20260909623
618,4,set14,alt1,20260909624
618,4,set15,alt2,20260909624
618,4,set16,alt2,20260909624
618,4,set17,alt2,20260909624
618,4,set20,alt1,20260909624
618,4,set21,alt1,20260909624
618,4,set23,alt1,20260909624
618,4,set26,alt1,20260909624
618,4,set27,alt1,20260909624
618,4,set32,alt1,20260909624
618,4,set34,alt2,20260909624
618,4,set43,alt2,20260909624
619,1,set5,alt1,20260909625
619,1,set6,alt2,20260909625
619,1,set9,alt1,20260909625
619,1,set11,alt2,20260909625
619,1,set18,alt2,20260909625
619,1,set19,alt2,20260909625
619,1,set33,alt1,20260909625
619,1,set35,alt2,20260909625
619,1,set37,alt1,20260909625
619,1,set41,alt1,20260909625
619,1,set42,alt1,20260909625
619,1,set48,alt2,20260909625
620,4,set14,alt1,20260909626
620,4,set15,alt2,20260909626
620,4,set16,alt2,20260909626
620,4,set17,alt2,20260909626
620,4,set20,alt1,20260909626
620,4,set21,alt1,20260909626
620,4,set23,alt1,20260909626
620,4,set26,alt1,20260909626
620,4,set27,alt1,20260909626
620,4,set32,alt1,20260909626
620,4,set34,alt2,20260909626
620,4,set43,alt2,20260909626
621,4,set14,alt1,20260909627
621,4,set15,alt1,20260909627
621,4,set16,alt1,20260909627
621,4,set17,alt1,20260909627
621,4,set20,alt1,20260909627
621,4,set21,alt1,20260909627
621,4,set23,alt1,20260909627
621,4,set26,alt1,20260909627
621,4,set27,alt1,20260909627
621,4,set32,alt1,20260909627
621,4,set34,alt2,20260909627
621,4,set43,alt1,20260909627
622,4,set14,alt1,20260909628
622,4,set15,alt2,20260909628
622,4,set16,alt2,20260909628
622,4,set17,alt2,20260909628
622,4,set20,alt1,20260909628
622,4,set21,alt1,20260909628
622,4,set23,alt1,20260909628
622,4,set26,alt1,20260909628
622,4,set27,alt1,20260909628
622,4,set32,alt1,20260909628
622,4,set34,alt2,20260909628
622,4,set43,alt2,20260909628
623,1,set5,alt1,20260909629
623,1,set6,alt1,20260909629
623,1,set9,alt1,20260909629
623,1,set11,alt2,20260909629
623,1,set18,alt1,20260909629
623,1,set19,alt1,20260909629
623,1,set33,alt2,20260909629
623,1,set35,alt2,20260909629
623,1,set37,alt1,20260909629
623,1,set41,alt1,20260909629
623,1,set42,alt2,20260909629
623,1,set48,alt2,20260909629
624,3,set3,alt1,20260909630
624,3,set4,alt2,20260909630
624,3,set12,alt1,20260909630
624,3,set22,alt1,20260909630
624,3,set24,alt1,20260909630
624,3,set25,alt1,20260909630
624,3,set28,alt1,20260909630
624,3,set29,alt1,20260909630
624,3,set30,alt2,20260909630
624,3,set31,alt2,20260909630
624,3,set39,alt2,20260909630
624,3,set47,alt2,20260909630
625,4,set14,alt1,20260909631
625,4,set15,alt2,20260909631
625,4,set16,alt2,20260909631
625,4,set17,alt2,20260909631
625,4,set20,alt1,20260909631
625,4,set21,alt1,20260909631
625,4,set23,alt1,20260909631
625,4,set26,alt1,20260909631
625,4,set27,alt1,20260909631
625,4,set32,alt1,20260909631
625,4,set34,alt2,20260909631
625,4,set43,alt2,20260909631
626,1,set5,alt2,20260909632
626,1,set6,alt1,20260909632
626,1,set9,alt2,20260909632
626,1,set11,alt2,20260909632
626,1,set18,alt2,20260909632
626,1,set19,alt2,20260909632
626,1,set33,alt1,20260909632
626,1,set35,alt2,20260909632
626,1,set37,alt1,20260909632
626,1,set41,alt1,20260909632
626,1,set42,alt2,20260909632
626,1,set48,alt2,20260909632
627,4,set14,alt1,20260909633
627,4,set15,alt2,20260909633
627,4,set16,alt2,20260909633
627,4,set17,alt2,20260909633
627,4,set20,alt1,20260909633
627,4,set21,alt1,20260909633
627,4,set23,alt1,20260909633
627,4,set26,alt1,20260909633
627,4,set27,alt1,20260909633
627,4,set32,alt1,20260909633
627,4,set34,alt2,20260909633
627,4,set43,alt2,20260909633
628,1,set5,alt2,20260909634
628,1,set6,alt1,20260909634
628,1,set9,alt2,20260909634
628,1,set11,alt2,20260909634
628,1,set18,alt2,20260909634
628,1,set19,alt2,20260909634
628,1,set33,alt1,20260909634
628,1,set35,alt2,20260909634
628,1,set37,alt1,20260909634
628,1,set41,alt1,20260909634
628,1,set42,alt2,20260909634
628,1,set48,alt2,20260909634
629,4,set14,alt1,20260909635
629,4,set15,alt2,20260909635
629,4,set16,alt2,20260909635
629,4,set17,alt2,20260909635
629,4,set20,alt1,20260909635
629,4,set21,alt1,20260909635
629,4,set23,alt1,20260909635
629,4,set26,alt1,20260909635
629,4,set27,alt1,20260909635
629,4,set32,alt1,20260909635
629,4,set34,alt2,20260909635
629,4,set43,alt2,20260909635
630,3,set3,alt2,20260909636
630,3,set4,alt2,20260909636
630,3,set12,alt1,20260909636
630,3,set22,alt2,20260909636
630,3,set24,alt1,20260909636
630,3,set25,alt1,20260909636
630,3,set28,alt1,20260909636
630,3,set29,alt1,20260909636
630,3,set30,alt2,20260909636
630,3,set31,alt2,20260909636
630,3,set39,alt2,20260909636
630,3,set47,alt2,20260909636
631,3,set3,alt2,20260909637
631,3,set4,alt1,20260909637
631,3,set12,alt1,20260909637
631,3,set22,alt2,20260909637
631,3,set24,alt1,20260909637
631,3,set25,alt2,20260909637
631,3,set28,alt2,20260909637
631,3,set29,alt1,20260909637
631,3,set30,alt2,20260909637
631,3,set31,alt1,20260909637
631,3,set39,alt1,20260909637
631,3,set47,alt2,20260909637
632,3,set3,alt1,20260909638
632,3,set4,alt2,20260909638
632,3,set12,alt1,20260909638
632,3,set22,alt1,20260909638
632,3,set24,alt1,20260909638
632,3,set25,alt1,20260909638
632,3,set28,alt1,20260909638
632,3,set29,alt1,20260909638
632,3,set30,alt2,20260909638
632,3,set31,alt2,20260909638
632,3,set39,alt2,20260909638
632,3,set47,alt2,20260909638
633,2,set1,alt2,20260909639
633,2,set2,alt1,20260909639
633,2,set7,alt1,20260909639
633,2,set8,alt1,20260909639
633,2,set10,alt2,20260909639
633,2,set13,alt1,20260909639
633,2,set36,alt2,20260909639
633,2,set38,alt2,20260909639
633,2,set40,alt2,20260909639
633,2,set44,alt1,20260909639
633,2,set45,alt2,20260909639
633,2,set46,alt1,20260909639
634,1,set5,alt2,20260909640
634,1,set6,alt2,20260909640
634,1,set9,alt2,20260909640
634,1,set11,alt2,20260909640
634,1,set18,alt1,20260909640
634,1,set19,alt2,20260909640
634,1,set33,alt1,20260909640
634,1,set35,alt2,20260909640
634,1,set37,alt1,20260909640
634,1,set41,alt1,20260909640
634,1,set42,alt2,20260909640
634,1,set48,alt2,20260909640
635,2,set1,alt2,20260909641
635,2,set2,alt1,20260909641
635,2,set7,alt2,20260909641
635,2,set8,alt1,20260909641
635,2,set10,alt2,20260909641
635,2,set13,alt1,20260909641
635,2,set36,alt2,20260909641
635,2,set38,alt1,20260909641
635,2,set40,alt2,20260909641
635,2,set44,alt2,20260909641
635,2,set45,alt2,20260909641
635,2,set46,alt2,20260909641
636,3,set3,alt1,20260909642
636,3,set4,alt2,20260909642
636,3,set12,alt1,20260909642
636,3,set22,alt1,20260909642
636,3,set24,alt1,20260909642
636,3,set25,alt1,20260909642
636,3,set28,alt1,20260909642
636,3,set29,alt1,20260909642
636,3,set30,alt2,20260909642
636,3,set31,alt2,20260909642
636,3,set39,alt2,20260909642
636,3,set47,alt2,20260909642
637,3,set3,alt2,20260909643
637,3,set4,alt1,20260909643
637,3,set12,alt1,20260909643
637,3,set22,alt2,20260909643
637,3,set24,alt1,20260909643
637,3,set25,alt2,20260909643
637,3,set28,alt2,20260909643
637,3,set29,alt1,20260909643
637,3,set30,alt2,20260909643
637,3,set31,alt1,20260909643
637,3,set39,alt1,20260909643
637,3,set47,alt2,20260909643
638,3,set3,alt2,20260909644
638,3,set4,alt1,20260909644
638,3,set12,alt1,20260909644
638,3,set22,alt2,20260909644
638,3,set24,alt1,20260909644
638,3,set25,alt2,20260909644
638,3,set28,alt2,20260909644
638,3,set29,alt1,20260909644
638,3,set30,alt1,20260909644
638,3,set31,alt2,20260909644
638,3,set39,alt1,20260909644
638,3,set47,alt1,20260909644
639,1,set5,alt2,20260909645
639,1,set6,alt1,20260909645
639,1,set9,alt2,20260909645
639,1,set11,alt2,20260909645
639,1,set18,alt2,20260909645
639,1,set19,alt2,20260909645
639,1,set33,alt1,20260909645
639,1,set35,alt2,20260909645
639,1,set37,alt1,20260909645
639,1,set41,alt1,20260909645
639,1,set42,alt2,20260909645
639,1,set48,alt2,20260909645
640,3,set3,alt1,20260909646
640,3,set4,alt2,20260909646
640,3,set12,alt1,20260909646
640,3,set22,alt1,20260909646
640,3,set24,alt1,20260909646
640,3,set25,alt1,20260909646
640,3,set28,alt1,20260909646
640,3,set29,alt1,20260909646
640,3,set30,alt2,20260909646
640,3,set31,alt2,20260909646
640,3,set39,alt2,20260909646
640,3,set47,alt2,20260909646
641,2,set1,alt2,20260909647
641,2,set2,alt1,20260909647
641,2,set7,alt1,20260909647
641,2,set8,alt1,20260909647
641,2,set10,alt1,20260909647
641,2,set13,alt1,20260909647
641,2,set36,alt2,20260909647
641,2,set38,alt2,20260909647
641,2,set40,alt2,20260909647
641,2,set44,alt1,20260909647
641,2,set45,alt2,20260909647
641,2,set46,alt1,20260909647
642,4,set14,alt1,20260909648
642,4,set15,alt1,20260909648
642,4,set16,alt1,20260909648
642,4,set17,alt1,20260909648
642,4,set20,alt1,20260909648
642,4,set21,alt1,20260909648
642,4,set23,alt1,20260909648
642,4,set26,alt1,20260909648
642,4,set27,alt1,20260909648
642,4,set32,alt1,20260909648
642,4,set34,alt2,20260909648
642,4,set43,alt1,20260909648
643,1,set5,alt2,20260909649
643,1,set6,alt1,20260909649
643,1,set9,alt2,20260909649
643,1,set11,alt2,20260909649
643,1,set18,alt2,20260909649
643,1,set19,alt2,20260909649
643,1,set33,alt1,20260909649
643,1,set35,alt2,20260909649
643,1,set37,alt1,20260909649
643,1,set41,alt1,20260909649
643,1,set42,alt2,20260909649
643,1,set48,alt2,20260909649
644,3,set3,alt1,20260909650
644,3,set4,alt2,20260909650
644,3,set12,alt1,20260909650
644,3,set22,alt1,20260909650
644,3,set24,alt1,20260909650
644,3,set25,alt1,20260909650
644,3,set28,alt1,20260909650
644,3,set29,alt1,20260909650
644,3,set30,alt2,20260909650
644,3,set31,alt2,20260909650
644,3,set39,alt2,20260909650
644,3,set47,alt2,20260909650
645,2,set1,alt2,20260909651
645,2,set2,alt1,20260909651
645,2,set7,alt1,20260909651
645,2,set8,alt1,20260909651
645,2,set10,alt1,20260909651
645,2,set13,alt1,20260909651
645,2,set36,alt2,20260909651
645,2,set38,alt2,20260909651
645,2,set40,alt2,20260909651
645,2,set44,alt1,20260909651
645,2,set45,alt2,20260909651
645,2,set46,alt1,20260909651
646,2,set1,alt2,20260909652
646,2,set2,alt1,20260909652
646,2,set7,alt1,20260909652
646,2,set8,alt1,20260909652
646,2,set10,alt1,20260909652
646,2,set13,alt1,20260909652
646,2,set36,alt2,20260909652
646,2,set38,alt2,20260909652
646,2,set40,alt2,20260909652
646,2,set44,alt1,20260909652
646,2,set45,alt2,20260909652
646,2,set46,alt1,20260909652
647,1,set5,alt2,20260909653
647,1,set6,alt2,20260909653
647,1,set9,alt2,20260909653
647,1,set11,alt2,20260909653
647,1,set18,alt2,20260909653
647,1,set19,alt2,20260909653
647,1,set33,alt1,20260909653
647,1,set35,alt2,20260909653
647,1,set37,alt1,20260909653
647,1,set41,alt2,20260909653
647,1,set42,alt2,20260909653
647,1,set48,alt2,20260909653
648,4,set14,alt1,20260909654
648,4,set15,alt1,20260909654
648,4,set16,alt1,20260909654
648,4,set17,alt1,20260909654
648,4,set20,alt1,20260909654
648,4,set21,alt1,20260909654
648,4,set23,alt1,20260909654
648,4,set26,alt1,20260909654
648,4,set27,alt1,20260909654
648,4,set32,alt1,20260909654
648,4,set34,alt2,20260909654
648,4,set43,alt1,20260909654
649,2,set1,alt2,20260909655
649,2,set2,alt1,20260909655
649,2,set7,alt1,20260909655
649,2,set8,alt1,20260909655
649,2,set10,alt2,20260909655
649,2,set13,alt1,20260909655
649,2,set36,alt2,20260909655
649,2,set38,alt2,20260909655
649,2,set40,alt2,20260909655
649,2,set44,alt1,20260909655
649,2,set45,alt2,20260909655
649,2,set46,alt1,20260909655
650,4,set14,alt1,20260909656
650,4,set15,alt2,20260909656
650,4,set16,alt2,20260909656
650,4,set17,alt2,20260909656
650,4,set20,alt1,20260909656
650,4,set21,alt1,20260909656
650,4,set23,alt1,20260909656
650,4,set26,alt1,20260909656
650,4,set27,alt1,20260909656
650,4,set32,alt1,20260909656
650,4,set34,alt2,20260909656
650,4,set43,alt2,20260909656
651,1,set5,alt2,20260909657
651,1,set6,alt1,20260909657
651,1,set9,alt2,20260909657
651,1,set11,alt2,20260909657
651,1,set18,alt2,20260909657
651,1,set19,alt2,20260909657
651,1,set33,alt1,20260909657
651,1,set35,alt2,20260909657
651,1,set37,alt1,20260909657
651,1,set41,alt1,20260909657
651,1,set42,alt2,20260909657
651,1,set48,alt2,20260909657
652,3,set3,alt1,20260909658
652,3,set4,alt2,20260909658
652,3,set12,alt1,20260909658
652,3,set22,alt1,20260909658
652,3,set24,alt1,20260909658
652,3,set25,alt1,20260909658
652,3,set28,alt1,20260909658
652,3,set29,alt1,20260909658
652,3,set30,alt2,20260909658
652,3,set31,alt2,20260909658
652,3,set39,alt2,20260909658
652,3,set47,alt2,20260909658
653,4,set14,alt1,20260909659
653,4,set15,alt2,20260909659
653,4,set16,alt1,20260909659
653,4,set17,alt2,20260909659
653,4,set20,alt1,20260909659
653,4,set21,alt1,20260909659
653,4,set23,alt1,20260909659
653,4,set26,alt1,20260909659
653,4,set27,alt1,20260909659
653,4,set32,alt1,20260909659
653,4,set34,alt1,20260909659
653,4,set43,alt1,20260909659
654,1,set5,alt2,20260909660
654,1,set6,alt2,20260909660
654,1,set9,alt2,20260909660
654,1,set11,alt2,20260909660
654,1,set18,alt2,20260909660
654,1,set19,alt2,20260909660
654,1,set33,alt1,20260909660
654,1,set35,alt2,20260909660
654,1,set37,alt1,20260909660
654,1,set41,alt2,20260909660
654,1,set42,alt2,20260909660
654,1,set48,alt2,20260909660
655,2,set1,alt2,20260909661
655,2,set2,alt1,20260909661
655,2,set7,alt1,20260909661
655,2,set8,alt1,20260909661
655,2,set10,alt1,20260909661
655,2,set13,alt1,20260909661
655,2,set36,alt2,20260909661
655,2,set38,alt2,20260909661
655,2,set40,alt2,20260909661
655,2,set44,alt1,20260909661
655,2,set45,alt2,20260909661
655,2,set46,alt1,20260909661
656,2,set1,alt2,20260909662
656,2,set2,alt1,20260909662
656,2,set7,alt1,20260909662
656,2,set8,alt1,20260909662
656,2,set10,alt2,20260909662
656,2,set13,alt1,20260909662
656,2,set36,alt2,20260909662
656,2,set38,alt2,20260909662
656,2,set40,alt2,20260909662
656,2,set44,alt1,20260909662
656,2,set45,alt2,20260909662
656,2,set46,alt1,20260909662
657,1,set5,alt2,20260909663
657,1,set6,alt1,20260909663
657,1,set9,alt2,20260909663
657,1,set11,alt2,20260909663
657,1,set18,alt2,20260909663
657,1,set19,alt2,20260909663
657,1,set33,alt1,20260909663
657,1,set35,alt2,20260909663
657,1,set37,alt1,20260909663
657,1,set41,alt1,20260909663
657,1,set42,alt2,20260909663
657,1,set48,alt2,20260909663
658,3,set3,alt1,20260909664
658,3,set4,alt2,20260909664
658,3,set12,alt1,20260909664
658,3,set22,alt1,20260909664
658,3,set24,alt1,20260909664
658,3,set25,alt1,20260909664
658,3,set28,alt1,20260909664
658,3,set29,alt1,20260909664
658,3,set30,alt2,20260909664
658,3,set31,alt2,20260909664
658,3,set39,alt2,20260909664
658,3,set47,alt2,20260909664
659,2,set1,alt2,20260909665
659,2,set2,alt1,20260909665
659,2,set7,alt1,20260909665
659,2,set8,alt1,20260909665
659,2,set10,alt2,20260909665
659,2,set13,alt1,20260909665
659,2,set36,alt2,20260909665
659,2,set38,alt2,20260909665
659,2,set40,alt2,20260909665
659,2,set44,alt1,20260909665
659,2,set45,alt2,20260909665
659,2,set46,alt1,20260909665
660,2,set1,alt2,20260909666
660,2,set2,alt1,20260909666
660,2,set7,alt2,20260909666
660,2,set8,alt1,20260909666
660,2,set10,alt2,20260909666
660,2,set13,alt1,20260909666
660,2,set36,alt2,20260909666
660,2,set38,alt1,20260909666
660,2,set40,alt2,20260909666
660,2,set44,alt2,20260909666
660,2,set45,alt2,20260909666
660,2,set46,alt2,20260909666
661,3,set3,alt1,20260909667
661,3,set4,alt2,20260909667
661,3,set12,alt1,20260909667
661,3,set22,alt1,20260909667
661,3,set24,alt1,20260909667
661,3,set25,alt1,20260909667
661,3,set28,alt1,20260909667
661,3,set29,alt1,20260909667
661,3,set30,alt2,20260909667
661,3,set31,alt2,20260909667
661,3,set39,alt2,20260909667
661,3,set47,alt2,20260909667
662,3,set3,alt1,20260909668
662,3,set4,alt2,20260909668
662,3,set12,alt1,20260909668
662,3,set22,alt1,20260909668
662,3,set24,alt1,20260909668
662,3,set25,alt1,20260909668
662,3,set28,alt1,20260909668
662,3,set29,alt1,20260909668
662,3,set30,alt2,20260909668
662,3,set31,alt2,20260909668
662,3,set39,alt2,20260909668
662,3,set47,alt2,20260909668
663,1,set5,alt2,20260909669
663,1,set6,alt2,20260909669
663,1,set9,alt2,20260909669
663,1,set11,alt2,20260909669
663,1,set18,alt2,20260909669
663,1,set19,alt2,20260909669
663,1,set33,alt1,20260909669
663,1,set35,alt2,20260909669
663,1,set37,alt1,20260909669
663,1,set41,alt2,20260909669
663,1,set42,alt2,20260909669
663,1,set48,alt2,20260909669
664,4,set14,alt1,20260909670
664,4,set15,alt2,20260909670
664,4,set16,alt2,20260909670
664,4,set17,alt2,20260909670
664,4,set20,alt1,20260909670
664,4,set21,alt1,20260909670
664,4,set23,alt1,20260909670
664,4,set26,alt1,20260909670
664,4,set27,alt1,20260909670
664,4,set32,alt1,20260909670
664,4,set34,alt2,20260909670
664,4,set43,alt2,20260909670
665,2,set1,alt2,20260909671
665,2,set2,alt1,20260909671
665,2,set7,alt1,20260909671
665,2,set8,alt1,20260909671
665,2,set10,alt1,20260909671
665,2,set13,alt1,20260909671
665,2,set36,alt2,20260909671
665,2,set38,alt2,20260909671
665,2,set40,alt2,20260909671
665,2,set44,alt1,20260909671
665,2,set45,alt2,20260909671
665,2,set46,alt1,20260909671
666,1,set5,alt1,20260909672
666,1,set6,alt1,20260909672
666,1,set9,alt1,20260909672
666,1,set11,alt2,20260909672
666,1,set18,alt1,20260909672
666,1,set19,alt1,20260909672
666,1,set33,alt2,20260909672
666,1,set35,alt2,20260909672
666,1,set37,alt1,20260909672
666,1,set41,alt1,20260909672
666,1,set42,alt2,20260909672
666,1,set48,alt2,20260909672
667,3,set3,alt2,20260909673
667,3,set4,alt2,20260909673
667,3,set12,alt1,20260909673
667,3,set22,alt2,20260909673
667,3,set24,alt1,20260909673
667,3,set25,alt1,20260909673
667,3,set28,alt1,20260909673
667,3,set29,alt1,20260909673
667,3,set30,alt2,20260909673
667,3,set31,alt2,20260909673
667,3,set39,alt2,20260909673
667,3,set47,alt2,20260909673
668,2,set1,alt2,20260909674
668,2,set2,alt1,20260909674
668,2,set7,alt1,20260909674
668,2,set8,alt1,20260909674
668,2,set10,alt1,20260909674
668,2,set13,alt1,20260909674
668,2,set36,alt2,20260909674
668,2,set38,alt2,20260909674
668,2,set40,alt2,20260909674
668,2,set44,alt1,20260909674
668,2,set45,alt2,20260909674
668,2,set46,alt1,20260909674
669,1,set5,alt2,20260909675
669,1,set6,alt2,20260909675
669,1,set9,alt2,20260909675
669,1,set11,alt2,20260909675
669,1,set18,alt2,20260909675
669,1,set19,alt2,20260909675
669,1,set33,alt1,20260909675
669,1,set35,alt2,20260909675
669,1,set37,alt1,20260909675
669,1,set41,alt2,20260909675
669,1,set42,alt2,20260909675
669,1,set48,alt2,20260909675
670,3,set3,alt2,20260909676
670,3,set4,alt2,20260909676
670,3,set12,alt1,20260909676
670,3,set22,alt2,20260909676
670,3,set24,alt1,20260909676
670,3,set25,alt1,20260909676
670,3,set28,alt1,20260909676
670,3,set29,alt1,20260909676
670,3,set30,alt2,20260909676
670,3,set31,alt2,20260909676
670,3,set39,alt2,20260909676
670,3,set47,alt2,20260909676
671,2,set1,alt2,20260909677
671,2,set2,alt1,20260909677
671,2,set7,alt1,20260909677
671,2,set8,alt1,20260909677
671,2,set10,alt1,20260909677
671,2,set13,alt1,20260909677
671,2,set36,alt2,20260909677
671,2,set38,alt2,20260909677
671,2,set40,alt2,20260909677
671,2,set44,alt1,20260909677
671,2,set45,alt2,20260909677
671,2,set46,alt1,20260909677
672,2,set1,alt2,20260909678
672,2,set2,alt1,20260909678
672,2,set7,alt1,20260909678
672,2,set8,alt1,20260909678
672,2,set10,alt1,20260909678
672,2,set13,alt1,20260909678
672,2,set36,alt2,20260909678
672,2,set38,alt2,20260909678
672,2,set40,alt2,20260909678
672,2,set44,alt1,20260909678
672,2,set45,alt2,20260909678
672,2,set46,alt1,20260909678
673,1,set5,alt2,20260909679
673,1,set6,alt2,20260909679
673,1,set9,alt2,20260909679
673,1,set11,alt2,20260909679
673,1,set18,alt2,20260909679
673,1,set19,alt2,20260909679
673,1,set33,alt1,20260909679
673,1,set35,alt2,20260909679
673,1,set37,alt1,20260909679
673,1,set41,alt2,20260909679
673,1,set42,alt2,20260909679
673,1,set48,alt2,20260909679
674,4,set14,alt1,20260909680
674,4,set15,alt2,20260909680
674,4,set16,alt2,20260909680
674,4,set17,alt2,20260909680
674,4,set20,alt1,20260909680
674,4,set21,alt1,20260909680
674,4,set23,alt1,20260909680
674,4,set26,alt1,20260909680
674,4,set27,alt1,20260909680
674,4,set32,alt1,20260909680
674,4,set34,alt2,20260909680
674,4,set43,alt2,20260909680
675,3,set3,alt1,20260909681
675,3,set4,alt2,20260909681
675,3,set12,alt1,20260909681
675,3,set22,alt1,20260909681
675,3,set24,alt1,20260909681
675,3,set25,alt1,20260909681
675,3,set28,alt1,20260909681
675,3,set29,alt1,20260909681
675,3,set30,alt2,20260909681
675,3,set31,alt2,20260909681
675,3,set39,alt2,20260909681
675,3,set47,alt2,20260909681
676,1,set5,alt2,20260909682
676,1,set6,alt2,20260909682
676,1,set9,alt2,20260909682
676,1,set11,alt2,20260909682
676,1,set18,alt1,20260909682
676,1,set19,alt2,20260909682
676,1,set33,alt1,20260909682
676,1,set35,alt2,20260909682
676,1,set37,alt1,20260909682
676,1,set41,alt1,20260909682
676,1,set42,alt2,20260909682
676,1,set48,alt2,20260909682
677,4,set14,alt1,20260909683
677,4,set15,alt2,20260909683
677,4,set16,alt2,20260909683
677,4,set17,alt2,20260909683
677,4,set20,alt1,20260909683
677,4,set21,alt1,20260909683
677,4,set23,alt1,20260909683
677,4,set26,alt1,20260909683
677,4,set27,alt1,20260909683
677,4,set32,alt1,20260909683
677,4,set34,alt2,20260909683
677,4,set43,alt2,20260909683
678,2,set1,alt2,20260909684
678,2,set2,alt1,20260909684
678,2,set7,alt1,20260909684
678,2,set8,alt1,20260909684
678,2,set10,alt1,20260909684
678,2,set13,alt1,20260909684
678,2,set36,alt2,20260909684
678,2,set38,alt2,20260909684
678,2,set40,alt2,20260909684
678,2,set44,alt1,20260909684
678,2,set45,alt2,20260909684
678,2,set46,alt1,20260909684
679,2,set1,alt2,20260909685
679,2,set2,alt1,20260909685
679,2,set7,alt1,20260909685
679,2,set8,alt1,20260909685
679,2,set10,alt2,20260909685
679,2,set13,alt1,20260909685
679,2,set36,alt2,20260909685
679,2,set38,alt2,20260909685
679,2,set40,alt2,20260909685
679,2,set44,alt1,20260909685
679,2,set45,alt2,20260909685
679,2,set46,alt1,20260909685
680,3,set3,alt1,20260909686
680,3,set4,alt2,20260909686
680,3,set12,alt1,20260909686
680,3,set22,alt1,20260909686
680,3,set24,alt1,20260909686
680,3,set25,alt1,20260909686
680,3,set28,alt1,20260909686
680,3,set29,alt1,20260909686
680,3,set30,alt2,20260909686
680,3,set31,alt2,20260909686
680,3,set39,alt2,20260909686
680,3,set47,alt2,20260909686
681,1,set5,alt1,20260909687
681,1,set6,alt1,20260909687
681,1,set9,alt1,20260909687
681,1,set11,alt2,20260909687
681,1,set18,alt1,20260909687
681,1,set19,alt1,20260909687
681,1,set33,alt2,20260909687
681,1,set35,alt2,20260909687
681,1,set37,alt1,20260909687
681,1,set41,alt1,20260909687
681,1,set42,alt2,20260909687
681,1,set48,alt2,20260909687
682,2,set1,alt2,20260909688
682,2,set2,alt1,20260909688
682,2,set7,alt1,20260909688
682,2,set8,alt1,20260909688
682,2,set10,alt1,20260909688
682,2,set13,alt1,20260909688
682,2,set36,alt2,20260909688
682,2,set38,alt2,20260909688
682,2,set40,alt2,20260909688
682,2,set44,alt1,20260909688
682,2,set45,alt2,20260909688
682,2,set46,alt1,20260909688
683,1,set5,alt2,20260909689
683,1,set6,alt1,20260909689
683,1,set9,alt2,20260909689
683,1,set11,alt2,20260909689
683,1,set18,alt2,20260909689
683,1,set19,alt2,20260909689
683,1,set33,alt1,20260909689
683,1,set35,alt2,20260909689
683,1,set37,alt1,20260909689
683,1,set41,alt1,20260909689
683,1,set42,alt2,20260909689
683,1,set48,alt2,20260909689
684,1,set5,alt2,20260909690
684,1,set6,alt1,20260909690
684,1,set9,alt2,20260909690
684,1,set11,alt2,20260909690
684,1,set18,alt2,20260909690
684,1,set19,alt2,20260909690
684,1,set33,alt1,20260909690
684,1,set35,alt2,20260909690
684,1,set37,alt1,20260909690
684,1,set41,alt1,20260909690
684,1,set42,alt2,20260909690
684,1,set48,alt2,20260909690
685,1,set5,alt2,20260909691
685,1,set6,alt2,20260909691
685,1,set9,alt2,20260909691
685,1,set11,alt2,20260909691
685,1,set18,alt2,20260909691
685,1,set19,alt2,20260909691
685,1,set33,alt1,20260909691
685,1,set35,alt2,20260909691
685,1,set37,alt1,20260909691
685,1,set41,alt2,20260909691
685,1,set42,alt2,20260909691
685,1,set48,alt2,20260909691
686,3,set3,alt1,20260909692
686,3,set4,alt2,20260909692
686,3,set12,alt1,20260909692
686,3,set22,alt1,20260909692
686,3,set24,alt1,20260909692
686,3,set25,alt1,20260909692
686,3,set28,alt1,20260909692
686,3,set29,alt1,20260909692
686,3,set30,alt2,20260909692
686,3,set31,alt2,20260909692
686,3,set39,alt2,20260909692
686,3,set47,alt2,20260909692
687,1,set5,alt2,20260909693
687,1,set6,alt2,20260909693
687,1,set9,alt2,20260909693
687,1,set11,alt2,20260909693
687,1,set18,alt2,20260909693
687,1,set19,alt2,20260909693
687,1,set33,alt1,20260909693
687,1,set35,alt2,20260909693
687,1,set37,alt1,20260909693
687,1,set41,alt2,20260909693
687,1,set42,alt2,20260909693
687,1,set48,alt2,20260909693
688,4,set14,alt1,20260909694
688,4,set15,alt1,20260909694
688,4,set16,alt1,20260909694
688,4,set17,alt1,20260909694
688,4,set20,alt1,20260909694
688,4,set21,alt1,20260909694
688,4,set23,alt1,20260909694
688,4,set26,alt1,20260909694
688,4,set27,alt1,20260909694
688,4,set32,alt1,20260909694
688,4,set34,alt2,20260909694
688,4,set43,alt1,20260909694
689,4,set14,alt2,20260909695
689,4,set15,alt2,20260909695
689,4,set16,alt1,20260909695
689,4,set17,alt1,20260909695
689,4,set20,alt1,20260909695
689,4,set21,alt1,20260909695
689,4,set23,alt1,20260909695
689,4,set26,alt1,20260909695
689,4,set27,alt2,20260909695
689,4,set32,alt1,20260909695
689,4,set34,alt2,20260909695
689,4,set43,alt1,20260909695
690,2,set1,alt2,20260909696
690,2,set2,alt1,20260909696
690,2,set7,alt2,20260909696
690,2,set8,alt1,20260909696
690,2,set10,alt2,20260909696
690,2,set13,alt1,20260909696
690,2,set36,alt2,20260909696
690,2,set38,alt1,20260909696
690,2,set40,alt2,20260909696
690,2,set44,alt2,20260909696
690,2,set45,alt2,20260909696
690,2,set46,alt2,20260909696
691,3,set3,alt2,20260909697
691,3,set4,alt1,20260909697
691,3,set12,alt1,20260909697
691,3,set22,alt2,20260909697
691,3,set24,alt1,20260909697
691,3,set25,alt2,20260909697
691,3,set28,alt2,20260909697
691,3,set29,alt1,20260909697
691,3,set30,alt2,20260909697
691,3,set31,alt1,20260909697
691,3,set39,alt1,20260909697
691,3,set47,alt2,20260909697
692,3,set3,alt1,20260909698
692,3,set4,alt2,20260909698
692,3,set12,alt1,20260909698
692,3,set22,alt1,20260909698
692,3,set24,alt1,20260909698
692,3,set25,alt1,20260909698
692,3,set28,alt1,20260909698
692,3,set29,alt1,20260909698
692,3,set30,alt2,20260909698
692,3,set31,alt2,20260909698
692,3,set39,alt2,20260909698
692,3,set47,alt2,20260909698
693,3,set3,alt1,20260909699
693,3,set4,alt2,20260909699
693,3,set12,alt1,20260909699
693,3,set22,alt1,20260909699
693,3,set24,alt1,20260909699
693,3,set25,alt1,20260909699
693,3,set28,alt1,20260909699
693,3,set29,alt1,20260909699
693,3,set30,alt2,20260909699
693,3,set31,alt2,20260909699
693,3,set39,alt2,20260909699
693,3,set47,alt2,20260909699
694,4,set14,alt1,20260909700
694,4,set15,alt1,20260909700
694,4,set16,alt1,20260909700
694,4,set17,alt1,20260909700
694,4,set20,alt1,20260909700
694,4,set21,alt1,20260909700
694,4,set23,alt1,20260909700
694,4,set26,alt1,20260909700
694,4,set27,alt1,20260909700
694,4,set32,alt1,20260909700
694,4,set34,alt2,20260909700
694,4,set43,alt1,20260909700
695,3,set3,alt1,20260909701
695,3,set4,alt2,20260909701
695,3,set12,alt1,20260909701
695,3,set22,alt1,20260909701
695,3,set24,alt1,20260909701
695,3,set25,alt1,20260909701
695,3,set28,alt1,20260909701
695,3,set29,alt1,20260909701
695,3,set30,alt2,20260909701
695,3,set31,alt2,20260909701
695,3,set39,alt2,20260909701
695,3,set47,alt2,20260909701
696,4,set14,alt1,20260909702
696,4,set15,alt1,20260909702
696,4,set16,alt1,20260909702
696,4,set17,alt1,20260909702
696,4,set20,alt1,20260909702
696,4,set21,alt1,20260909702
696,4,set23,alt1,20260909702
696,4,set26,alt1,20260909702
696,4,set27,alt1,20260909702
696,4,set32,alt1,20260909702
696,4,set34,alt2,20260909702
696,4,set43,alt1,20260909702
697,4,set14,alt2,20260909703
697,4,set15,alt2,20260909703
697,4,set16,alt1,20260909703
697,4,set17,alt1,20260909703
697,4,set20,alt1,20260909703
697,4,set21,alt1,20260909703
697,4,set23,alt1,20260909703
697,4,set26,alt1,20260909703
697,4,set27,alt2,20260909703
697,4,set32,alt1,20260909703
697,4,set34,alt2,20260909703
697,4,set43,alt1,20260909703
698,1,set5,alt2,20260909704
698,1,set6,alt2,20260909704
698,1,set9,alt2,20260909704
698,1,set11,alt2,20260909704
698,1,set18,alt2,20260909704
698,1,set19,alt2,20260909704
698,1,set33,alt1,20260909704
698,1,set35,alt2,20260909704
698,1,set37,alt1,20260909704
698,1,set41,alt2,20260909704
698,1,set42,alt2,20260909704
698,1,set48,alt2,20260909704
699,2,set1,alt2,20260909705
699,2,set2,alt1,20260909705
699,2,set7,alt1,20260909705
699,2,set8,alt1,20260909705
699,2,set10,alt1,20260909705
699,2,set13,alt1,20260909705
699,2,set36,alt2,20260909705
699,2,set38,alt2,20260909705
699,2,set40,alt2,20260909705
699,2,set44,alt1,20260909705
699,2,set45,alt2,20260909705
699,2,set46,alt1,20260909705
700,3,set3,alt1,20260909706
700,3,set4,alt2,20260909706
700,3,set12,alt1,20260909706
700,3,set22,alt1,20260909706
700,3,set24,alt1,20260909706
700,3,set25,alt1,20260909706
700,3,set28,alt1,20260909706
700,3,set29,alt1,20260909706
700,3,set30,alt2,20260909706
700,3,set31,alt2,20260909706
700,3,set39,alt2,20260909706
700,3,set47,alt2,20260909706
701,4,set14,alt1,20260909707
701,4,set15,alt2,20260909707
701,4,set16,alt1,20260909707
701,4,set17,alt2,20260909707
701,4,set20,alt1,20260909707
701,4,set21,alt1,20260909707
701,4,set23,alt1,20260909707
701,4,set26,alt1,20260909707
701,4,set27,alt1,20260909707
701,4,set32,alt1,20260909707
701,4,set34,alt1,20260909707
701,4,set43,alt1,20260909707
702,1,set5,alt2,20260909708
702,1,set6,alt2,20260909708
702,1,set9,alt2,20260909708
702,1,set11,alt2,20260909708
702,1,set18,alt1,20260909708
702,1,set19,alt2,20260909708
702,1,set33,alt1,20260909708
702,1,set35,alt2,20260909708
702,1,set37,alt1,20260909708
702,1,set41,alt1,20260909708
702,1,set42,alt2,20260909708
702,1,set48,alt2,20260909708
703,2,set1,alt2,20260909709
703,2,set2,alt1,20260909709
703,2,set7,alt1,20260909709
703,2,set8,alt1,20260909709
703,2,set10,alt2,20260909709
703,2,set13,alt1,20260909709
703,2,set36,alt2,20260909709
703,2,set38,alt2,20260909709
703,2,set40,alt2,20260909709
703,2,set44,alt1,20260909709
703,2,set45,alt2,20260909709
703,2,set46,alt1,20260909709
704,2,set1,alt2,20260909710
704,2,set2,alt1,20260909710
704,2,set7,alt1,20260909710
704,2,set8,alt1,20260909710
704,2,set10,alt1,20260909710
704,2,set13,alt1,20260909710
704,2,set36,alt2,20260909710
704,2,set38,alt2,20260909710
704,2,set40,alt2,20260909710
704,2,set44,alt1,20260909710
704,2,set45,alt2,20260909710
704,2,set46,alt1,20260909710
705,3,set3,alt2,20260909711
705,3,set4,alt2,20260909711
705,3,set12,alt1,20260909711
705,3,set22,alt2,20260909711
705,3,set24,alt1,20260909711
705,3,set25,alt1,20260909711
705,3,set28,alt1,20260909711
705,3,set29,alt1,20260909711
705,3,set30,alt2,20260909711
705,3,set31,alt2,20260909711
705,3,set39,alt2,20260909711
705,3,set47,alt2,20260909711
706,2,set1,alt2,20260909712
706,2,set2,alt1,20260909712
706,2,set7,alt1,20260909712
706,2,set8,alt1,20260909712
706,2,set10,alt2,20260909712
706,2,set13,alt1,20260909712
706,2,set36,alt2,20260909712
706,2,set38,alt2,20260909712
706,2,set40,alt2,20260909712
706,2,set44,alt2,20260909712
706,2,set45,alt2,20260909712
706,2,set46,alt2,20260909712
707,3,set3,alt1,20260909713
707,3,set4,alt2,20260909713
707,3,set12,alt1,20260909713
707,3,set22,alt1,20260909713
707,3,set24,alt1,20260909713
707,3,set25,alt1,20260909713
707,3,set28,alt1,20260909713
707,3,set29,alt1,20260909713
707,3,set30,alt2,20260909713
707,3,set31,alt2,20260909713
707,3,set39,alt2,20260909713
707,3,set47,alt2,20260909713
708,1,set5,alt1,20260909714
708,1,set6,alt1,20260909714
708,1,set9,alt1,20260909714
708,1,set11,alt2,20260909714
708,1,set18,alt1,20260909714
708,1,set19,alt1,20260909714
708,1,set33,alt2,20260909714
708,1,set35,alt2,20260909714
708,1,set37,alt1,20260909714
708,1,set41,alt1,20260909714
708,1,set42,alt2,20260909714
708,1,set48,alt2,20260909714
709,3,set3,alt1,20260909715
709,3,set4,alt2,20260909715
709,3,set12,alt1,20260909715
709,3,set22,alt1,20260909715
709,3,set24,alt1,20260909715
709,3,set25,alt1,20260909715
709,3,set28,alt1,20260909715
709,3,set29,alt1,20260909715
709,3,set30,alt2,20260909715
709,3,set31,alt2,20260909715
709,3,set39,alt2,20260909715
709,3,set47,alt2,20260909715
710,3,set3,alt2,20260909716
710,3,set4,alt1,20260909716
710,3,set12,alt1,20260909716
710,3,set22,alt2,20260909716
710,3,set24,alt1,20260909716
710,3,set25,alt2,20260909716
710,3,set28,alt2,20260909716
710,3,set29,alt1,20260909716
710,3,set30,alt2,20260909716
710,3,set31,alt1,20260909716
710,3,set39,alt1,20260909716
710,3,set47,alt2,20260909716
711,3,set3,alt2,20260909717
711,3,set4,alt2,20260909717
711,3,set12,alt1,20260909717
711,3,set22,alt2,20260909717
711,3,set24,alt1,20260909717
711,3,set25,alt1,20260909717
711,3,set28,alt1,20260909717
711,3,set29,alt1,20260909717
711,3,set30,alt2,20260909717
711,3,set31,alt2,20260909717
711,3,set39,alt2,20260909717
711,3,set47,alt2,20260909717
712,3,set3,alt1,20260909718
712,3,set4,alt2,20260909718
712,3,set12,alt1,20260909718
712,3,set22,alt1,20260909718
712,3,set24,alt1,20260909718
712,3,set25,alt1,20260909718
712,3,set28,alt1,20260909718
712,3,set29,alt1,20260909718
712,3,set30,alt2,20260909718
712,3,set31,alt2,20260909718
712,3,set39,alt2,20260909718
712,3,set47,alt2,20260909718
713,2,set1,alt2,20260909719
713,2,set2,alt1,20260909719
713,2,set7,alt1,20260909719
713,2,set8,alt1,20260909719
713,2,set10,alt1,20260909719
713,2,set13,alt1,20260909719
713,2,set36,alt2,20260909719
713,2,set38,alt2,20260909719
713,2,set40,alt2,20260909719
713,2,set44,alt1,20260909719
713,2,set45,alt2,20260909719
713,2,set46,alt1,20260909719
714,4,set14,alt1,20260909720
714,4,set15,alt1,20260909720
714,4,set16,alt1,20260909720
714,4,set17,alt1,20260909720
714,4,set20,alt1,20260909720
714,4,set21,alt1,20260909720
714,4,set23,alt1,20260909720
714,4,set26,alt1,20260909720
714,4,set27,alt1,20260909720
714,4,set32,alt1,20260909720
714,4,set34,alt2,20260909720
714,4,set43,alt1,20260909720
715,3,set3,alt1,20260909721
715,3,set4,alt2,20260909721
715,3,set12,alt1,20260909721
715,3,set22,alt1,20260909721
715,3,set24,alt1,20260909721
715,3,set25,alt1,20260909721
715,3,set28,alt1,20260909721
715,3,set29,alt1,20260909721
715,3,set30,alt2,20260909721
715,3,set31,alt2,20260909721
715,3,set39,alt2,20260909721
715,3,set47,alt2,20260909721
716,1,set5,alt2,20260909722
716,1,set6,alt2,20260909722
716,1,set9,alt2,20260909722
716,1,set11,alt2,20260909722
716,1,set18,alt2,20260909722
716,1,set19,alt2,20260909722
716,1,set33,alt1,20260909722
716,1,set35,alt2,20260909722
716,1,set37,alt1,20260909722
716,1,set41,alt2,20260909722
716,1,set42,alt2,20260909722
716,1,set48,alt2,20260909722
717,2,set1,alt2,20260909723
717,2,set2,alt1,20260909723
717,2,set7,alt1,20260909723
717,2,set8,alt1,20260909723
717,2,set10,alt1,20260909723
717,2,set13,alt1,20260909723
717,2,set36,alt2,20260909723
717,2,set38,alt2,20260909723
717,2,set40,alt2,20260909723
717,2,set44,alt1,20260909723
717,2,set45,alt2,20260909723
717,2,set46,alt1,20260909723
718,2,set1,alt2,20260909724
718,2,set2,alt1,20260909724
718,2,set7,alt2,20260909724
718,2,set8,alt1,20260909724
718,2,set10,alt2,20260909724
718,2,set13,alt1,20260909724
718,2,set36,alt2,20260909724
718,2,set38,alt1,20260909724
718,2,set40,alt2,20260909724
718,2,set44,alt2,20260909724
718,2,set45,alt2,20260909724
718,2,set46,alt2,20260909724
719,3,set3,alt2,20260909725
719,3,set4,alt1,20260909725
719,3,set12,alt1,20260909725
719,3,set22,alt2,20260909725
719,3,set24,alt1,20260909725
719,3,set25,alt2,20260909725
719,3,set28,alt2,20260909725
719,3,set29,alt1,20260909725
719,3,set30,alt1,20260909725
719,3,set31,alt2,20260909725
719,3,set39,alt1,20260909725
719,3,set47,alt1,20260909725
720,2,set1,alt2,20260909726
720,2,set2,alt1,20260909726
720,2,set7,alt1,20260909726
720,2,set8,alt1,20260909726
720,2,set10,alt1,20260909726
720,2,set13,alt1,20260909726
720,2,set36,alt2,20260909726
720,2,set38,alt2,20260909726
720,2,set40,alt2,20260909726
720,2,set44,alt1,20260909726
720,2,set45,alt2,20260909726
720,2,set46,alt1,20260909726
721,3,set3,alt2,20260909727
721,3,set4,alt1,20260909727
721,3,set12,alt1,20260909727
721,3,set22,alt2,20260909727
721,3,set24,alt1,20260909727
721,3,set25,alt2,20260909727
721,3,set28,alt2,20260909727
721,3,set29,alt1,20260909727
721,3,set30,alt2,20260909727
721,3,set31,alt1,20260909727
721,3,set39,alt1,20260909727
721,3,set47,alt2,20260909727
722,1,set5,alt1,20260909728
722,1,set6,alt1,20260909728
722,1,set9,alt1,20260909728
722,1,set11,alt2,20260909728
722,1,set18,alt1,20260909728
722,1,set19,alt1,20260909728
722,1,set33,alt2,20260909728
722,1,set35,alt2,20260909728
722,1,set37,alt1,20260909728
722,1,set41,alt1,20260909728
722,1,set42,alt2,20260909728
722,1,set48,alt2,20260909728
723,2,set1,alt2,20260909729
723,2,set2,alt1,20260909729
723,2,set7,alt1,20260909729
723,2,set8,alt1,20260909729
723,2,set10,alt1,20260909729
723,2,set13,alt1,20260909729
723,2,set36,alt2,20260909729
723,2,set38,alt2,20260909729
723,2,set40,alt2,20260909729
723,2,set44,alt1,20260909729
723,2,set45,alt2,20260909729
723,2,set46,alt1,20260909729
724,3,set3,alt2,20260909730
724,3,set4,alt1,20260909730
724,3,set12,alt1,20260909730
724,3,set22,alt2,20260909730
724,3,set24,alt1,20260909730
724,3,set25,alt2,20260909730
724,3,set28,alt2,20260909730
724,3,set29,alt1,20260909730
724,3,set30,alt2,20260909730
724,3,set31,alt1,20260909730
724,3,set39,alt1,20260909730
724,3,set47,alt2,20260909730
725,2,set1,alt2,20260909731
725,2,set2,alt1,20260909731
725,2,set7,alt1,20260909731
725,2,set8,alt1,20260909731
725,2,set10,alt2,20260909731
725,2,set13,alt1,20260909731
725,2,set36,alt2,20260909731
725,2,set38,alt2,20260909731
725,2,set40,alt2,20260909731
725,2,set44,alt1,20260909731
725,2,set45,alt2,20260909731
725,2,set46,alt1,20260909731
726,4,set14,alt1,20260909732
726,4,set15,alt2,20260909732
726,4,set16,alt2,20260909732
726,4,set17,alt2,20260909732
726,4,set20,alt1,20260909732
726,4,set21,alt1,20260909732
726,4,set23,alt1,20260909732
726,4,set26,alt1,20260909732
726,4,set27,alt1,20260909732
726,4,set32,alt1,20260909732
726,4,set34,alt2,20260909732
726,4,set43,alt2,20260909732
727,3,set3,alt2,20260909733
727,3,set4,alt1,20260909733
727,3,set12,alt1,20260909733
727,3,set22,alt2,20260909733
727,3,set24,alt1,20260909733
727,3,set25,alt2,20260909733
727,3,set28,alt2,20260909733
727,3,set29,alt1,20260909733
727,3,set30,alt2,20260909733
727,3,set31,alt1,20260909733
727,3,set39,alt1,20260909733
727,3,set47,alt2,20260909733
728,2,set1,alt2,20260909734
728,2,set2,alt1,20260909734
728,2,set7,alt1,20260909734
728,2,set8,alt1,20260909734
728,2,set10,alt2,20260909734
728,2,set13,alt1,20260909734
728,2,set36,alt2,20260909734
728,2,set38,alt2,20260909734
728,2,set40,alt2,20260909734
728,2,set44,alt1,20260909734
728,2,set45,alt2,20260909734
728,2,set46,alt1,20260909734
729,1,set5,alt2,20260909735
729,1,set6,alt2,20260909735
729,1,set9,alt2,20260909735
729,1,set11,alt2,20260909735
729,1,set18,alt2,20260909735
729,1,set19,alt2,20260909735
729,1,set33,alt1,20260909735
729,1,set35,alt2,20260909735
729,1,set37,alt1,20260909735
729,1,set41,alt2,20260909735
729,1,set42,alt2,20260909735
729,1,set48,alt2,20260909735
730,3,set3,alt1,20260909736
730,3,set4,alt2,20260909736
730,3,set12,alt1,20260909736
730,3,set22,alt1,20260909736
730,3,set24,alt1,20260909736
730,3,set25,alt1,20260909736
730,3,set28,alt1,20260909736
730,3,set29,alt1,20260909736
730,3,set30,alt2,20260909736
730,3,set31,alt2,20260909736
730,3,set39,alt2,20260909736
730,3,set47,alt2,20260909736
731,3,set3,alt1,20260909737
731,3,set4,alt2,20260909737
731,3,set12,alt1,20260909737
731,3,set22,alt1,20260909737
731,3,set24,alt1,20260909737
731,3,set25,alt1,20260909737
731,3,set28,alt1,20260909737
731,3,set29,alt1,20260909737
731,3,set30,alt2,20260909737
731,3,set31,alt2,20260909737
731,3,set39,alt2,20260909737
731,3,set47,alt2,20260909737
732,2,set1,alt2,20260909738
732,2,set2,alt1,20260909738
732,2,set7,alt1,20260909738
732,2,set8,alt1,20260909738
732,2,set10,alt1,20260909738
732,2,set13,alt1,20260909738
732,2,set36,alt2,20260909738
732,2,set38,alt2,20260909738
732,2,set40,alt2,20260909738
732,2,set44,alt1,20260909738
732,2,set45,alt2,20260909738
732,2,set46,alt1,20260909738
733,2,set1,alt2,20260909739
733,2,set2,alt1,20260909739
733,2,set7,alt1,20260909739
733,2,set8,alt1,20260909739
733,2,set10,alt2,20260909739
733,2,set13,alt1,20260909739
733,2,set36,alt2,20260909739
733,2,set38,alt2,20260909739
733,2,set40,alt2,20260909739
733,2,set44,alt1,20260909739
733,2,set45,alt2,20260909739
733,2,set46,alt1,20260909739
734,3,set3,alt2,20260909740
734,3,set4,alt1,20260909740
734,3,set12,alt1,20260909740
734,3,set22,alt2,20260909740
734,3,set24,alt1,20260909740
734,3,set25,alt2,20260909740
734,3,set28,alt2,20260909740
734,3,set29,alt1,20260909740
734,3,set30,alt1,20260909740
734,3,set31,alt2,20260909740
734,3,set39,alt1,20260909740
734,3,set47,alt1,20260909740
735,2,set1,alt2,20260909741
735,2,set2,alt1,20260909741
735,2,set7,alt2,20260909741
735,2,set8,alt1,20260909741
735,2,set10,alt2,20260909741
735,2,set13,alt1,20260909741
735,2,set36,alt2,20260909741
735,2,set38,alt1,20260909741
735,2,set40,alt2,20260909741
735,2,set44,alt2,20260909741
735,2,set45,alt2,20260909741
735,2,set46,alt2,20260909741
736,1,set5,alt1,20260909742
736,1,set6,alt1,20260909742
736,1,set9,alt1,20260909742
736,1,set11,alt2,20260909742
736,1,set18,alt1,20260909742
736,1,set19,alt1,20260909742
736,1,set33,alt2,20260909742
736,1,set35,alt2,20260909742
736,1,set37,alt1,20260909742
736,1,set41,alt1,20260909742
736,1,set42,alt2,20260909742
736,1,set48,alt2,20260909742
737,2,set1,alt2,20260909743
737,2,set2,alt1,20260909743
737,2,set7,alt1,20260909743
737,2,set8,alt1,20260909743
737,2,set10,alt1,20260909743
737,2,set13,alt1,20260909743
737,2,set36,alt2,20260909743
737,2,set38,alt2,20260909743
737,2,set40,alt2,20260909743
737,2,set44,alt1,20260909743
737,2,set45,alt2,20260909743
737,2,set46,alt1,20260909743
738,2,set1,alt2,20260909744
738,2,set2,alt1,20260909744
738,2,set7,alt1,20260909744
738,2,set8,alt1,20260909744
738,2,set10,alt1,20260909744
738,2,set13,alt1,20260909744
738,2,set36,alt2,20260909744
738,2,set38,alt2,20260909744
738,2,set40,alt2,20260909744
738,2,set44,alt1,20260909744
738,2,set45,alt2,20260909744
738,2,set46,alt1,20260909744
739,2,set1,alt2,20260909745
739,2,set2,alt1,20260909745
739,2,set7,alt2,20260909745
739,2,set8,alt1,20260909745
739,2,set10,alt2,20260909745
739,2,set13,alt1,20260909745
739,2,set36,alt2,20260909745
739,2,set38,alt1,20260909745
739,2,set40,alt2,20260909745
739,2,set44,alt2,20260909745
739,2,set45,alt2,20260909745
739,2,set46,alt2,20260909745
740,3,set3,alt1,20260909746
740,3,set4,alt2,20260909746
740,3,set12,alt1,20260909746
740,3,set22,alt1,20260909746
740,3,set24,alt1,20260909746
740,3,set25,alt1,20260909746
740,3,set28,alt1,20260909746
740,3,set29,alt1,20260909746
740,3,set30,alt2,20260909746
740,3,set31,alt2,20260909746
740,3,set39,alt2,20260909746
740,3,set47,alt2,20260909746
741,4,set14,alt1,20260909747
741,4,set15,alt2,20260909747
741,4,set16,alt2,20260909747
741,4,set17,alt2,20260909747
741,4,set20,alt1,20260909747
741,4,set21,alt1,20260909747
741,4,set23,alt1,20260909747
741,4,set26,alt1,20260909747
741,4,set27,alt1,20260909747
741,4,set32,alt1,20260909747
741,4,set34,alt2,20260909747
741,4,set43,alt2,20260909747
742,2,set1,alt2,20260909748
742,2,set2,alt1,20260909748
742,2,set7,alt1,20260909748
742,2,set8,alt1,20260909748
742,2,set10,alt1,20260909748
742,2,set13,alt1,20260909748
742,2,set36,alt2,20260909748
742,2,set38,alt2,20260909748
742,2,set40,alt2,20260909748
742,2,set44,alt1,20260909748
742,2,set45,alt2,20260909748
742,2,set46,alt1,20260909748
743,3,set3,alt2,20260909749
743,3,set4,alt1,20260909749
743,3,set12,alt1,20260909749
743,3,set22,alt2,20260909749
743,3,set24,alt1,20260909749
743,3,set25,alt2,20260909749
743,3,set28,alt2,20260909749
743,3,set29,alt1,20260909749
743,3,set30,alt2,20260909749
743,3,set31,alt1,20260909749
743,3,set39,alt1,20260909749
743,3,set47,alt2,20260909749
744,4,set14,alt1,20260909750
744,4,set15,alt2,20260909750
744,4,set16,alt2,20260909750
744,4,set17,alt2,20260909750
744,4,set20,alt1,20260909750
744,4,set21,alt1,20260909750
744,4,set23,alt1,20260909750
744,4,set26,alt1,20260909750
744,4,set27,alt1,20260909750
744,4,set32,alt1,20260909750
744,4,set34,alt2,20260909750
744,4,set43,alt2,20260909750
745,1,set5,alt2,20260909751
745,1,set6,alt1,20260909751
745,1,set9,alt2,20260909751
745,1,set11,alt2,20260909751
745,1,set18,alt2,20260909751
745,1,set19,alt2,20260909751
745,1,set33,alt1,20260909751
745,1,set35,alt2,20260909751
745,1,set37,alt1,20260909751
745,1,set41,alt1,20260909751
745,1,set42,alt2,20260909751
745,1,set48,alt2,20260909751
746,2,set1,alt2,20260909752
746,2,set2,alt1,20260909752
746,2,set7,alt2,20260909752
746,2,set8,alt1,20260909752
746,2,set10,alt2,20260909752
746,2,set13,alt1,20260909752
746,2,set36,alt2,20260909752
746,2,set38,alt1,20260909752
746,2,set40,alt2,20260909752
746,2,set44,alt2,20260909752
746,2,set45,alt2,20260909752
746,2,set46,alt2,20260909752
747,2,set1,alt2,20260909753
747,2,set2,alt1,20260909753
747,2,set7,alt1,20260909753
747,2,set8,alt1,20260909753
747,2,set10,alt1,20260909753
747,2,set13,alt1,20260909753
747,2,set36,alt2,20260909753
747,2,set38,alt2,20260909753
747,2,set40,alt2,20260909753
747,2,set44,alt1,20260909753
747,2,set45,alt2,20260909753
747,2,set46,alt1,20260909753
748,3,set3,alt1,20260909754
748,3,set4,alt2,20260909754
748,3,set12,alt1,20260909754
748,3,set22,alt1,20260909754
748,3,set24,alt1,20260909754
748,3,set25,alt1,20260909754
748,3,set28,alt1,20260909754
748,3,set29,alt1,20260909754
748,3,set30,alt2,20260909754
748,3,set31,alt2,20260909754
748,3,set39,alt2,20260909754
748,3,set47,alt2,20260909754
749,3,set3,alt1,20260909755
749,3,set4,alt2,20260909755
749,3,set12,alt1,20260909755
749,3,set22,alt1,20260909755
749,3,set24,alt1,20260909755
749,3,set25,alt1,20260909755
749,3,set28,alt1,20260909755
749,3,set29,alt1,20260909755
749,3,set30,alt2,20260909755
749,3,set31,alt2,20260909755
749,3,set39,alt2,20260909755
749,3,set47,alt2,20260909755
750,2,set1,alt2,20260909756
750,2,set2,alt1,20260909756
750,2,set7,alt1,20260909756
750,2,set8,alt1,20260909756
750,2,set10,alt2,20260909756
750,2,set13,alt1,20260909756
750,2,set36,alt2,20260909756
750,2,set38,alt2,20260909756
750,2,set40,alt2,20260909756
750,2,set44,alt1,20260909756
750,2,set45,alt2,20260909756
750,2,set46,alt1,20260909756
751,1,set5,alt2,20260909757
751,1,set6,alt2,20260909757
751,1,set9,alt2,20260909757
751,1,set11,alt2,20260909757
751,1,set18,alt2,20260909757
751,1,set19,alt2,20260909757
751,1,set33,alt1,20260909757
751,1,set35,alt2,20260909757
751,1,set37,alt1,20260909757
751,1,set41,alt2,20260909757
751,1,set42,alt2,20260909757
751,1,set48,alt2,20260909757
752,2,set1,alt2,20260909758
752,2,set2,alt1,20260909758
752,2,set7,alt1,20260909758
752,2,set8,alt1,20260909758
752,2,set10,alt1,20260909758
752,2,set13,alt1,20260909758
752,2,set36,alt2,20260909758
752,2,set38,alt2,20260909758
752,2,set40,alt2,20260909758
752,2,set44,alt1,20260909758
752,2,set45,alt2,20260909758
752,2,set46,alt1,20260909758
753,4,set14,alt1,20260909759
753,4,set15,alt2,20260909759
753,4,set16,alt2,20260909759
753,4,set17,alt2,20260909759
753,4,set20,alt1,20260909759
753,4,set21,alt1,20260909759
753,4,set23,alt1,20260909759
753,4,set26,alt1,20260909759
753,4,set27,alt1,20260909759
753,4,set32,alt1,20260909759
753,4,set34,alt2,20260909759
753,4,set43,alt2,20260909759
754,3,set3,alt1,20260909760
754,3,set4,alt2,20260909760
754,3,set12,alt1,20260909760
754,3,set22,alt1,20260909760
754,3,set24,alt1,20260909760
754,3,set25,alt1,20260909760
754,3,set28,alt1,20260909760
754,3,set29,alt1,20260909760
754,3,set30,alt2,20260909760
754,3,set31,alt2,20260909760
754,3,set39,alt2,20260909760
754,3,set47,alt2,20260909760
755,1,set5,alt1,20260909761
755,1,set6,alt1,20260909761
755,1,set9,alt1,20260909761
755,1,set11,alt2,20260909761
755,1,set18,alt1,20260909761
755,1,set19,alt1,20260909761
755,1,set33,alt2,20260909761
755,1,set35,alt2,20260909761
755,1,set37,alt1,20260909761
755,1,set41,alt1,20260909761
755,1,set42,alt2,20260909761
755,1,set48,alt2,20260909761
756,3,set3,alt1,20260909762
756,3,set4,alt2,20260909762
756,3,set12,alt1,20260909762
756,3,set22,alt1,20260909762
756,3,set24,alt1,20260909762
756,3,set25,alt1,20260909762
756,3,set28,alt1,20260909762
756,3,set29,alt1,20260909762
756,3,set30,alt2,20260909762
756,3,set31,alt2,20260909762
756,3,set39,alt2,20260909762
756,3,set47,alt2,20260909762
757,2,set1,alt2,20260909763
757,2,set2,alt1,20260909763
757,2,set7,alt1,20260909763
757,2,set8,alt1,20260909763
757,2,set10,alt1,20260909763
757,2,set13,alt1,20260909763
757,2,set36,alt2,20260909763
757,2,set38,alt2,20260909763
757,2,set40,alt2,20260909763
757,2,set44,alt1,20260909763
757,2,set45,alt2,20260909763
757,2,set46,alt1,20260909763
758,1,set5,alt2,20260909764
758,1,set6,alt2,20260909764
758,1,set9,alt2,20260909764
758,1,set11,alt2,20260909764
758,1,set18,alt2,20260909764
758,1,set19,alt2,20260909764
758,1,set33,alt1,20260909764
758,1,set35,alt2,20260909764
758,1,set37,alt1,20260909764
758,1,set41,alt2,20260909764
758,1,set42,alt2,20260909764
758,1,set48,alt2,20260909764
759,4,set14,alt1,20260909765
759,4,set15,alt2,20260909765
759,4,set16,alt2,20260909765
759,4,set17,alt2,20260909765
759,4,set20,alt1,20260909765
759,4,set21,alt1,20260909765
759,4,set23,alt1,20260909765
759,4,set26,alt1,20260909765
759,4,set27,alt1,20260909765
759,4,set32,alt1,20260909765
759,4,set34,alt2,20260909765
759,4,set43,alt2,20260909765
760,4,set14,alt1,20260909766
760,4,set15,alt2,20260909766
760,4,set16,alt2,20260909766
760,4,set17,alt2,20260909766
760,4,set20,alt1,20260909766
760,4,set21,alt1,20260909766
760,4,set23,alt1,20260909766
760,4,set26,alt1,20260909766
760,4,set27,alt1,20260909766
760,4,set32,alt1,20260909766
760,4,set34,alt2,20260909766
760,4,set43,alt2,20260909766
761,2,set1,alt2,20260909767
761,2,set2,alt1,20260909767
761,2,set7,alt1,20260909767
761,2,set8,alt1,20260909767
761,2,set10,alt1,20260909767
761,2,set13,alt1,20260909767
761,2,set36,alt2,20260909767
761,2,set38,alt2,20260909767
761,2,set40,alt2,20260909767
761,2,set44,alt1,20260909767
761,2,set45,alt2,20260909767
761,2,set46,alt1,20260909767
762,4,set14,alt2,20260909768
762,4,set15,alt2,20260909768
762,4,set16,alt1,20260909768
762,4,set17,alt1,20260909768
762,4,set20,alt1,20260909768
762,4,set21,alt1,20260909768
762,4,set23,alt1,20260909768
762,4,set26,alt1,20260909768
762,4,set27,alt2,20260909768
762,4,set32,alt1,20260909768
762,4,set34,alt2,20260909768
762,4,set43,alt1,20260909768
763,2,set1,alt2,20260909769
763,2,set2,alt1,20260909769
763,2,set7,alt2,20260909769
763,2,set8,alt1,20260909769
763,2,set10,alt2,20260909769
763,2,set13,alt1,20260909769
763,2,set36,alt2,20260909769
763,2,set38,alt1,20260909769
763,2,set40,alt2,20260909769
763,2,set44,alt2,20260909769
763,2,set45,alt2,20260909769
763,2,set46,alt2,20260909769
764,3,set3,alt1,20260909770
764,3,set4,alt2,20260909770
764,3,set12,alt1,20260909770
764,3,set22,alt1,20260909770
764,3,set24,alt1,20260909770
764,3,set25,alt1,20260909770
764,3,set28,alt1,20260909770
764,3,set29,alt1,20260909770
764,3,set30,alt2,20260909770
764,3,set31,alt2,20260909770
764,3,set39,alt2,20260909770
764,3,set47,alt2,20260909770
765,1,set5,alt1,20260909771
765,1,set6,alt1,20260909771
765,1,set9,alt1,20260909771
765,1,set11,alt2,20260909771
765,1,set18,alt1,20260909771
765,1,set19,alt1,20260909771
765,1,set33,alt2,20260909771
765,1,set35,alt2,20260909771
765,1,set37,alt1,20260909771
765,1,set41,alt1,20260909771
765,1,set42,alt2,20260909771
765,1,set48,alt2,20260909771
766,3,set3,alt1,20260909772
766,3,set4,alt2,20260909772
766,3,set12,alt1,20260909772
766,3,set22,alt1,20260909772
766,3,set24,alt1,20260909772
766,3,set25,alt1,20260909772
766,3,set28,alt1,20260909772
766,3,set29,alt1,20260909772
766,3,set30,alt2,20260909772
766,3,set31,alt2,20260909772
766,3,set39,alt2,20260909772
766,3,set47,alt2,20260909772
767,4,set14,alt1,20260909773
767,4,set15,alt2,20260909773
767,4,set16,alt2,20260909773
767,4,set17,alt2,20260909773
767,4,set20,alt1,20260909773
767,4,set21,alt1,20260909773
767,4,set23,alt1,20260909773
767,4,set26,alt1,20260909773
767,4,set27,alt1,20260909773
767,4,set32,alt1,20260909773
767,4,set34,alt2,20260909773
767,4,set43,alt2,20260909773
768,1,set5,alt2,20260909774
768,1,set6,alt2,20260909774
768,1,set9,alt2,20260909774
768,1,set11,alt2,20260909774
768,1,set18,alt2,20260909774
768,1,set19,alt2,20260909774
768,1,set33,alt1,20260909774
768,1,set35,alt2,20260909774
768,1,set37,alt1,20260909774
768,1,set41,alt2,20260909774
768,1,set42,alt2,20260909774
768,1,set48,alt2,20260909774
769,3,set3,alt1,20260909775
769,3,set4,alt2,20260909775
769,3,set12,alt1,20260909775
769,3,set22,alt1,20260909775
769,3,set24,alt1,20260909775
769,3,set25,alt1,20260909775
769,3,set28,alt1,20260909775
769,3,set29,alt1,20260909775
769,3,set30,alt2,20260909775
769,3,set31,alt2,20260909775
769,3,set39,alt2,20260909775
769,3,set47,alt2,20260909775
770,3,set3,alt1,20260909776
770,3,set4,alt2,20260909776
770,3,set12,alt1,20260909776
770,3,set22,alt1,20260909776
770,3,set24,alt1,20260909776
770,3,set25,alt1,20260909776
770,3,set28,alt1,20260909776
770,3,set29,alt1,20260909776
770,3,set30,alt2,20260909776
770,3,set31,alt2,20260909776
770,3,set39,alt2,20260909776
770,3,set47,alt2,20260909776
771,4,set14,alt1,20260909777
771,4,set15,alt2,20260909777
771,4,set16,alt1,20260909777
771,4,set17,alt2,20260909777
771,4,set20,alt1,20260909777
771,4,set21,alt1,20260909777
771,4,set23,alt1,20260909777
771,4,set26,alt1,20260909777
771,4,set27,alt1,20260909777
771,4,set32,alt1,20260909777
771,4,set34,alt1,20260909777
771,4,set43,alt1,20260909777
772,1,set5,alt2,20260909778
772,1,set6,alt1,20260909778
772,1,set9,alt2,20260909778
772,1,set11,alt2,20260909778
772,1,set18,alt2,20260909778
772,1,set19,alt2,20260909778
772,1,set33,alt1,20260909778
772,1,set35,alt2,20260909778
772,1,set37,alt1,20260909778
772,1,set41,alt1,20260909778
772,1,set42,alt2,20260909778
772,1,set48,alt2,20260909778
773,1,set5,alt1,20260909779
773,1,set6,alt1,20260909779
773,1,set9,alt1,20260909779
773,1,set11,alt2,20260909779
773,1,set18,alt1,20260909779
773,1,set19,alt1,20260909779
773,1,set33,alt2,20260909779
773,1,set35,alt2,20260909779
773,1,set37,alt1,20260909779
773,1,set41,alt1,20260909779
773,1,set42,alt2,20260909779
773,1,set48,alt2,20260909779
774,1,set5,alt2,20260909780
774,1,set6,alt2,20260909780
774,1,set9,alt2,20260909780
774,1,set11,alt2,20260909780
774,1,set18,alt2,20260909780
774,1,set19,alt2,20260909780
774,1,set33,alt1,20260909780
774,1,set35,alt2,20260909780
774,1,set37,alt1,20260909780
774,1,set41,alt2,20260909780
774,1,set42,alt2,20260909780
774,1,set48,alt2,20260909780
775,2,set1,alt2,20260909781
775,2,set2,alt1,20260909781
775,2,set7,alt1,20260909781
775,2,set8,alt1,20260909781
775,2,set10,alt2,20260909781
775,2,set13,alt1,20260909781
775,2,set36,alt2,20260909781
775,2,set38,alt2,20260909781
775,2,set40,alt2,20260909781
775,2,set44,alt1,20260909781
775,2,set45,alt2,20260909781
775,2,set46,alt1,20260909781
776,3,set3,alt1,20260909782
776,3,set4,alt2,20260909782
776,3,set12,alt1,20260909782
776,3,set22,alt1,20260909782
776,3,set24,alt1,20260909782
776,3,set25,alt1,20260909782
776,3,set28,alt1,20260909782
776,3,set29,alt1,20260909782
776,3,set30,alt2,20260909782
776,3,set31,alt2,20260909782
776,3,set39,alt2,20260909782
776,3,set47,alt2,20260909782
777,1,set5,alt1,20260909783
777,1,set6,alt2,20260909783
777,1,set9,alt1,20260909783
777,1,set11,alt2,20260909783
777,1,set18,alt1,20260909783
777,1,set19,alt2,20260909783
777,1,set33,alt1,20260909783
777,1,set35,alt2,20260909783
777,1,set37,alt1,20260909783
777,1,set41,alt1,20260909783
777,1,set42,alt1,20260909783
777,1,set48,alt2,20260909783
778,1,set5,alt1,20260909784
778,1,set6,alt2,20260909784
778,1,set9,alt1,20260909784
778,1,set11,alt2,20260909784
778,1,set18,alt2,20260909784
778,1,set19,alt2,20260909784
778,1,set33,alt1,20260909784
778,1,set35,alt2,20260909784
778,1,set37,alt1,20260909784
778,1,set41,alt1,20260909784
778,1,set42,alt1,20260909784
778,1,set48,alt2,20260909784
779,1,set5,alt2,20260909785
779,1,set6,alt1,20260909785
779,1,set9,alt2,20260909785
779,1,set11,alt2,20260909785
779,1,set18,alt2,20260909785
779,1,set19,alt2,20260909785
779,1,set33,alt1,20260909785
779,1,set35,alt2,20260909785
779,1,set37,alt1,20260909785
779,1,set41,alt1,20260909785
779,1,set42,alt2,20260909785
779,1,set48,alt2,20260909785
780,3,set3,alt2,20260909786
780,3,set4,alt1,20260909786
780,3,set12,alt1,20260909786
780,3,set22,alt2,20260909786
780,3,set24,alt1,20260909786
780,3,set25,alt2,20260909786
780,3,set28,alt2,20260909786
780,3,set29,alt1,20260909786
780,3,set30,alt2,20260909786
780,3,set31,alt1,20260909786
780,3,set39,alt1,20260909786
780,3,set47,alt2,20260909786
781,3,set3,alt1,20260909787
781,3,set4,alt2,20260909787
781,3,set12,alt1,20260909787
781,3,set22,alt1,20260909787
781,3,set24,alt1,20260909787
781,3,set25,alt1,20260909787
781,3,set28,alt1,20260909787
781,3,set29,alt1,20260909787
781,3,set30,alt2,20260909787
781,3,set31,alt2,20260909787
781,3,set39,alt2,20260909787
781,3,set47,alt2,20260909787
782,2,set1,alt2,20260909788
782,2,set2,alt1,20260909788
782,2,set7,alt2,20260909788
782,2,set8,alt1,20260909788
782,2,set10,alt2,20260909788
782,2,set13,alt1,20260909788
782,2,set36,alt2,20260909788
782,2,set38,alt1,20260909788
782,2,set40,alt2,20260909788
782,2,set44,alt2,20260909788
782,2,set45,alt2,20260909788
782,2,set46,alt2,20260909788
783,2,set1,alt2,20260909789
783,2,set2,alt1,20260909789
783,2,set7,alt1,20260909789
783,2,set8,alt1,20260909789
783,2,set10,alt1,20260909789
783,2,set13,alt1,20260909789
783,2,set36,alt2,20260909789
783,2,set38,alt2,20260909789
783,2,set40,alt2,20260909789
783,2,set44,alt1,20260909789
783,2,set45,alt2,20260909789
783,2,set46,alt1,20260909789
784,4,set14,alt1,20260909790
784,4,set15,alt2,20260909790
784,4,set16,alt2,20260909790
784,4,set17,alt2,20260909790
784,4,set20,alt1,20260909790
784,4,set21,alt1,20260909790
784,4,set23,alt1,20260909790
784,4,set26,alt1,20260909790
784,4,set27,alt1,20260909790
784,4,set32,alt1,20260909790
784,4,set34,alt2,20260909790
784,4,set43,alt2,20260909790
785,1,set5,alt2,20260909791
785,1,set6,alt2,20260909791
785,1,set9,alt2,20260909791
785,1,set11,alt2,20260909791
785,1,set18,alt2,20260909791
785,1,set19,alt2,20260909791
785,1,set33,alt1,20260909791
785,1,set35,alt2,20260909791
785,1,set37,alt1,20260909791
785,1,set41,alt2,20260909791
785,1,set42,alt2,20260909791
785,1,set48,alt2,20260909791
786,4,set14,alt1,20260909792
786,4,set15,alt1,20260909792
786,4,set16,alt1,20260909792
786,4,set17,alt1,20260909792
786,4,set20,alt1,20260909792
786,4,set21,alt1,20260909792
786,4,set23,alt1,20260909792
786,4,set26,alt1,20260909792
786,4,set27,alt1,20260909792
786,4,set32,alt1,20260909792
786,4,set34,alt2,20260909792
786,4,set43,alt1,20260909792
787,3,set3,alt2,20260909793
787,3,set4,alt1,20260909793
787,3,set12,alt1,20260909793
787,3,set22,alt2,20260909793
787,3,set24,alt1,20260909793
787,3,set25,alt2,20260909793
787,3,set28,alt2,20260909793
787,3,set29,alt1,20260909793
787,3,set30,alt2,20260909793
787,3,set31,alt1,20260909793
787,3,set39,alt1,20260909793
787,3,set47,alt2,20260909793
788,1,set5,alt2,20260909794
788,1,set6,alt2,20260909794
788,1,set9,alt2,20260909794
788,1,set11,alt2,20260909794
788,1,set18,alt1,20260909794
788,1,set19,alt2,20260909794
788,1,set33,alt1,20260909794
788,1,set35,alt2,20260909794
788,1,set37,alt1,20260909794
788,1,set41,alt1,20260909794
788,1,set42,alt2,20260909794
788,1,set48,alt2,20260909794
789,2,set1,alt2,20260909795
789,2,set2,alt1,20260909795
789,2,set7,alt1,20260909795
789,2,set8,alt1,20260909795
789,2,set10,alt1,20260909795
789,2,set13,alt1,20260909795
789,2,set36,alt2,20260909795
789,2,set38,alt2,20260909795
789,2,set40,alt2,20260909795
789,2,set44,alt1,20260909795
789,2,set45,alt2,20260909795
789,2,set46,alt1,20260909795
790,1,set5,alt2,20260909796
790,1,set6,alt2,20260909796
790,1,set9,alt2,20260909796
790,1,set11,alt2,20260909796
790,1,set18,alt2,20260909796
790,1,set19,alt2,20260909796
790,1,set33,alt1,20260909796
790,1,set35,alt2,20260909796
790,1,set37,alt1,20260909796
790,1,set41,alt2,20260909796
790,1,set42,alt2,20260909796
790,1,set48,alt2,20260909796
791,4,set14,alt1,20260909797
791,4,set15,alt2,20260909797
791,4,set16,alt2,20260909797
791,4,set17,alt2,20260909797
791,4,set20,alt1,20260909797
791,4,set21,alt1,20260909797
791,4,set23,alt1,20260909797
791,4,set26,alt1,20260909797
791,4,set27,alt1,20260909797
791,4,set32,alt1,20260909797
791,4,set34,alt2,20260909797
791,4,set43,alt2,20260909797
792,1,set5,alt1,20260909798
792,1,set6,alt1,20260909798
792,1,set9,alt1,20260909798
792,1,set11,alt2,20260909798
792,1,set18,alt1,20260909798
792,1,set19,alt1,20260909798
792,1,set33,alt2,20260909798
792,1,set35,alt2,20260909798
792,1,set37,alt1,20260909798
792,1,set41,alt1,20260909798
792,1,set42,alt2,20260909798
792,1,set48,alt2,20260909798
793,2,set1,alt2,20260909799
793,2,set2,alt1,20260909799
793,2,set7,alt1,20260909799
793,2,set8,alt1,20260909799
793,2,set10,alt1,20260909799
793,2,set13,alt1,20260909799
793,2,set36,alt2,20260909799
793,2,set38,alt2,20260909799
793,2,set40,alt2,20260909799
793,2,set44,alt1,20260909799
793,2,set45,alt2,20260909799
793,2,set46,alt1,20260909799
794,1,set5,alt2,20260909800
794,1,set6,alt2,20260909800
794,1,set9,alt2,20260909800
794,1,set11,alt2,20260909800
794,1,set18,alt2,20260909800
794,1,set19,alt2,20260909800
794,1,set33,alt1,20260909800
794,1,set35,alt2,20260909800
794,1,set37,alt1,20260909800
794,1,set41,alt2,20260909800
794,1,set42,alt2,20260909800
794,1,set48,alt2,20260909800
795,4,set14,alt1,20260909801
795,4,set15,alt2,20260909801
795,4,set16,alt1,20260909801
795,4,set17,alt2,20260909801
795,4,set20,alt1,20260909801
795,4,set21,alt1,20260909801
795,4,set23,alt1,20260909801
795,4,set26,alt1,20260909801
795,4,set27,alt1,20260909801
795,4,set32,alt1,20260909801
795,4,set34,alt1,20260909801
795,4,set43,alt1,20260909801
796,2,set1,alt2,20260909802
796,2,set2,alt1,20260909802
796,2,set7,alt1,20260909802
796,2,set8,alt1,20260909802
796,2,set10,alt1,20260909802
796,2,set13,alt1,20260909802
796,2,set36,alt2,20260909802
796,2,set38,alt2,20260909802
796,2,set40,alt2,20260909802
796,2,set44,alt1,20260909802
796,2,set45,alt2,20260909802
796,2,set46,alt1,20260909802
797,1,set5,alt2,20260909803
797,1,set6,alt1,20260909803
797,1,set9,alt2,20260909803
797,1,set11,alt2,20260909803
797,1,set18,alt2,20260909803
797,1,set19,alt2,20260909803
797,1,set33,alt1,20260909803
797,1,set35,alt2,20260909803
797,1,set37,alt1,20260909803
797,1,set41,alt1,20260909803
797,1,set42,alt2,20260909803
797,1,set48,alt2,20260909803
798,3,set3,alt1,20260909804
798,3,set4,alt2,20260909804
798,3,set12,alt1,20260909804
798,3,set22,alt1,20260909804
798,3,set24,alt1,20260909804
798,3,set25,alt1,20260909804
798,3,set28,alt1,20260909804
798,3,set29,alt1,20260909804
798,3,set30,alt2,20260909804
798,3,set31,alt2,20260909804
798,3,set39,alt2,20260909804
798,3,set47,alt2,20260909804
799,3,set3,alt2,20260909805
799,3,set4,alt2,20260909805
799,3,set12,alt1,20260909805
799,3,set22,alt2,20260909805
799,3,set24,alt1,20260909805
799,3,set25,alt1,20260909805
799,3,set28,alt1,20260909805
799,3,set29,alt1,20260909805
799,3,set30,alt2,20260909805
799,3,set31,alt2,20260909805
799,3,set39,alt2,20260909805
799,3,set47,alt2,20260909805
800,1,set5,alt2,20260909806
800,1,set6,alt1,20260909806
800,1,set9,alt2,20260909806
800,1,set11,alt2,20260909806
800,1,set18,alt2,20260909806
800,1,set19,alt2,20260909806
800,1,set33,alt1,20260909806
800,1,set35,alt2,20260909806
800,1,set37,alt1,20260909806
800,1,set41,alt1,20260909806
800,1,set42,alt2,20260909806
800,1,set48,alt2,20260909806
801,4,set14,alt1,20260909807
801,4,set15,alt1,20260909807
801,4,set16,alt1,20260909807
801,4,set17,alt1,20260909807
801,4,set20,alt1,20260909807
801,4,set21,alt1,20260909807
801,4,set23,alt1,20260909807
801,4,set26,alt1,20260909807
801,4,set27,alt1,20260909807
801,4,set32,alt1,20260909807
801,4,set34,alt2,20260909807
801,4,set43,alt1,20260909807
802,3,set3,alt1,20260909808
802,3,set4,alt2,20260909808
802,3,set12,alt1,20260909808
802,3,set22,alt1,20260909808
802,3,set24,alt1,20260909808
802,3,set25,alt1,20260909808
802,3,set28,alt1,20260909808
802,3,set29,alt1,20260909808
802,3,set30,alt2,20260909808
802,3,set31,alt2,20260909808
802,3,set39,alt2,20260909808
802,3,set47,alt2,20260909808
803,4,set14,alt1,20260909809
803,4,set15,alt2,20260909809
803,4,set16,alt2,20260909809
803,4,set17,alt2,20260909809
803,4,set20,alt1,20260909809
803,4,set21,alt1,20260909809
803,4,set23,alt1,20260909809
803,4,set26,alt1,20260909809
803,4,set27,alt1,20260909809
803,4,set32,alt1,20260909809
803,4,set34,alt2,20260909809
803,4,set43,alt2,20260909809
804,4,set14,alt1,20260909810
804,4,set15,alt1,20260909810
804,4,set16,alt1,20260909810
804,4,set17,alt1,20260909810
804,4,set20,alt1,20260909810
804,4,set21,alt1,20260909810
804,4,set23,alt1,20260909810
804,4,set26,alt1,20260909810
804,4,set27,alt1,20260909810
804,4,set32,alt1,20260909810
804,4,set34,alt2,20260909810
804,4,set43,alt1,20260909810
805,3,set3,alt1,20260909811
805,3,set4,alt2,20260909811
805,3,set12,alt1,20260909811
805,3,set22,alt1,20260909811
805,3,set24,alt1,20260909811
805,3,set25,alt1,20260909811
805,3,set28,alt1,20260909811
805,3,set29,alt1,20260909811
805,3,set30,alt2,20260909811
805,3,set31,alt2,20260909811
805,3,set39,alt2,20260909811
805,3,set47,alt2,20260909811
806,2,set1,alt2,20260909812
806,2,set2,alt1,20260909812
806,2,set7,alt1,20260909812
806,2,set8,alt1,20260909812
806,2,set10,alt2,20260909812
806,2,set13,alt1,20260909812
806,2,set36,alt2,20260909812
806,2,set38,alt2,20260909812
806,2,set40,alt2,20260909812
806,2,set44,alt2,20260909812
806,2,set45,alt2,20260909812
806,2,set46,alt2,20260909812
807,2,set1,alt2,20260909813
807,2,set2,alt1,20260909813
807,2,set7,alt1,20260909813
807,2,set8,alt1,20260909813
807,2,set10,alt1,20260909813
807,2,set13,alt1,20260909813
807,2,set36,alt2,20260909813
807,2,set38,alt2,20260909813
807,2,set40,alt2,20260909813
807,2,set44,alt1,20260909813
807,2,set45,alt2,20260909813
807,2,set46,alt1,20260909813
808,1,set5,alt2,20260909814
808,1,set6,alt1,20260909814
808,1,set9,alt2,20260909814
808,1,set11,alt2,20260909814
808,1,set18,alt2,20260909814
808,1,set19,alt2,20260909814
808,1,set33,alt1,20260909814
808,1,set35,alt2,20260909814
808,1,set37,alt1,20260909814
808,1,set41,alt1,20260909814
808,1,set42,alt2,20260909814
808,1,set48,alt2,20260909814
809,4,set14,alt1,20260909815
809,4,set15,alt1,20260909815
809,4,set16,alt1,20260909815
809,4,set17,alt1,20260909815
809,4,set20,alt1,20260909815
809,4,set21,alt1,20260909815
809,4,set23,alt1,20260909815
809,4,set26,alt1,20260909815
809,4,set27,alt1,20260909815
809,4,set32,alt1,20260909815
809,4,set34,alt2,20260909815
809,4,set43,alt1,20260909815
810,2,set1,alt2,20260909816
810,2,set2,alt1,20260909816
810,2,set7,alt1,20260909816
810,2,set8,alt1,20260909816
810,2,set10,alt1,20260909816
810,2,set13,alt1,20260909816
810,2,set36,alt2,20260909816
810,2,set38,alt2,20260909816
810,2,set40,alt2,20260909816
810,2,set44,alt1,20260909816
810,2,set45,alt2,20260909816
810,2,set46,alt1,20260909816
811,4,set14,alt1,20260909817
811,4,set15,alt2,20260909817
811,4,set16,alt2,20260909817
811,4,set17,alt2,20260909817
811,4,set20,alt1,20260909817
811,4,set21,alt1,20260909817
811,4,set23,alt1,20260909817
811,4,set26,alt1,20260909817
811,4,set27,alt1,20260909817
811,4,set32,alt1,20260909817
811,4,set34,alt2,20260909817
811,4,set43,alt2,20260909817
812,3,set3,alt1,20260909818
812,3,set4,alt2,20260909818
812,3,set12,alt1,20260909818
812,3,set22,alt1,20260909818
812,3,set24,alt1,20260909818
812,3,set25,alt1,20260909818
812,3,set28,alt1,20260909818
812,3,set29,alt1,20260909818
812,3,set30,alt2,20260909818
812,3,set31,alt2,20260909818
812,3,set39,alt2,20260909818
812,3,set47,alt2,20260909818
813,1,set5,alt1,20260909819
813,1,set6,alt2,20260909819
813,1,set9,alt1,20260909819
813,1,set11,alt2,20260909819
813,1,set18,alt1,20260909819
813,1,set19,alt2,20260909819
813,1,set33,alt1,20260909819
813,1,set35,alt2,20260909819
813,1,set37,alt1,20260909819
813,1,set41,alt1,20260909819
813,1,set42,alt1,20260909819
813,1,set48,alt2,20260909819
814,1,set5,alt1,20260909820
814,1,set6,alt1,20260909820
814,1,set9,alt1,20260909820
814,1,set11,alt2,20260909820
814,1,set18,alt1,20260909820
814,1,set19,alt1,20260909820
814,1,set33,alt2,20260909820
814,1,set35,alt2,20260909820
814,1,set37,alt1,20260909820
814,1,set41,alt1,20260909820
814,1,set42,alt2,20260909820
814,1,set48,alt2,20260909820
815,2,set1,alt2,20260909821
815,2,set2,alt1,20260909821
815,2,set7,alt1,20260909821
815,2,set8,alt1,20260909821
815,2,set10,alt1,20260909821
815,2,set13,alt1,20260909821
815,2,set36,alt2,20260909821
815,2,set38,alt2,20260909821
815,2,set40,alt2,20260909821
815,2,set44,alt1,20260909821
815,2,set45,alt2,20260909821
815,2,set46,alt1,20260909821
816,4,set14,alt1,20260909822
816,4,set15,alt2,20260909822
816,4,set16,alt1,20260909822
816,4,set17,alt2,20260909822
816,4,set20,alt1,20260909822
816,4,set21,alt1,20260909822
816,4,set23,alt1,20260909822
816,4,set26,alt1,20260909822
816,4,set27,alt1,20260909822
816,4,set32,alt1,20260909822
816,4,set34,alt1,20260909822
816,4,set43,alt1,20260909822
817,2,set1,alt2,20260909823
817,2,set2,alt1,20260909823
817,2,set7,alt2,20260909823
817,2,set8,alt1,20260909823
817,2,set10,alt2,20260909823
817,2,set13,alt1,20260909823
817,2,set36,alt2,20260909823
817,2,set38,alt1,20260909823
817,2,set40,alt2,20260909823
817,2,set44,alt2,20260909823
817,2,set45,alt2,20260909823
817,2,set46,alt2,20260909823
818,1,set5,alt2,20260909824
818,1,set6,alt2,20260909824
818,1,set9,alt2,20260909824
818,1,set11,alt2,20260909824
818,1,set18,alt2,20260909824
818,1,set19,alt2,20260909824
818,1,set33,alt1,20260909824
818,1,set35,alt2,20260909824
818,1,set37,alt1,20260909824
818,1,set41,alt2,20260909824
818,1,set42,alt2,20260909824
818,1,set48,alt2,20260909824
819,3,set3,alt2,20260909825
819,3,set4,alt2,20260909825
819,3,set12,alt1,20260909825
819,3,set22,alt2,20260909825
819,3,set24,alt1,20260909825
819,3,set25,alt1,20260909825
819,3,set28,alt1,20260909825
819,3,set29,alt1,20260909825
819,3,set30,alt2,20260909825
819,3,set31,alt2,20260909825
819,3,set39,alt2,20260909825
819,3,set47,alt2,20260909825
820,1,set5,alt2,20260909826
820,1,set6,alt1,20260909826
820,1,set9,alt2,20260909826
820,1,set11,alt2,20260909826
820,1,set18,alt2,20260909826
820,1,set19,alt2,20260909826
820,1,set33,alt1,20260909826
820,1,set35,alt2,20260909826
820,1,set37,alt1,20260909826
820,1,set41,alt1,20260909826
820,1,set42,alt2,20260909826
820,1,set48,alt2,20260909826
821,2,set1,alt2,20260909827
821,2,set2,alt1,20260909827
821,2,set7,alt2,20260909827
821,2,set8,alt1,20260909827
821,2,set10,alt2,20260909827
821,2,set13,alt1,20260909827
821,2,set36,alt2,20260909827
821,2,set38,alt1,20260909827
821,2,set40,alt2,20260909827
821,2,set44,alt2,20260909827
821,2,set45,alt2,20260909827
821,2,set46,alt2,20260909827
822,1,set5,alt2,20260909828
822,1,set6,alt2,20260909828
822,1,set9,alt2,20260909828
822,1,set11,alt2,20260909828
822,1,set18,alt2,20260909828
822,1,set19,alt2,20260909828
822,1,set33,alt1,20260909828
822,1,set35,alt2,20260909828
822,1,set37,alt1,20260909828
822,1,set41,alt2,20260909828
822,1,set42,alt2,20260909828
822,1,set48,alt2,20260909828
823,2,set1,alt2,20260909829
823,2,set2,alt1,20260909829
823,2,set7,alt1,20260909829
823,2,set8,alt1,20260909829
823,2,set10,alt1,20260909829
823,2,set13,alt1,20260909829
823,2,set36,alt2,20260909829
823,2,set38,alt2,20260909829
823,2,set40,alt2,20260909829
823,2,set44,alt1,20260909829
823,2,set45,alt2,20260909829
823,2,set46,alt1,20260909829
824,2,set1,alt2,20260909830
824,2,set2,alt1,20260909830
824,2,set7,alt1,20260909830
824,2,set8,alt1,20260909830
824,2,set10,alt1,20260909830
824,2,set13,alt1,20260909830
824,2,set36,alt2,20260909830
824,2,set38,alt2,20260909830
824,2,set40,alt2,20260909830
824,2,set44,alt1,20260909830
824,2,set45,alt2,20260909830
824,2,set46,alt1,20260909830
825,1,set5,alt1,20260909831
825,1,set6,alt1,20260909831
825,1,set9,alt1,20260909831
825,1,set11,alt2,20260909831
825,1,set18,alt1,20260909831
825,1,set19,alt1,20260909831
825,1,set33,alt2,20260909831
825,1,set35,alt2,20260909831
825,1,set37,alt1,20260909831
825,1,set41,alt1,20260909831
825,1,set42,alt2,20260909831
825,1,set48,alt2,20260909831
826,1,set5,alt2,20260909832
826,1,set6,alt2,20260909832
826,1,set9,alt2,20260909832
826,1,set11,alt2,20260909832
826,1,set18,alt2,20260909832
826,1,set19,alt2,20260909832
826,1,set33,alt1,20260909832
826,1,set35,alt2,20260909832
826,1,set37,alt1,20260909832
826,1,set41,alt2,20260909832
826,1,set42,alt2,20260909832
826,1,set48,alt2,20260909832
827,2,set1,alt2,20260909833
827,2,set2,alt1,20260909833
827,2,set7,alt1,20260909833
827,2,set8,alt1,20260909833
827,2,set10,alt1,20260909833
827,2,set13,alt1,20260909833
827,2,set36,alt2,20260909833
827,2,set38,alt2,20260909833
827,2,set40,alt2,20260909833
827,2,set44,alt1,20260909833
827,2,set45,alt2,20260909833
827,2,set46,alt1,20260909833
828,2,set1,alt2,20260909834
828,2,set2,alt1,20260909834
828,2,set7,alt2,20260909834
828,2,set8,alt1,20260909834
828,2,set10,alt2,20260909834
828,2,set13,alt1,20260909834
828,2,set36,alt2,20260909834
828,2,set38,alt1,20260909834
828,2,set40,alt2,20260909834
828,2,set44,alt2,20260909834
828,2,set45,alt2,20260909834
828,2,set46,alt2,20260909834
829,1,set5,alt2,20260909835
829,1,set6,alt2,20260909835
829,1,set9,alt2,20260909835
829,1,set11,alt2,20260909835
829,1,set18,alt2,20260909835
829,1,set19,alt2,20260909835
829,1,set33,alt1,20260909835
829,1,set35,alt2,20260909835
829,1,set37,alt1,20260909835
829,1,set41,alt2,20260909835
829,1,set42,alt2,20260909835
829,1,set48,alt2,20260909835
830,4,set14,alt1,20260909836
830,4,set15,alt2,20260909836
830,4,set16,alt1,20260909836
830,4,set17,alt2,20260909836
830,4,set20,alt1,20260909836
830,4,set21,alt1,20260909836
830,4,set23,alt1,20260909836
830,4,set26,alt1,20260909836
830,4,set27,alt1,20260909836
830,4,set32,alt1,20260909836
830,4,set34,alt1,20260909836
830,4,set43,alt1,20260909836
831,4,set14,alt1,20260909837
831,4,set15,alt2,20260909837
831,4,set16,alt2,20260909837
831,4,set17,alt2,20260909837
831,4,set20,alt1,20260909837
831,4,set21,alt1,20260909837
831,4,set23,alt1,20260909837
831,4,set26,alt1,20260909837
831,4,set27,alt1,20260909837
831,4,set32,alt1,20260909837
831,4,set34,alt2,20260909837
831,4,set43,alt2,20260909837
832,4,set14,alt1,20260909838
832,4,set15,alt1,20260909838
832,4,set16,alt1,20260909838
832,4,set17,alt1,20260909838
832,4,set20,alt1,20260909838
832,4,set21,alt1,20260909838
832,4,set23,alt1,20260909838
832,4,set26,alt1,20260909838
832,4,set27,alt1,20260909838
832,4,set32,alt1,20260909838
832,4,set34,alt2,20260909838
832,4,set43,alt1,20260909838
833,3,set3,alt1,20260909839
833,3,set4,alt2,20260909839
833,3,set12,alt1,20260909839
833,3,set22,alt1,20260909839
833,3,set24,alt1,20260909839
833,3,set25,alt1,20260909839
833,3,set28,alt1,20260909839
833,3,set29,alt1,20260909839
833,3,set30,alt2,20260909839
833,3,set31,alt2,20260909839
833,3,set39,alt2,20260909839
833,3,set47,alt2,20260909839
834,2,set1,alt2,20260909840
834,2,set2,alt1,20260909840
834,2,set7,alt1,20260909840
834,2,set8,alt1,20260909840
834,2,set10,alt1,20260909840
834,2,set13,alt1,20260909840
834,2,set36,alt2,20260909840
834,2,set38,alt2,20260909840
834,2,set40,alt2,20260909840
834,2,set44,alt1,20260909840
834,2,set45,alt2,20260909840
834,2,set46,alt1,20260909840
835,4,set14,alt1,20260909841
835,4,set15,alt2,20260909841
835,4,set16,alt2,20260909841
835,4,set17,alt2,20260909841
835,4,set20,alt1,20260909841
835,4,set21,alt1,20260909841
835,4,set23,alt1,20260909841
835,4,set26,alt1,20260909841
835,4,set27,alt1,20260909841
835,4,set32,alt1,20260909841
835,4,set34,alt2,20260909841
835,4,set43,alt2,20260909841
836,2,set1,alt2,20260909842
836,2,set2,alt1,20260909842
836,2,set7,alt1,20260909842
836,2,set8,alt1,20260909842
836,2,set10,alt1,20260909842
836,2,set13,alt1,20260909842
836,2,set36,alt2,20260909842
836,2,set38,alt2,20260909842
836,2,set40,alt2,20260909842
836,2,set44,alt1,20260909842
836,2,set45,alt2,20260909842
836,2,set46,alt1,20260909842
837,4,set14,alt2,20260909843
837,4,set15,alt2,20260909843
837,4,set16,alt1,20260909843
837,4,set17,alt1,20260909843
837,4,set20,alt1,20260909843
837,4,set21,alt1,20260909843
837,4,set23,alt1,20260909843
837,4,set26,alt1,20260909843
837,4,set27,alt2,20260909843
837,4,set32,alt1,20260909843
837,4,set34,alt2,20260909843
837,4,set43,alt1,20260909843
838,1,set5,alt2,20260909844
838,1,set6,alt1,20260909844
838,1,set9,alt2,20260909844
838,1,set11,alt2,20260909844
838,1,set18,alt2,20260909844
838,1,set19,alt2,20260909844
838,1,set33,alt1,20260909844
838,1,set35,alt2,20260909844
838,1,set37,alt1,20260909844
838,1,set41,alt1,20260909844
838,1,set42,alt2,20260909844
838,1,set48,alt2,20260909844
839,3,set3,alt1,20260909845
839,3,set4,alt2,20260909845
839,3,set12,alt1,20260909845
839,3,set22,alt1,20260909845
839,3,set24,alt1,20260909845
839,3,set25,alt1,20260909845
839,3,set28,alt1,20260909845
839,3,set29,alt1,20260909845
839,3,set30,alt2,20260909845
839,3,set31,alt2,20260909845
839,3,set39,alt2,20260909845
839,3,set47,alt2,20260909845
840,3,set3,alt1,20260909846
840,3,set4,alt2,20260909846
840,3,set12,alt1,20260909846
840,3,set22,alt1,20260909846
840,3,set24,alt1,20260909846
840,3,set25,alt1,20260909846
840,3,set28,alt1,20260909846
840,3,set29,alt1,20260909846
840,3,set30,alt2,20260909846
840,3,set31,alt2,20260909846
840,3,set39,alt2,20260909846
840,3,set47,alt2,20260909846
841,2,set1,alt2,20260909847
841,2,set2,alt1,20260909847
841,2,set7,alt1,20260909847
841,2,set8,alt1,20260909847
841,2,set10,alt1,20260909847
841,2,set13,alt1,20260909847
841,2,set36,alt2,20260909847
841,2,set38,alt2,20260909847
841,2,set40,alt2,20260909847
841,2,set44,alt1,20260909847
841,2,set45,alt2,20260909847
841,2,set46,alt1,20260909847
842,1,set5,alt2,20260909848
842,1,set6,alt2,20260909848
842,1,set9,alt2,20260909848
842,1,set11,alt2,20260909848
842,1,set18,alt1,20260909848
842,1,set19,alt2,20260909848
842,1,set33,alt1,20260909848
842,1,set35,alt2,20260909848
842,1,set37,alt1,20260909848
842,1,set41,alt1,20260909848
842,1,set42,alt2,20260909848
842,1,set48,alt2,20260909848
843,4,set14,alt1,20260909849
843,4,set15,alt2,20260909849
843,4,set16,alt2,20260909849
843,4,set17,alt2,20260909849
843,4,set20,alt1,20260909849
843,4,set21,alt1,20260909849
843,4,set23,alt1,20260909849
843,4,set26,alt1,20260909849
843,4,set27,alt1,20260909849
843,4,set32,alt1,20260909849
843,4,set34,alt2,20260909849
843,4,set43,alt2,20260909849
844,4,set14,alt1,20260909850
844,4,set15,alt1,20260909850
844,4,set16,alt1,20260909850
844,4,set17,alt1,20260909850
844,4,set20,alt1,20260909850
844,4,set21,alt1,20260909850
844,4,set23,alt1,20260909850
844,4,set26,alt1,20260909850
844,4,set27,alt1,20260909850
844,4,set32,alt1,20260909850
844,4,set34,alt2,20260909850
844,4,set43,alt1,20260909850
845,3,set3,alt1,20260909851
845,3,set4,alt2,20260909851
845,3,set12,alt1,20260909851
845,3,set22,alt1,20260909851
845,3,set24,alt1,20260909851
845,3,set25,alt1,20260909851
845,3,set28,alt1,20260909851
845,3,set29,alt1,20260909851
845,3,set30,alt2,20260909851
845,3,set31,alt2,20260909851
845,3,set39,alt2,20260909851
845,3,set47,alt2,20260909851
846,2,set1,alt2,20260909852
846,2,set2,alt1,20260909852
846,2,set7,alt1,20260909852
846,2,set8,alt1,20260909852
846,2,set10,alt1,20260909852
846,2,set13,alt1,20260909852
846,2,set36,alt2,20260909852
846,2,set38,alt2,20260909852
846,2,set40,alt2,20260909852
846,2,set44,alt1,20260909852
846,2,set45,alt2,20260909852
846,2,set46,alt1,20260909852
847,1,set5,alt2,20260909853
847,1,set6,alt1,20260909853
847,1,set9,alt2,20260909853
847,1,set11,alt2,20260909853
847,1,set18,alt2,20260909853
847,1,set19,alt2,20260909853
847,1,set33,alt1,20260909853
847,1,set35,alt2,20260909853
847,1,set37,alt1,20260909853
847,1,set41,alt1,20260909853
847,1,set42,alt2,20260909853
847,1,set48,alt2,20260909853
848,3,set3,alt1,20260909854
848,3,set4,alt2,20260909854
848,3,set12,alt1,20260909854
848,3,set22,alt1,20260909854
848,3,set24,alt1,20260909854
848,3,set25,alt1,20260909854
848,3,set28,alt1,20260909854
848,3,set29,alt1,20260909854
848,3,set30,alt2,20260909854
848,3,set31,alt2,20260909854
848,3,set39,alt2,20260909854
848,3,set47,alt2,20260909854
849,1,set5,alt2,20260909855
849,1,set6,alt1,20260909855
849,1,set9,alt2,20260909855
849,1,set11,alt2,20260909855
849,1,set18,alt2,20260909855
849,1,set19,alt2,20260909855
849,1,set33,alt1,20260909855
849,1,set35,alt2,20260909855
849,1,set37,alt1,20260909855
849,1,set41,alt1,20260909855
849,1,set42,alt2,20260909855
849,1,set48,alt2,20260909855
850,3,set3,alt1,20260909856
850,3,set4,alt2,20260909856
850,3,set12,alt1,20260909856
850,3,set22,alt1,20260909856
850,3,set24,alt1,20260909856
850,3,set25,alt1,20260909856
850,3,set28,alt1,20260909856
850,3,set29,alt1,20260909856
850,3,set30,alt2,20260909856
850,3,set31,alt2,20260909856
850,3,set39,alt2,20260909856
850,3,set47,alt2,20260909856
851,3,set3,alt2,20260909857
851,3,set4,alt1,20260909857
851,3,set12,alt1,20260909857
851,3,set22,alt1,20260909857
851,3,set24,alt1,20260909857
851,3,set25,alt2,20260909857
851,3,set28,alt2,20260909857
851,3,set29,alt1,20260909857
851,3,set30,alt1,20260909857
851,3,set31,alt2,20260909857
851,3,set39,alt1,20260909857
851,3,set47,alt1,20260909857
852,4,set14,alt1,20260909858
852,4,set15,alt2,20260909858
852,4,set16,alt2,20260909858
852,4,set17,alt2,20260909858
852,4,set20,alt1,20260909858
852,4,set21,alt1,20260909858
852,4,set23,alt1,20260909858
852,4,set26,alt1,20260909858
852,4,set27,alt1,20260909858
852,4,set32,alt1,20260909858
852,4,set34,alt2,20260909858
852,4,set43,alt2,20260909858
853,2,set1,alt2,20260909859
853,2,set2,alt1,20260909859
853,2,set7,alt1,20260909859
853,2,set8,alt1,20260909859
853,2,set10,alt2,20260909859
853,2,set13,alt1,20260909859
853,2,set36,alt2,20260909859
853,2,set38,alt2,20260909859
853,2,set40,alt2,20260909859
853,2,set44,alt1,20260909859
853,2,set45,alt2,20260909859
853,2,set46,alt1,20260909859
854,2,set1,alt2,20260909860
854,2,set2,alt1,20260909860
854,2,set7,alt1,20260909860
854,2,set8,alt1,20260909860
854,2,set10,alt1,20260909860
854,2,set13,alt1,20260909860
854,2,set36,alt2,20260909860
854,2,set38,alt2,20260909860
854,2,set40,alt2,20260909860
854,2,set44,alt1,20260909860
854,2,set45,alt2,20260909860
854,2,set46,alt1,20260909860
855,1,set5,alt2,20260909861
855,1,set6,alt1,20260909861
855,1,set9,alt2,20260909861
855,1,set11,alt2,20260909861
855,1,set18,alt2,20260909861
855,1,set19,alt2,20260909861
855,1,set33,alt1,20260909861
855,1,set35,alt2,20260909861
855,1,set37,alt1,20260909861
855,1,set41,alt1,20260909861
855,1,set42,alt2,20260909861
855,1,set48,alt2,20260909861
856,2,set1,alt2,20260909862
856,2,set2,alt1,20260909862
856,2,set7,alt2,20260909862
856,2,set8,alt1,20260909862
856,2,set10,alt2,20260909862
856,2,set13,alt1,20260909862
856,2,set36,alt2,20260909862
856,2,set38,alt1,20260909862
856,2,set40,alt2,20260909862
856,2,set44,alt2,20260909862
856,2,set45,alt2,20260909862
856,2,set46,alt2,20260909862
857,3,set3,alt2,20260909863
857,3,set4,alt1,20260909863
857,3,set12,alt1,20260909863
857,3,set22,alt1,20260909863
857,3,set24,alt1,20260909863
857,3,set25,alt2,20260909863
857,3,set28,alt2,20260909863
857,3,set29,alt1,20260909863
857,3,set30,alt1,20260909863
857,3,set31,alt2,20260909863
857,3,set39,alt1,20260909863
857,3,set47,alt1,20260909863
858,3,set3,alt1,20260909864
858,3,set4,alt2,20260909864
858,3,set12,alt1,20260909864
858,3,set22,alt1,20260909864
858,3,set24,alt1,20260909864
858,3,set25,alt1,20260909864
858,3,set28,alt1,20260909864
858,3,set29,alt1,20260909864
858,3,set30,alt2,20260909864
858,3,set31,alt2,20260909864
858,3,set39,alt2,20260909864
858,3,set47,alt2,20260909864
859,2,set1,alt2,20260909865
859,2,set2,alt1,20260909865
859,2,set7,alt1,20260909865
859,2,set8,alt1,20260909865
859,2,set10,alt1,20260909865
859,2,set13,alt1,20260909865
859,2,set36,alt2,20260909865
859,2,set38,alt2,20260909865
859,2,set40,alt2,20260909865
859,2,set44,alt1,20260909865
859,2,set45,alt2,20260909865
859,2,set46,alt1,20260909865
860,2,set1,alt2,20260909866
860,2,set2,alt1,20260909866
860,2,set7,alt1,20260909866
860,2,set8,alt1,20260909866
860,2,set10,alt1,20260909866
860,2,set13,alt1,20260909866
860,2,set36,alt2,20260909866
860,2,set38,alt2,20260909866
860,2,set40,alt2,20260909866
860,2,set44,alt1,20260909866
860,2,set45,alt2,20260909866
860,2,set46,alt1,20260909866
861,1,set5,alt2,20260909867
861,1,set6,alt1,20260909867
861,1,set9,alt2,20260909867
861,1,set11,alt2,20260909867
861,1,set18,alt2,20260909867
861,1,set19,alt2,20260909867
861,1,set33,alt1,20260909867
861,1,set35,alt2,20260909867
861,1,set37,alt1,20260909867
861,1,set41,alt1,20260909867
861,1,set42,alt2,20260909867
861,1,set48,alt2,20260909867
862,1,set5,alt2,20260909868
862,1,set6,alt2,20260909868
862,1,set9,alt2,20260909868
862,1,set11,alt2,20260909868
862,1,set18,alt2,20260909868
862,1,set19,alt2,20260909868
862,1,set33,alt1,20260909868
862,1,set35,alt2,20260909868
862,1,set37,alt1,20260909868
862,1,set41,alt2,20260909868
862,1,set42,alt2,20260909868
862,1,set48,alt2,20260909868
863,2,set1,alt2,20260909869
863,2,set2,alt1,20260909869
863,2,set7,alt1,20260909869
863,2,set8,alt1,20260909869
863,2,set10,alt1,20260909869
863,2,set13,alt1,20260909869
863,2,set36,alt2,20260909869
863,2,set38,alt2,20260909869
863,2,set40,alt2,20260909869
863,2,set44,alt1,20260909869
863,2,set45,alt2,20260909869
863,2,set46,alt1,20260909869
864,3,set3,alt1,20260909870
864,3,set4,alt2,20260909870
864,3,set12,alt1,20260909870
864,3,set22,alt1,20260909870
864,3,set24,alt1,20260909870
864,3,set25,alt1,20260909870
864,3,set28,alt1,20260909870
864,3,set29,alt1,20260909870
864,3,set30,alt2,20260909870
864,3,set31,alt2,20260909870
864,3,set39,alt2,20260909870
864,3,set47,alt2,20260909870
865,3,set3,alt1,20260909871
865,3,set4,alt2,20260909871
865,3,set12,alt1,20260909871
865,3,set22,alt1,20260909871
865,3,set24,alt1,20260909871
865,3,set25,alt1,20260909871
865,3,set28,alt1,20260909871
865,3,set29,alt1,20260909871
865,3,set30,alt2,20260909871
865,3,set31,alt2,20260909871
865,3,set39,alt2,20260909871
865,3,set47,alt2,20260909871
866,2,set1,alt2,20260909872
866,2,set2,alt1,20260909872
866,2,set7,alt2,20260909872
866,2,set8,alt1,20260909872
866,2,set10,alt2,20260909872
866,2,set13,alt1,20260909872
866,2,set36,alt2,20260909872
866,2,set38,alt1,20260909872
866,2,set40,alt2,20260909872
866,2,set44,alt2,20260909872
866,2,set45,alt2,20260909872
866,2,set46,alt2,20260909872
867,1,set5,alt2,20260909873
867,1,set6,alt1,20260909873
867,1,set9,alt2,20260909873
867,1,set11,alt2,20260909873
867,1,set18,alt2,20260909873
867,1,set19,alt2,20260909873
867,1,set33,alt1,20260909873
867,1,set35,alt2,20260909873
867,1,set37,alt1,20260909873
867,1,set41,alt1,20260909873
867,1,set42,alt2,20260909873
867,1,set48,alt2,20260909873
868,2,set1,alt2,20260909874
868,2,set2,alt1,20260909874
868,2,set7,alt1,20260909874
868,2,set8,alt1,20260909874
868,2,set10,alt1,20260909874
868,2,set13,alt1,20260909874
868,2,set36,alt2,20260909874
868,2,set38,alt2,20260909874
868,2,set40,alt2,20260909874
868,2,set44,alt1,20260909874
868,2,set45,alt2,20260909874
868,2,set46,alt1,20260909874
869,1,set5,alt2,20260909875
869,1,set6,alt1,20260909875
869,1,set9,alt2,20260909875
869,1,set11,alt2,20260909875
869,1,set18,alt2,20260909875
869,1,set19,alt2,20260909875
869,1,set33,alt1,20260909875
869,1,set35,alt2,20260909875
869,1,set37,alt1,20260909875
869,1,set41,alt1,20260909875
869,1,set42,alt2,20260909875
869,1,set48,alt2,20260909875
870,2,set1,alt2,20260909876
870,2,set2,alt1,20260909876
870,2,set7,alt2,20260909876
870,2,set8,alt1,20260909876
870,2,set10,alt2,20260909876
870,2,set13,alt1,20260909876
870,2,set36,alt2,20260909876
870,2,set38,alt1,20260909876
870,2,set40,alt2,20260909876
870,2,set44,alt2,20260909876
870,2,set45,alt2,20260909876
870,2,set46,alt2,20260909876
871,4,set14,alt2,20260909877
871,4,set15,alt2,20260909877
871,4,set16,alt1,20260909877
871,4,set17,alt1,20260909877
871,4,set20,alt1,20260909877
871,4,set21,alt1,20260909877
871,4,set23,alt1,20260909877
871,4,set26,alt1,20260909877
871,4,set27,alt2,20260909877
871,4,set32,alt1,20260909877
871,4,set34,alt2,20260909877
871,4,set43,alt1,20260909877
872,2,set1,alt2,20260909878
872,2,set2,alt1,20260909878
872,2,set7,alt1,20260909878
872,2,set8,alt1,20260909878
872,2,set10,alt1,20260909878
872,2,set13,alt1,20260909878
872,2,set36,alt2,20260909878
872,2,set38,alt2,20260909878
872,2,set40,alt2,20260909878
872,2,set44,alt1,20260909878
872,2,set45,alt2,20260909878
872,2,set46,alt1,20260909878
873,1,set5,alt2,20260909879
873,1,set6,alt1,20260909879
873,1,set9,alt2,20260909879
873,1,set11,alt2,20260909879
873,1,set18,alt2,20260909879
873,1,set19,alt2,20260909879
873,1,set33,alt1,20260909879
873,1,set35,alt2,20260909879
873,1,set37,alt1,20260909879
873,1,set41,alt1,20260909879
873,1,set42,alt2,20260909879
873,1,set48,alt2,20260909879
874,4,set14,alt1,20260909880
874,4,set15,alt2,20260909880
874,4,set16,alt2,20260909880
874,4,set17,alt2,20260909880
874,4,set20,alt1,20260909880
874,4,set21,alt1,20260909880
874,4,set23,alt1,20260909880
874,4,set26,alt1,20260909880
874,4,set27,alt1,20260909880
874,4,set32,alt1,20260909880
874,4,set34,alt2,20260909880
874,4,set43,alt2,20260909880
875,3,set3,alt1,20260909881
875,3,set4,alt2,20260909881
875,3,set12,alt1,20260909881
875,3,set22,alt1,20260909881
875,3,set24,alt1,20260909881
875,3,set25,alt1,20260909881
875,3,set28,alt1,20260909881
875,3,set29,alt1,20260909881
875,3,set30,alt2,20260909881
875,3,set31,alt2,20260909881
875,3,set39,alt2,20260909881
875,3,set47,alt2,20260909881
876,2,set1,alt2,20260909882
876,2,set2,alt1,20260909882
876,2,set7,alt1,20260909882
876,2,set8,alt1,20260909882
876,2,set10,alt2,20260909882
876,2,set13,alt1,20260909882
876,2,set36,alt2,20260909882
876,2,set38,alt2,20260909882
876,2,set40,alt2,20260909882
876,2,set44,alt1,20260909882
876,2,set45,alt2,20260909882
876,2,set46,alt1,20260909882
877,2,set1,alt2,20260909883
877,2,set2,alt1,20260909883
877,2,set7,alt1,20260909883
877,2,set8,alt1,20260909883
877,2,set10,alt2,20260909883
877,2,set13,alt1,20260909883
877,2,set36,alt2,20260909883
877,2,set38,alt2,20260909883
877,2,set40,alt2,20260909883
877,2,set44,alt1,20260909883
877,2,set45,alt2,20260909883
877,2,set46,alt1,20260909883
878,4,set14,alt1,20260909884
878,4,set15,alt2,20260909884
878,4,set16,alt2,20260909884
878,4,set17,alt2,20260909884
878,4,set20,alt1,20260909884
878,4,set21,alt1,20260909884
878,4,set23,alt1,20260909884
878,4,set26,alt1,20260909884
878,4,set27,alt1,20260909884
878,4,set32,alt1,20260909884
878,4,set34,alt2,20260909884
878,4,set43,alt2,20260909884
879,1,set5,alt2,20260909885
879,1,set6,alt1,20260909885
879,1,set9,alt2,20260909885
879,1,set11,alt2,20260909885
879,1,set18,alt2,20260909885
879,1,set19,alt2,20260909885
879,1,set33,alt1,20260909885
879,1,set35,alt2,20260909885
879,1,set37,alt1,20260909885
879,1,set41,alt1,20260909885
879,1,set42,alt2,20260909885
879,1,set48,alt2,20260909885
880,2,set1,alt2,20260909886
880,2,set2,alt1,20260909886
880,2,set7,alt1,20260909886
880,2,set8,alt1,20260909886
880,2,set10,alt1,20260909886
880,2,set13,alt1,20260909886
880,2,set36,alt2,20260909886
880,2,set38,alt2,20260909886
880,2,set40,alt2,20260909886
880,2,set44,alt1,20260909886
880,2,set45,alt2,20260909886
880,2,set46,alt1,20260909886
881,4,set14,alt1,20260909887
881,4,set15,alt2,20260909887
881,4,set16,alt1,20260909887
881,4,set17,alt2,20260909887
881,4,set20,alt1,20260909887
881,4,set21,alt1,20260909887
881,4,set23,alt1,20260909887
881,4,set26,alt1,20260909887
881,4,set27,alt1,20260909887
881,4,set32,alt1,20260909887
881,4,set34,alt1,20260909887
881,4,set43,alt1,20260909887
882,3,set3,alt1,20260909888
882,3,set4,alt2,20260909888
882,3,set12,alt1,20260909888
882,3,set22,alt1,20260909888
882,3,set24,alt1,20260909888
882,3,set25,alt1,20260909888
882,3,set28,alt1,20260909888
882,3,set29,alt1,20260909888
882,3,set30,alt2,20260909888
882,3,set31,alt2,20260909888
882,3,set39,alt2,20260909888
882,3,set47,alt2,20260909888
883,2,set1,alt2,20260909889
883,2,set2,alt1,20260909889
883,2,set7,alt1,20260909889
883,2,set8,alt1,20260909889
883,2,set10,alt1,20260909889
883,2,set13,alt1,20260909889
883,2,set36,alt2,20260909889
883,2,set38,alt2,20260909889
883,2,set40,alt2,20260909889
883,2,set44,alt1,20260909889
883,2,set45,alt2,20260909889
883,2,set46,alt1,20260909889
884,3,set3,alt1,20260909890
884,3,set4,alt2,20260909890
884,3,set12,alt1,20260909890
884,3,set22,alt1,20260909890
884,3,set24,alt1,20260909890
884,3,set25,alt1,20260909890
884,3,set28,alt1,20260909890
884,3,set29,alt1,20260909890
884,3,set30,alt2,20260909890
884,3,set31,alt2,20260909890
884,3,set39,alt2,20260909890
884,3,set47,alt2,20260909890
885,2,set1,alt2,20260909891
885,2,set2,alt1,20260909891
885,2,set7,alt1,20260909891
885,2,set8,alt1,20260909891
885,2,set10,alt1,20260909891
885,2,set13,alt1,20260909891
885,2,set36,alt2,20260909891
885,2,set38,alt2,20260909891
885,2,set40,alt2,20260909891
885,2,set44,alt1,20260909891
885,2,set45,alt2,20260909891
885,2,set46,alt1,20260909891
886,4,set14,alt1,20260909892
886,4,set15,alt2,20260909892
886,4,set16,alt2,20260909892
886,4,set17,alt2,20260909892
886,4,set20,alt1,20260909892
886,4,set21,alt1,20260909892
886,4,set23,alt1,20260909892
886,4,set26,alt1,20260909892
886,4,set27,alt1,20260909892
886,4,set32,alt1,20260909892
886,4,set34,alt2,20260909892
886,4,set43,alt2,20260909892
887,3,set3,alt1,20260909893
887,3,set4,alt2,20260909893
887,3,set12,alt1,20260909893
887,3,set22,alt1,20260909893
887,3,set24,alt1,20260909893
887,3,set25,alt1,20260909893
887,3,set28,alt1,20260909893
887,3,set29,alt1,20260909893
887,3,set30,alt2,20260909893
887,3,set31,alt2,20260909893
887,3,set39,alt2,20260909893
887,3,set47,alt2,20260909893
888,4,set14,alt1,20260909894
888,4,set15,alt2,20260909894
888,4,set16,alt2,20260909894
888,4,set17,alt2,20260909894
888,4,set20,alt1,20260909894
888,4,set21,alt1,20260909894
888,4,set23,alt1,20260909894
888,4,set26,alt1,20260909894
888,4,set27,alt1,20260909894
888,4,set32,alt1,20260909894
888,4,set34,alt2,20260909894
888,4,set43,alt2,20260909894
889,2,set1,alt2,20260909895
889,2,set2,alt1,20260909895
889,2,set7,alt2,20260909895
889,2,set8,alt1,20260909895
889,2,set10,alt2,20260909895
889,2,set13,alt1,20260909895
889,2,set36,alt2,20260909895
889,2,set38,alt1,20260909895
889,2,set40,alt2,20260909895
889,2,set44,alt2,20260909895
889,2,set45,alt2,20260909895
889,2,set46,alt2,20260909895
890,2,set1,alt2,20260909896
890,2,set2,alt1,20260909896
890,2,set7,alt1,20260909896
890,2,set8,alt1,20260909896
890,2,set10,alt1,20260909896
890,2,set13,alt1,20260909896
890,2,set36,alt2,20260909896
890,2,set38,alt2,20260909896
890,2,set40,alt2,20260909896
890,2,set44,alt1,20260909896
890,2,set45,alt2,20260909896
890,2,set46,alt1,20260909896
891,2,set1,alt2,20260909897
891,2,set2,alt1,20260909897
891,2,set7,alt1,20260909897
891,2,set8,alt1,20260909897
891,2,set10,alt1,20260909897
891,2,set13,alt1,20260909897
891,2,set36,alt2,20260909897
891,2,set38,alt2,20260909897
891,2,set40,alt2,20260909897
891,2,set44,alt1,20260909897
891,2,set45,alt2,20260909897
891,2,set46,alt1,20260909897
892,3,set3,alt1,20260909898
892,3,set4,alt2,20260909898
892,3,set12,alt1,20260909898
892,3,set22,alt1,20260909898
892,3,set24,alt1,20260909898
892,3,set25,alt1,20260909898
892,3,set28,alt1,20260909898
892,3,set29,alt1,20260909898
892,3,set30,alt2,20260909898
892,3,set31,alt2,20260909898
892,3,set39,alt2,20260909898
892,3,set47,alt2,20260909898
893,1,set5,alt2,20260909899
893,1,set6,alt1,20260909899
893,1,set9,alt2,20260909899
893,1,set11,alt2,20260909899
893,1,set18,alt2,20260909899
893,1,set19,alt2,20260909899
893,1,set33,alt1,20260909899
893,1,set35,alt2,20260909899
893,1,set37,alt1,20260909899
893,1,set41,alt1,20260909899
893,1,set42,alt2,20260909899
893,1,set48,alt2,20260909899
894,4,set14,alt1,20260909900
894,4,set15,alt2,20260909900
894,4,set16,alt1,20260909900
894,4,set17,alt2,20260909900
894,4,set20,alt1,20260909900
894,4,set21,alt1,20260909900
894,4,set23,alt1,20260909900
894,4,set26,alt1,20260909900
894,4,set27,alt1,20260909900
894,4,set32,alt1,20260909900
894,4,set34,alt1,20260909900
894,4,set43,alt1,20260909900
895,1,set5,alt1,20260909901
895,1,set6,alt1,20260909901
895,1,set9,alt1,20260909901
895,1,set11,alt2,20260909901
895,1,set18,alt1,20260909901
895,1,set19,alt1,20260909901
895,1,set33,alt2,20260909901
895,1,set35,alt2,20260909901
895,1,set37,alt1,20260909901
895,1,set41,alt1,20260909901
895,1,set42,alt2,20260909901
895,1,set48,alt2,20260909901
896,2,set1,alt2,20260909902
896,2,set2,alt1,20260909902
896,2,set7,alt1,20260909902
896,2,set8,alt1,20260909902
896,2,set10,alt1,20260909902
896,2,set13,alt1,20260909902
896,2,set36,alt2,20260909902
896,2,set38,alt2,20260909902
896,2,set40,alt2,20260909902
896,2,set44,alt1,20260909902
896,2,set45,alt2,20260909902
896,2,set46,alt1,20260909902
897,4,set14,alt2,20260909903
897,4,set15,alt2,20260909903
897,4,set16,alt1,20260909903
897,4,set17,alt1,20260909903
897,4,set20,alt1,20260909903
897,4,set21,alt1,20260909903
897,4,set23,alt1,20260909903
897,4,set26,alt1,20260909903
897,4,set27,alt2,20260909903
897,4,set32,alt1,20260909903
897,4,set34,alt2,20260909903
897,4,set43,alt1,20260909903
898,1,set5,alt2,20260909904
898,1,set6,alt2,20260909904
898,1,set9,alt2,20260909904
898,1,set11,alt2,20260909904
898,1,set18,alt1,20260909904
898,1,set19,alt2,20260909904
898,1,set33,alt1,20260909904
898,1,set35,alt2,20260909904
898,1,set37,alt1,20260909904
898,1,set41,alt1,20260909904
898,1,set42,alt2,20260909904
898,1,set48,alt2,20260909904
899,1,set5,alt1,20260909905
899,1,set6,alt1,20260909905
899,1,set9,alt1,20260909905
899,1,set11,alt2,20260909905
899,1,set18,alt1,20260909905
899,1,set19,alt1,20260909905
899,1,set33,alt2,20260909905
899,1,set35,alt2,20260909905
899,1,set37,alt1,20260909905
899,1,set41,alt1,20260909905
899,1,set42,alt2,20260909905
899,1,set48,alt2,20260909905
900,1,set5,alt1,20260909906
900,1,set6,alt2,20260909906
900,1,set9,alt1,20260909906
900,1,set11,alt2,20260909906
900,1,set18,alt2,20260909906
900,1,set19,alt2,20260909906
900,1,set33,alt1,20260909906
900,1,set35,alt2,20260909906
900,1,set37,alt1,20260909906
900,1,set41,alt1,20260909906
900,1,set42,alt1,20260909906
900,1,set48,alt2,20260909906
901,1,set5,alt2,20260909907
901,1,set6,alt1,20260909907
901,1,set9,alt2,20260909907
901,1,set11,alt2,20260909907
901,1,set18,alt2,20260909907
901,1,set19,alt2,20260909907
901,1,set33,alt1,20260909907
901,1,set35,alt2,20260909907
901,1,set37,alt1,20260909907
901,1,set41,alt1,20260909907
901,1,set42,alt2,20260909907
901,1,set48,alt2,20260909907
902,1,set5,alt2,20260909908
902,1,set6,alt1,20260909908
902,1,set9,alt2,20260909908
902,1,set11,alt2,20260909908
902,1,set18,alt2,20260909908
902,1,set19,alt2,20260909908
902,1,set33,alt1,20260909908
902,1,set35,alt2,20260909908
902,1,set37,alt1,20260909908
902,1,set41,alt1,20260909908
902,1,set42,alt2,20260909908
902,1,set48,alt2,20260909908
903,4,set14,alt1,20260909909
903,4,set15,alt2,20260909909
903,4,set16,alt2,20260909909
903,4,set17,alt2,20260909909
903,4,set20,alt1,20260909909
903,4,set21,alt1,20260909909
903,4,set23,alt1,20260909909
903,4,set26,alt1,20260909909
903,4,set27,alt1,20260909909
903,4,set32,alt1,20260909909
903,4,set34,alt2,20260909909
903,4,set43,alt2,20260909909
904,4,set14,alt2,20260909910
904,4,set15,alt2,20260909910
904,4,set16,alt1,20260909910
904,4,set17,alt1,20260909910
904,4,set20,alt1,20260909910
904,4,set21,alt1,20260909910
904,4,set23,alt1,20260909910
904,4,set26,alt1,20260909910
904,4,set27,alt2,20260909910
904,4,set32,alt1,20260909910
904,4,set34,alt2,20260909910
904,4,set43,alt1,20260909910
905,2,set1,alt2,20260909911
905,2,set2,alt1,20260909911
905,2,set7,alt1,20260909911
905,2,set8,alt1,20260909911
905,2,set10,alt1,20260909911
905,2,set13,alt1,20260909911
905,2,set36,alt2,20260909911
905,2,set38,alt2,20260909911
905,2,set40,alt2,20260909911
905,2,set44,alt1,20260909911
905,2,set45,alt2,20260909911
905,2,set46,alt1,20260909911
906,1,set5,alt2,20260909912
906,1,set6,alt2,20260909912
906,1,set9,alt2,20260909912
906,1,set11,alt2,20260909912
906,1,set18,alt2,20260909912
906,1,set19,alt2,20260909912
906,1,set33,alt1,20260909912
906,1,set35,alt2,20260909912
906,1,set37,alt1,20260909912
906,1,set41,alt2,20260909912
906,1,set42,alt2,20260909912
906,1,set48,alt2,20260909912
907,2,set1,alt2,20260909913
907,2,set2,alt1,20260909913
907,2,set7,alt1,20260909913
907,2,set8,alt1,20260909913
907,2,set10,alt1,20260909913
907,2,set13,alt1,20260909913
907,2,set36,alt2,20260909913
907,2,set38,alt2,20260909913
907,2,set40,alt2,20260909913
907,2,set44,alt1,20260909913
907,2,set45,alt2,20260909913
907,2,set46,alt1,20260909913
908,2,set1,alt2,20260909914
908,2,set2,alt1,20260909914
908,2,set7,alt1,20260909914
908,2,set8,alt1,20260909914
908,2,set10,alt1,20260909914
908,2,set13,alt1,20260909914
908,2,set36,alt2,20260909914
908,2,set38,alt2,20260909914
908,2,set40,alt2,20260909914
908,2,set44,alt1,20260909914
908,2,set45,alt2,20260909914
908,2,set46,alt1,20260909914
909,2,set1,alt2,20260909915
909,2,set2,alt1,20260909915
909,2,set7,alt1,20260909915
909,2,set8,alt1,20260909915
909,2,set10,alt1,20260909915
909,2,set13,alt1,20260909915
909,2,set36,alt2,20260909915
909,2,set38,alt2,20260909915
909,2,set40,alt2,20260909915
909,2,set44,alt1,20260909915
909,2,set45,alt2,20260909915
909,2,set46,alt1,20260909915
910,3,set3,alt1,20260909916
910,3,set4,alt2,20260909916
910,3,set12,alt1,20260909916
910,3,set22,alt1,20260909916
910,3,set24,alt1,20260909916
910,3,set25,alt1,20260909916
910,3,set28,alt1,20260909916
910,3,set29,alt1,20260909916
910,3,set30,alt2,20260909916
910,3,set31,alt2,20260909916
910,3,set39,alt2,20260909916
910,3,set47,alt2,20260909916
911,1,set5,alt2,20260909917
911,1,set6,alt2,20260909917
911,1,set9,alt2,20260909917
911,1,set11,alt2,20260909917
911,1,set18,alt2,20260909917
911,1,set19,alt2,20260909917
911,1,set33,alt1,20260909917
911,1,set35,alt2,20260909917
911,1,set37,alt1,20260909917
911,1,set41,alt2,20260909917
911,1,set42,alt2,20260909917
911,1,set48,alt2,20260909917
912,4,set14,alt1,20260909918
912,4,set15,alt2,20260909918
912,4,set16,alt2,20260909918
912,4,set17,alt2,20260909918
912,4,set20,alt1,20260909918
912,4,set21,alt1,20260909918
912,4,set23,alt1,20260909918
912,4,set26,alt1,20260909918
912,4,set27,alt1,20260909918
912,4,set32,alt1,20260909918
912,4,set34,alt2,20260909918
912,4,set43,alt2,20260909918
913,4,set14,alt1,20260909919
913,4,set15,alt2,20260909919
913,4,set16,alt2,20260909919
913,4,set17,alt2,20260909919
913,4,set20,alt1,20260909919
913,4,set21,alt1,20260909919
913,4,set23,alt1,20260909919
913,4,set26,alt1,20260909919
913,4,set27,alt1,20260909919
913,4,set32,alt1,20260909919
913,4,set34,alt2,20260909919
913,4,set43,alt2,20260909919
914,4,set14,alt1,20260909920
914,4,set15,alt2,20260909920
914,4,set16,alt2,20260909920
914,4,set17,alt2,20260909920
914,4,set20,alt1,20260909920
914,4,set21,alt1,20260909920
914,4,set23,alt1,20260909920
914,4,set26,alt1,20260909920
914,4,set27,alt1,20260909920
914,4,set32,alt1,20260909920
914,4,set34,alt2,20260909920
914,4,set43,alt2,20260909920
915,3,set3,alt1,20260909921
915,3,set4,alt2,20260909921
915,3,set12,alt1,20260909921
915,3,set22,alt1,20260909921
915,3,set24,alt1,20260909921
915,3,set25,alt1,20260909921
915,3,set28,alt1,20260909921
915,3,set29,alt1,20260909921
915,3,set30,alt2,20260909921
915,3,set31,alt2,20260909921
915,3,set39,alt2,20260909921
915,3,set47,alt2,20260909921
916,3,set3,alt1,20260909922
916,3,set4,alt2,20260909922
916,3,set12,alt1,20260909922
916,3,set22,alt1,20260909922
916,3,set24,alt1,20260909922
916,3,set25,alt1,20260909922
916,3,set28,alt1,20260909922
916,3,set29,alt1,20260909922
916,3,set30,alt2,20260909922
916,3,set31,alt2,20260909922
916,3,set39,alt2,20260909922
916,3,set47,alt2,20260909922
917,3,set3,alt1,20260909923
917,3,set4,alt2,20260909923
917,3,set12,alt1,20260909923
917,3,set22,alt1,20260909923
917,3,set24,alt1,20260909923
917,3,set25,alt1,20260909923
917,3,set28,alt1,20260909923
917,3,set29,alt1,20260909923
917,3,set30,alt2,20260909923
917,3,set31,alt2,20260909923
917,3,set39,alt2,20260909923
917,3,set47,alt2,20260909923
918,3,set3,alt1,20260909924
918,3,set4,alt2,20260909924
918,3,set12,alt1,20260909924
918,3,set22,alt1,20260909924
918,3,set24,alt1,20260909924
918,3,set25,alt1,20260909924
918,3,set28,alt1,20260909924
918,3,set29,alt1,20260909924
918,3,set30,alt2,20260909924
918,3,set31,alt2,20260909924
918,3,set39,alt2,20260909924
918,3,set47,alt2,20260909924
919,2,set1,alt2,20260909925
919,2,set2,alt1,20260909925
919,2,set7,alt1,20260909925
919,2,set8,alt1,20260909925
919,2,set10,alt1,20260909925
919,2,set13,alt1,20260909925
919,2,set36,alt2,20260909925
919,2,set38,alt2,20260909925
919,2,set40,alt2,20260909925
919,2,set44,alt1,20260909925
919,2,set45,alt2,20260909925
919,2,set46,alt1,20260909925
920,3,set3,alt1,20260909926
920,3,set4,alt2,20260909926
920,3,set12,alt1,20260909926
920,3,set22,alt1,20260909926
920,3,set24,alt1,20260909926
920,3,set25,alt1,20260909926
920,3,set28,alt1,20260909926
920,3,set29,alt1,20260909926
920,3,set30,alt2,20260909926
920,3,set31,alt2,20260909926
920,3,set39,alt2,20260909926
920,3,set47,alt2,20260909926
921,2,set1,alt2,20260909927
921,2,set2,alt1,20260909927
921,2,set7,alt1,20260909927
921,2,set8,alt1,20260909927
921,2,set10,alt1,20260909927
921,2,set13,alt1,20260909927
921,2,set36,alt2,20260909927
921,2,set38,alt2,20260909927
921,2,set40,alt2,20260909927
921,2,set44,alt1,20260909927
921,2,set45,alt2,20260909927
921,2,set46,alt1,20260909927
922,4,set14,alt1,20260909928
922,4,set15,alt2,20260909928
922,4,set16,alt2,20260909928
922,4,set17,alt2,20260909928
922,4,set20,alt1,20260909928
922,4,set21,alt1,20260909928
922,4,set23,alt1,20260909928
922,4,set26,alt1,20260909928
922,4,set27,alt1,20260909928
922,4,set32,alt1,20260909928
922,4,set34,alt2,20260909928
922,4,set43,alt2,20260909928
923,2,set1,alt2,20260909929
923,2,set2,alt1,20260909929
923,2,set7,alt1,20260909929
923,2,set8,alt1,20260909929
923,2,set10,alt1,20260909929
923,2,set13,alt1,20260909929
923,2,set36,alt2,20260909929
923,2,set38,alt2,20260909929
923,2,set40,alt2,20260909929
923,2,set44,alt1,20260909929
923,2,set45,alt2,20260909929
923,2,set46,alt1,20260909929
924,2,set1,alt2,20260909930
924,2,set2,alt1,20260909930
924,2,set7,alt1,20260909930
924,2,set8,alt1,20260909930
924,2,set10,alt1,20260909930
924,2,set13,alt1,20260909930
924,2,set36,alt2,20260909930
924,2,set38,alt2,20260909930
924,2,set40,alt2,20260909930
924,2,set44,alt1,20260909930
924,2,set45,alt2,20260909930
924,2,set46,alt1,20260909930
925,2,set1,alt2,20260909931
925,2,set2,alt1,20260909931
925,2,set7,alt1,20260909931
925,2,set8,alt1,20260909931
925,2,set10,alt1,20260909931
925,2,set13,alt1,20260909931
925,2,set36,alt2,20260909931
925,2,set38,alt2,20260909931
925,2,set40,alt2,20260909931
925,2,set44,alt1,20260909931
925,2,set45,alt2,20260909931
925,2,set46,alt1,20260909931
926,2,set1,alt2,20260909932
926,2,set2,alt1,20260909932
926,2,set7,alt1,20260909932
926,2,set8,alt1,20260909932
926,2,set10,alt1,20260909932
926,2,set13,alt1,20260909932
926,2,set36,alt2,20260909932
926,2,set38,alt2,20260909932
926,2,set40,alt2,20260909932
926,2,set44,alt1,20260909932
926,2,set45,alt2,20260909932
926,2,set46,alt1,20260909932
927,2,set1,alt2,20260909933
927,2,set2,alt1,20260909933
927,2,set7,alt1,20260909933
927,2,set8,alt1,20260909933
927,2,set10,alt2,20260909933
927,2,set13,alt1,20260909933
927,2,set36,alt2,20260909933
927,2,set38,alt2,20260909933
927,2,set40,alt2,20260909933
927,2,set44,alt1,20260909933
927,2,set45,alt2,20260909933
927,2,set46,alt1,20260909933
928,1,set5,alt1,20260909934
928,1,set6,alt1,20260909934
928,1,set9,alt1,20260909934
928,1,set11,alt2,20260909934
928,1,set18,alt1,20260909934
928,1,set19,alt1,20260909934
928,1,set33,alt2,20260909934
928,1,set35,alt2,20260909934
928,1,set37,alt1,20260909934
928,1,set41,alt1,20260909934
928,1,set42,alt2,20260909934
928,1,set48,alt2,20260909934
929,1,set5,alt2,20260909935
929,1,set6,alt2,20260909935
929,1,set9,alt2,20260909935
929,1,set11,alt2,20260909935
929,1,set18,alt2,20260909935
929,1,set19,alt1,20260909935
929,1,set33,alt1,20260909935
929,1,set35,alt2,20260909935
929,1,set37,alt1,20260909935
929,1,set41,alt2,20260909935
929,1,set42,alt2,20260909935
929,1,set48,alt2,20260909935
930,2,set1,alt2,20260909936
930,2,set2,alt1,20260909936
930,2,set7,alt1,20260909936
930,2,set8,alt1,20260909936
930,2,set10,alt1,20260909936
930,2,set13,alt1,20260909936
930,2,set36,alt2,20260909936
930,2,set38,alt2,20260909936
930,2,set40,alt2,20260909936
930,2,set44,alt1,20260909936
930,2,set45,alt2,20260909936
930,2,set46,alt1,20260909936
931,2,set1,alt2,20260909937
931,2,set2,alt1,20260909937
931,2,set7,alt1,20260909937
931,2,set8,alt1,20260909937
931,2,set10,alt2,20260909937
931,2,set13,alt1,20260909937
931,2,set36,alt2,20260909937
931,2,set38,alt2,20260909937
931,2,set40,alt2,20260909937
931,2,set44,alt1,20260909937
931,2,set45,alt2,20260909937
931,2,set46,alt1,20260909937
932,4,set14,alt2,20260909938
932,4,set15,alt2,20260909938
932,4,set16,alt1,20260909938
932,4,set17,alt1,20260909938
932,4,set20,alt1,20260909938
932,4,set21,alt1,20260909938
932,4,set23,alt1,20260909938
932,4,set26,alt1,20260909938
932,4,set27,alt2,20260909938
932,4,set32,alt1,20260909938
932,4,set34,alt2,20260909938
932,4,set43,alt1,20260909938
933,4,set14,alt2,20260909939
933,4,set15,alt2,20260909939
933,4,set16,alt1,20260909939
933,4,set17,alt1,20260909939
933,4,set20,alt1,20260909939
933,4,set21,alt1,20260909939
933,4,set23,alt1,20260909939
933,4,set26,alt1,20260909939
933,4,set27,alt2,20260909939
933,4,set32,alt1,20260909939
933,4,set34,alt2,20260909939
933,4,set43,alt1,20260909939
934,2,set1,alt2,20260909940
934,2,set2,alt1,20260909940
934,2,set7,alt1,20260909940
934,2,set8,alt1,20260909940
934,2,set10,alt1,20260909940
934,2,set13,alt1,20260909940
934,2,set36,alt2,20260909940
934,2,set38,alt2,20260909940
934,2,set40,alt2,20260909940
934,2,set44,alt1,20260909940
934,2,set45,alt2,20260909940
934,2,set46,alt1,20260909940
935,1,set5,alt2,20260909941
935,1,set6,alt1,20260909941
935,1,set9,alt2,20260909941
935,1,set11,alt2,20260909941
935,1,set18,alt2,20260909941
935,1,set19,alt2,20260909941
935,1,set33,alt1,20260909941
935,1,set35,alt2,20260909941
935,1,set37,alt1,20260909941
935,1,set41,alt1,20260909941
935,1,set42,alt2,20260909941
935,1,set48,alt2,20260909941
936,4,set14,alt1,20260909942
936,4,set15,alt2,20260909942
936,4,set16,alt2,20260909942
936,4,set17,alt2,20260909942
936,4,set20,alt1,20260909942
936,4,set21,alt1,20260909942
936,4,set23,alt1,20260909942
936,4,set26,alt1,20260909942
936,4,set27,alt1,20260909942
936,4,set32,alt1,20260909942
936,4,set34,alt2,20260909942
936,4,set43,alt2,20260909942
937,1,set5,alt2,20260909943
937,1,set6,alt2,20260909943
937,1,set9,alt2,20260909943
937,1,set11,alt2,20260909943
937,1,set18,alt1,20260909943
937,1,set19,alt2,20260909943
937,1,set33,alt1,20260909943
937,1,set35,alt2,20260909943
937,1,set37,alt1,20260909943
937,1,set41,alt1,20260909943
937,1,set42,alt2,20260909943
937,1,set48,alt2,20260909943
938,2,set1,alt2,20260909944
938,2,set2,alt1,20260909944
938,2,set7,alt1,20260909944
938,2,set8,alt1,20260909944
938,2,set10,alt1,20260909944
938,2,set13,alt1,20260909944
938,2,set36,alt1,20260909944
938,2,set38,alt2,20260909944
938,2,set40,alt1,20260909944
938,2,set44,alt2,20260909944
938,2,set45,alt2,20260909944
938,2,set46,alt2,20260909944
939,1,set5,alt2,20260909945
939,1,set6,alt2,20260909945
939,1,set9,alt2,20260909945
939,1,set11,alt2,20260909945
939,1,set18,alt1,20260909945
939,1,set19,alt2,20260909945
939,1,set33,alt1,20260909945
939,1,set35,alt2,20260909945
939,1,set37,alt1,20260909945
939,1,set41,alt1,20260909945
939,1,set42,alt2,20260909945
939,1,set48,alt2,20260909945
940,1,set5,alt2,20260909946
940,1,set6,alt1,20260909946
940,1,set9,alt2,20260909946
940,1,set11,alt2,20260909946
940,1,set18,alt2,20260909946
940,1,set19,alt2,20260909946
940,1,set33,alt1,20260909946
940,1,set35,alt2,20260909946
940,1,set37,alt1,20260909946
940,1,set41,alt1,20260909946
940,1,set42,alt2,20260909946
940,1,set48,alt2,20260909946
941,4,set14,alt1,20260909947
941,4,set15,alt2,20260909947
941,4,set16,alt2,20260909947
941,4,set17,alt2,20260909947
941,4,set20,alt1,20260909947
941,4,set21,alt1,20260909947
941,4,set23,alt1,20260909947
941,4,set26,alt1,20260909947
941,4,set27,alt1,20260909947
941,4,set32,alt1,20260909947
941,4,set34,alt2,20260909947
941,4,set43,alt2,20260909947
942,3,set3,alt1,20260909948
942,3,set4,alt2,20260909948
942,3,set12,alt1,20260909948
942,3,set22,alt1,20260909948
942,3,set24,alt1,20260909948
942,3,set25,alt1,20260909948
942,3,set28,alt1,20260909948
942,3,set29,alt1,20260909948
942,3,set30,alt2,20260909948
942,3,set31,alt2,20260909948
942,3,set39,alt2,20260909948
942,3,set47,alt2,20260909948
943,3,set3,alt1,20260909949
943,3,set4,alt2,20260909949
943,3,set12,alt1,20260909949
943,3,set22,alt1,20260909949
943,3,set24,alt1,20260909949
943,3,set25,alt1,20260909949
943,3,set28,alt1,20260909949
943,3,set29,alt1,20260909949
943,3,set30,alt2,20260909949
943,3,set31,alt2,20260909949
943,3,set39,alt2,20260909949
943,3,set47,alt2,20260909949
944,3,set3,alt1,20260909950
944,3,set4,alt2,20260909950
944,3,set12,alt1,20260909950
944,3,set22,alt1,20260909950
944,3,set24,alt1,20260909950
944,3,set25,alt1,20260909950
944,3,set28,alt1,20260909950
944,3,set29,alt1,20260909950
944,3,set30,alt2,20260909950
944,3,set31,alt2,20260909950
944,3,set39,alt2,20260909950
944,3,set47,alt2,20260909950
945,1,set5,alt2,20260909951
945,1,set6,alt1,20260909951
945,1,set9,alt2,20260909951
945,1,set11,alt2,20260909951
945,1,set18,alt2,20260909951
945,1,set19,alt2,20260909951
945,1,set33,alt1,20260909951
945,1,set35,alt2,20260909951
945,1,set37,alt1,20260909951
945,1,set41,alt1,20260909951
945,1,set42,alt2,20260909951
945,1,set48,alt2,20260909951
946,3,set3,alt1,20260909952
946,3,set4,alt2,20260909952
946,3,set12,alt1,20260909952
946,3,set22,alt1,20260909952
946,3,set24,alt1,20260909952
946,3,set25,alt1,20260909952
946,3,set28,alt1,20260909952
946,3,set29,alt1,20260909952
946,3,set30,alt2,20260909952
946,3,set31,alt2,20260909952
946,3,set39,alt2,20260909952
946,3,set47,alt2,20260909952
947,1,set5,alt2,20260909953
947,1,set6,alt1,20260909953
947,1,set9,alt2,20260909953
947,1,set11,alt2,20260909953
947,1,set18,alt2,20260909953
947,1,set19,alt2,20260909953
947,1,set33,alt1,20260909953
947,1,set35,alt2,20260909953
947,1,set37,alt1,20260909953
947,1,set41,alt1,20260909953
947,1,set42,alt2,20260909953
947,1,set48,alt2,20260909953
948,4,set14,alt1,20260909954
948,4,set15,alt2,20260909954
948,4,set16,alt2,20260909954
948,4,set17,alt2,20260909954
948,4,set20,alt1,20260909954
948,4,set21,alt1,20260909954
948,4,set23,alt1,20260909954
948,4,set26,alt1,20260909954
948,4,set27,alt1,20260909954
948,4,set32,alt1,20260909954
948,4,set34,alt2,20260909954
948,4,set43,alt2,20260909954
949,3,set3,alt1,20260909955
949,3,set4,alt2,20260909955
949,3,set12,alt1,20260909955
949,3,set22,alt1,20260909955
949,3,set24,alt1,20260909955
949,3,set25,alt1,20260909955
949,3,set28,alt1,20260909955
949,3,set29,alt1,20260909955
949,3,set30,alt2,20260909955
949,3,set31,alt2,20260909955
949,3,set39,alt2,20260909955
949,3,set47,alt2,20260909955
950,2,set1,alt2,20260909956
950,2,set2,alt1,20260909956
950,2,set7,alt1,20260909956
950,2,set8,alt1,20260909956
950,2,set10,alt1,20260909956
950,2,set13,alt1,20260909956
950,2,set36,alt2,20260909956
950,2,set38,alt2,20260909956
950,2,set40,alt2,20260909956
950,2,set44,alt1,20260909956
950,2,set45,alt2,20260909956
950,2,set46,alt1,20260909956
951,2,set1,alt2,20260909957
951,2,set2,alt1,20260909957
951,2,set7,alt1,20260909957
951,2,set8,alt1,20260909957
951,2,set10,alt1,20260909957
951,2,set13,alt1,20260909957
951,2,set36,alt2,20260909957
951,2,set38,alt2,20260909957
951,2,set40,alt2,20260909957
951,2,set44,alt1,20260909957
951,2,set45,alt2,20260909957
951,2,set46,alt1,20260909957
952,1,set5,alt2,20260909958
952,1,set6,alt2,20260909958
952,1,set9,alt2,20260909958
952,1,set11,alt2,20260909958
952,1,set18,alt1,20260909958
952,1,set19,alt2,20260909958
952,1,set33,alt1,20260909958
952,1,set35,alt2,20260909958
952,1,set37,alt1,20260909958
952,1,set41,alt1,20260909958
952,1,set42,alt2,20260909958
952,1,set48,alt2,20260909958
953,3,set3,alt1,20260909959
953,3,set4,alt2,20260909959
953,3,set12,alt1,20260909959
953,3,set22,alt1,20260909959
953,3,set24,alt1,20260909959
953,3,set25,alt1,20260909959
953,3,set28,alt1,20260909959
953,3,set29,alt1,20260909959
953,3,set30,alt2,20260909959
953,3,set31,alt2,20260909959
953,3,set39,alt2,20260909959
953,3,set47,alt2,20260909959
954,1,set5,alt2,20260909960
954,1,set6,alt1,20260909960
954,1,set9,alt2,20260909960
954,1,set11,alt2,20260909960
954,1,set18,alt2,20260909960
954,1,set19,alt2,20260909960
954,1,set33,alt1,20260909960
954,1,set35,alt2,20260909960
954,1,set37,alt1,20260909960
954,1,set41,alt1,20260909960
954,1,set42,alt2,20260909960
954,1,set48,alt2,20260909960
955,1,set5,alt2,20260909961
955,1,set6,alt1,20260909961
955,1,set9,alt2,20260909961
955,1,set11,alt2,20260909961
955,1,set18,alt2,20260909961
955,1,set19,alt2,20260909961
955,1,set33,alt1,20260909961
955,1,set35,alt2,20260909961
955,1,set37,alt1,20260909961
955,1,set41,alt1,20260909961
955,1,set42,alt2,20260909961
955,1,set48,alt2,20260909961
956,1,set5,alt1,20260909962
956,1,set6,alt2,20260909962
956,1,set9,alt1,20260909962
956,1,set11,alt2,20260909962
956,1,set18,alt1,20260909962
956,1,set19,alt2,20260909962
956,1,set33,alt1,20260909962
956,1,set35,alt2,20260909962
956,1,set37,alt1,20260909962
956,1,set41,alt1,20260909962
956,1,set42,alt1,20260909962
956,1,set48,alt2,20260909962
957,2,set1,alt2,20260909963
957,2,set2,alt1,20260909963
957,2,set7,alt1,20260909963
957,2,set8,alt1,20260909963
957,2,set10,alt2,20260909963
957,2,set13,alt1,20260909963
957,2,set36,alt2,20260909963
957,2,set38,alt2,20260909963
957,2,set40,alt2,20260909963
957,2,set44,alt1,20260909963
957,2,set45,alt2,20260909963
957,2,set46,alt1,20260909963
958,3,set3,alt1,20260909964
958,3,set4,alt2,20260909964
958,3,set12,alt1,20260909964
958,3,set22,alt1,20260909964
958,3,set24,alt1,20260909964
958,3,set25,alt1,20260909964
958,3,set28,alt1,20260909964
958,3,set29,alt1,20260909964
958,3,set30,alt2,20260909964
958,3,set31,alt2,20260909964
958,3,set39,alt2,20260909964
958,3,set47,alt2,20260909964
959,1,set5,alt2,20260909965
959,1,set6,alt1,20260909965
959,1,set9,alt2,20260909965
959,1,set11,alt2,20260909965
959,1,set18,alt2,20260909965
959,1,set19,alt2,20260909965
959,1,set33,alt1,20260909965
959,1,set35,alt2,20260909965
959,1,set37,alt1,20260909965
959,1,set41,alt1,20260909965
959,1,set42,alt2,20260909965
959,1,set48,alt2,20260909965
960,4,set14,alt1,20260909966
960,4,set15,alt2,20260909966
960,4,set16,alt2,20260909966
960,4,set17,alt2,20260909966
960,4,set20,alt1,20260909966
960,4,set21,alt1,20260909966
960,4,set23,alt1,20260909966
960,4,set26,alt1,20260909966
960,4,set27,alt1,20260909966
960,4,set32,alt1,20260909966
960,4,set34,alt2,20260909966
960,4,set43,alt2,20260909966
961,4,set14,alt1,20260909967
961,4,set15,alt2,20260909967
961,4,set16,alt2,20260909967
961,4,set17,alt2,20260909967
961,4,set20,alt1,20260909967
961,4,set21,alt1,20260909967
961,4,set23,alt1,20260909967
961,4,set26,alt1,20260909967
961,4,set27,alt1,20260909967
961,4,set32,alt1,20260909967
961,4,set34,alt2,20260909967
961,4,set43,alt2,20260909967
962,2,set1,alt2,20260909968
962,2,set2,alt1,20260909968
962,2,set7,alt1,20260909968
962,2,set8,alt1,20260909968
962,2,set10,alt1,20260909968
962,2,set13,alt1,20260909968
962,2,set36,alt2,20260909968
962,2,set38,alt2,20260909968
962,2,set40,alt2,20260909968
962,2,set44,alt1,20260909968
962,2,set45,alt2,20260909968
962,2,set46,alt1,20260909968
963,4,set14,alt1,20260909969
963,4,set15,alt1,20260909969
963,4,set16,alt1,20260909969
963,4,set17,alt1,20260909969
963,4,set20,alt1,20260909969
963,4,set21,alt1,20260909969
963,4,set23,alt1,20260909969
963,4,set26,alt1,20260909969
963,4,set27,alt1,20260909969
963,4,set32,alt1,20260909969
963,4,set34,alt2,20260909969
963,4,set43,alt1,20260909969
964,1,set5,alt2,20260909970
964,1,set6,alt2,20260909970
964,1,set9,alt2,20260909970
964,1,set11,alt2,20260909970
964,1,set18,alt1,20260909970
964,1,set19,alt2,20260909970
964,1,set33,alt1,20260909970
964,1,set35,alt2,20260909970
964,1,set37,alt1,20260909970
964,1,set41,alt1,20260909970
964,1,set42,alt2,20260909970
964,1,set48,alt2,20260909970
965,1,set5,alt1,20260909971
965,1,set6,alt1,20260909971
965,1,set9,alt1,20260909971
965,1,set11,alt2,20260909971
965,1,set18,alt1,20260909971
965,1,set19,alt1,20260909971
965,1,set33,alt2,20260909971
965,1,set35,alt2,20260909971
965,1,set37,alt1,20260909971
965,1,set41,alt1,20260909971
965,1,set42,alt2,20260909971
965,1,set48,alt2,20260909971
966,4,set14,alt1,20260909972
966,4,set15,alt2,20260909972
966,4,set16,alt2,20260909972
966,4,set17,alt2,20260909972
966,4,set20,alt1,20260909972
966,4,set21,alt1,20260909972
966,4,set23,alt1,20260909972
966,4,set26,alt1,20260909972
966,4,set27,alt1,20260909972
966,4,set32,alt1,20260909972
966,4,set34,alt2,20260909972
966,4,set43,alt2,20260909972
967,4,set14,alt2,20260909973
967,4,set15,alt2,20260909973
967,4,set16,alt1,20260909973
967,4,set17,alt1,20260909973
967,4,set20,alt1,20260909973
967,4,set21,alt1,20260909973
967,4,set23,alt1,20260909973
967,4,set26,alt1,20260909973
967,4,set27,alt2,20260909973
967,4,set32,alt1,20260909973
967,4,set34,alt2,20260909973
967,4,set43,alt1,20260909973
968,4,set14,alt1,20260909974
968,4,set15,alt2,20260909974
968,4,set16,alt2,20260909974
968,4,set17,alt2,20260909974
968,4,set20,alt1,20260909974
968,4,set21,alt1,20260909974
968,4,set23,alt1,20260909974
968,4,set26,alt1,20260909974
968,4,set27,alt1,20260909974
968,4,set32,alt1,20260909974
968,4,set34,alt2,20260909974
968,4,set43,alt2,20260909974
969,4,set14,alt2,20260909975
969,4,set15,alt2,20260909975
969,4,set16,alt1,20260909975
969,4,set17,alt1,20260909975
969,4,set20,alt1,20260909975
969,4,set21,alt1,20260909975
969,4,set23,alt1,20260909975
969,4,set26,alt1,20260909975
969,4,set27,alt2,20260909975
969,4,set32,alt1,20260909975
969,4,set34,alt2,20260909975
969,4,set43,alt1,20260909975
970,1,set5,alt2,20260909976
970,1,set6,alt1,20260909976
970,1,set9,alt2,20260909976
970,1,set11,alt2,20260909976
970,1,set18,alt2,20260909976
970,1,set19,alt2,20260909976
970,1,set33,alt1,20260909976
970,1,set35,alt2,20260909976
970,1,set37,alt1,20260909976
970,1,set41,alt1,20260909976
970,1,set42,alt2,20260909976
970,1,set48,alt2,20260909976
971,1,set5,alt1,20260909977
971,1,set6,alt1,20260909977
971,1,set9,alt1,20260909977
971,1,set11,alt2,20260909977
971,1,set18,alt1,20260909977
971,1,set19,alt1,20260909977
971,1,set33,alt2,20260909977
971,1,set35,alt2,20260909977
971,1,set37,alt1,20260909977
971,1,set41,alt1,20260909977
971,1,set42,alt2,20260909977
971,1,set48,alt2,20260909977
972,1,set5,alt2,20260909978
972,1,set6,alt2,20260909978
972,1,set9,alt2,20260909978
972,1,set11,alt2,20260909978
972,1,set18,alt1,20260909978
972,1,set19,alt2,20260909978
972,1,set33,alt1,20260909978
972,1,set35,alt2,20260909978
972,1,set37,alt1,20260909978
972,1,set41,alt1,20260909978
972,1,set42,alt2,20260909978
972,1,set48,alt2,20260909978
973,1,set5,alt2,20260909979
973,1,set6,alt2,20260909979
973,1,set9,alt2,20260909979
973,1,set11,alt2,20260909979
973,1,set18,alt2,20260909979
973,1,set19,alt2,20260909979
973,1,set33,alt1,20260909979
973,1,set35,alt2,20260909979
973,1,set37,alt1,20260909979
973,1,set41,alt2,20260909979
973,1,set42,alt2,20260909979
973,1,set48,alt2,20260909979
974,3,set3,alt1,20260909980
974,3,set4,alt2,20260909980
974,3,set12,alt1,20260909980
974,3,set22,alt1,20260909980
974,3,set24,alt1,20260909980
974,3,set25,alt1,20260909980
974,3,set28,alt1,20260909980
974,3,set29,alt1,20260909980
974,3,set30,alt2,20260909980
974,3,set31,alt2,20260909980
974,3,set39,alt2,20260909980
974,3,set47,alt2,20260909980
975,4,set14,alt1,20260909981
975,4,set15,alt2,20260909981
975,4,set16,alt2,20260909981
975,4,set17,alt2,20260909981
975,4,set20,alt1,20260909981
975,4,set21,alt1,20260909981
975,4,set23,alt1,20260909981
975,4,set26,alt1,20260909981
975,4,set27,alt1,20260909981
975,4,set32,alt1,20260909981
975,4,set34,alt2,20260909981
975,4,set43,alt2,20260909981
976,4,set14,alt1,20260909982
976,4,set15,alt2,20260909982
976,4,set16,alt2,20260909982
976,4,set17,alt2,20260909982
976,4,set20,alt1,20260909982
976,4,set21,alt1,20260909982
976,4,set23,alt1,20260909982
976,4,set26,alt1,20260909982
976,4,set27,alt1,20260909982
976,4,set32,alt1,20260909982
976,4,set34,alt2,20260909982
976,4,set43,alt2,20260909982
977,1,set5,alt2,20260909983
977,1,set6,alt2,20260909983
977,1,set9,alt2,20260909983
977,1,set11,alt2,20260909983
977,1,set18,alt2,20260909983
977,1,set19,alt2,20260909983
977,1,set33,alt1,20260909983
977,1,set35,alt2,20260909983
977,1,set37,alt1,20260909983
977,1,set41,alt2,20260909983
977,1,set42,alt2,20260909983
977,1,set48,alt2,20260909983
978,3,set3,alt2,20260909984
978,3,set4,alt1,20260909984
978,3,set12,alt1,20260909984
978,3,set22,alt2,20260909984
978,3,set24,alt1,20260909984
978,3,set25,alt2,20260909984
978,3,set28,alt2,20260909984
978,3,set29,alt1,20260909984
978,3,set30,alt2,20260909984
978,3,set31,alt1,20260909984
978,3,set39,alt1,20260909984
978,3,set47,alt2,20260909984
979,4,set14,alt1,20260909985
979,4,set15,alt1,20260909985
979,4,set16,alt1,20260909985
979,4,set17,alt1,20260909985
979,4,set20,alt1,20260909985
979,4,set21,alt1,20260909985
979,4,set23,alt1,20260909985
979,4,set26,alt1,20260909985
979,4,set27,alt1,20260909985
979,4,set32,alt1,20260909985
979,4,set34,alt2,20260909985
979,4,set43,alt1,20260909985
980,2,set1,alt2,20260909986
980,2,set2,alt1,20260909986
980,2,set7,alt1,20260909986
980,2,set8,alt1,20260909986
980,2,set10,alt1,20260909986
980,2,set13,alt1,20260909986
980,2,set36,alt2,20260909986
980,2,set38,alt2,20260909986
980,2,set40,alt2,20260909986
980,2,set44,alt1,20260909986
980,2,set45,alt2,20260909986
980,2,set46,alt1,20260909986
981,3,set3,alt1,20260909987
981,3,set4,alt2,20260909987
981,3,set12,alt1,20260909987
981,3,set22,alt1,20260909987
981,3,set24,alt1,20260909987
981,3,set25,alt1,20260909987
981,3,set28,alt1,20260909987
981,3,set29,alt1,20260909987
981,3,set30,alt2,20260909987
981,3,set31,alt2,20260909987
981,3,set39,alt2,20260909987
981,3,set47,alt2,20260909987
982,2,set1,alt2,20260909988
982,2,set2,alt1,20260909988
982,2,set7,alt1,20260909988
982,2,set8,alt1,20260909988
982,2,set10,alt1,20260909988
982,2,set13,alt1,20260909988
982,2,set36,alt2,20260909988
982,2,set38,alt2,20260909988
982,2,set40,alt2,20260909988
982,2,set44,alt1,20260909988
982,2,set45,alt2,20260909988
982,2,set46,alt1,20260909988
983,3,set3,alt1,20260909989
983,3,set4,alt2,20260909989
983,3,set12,alt1,20260909989
983,3,set22,alt1,20260909989
983,3,set24,alt1,20260909989
983,3,set25,alt1,20260909989
983,3,set28,alt1,20260909989
983,3,set29,alt1,20260909989
983,3,set30,alt2,20260909989
983,3,set31,alt2,20260909989
983,3,set39,alt2,20260909989
983,3,set47,alt2,20260909989
984,3,set3,alt2,20260909990
984,3,set4,alt2,20260909990
984,3,set12,alt1,20260909990
984,3,set22,alt2,20260909990
984,3,set24,alt1,20260909990
984,3,set25,alt1,20260909990
984,3,set28,alt1,20260909990
984,3,set29,alt1,20260909990
984,3,set30,alt2,20260909990
984,3,set31,alt2,20260909990
984,3,set39,alt2,20260909990
984,3,set47,alt2,20260909990
985,2,set1,alt2,20260909991
985,2,set2,alt1,20260909991
985,2,set7,alt1,20260909991
985,2,set8,alt1,20260909991
985,2,set10,alt1,20260909991
985,2,set13,alt1,20260909991
985,2,set36,alt2,20260909991
985,2,set38,alt2,20260909991
985,2,set40,alt2,20260909991
985,2,set44,alt1,20260909991
985,2,set45,alt2,20260909991
985,2,set46,alt1,20260909991
986,1,set5,alt2,20260909992
986,1,set6,alt2,20260909992
986,1,set9,alt2,20260909992
986,1,set11,alt2,20260909992
986,1,set18,alt1,20260909992
986,1,set19,alt2,20260909992
986,1,set33,alt1,20260909992
986,1,set35,alt2,20260909992
986,1,set37,alt1,20260909992
986,1,set41,alt1,20260909992
986,1,set42,alt2,20260909992
986,1,set48,alt2,20260909992
987,3,set3,alt1,20260909993
987,3,set4,alt2,20260909993
987,3,set12,alt1,20260909993
987,3,set22,alt1,20260909993
987,3,set24,alt1,20260909993
987,3,set25,alt1,20260909993
987,3,set28,alt1,20260909993
987,3,set29,alt1,20260909993
987,3,set30,alt2,20260909993
987,3,set31,alt2,20260909993
987,3,set39,alt2,20260909993
987,3,set47,alt2,20260909993
988,4,set14,alt1,20260909994
988,4,set15,alt2,20260909994
988,4,set16,alt1,20260909994
988,4,set17,alt2,20260909994
988,4,set20,alt1,20260909994
988,4,set21,alt1,20260909994
988,4,set23,alt1,20260909994
988,4,set26,alt1,20260909994
988,4,set27,alt1,20260909994
988,4,set32,alt1,20260909994
988,4,set34,alt1,20260909994
988,4,set43,alt1,20260909994
989,3,set3,alt1,20260909995
989,3,set4,alt2,20260909995
989,3,set12,alt1,20260909995
989,3,set22,alt1,20260909995
989,3,set24,alt1,20260909995
989,3,set25,alt1,20260909995
989,3,set28,alt1,20260909995
989,3,set29,alt1,20260909995
989,3,set30,alt2,20260909995
989,3,set31,alt2,20260909995
989,3,set39,alt2,20260909995
989,3,set47,alt2,20260909995
990,2,set1,alt2,20260909996
990,2,set2,alt1,20260909996
990,2,set7,alt1,20260909996
990,2,set8,alt1,20260909996
990,2,set10,alt1,20260909996
990,2,set13,alt1,20260909996
990,2,set36,alt2,20260909996
990,2,set38,alt2,20260909996
990,2,set40,alt2,20260909996
990,2,set44,alt1,20260909996
990,2,set45,alt2,20260909996
990,2,set46,alt1,20260909996
991,4,set14,alt1,20260909997
991,4,set15,alt2,20260909997
991,4,set16,alt1,20260909997
991,4,set17,alt2,20260909997
991,4,set20,alt1,20260909997
991,4,set21,alt1,20260909997
991,4,set23,alt1,20260909997
991,4,set26,alt1,20260909997
991,4,set27,alt1,20260909997
991,4,set32,alt1,20260909997
991,4,set34,alt1,20260909997
991,4,set43,alt1,20260909997
992,4,set14,alt1,20260909998
992,4,set15,alt2,20260909998
992,4,set16,alt2,20260909998
992,4,set17,alt2,20260909998
992,4,set20,alt1,20260909998
992,4,set21,alt1,20260909998
992,4,set23,alt1,20260909998
992,4,set26,alt1,20260909998
992,4,set27,alt1,20260909998
992,4,set32,alt1,20260909998
992,4,set34,alt2,20260909998
992,4,set43,alt2,20260909998
993,3,set3,alt1,20260909999
993,3,set4,alt2,20260909999
993,3,set12,alt1,20260909999
993,3,set22,alt1,20260909999
993,3,set24,alt1,20260909999
993,3,set25,alt1,20260909999
993,3,set28,alt1,20260909999
993,3,set29,alt1,20260909999
993,3,set30,alt2,20260909999
993,3,set31,alt2,20260909999
993,3,set39,alt2,20260909999
993,3,set47,alt2,20260909999
994,2,set1,alt2,20260910000
994,2,set2,alt1,20260910000
994,2,set7,alt2,20260910000
994,2,set8,alt1,20260910000
994,2,set10,alt2,20260910000
994,2,set13,alt1,20260910000
994,2,set36,alt2,20260910000
994,2,set38,alt1,20260910000
994,2,set40,alt2,20260910000
994,2,set44,alt2,20260910000
994,2,set45,alt2,20260910000
994,2,set46,alt2,20260910000
995,2,set1,alt2,20260910001
995,2,set2,alt1,20260910001
995,2,set7,alt1,20260910001
995,2,set8,alt1,20260910001
995,2,set10,alt1,20260910001
995,2,set13,alt1,20260910001
995,2,set36,alt2,20260910001
995,2,set38,alt2,20260910001
995,2,set40,alt2,20260910001
995,2,set44,alt1,20260910001
995,2,set45,alt2,20260910001
995,2,set46,alt1,20260910001
996,3,set3,alt1,20260910002
996,3,set4,alt2,20260910002
996,3,set12,alt1,20260910002
996,3,set22,alt1,20260910002
996,3,set24,alt1,20260910002
996,3,set25,alt1,20260910002
996,3,set28,alt1,20260910002
996,3,set29,alt1,20260910002
996,3,set30,alt2,20260910002
996,3,set31,alt2,20260910002
996,3,set39,alt2,20260910002
996,3,set47,alt2,20260910002
997,1,set5,alt2,20260910003
997,1,set6,alt2,20260910003
997,1,set9,alt2,20260910003
997,1,set11,alt2,20260910003
997,1,set18,alt2,20260910003
997,1,set19,alt2,20260910003
997,1,set33,alt1,20260910003
997,1,set35,alt2,20260910003
997,1,set37,alt1,20260910003
997,1,set41,alt2,20260910003
997,1,set42,alt2,20260910003
997,1,set48,alt2,20260910003
998,1,set5,alt1,20260910004
998,1,set6,alt1,20260910004
998,1,set9,alt1,20260910004
998,1,set11,alt2,20260910004
998,1,set18,alt1,20260910004
998,1,set19,alt1,20260910004
998,1,set33,alt2,20260910004
998,1,set35,alt2,20260910004
998,1,set37,alt1,20260910004
998,1,set41,alt1,20260910004
998,1,set42,alt2,20260910004
998,1,set48,alt2,20260910004
999,3,set3,alt1,20260910005
999,3,set4,alt2,20260910005
999,3,set12,alt1,20260910005
999,3,set22,alt1,20260910005
999,3,set24,alt1,20260910005
999,3,set25,alt1,20260910005
999,3,set28,alt1,20260910005
999,3,set29,alt1,20260910005
999,3,set30,alt2,20260910005
999,3,set31,alt2,20260910005
999,3,set39,alt2,20260910005
999,3,set47,alt2,20260910005
1000,3,set3,alt2,20260910006
1000,3,set4,alt2,20260910006
1000,3,set12,alt1,20260910006
1000,3,set22,alt2,20260910006
1000,3,set24,alt1,20260910006
1000,3,set25,alt1,20260910006
1000,3,set28,alt1,20260910006
1000,3,set29,alt1,20260910006
1000,3,set30,alt2,20260910006
1000,3,set31,alt2,20260910006
1000,3,set39,alt2,20260910006
1000,3,set47,alt2,20260910006
1001,2,set1,alt2,20260910007
1001,2,set2,alt1,20260910007
1001,2,set7,alt1,20260910007
1001,2,set8,alt1,20260910007
1001,2,set10,alt1,20260910007
1001,2,set13,alt1,20260910007
1001,2,set36,alt2,20260910007
1001,2,set38,alt2,20260910007
1001,2,set40,alt2,20260910007
1001,2,set44,alt1,20260910007
1001,2,set45,alt2,20260910007
1001,2,set46,alt1,20260910007
1002,4,set14,alt1,20260910008
1002,4,set15,alt1,20260910008
1002,4,set16,alt1,20260910008
1002,4,set17,alt1,20260910008
1002,4,set20,alt1,20260910008
1002,4,set21,alt1,20260910008
1002,4,set23,alt1,20260910008
1002,4,set26,alt1,20260910008
1002,4,set27,alt1,20260910008
1002,4,set32,alt1,20260910008
1002,4,set34,alt2,20260910008
1002,4,set43,alt1,20260910008
1003,3,set3,alt2,20260910009
1003,3,set4,alt1,20260910009
1003,3,set12,alt1,20260910009
1003,3,set22,alt2,20260910009
1003,3,set24,alt1,20260910009
1003,3,set25,alt2,20260910009
1003,3,set28,alt2,20260910009
1003,3,set29,alt1,20260910009
1003,3,set30,alt2,20260910009
1003,3,set31,alt1,20260910009
1003,3,set39,alt1,20260910009
1003,3,set47,alt2,20260910009
1004,4,set14,alt1,20260910010
1004,4,set15,alt2,20260910010
1004,4,set16,alt2,20260910010
1004,4,set17,alt2,20260910010
1004,4,set20,alt1,20260910010
1004,4,set21,alt1,20260910010
1004,4,set23,alt1,20260910010
1004,4,set26,alt1,20260910010
1004,4,set27,alt1,20260910010
1004,4,set32,alt1,20260910010
1004,4,set34,alt2,20260910010
1004,4,set43,alt2,20260910010
1005,4,set14,alt1,20260910011
1005,4,set15,alt2,20260910011
1005,4,set16,alt2,20260910011
1005,4,set17,alt2,20260910011
1005,4,set20,alt1,20260910011
1005,4,set21,alt1,20260910011
1005,4,set23,alt1,20260910011
1005,4,set26,alt1,20260910011
1005,4,set27,alt1,20260910011
1005,4,set32,alt1,20260910011
1005,4,set34,alt2,20260910011
1005,4,set43,alt2,20260910011
1006,2,set1,alt2,20260910012
1006,2,set2,alt1,20260910012
1006,2,set7,alt1,20260910012
1006,2,set8,alt1,20260910012
1006,2,set10,alt1,20260910012
1006,2,set13,alt1,20260910012
1006,2,set36,alt2,20260910012
1006,2,set38,alt2,20260910012
1006,2,set40,alt2,20260910012
1006,2,set44,alt1,20260910012
1006,2,set45,alt2,20260910012
1006,2,set46,alt1,20260910012
1007,1,set5,alt2,20260910013
1007,1,set6,alt1,20260910013
1007,1,set9,alt2,20260910013
1007,1,set11,alt2,20260910013
1007,1,set18,alt2,20260910013
1007,1,set19,alt2,20260910013
1007,1,set33,alt1,20260910013
1007,1,set35,alt2,20260910013
1007,1,set37,alt1,20260910013
1007,1,set41,alt1,20260910013
1007,1,set42,alt2,20260910013
1007,1,set48,alt2,20260910013
1008,3,set3,alt1,20260910014
1008,3,set4,alt2,20260910014
1008,3,set12,alt1,20260910014
1008,3,set22,alt1,20260910014
1008,3,set24,alt1,20260910014
1008,3,set25,alt1,20260910014
1008,3,set28,alt1,20260910014
1008,3,set29,alt1,20260910014
1008,3,set30,alt2,20260910014
1008,3,set31,alt2,20260910014
1008,3,set39,alt2,20260910014
1008,3,set47,alt2,20260910014
1009,2,set1,alt2,20260910015
1009,2,set2,alt1,20260910015
1009,2,set7,alt1,20260910015
1009,2,set8,alt1,20260910015
1009,2,set10,alt2,20260910015
1009,2,set13,alt1,20260910015
1009,2,set36,alt2,20260910015
1009,2,set38,alt2,20260910015
1009,2,set40,alt2,20260910015
1009,2,set44,alt1,20260910015
1009,2,set45,alt2,20260910015
1009,2,set46,alt1,20260910015
1010,2,set1,alt2,20260910016
1010,2,set2,alt1,20260910016
1010,2,set7,alt1,20260910016
1010,2,set8,alt1,20260910016
1010,2,set10,alt2,20260910016
1010,2,set13,alt1,20260910016
1010,2,set36,alt2,20260910016
1010,2,set38,alt2,20260910016
1010,2,set40,alt2,20260910016
1010,2,set44,alt1,20260910016
1010,2,set45,alt2,20260910016
1010,2,set46,alt1,20260910016
1011,3,set3,alt1,20260910017
1011,3,set4,alt2,20260910017
1011,3,set12,alt1,20260910017
1011,3,set22,alt1,20260910017
1011,3,set24,alt1,20260910017
1011,3,set25,alt1,20260910017
1011,3,set28,alt1,20260910017
1011,3,set29,alt1,20260910017
1011,3,set30,alt2,20260910017
1011,3,set31,alt2,20260910017
1011,3,set39,alt2,20260910017
1011,3,set47,alt2,20260910017
1012,1,set5,alt2,20260910018
1012,1,set6,alt1,20260910018
1012,1,set9,alt2,20260910018
1012,1,set11,alt2,20260910018
1012,1,set18,alt2,20260910018
1012,1,set19,alt2,20260910018
1012,1,set33,alt1,20260910018
1012,1,set35,alt2,20260910018
1012,1,set37,alt1,20260910018
1012,1,set41,alt1,20260910018
1012,1,set42,alt2,20260910018
1012,1,set48,alt2,20260910018
1013,3,set3,alt2,20260910019
1013,3,set4,alt1,20260910019
1013,3,set12,alt1,20260910019
1013,3,set22,alt2,20260910019
1013,3,set24,alt1,20260910019
1013,3,set25,alt2,20260910019
1013,3,set28,alt2,20260910019
1013,3,set29,alt1,20260910019
1013,3,set30,alt2,20260910019
1013,3,set31,alt1,20260910019
1013,3,set39,alt1,20260910019
1013,3,set47,alt2,20260910019
1014,4,set14,alt1,20260910020
1014,4,set15,alt2,20260910020
1014,4,set16,alt2,20260910020
1014,4,set17,alt2,20260910020
1014,4,set20,alt1,20260910020
1014,4,set21,alt1,20260910020
1014,4,set23,alt1,20260910020
1014,4,set26,alt1,20260910020
1014,4,set27,alt1,20260910020
1014,4,set32,alt1,20260910020
1014,4,set34,alt2,20260910020
1014,4,set43,alt2,20260910020
1015,2,set1,alt2,20260910021
1015,2,set2,alt1,20260910021
1015,2,set7,alt1,20260910021
1015,2,set8,alt1,20260910021
1015,2,set10,alt1,20260910021
1015,2,set13,alt1,20260910021
1015,2,set36,alt2,20260910021
1015,2,set38,alt2,20260910021
1015,2,set40,alt2,20260910021
1015,2,set44,alt1,20260910021
1015,2,set45,alt2,20260910021
1015,2,set46,alt1,20260910021
1016,4,set14,alt1,20260910022
1016,4,set15,alt2,20260910022
1016,4,set16,alt2,20260910022
1016,4,set17,alt2,20260910022
1016,4,set20,alt1,20260910022
1016,4,set21,alt1,20260910022
1016,4,set23,alt1,20260910022
1016,4,set26,alt1,20260910022
1016,4,set27,alt1,20260910022
1016,4,set32,alt1,20260910022
1016,4,set34,alt2,20260910022
1016,4,set43,alt2,20260910022
1017,1,set5,alt2,20260910023
1017,1,set6,alt2,20260910023
1017,1,set9,alt2,20260910023
1017,1,set11,alt2,20260910023
1017,1,set18,alt2,20260910023
1017,1,set19,alt2,20260910023
1017,1,set33,alt1,20260910023
1017,1,set35,alt2,20260910023
1017,1,set37,alt1,20260910023
1017,1,set41,alt2,20260910023
1017,1,set42,alt2,20260910023
1017,1,set48,alt2,20260910023
1018,3,set3,alt1,20260910024
1018,3,set4,alt2,20260910024
1018,3,set12,alt1,20260910024
1018,3,set22,alt1,20260910024
1018,3,set24,alt1,20260910024
1018,3,set25,alt1,20260910024
1018,3,set28,alt1,20260910024
1018,3,set29,alt1,20260910024
1018,3,set30,alt2,20260910024
1018,3,set31,alt2,20260910024
1018,3,set39,alt2,20260910024
1018,3,set47,alt2,20260910024
1019,1,set5,alt2,20260910025
1019,1,set6,alt2,20260910025
1019,1,set9,alt2,20260910025
1019,1,set11,alt2,20260910025
1019,1,set18,alt1,20260910025
1019,1,set19,alt2,20260910025
1019,1,set33,alt1,20260910025
1019,1,set35,alt2,20260910025
1019,1,set37,alt1,20260910025
1019,1,set41,alt1,20260910025
1019,1,set42,alt2,20260910025
1019,1,set48,alt2,20260910025
1020,2,set1,alt2,20260910026
1020,2,set2,alt1,20260910026
1020,2,set7,alt1,20260910026
1020,2,set8,alt1,20260910026
1020,2,set10,alt1,20260910026
1020,2,set13,alt1,20260910026
1020,2,set36,alt2,20260910026
1020,2,set38,alt2,20260910026
1020,2,set40,alt2,20260910026
1020,2,set44,alt1,20260910026
1020,2,set45,alt2,20260910026
1020,2,set46,alt1,20260910026
1021,1,set5,alt2,20260910027
1021,1,set6,alt1,20260910027
1021,1,set9,alt2,20260910027
1021,1,set11,alt2,20260910027
1021,1,set18,alt2,20260910027
1021,1,set19,alt2,20260910027
1021,1,set33,alt1,20260910027
1021,1,set35,alt2,20260910027
1021,1,set37,alt1,20260910027
1021,1,set41,alt1,20260910027
1021,1,set42,alt2,20260910027
1021,1,set48,alt2,20260910027
1022,3,set3,alt1,20260910028
1022,3,set4,alt2,20260910028
1022,3,set12,alt1,20260910028
1022,3,set22,alt1,20260910028
1022,3,set24,alt1,20260910028
1022,3,set25,alt1,20260910028
1022,3,set28,alt1,20260910028
1022,3,set29,alt1,20260910028
1022,3,set30,alt2,20260910028
1022,3,set31,alt2,20260910028
1022,3,set39,alt2,20260910028
1022,3,set47,alt2,20260910028
1023,3,set3,alt2,20260910029
1023,3,set4,alt1,20260910029
1023,3,set12,alt1,20260910029
1023,3,set22,alt2,20260910029
1023,3,set24,alt1,20260910029
1023,3,set25,alt2,20260910029
1023,3,set28,alt2,20260910029
1023,3,set29,alt1,20260910029
1023,3,set30,alt2,20260910029
1023,3,set31,alt1,20260910029
1023,3,set39,alt1,20260910029
1023,3,set47,alt2,20260910029
1024,4,set14,alt1,20260910030
1024,4,set15,alt2,20260910030
1024,4,set16,alt2,20260910030
1024,4,set17,alt2,20260910030
1024,4,set20,alt1,20260910030
1024,4,set21,alt1,20260910030
1024,4,set23,alt1,20260910030
1024,4,set26,alt1,20260910030
1024,4,set27,alt1,20260910030
1024,4,set32,alt1,20260910030
1024,4,set34,alt2,20260910030
1024,4,set43,alt2,20260910030
1025,4,set14,alt1,20260910031
1025,4,set15,alt2,20260910031
1025,4,set16,alt2,20260910031
1025,4,set17,alt2,20260910031
1025,4,set20,alt1,20260910031
1025,4,set21,alt1,20260910031
1025,4,set23,alt1,20260910031
1025,4,set26,alt1,20260910031
1025,4,set27,alt1,20260910031
1025,4,set32,alt1,20260910031
1025,4,set34,alt2,20260910031
1025,4,set43,alt2,20260910031
1026,1,set5,alt2,20260910032
1026,1,set6,alt2,20260910032
1026,1,set9,alt2,20260910032
1026,1,set11,alt2,20260910032
1026,1,set18,alt2,20260910032
1026,1,set19,alt2,20260910032
1026,1,set33,alt1,20260910032
1026,1,set35,alt2,20260910032
1026,1,set37,alt1,20260910032
1026,1,set41,alt2,20260910032
1026,1,set42,alt2,20260910032
1026,1,set48,alt2,20260910032
1027,2,set1,alt2,20260910033
1027,2,set2,alt1,20260910033
1027,2,set7,alt1,20260910033
1027,2,set8,alt1,20260910033
1027,2,set10,alt2,20260910033
1027,2,set13,alt1,20260910033
1027,2,set36,alt2,20260910033
1027,2,set38,alt2,20260910033
1027,2,set40,alt2,20260910033
1027,2,set44,alt1,20260910033
1027,2,set45,alt2,20260910033
1027,2,set46,alt1,20260910033
1028,4,set14,alt1,20260910034
1028,4,set15,alt1,20260910034
1028,4,set16,alt1,20260910034
1028,4,set17,alt1,20260910034
1028,4,set20,alt1,20260910034
1028,4,set21,alt1,20260910034
1028,4,set23,alt1,20260910034
1028,4,set26,alt1,20260910034
1028,4,set27,alt1,20260910034
1028,4,set32,alt1,20260910034
1028,4,set34,alt2,20260910034
1028,4,set43,alt1,20260910034
1029,4,set14,alt2,20260910035
1029,4,set15,alt2,20260910035
1029,4,set16,alt1,20260910035
1029,4,set17,alt1,20260910035
1029,4,set20,alt1,20260910035
1029,4,set21,alt1,20260910035
1029,4,set23,alt1,20260910035
1029,4,set26,alt1,20260910035
1029,4,set27,alt2,20260910035
1029,4,set32,alt1,20260910035
1029,4,set34,alt2,20260910035
1029,4,set43,alt1,20260910035
1030,3,set3,alt1,20260910036
1030,3,set4,alt2,20260910036
1030,3,set12,alt1,20260910036
1030,3,set22,alt1,20260910036
1030,3,set24,alt1,20260910036
1030,3,set25,alt1,20260910036
1030,3,set28,alt1,20260910036
1030,3,set29,alt1,20260910036
1030,3,set30,alt2,20260910036
1030,3,set31,alt2,20260910036
1030,3,set39,alt2,20260910036
1030,3,set47,alt2,20260910036
1031,4,set14,alt2,20260910037
1031,4,set15,alt2,20260910037
1031,4,set16,alt1,20260910037
1031,4,set17,alt1,20260910037
1031,4,set20,alt1,20260910037
1031,4,set21,alt1,20260910037
1031,4,set23,alt1,20260910037
1031,4,set26,alt1,20260910037
1031,4,set27,alt2,20260910037
1031,4,set32,alt1,20260910037
1031,4,set34,alt2,20260910037
1031,4,set43,alt1,20260910037
1032,2,set1,alt2,20260910038
1032,2,set2,alt1,20260910038
1032,2,set7,alt2,20260910038
1032,2,set8,alt1,20260910038
1032,2,set10,alt2,20260910038
1032,2,set13,alt1,20260910038
1032,2,set36,alt2,20260910038
1032,2,set38,alt1,20260910038
1032,2,set40,alt2,20260910038
1032,2,set44,alt2,20260910038
1032,2,set45,alt2,20260910038
1032,2,set46,alt2,20260910038
1033,4,set14,alt1,20260910039
1033,4,set15,alt1,20260910039
1033,4,set16,alt1,20260910039
1033,4,set17,alt1,20260910039
1033,4,set20,alt1,20260910039
1033,4,set21,alt1,20260910039
1033,4,set23,alt1,20260910039
1033,4,set26,alt1,20260910039
1033,4,set27,alt1,20260910039
1033,4,set32,alt1,20260910039
1033,4,set34,alt2,20260910039
1033,4,set43,alt1,20260910039
1034,1,set5,alt2,20260910040
1034,1,set6,alt2,20260910040
1034,1,set9,alt2,20260910040
1034,1,set11,alt2,20260910040
1034,1,set18,alt2,20260910040
1034,1,set19,alt2,20260910040
1034,1,set33,alt1,20260910040
1034,1,set35,alt2,20260910040
1034,1,set37,alt1,20260910040
1034,1,set41,alt2,20260910040
1034,1,set42,alt2,20260910040
1034,1,set48,alt2,20260910040
1035,4,set14,alt1,20260910041
1035,4,set15,alt2,20260910041
1035,4,set16,alt2,20260910041
1035,4,set17,alt2,20260910041
1035,4,set20,alt1,20260910041
1035,4,set21,alt1,20260910041
1035,4,set23,alt1,20260910041
1035,4,set26,alt1,20260910041
1035,4,set27,alt1,20260910041
1035,4,set32,alt1,20260910041
1035,4,set34,alt2,20260910041
1035,4,set43,alt2,20260910041
1036,1,set5,alt2,20260910042
1036,1,set6,alt1,20260910042
1036,1,set9,alt2,20260910042
1036,1,set11,alt2,20260910042
1036,1,set18,alt2,20260910042
1036,1,set19,alt2,20260910042
1036,1,set33,alt1,20260910042
1036,1,set35,alt2,20260910042
1036,1,set37,alt1,20260910042
1036,1,set41,alt1,20260910042
1036,1,set42,alt2,20260910042
1036,1,set48,alt2,20260910042
1037,1,set5,alt2,20260910043
1037,1,set6,alt2,20260910043
1037,1,set9,alt2,20260910043
1037,1,set11,alt2,20260910043
1037,1,set18,alt2,20260910043
1037,1,set19,alt2,20260910043
1037,1,set33,alt1,20260910043
1037,1,set35,alt2,20260910043
1037,1,set37,alt1,20260910043
1037,1,set41,alt2,20260910043
1037,1,set42,alt2,20260910043
1037,1,set48,alt2,20260910043
1038,1,set5,alt2,20260910044
1038,1,set6,alt2,20260910044
1038,1,set9,alt2,20260910044
1038,1,set11,alt2,20260910044
1038,1,set18,alt2,20260910044
1038,1,set19,alt2,20260910044
1038,1,set33,alt1,20260910044
1038,1,set35,alt2,20260910044
1038,1,set37,alt1,20260910044
1038,1,set41,alt2,20260910044
1038,1,set42,alt2,20260910044
1038,1,set48,alt2,20260910044
1039,2,set1,alt2,20260910045
1039,2,set2,alt1,20260910045
1039,2,set7,alt1,20260910045
1039,2,set8,alt1,20260910045
1039,2,set10,alt1,20260910045
1039,2,set13,alt1,20260910045
1039,2,set36,alt2,20260910045
1039,2,set38,alt2,20260910045
1039,2,set40,alt2,20260910045
1039,2,set44,alt1,20260910045
1039,2,set45,alt2,20260910045
1039,2,set46,alt1,20260910045
1040,3,set3,alt2,20260910046
1040,3,set4,alt2,20260910046
1040,3,set12,alt1,20260910046
1040,3,set22,alt2,20260910046
1040,3,set24,alt1,20260910046
1040,3,set25,alt1,20260910046
1040,3,set28,alt1,20260910046
1040,3,set29,alt1,20260910046
1040,3,set30,alt2,20260910046
1040,3,set31,alt2,20260910046
1040,3,set39,alt2,20260910046
1040,3,set47,alt2,20260910046
1041,4,set14,alt2,20260910047
1041,4,set15,alt2,20260910047
1041,4,set16,alt1,20260910047
1041,4,set17,alt1,20260910047
1041,4,set20,alt1,20260910047
1041,4,set21,alt2,20260910047
1041,4,set23,alt1,20260910047
1041,4,set26,alt1,20260910047
1041,4,set27,alt2,20260910047
1041,4,set32,alt1,20260910047
1041,4,set34,alt2,20260910047
1041,4,set43,alt2,20260910047
1042,4,set14,alt1,20260910048
1042,4,set15,alt2,20260910048
1042,4,set16,alt1,20260910048
1042,4,set17,alt2,20260910048
1042,4,set20,alt1,20260910048
1042,4,set21,alt1,20260910048
1042,4,set23,alt1,20260910048
1042,4,set26,alt1,20260910048
1042,4,set27,alt1,20260910048
1042,4,set32,alt1,20260910048
1042,4,set34,alt1,20260910048
1042,4,set43,alt1,20260910048
1043,1,set5,alt2,20260910049
1043,1,set6,alt2,20260910049
1043,1,set9,alt2,20260910049
1043,1,set11,alt2,20260910049
1043,1,set18,alt2,20260910049
1043,1,set19,alt2,20260910049
1043,1,set33,alt1,20260910049
1043,1,set35,alt2,20260910049
1043,1,set37,alt1,20260910049
1043,1,set41,alt2,20260910049
1043,1,set42,alt2,20260910049
1043,1,set48,alt2,20260910049
1044,3,set3,alt2,20260910050
1044,3,set4,alt2,20260910050
1044,3,set12,alt1,20260910050
1044,3,set22,alt2,20260910050
1044,3,set24,alt1,20260910050
1044,3,set25,alt1,20260910050
1044,3,set28,alt1,20260910050
1044,3,set29,alt1,20260910050
1044,3,set30,alt2,20260910050
1044,3,set31,alt2,20260910050
1044,3,set39,alt2,20260910050
1044,3,set47,alt2,20260910050
1045,1,set5,alt1,20260910051
1045,1,set6,alt1,20260910051
1045,1,set9,alt1,20260910051
1045,1,set11,alt2,20260910051
1045,1,set18,alt1,20260910051
1045,1,set19,alt1,20260910051
1045,1,set33,alt2,20260910051
1045,1,set35,alt2,20260910051
1045,1,set37,alt1,20260910051
1045,1,set41,alt1,20260910051
1045,1,set42,alt2,20260910051
1045,1,set48,alt2,20260910051
1046,3,set3,alt1,20260910052
1046,3,set4,alt2,20260910052
1046,3,set12,alt1,20260910052
1046,3,set22,alt1,20260910052
1046,3,set24,alt1,20260910052
1046,3,set25,alt1,20260910052
1046,3,set28,alt1,20260910052
1046,3,set29,alt1,20260910052
1046,3,set30,alt2,20260910052
1046,3,set31,alt2,20260910052
1046,3,set39,alt2,20260910052
1046,3,set47,alt2,20260910052
1047,4,set14,alt1,20260910053
1047,4,set15,alt2,20260910053
1047,4,set16,alt2,20260910053
1047,4,set17,alt2,20260910053
1047,4,set20,alt1,20260910053
1047,4,set21,alt1,20260910053
1047,4,set23,alt1,20260910053
1047,4,set26,alt1,20260910053
1047,4,set27,alt1,20260910053
1047,4,set32,alt1,20260910053
1047,4,set34,alt2,20260910053
1047,4,set43,alt2,20260910053
1048,4,set14,alt1,20260910054
1048,4,set15,alt1,20260910054
1048,4,set16,alt1,20260910054
1048,4,set17,alt1,20260910054
1048,4,set20,alt1,20260910054
1048,4,set21,alt1,20260910054
1048,4,set23,alt1,20260910054
1048,4,set26,alt1,20260910054
1048,4,set27,alt1,20260910054
1048,4,set32,alt1,20260910054
1048,4,set34,alt2,20260910054
1048,4,set43,alt1,20260910054
1049,3,set3,alt1,20260910055
1049,3,set4,alt2,20260910055
1049,3,set12,alt1,20260910055
1049,3,set22,alt1,20260910055
1049,3,set24,alt1,20260910055
1049,3,set25,alt1,20260910055
1049,3,set28,alt1,20260910055
1049,3,set29,alt1,20260910055
1049,3,set30,alt2,20260910055
1049,3,set31,alt2,20260910055
1049,3,set39,alt2,20260910055
1049,3,set47,alt2,20260910055
1050,3,set3,alt1,20260910056
1050,3,set4,alt2,20260910056
1050,3,set12,alt1,20260910056
1050,3,set22,alt1,20260910056
1050,3,set24,alt1,20260910056
1050,3,set25,alt1,20260910056
1050,3,set28,alt1,20260910056
1050,3,set29,alt1,20260910056
1050,3,set30,alt2,20260910056
1050,3,set31,alt2,20260910056
1050,3,set39,alt2,20260910056
1050,3,set47,alt2,20260910056
1051,3,set3,alt2,20260910057
1051,3,set4,alt2,20260910057
1051,3,set12,alt1,20260910057
1051,3,set22,alt2,20260910057
1051,3,set24,alt1,20260910057
1051,3,set25,alt1,20260910057
1051,3,set28,alt1,20260910057
1051,3,set29,alt1,20260910057
1051,3,set30,alt2,20260910057
1051,3,set31,alt2,20260910057
1051,3,set39,alt2,20260910057
1051,3,set47,alt2,20260910057
1052,2,set1,alt2,20260910058
1052,2,set2,alt1,20260910058
1052,2,set7,alt1,20260910058
1052,2,set8,alt1,20260910058
1052,2,set10,alt1,20260910058
1052,2,set13,alt1,20260910058
1052,2,set36,alt2,20260910058
1052,2,set38,alt2,20260910058
1052,2,set40,alt2,20260910058
1052,2,set44,alt1,20260910058
1052,2,set45,alt2,20260910058
1052,2,set46,alt1,20260910058
1053,1,set5,alt2,20260910059
1053,1,set6,alt2,20260910059
1053,1,set9,alt2,20260910059
1053,1,set11,alt2,20260910059
1053,1,set18,alt2,20260910059
1053,1,set19,alt2,20260910059
1053,1,set33,alt1,20260910059
1053,1,set35,alt2,20260910059
1053,1,set37,alt1,20260910059
1053,1,set41,alt2,20260910059
1053,1,set42,alt2,20260910059
1053,1,set48,alt2,20260910059
1054,3,set3,alt1,20260910060
1054,3,set4,alt2,20260910060
1054,3,set12,alt1,20260910060
1054,3,set22,alt1,20260910060
1054,3,set24,alt1,20260910060
1054,3,set25,alt1,20260910060
1054,3,set28,alt1,20260910060
1054,3,set29,alt1,20260910060
1054,3,set30,alt2,20260910060
1054,3,set31,alt2,20260910060
1054,3,set39,alt2,20260910060
1054,3,set47,alt2,20260910060
1055,3,set3,alt2,20260910061
1055,3,set4,alt2,20260910061
1055,3,set12,alt1,20260910061
1055,3,set22,alt2,20260910061
1055,3,set24,alt1,20260910061
1055,3,set25,alt1,20260910061
1055,3,set28,alt1,20260910061
1055,3,set29,alt1,20260910061
1055,3,set30,alt2,20260910061
1055,3,set31,alt2,20260910061
1055,3,set39,alt2,20260910061
1055,3,set47,alt2,20260910061
1056,2,set1,alt2,20260910062
1056,2,set2,alt1,20260910062
1056,2,set7,alt1,20260910062
1056,2,set8,alt1,20260910062
1056,2,set10,alt1,20260910062
1056,2,set13,alt1,20260910062
1056,2,set36,alt2,20260910062
1056,2,set38,alt2,20260910062
1056,2,set40,alt2,20260910062
1056,2,set44,alt1,20260910062
1056,2,set45,alt2,20260910062
1056,2,set46,alt1,20260910062
1057,2,set1,alt2,20260910063
1057,2,set2,alt1,20260910063
1057,2,set7,alt1,20260910063
1057,2,set8,alt1,20260910063
1057,2,set10,alt1,20260910063
1057,2,set13,alt1,20260910063
1057,2,set36,alt2,20260910063
1057,2,set38,alt2,20260910063
1057,2,set40,alt2,20260910063
1057,2,set44,alt1,20260910063
1057,2,set45,alt2,20260910063
1057,2,set46,alt1,20260910063
1058,2,set1,alt2,20260910064
1058,2,set2,alt1,20260910064
1058,2,set7,alt2,20260910064
1058,2,set8,alt1,20260910064
1058,2,set10,alt2,20260910064
1058,2,set13,alt1,20260910064
1058,2,set36,alt2,20260910064
1058,2,set38,alt1,20260910064
1058,2,set40,alt2,20260910064
1058,2,set44,alt2,20260910064
1058,2,set45,alt2,20260910064
1058,2,set46,alt2,20260910064
1059,1,set5,alt2,20260910065
1059,1,set6,alt2,20260910065
1059,1,set9,alt2,20260910065
1059,1,set11,alt2,20260910065
1059,1,set18,alt2,20260910065
1059,1,set19,alt2,20260910065
1059,1,set33,alt1,20260910065
1059,1,set35,alt2,20260910065
1059,1,set37,alt1,20260910065
1059,1,set41,alt2,20260910065
1059,1,set42,alt2,20260910065
1059,1,set48,alt2,20260910065
1060,4,set14,alt1,20260910066
1060,4,set15,alt2,20260910066
1060,4,set16,alt2,20260910066
1060,4,set17,alt2,20260910066
1060,4,set20,alt1,20260910066
1060,4,set21,alt1,20260910066
1060,4,set23,alt1,20260910066
1060,4,set26,alt1,20260910066
1060,4,set27,alt1,20260910066
1060,4,set32,alt1,20260910066
1060,4,set34,alt2,20260910066
1060,4,set43,alt2,20260910066
1061,2,set1,alt2,20260910067
1061,2,set2,alt1,20260910067
1061,2,set7,alt1,20260910067
1061,2,set8,alt1,20260910067
1061,2,set10,alt1,20260910067
1061,2,set13,alt1,20260910067
1061,2,set36,alt2,20260910067
1061,2,set38,alt2,20260910067
1061,2,set40,alt2,20260910067
1061,2,set44,alt1,20260910067
1061,2,set45,alt2,20260910067
1061,2,set46,alt1,20260910067
1062,3,set3,alt1,20260910068
1062,3,set4,alt2,20260910068
1062,3,set12,alt1,20260910068
1062,3,set22,alt1,20260910068
1062,3,set24,alt1,20260910068
1062,3,set25,alt1,20260910068
1062,3,set28,alt1,20260910068
1062,3,set29,alt1,20260910068
1062,3,set30,alt2,20260910068
1062,3,set31,alt2,20260910068
1062,3,set39,alt2,20260910068
1062,3,set47,alt2,20260910068
1063,3,set3,alt2,20260910069
1063,3,set4,alt2,20260910069
1063,3,set12,alt1,20260910069
1063,3,set22,alt2,20260910069
1063,3,set24,alt1,20260910069
1063,3,set25,alt1,20260910069
1063,3,set28,alt1,20260910069
1063,3,set29,alt1,20260910069
1063,3,set30,alt2,20260910069
1063,3,set31,alt2,20260910069
1063,3,set39,alt2,20260910069
1063,3,set47,alt2,20260910069
1064,3,set3,alt1,20260910070
1064,3,set4,alt2,20260910070
1064,3,set12,alt1,20260910070
1064,3,set22,alt1,20260910070
1064,3,set24,alt1,20260910070
1064,3,set25,alt1,20260910070
1064,3,set28,alt1,20260910070
1064,3,set29,alt1,20260910070
1064,3,set30,alt2,20260910070
1064,3,set31,alt2,20260910070
1064,3,set39,alt2,20260910070
1064,3,set47,alt2,20260910070
1065,2,set1,alt2,20260910071
1065,2,set2,alt1,20260910071
1065,2,set7,alt1,20260910071
1065,2,set8,alt1,20260910071
1065,2,set10,alt1,20260910071
1065,2,set13,alt1,20260910071
1065,2,set36,alt2,20260910071
1065,2,set38,alt2,20260910071
1065,2,set40,alt2,20260910071
1065,2,set44,alt1,20260910071
1065,2,set45,alt2,20260910071
1065,2,set46,alt1,20260910071
1066,4,set14,alt1,20260910072
1066,4,set15,alt1,20260910072
1066,4,set16,alt1,20260910072
1066,4,set17,alt1,20260910072
1066,4,set20,alt1,20260910072
1066,4,set21,alt1,20260910072
1066,4,set23,alt1,20260910072
1066,4,set26,alt1,20260910072
1066,4,set27,alt1,20260910072
1066,4,set32,alt1,20260910072
1066,4,set34,alt2,20260910072
1066,4,set43,alt1,20260910072
1067,4,set14,alt1,20260910073
1067,4,set15,alt2,20260910073
1067,4,set16,alt2,20260910073
1067,4,set17,alt2,20260910073
1067,4,set20,alt1,20260910073
1067,4,set21,alt1,20260910073
1067,4,set23,alt1,20260910073
1067,4,set26,alt1,20260910073
1067,4,set27,alt1,20260910073
1067,4,set32,alt1,20260910073
1067,4,set34,alt2,20260910073
1067,4,set43,alt2,20260910073
1068,1,set5,alt2,20260910074
1068,1,set6,alt1,20260910074
1068,1,set9,alt2,20260910074
1068,1,set11,alt2,20260910074
1068,1,set18,alt2,20260910074
1068,1,set19,alt2,20260910074
1068,1,set33,alt1,20260910074
1068,1,set35,alt2,20260910074
1068,1,set37,alt1,20260910074
1068,1,set41,alt1,20260910074
1068,1,set42,alt2,20260910074
1068,1,set48,alt2,20260910074
1069,4,set14,alt1,20260910075
1069,4,set15,alt2,20260910075
1069,4,set16,alt2,20260910075
1069,4,set17,alt2,20260910075
1069,4,set20,alt1,20260910075
1069,4,set21,alt1,20260910075
1069,4,set23,alt1,20260910075
1069,4,set26,alt1,20260910075
1069,4,set27,alt1,20260910075
1069,4,set32,alt1,20260910075
1069,4,set34,alt2,20260910075
1069,4,set43,alt2,20260910075
1070,2,set1,alt2,20260910076
1070,2,set2,alt1,20260910076
1070,2,set7,alt1,20260910076
1070,2,set8,alt1,20260910076
1070,2,set10,alt1,20260910076
1070,2,set13,alt1,20260910076
1070,2,set36,alt2,20260910076
1070,2,set38,alt2,20260910076
1070,2,set40,alt2,20260910076
1070,2,set44,alt1,20260910076
1070,2,set45,alt2,20260910076
1070,2,set46,alt1,20260910076
1071,2,set1,alt2,20260910077
1071,2,set2,alt1,20260910077
1071,2,set7,alt1,20260910077
1071,2,set8,alt1,20260910077
1071,2,set10,alt1,20260910077
1071,2,set13,alt1,20260910077
1071,2,set36,alt2,20260910077
1071,2,set38,alt2,20260910077
1071,2,set40,alt2,20260910077
1071,2,set44,alt1,20260910077
1071,2,set45,alt2,20260910077
1071,2,set46,alt1,20260910077
1072,3,set3,alt1,20260910078
1072,3,set4,alt2,20260910078
1072,3,set12,alt1,20260910078
1072,3,set22,alt1,20260910078
1072,3,set24,alt1,20260910078
1072,3,set25,alt1,20260910078
1072,3,set28,alt1,20260910078
1072,3,set29,alt1,20260910078
1072,3,set30,alt2,20260910078
1072,3,set31,alt2,20260910078
1072,3,set39,alt2,20260910078
1072,3,set47,alt2,20260910078
1073,2,set1,alt2,20260910079
1073,2,set2,alt1,20260910079
1073,2,set7,alt1,20260910079
1073,2,set8,alt1,20260910079
1073,2,set10,alt2,20260910079
1073,2,set13,alt1,20260910079
1073,2,set36,alt2,20260910079
1073,2,set38,alt2,20260910079
1073,2,set40,alt2,20260910079
1073,2,set44,alt1,20260910079
1073,2,set45,alt2,20260910079
1073,2,set46,alt1,20260910079
1074,1,set5,alt2,20260910080
1074,1,set6,alt2,20260910080
1074,1,set9,alt2,20260910080
1074,1,set11,alt2,20260910080
1074,1,set18,alt1,20260910080
1074,1,set19,alt2,20260910080
1074,1,set33,alt1,20260910080
1074,1,set35,alt2,20260910080
1074,1,set37,alt1,20260910080
1074,1,set41,alt1,20260910080
1074,1,set42,alt2,20260910080
1074,1,set48,alt2,20260910080
1075,1,set5,alt2,20260910081
1075,1,set6,alt2,20260910081
1075,1,set9,alt2,20260910081
1075,1,set11,alt2,20260910081
1075,1,set18,alt2,20260910081
1075,1,set19,alt2,20260910081
1075,1,set33,alt1,20260910081
1075,1,set35,alt2,20260910081
1075,1,set37,alt1,20260910081
1075,1,set41,alt2,20260910081
1075,1,set42,alt2,20260910081
1075,1,set48,alt2,20260910081
1076,2,set1,alt2,20260910082
1076,2,set2,alt1,20260910082
1076,2,set7,alt1,20260910082
1076,2,set8,alt1,20260910082
1076,2,set10,alt1,20260910082
1076,2,set13,alt1,20260910082
1076,2,set36,alt2,20260910082
1076,2,set38,alt2,20260910082
1076,2,set40,alt2,20260910082
1076,2,set44,alt1,20260910082
1076,2,set45,alt2,20260910082
1076,2,set46,alt1,20260910082
1077,2,set1,alt2,20260910083
1077,2,set2,alt1,20260910083
1077,2,set7,alt1,20260910083
1077,2,set8,alt1,20260910083
1077,2,set10,alt1,20260910083
1077,2,set13,alt1,20260910083
1077,2,set36,alt2,20260910083
1077,2,set38,alt2,20260910083
1077,2,set40,alt2,20260910083
1077,2,set44,alt1,20260910083
1077,2,set45,alt2,20260910083
1077,2,set46,alt1,20260910083
1078,2,set1,alt2,20260910084
1078,2,set2,alt1,20260910084
1078,2,set7,alt1,20260910084
1078,2,set8,alt1,20260910084
1078,2,set10,alt1,20260910084
1078,2,set13,alt1,20260910084
1078,2,set36,alt2,20260910084
1078,2,set38,alt2,20260910084
1078,2,set40,alt2,20260910084
1078,2,set44,alt1,20260910084
1078,2,set45,alt2,20260910084
1078,2,set46,alt1,20260910084
1079,2,set1,alt2,20260910085
1079,2,set2,alt1,20260910085
1079,2,set7,alt1,20260910085
1079,2,set8,alt1,20260910085
1079,2,set10,alt2,20260910085
1079,2,set13,alt1,20260910085
1079,2,set36,alt2,20260910085
1079,2,set38,alt2,20260910085
1079,2,set40,alt2,20260910085
1079,2,set44,alt1,20260910085
1079,2,set45,alt2,20260910085
1079,2,set46,alt1,20260910085
1080,4,set14,alt1,20260910086
1080,4,set15,alt2,20260910086
1080,4,set16,alt1,20260910086
1080,4,set17,alt2,20260910086
1080,4,set20,alt1,20260910086
1080,4,set21,alt1,20260910086
1080,4,set23,alt1,20260910086
1080,4,set26,alt1,20260910086
1080,4,set27,alt1,20260910086
1080,4,set32,alt1,20260910086
1080,4,set34,alt1,20260910086
1080,4,set43,alt1,20260910086
1081,3,set3,alt2,20260910087
1081,3,set4,alt1,20260910087
1081,3,set12,alt1,20260910087
1081,3,set22,alt2,20260910087
1081,3,set24,alt1,20260910087
1081,3,set25,alt2,20260910087
1081,3,set28,alt2,20260910087
1081,3,set29,alt1,20260910087
1081,3,set30,alt1,20260910087
1081,3,set31,alt2,20260910087
1081,3,set39,alt1,20260910087
1081,3,set47,alt1,20260910087
1082,1,set5,alt2,20260910088
1082,1,set6,alt1,20260910088
1082,1,set9,alt2,20260910088
1082,1,set11,alt2,20260910088
1082,1,set18,alt2,20260910088
1082,1,set19,alt2,20260910088
1082,1,set33,alt1,20260910088
1082,1,set35,alt2,20260910088
1082,1,set37,alt1,20260910088
1082,1,set41,alt1,20260910088
1082,1,set42,alt2,20260910088
1082,1,set48,alt2,20260910088
1083,2,set1,alt2,20260910089
1083,2,set2,alt1,20260910089
1083,2,set7,alt1,20260910089
1083,2,set8,alt1,20260910089
1083,2,set10,alt1,20260910089
1083,2,set13,alt1,20260910089
1083,2,set36,alt2,20260910089
1083,2,set38,alt2,20260910089
1083,2,set40,alt2,20260910089
1083,2,set44,alt1,20260910089
1083,2,set45,alt2,20260910089
1083,2,set46,alt1,20260910089
1084,2,set1,alt2,20260910090
1084,2,set2,alt1,20260910090
1084,2,set7,alt2,20260910090
1084,2,set8,alt1,20260910090
1084,2,set10,alt2,20260910090
1084,2,set13,alt1,20260910090
1084,2,set36,alt2,20260910090
1084,2,set38,alt1,20260910090
1084,2,set40,alt2,20260910090
1084,2,set44,alt2,20260910090
1084,2,set45,alt2,20260910090
1084,2,set46,alt2,20260910090
1085,2,set1,alt2,20260910091
1085,2,set2,alt1,20260910091
1085,2,set7,alt1,20260910091
1085,2,set8,alt1,20260910091
1085,2,set10,alt1,20260910091
1085,2,set13,alt1,20260910091
1085,2,set36,alt2,20260910091
1085,2,set38,alt2,20260910091
1085,2,set40,alt2,20260910091
1085,2,set44,alt1,20260910091
1085,2,set45,alt2,20260910091
1085,2,set46,alt1,20260910091
1086,3,set3,alt2,20260910092
1086,3,set4,alt2,20260910092
1086,3,set12,alt1,20260910092
1086,3,set22,alt2,20260910092
1086,3,set24,alt1,20260910092
1086,3,set25,alt1,20260910092
1086,3,set28,alt1,20260910092
1086,3,set29,alt1,20260910092
1086,3,set30,alt2,20260910092
1086,3,set31,alt2,20260910092
1086,3,set39,alt2,20260910092
1086,3,set47,alt2,20260910092
1087,4,set14,alt2,20260910093
1087,4,set15,alt2,20260910093
1087,4,set16,alt1,20260910093
1087,4,set17,alt1,20260910093
1087,4,set20,alt1,20260910093
1087,4,set21,alt2,20260910093
1087,4,set23,alt1,20260910093
1087,4,set26,alt1,20260910093
1087,4,set27,alt2,20260910093
1087,4,set32,alt1,20260910093
1087,4,set34,alt2,20260910093
1087,4,set43,alt2,20260910093
1088,3,set3,alt1,20260910094
1088,3,set4,alt2,20260910094
1088,3,set12,alt1,20260910094
1088,3,set22,alt1,20260910094
1088,3,set24,alt1,20260910094
1088,3,set25,alt1,20260910094
1088,3,set28,alt1,20260910094
1088,3,set29,alt1,20260910094
1088,3,set30,alt2,20260910094
1088,3,set31,alt2,20260910094
1088,3,set39,alt2,20260910094
1088,3,set47,alt2,20260910094
1089,2,set1,alt2,20260910095
1089,2,set2,alt1,20260910095
1089,2,set7,alt2,20260910095
1089,2,set8,alt1,20260910095
1089,2,set10,alt2,20260910095
1089,2,set13,alt1,20260910095
1089,2,set36,alt2,20260910095
1089,2,set38,alt1,20260910095
1089,2,set40,alt2,20260910095
1089,2,set44,alt2,20260910095
1089,2,set45,alt2,20260910095
1089,2,set46,alt2,20260910095
1090,2,set1,alt2,20260910096
1090,2,set2,alt1,20260910096
1090,2,set7,alt1,20260910096
1090,2,set8,alt1,20260910096
1090,2,set10,alt2,20260910096
1090,2,set13,alt1,20260910096
1090,2,set36,alt2,20260910096
1090,2,set38,alt2,20260910096
1090,2,set40,alt2,20260910096
1090,2,set44,alt1,20260910096
1090,2,set45,alt2,20260910096
1090,2,set46,alt1,20260910096
1091,4,set14,alt1,20260910097
1091,4,set15,alt2,20260910097
1091,4,set16,alt2,20260910097
1091,4,set17,alt2,20260910097
1091,4,set20,alt1,20260910097
1091,4,set21,alt1,20260910097
1091,4,set23,alt1,20260910097
1091,4,set26,alt1,20260910097
1091,4,set27,alt1,20260910097
1091,4,set32,alt1,20260910097
1091,4,set34,alt2,20260910097
1091,4,set43,alt2,20260910097
1092,4,set14,alt1,20260910098
1092,4,set15,alt2,20260910098
1092,4,set16,alt2,20260910098
1092,4,set17,alt2,20260910098
1092,4,set20,alt1,20260910098
1092,4,set21,alt1,20260910098
1092,4,set23,alt1,20260910098
1092,4,set26,alt1,20260910098
1092,4,set27,alt1,20260910098
1092,4,set32,alt1,20260910098
1092,4,set34,alt2,20260910098
1092,4,set43,alt2,20260910098
1093,4,set14,alt1,20260910099
1093,4,set15,alt2,20260910099
1093,4,set16,alt2,20260910099
1093,4,set17,alt2,20260910099
1093,4,set20,alt1,20260910099
1093,4,set21,alt1,20260910099
1093,4,set23,alt1,20260910099
1093,4,set26,alt1,20260910099
1093,4,set27,alt1,20260910099
1093,4,set32,alt1,20260910099
1093,4,set34,alt2,20260910099
1093,4,set43,alt2,20260910099
1094,3,set3,alt1,20260910100
1094,3,set4,alt2,20260910100
1094,3,set12,alt1,20260910100
1094,3,set22,alt1,20260910100
1094,3,set24,alt1,20260910100
1094,3,set25,alt1,20260910100
1094,3,set28,alt1,20260910100
1094,3,set29,alt1,20260910100
1094,3,set30,alt2,20260910100
1094,3,set31,alt2,20260910100
1094,3,set39,alt2,20260910100
1094,3,set47,alt2,20260910100
1095,4,set14,alt1,20260910101
1095,4,set15,alt2,20260910101
1095,4,set16,alt2,20260910101
1095,4,set17,alt2,20260910101
1095,4,set20,alt1,20260910101
1095,4,set21,alt1,20260910101
1095,4,set23,alt1,20260910101
1095,4,set26,alt1,20260910101
1095,4,set27,alt1,20260910101
1095,4,set32,alt1,20260910101
1095,4,set34,alt2,20260910101
1095,4,set43,alt2,20260910101
1096,2,set1,alt2,20260910102
1096,2,set2,alt1,20260910102
1096,2,set7,alt1,20260910102
1096,2,set8,alt1,20260910102
1096,2,set10,alt2,20260910102
1096,2,set13,alt1,20260910102
1096,2,set36,alt2,20260910102
1096,2,set38,alt2,20260910102
1096,2,set40,alt2,20260910102
1096,2,set44,alt1,20260910102
1096,2,set45,alt2,20260910102
1096,2,set46,alt1,20260910102
1097,1,set5,alt2,20260910103
1097,1,set6,alt1,20260910103
1097,1,set9,alt2,20260910103
1097,1,set11,alt2,20260910103
1097,1,set18,alt2,20260910103
1097,1,set19,alt2,20260910103
1097,1,set33,alt1,20260910103
1097,1,set35,alt2,20260910103
1097,1,set37,alt1,20260910103
1097,1,set41,alt1,20260910103
1097,1,set42,alt2,20260910103
1097,1,set48,alt2,20260910103
1098,1,set5,alt2,20260910104
1098,1,set6,alt2,20260910104
1098,1,set9,alt2,20260910104
1098,1,set11,alt2,20260910104
1098,1,set18,alt2,20260910104
1098,1,set19,alt2,20260910104
1098,1,set33,alt1,20260910104
1098,1,set35,alt2,20260910104
1098,1,set37,alt1,20260910104
1098,1,set41,alt2,20260910104
1098,1,set42,alt2,20260910104
1098,1,set48,alt2,20260910104
1099,1,set5,alt2,20260910105
1099,1,set6,alt1,20260910105
1099,1,set9,alt2,20260910105
1099,1,set11,alt2,20260910105
1099,1,set18,alt2,20260910105
1099,1,set19,alt2,20260910105
1099,1,set33,alt1,20260910105
1099,1,set35,alt2,20260910105
1099,1,set37,alt1,20260910105
1099,1,set41,alt1,20260910105
1099,1,set42,alt2,20260910105
1099,1,set48,alt2,20260910105
1100,4,set14,alt1,20260910106
1100,4,set15,alt1,20260910106
1100,4,set16,alt1,20260910106
1100,4,set17,alt1,20260910106
1100,4,set20,alt1,20260910106
1100,4,set21,alt1,20260910106
1100,4,set23,alt1,20260910106
1100,4,set26,alt1,20260910106
1100,4,set27,alt1,20260910106
1100,4,set32,alt1,20260910106
1100,4,set34,alt2,20260910106
1100,4,set43,alt1,20260910106
1101,3,set3,alt2,20260910107
1101,3,set4,alt2,20260910107
1101,3,set12,alt1,20260910107
1101,3,set22,alt2,20260910107
1101,3,set24,alt1,20260910107
1101,3,set25,alt1,20260910107
1101,3,set28,alt1,20260910107
1101,3,set29,alt1,20260910107
1101,3,set30,alt2,20260910107
1101,3,set31,alt2,20260910107
1101,3,set39,alt2,20260910107
1101,3,set47,alt2,20260910107
1102,1,set5,alt2,20260910108
1102,1,set6,alt1,20260910108
1102,1,set9,alt2,20260910108
1102,1,set11,alt2,20260910108
1102,1,set18,alt2,20260910108
1102,1,set19,alt2,20260910108
1102,1,set33,alt1,20260910108
1102,1,set35,alt2,20260910108
1102,1,set37,alt1,20260910108
1102,1,set41,alt1,20260910108
1102,1,set42,alt2,20260910108
1102,1,set48,alt2,20260910108
1103,3,set3,alt2,20260910109
1103,3,set4,alt1,20260910109
1103,3,set12,alt1,20260910109
1103,3,set22,alt2,20260910109
1103,3,set24,alt1,20260910109
1103,3,set25,alt2,20260910109
1103,3,set28,alt2,20260910109
1103,3,set29,alt1,20260910109
1103,3,set30,alt1,20260910109
1103,3,set31,alt2,20260910109
1103,3,set39,alt1,20260910109
1103,3,set47,alt1,20260910109
1104,3,set3,alt1,20260910110
1104,3,set4,alt2,20260910110
1104,3,set12,alt1,20260910110
1104,3,set22,alt1,20260910110
1104,3,set24,alt1,20260910110
1104,3,set25,alt1,20260910110
1104,3,set28,alt1,20260910110
1104,3,set29,alt1,20260910110
1104,3,set30,alt2,20260910110
1104,3,set31,alt2,20260910110
1104,3,set39,alt2,20260910110
1104,3,set47,alt2,20260910110
1105,3,set3,alt2,20260910111
1105,3,set4,alt2,20260910111
1105,3,set12,alt1,20260910111
1105,3,set22,alt2,20260910111
1105,3,set24,alt1,20260910111
1105,3,set25,alt1,20260910111
1105,3,set28,alt1,20260910111
1105,3,set29,alt1,20260910111
1105,3,set30,alt2,20260910111
1105,3,set31,alt2,20260910111
1105,3,set39,alt2,20260910111
1105,3,set47,alt2,20260910111
1106,4,set14,alt1,20260910112
1106,4,set15,alt2,20260910112
1106,4,set16,alt2,20260910112
1106,4,set17,alt2,20260910112
1106,4,set20,alt1,20260910112
1106,4,set21,alt1,20260910112
1106,4,set23,alt1,20260910112
1106,4,set26,alt1,20260910112
1106,4,set27,alt1,20260910112
1106,4,set32,alt1,20260910112
1106,4,set34,alt2,20260910112
1106,4,set43,alt2,20260910112
1107,2,set1,alt2,20260910113
1107,2,set2,alt1,20260910113
1107,2,set7,alt2,20260910113
1107,2,set8,alt1,20260910113
1107,2,set10,alt2,20260910113
1107,2,set13,alt1,20260910113
1107,2,set36,alt2,20260910113
1107,2,set38,alt1,20260910113
1107,2,set40,alt2,20260910113
1107,2,set44,alt2,20260910113
1107,2,set45,alt2,20260910113
1107,2,set46,alt2,20260910113
1108,4,set14,alt1,20260910114
1108,4,set15,alt2,20260910114
1108,4,set16,alt2,20260910114
1108,4,set17,alt2,20260910114
1108,4,set20,alt1,20260910114
1108,4,set21,alt1,20260910114
1108,4,set23,alt1,20260910114
1108,4,set26,alt1,20260910114
1108,4,set27,alt1,20260910114
1108,4,set32,alt1,20260910114
1108,4,set34,alt2,20260910114
1108,4,set43,alt2,20260910114
1109,1,set5,alt2,20260910115
1109,1,set6,alt1,20260910115
1109,1,set9,alt2,20260910115
1109,1,set11,alt2,20260910115
1109,1,set18,alt2,20260910115
1109,1,set19,alt2,20260910115
1109,1,set33,alt1,20260910115
1109,1,set35,alt2,20260910115
1109,1,set37,alt1,20260910115
1109,1,set41,alt1,20260910115
1109,1,set42,alt2,20260910115
1109,1,set48,alt2,20260910115
1110,1,set5,alt2,20260910116
1110,1,set6,alt1,20260910116
1110,1,set9,alt2,20260910116
1110,1,set11,alt2,20260910116
1110,1,set18,alt2,20260910116
1110,1,set19,alt2,20260910116
1110,1,set33,alt1,20260910116
1110,1,set35,alt2,20260910116
1110,1,set37,alt1,20260910116
1110,1,set41,alt1,20260910116
1110,1,set42,alt2,20260910116
1110,1,set48,alt2,20260910116
1111,2,set1,alt2,20260910117
1111,2,set2,alt1,20260910117
1111,2,set7,alt2,20260910117
1111,2,set8,alt1,20260910117
1111,2,set10,alt2,20260910117
1111,2,set13,alt1,20260910117
1111,2,set36,alt2,20260910117
1111,2,set38,alt1,20260910117
1111,2,set40,alt2,20260910117
1111,2,set44,alt2,20260910117
1111,2,set45,alt2,20260910117
1111,2,set46,alt2,20260910117
1112,3,set3,alt1,20260910118
1112,3,set4,alt2,20260910118
1112,3,set12,alt1,20260910118
1112,3,set22,alt1,20260910118
1112,3,set24,alt1,20260910118
1112,3,set25,alt1,20260910118
1112,3,set28,alt1,20260910118
1112,3,set29,alt1,20260910118
1112,3,set30,alt2,20260910118
1112,3,set31,alt2,20260910118
1112,3,set39,alt2,20260910118
1112,3,set47,alt2,20260910118
1113,1,set5,alt2,20260910119
1113,1,set6,alt1,20260910119
1113,1,set9,alt2,20260910119
1113,1,set11,alt2,20260910119
1113,1,set18,alt2,20260910119
1113,1,set19,alt2,20260910119
1113,1,set33,alt1,20260910119
1113,1,set35,alt2,20260910119
1113,1,set37,alt1,20260910119
1113,1,set41,alt1,20260910119
1113,1,set42,alt2,20260910119
1113,1,set48,alt2,20260910119
1114,1,set5,alt2,20260910120
1114,1,set6,alt2,20260910120
1114,1,set9,alt2,20260910120
1114,1,set11,alt2,20260910120
1114,1,set18,alt2,20260910120
1114,1,set19,alt2,20260910120
1114,1,set33,alt1,20260910120
1114,1,set35,alt2,20260910120
1114,1,set37,alt1,20260910120
1114,1,set41,alt2,20260910120
1114,1,set42,alt2,20260910120
1114,1,set48,alt2,20260910120
1115,3,set3,alt1,20260910121
1115,3,set4,alt2,20260910121
1115,3,set12,alt1,20260910121
1115,3,set22,alt1,20260910121
1115,3,set24,alt1,20260910121
1115,3,set25,alt1,20260910121
1115,3,set28,alt1,20260910121
1115,3,set29,alt1,20260910121
1115,3,set30,alt2,20260910121
1115,3,set31,alt2,20260910121
1115,3,set39,alt2,20260910121
1115,3,set47,alt2,20260910121
1116,1,set5,alt2,20260910122
1116,1,set6,alt1,20260910122
1116,1,set9,alt2,20260910122
1116,1,set11,alt2,20260910122
1116,1,set18,alt2,20260910122
1116,1,set19,alt2,20260910122
1116,1,set33,alt1,20260910122
1116,1,set35,alt2,20260910122
1116,1,set37,alt1,20260910122
1116,1,set41,alt1,20260910122
1116,1,set42,alt2,20260910122
1116,1,set48,alt2,20260910122
1117,1,set5,alt2,20260910123
1117,1,set6,alt1,20260910123
1117,1,set9,alt2,20260910123
1117,1,set11,alt2,20260910123
1117,1,set18,alt2,20260910123
1117,1,set19,alt2,20260910123
1117,1,set33,alt1,20260910123
1117,1,set35,alt2,20260910123
1117,1,set37,alt1,20260910123
1117,1,set41,alt1,20260910123
1117,1,set42,alt2,20260910123
1117,1,set48,alt2,20260910123
1118,2,set1,alt2,20260910124
1118,2,set2,alt1,20260910124
1118,2,set7,alt1,20260910124
1118,2,set8,alt1,20260910124
1118,2,set10,alt1,20260910124
1118,2,set13,alt1,20260910124
1118,2,set36,alt2,20260910124
1118,2,set38,alt2,20260910124
1118,2,set40,alt2,20260910124
1118,2,set44,alt1,20260910124
1118,2,set45,alt2,20260910124
1118,2,set46,alt1,20260910124
1119,4,set14,alt1,20260910125
1119,4,set15,alt2,20260910125
1119,4,set16,alt2,20260910125
1119,4,set17,alt2,20260910125
1119,4,set20,alt1,20260910125
1119,4,set21,alt1,20260910125
1119,4,set23,alt1,20260910125
1119,4,set26,alt1,20260910125
1119,4,set27,alt1,20260910125
1119,4,set32,alt1,20260910125
1119,4,set34,alt2,20260910125
1119,4,set43,alt2,20260910125
1120,2,set1,alt2,20260910126
1120,2,set2,alt1,20260910126
1120,2,set7,alt1,20260910126
1120,2,set8,alt1,20260910126
1120,2,set10,alt1,20260910126
1120,2,set13,alt1,20260910126
1120,2,set36,alt2,20260910126
1120,2,set38,alt2,20260910126
1120,2,set40,alt2,20260910126
1120,2,set44,alt1,20260910126
1120,2,set45,alt2,20260910126
1120,2,set46,alt1,20260910126
1121,4,set14,alt2,20260910127
1121,4,set15,alt2,20260910127
1121,4,set16,alt1,20260910127
1121,4,set17,alt1,20260910127
1121,4,set20,alt1,20260910127
1121,4,set21,alt1,20260910127
1121,4,set23,alt1,20260910127
1121,4,set26,alt1,20260910127
1121,4,set27,alt2,20260910127
1121,4,set32,alt1,20260910127
1121,4,set34,alt2,20260910127
1121,4,set43,alt1,20260910127
1122,4,set14,alt2,20260910128
1122,4,set15,alt2,20260910128
1122,4,set16,alt1,20260910128
1122,4,set17,alt1,20260910128
1122,4,set20,alt1,20260910128
1122,4,set21,alt1,20260910128
1122,4,set23,alt1,20260910128
1122,4,set26,alt1,20260910128
1122,4,set27,alt2,20260910128
1122,4,set32,alt1,20260910128
1122,4,set34,alt2,20260910128
1122,4,set43,alt1,20260910128
1123,2,set1,alt2,20260910129
1123,2,set2,alt1,20260910129
1123,2,set7,alt1,20260910129
1123,2,set8,alt1,20260910129
1123,2,set10,alt1,20260910129
1123,2,set13,alt1,20260910129
1123,2,set36,alt2,20260910129
1123,2,set38,alt2,20260910129
1123,2,set40,alt2,20260910129
1123,2,set44,alt1,20260910129
1123,2,set45,alt2,20260910129
1123,2,set46,alt1,20260910129
1124,4,set14,alt1,20260910130
1124,4,set15,alt2,20260910130
1124,4,set16,alt2,20260910130
1124,4,set17,alt2,20260910130
1124,4,set20,alt1,20260910130
1124,4,set21,alt1,20260910130
1124,4,set23,alt1,20260910130
1124,4,set26,alt1,20260910130
1124,4,set27,alt1,20260910130
1124,4,set32,alt1,20260910130
1124,4,set34,alt2,20260910130
1124,4,set43,alt2,20260910130
1125,3,set3,alt2,20260910131
1125,3,set4,alt1,20260910131
1125,3,set12,alt1,20260910131
1125,3,set22,alt2,20260910131
1125,3,set24,alt1,20260910131
1125,3,set25,alt2,20260910131
1125,3,set28,alt2,20260910131
1125,3,set29,alt1,20260910131
1125,3,set30,alt2,20260910131
1125,3,set31,alt1,20260910131
1125,3,set39,alt1,20260910131
1125,3,set47,alt2,20260910131
1126,1,set5,alt2,20260910132
1126,1,set6,alt1,20260910132
1126,1,set9,alt2,20260910132
1126,1,set11,alt2,20260910132
1126,1,set18,alt2,20260910132
1126,1,set19,alt2,20260910132
1126,1,set33,alt1,20260910132
1126,1,set35,alt2,20260910132
1126,1,set37,alt1,20260910132
1126,1,set41,alt1,20260910132
1126,1,set42,alt2,20260910132
1126,1,set48,alt2,20260910132
1127,2,set1,alt2,20260910133
1127,2,set2,alt1,20260910133
1127,2,set7,alt1,20260910133
1127,2,set8,alt1,20260910133
1127,2,set10,alt1,20260910133
1127,2,set13,alt1,20260910133
1127,2,set36,alt2,20260910133
1127,2,set38,alt2,20260910133
1127,2,set40,alt2,20260910133
1127,2,set44,alt1,20260910133
1127,2,set45,alt2,20260910133
1127,2,set46,alt1,20260910133
1128,2,set1,alt2,20260910134
1128,2,set2,alt1,20260910134
1128,2,set7,alt1,20260910134
1128,2,set8,alt1,20260910134
1128,2,set10,alt2,20260910134
1128,2,set13,alt1,20260910134
1128,2,set36,alt2,20260910134
1128,2,set38,alt2,20260910134
1128,2,set40,alt2,20260910134
1128,2,set44,alt1,20260910134
1128,2,set45,alt2,20260910134
1128,2,set46,alt1,20260910134
1129,1,set5,alt2,20260910135
1129,1,set6,alt1,20260910135
1129,1,set9,alt2,20260910135
1129,1,set11,alt2,20260910135
1129,1,set18,alt2,20260910135
1129,1,set19,alt2,20260910135
1129,1,set33,alt1,20260910135
1129,1,set35,alt2,20260910135
1129,1,set37,alt1,20260910135
1129,1,set41,alt1,20260910135
1129,1,set42,alt2,20260910135
1129,1,set48,alt2,20260910135
1130,4,set14,alt1,20260910136
1130,4,set15,alt2,20260910136
1130,4,set16,alt2,20260910136
1130,4,set17,alt2,20260910136
1130,4,set20,alt1,20260910136
1130,4,set21,alt1,20260910136
1130,4,set23,alt1,20260910136
1130,4,set26,alt1,20260910136
1130,4,set27,alt1,20260910136
1130,4,set32,alt1,20260910136
1130,4,set34,alt2,20260910136
1130,4,set43,alt2,20260910136
1131,2,set1,alt2,20260910137
1131,2,set2,alt1,20260910137
1131,2,set7,alt1,20260910137
1131,2,set8,alt1,20260910137
1131,2,set10,alt1,20260910137
1131,2,set13,alt1,20260910137
1131,2,set36,alt2,20260910137
1131,2,set38,alt2,20260910137
1131,2,set40,alt2,20260910137
1131,2,set44,alt1,20260910137
1131,2,set45,alt2,20260910137
1131,2,set46,alt1,20260910137
1132,3,set3,alt1,20260910138
1132,3,set4,alt2,20260910138
1132,3,set12,alt1,20260910138
1132,3,set22,alt1,20260910138
1132,3,set24,alt1,20260910138
1132,3,set25,alt1,20260910138
1132,3,set28,alt1,20260910138
1132,3,set29,alt1,20260910138
1132,3,set30,alt2,20260910138
1132,3,set31,alt2,20260910138
1132,3,set39,alt2,20260910138
1132,3,set47,alt2,20260910138
1133,4,set14,alt2,20260910139
1133,4,set15,alt2,20260910139
1133,4,set16,alt1,20260910139
1133,4,set17,alt1,20260910139
1133,4,set20,alt1,20260910139
1133,4,set21,alt1,20260910139
1133,4,set23,alt1,20260910139
1133,4,set26,alt1,20260910139
1133,4,set27,alt2,20260910139
1133,4,set32,alt1,20260910139
1133,4,set34,alt2,20260910139
1133,4,set43,alt1,20260910139
1134,3,set3,alt1,20260910140
1134,3,set4,alt2,20260910140
1134,3,set12,alt1,20260910140
1134,3,set22,alt1,20260910140
1134,3,set24,alt1,20260910140
1134,3,set25,alt1,20260910140
1134,3,set28,alt1,20260910140
1134,3,set29,alt1,20260910140
1134,3,set30,alt2,20260910140
1134,3,set31,alt2,20260910140
1134,3,set39,alt2,20260910140
1134,3,set47,alt2,20260910140
1135,4,set14,alt1,20260910141
1135,4,set15,alt2,20260910141
1135,4,set16,alt2,20260910141
1135,4,set17,alt2,20260910141
1135,4,set20,alt1,20260910141
1135,4,set21,alt1,20260910141
1135,4,set23,alt1,20260910141
1135,4,set26,alt1,20260910141
1135,4,set27,alt1,20260910141
1135,4,set32,alt1,20260910141
1135,4,set34,alt2,20260910141
1135,4,set43,alt2,20260910141
1136,1,set5,alt1,20260910142
1136,1,set6,alt1,20260910142
1136,1,set9,alt1,20260910142
1136,1,set11,alt2,20260910142
1136,1,set18,alt1,20260910142
1136,1,set19,alt1,20260910142
1136,1,set33,alt2,20260910142
1136,1,set35,alt2,20260910142
1136,1,set37,alt1,20260910142
1136,1,set41,alt1,20260910142
1136,1,set42,alt2,20260910142
1136,1,set48,alt2,20260910142
1137,1,set5,alt2,20260910143
1137,1,set6,alt1,20260910143
1137,1,set9,alt2,20260910143
1137,1,set11,alt2,20260910143
1137,1,set18,alt2,20260910143
1137,1,set19,alt2,20260910143
1137,1,set33,alt1,20260910143
1137,1,set35,alt2,20260910143
1137,1,set37,alt1,20260910143
1137,1,set41,alt1,20260910143
1137,1,set42,alt2,20260910143
1137,1,set48,alt2,20260910143
1138,3,set3,alt1,20260910144
1138,3,set4,alt2,20260910144
1138,3,set12,alt1,20260910144
1138,3,set22,alt1,20260910144
1138,3,set24,alt1,20260910144
1138,3,set25,alt1,20260910144
1138,3,set28,alt1,20260910144
1138,3,set29,alt1,20260910144
1138,3,set30,alt2,20260910144
1138,3,set31,alt2,20260910144
1138,3,set39,alt2,20260910144
1138,3,set47,alt2,20260910144
1139,3,set3,alt2,20260910145
1139,3,set4,alt1,20260910145
1139,3,set12,alt1,20260910145
1139,3,set22,alt2,20260910145
1139,3,set24,alt1,20260910145
1139,3,set25,alt2,20260910145
1139,3,set28,alt2,20260910145
1139,3,set29,alt1,20260910145
1139,3,set30,alt2,20260910145
1139,3,set31,alt1,20260910145
1139,3,set39,alt1,20260910145
1139,3,set47,alt2,20260910145
1140,1,set5,alt2,20260910146
1140,1,set6,alt1,20260910146
1140,1,set9,alt2,20260910146
1140,1,set11,alt2,20260910146
1140,1,set18,alt2,20260910146
1140,1,set19,alt2,20260910146
1140,1,set33,alt1,20260910146
1140,1,set35,alt2,20260910146
1140,1,set37,alt1,20260910146
1140,1,set41,alt1,20260910146
1140,1,set42,alt2,20260910146
1140,1,set48,alt2,20260910146
1141,3,set3,alt1,20260910147
1141,3,set4,alt2,20260910147
1141,3,set12,alt1,20260910147
1141,3,set22,alt1,20260910147
1141,3,set24,alt1,20260910147
1141,3,set25,alt1,20260910147
1141,3,set28,alt1,20260910147
1141,3,set29,alt1,20260910147
1141,3,set30,alt2,20260910147
1141,3,set31,alt2,20260910147
1141,3,set39,alt2,20260910147
1141,3,set47,alt2,20260910147
1142,2,set1,alt2,20260910148
1142,2,set2,alt1,20260910148
1142,2,set7,alt1,20260910148
1142,2,set8,alt1,20260910148
1142,2,set10,alt1,20260910148
1142,2,set13,alt1,20260910148
1142,2,set36,alt2,20260910148
1142,2,set38,alt2,20260910148
1142,2,set40,alt2,20260910148
1142,2,set44,alt1,20260910148
1142,2,set45,alt2,20260910148
1142,2,set46,alt1,20260910148
1143,4,set14,alt2,20260910149
1143,4,set15,alt2,20260910149
1143,4,set16,alt1,20260910149
1143,4,set17,alt1,20260910149
1143,4,set20,alt1,20260910149
1143,4,set21,alt1,20260910149
1143,4,set23,alt1,20260910149
1143,4,set26,alt1,20260910149
1143,4,set27,alt2,20260910149
1143,4,set32,alt1,20260910149
1143,4,set34,alt2,20260910149
1143,4,set43,alt1,20260910149
1144,3,set3,alt1,20260910150
1144,3,set4,alt2,20260910150
1144,3,set12,alt1,20260910150
1144,3,set22,alt1,20260910150
1144,3,set24,alt1,20260910150
1144,3,set25,alt1,20260910150
1144,3,set28,alt1,20260910150
1144,3,set29,alt1,20260910150
1144,3,set30,alt2,20260910150
1144,3,set31,alt2,20260910150
1144,3,set39,alt2,20260910150
1144,3,set47,alt2,20260910150
1145,1,set5,alt2,20260910151
1145,1,set6,alt2,20260910151
1145,1,set9,alt2,20260910151
1145,1,set11,alt2,20260910151
1145,1,set18,alt2,20260910151
1145,1,set19,alt2,20260910151
1145,1,set33,alt1,20260910151
1145,1,set35,alt2,20260910151
1145,1,set37,alt1,20260910151
1145,1,set41,alt2,20260910151
1145,1,set42,alt2,20260910151
1145,1,set48,alt2,20260910151
1146,4,set14,alt1,20260910152
1146,4,set15,alt2,20260910152
1146,4,set16,alt1,20260910152
1146,4,set17,alt2,20260910152
1146,4,set20,alt1,20260910152
1146,4,set21,alt1,20260910152
1146,4,set23,alt1,20260910152
1146,4,set26,alt1,20260910152
1146,4,set27,alt1,20260910152
1146,4,set32,alt1,20260910152
1146,4,set34,alt1,20260910152
1146,4,set43,alt1,20260910152
1147,4,set14,alt2,20260910153
1147,4,set15,alt2,20260910153
1147,4,set16,alt1,20260910153
1147,4,set17,alt1,20260910153
1147,4,set20,alt1,20260910153
1147,4,set21,alt1,20260910153
1147,4,set23,alt1,20260910153
1147,4,set26,alt1,20260910153
1147,4,set27,alt2,20260910153
1147,4,set32,alt1,20260910153
1147,4,set34,alt2,20260910153
1147,4,set43,alt1,20260910153
1148,1,set5,alt2,20260910154
1148,1,set6,alt2,20260910154
1148,1,set9,alt2,20260910154
1148,1,set11,alt2,20260910154
1148,1,set18,alt2,20260910154
1148,1,set19,alt2,20260910154
1148,1,set33,alt1,20260910154
1148,1,set35,alt2,20260910154
1148,1,set37,alt1,20260910154
1148,1,set41,alt2,20260910154
1148,1,set42,alt2,20260910154
1148,1,set48,alt2,20260910154
1149,3,set3,alt2,20260910155
1149,3,set4,alt2,20260910155
1149,3,set12,alt1,20260910155
1149,3,set22,alt2,20260910155
1149,3,set24,alt1,20260910155
1149,3,set25,alt1,20260910155
1149,3,set28,alt1,20260910155
1149,3,set29,alt1,20260910155
1149,3,set30,alt2,20260910155
1149,3,set31,alt2,20260910155
1149,3,set39,alt2,20260910155
1149,3,set47,alt2,20260910155
1150,3,set3,alt1,20260910156
1150,3,set4,alt2,20260910156
1150,3,set12,alt1,20260910156
1150,3,set22,alt1,20260910156
1150,3,set24,alt1,20260910156
1150,3,set25,alt1,20260910156
1150,3,set28,alt1,20260910156
1150,3,set29,alt1,20260910156
1150,3,set30,alt2,20260910156
1150,3,set31,alt2,20260910156
1150,3,set39,alt2,20260910156
1150,3,set47,alt2,20260910156
1151,1,set5,alt2,20260910157
1151,1,set6,alt2,20260910157
1151,1,set9,alt2,20260910157
1151,1,set11,alt2,20260910157
1151,1,set18,alt2,20260910157
1151,1,set19,alt2,20260910157
1151,1,set33,alt1,20260910157
1151,1,set35,alt2,20260910157
1151,1,set37,alt1,20260910157
1151,1,set41,alt2,20260910157
1151,1,set42,alt2,20260910157
1151,1,set48,alt2,20260910157
1152,1,set5,alt1,20260910158
1152,1,set6,alt1,20260910158
1152,1,set9,alt1,20260910158
1152,1,set11,alt2,20260910158
1152,1,set18,alt1,20260910158
1152,1,set19,alt1,20260910158
1152,1,set33,alt2,20260910158
1152,1,set35,alt2,20260910158
1152,1,set37,alt1,20260910158
1152,1,set41,alt1,20260910158
1152,1,set42,alt2,20260910158
1152,1,set48,alt2,20260910158
1153,3,set3,alt1,20260910159
1153,3,set4,alt2,20260910159
1153,3,set12,alt1,20260910159
1153,3,set22,alt1,20260910159
1153,3,set24,alt1,20260910159
1153,3,set25,alt1,20260910159
1153,3,set28,alt1,20260910159
1153,3,set29,alt1,20260910159
1153,3,set30,alt2,20260910159
1153,3,set31,alt2,20260910159
1153,3,set39,alt2,20260910159
1153,3,set47,alt2,20260910159
1154,1,set5,alt2,20260910160
1154,1,set6,alt2,20260910160
1154,1,set9,alt2,20260910160
1154,1,set11,alt2,20260910160
1154,1,set18,alt2,20260910160
1154,1,set19,alt2,20260910160
1154,1,set33,alt1,20260910160
1154,1,set35,alt2,20260910160
1154,1,set37,alt1,20260910160
1154,1,set41,alt2,20260910160
1154,1,set42,alt2,20260910160
1154,1,set48,alt2,20260910160
1155,2,set1,alt2,20260910161
1155,2,set2,alt1,20260910161
1155,2,set7,alt1,20260910161
1155,2,set8,alt1,20260910161
1155,2,set10,alt1,20260910161
1155,2,set13,alt1,20260910161
1155,2,set36,alt2,20260910161
1155,2,set38,alt2,20260910161
1155,2,set40,alt2,20260910161
1155,2,set44,alt1,20260910161
1155,2,set45,alt2,20260910161
1155,2,set46,alt1,20260910161
1156,2,set1,alt2,20260910162
1156,2,set2,alt1,20260910162
1156,2,set7,alt1,20260910162
1156,2,set8,alt1,20260910162
1156,2,set10,alt1,20260910162
1156,2,set13,alt1,20260910162
1156,2,set36,alt2,20260910162
1156,2,set38,alt2,20260910162
1156,2,set40,alt2,20260910162
1156,2,set44,alt1,20260910162
1156,2,set45,alt2,20260910162
1156,2,set46,alt1,20260910162
1157,2,set1,alt2,20260910163
1157,2,set2,alt1,20260910163
1157,2,set7,alt1,20260910163
1157,2,set8,alt1,20260910163
1157,2,set10,alt1,20260910163
1157,2,set13,alt1,20260910163
1157,2,set36,alt2,20260910163
1157,2,set38,alt2,20260910163
1157,2,set40,alt2,20260910163
1157,2,set44,alt1,20260910163
1157,2,set45,alt2,20260910163
1157,2,set46,alt1,20260910163
1158,1,set5,alt2,20260910164
1158,1,set6,alt2,20260910164
1158,1,set9,alt2,20260910164
1158,1,set11,alt2,20260910164
1158,1,set18,alt2,20260910164
1158,1,set19,alt2,20260910164
1158,1,set33,alt1,20260910164
1158,1,set35,alt2,20260910164
1158,1,set37,alt1,20260910164
1158,1,set41,alt2,20260910164
1158,1,set42,alt2,20260910164
1158,1,set48,alt2,20260910164
1159,4,set14,alt1,20260910165
1159,4,set15,alt2,20260910165
1159,4,set16,alt2,20260910165
1159,4,set17,alt2,20260910165
1159,4,set20,alt1,20260910165
1159,4,set21,alt1,20260910165
1159,4,set23,alt1,20260910165
1159,4,set26,alt1,20260910165
1159,4,set27,alt1,20260910165
1159,4,set32,alt1,20260910165
1159,4,set34,alt2,20260910165
1159,4,set43,alt2,20260910165
1160,4,set14,alt1,20260910166
1160,4,set15,alt2,20260910166
1160,4,set16,alt2,20260910166
1160,4,set17,alt2,20260910166
1160,4,set20,alt1,20260910166
1160,4,set21,alt1,20260910166
1160,4,set23,alt1,20260910166
1160,4,set26,alt1,20260910166
1160,4,set27,alt1,20260910166
1160,4,set32,alt1,20260910166
1160,4,set34,alt2,20260910166
1160,4,set43,alt2,20260910166
1161,1,set5,alt2,20260910167
1161,1,set6,alt1,20260910167
1161,1,set9,alt2,20260910167
1161,1,set11,alt2,20260910167
1161,1,set18,alt2,20260910167
1161,1,set19,alt2,20260910167
1161,1,set33,alt1,20260910167
1161,1,set35,alt2,20260910167
1161,1,set37,alt1,20260910167
1161,1,set41,alt1,20260910167
1161,1,set42,alt2,20260910167
1161,1,set48,alt2,20260910167
1162,2,set1,alt2,20260910168
1162,2,set2,alt1,20260910168
1162,2,set7,alt2,20260910168
1162,2,set8,alt1,20260910168
1162,2,set10,alt2,20260910168
1162,2,set13,alt1,20260910168
1162,2,set36,alt2,20260910168
1162,2,set38,alt1,20260910168
1162,2,set40,alt2,20260910168
1162,2,set44,alt2,20260910168
1162,2,set45,alt2,20260910168
1162,2,set46,alt2,20260910168
1163,3,set3,alt1,20260910169
1163,3,set4,alt2,20260910169
1163,3,set12,alt1,20260910169
1163,3,set22,alt1,20260910169
1163,3,set24,alt1,20260910169
1163,3,set25,alt1,20260910169
1163,3,set28,alt1,20260910169
1163,3,set29,alt1,20260910169
1163,3,set30,alt2,20260910169
1163,3,set31,alt2,20260910169
1163,3,set39,alt2,20260910169
1163,3,set47,alt2,20260910169
1164,3,set3,alt2,20260910170
1164,3,set4,alt1,20260910170
1164,3,set12,alt1,20260910170
1164,3,set22,alt2,20260910170
1164,3,set24,alt1,20260910170
1164,3,set25,alt2,20260910170
1164,3,set28,alt2,20260910170
1164,3,set29,alt1,20260910170
1164,3,set30,alt2,20260910170
1164,3,set31,alt1,20260910170
1164,3,set39,alt1,20260910170
1164,3,set47,alt2,20260910170
1165,4,set14,alt1,20260910171
1165,4,set15,alt1,20260910171
1165,4,set16,alt1,20260910171
1165,4,set17,alt1,20260910171
1165,4,set20,alt1,20260910171
1165,4,set21,alt1,20260910171
1165,4,set23,alt1,20260910171
1165,4,set26,alt1,20260910171
1165,4,set27,alt1,20260910171
1165,4,set32,alt1,20260910171
1165,4,set34,alt2,20260910171
1165,4,set43,alt1,20260910171
1166,2,set1,alt2,20260910172
1166,2,set2,alt1,20260910172
1166,2,set7,alt1,20260910172
1166,2,set8,alt1,20260910172
1166,2,set10,alt2,20260910172
1166,2,set13,alt1,20260910172
1166,2,set36,alt2,20260910172
1166,2,set38,alt2,20260910172
1166,2,set40,alt2,20260910172
1166,2,set44,alt1,20260910172
1166,2,set45,alt2,20260910172
1166,2,set46,alt1,20260910172
1167,4,set14,alt1,20260910173
1167,4,set15,alt2,20260910173
1167,4,set16,alt1,20260910173
1167,4,set17,alt2,20260910173
1167,4,set20,alt1,20260910173
1167,4,set21,alt1,20260910173
1167,4,set23,alt1,20260910173
1167,4,set26,alt1,20260910173
1167,4,set27,alt1,20260910173
1167,4,set32,alt1,20260910173
1167,4,set34,alt1,20260910173
1167,4,set43,alt1,20260910173
1168,4,set14,alt1,20260910174
1168,4,set15,alt2,20260910174
1168,4,set16,alt2,20260910174
1168,4,set17,alt2,20260910174
1168,4,set20,alt1,20260910174
1168,4,set21,alt1,20260910174
1168,4,set23,alt1,20260910174
1168,4,set26,alt1,20260910174
1168,4,set27,alt1,20260910174
1168,4,set32,alt1,20260910174
1168,4,set34,alt2,20260910174
1168,4,set43,alt2,20260910174
1169,1,set5,alt2,20260910175
1169,1,set6,alt2,20260910175
1169,1,set9,alt2,20260910175
1169,1,set11,alt2,20260910175
1169,1,set18,alt2,20260910175
1169,1,set19,alt2,20260910175
1169,1,set33,alt1,20260910175
1169,1,set35,alt2,20260910175
1169,1,set37,alt1,20260910175
1169,1,set41,alt2,20260910175
1169,1,set42,alt2,20260910175
1169,1,set48,alt2,20260910175
1170,2,set1,alt2,20260910176
1170,2,set2,alt1,20260910176
1170,2,set7,alt2,20260910176
1170,2,set8,alt1,20260910176
1170,2,set10,alt2,20260910176
1170,2,set13,alt1,20260910176
1170,2,set36,alt2,20260910176
1170,2,set38,alt1,20260910176
1170,2,set40,alt2,20260910176
1170,2,set44,alt2,20260910176
1170,2,set45,alt2,20260910176
1170,2,set46,alt2,20260910176
1171,2,set1,alt2,20260910177
1171,2,set2,alt1,20260910177
1171,2,set7,alt1,20260910177
1171,2,set8,alt1,20260910177
1171,2,set10,alt1,20260910177
1171,2,set13,alt1,20260910177
1171,2,set36,alt2,20260910177
1171,2,set38,alt2,20260910177
1171,2,set40,alt2,20260910177
1171,2,set44,alt1,20260910177
1171,2,set45,alt2,20260910177
1171,2,set46,alt1,20260910177
1172,4,set14,alt2,20260910178
1172,4,set15,alt2,20260910178
1172,4,set16,alt1,20260910178
1172,4,set17,alt1,20260910178
1172,4,set20,alt1,20260910178
1172,4,set21,alt1,20260910178
1172,4,set23,alt1,20260910178
1172,4,set26,alt1,20260910178
1172,4,set27,alt2,20260910178
1172,4,set32,alt1,20260910178
1172,4,set34,alt2,20260910178
1172,4,set43,alt1,20260910178
1173,3,set3,alt2,20260910179
1173,3,set4,alt1,20260910179
1173,3,set12,alt1,20260910179
1173,3,set22,alt2,20260910179
1173,3,set24,alt1,20260910179
1173,3,set25,alt2,20260910179
1173,3,set28,alt2,20260910179
1173,3,set29,alt1,20260910179
1173,3,set30,alt2,20260910179
1173,3,set31,alt1,20260910179
1173,3,set39,alt1,20260910179
1173,3,set47,alt2,20260910179
1174,2,set1,alt2,20260910180
1174,2,set2,alt1,20260910180
1174,2,set7,alt1,20260910180
1174,2,set8,alt1,20260910180
1174,2,set10,alt1,20260910180
1174,2,set13,alt1,20260910180
1174,2,set36,alt2,20260910180
1174,2,set38,alt2,20260910180
1174,2,set40,alt2,20260910180
1174,2,set44,alt1,20260910180
1174,2,set45,alt2,20260910180
1174,2,set46,alt1,20260910180
1175,4,set14,alt2,20260910181
1175,4,set15,alt2,20260910181
1175,4,set16,alt1,20260910181
1175,4,set17,alt1,20260910181
1175,4,set20,alt1,20260910181
1175,4,set21,alt1,20260910181
1175,4,set23,alt1,20260910181
1175,4,set26,alt1,20260910181
1175,4,set27,alt2,20260910181
1175,4,set32,alt1,20260910181
1175,4,set34,alt2,20260910181
1175,4,set43,alt1,20260910181
1176,1,set5,alt2,20260910182
1176,1,set6,alt1,20260910182
1176,1,set9,alt2,20260910182
1176,1,set11,alt2,20260910182
1176,1,set18,alt2,20260910182
1176,1,set19,alt2,20260910182
1176,1,set33,alt1,20260910182
1176,1,set35,alt2,20260910182
1176,1,set37,alt1,20260910182
1176,1,set41,alt1,20260910182
1176,1,set42,alt2,20260910182
1176,1,set48,alt2,20260910182
1177,4,set14,alt2,20260910183
1177,4,set15,alt2,20260910183
1177,4,set16,alt1,20260910183
1177,4,set17,alt1,20260910183
1177,4,set20,alt1,20260910183
1177,4,set21,alt1,20260910183
1177,4,set23,alt1,20260910183
1177,4,set26,alt1,20260910183
1177,4,set27,alt2,20260910183
1177,4,set32,alt1,20260910183
1177,4,set34,alt2,20260910183
1177,4,set43,alt1,20260910183
1178,3,set3,alt2,20260910184
1178,3,set4,alt2,20260910184
1178,3,set12,alt1,20260910184
1178,3,set22,alt2,20260910184
1178,3,set24,alt1,20260910184
1178,3,set25,alt1,20260910184
1178,3,set28,alt1,20260910184
1178,3,set29,alt1,20260910184
1178,3,set30,alt2,20260910184
1178,3,set31,alt2,20260910184
1178,3,set39,alt2,20260910184
1178,3,set47,alt2,20260910184
1179,4,set14,alt1,20260910185
1179,4,set15,alt2,20260910185
1179,4,set16,alt2,20260910185
1179,4,set17,alt2,20260910185
1179,4,set20,alt1,20260910185
1179,4,set21,alt1,20260910185
1179,4,set23,alt1,20260910185
1179,4,set26,alt1,20260910185
1179,4,set27,alt1,20260910185
1179,4,set32,alt1,20260910185
1179,4,set34,alt2,20260910185
1179,4,set43,alt2,20260910185
1180,2,set1,alt2,20260910186
1180,2,set2,alt1,20260910186
1180,2,set7,alt1,20260910186
1180,2,set8,alt1,20260910186
1180,2,set10,alt1,20260910186
1180,2,set13,alt1,20260910186
1180,2,set36,alt2,20260910186
1180,2,set38,alt2,20260910186
1180,2,set40,alt2,20260910186
1180,2,set44,alt1,20260910186
1180,2,set45,alt2,20260910186
1180,2,set46,alt1,20260910186
1181,3,set3,alt2,20260910187
1181,3,set4,alt1,20260910187
1181,3,set12,alt1,20260910187
1181,3,set22,alt2,20260910187
1181,3,set24,alt1,20260910187
1181,3,set25,alt2,20260910187
1181,3,set28,alt2,20260910187
1181,3,set29,alt1,20260910187
1181,3,set30,alt1,20260910187
1181,3,set31,alt2,20260910187
1181,3,set39,alt1,20260910187
1181,3,set47,alt1,20260910187
1182,2,set1,alt2,20260910188
1182,2,set2,alt1,20260910188
1182,2,set7,alt1,20260910188
1182,2,set8,alt1,20260910188
1182,2,set10,alt1,20260910188
1182,2,set13,alt1,20260910188
1182,2,set36,alt2,20260910188
1182,2,set38,alt2,20260910188
1182,2,set40,alt2,20260910188
1182,2,set44,alt1,20260910188
1182,2,set45,alt2,20260910188
1182,2,set46,alt1,20260910188
1183,2,set1,alt2,20260910189
1183,2,set2,alt1,20260910189
1183,2,set7,alt2,20260910189
1183,2,set8,alt1,20260910189
1183,2,set10,alt2,20260910189
1183,2,set13,alt1,20260910189
1183,2,set36,alt2,20260910189
1183,2,set38,alt1,20260910189
1183,2,set40,alt2,20260910189
1183,2,set44,alt2,20260910189
1183,2,set45,alt2,20260910189
1183,2,set46,alt2,20260910189
1184,1,set5,alt1,20260910190
1184,1,set6,alt1,20260910190
1184,1,set9,alt1,20260910190
1184,1,set11,alt2,20260910190
1184,1,set18,alt1,20260910190
1184,1,set19,alt1,20260910190
1184,1,set33,alt2,20260910190
1184,1,set35,alt2,20260910190
1184,1,set37,alt1,20260910190
1184,1,set41,alt1,20260910190
1184,1,set42,alt2,20260910190
1184,1,set48,alt2,20260910190
1185,3,set3,alt2,20260910191
1185,3,set4,alt2,20260910191
1185,3,set12,alt1,20260910191
1185,3,set22,alt2,20260910191
1185,3,set24,alt1,20260910191
1185,3,set25,alt1,20260910191
1185,3,set28,alt1,20260910191
1185,3,set29,alt1,20260910191
1185,3,set30,alt2,20260910191
1185,3,set31,alt2,20260910191
1185,3,set39,alt2,20260910191
1185,3,set47,alt2,20260910191
1186,1,set5,alt2,20260910192
1186,1,set6,alt1,20260910192
1186,1,set9,alt2,20260910192
1186,1,set11,alt2,20260910192
1186,1,set18,alt2,20260910192
1186,1,set19,alt2,20260910192
1186,1,set33,alt1,20260910192
1186,1,set35,alt2,20260910192
1186,1,set37,alt1,20260910192
1186,1,set41,alt1,20260910192
1186,1,set42,alt2,20260910192
1186,1,set48,alt2,20260910192
1187,1,set5,alt2,20260910193
1187,1,set6,alt2,20260910193
1187,1,set9,alt2,20260910193
1187,1,set11,alt2,20260910193
1187,1,set18,alt2,20260910193
1187,1,set19,alt2,20260910193
1187,1,set33,alt1,20260910193
1187,1,set35,alt2,20260910193
1187,1,set37,alt1,20260910193
1187,1,set41,alt2,20260910193
1187,1,set42,alt2,20260910193
1187,1,set48,alt2,20260910193
1188,2,set1,alt2,20260910194
1188,2,set2,alt1,20260910194
1188,2,set7,alt2,20260910194
1188,2,set8,alt1,20260910194
1188,2,set10,alt2,20260910194
1188,2,set13,alt1,20260910194
1188,2,set36,alt2,20260910194
1188,2,set38,alt1,20260910194
1188,2,set40,alt2,20260910194
1188,2,set44,alt2,20260910194
1188,2,set45,alt2,20260910194
1188,2,set46,alt2,20260910194
1189,3,set3,alt1,20260910195
1189,3,set4,alt2,20260910195
1189,3,set12,alt1,20260910195
1189,3,set22,alt1,20260910195
1189,3,set24,alt1,20260910195
1189,3,set25,alt1,20260910195
1189,3,set28,alt1,20260910195
1189,3,set29,alt1,20260910195
1189,3,set30,alt2,20260910195
1189,3,set31,alt2,20260910195
1189,3,set39,alt2,20260910195
1189,3,set47,alt2,20260910195
1190,1,set5,alt2,20260910196
1190,1,set6,alt2,20260910196
1190,1,set9,alt2,20260910196
1190,1,set11,alt2,20260910196
1190,1,set18,alt1,20260910196
1190,1,set19,alt2,20260910196
1190,1,set33,alt1,20260910196
1190,1,set35,alt2,20260910196
1190,1,set37,alt1,20260910196
1190,1,set41,alt1,20260910196
1190,1,set42,alt2,20260910196
1190,1,set48,alt2,20260910196
1191,4,set14,alt1,20260910197
1191,4,set15,alt2,20260910197
1191,4,set16,alt2,20260910197
1191,4,set17,alt2,20260910197
1191,4,set20,alt1,20260910197
1191,4,set21,alt1,20260910197
1191,4,set23,alt1,20260910197
1191,4,set26,alt1,20260910197
1191,4,set27,alt1,20260910197
1191,4,set32,alt1,20260910197
1191,4,set34,alt2,20260910197
1191,4,set43,alt2,20260910197
1192,4,set14,alt1,20260910198
1192,4,set15,alt1,20260910198
1192,4,set16,alt1,20260910198
1192,4,set17,alt1,20260910198
1192,4,set20,alt1,20260910198
1192,4,set21,alt1,20260910198
1192,4,set23,alt1,20260910198
1192,4,set26,alt1,20260910198
1192,4,set27,alt1,20260910198
1192,4,set32,alt1,20260910198
1192,4,set34,alt2,20260910198
1192,4,set43,alt1,20260910198
1193,4,set14,alt1,20260910199
1193,4,set15,alt2,20260910199
1193,4,set16,alt1,20260910199
1193,4,set17,alt2,20260910199
1193,4,set20,alt1,20260910199
1193,4,set21,alt1,20260910199
1193,4,set23,alt1,20260910199
1193,4,set26,alt1,20260910199
1193,4,set27,alt1,20260910199
1193,4,set32,alt1,20260910199
1193,4,set34,alt1,20260910199
1193,4,set43,alt1,20260910199
1194,2,set1,alt2,20260910200
1194,2,set2,alt1,20260910200
1194,2,set7,alt1,20260910200
1194,2,set8,alt1,20260910200
1194,2,set10,alt2,20260910200
1194,2,set13,alt1,20260910200
1194,2,set36,alt2,20260910200
1194,2,set38,alt2,20260910200
1194,2,set40,alt2,20260910200
1194,2,set44,alt1,20260910200
1194,2,set45,alt2,20260910200
1194,2,set46,alt1,20260910200
1195,2,set1,alt2,20260910201
1195,2,set2,alt1,20260910201
1195,2,set7,alt1,20260910201
1195,2,set8,alt1,20260910201
1195,2,set10,alt2,20260910201
1195,2,set13,alt1,20260910201
1195,2,set36,alt2,20260910201
1195,2,set38,alt2,20260910201
1195,2,set40,alt2,20260910201
1195,2,set44,alt1,20260910201
1195,2,set45,alt2,20260910201
1195,2,set46,alt1,20260910201
1196,2,set1,alt2,20260910202
1196,2,set2,alt1,20260910202
1196,2,set7,alt1,20260910202
1196,2,set8,alt1,20260910202
1196,2,set10,alt1,20260910202
1196,2,set13,alt1,20260910202
1196,2,set36,alt2,20260910202
1196,2,set38,alt2,20260910202
1196,2,set40,alt2,20260910202
1196,2,set44,alt1,20260910202
1196,2,set45,alt2,20260910202
1196,2,set46,alt1,20260910202
1197,1,set5,alt2,20260910203
1197,1,set6,alt1,20260910203
1197,1,set9,alt2,20260910203
1197,1,set11,alt2,20260910203
1197,1,set18,alt2,20260910203
1197,1,set19,alt2,20260910203
1197,1,set33,alt1,20260910203
1197,1,set35,alt2,20260910203
1197,1,set37,alt1,20260910203
1197,1,set41,alt1,20260910203
1197,1,set42,alt2,20260910203
1197,1,set48,alt2,20260910203
1198,3,set3,alt2,20260910204
1198,3,set4,alt1,20260910204
1198,3,set12,alt1,20260910204
1198,3,set22,alt2,20260910204
1198,3,set24,alt1,20260910204
1198,3,set25,alt2,20260910204
1198,3,set28,alt2,20260910204
1198,3,set29,alt1,20260910204
1198,3,set30,alt2,20260910204
1198,3,set31,alt1,20260910204
1198,3,set39,alt1,20260910204
1198,3,set47,alt2,20260910204
1199,1,set5,alt2,20260910205
1199,1,set6,alt1,20260910205
1199,1,set9,alt2,20260910205
1199,1,set11,alt2,20260910205
1199,1,set18,alt2,20260910205
1199,1,set19,alt2,20260910205
1199,1,set33,alt1,20260910205
1199,1,set35,alt2,20260910205
1199,1,set37,alt1,20260910205
1199,1,set41,alt1,20260910205
1199,1,set42,alt2,20260910205
1199,1,set48,alt2,20260910205
1200,2,set1,alt2,20260910206
1200,2,set2,alt1,20260910206
1200,2,set7,alt1,20260910206
1200,2,set8,alt1,20260910206
1200,2,set10,alt1,20260910206
1200,2,set13,alt1,20260910206
1200,2,set36,alt2,20260910206
1200,2,set38,alt2,20260910206
1200,2,set40,alt2,20260910206
1200,2,set44,alt1,20260910206
1200,2,set45,alt2,20260910206
1200,2,set46,alt1,20260910206
1201,2,set1,alt2,20260910207
1201,2,set2,alt1,20260910207
1201,2,set7,alt1,20260910207
1201,2,set8,alt1,20260910207
1201,2,set10,alt1,20260910207
1201,2,set13,alt1,20260910207
1201,2,set36,alt2,20260910207
1201,2,set38,alt2,20260910207
1201,2,set40,alt2,20260910207
1201,2,set44,alt1,20260910207
1201,2,set45,alt2,20260910207
1201,2,set46,alt1,20260910207
1202,3,set3,alt1,20260910208
1202,3,set4,alt2,20260910208
1202,3,set12,alt1,20260910208
1202,3,set22,alt1,20260910208
1202,3,set24,alt1,20260910208
1202,3,set25,alt1,20260910208
1202,3,set28,alt1,20260910208
1202,3,set29,alt1,20260910208
1202,3,set30,alt2,20260910208
1202,3,set31,alt2,20260910208
1202,3,set39,alt2,20260910208
1202,3,set47,alt2,20260910208
1203,2,set1,alt2,20260910209
1203,2,set2,alt1,20260910209
1203,2,set7,alt1,20260910209
1203,2,set8,alt1,20260910209
1203,2,set10,alt1,20260910209
1203,2,set13,alt1,20260910209
1203,2,set36,alt2,20260910209
1203,2,set38,alt2,20260910209
1203,2,set40,alt2,20260910209
1203,2,set44,alt1,20260910209
1203,2,set45,alt2,20260910209
1203,2,set46,alt1,20260910209
1204,1,set5,alt1,20260910210
1204,1,set6,alt1,20260910210
1204,1,set9,alt1,20260910210
1204,1,set11,alt2,20260910210
1204,1,set18,alt1,20260910210
1204,1,set19,alt1,20260910210
1204,1,set33,alt2,20260910210
1204,1,set35,alt2,20260910210
1204,1,set37,alt1,20260910210
1204,1,set41,alt1,20260910210
1204,1,set42,alt2,20260910210
1204,1,set48,alt2,20260910210
1205,3,set3,alt2,20260910211
1205,3,set4,alt1,20260910211
1205,3,set12,alt1,20260910211
1205,3,set22,alt2,20260910211
1205,3,set24,alt1,20260910211
1205,3,set25,alt2,20260910211
1205,3,set28,alt2,20260910211
1205,3,set29,alt1,20260910211
1205,3,set30,alt2,20260910211
1205,3,set31,alt1,20260910211
1205,3,set39,alt1,20260910211
1205,3,set47,alt2,20260910211
1206,1,set5,alt1,20260910212
1206,1,set6,alt1,20260910212
1206,1,set9,alt1,20260910212
1206,1,set11,alt2,20260910212
1206,1,set18,alt1,20260910212
1206,1,set19,alt1,20260910212
1206,1,set33,alt2,20260910212
1206,1,set35,alt2,20260910212
1206,1,set37,alt1,20260910212
1206,1,set41,alt1,20260910212
1206,1,set42,alt2,20260910212
1206,1,set48,alt2,20260910212
1207,3,set3,alt1,20260910213
1207,3,set4,alt2,20260910213
1207,3,set12,alt1,20260910213
1207,3,set22,alt1,20260910213
1207,3,set24,alt1,20260910213
1207,3,set25,alt1,20260910213
1207,3,set28,alt1,20260910213
1207,3,set29,alt1,20260910213
1207,3,set30,alt2,20260910213
1207,3,set31,alt2,20260910213
1207,3,set39,alt2,20260910213
1207,3,set47,alt2,20260910213
1208,1,set5,alt2,20260910214
1208,1,set6,alt1,20260910214
1208,1,set9,alt2,20260910214
1208,1,set11,alt2,20260910214
1208,1,set18,alt2,20260910214
1208,1,set19,alt2,20260910214
1208,1,set33,alt1,20260910214
1208,1,set35,alt2,20260910214
1208,1,set37,alt1,20260910214
1208,1,set41,alt1,20260910214
1208,1,set42,alt2,20260910214
1208,1,set48,alt2,20260910214
1209,1,set5,alt2,20260910215
1209,1,set6,alt2,20260910215
1209,1,set9,alt2,20260910215
1209,1,set11,alt2,20260910215
1209,1,set18,alt2,20260910215
1209,1,set19,alt2,20260910215
1209,1,set33,alt1,20260910215
1209,1,set35,alt2,20260910215
1209,1,set37,alt1,20260910215
1209,1,set41,alt2,20260910215
1209,1,set42,alt2,20260910215
1209,1,set48,alt2,20260910215
1210,2,set1,alt2,20260910216
1210,2,set2,alt1,20260910216
1210,2,set7,alt1,20260910216
1210,2,set8,alt1,20260910216
1210,2,set10,alt1,20260910216
1210,2,set13,alt1,20260910216
1210,2,set36,alt2,20260910216
1210,2,set38,alt2,20260910216
1210,2,set40,alt2,20260910216
1210,2,set44,alt1,20260910216
1210,2,set45,alt2,20260910216
1210,2,set46,alt1,20260910216
1211,4,set14,alt2,20260910217
1211,4,set15,alt2,20260910217
1211,4,set16,alt1,20260910217
1211,4,set17,alt1,20260910217
1211,4,set20,alt1,20260910217
1211,4,set21,alt1,20260910217
1211,4,set23,alt1,20260910217
1211,4,set26,alt1,20260910217
1211,4,set27,alt2,20260910217
1211,4,set32,alt1,20260910217
1211,4,set34,alt2,20260910217
1211,4,set43,alt1,20260910217
1212,3,set3,alt2,20260910218
1212,3,set4,alt2,20260910218
1212,3,set12,alt1,20260910218
1212,3,set22,alt2,20260910218
1212,3,set24,alt1,20260910218
1212,3,set25,alt1,20260910218
1212,3,set28,alt1,20260910218
1212,3,set29,alt1,20260910218
1212,3,set30,alt2,20260910218
1212,3,set31,alt2,20260910218
1212,3,set39,alt2,20260910218
1212,3,set47,alt2,20260910218
1213,4,set14,alt1,20260910219
1213,4,set15,alt2,20260910219
1213,4,set16,alt2,20260910219
1213,4,set17,alt2,20260910219
1213,4,set20,alt1,20260910219
1213,4,set21,alt1,20260910219
1213,4,set23,alt1,20260910219
1213,4,set26,alt1,20260910219
1213,4,set27,alt1,20260910219
1213,4,set32,alt1,20260910219
1213,4,set34,alt2,20260910219
1213,4,set43,alt2,20260910219
1214,3,set3,alt2,20260910220
1214,3,set4,alt2,20260910220
1214,3,set12,alt1,20260910220
1214,3,set22,alt2,20260910220
1214,3,set24,alt1,20260910220
1214,3,set25,alt1,20260910220
1214,3,set28,alt1,20260910220
1214,3,set29,alt1,20260910220
1214,3,set30,alt2,20260910220
1214,3,set31,alt2,20260910220
1214,3,set39,alt2,20260910220
1214,3,set47,alt2,20260910220
1215,4,set14,alt1,20260910221
1215,4,set15,alt2,20260910221
1215,4,set16,alt2,20260910221
1215,4,set17,alt2,20260910221
1215,4,set20,alt1,20260910221
1215,4,set21,alt1,20260910221
1215,4,set23,alt1,20260910221
1215,4,set26,alt1,20260910221
1215,4,set27,alt1,20260910221
1215,4,set32,alt1,20260910221
1215,4,set34,alt2,20260910221
1215,4,set43,alt2,20260910221
1216,1,set5,alt2,20260910222
1216,1,set6,alt2,20260910222
1216,1,set9,alt2,20260910222
1216,1,set11,alt2,20260910222
1216,1,set18,alt2,20260910222
1216,1,set19,alt2,20260910222
1216,1,set33,alt1,20260910222
1216,1,set35,alt2,20260910222
1216,1,set37,alt1,20260910222
1216,1,set41,alt2,20260910222
1216,1,set42,alt2,20260910222
1216,1,set48,alt2,20260910222
1217,2,set1,alt2,20260910223
1217,2,set2,alt1,20260910223
1217,2,set7,alt1,20260910223
1217,2,set8,alt1,20260910223
1217,2,set10,alt1,20260910223
1217,2,set13,alt1,20260910223
1217,2,set36,alt2,20260910223
1217,2,set38,alt2,20260910223
1217,2,set40,alt2,20260910223
1217,2,set44,alt1,20260910223
1217,2,set45,alt2,20260910223
1217,2,set46,alt1,20260910223
1218,1,set5,alt2,20260910224
1218,1,set6,alt1,20260910224
1218,1,set9,alt2,20260910224
1218,1,set11,alt2,20260910224
1218,1,set18,alt2,20260910224
1218,1,set19,alt2,20260910224
1218,1,set33,alt1,20260910224
1218,1,set35,alt2,20260910224
1218,1,set37,alt1,20260910224
1218,1,set41,alt1,20260910224
1218,1,set42,alt2,20260910224
1218,1,set48,alt2,20260910224
1219,3,set3,alt1,20260910225
1219,3,set4,alt2,20260910225
1219,3,set12,alt1,20260910225
1219,3,set22,alt1,20260910225
1219,3,set24,alt1,20260910225
1219,3,set25,alt1,20260910225
1219,3,set28,alt1,20260910225
1219,3,set29,alt1,20260910225
1219,3,set30,alt2,20260910225
1219,3,set31,alt2,20260910225
1219,3,set39,alt2,20260910225
1219,3,set47,alt2,20260910225
1220,3,set3,alt2,20260910226
1220,3,set4,alt1,20260910226
1220,3,set12,alt1,20260910226
1220,3,set22,alt2,20260910226
1220,3,set24,alt1,20260910226
1220,3,set25,alt2,20260910226
1220,3,set28,alt2,20260910226
1220,3,set29,alt1,20260910226
1220,3,set30,alt2,20260910226
1220,3,set31,alt1,20260910226
1220,3,set39,alt1,20260910226
1220,3,set47,alt2,20260910226
1221,3,set3,alt1,20260910227
1221,3,set4,alt2,20260910227
1221,3,set12,alt1,20260910227
1221,3,set22,alt1,20260910227
1221,3,set24,alt1,20260910227
1221,3,set25,alt1,20260910227
1221,3,set28,alt1,20260910227
1221,3,set29,alt1,20260910227
1221,3,set30,alt2,20260910227
1221,3,set31,alt2,20260910227
1221,3,set39,alt2,20260910227
1221,3,set47,alt2,20260910227
1222,3,set3,alt1,20260910228
1222,3,set4,alt2,20260910228
1222,3,set12,alt1,20260910228
1222,3,set22,alt1,20260910228
1222,3,set24,alt1,20260910228
1222,3,set25,alt1,20260910228
1222,3,set28,alt1,20260910228
1222,3,set29,alt1,20260910228
1222,3,set30,alt2,20260910228
1222,3,set31,alt2,20260910228
1222,3,set39,alt2,20260910228
1222,3,set47,alt2,20260910228
1223,4,set14,alt1,20260910229
1223,4,set15,alt2,20260910229
1223,4,set16,alt2,20260910229
1223,4,set17,alt2,20260910229
1223,4,set20,alt1,20260910229
1223,4,set21,alt1,20260910229
1223,4,set23,alt1,20260910229
1223,4,set26,alt1,20260910229
1223,4,set27,alt1,20260910229
1223,4,set32,alt1,20260910229
1223,4,set34,alt2,20260910229
1223,4,set43,alt2,20260910229
1224,3,set3,alt1,20260910230
1224,3,set4,alt2,20260910230
1224,3,set12,alt1,20260910230
1224,3,set22,alt1,20260910230
1224,3,set24,alt1,20260910230
1224,3,set25,alt1,20260910230
1224,3,set28,alt1,20260910230
1224,3,set29,alt1,20260910230
1224,3,set30,alt2,20260910230
1224,3,set31,alt2,20260910230
1224,3,set39,alt2,20260910230
1224,3,set47,alt2,20260910230
1225,1,set5,alt2,20260910231
1225,1,set6,alt2,20260910231
1225,1,set9,alt2,20260910231
1225,1,set11,alt2,20260910231
1225,1,set18,alt2,20260910231
1225,1,set19,alt2,20260910231
1225,1,set33,alt1,20260910231
1225,1,set35,alt2,20260910231
1225,1,set37,alt1,20260910231
1225,1,set41,alt2,20260910231
1225,1,set42,alt2,20260910231
1225,1,set48,alt2,20260910231
1226,1,set5,alt2,20260910232
1226,1,set6,alt2,20260910232
1226,1,set9,alt2,20260910232
1226,1,set11,alt2,20260910232
1226,1,set18,alt2,20260910232
1226,1,set19,alt2,20260910232
1226,1,set33,alt1,20260910232
1226,1,set35,alt2,20260910232
1226,1,set37,alt1,20260910232
1226,1,set41,alt2,20260910232
1226,1,set42,alt2,20260910232
1226,1,set48,alt2,20260910232
1227,4,set14,alt2,20260910233
1227,4,set15,alt2,20260910233
1227,4,set16,alt1,20260910233
1227,4,set17,alt1,20260910233
1227,4,set20,alt1,20260910233
1227,4,set21,alt2,20260910233
1227,4,set23,alt1,20260910233
1227,4,set26,alt1,20260910233
1227,4,set27,alt2,20260910233
1227,4,set32,alt1,20260910233
1227,4,set34,alt2,20260910233
1227,4,set43,alt2,20260910233
1228,4,set14,alt2,20260910234
1228,4,set15,alt2,20260910234
1228,4,set16,alt1,20260910234
1228,4,set17,alt1,20260910234
1228,4,set20,alt1,20260910234
1228,4,set21,alt1,20260910234
1228,4,set23,alt1,20260910234
1228,4,set26,alt1,20260910234
1228,4,set27,alt2,20260910234
1228,4,set32,alt1,20260910234
1228,4,set34,alt2,20260910234
1228,4,set43,alt1,20260910234
1229,1,set5,alt2,20260910235
1229,1,set6,alt2,20260910235
1229,1,set9,alt2,20260910235
1229,1,set11,alt2,20260910235
1229,1,set18,alt2,20260910235
1229,1,set19,alt2,20260910235
1229,1,set33,alt1,20260910235
1229,1,set35,alt2,20260910235
1229,1,set37,alt1,20260910235
1229,1,set41,alt2,20260910235
1229,1,set42,alt2,20260910235
1229,1,set48,alt2,20260910235
1230,3,set3,alt2,20260910236
1230,3,set4,alt1,20260910236
1230,3,set12,alt1,20260910236
1230,3,set22,alt2,20260910236
1230,3,set24,alt1,20260910236
1230,3,set25,alt2,20260910236
1230,3,set28,alt2,20260910236
1230,3,set29,alt1,20260910236
1230,3,set30,alt2,20260910236
1230,3,set31,alt1,20260910236
1230,3,set39,alt1,20260910236
1230,3,set47,alt2,20260910236
1231,4,set14,alt1,20260910237
1231,4,set15,alt2,20260910237
1231,4,set16,alt2,20260910237
1231,4,set17,alt2,20260910237
1231,4,set20,alt1,20260910237
1231,4,set21,alt1,20260910237
1231,4,set23,alt1,20260910237
1231,4,set26,alt1,20260910237
1231,4,set27,alt1,20260910237
1231,4,set32,alt1,20260910237
1231,4,set34,alt2,20260910237
1231,4,set43,alt2,20260910237
1232,2,set1,alt2,20260910238
1232,2,set2,alt1,20260910238
1232,2,set7,alt1,20260910238
1232,2,set8,alt1,20260910238
1232,2,set10,alt1,20260910238
1232,2,set13,alt1,20260910238
1232,2,set36,alt2,20260910238
1232,2,set38,alt2,20260910238
1232,2,set40,alt2,20260910238
1232,2,set44,alt1,20260910238
1232,2,set45,alt2,20260910238
1232,2,set46,alt1,20260910238
1233,3,set3,alt1,20260910239
1233,3,set4,alt2,20260910239
1233,3,set12,alt1,20260910239
1233,3,set22,alt1,20260910239
1233,3,set24,alt1,20260910239
1233,3,set25,alt1,20260910239
1233,3,set28,alt1,20260910239
1233,3,set29,alt1,20260910239
1233,3,set30,alt2,20260910239
1233,3,set31,alt2,20260910239
1233,3,set39,alt2,20260910239
1233,3,set47,alt2,20260910239
1234,3,set3,alt2,20260910240
1234,3,set4,alt1,20260910240
1234,3,set12,alt1,20260910240
1234,3,set22,alt1,20260910240
1234,3,set24,alt1,20260910240
1234,3,set25,alt2,20260910240
1234,3,set28,alt2,20260910240
1234,3,set29,alt1,20260910240
1234,3,set30,alt1,20260910240
1234,3,set31,alt2,20260910240
1234,3,set39,alt1,20260910240
1234,3,set47,alt1,20260910240
1235,3,set3,alt2,20260910241
1235,3,set4,alt2,20260910241
1235,3,set12,alt1,20260910241
1235,3,set22,alt2,20260910241
1235,3,set24,alt1,20260910241
1235,3,set25,alt1,20260910241
1235,3,set28,alt1,20260910241
1235,3,set29,alt1,20260910241
1235,3,set30,alt2,20260910241
1235,3,set31,alt2,20260910241
1235,3,set39,alt2,20260910241
1235,3,set47,alt2,20260910241
1236,2,set1,alt2,20260910242
1236,2,set2,alt1,20260910242
1236,2,set7,alt1,20260910242
1236,2,set8,alt1,20260910242
1236,2,set10,alt1,20260910242
1236,2,set13,alt1,20260910242
1236,2,set36,alt2,20260910242
1236,2,set38,alt2,20260910242
1236,2,set40,alt2,20260910242
1236,2,set44,alt1,20260910242
1236,2,set45,alt2,20260910242
1236,2,set46,alt1,20260910242
1237,2,set1,alt2,20260910243
1237,2,set2,alt1,20260910243
1237,2,set7,alt1,20260910243
1237,2,set8,alt1,20260910243
1237,2,set10,alt2,20260910243
1237,2,set13,alt1,20260910243
1237,2,set36,alt2,20260910243
1237,2,set38,alt2,20260910243
1237,2,set40,alt2,20260910243
1237,2,set44,alt1,20260910243
1237,2,set45,alt2,20260910243
1237,2,set46,alt1,20260910243
1238,3,set3,alt1,20260910244
1238,3,set4,alt2,20260910244
1238,3,set12,alt1,20260910244
1238,3,set22,alt1,20260910244
1238,3,set24,alt1,20260910244
1238,3,set25,alt1,20260910244
1238,3,set28,alt1,20260910244
1238,3,set29,alt1,20260910244
1238,3,set30,alt2,20260910244
1238,3,set31,alt2,20260910244
1238,3,set39,alt2,20260910244
1238,3,set47,alt2,20260910244
1239,3,set3,alt1,20260910245
1239,3,set4,alt2,20260910245
1239,3,set12,alt1,20260910245
1239,3,set22,alt1,20260910245
1239,3,set24,alt1,20260910245
1239,3,set25,alt1,20260910245
1239,3,set28,alt1,20260910245
1239,3,set29,alt1,20260910245
1239,3,set30,alt2,20260910245
1239,3,set31,alt2,20260910245
1239,3,set39,alt2,20260910245
1239,3,set47,alt2,20260910245
1240,1,set5,alt2,20260910246
1240,1,set6,alt1,20260910246
1240,1,set9,alt2,20260910246
1240,1,set11,alt2,20260910246
1240,1,set18,alt2,20260910246
1240,1,set19,alt2,20260910246
1240,1,set33,alt1,20260910246
1240,1,set35,alt2,20260910246
1240,1,set37,alt1,20260910246
1240,1,set41,alt1,20260910246
1240,1,set42,alt2,20260910246
1240,1,set48,alt2,20260910246
1241,4,set14,alt1,20260910247
1241,4,set15,alt2,20260910247
1241,4,set16,alt2,20260910247
1241,4,set17,alt2,20260910247
1241,4,set20,alt1,20260910247
1241,4,set21,alt1,20260910247
1241,4,set23,alt1,20260910247
1241,4,set26,alt1,20260910247
1241,4,set27,alt1,20260910247
1241,4,set32,alt1,20260910247
1241,4,set34,alt2,20260910247
1241,4,set43,alt2,20260910247
1242,1,set5,alt2,20260910248
1242,1,set6,alt2,20260910248
1242,1,set9,alt2,20260910248
1242,1,set11,alt2,20260910248
1242,1,set18,alt2,20260910248
1242,1,set19,alt2,20260910248
1242,1,set33,alt1,20260910248
1242,1,set35,alt2,20260910248
1242,1,set37,alt1,20260910248
1242,1,set41,alt2,20260910248
1242,1,set42,alt2,20260910248
1242,1,set48,alt2,20260910248
1243,4,set14,alt2,20260910249
1243,4,set15,alt2,20260910249
1243,4,set16,alt1,20260910249
1243,4,set17,alt1,20260910249
1243,4,set20,alt1,20260910249
1243,4,set21,alt1,20260910249
1243,4,set23,alt1,20260910249
1243,4,set26,alt1,20260910249
1243,4,set27,alt2,20260910249
1243,4,set32,alt1,20260910249
1243,4,set34,alt2,20260910249
1243,4,set43,alt1,20260910249
1244,1,set5,alt2,20260910250
1244,1,set6,alt2,20260910250
1244,1,set9,alt2,20260910250
1244,1,set11,alt2,20260910250
1244,1,set18,alt1,20260910250
1244,1,set19,alt2,20260910250
1244,1,set33,alt1,20260910250
1244,1,set35,alt2,20260910250
1244,1,set37,alt1,20260910250
1244,1,set41,alt1,20260910250
1244,1,set42,alt2,20260910250
1244,1,set48,alt2,20260910250
1245,4,set14,alt1,20260910251
1245,4,set15,alt2,20260910251
1245,4,set16,alt2,20260910251
1245,4,set17,alt2,20260910251
1245,4,set20,alt1,20260910251
1245,4,set21,alt1,20260910251
1245,4,set23,alt1,20260910251
1245,4,set26,alt1,20260910251
1245,4,set27,alt1,20260910251
1245,4,set32,alt1,20260910251
1245,4,set34,alt2,20260910251
1245,4,set43,alt2,20260910251
1246,3,set3,alt2,20260910252
1246,3,set4,alt2,20260910252
1246,3,set12,alt1,20260910252
1246,3,set22,alt2,20260910252
1246,3,set24,alt1,20260910252
1246,3,set25,alt1,20260910252
1246,3,set28,alt1,20260910252
1246,3,set29,alt1,20260910252
1246,3,set30,alt2,20260910252
1246,3,set31,alt2,20260910252
1246,3,set39,alt2,20260910252
1246,3,set47,alt2,20260910252
1247,4,set14,alt1,20260910253
1247,4,set15,alt2,20260910253
1247,4,set16,alt1,20260910253
1247,4,set17,alt2,20260910253
1247,4,set20,alt1,20260910253
1247,4,set21,alt1,20260910253
1247,4,set23,alt1,20260910253
1247,4,set26,alt1,20260910253
1247,4,set27,alt1,20260910253
1247,4,set32,alt1,20260910253
1247,4,set34,alt1,20260910253
1247,4,set43,alt1,20260910253
1248,3,set3,alt1,20260910254
1248,3,set4,alt2,20260910254
1248,3,set12,alt1,20260910254
1248,3,set22,alt1,20260910254
1248,3,set24,alt1,20260910254
1248,3,set25,alt1,20260910254
1248,3,set28,alt1,20260910254
1248,3,set29,alt1,20260910254
1248,3,set30,alt2,20260910254
1248,3,set31,alt2,20260910254
1248,3,set39,alt2,20260910254
1248,3,set47,alt2,20260910254
1249,2,set1,alt2,20260910255
1249,2,set2,alt1,20260910255
1249,2,set7,alt1,20260910255
1249,2,set8,alt1,20260910255
1249,2,set10,alt1,20260910255
1249,2,set13,alt1,20260910255
1249,2,set36,alt2,20260910255
1249,2,set38,alt2,20260910255
1249,2,set40,alt2,20260910255
1249,2,set44,alt1,20260910255
1249,2,set45,alt2,20260910255
1249,2,set46,alt1,20260910255
1250,2,set1,alt2,20260910256
1250,2,set2,alt1,20260910256
1250,2,set7,alt1,20260910256
1250,2,set8,alt1,20260910256
1250,2,set10,alt1,20260910256
1250,2,set13,alt1,20260910256
1250,2,set36,alt2,20260910256
1250,2,set38,alt2,20260910256
1250,2,set40,alt2,20260910256
1250,2,set44,alt1,20260910256
1250,2,set45,alt2,20260910256
1250,2,set46,alt1,20260910256
1251,1,set5,alt2,20260910257
1251,1,set6,alt1,20260910257
1251,1,set9,alt2,20260910257
1251,1,set11,alt2,20260910257
1251,1,set18,alt2,20260910257
1251,1,set19,alt2,20260910257
1251,1,set33,alt1,20260910257
1251,1,set35,alt2,20260910257
1251,1,set37,alt1,20260910257
1251,1,set41,alt1,20260910257
1251,1,set42,alt2,20260910257
1251,1,set48,alt2,20260910257
1252,4,set14,alt1,20260910258
1252,4,set15,alt2,20260910258
1252,4,set16,alt1,20260910258
1252,4,set17,alt2,20260910258
1252,4,set20,alt1,20260910258
1252,4,set21,alt1,20260910258
1252,4,set23,alt1,20260910258
1252,4,set26,alt1,20260910258
1252,4,set27,alt1,20260910258
1252,4,set32,alt1,20260910258
1252,4,set34,alt1,20260910258
1252,4,set43,alt1,20260910258
1253,2,set1,alt2,20260910259
1253,2,set2,alt1,20260910259
1253,2,set7,alt2,20260910259
1253,2,set8,alt1,20260910259
1253,2,set10,alt2,20260910259
1253,2,set13,alt1,20260910259
1253,2,set36,alt2,20260910259
1253,2,set38,alt1,20260910259
1253,2,set40,alt2,20260910259
1253,2,set44,alt2,20260910259
1253,2,set45,alt2,20260910259
1253,2,set46,alt2,20260910259
1254,3,set3,alt1,20260910260
1254,3,set4,alt2,20260910260
1254,3,set12,alt1,20260910260
1254,3,set22,alt1,20260910260
1254,3,set24,alt1,20260910260
1254,3,set25,alt1,20260910260
1254,3,set28,alt1,20260910260
1254,3,set29,alt1,20260910260
1254,3,set30,alt2,20260910260
1254,3,set31,alt2,20260910260
1254,3,set39,alt2,20260910260
1254,3,set47,alt2,20260910260
1255,4,set14,alt1,20260910261
1255,4,set15,alt2,20260910261
1255,4,set16,alt2,20260910261
1255,4,set17,alt2,20260910261
1255,4,set20,alt1,20260910261
1255,4,set21,alt1,20260910261
1255,4,set23,alt1,20260910261
1255,4,set26,alt1,20260910261
1255,4,set27,alt1,20260910261
1255,4,set32,alt1,20260910261
1255,4,set34,alt2,20260910261
1255,4,set43,alt2,20260910261
1256,3,set3,alt1,20260910262
1256,3,set4,alt2,20260910262
1256,3,set12,alt1,20260910262
1256,3,set22,alt1,20260910262
1256,3,set24,alt1,20260910262
1256,3,set25,alt1,20260910262
1256,3,set28,alt1,20260910262
1256,3,set29,alt1,20260910262
1256,3,set30,alt2,20260910262
1256,3,set31,alt2,20260910262
1256,3,set39,alt2,20260910262
1256,3,set47,alt2,20260910262
1257,1,set5,alt2,20260910263
1257,1,set6,alt1,20260910263
1257,1,set9,alt2,20260910263
1257,1,set11,alt2,20260910263
1257,1,set18,alt2,20260910263
1257,1,set19,alt2,20260910263
1257,1,set33,alt1,20260910263
1257,1,set35,alt2,20260910263
1257,1,set37,alt1,20260910263
1257,1,set41,alt1,20260910263
1257,1,set42,alt2,20260910263
1257,1,set48,alt2,20260910263
1258,3,set3,alt1,20260910264
1258,3,set4,alt2,20260910264
1258,3,set12,alt1,20260910264
1258,3,set22,alt1,20260910264
1258,3,set24,alt1,20260910264
1258,3,set25,alt1,20260910264
1258,3,set28,alt1,20260910264
1258,3,set29,alt1,20260910264
1258,3,set30,alt2,20260910264
1258,3,set31,alt2,20260910264
1258,3,set39,alt2,20260910264
1258,3,set47,alt2,20260910264
1259,3,set3,alt1,20260910265
1259,3,set4,alt2,20260910265
1259,3,set12,alt1,20260910265
1259,3,set22,alt1,20260910265
1259,3,set24,alt1,20260910265
1259,3,set25,alt1,20260910265
1259,3,set28,alt1,20260910265
1259,3,set29,alt1,20260910265
1259,3,set30,alt2,20260910265
1259,3,set31,alt2,20260910265
1259,3,set39,alt2,20260910265
1259,3,set47,alt2,20260910265
1260,1,set5,alt2,20260910266
1260,1,set6,alt2,20260910266
1260,1,set9,alt2,20260910266
1260,1,set11,alt2,20260910266
1260,1,set18,alt1,20260910266
1260,1,set19,alt2,20260910266
1260,1,set33,alt1,20260910266
1260,1,set35,alt2,20260910266
1260,1,set37,alt1,20260910266
1260,1,set41,alt1,20260910266
1260,1,set42,alt2,20260910266
1260,1,set48,alt2,20260910266
1261,1,set5,alt2,20260910267
1261,1,set6,alt2,20260910267
1261,1,set9,alt2,20260910267
1261,1,set11,alt2,20260910267
1261,1,set18,alt1,20260910267
1261,1,set19,alt2,20260910267
1261,1,set33,alt1,20260910267
1261,1,set35,alt2,20260910267
1261,1,set37,alt1,20260910267
1261,1,set41,alt1,20260910267
1261,1,set42,alt2,20260910267
1261,1,set48,alt2,20260910267
1262,2,set1,alt2,20260910268
1262,2,set2,alt1,20260910268
1262,2,set7,alt1,20260910268
1262,2,set8,alt1,20260910268
1262,2,set10,alt1,20260910268
1262,2,set13,alt1,20260910268
1262,2,set36,alt2,20260910268
1262,2,set38,alt2,20260910268
1262,2,set40,alt2,20260910268
1262,2,set44,alt1,20260910268
1262,2,set45,alt2,20260910268
1262,2,set46,alt1,20260910268
1263,4,set14,alt1,20260910269
1263,4,set15,alt1,20260910269
1263,4,set16,alt1,20260910269
1263,4,set17,alt1,20260910269
1263,4,set20,alt1,20260910269
1263,4,set21,alt1,20260910269
1263,4,set23,alt1,20260910269
1263,4,set26,alt1,20260910269
1263,4,set27,alt1,20260910269
1263,4,set32,alt1,20260910269
1263,4,set34,alt2,20260910269
1263,4,set43,alt1,20260910269
1264,4,set14,alt2,20260910270
1264,4,set15,alt2,20260910270
1264,4,set16,alt1,20260910270
1264,4,set17,alt1,20260910270
1264,4,set20,alt1,20260910270
1264,4,set21,alt1,20260910270
1264,4,set23,alt1,20260910270
1264,4,set26,alt1,20260910270
1264,4,set27,alt2,20260910270
1264,4,set32,alt1,20260910270
1264,4,set34,alt2,20260910270
1264,4,set43,alt1,20260910270
1265,3,set3,alt2,20260910271
1265,3,set4,alt1,20260910271
1265,3,set12,alt1,20260910271
1265,3,set22,alt2,20260910271
1265,3,set24,alt1,20260910271
1265,3,set25,alt2,20260910271
1265,3,set28,alt2,20260910271
1265,3,set29,alt1,20260910271
1265,3,set30,alt2,20260910271
1265,3,set31,alt1,20260910271
1265,3,set39,alt1,20260910271
1265,3,set47,alt2,20260910271
1266,2,set1,alt2,20260910272
1266,2,set2,alt1,20260910272
1266,2,set7,alt1,20260910272
1266,2,set8,alt1,20260910272
1266,2,set10,alt2,20260910272
1266,2,set13,alt1,20260910272
1266,2,set36,alt2,20260910272
1266,2,set38,alt2,20260910272
1266,2,set40,alt2,20260910272
1266,2,set44,alt1,20260910272
1266,2,set45,alt2,20260910272
1266,2,set46,alt1,20260910272
1267,3,set3,alt2,20260910273
1267,3,set4,alt2,20260910273
1267,3,set12,alt1,20260910273
1267,3,set22,alt2,20260910273
1267,3,set24,alt1,20260910273
1267,3,set25,alt1,20260910273
1267,3,set28,alt1,20260910273
1267,3,set29,alt1,20260910273
1267,3,set30,alt2,20260910273
1267,3,set31,alt2,20260910273
1267,3,set39,alt2,20260910273
1267,3,set47,alt2,20260910273
1268,3,set3,alt2,20260910274
1268,3,set4,alt1,20260910274
1268,3,set12,alt1,20260910274
1268,3,set22,alt2,20260910274
1268,3,set24,alt1,20260910274
1268,3,set25,alt2,20260910274
1268,3,set28,alt2,20260910274
1268,3,set29,alt1,20260910274
1268,3,set30,alt2,20260910274
1268,3,set31,alt1,20260910274
1268,3,set39,alt1,20260910274
1268,3,set47,alt2,20260910274
1269,1,set5,alt2,20260910275
1269,1,set6,alt2,20260910275
1269,1,set9,alt2,20260910275
1269,1,set11,alt2,20260910275
1269,1,set18,alt2,20260910275
1269,1,set19,alt2,20260910275
1269,1,set33,alt1,20260910275
1269,1,set35,alt2,20260910275
1269,1,set37,alt1,20260910275
1269,1,set41,alt2,20260910275
1269,1,set42,alt2,20260910275
1269,1,set48,alt2,20260910275
1270,4,set14,alt1,20260910276
1270,4,set15,alt2,20260910276
1270,4,set16,alt2,20260910276
1270,4,set17,alt2,20260910276
1270,4,set20,alt1,20260910276
1270,4,set21,alt1,20260910276
1270,4,set23,alt1,20260910276
1270,4,set26,alt1,20260910276
1270,4,set27,alt1,20260910276
1270,4,set32,alt1,20260910276
1270,4,set34,alt2,20260910276
1270,4,set43,alt2,20260910276
1271,1,set5,alt2,20260910277
1271,1,set6,alt2,20260910277
1271,1,set9,alt2,20260910277
1271,1,set11,alt2,20260910277
1271,1,set18,alt2,20260910277
1271,1,set19,alt2,20260910277
1271,1,set33,alt1,20260910277
1271,1,set35,alt2,20260910277
1271,1,set37,alt1,20260910277
1271,1,set41,alt2,20260910277
1271,1,set42,alt2,20260910277
1271,1,set48,alt2,20260910277
1272,3,set3,alt1,20260910278
1272,3,set4,alt2,20260910278
1272,3,set12,alt1,20260910278
1272,3,set22,alt1,20260910278
1272,3,set24,alt1,20260910278
1272,3,set25,alt1,20260910278
1272,3,set28,alt1,20260910278
1272,3,set29,alt1,20260910278
1272,3,set30,alt2,20260910278
1272,3,set31,alt2,20260910278
1272,3,set39,alt2,20260910278
1272,3,set47,alt2,20260910278
1273,1,set5,alt2,20260910279
1273,1,set6,alt1,20260910279
1273,1,set9,alt2,20260910279
1273,1,set11,alt2,20260910279
1273,1,set18,alt2,20260910279
1273,1,set19,alt2,20260910279
1273,1,set33,alt1,20260910279
1273,1,set35,alt2,20260910279
1273,1,set37,alt1,20260910279
1273,1,set41,alt1,20260910279
1273,1,set42,alt2,20260910279
1273,1,set48,alt2,20260910279
1274,2,set1,alt2,20260910280
1274,2,set2,alt1,20260910280
1274,2,set7,alt1,20260910280
1274,2,set8,alt1,20260910280
1274,2,set10,alt2,20260910280
1274,2,set13,alt1,20260910280
1274,2,set36,alt2,20260910280
1274,2,set38,alt2,20260910280
1274,2,set40,alt2,20260910280
1274,2,set44,alt1,20260910280
1274,2,set45,alt2,20260910280
1274,2,set46,alt1,20260910280
1275,2,set1,alt2,20260910281
1275,2,set2,alt1,20260910281
1275,2,set7,alt1,20260910281
1275,2,set8,alt1,20260910281
1275,2,set10,alt2,20260910281
1275,2,set13,alt1,20260910281
1275,2,set36,alt2,20260910281
1275,2,set38,alt2,20260910281
1275,2,set40,alt2,20260910281
1275,2,set44,alt1,20260910281
1275,2,set45,alt2,20260910281
1275,2,set46,alt1,20260910281
1276,2,set1,alt2,20260910282
1276,2,set2,alt1,20260910282
1276,2,set7,alt1,20260910282
1276,2,set8,alt1,20260910282
1276,2,set10,alt1,20260910282
1276,2,set13,alt1,20260910282
1276,2,set36,alt2,20260910282
1276,2,set38,alt2,20260910282
1276,2,set40,alt2,20260910282
1276,2,set44,alt1,20260910282
1276,2,set45,alt2,20260910282
1276,2,set46,alt1,20260910282
1277,3,set3,alt1,20260910283
1277,3,set4,alt2,20260910283
1277,3,set12,alt1,20260910283
1277,3,set22,alt1,20260910283
1277,3,set24,alt1,20260910283
1277,3,set25,alt1,20260910283
1277,3,set28,alt1,20260910283
1277,3,set29,alt1,20260910283
1277,3,set30,alt2,20260910283
1277,3,set31,alt2,20260910283
1277,3,set39,alt2,20260910283
1277,3,set47,alt2,20260910283
1278,2,set1,alt2,20260910284
1278,2,set2,alt1,20260910284
1278,2,set7,alt1,20260910284
1278,2,set8,alt1,20260910284
1278,2,set10,alt1,20260910284
1278,2,set13,alt1,20260910284
1278,2,set36,alt2,20260910284
1278,2,set38,alt2,20260910284
1278,2,set40,alt2,20260910284
1278,2,set44,alt1,20260910284
1278,2,set45,alt2,20260910284
1278,2,set46,alt1,20260910284
1279,1,set5,alt2,20260910285
1279,1,set6,alt1,20260910285
1279,1,set9,alt2,20260910285
1279,1,set11,alt2,20260910285
1279,1,set18,alt2,20260910285
1279,1,set19,alt2,20260910285
1279,1,set33,alt1,20260910285
1279,1,set35,alt2,20260910285
1279,1,set37,alt1,20260910285
1279,1,set41,alt1,20260910285
1279,1,set42,alt2,20260910285
1279,1,set48,alt2,20260910285
1280,2,set1,alt2,20260910286
1280,2,set2,alt1,20260910286
1280,2,set7,alt1,20260910286
1280,2,set8,alt1,20260910286
1280,2,set10,alt2,20260910286
1280,2,set13,alt1,20260910286
1280,2,set36,alt2,20260910286
1280,2,set38,alt2,20260910286
1280,2,set40,alt2,20260910286
1280,2,set44,alt2,20260910286
1280,2,set45,alt2,20260910286
1280,2,set46,alt2,20260910286
1281,1,set5,alt2,20260910287
1281,1,set6,alt1,20260910287
1281,1,set9,alt2,20260910287
1281,1,set11,alt2,20260910287
1281,1,set18,alt2,20260910287
1281,1,set19,alt2,20260910287
1281,1,set33,alt1,20260910287
1281,1,set35,alt2,20260910287
1281,1,set37,alt1,20260910287
1281,1,set41,alt1,20260910287
1281,1,set42,alt2,20260910287
1281,1,set48,alt2,20260910287
1282,2,set1,alt2,20260910288
1282,2,set2,alt1,20260910288
1282,2,set7,alt1,20260910288
1282,2,set8,alt1,20260910288
1282,2,set10,alt2,20260910288
1282,2,set13,alt1,20260910288
1282,2,set36,alt2,20260910288
1282,2,set38,alt2,20260910288
1282,2,set40,alt2,20260910288
1282,2,set44,alt1,20260910288
1282,2,set45,alt2,20260910288
1282,2,set46,alt1,20260910288
1283,3,set3,alt1,20260910289
1283,3,set4,alt2,20260910289
1283,3,set12,alt1,20260910289
1283,3,set22,alt1,20260910289
1283,3,set24,alt1,20260910289
1283,3,set25,alt1,20260910289
1283,3,set28,alt1,20260910289
1283,3,set29,alt1,20260910289
1283,3,set30,alt2,20260910289
1283,3,set31,alt2,20260910289
1283,3,set39,alt2,20260910289
1283,3,set47,alt2,20260910289
1284,4,set14,alt1,20260910290
1284,4,set15,alt2,20260910290
1284,4,set16,alt2,20260910290
1284,4,set17,alt2,20260910290
1284,4,set20,alt1,20260910290
1284,4,set21,alt1,20260910290
1284,4,set23,alt1,20260910290
1284,4,set26,alt1,20260910290
1284,4,set27,alt1,20260910290
1284,4,set32,alt1,20260910290
1284,4,set34,alt2,20260910290
1284,4,set43,alt2,20260910290
1285,2,set1,alt2,20260910291
1285,2,set2,alt1,20260910291
1285,2,set7,alt1,20260910291
1285,2,set8,alt1,20260910291
1285,2,set10,alt1,20260910291
1285,2,set13,alt1,20260910291
1285,2,set36,alt2,20260910291
1285,2,set38,alt2,20260910291
1285,2,set40,alt2,20260910291
1285,2,set44,alt1,20260910291
1285,2,set45,alt2,20260910291
1285,2,set46,alt1,20260910291
1286,2,set1,alt2,20260910292
1286,2,set2,alt1,20260910292
1286,2,set7,alt1,20260910292
1286,2,set8,alt1,20260910292
1286,2,set10,alt1,20260910292
1286,2,set13,alt1,20260910292
1286,2,set36,alt2,20260910292
1286,2,set38,alt2,20260910292
1286,2,set40,alt2,20260910292
1286,2,set44,alt1,20260910292
1286,2,set45,alt2,20260910292
1286,2,set46,alt1,20260910292
1287,3,set3,alt1,20260910293
1287,3,set4,alt2,20260910293
1287,3,set12,alt1,20260910293
1287,3,set22,alt1,20260910293
1287,3,set24,alt1,20260910293
1287,3,set25,alt1,20260910293
1287,3,set28,alt1,20260910293
1287,3,set29,alt1,20260910293
1287,3,set30,alt2,20260910293
1287,3,set31,alt2,20260910293
1287,3,set39,alt2,20260910293
1287,3,set47,alt2,20260910293
1288,4,set14,alt1,20260910294
1288,4,set15,alt2,20260910294
1288,4,set16,alt2,20260910294
1288,4,set17,alt2,20260910294
1288,4,set20,alt1,20260910294
1288,4,set21,alt1,20260910294
1288,4,set23,alt1,20260910294
1288,4,set26,alt1,20260910294
1288,4,set27,alt1,20260910294
1288,4,set32,alt1,20260910294
1288,4,set34,alt2,20260910294
1288,4,set43,alt2,20260910294
1289,2,set1,alt2,20260910295
1289,2,set2,alt1,20260910295
1289,2,set7,alt1,20260910295
1289,2,set8,alt1,20260910295
1289,2,set10,alt1,20260910295
1289,2,set13,alt1,20260910295
1289,2,set36,alt2,20260910295
1289,2,set38,alt2,20260910295
1289,2,set40,alt2,20260910295
1289,2,set44,alt1,20260910295
1289,2,set45,alt2,20260910295
1289,2,set46,alt1,20260910295
1290,4,set14,alt2,20260910296
1290,4,set15,alt2,20260910296
1290,4,set16,alt1,20260910296
1290,4,set17,alt1,20260910296
1290,4,set20,alt1,20260910296
1290,4,set21,alt1,20260910296
1290,4,set23,alt1,20260910296
1290,4,set26,alt1,20260910296
1290,4,set27,alt2,20260910296
1290,4,set32,alt1,20260910296
1290,4,set34,alt2,20260910296
1290,4,set43,alt1,20260910296
1291,3,set3,alt1,20260910297
1291,3,set4,alt2,20260910297
1291,3,set12,alt1,20260910297
1291,3,set22,alt1,20260910297
1291,3,set24,alt1,20260910297
1291,3,set25,alt1,20260910297
1291,3,set28,alt1,20260910297
1291,3,set29,alt1,20260910297
1291,3,set30,alt2,20260910297
1291,3,set31,alt2,20260910297
1291,3,set39,alt2,20260910297
1291,3,set47,alt2,20260910297
1292,3,set3,alt1,20260910298
1292,3,set4,alt2,20260910298
1292,3,set12,alt1,20260910298
1292,3,set22,alt1,20260910298
1292,3,set24,alt1,20260910298
1292,3,set25,alt1,20260910298
1292,3,set28,alt1,20260910298
1292,3,set29,alt1,20260910298
1292,3,set30,alt2,20260910298
1292,3,set31,alt2,20260910298
1292,3,set39,alt2,20260910298
1292,3,set47,alt2,20260910298
1293,1,set5,alt2,20260910299
1293,1,set6,alt1,20260910299
1293,1,set9,alt2,20260910299
1293,1,set11,alt2,20260910299
1293,1,set18,alt2,20260910299
1293,1,set19,alt2,20260910299
1293,1,set33,alt1,20260910299
1293,1,set35,alt2,20260910299
1293,1,set37,alt1,20260910299
1293,1,set41,alt1,20260910299
1293,1,set42,alt2,20260910299
1293,1,set48,alt2,20260910299
1294,1,set5,alt2,20260910300
1294,1,set6,alt1,20260910300
1294,1,set9,alt2,20260910300
1294,1,set11,alt2,20260910300
1294,1,set18,alt2,20260910300
1294,1,set19,alt2,20260910300
1294,1,set33,alt1,20260910300
1294,1,set35,alt2,20260910300
1294,1,set37,alt1,20260910300
1294,1,set41,alt1,20260910300
1294,1,set42,alt2,20260910300
1294,1,set48,alt2,20260910300
1295,1,set5,alt2,20260910301
1295,1,set6,alt2,20260910301
1295,1,set9,alt2,20260910301
1295,1,set11,alt2,20260910301
1295,1,set18,alt2,20260910301
1295,1,set19,alt2,20260910301
1295,1,set33,alt1,20260910301
1295,1,set35,alt2,20260910301
1295,1,set37,alt1,20260910301
1295,1,set41,alt2,20260910301
1295,1,set42,alt2,20260910301
1295,1,set48,alt2,20260910301
1296,3,set3,alt2,20260910302
1296,3,set4,alt1,20260910302
1296,3,set12,alt1,20260910302
1296,3,set22,alt2,20260910302
1296,3,set24,alt1,20260910302
1296,3,set25,alt2,20260910302
1296,3,set28,alt2,20260910302
1296,3,set29,alt1,20260910302
1296,3,set30,alt2,20260910302
1296,3,set31,alt1,20260910302
1296,3,set39,alt1,20260910302
1296,3,set47,alt2,20260910302
1297,1,set5,alt2,20260910303
1297,1,set6,alt2,20260910303
1297,1,set9,alt2,20260910303
1297,1,set11,alt2,20260910303
1297,1,set18,alt1,20260910303
1297,1,set19,alt2,20260910303
1297,1,set33,alt1,20260910303
1297,1,set35,alt2,20260910303
1297,1,set37,alt1,20260910303
1297,1,set41,alt1,20260910303
1297,1,set42,alt2,20260910303
1297,1,set48,alt2,20260910303
1298,1,set5,alt2,20260910304
1298,1,set6,alt2,20260910304
1298,1,set9,alt2,20260910304
1298,1,set11,alt2,20260910304
1298,1,set18,alt2,20260910304
1298,1,set19,alt2,20260910304
1298,1,set33,alt1,20260910304
1298,1,set35,alt2,20260910304
1298,1,set37,alt1,20260910304
1298,1,set41,alt2,20260910304
1298,1,set42,alt2,20260910304
1298,1,set48,alt2,20260910304
1299,4,set14,alt2,20260910305
1299,4,set15,alt2,20260910305
1299,4,set16,alt1,20260910305
1299,4,set17,alt1,20260910305
1299,4,set20,alt1,20260910305
1299,4,set21,alt1,20260910305
1299,4,set23,alt1,20260910305
1299,4,set26,alt1,20260910305
1299,4,set27,alt2,20260910305
1299,4,set32,alt1,20260910305
1299,4,set34,alt2,20260910305
1299,4,set43,alt1,20260910305
1300,1,set5,alt1,20260910306
1300,1,set6,alt1,20260910306
1300,1,set9,alt1,20260910306
1300,1,set11,alt2,20260910306
1300,1,set18,alt1,20260910306
1300,1,set19,alt1,20260910306
1300,1,set33,alt2,20260910306
1300,1,set35,alt2,20260910306
1300,1,set37,alt1,20260910306
1300,1,set41,alt1,20260910306
1300,1,set42,alt2,20260910306
1300,1,set48,alt2,20260910306
1301,1,set5,alt2,20260910307
1301,1,set6,alt1,20260910307
1301,1,set9,alt2,20260910307
1301,1,set11,alt2,20260910307
1301,1,set18,alt2,20260910307
1301,1,set19,alt2,20260910307
1301,1,set33,alt1,20260910307
1301,1,set35,alt2,20260910307
1301,1,set37,alt1,20260910307
1301,1,set41,alt1,20260910307
1301,1,set42,alt2,20260910307
1301,1,set48,alt2,20260910307
1302,4,set14,alt1,20260910308
1302,4,set15,alt2,20260910308
1302,4,set16,alt2,20260910308
1302,4,set17,alt2,20260910308
1302,4,set20,alt1,20260910308
1302,4,set21,alt1,20260910308
1302,4,set23,alt1,20260910308
1302,4,set26,alt1,20260910308
1302,4,set27,alt1,20260910308
1302,4,set32,alt1,20260910308
1302,4,set34,alt2,20260910308
1302,4,set43,alt2,20260910308
1303,4,set14,alt2,20260910309
1303,4,set15,alt2,20260910309
1303,4,set16,alt1,20260910309
1303,4,set17,alt1,20260910309
1303,4,set20,alt1,20260910309
1303,4,set21,alt1,20260910309
1303,4,set23,alt1,20260910309
1303,4,set26,alt1,20260910309
1303,4,set27,alt2,20260910309
1303,4,set32,alt1,20260910309
1303,4,set34,alt2,20260910309
1303,4,set43,alt1,20260910309
1304,1,set5,alt1,20260910310
1304,1,set6,alt1,20260910310
1304,1,set9,alt1,20260910310
1304,1,set11,alt2,20260910310
1304,1,set18,alt1,20260910310
1304,1,set19,alt1,20260910310
1304,1,set33,alt2,20260910310
1304,1,set35,alt2,20260910310
1304,1,set37,alt1,20260910310
1304,1,set41,alt1,20260910310
1304,1,set42,alt2,20260910310
1304,1,set48,alt2,20260910310
1305,2,set1,alt2,20260910311
1305,2,set2,alt1,20260910311
1305,2,set7,alt2,20260910311
1305,2,set8,alt1,20260910311
1305,2,set10,alt2,20260910311
1305,2,set13,alt1,20260910311
1305,2,set36,alt2,20260910311
1305,2,set38,alt1,20260910311
1305,2,set40,alt2,20260910311
1305,2,set44,alt2,20260910311
1305,2,set45,alt2,20260910311
1305,2,set46,alt2,20260910311
1306,4,set14,alt1,20260910312
1306,4,set15,alt2,20260910312
1306,4,set16,alt2,20260910312
1306,4,set17,alt2,20260910312
1306,4,set20,alt1,20260910312
1306,4,set21,alt1,20260910312
1306,4,set23,alt1,20260910312
1306,4,set26,alt1,20260910312
1306,4,set27,alt1,20260910312
1306,4,set32,alt1,20260910312
1306,4,set34,alt2,20260910312
1306,4,set43,alt2,20260910312
1307,1,set5,alt2,20260910313
1307,1,set6,alt2,20260910313
1307,1,set9,alt2,20260910313
1307,1,set11,alt2,20260910313
1307,1,set18,alt2,20260910313
1307,1,set19,alt2,20260910313
1307,1,set33,alt1,20260910313
1307,1,set35,alt2,20260910313
1307,1,set37,alt1,20260910313
1307,1,set41,alt2,20260910313
1307,1,set42,alt2,20260910313
1307,1,set48,alt2,20260910313
1308,1,set5,alt2,20260910314
1308,1,set6,alt1,20260910314
1308,1,set9,alt2,20260910314
1308,1,set11,alt2,20260910314
1308,1,set18,alt2,20260910314
1308,1,set19,alt2,20260910314
1308,1,set33,alt1,20260910314
1308,1,set35,alt2,20260910314
1308,1,set37,alt1,20260910314
1308,1,set41,alt1,20260910314
1308,1,set42,alt2,20260910314
1308,1,set48,alt2,20260910314
1309,3,set3,alt1,20260910315
1309,3,set4,alt2,20260910315
1309,3,set12,alt1,20260910315
1309,3,set22,alt1,20260910315
1309,3,set24,alt1,20260910315
1309,3,set25,alt1,20260910315
1309,3,set28,alt1,20260910315
1309,3,set29,alt1,20260910315
1309,3,set30,alt2,20260910315
1309,3,set31,alt2,20260910315
1309,3,set39,alt2,20260910315
1309,3,set47,alt2,20260910315
1310,4,set14,alt1,20260910316
1310,4,set15,alt2,20260910316
1310,4,set16,alt1,20260910316
1310,4,set17,alt2,20260910316
1310,4,set20,alt1,20260910316
1310,4,set21,alt1,20260910316
1310,4,set23,alt1,20260910316
1310,4,set26,alt1,20260910316
1310,4,set27,alt1,20260910316
1310,4,set32,alt1,20260910316
1310,4,set34,alt1,20260910316
1310,4,set43,alt1,20260910316
1311,1,set5,alt1,20260910317
1311,1,set6,alt2,20260910317
1311,1,set9,alt1,20260910317
1311,1,set11,alt2,20260910317
1311,1,set18,alt2,20260910317
1311,1,set19,alt2,20260910317
1311,1,set33,alt1,20260910317
1311,1,set35,alt2,20260910317
1311,1,set37,alt1,20260910317
1311,1,set41,alt1,20260910317
1311,1,set42,alt1,20260910317
1311,1,set48,alt2,20260910317
1312,4,set14,alt1,20260910318
1312,4,set15,alt2,20260910318
1312,4,set16,alt2,20260910318
1312,4,set17,alt2,20260910318
1312,4,set20,alt1,20260910318
1312,4,set21,alt1,20260910318
1312,4,set23,alt1,20260910318
1312,4,set26,alt1,20260910318
1312,4,set27,alt1,20260910318
1312,4,set32,alt1,20260910318
1312,4,set34,alt2,20260910318
1312,4,set43,alt2,20260910318
1313,3,set3,alt1,20260910319
1313,3,set4,alt2,20260910319
1313,3,set12,alt1,20260910319
1313,3,set22,alt1,20260910319
1313,3,set24,alt1,20260910319
1313,3,set25,alt1,20260910319
1313,3,set28,alt1,20260910319
1313,3,set29,alt1,20260910319
1313,3,set30,alt2,20260910319
1313,3,set31,alt2,20260910319
1313,3,set39,alt2,20260910319
1313,3,set47,alt2,20260910319
1314,1,set5,alt2,20260910320
1314,1,set6,alt2,20260910320
1314,1,set9,alt2,20260910320
1314,1,set11,alt2,20260910320
1314,1,set18,alt2,20260910320
1314,1,set19,alt2,20260910320
1314,1,set33,alt1,20260910320
1314,1,set35,alt2,20260910320
1314,1,set37,alt1,20260910320
1314,1,set41,alt2,20260910320
1314,1,set42,alt2,20260910320
1314,1,set48,alt2,20260910320
1315,2,set1,alt2,20260910321
1315,2,set2,alt1,20260910321
1315,2,set7,alt2,20260910321
1315,2,set8,alt1,20260910321
1315,2,set10,alt2,20260910321
1315,2,set13,alt1,20260910321
1315,2,set36,alt2,20260910321
1315,2,set38,alt1,20260910321
1315,2,set40,alt2,20260910321
1315,2,set44,alt2,20260910321
1315,2,set45,alt2,20260910321
1315,2,set46,alt2,20260910321
1316,2,set1,alt2,20260910322
1316,2,set2,alt1,20260910322
1316,2,set7,alt1,20260910322
1316,2,set8,alt1,20260910322
1316,2,set10,alt1,20260910322
1316,2,set13,alt1,20260910322
1316,2,set36,alt2,20260910322
1316,2,set38,alt2,20260910322
1316,2,set40,alt2,20260910322
1316,2,set44,alt1,20260910322
1316,2,set45,alt2,20260910322
1316,2,set46,alt1,20260910322
1317,2,set1,alt2,20260910323
1317,2,set2,alt1,20260910323
1317,2,set7,alt1,20260910323
1317,2,set8,alt1,20260910323
1317,2,set10,alt1,20260910323
1317,2,set13,alt1,20260910323
1317,2,set36,alt2,20260910323
1317,2,set38,alt2,20260910323
1317,2,set40,alt2,20260910323
1317,2,set44,alt1,20260910323
1317,2,set45,alt2,20260910323
1317,2,set46,alt1,20260910323
1318,4,set14,alt2,20260910324
1318,4,set15,alt2,20260910324
1318,4,set16,alt1,20260910324
1318,4,set17,alt1,20260910324
1318,4,set20,alt1,20260910324
1318,4,set21,alt1,20260910324
1318,4,set23,alt1,20260910324
1318,4,set26,alt1,20260910324
1318,4,set27,alt2,20260910324
1318,4,set32,alt1,20260910324
1318,4,set34,alt2,20260910324
1318,4,set43,alt1,20260910324
1319,1,set5,alt2,20260910325
1319,1,set6,alt2,20260910325
1319,1,set9,alt2,20260910325
1319,1,set11,alt2,20260910325
1319,1,set18,alt1,20260910325
1319,1,set19,alt2,20260910325
1319,1,set33,alt1,20260910325
1319,1,set35,alt2,20260910325
1319,1,set37,alt1,20260910325
1319,1,set41,alt1,20260910325
1319,1,set42,alt2,20260910325
1319,1,set48,alt2,20260910325
1320,4,set14,alt1,20260910326
1320,4,set15,alt2,20260910326
1320,4,set16,alt2,20260910326
1320,4,set17,alt2,20260910326
1320,4,set20,alt1,20260910326
1320,4,set21,alt1,20260910326
1320,4,set23,alt1,20260910326
1320,4,set26,alt1,20260910326
1320,4,set27,alt1,20260910326
1320,4,set32,alt1,20260910326
1320,4,set34,alt2,20260910326
1320,4,set43,alt2,20260910326
1321,3,set3,alt2,20260910327
1321,3,set4,alt1,20260910327
1321,3,set12,alt1,20260910327
1321,3,set22,alt2,20260910327
1321,3,set24,alt1,20260910327
1321,3,set25,alt2,20260910327
1321,3,set28,alt2,20260910327
1321,3,set29,alt1,20260910327
1321,3,set30,alt2,20260910327
1321,3,set31,alt1,20260910327
1321,3,set39,alt1,20260910327
1321,3,set47,alt2,20260910327
1322,4,set14,alt2,20260910328
1322,4,set15,alt2,20260910328
1322,4,set16,alt1,20260910328
1322,4,set17,alt1,20260910328
1322,4,set20,alt1,20260910328
1322,4,set21,alt1,20260910328
1322,4,set23,alt1,20260910328
1322,4,set26,alt1,20260910328
1322,4,set27,alt2,20260910328
1322,4,set32,alt1,20260910328
1322,4,set34,alt2,20260910328
1322,4,set43,alt1,20260910328
1323,2,set1,alt2,20260910329
1323,2,set2,alt1,20260910329
1323,2,set7,alt1,20260910329
1323,2,set8,alt1,20260910329
1323,2,set10,alt1,20260910329
1323,2,set13,alt1,20260910329
1323,2,set36,alt2,20260910329
1323,2,set38,alt2,20260910329
1323,2,set40,alt2,20260910329
1323,2,set44,alt1,20260910329
1323,2,set45,alt2,20260910329
1323,2,set46,alt1,20260910329
1324,2,set1,alt2,20260910330
1324,2,set2,alt1,20260910330
1324,2,set7,alt1,20260910330
1324,2,set8,alt1,20260910330
1324,2,set10,alt1,20260910330
1324,2,set13,alt1,20260910330
1324,2,set36,alt2,20260910330
1324,2,set38,alt2,20260910330
1324,2,set40,alt2,20260910330
1324,2,set44,alt1,20260910330
1324,2,set45,alt2,20260910330
1324,2,set46,alt1,20260910330
1325,3,set3,alt1,20260910331
1325,3,set4,alt2,20260910331
1325,3,set12,alt1,20260910331
1325,3,set22,alt1,20260910331
1325,3,set24,alt1,20260910331
1325,3,set25,alt1,20260910331
1325,3,set28,alt1,20260910331
1325,3,set29,alt1,20260910331
1325,3,set30,alt2,20260910331
1325,3,set31,alt2,20260910331
1325,3,set39,alt2,20260910331
1325,3,set47,alt2,20260910331
1326,2,set1,alt2,20260910332
1326,2,set2,alt1,20260910332
1326,2,set7,alt1,20260910332
1326,2,set8,alt1,20260910332
1326,2,set10,alt1,20260910332
1326,2,set13,alt1,20260910332
1326,2,set36,alt2,20260910332
1326,2,set38,alt2,20260910332
1326,2,set40,alt2,20260910332
1326,2,set44,alt1,20260910332
1326,2,set45,alt2,20260910332
1326,2,set46,alt1,20260910332
1327,4,set14,alt1,20260910333
1327,4,set15,alt2,20260910333
1327,4,set16,alt2,20260910333
1327,4,set17,alt2,20260910333
1327,4,set20,alt1,20260910333
1327,4,set21,alt1,20260910333
1327,4,set23,alt1,20260910333
1327,4,set26,alt1,20260910333
1327,4,set27,alt1,20260910333
1327,4,set32,alt1,20260910333
1327,4,set34,alt2,20260910333
1327,4,set43,alt2,20260910333
1328,3,set3,alt1,20260910334
1328,3,set4,alt2,20260910334
1328,3,set12,alt1,20260910334
1328,3,set22,alt1,20260910334
1328,3,set24,alt1,20260910334
1328,3,set25,alt1,20260910334
1328,3,set28,alt1,20260910334
1328,3,set29,alt1,20260910334
1328,3,set30,alt2,20260910334
1328,3,set31,alt2,20260910334
1328,3,set39,alt2,20260910334
1328,3,set47,alt2,20260910334
1329,2,set1,alt2,20260910335
1329,2,set2,alt1,20260910335
1329,2,set7,alt1,20260910335
1329,2,set8,alt1,20260910335
1329,2,set10,alt1,20260910335
1329,2,set13,alt1,20260910335
1329,2,set36,alt2,20260910335
1329,2,set38,alt2,20260910335
1329,2,set40,alt2,20260910335
1329,2,set44,alt1,20260910335
1329,2,set45,alt2,20260910335
1329,2,set46,alt1,20260910335
1330,2,set1,alt2,20260910336
1330,2,set2,alt1,20260910336
1330,2,set7,alt1,20260910336
1330,2,set8,alt1,20260910336
1330,2,set10,alt1,20260910336
1330,2,set13,alt1,20260910336
1330,2,set36,alt2,20260910336
1330,2,set38,alt2,20260910336
1330,2,set40,alt2,20260910336
1330,2,set44,alt1,20260910336
1330,2,set45,alt2,20260910336
1330,2,set46,alt1,20260910336
1331,1,set5,alt2,20260910337
1331,1,set6,alt1,20260910337
1331,1,set9,alt2,20260910337
1331,1,set11,alt2,20260910337
1331,1,set18,alt2,20260910337
1331,1,set19,alt2,20260910337
1331,1,set33,alt1,20260910337
1331,1,set35,alt2,20260910337
1331,1,set37,alt1,20260910337
1331,1,set41,alt1,20260910337
1331,1,set42,alt2,20260910337
1331,1,set48,alt2,20260910337
1332,2,set1,alt2,20260910338
1332,2,set2,alt1,20260910338
1332,2,set7,alt1,20260910338
1332,2,set8,alt1,20260910338
1332,2,set10,alt1,20260910338
1332,2,set13,alt1,20260910338
1332,2,set36,alt2,20260910338
1332,2,set38,alt2,20260910338
1332,2,set40,alt2,20260910338
1332,2,set44,alt1,20260910338
1332,2,set45,alt2,20260910338
1332,2,set46,alt1,20260910338
1333,2,set1,alt2,20260910339
1333,2,set2,alt1,20260910339
1333,2,set7,alt1,20260910339
1333,2,set8,alt1,20260910339
1333,2,set10,alt1,20260910339
1333,2,set13,alt1,20260910339
1333,2,set36,alt1,20260910339
1333,2,set38,alt2,20260910339
1333,2,set40,alt1,20260910339
1333,2,set44,alt2,20260910339
1333,2,set45,alt2,20260910339
1333,2,set46,alt2,20260910339
1334,3,set3,alt1,20260910340
1334,3,set4,alt2,20260910340
1334,3,set12,alt1,20260910340
1334,3,set22,alt1,20260910340
1334,3,set24,alt1,20260910340
1334,3,set25,alt1,20260910340
1334,3,set28,alt1,20260910340
1334,3,set29,alt1,20260910340
1334,3,set30,alt2,20260910340
1334,3,set31,alt2,20260910340
1334,3,set39,alt2,20260910340
1334,3,set47,alt2,20260910340
1335,3,set3,alt1,20260910341
1335,3,set4,alt2,20260910341
1335,3,set12,alt1,20260910341
1335,3,set22,alt1,20260910341
1335,3,set24,alt1,20260910341
1335,3,set25,alt1,20260910341
1335,3,set28,alt1,20260910341
1335,3,set29,alt1,20260910341
1335,3,set30,alt2,20260910341
1335,3,set31,alt2,20260910341
1335,3,set39,alt2,20260910341
1335,3,set47,alt2,20260910341
1336,3,set3,alt2,20260910342
1336,3,set4,alt1,20260910342
1336,3,set12,alt1,20260910342
1336,3,set22,alt2,20260910342
1336,3,set24,alt1,20260910342
1336,3,set25,alt2,20260910342
1336,3,set28,alt2,20260910342
1336,3,set29,alt1,20260910342
1336,3,set30,alt2,20260910342
1336,3,set31,alt1,20260910342
1336,3,set39,alt1,20260910342
1336,3,set47,alt2,20260910342
1337,1,set5,alt2,20260910343
1337,1,set6,alt1,20260910343
1337,1,set9,alt2,20260910343
1337,1,set11,alt2,20260910343
1337,1,set18,alt2,20260910343
1337,1,set19,alt2,20260910343
1337,1,set33,alt1,20260910343
1337,1,set35,alt2,20260910343
1337,1,set37,alt1,20260910343
1337,1,set41,alt1,20260910343
1337,1,set42,alt2,20260910343
1337,1,set48,alt2,20260910343
1338,3,set3,alt1,20260910344
1338,3,set4,alt2,20260910344
1338,3,set12,alt1,20260910344
1338,3,set22,alt1,20260910344
1338,3,set24,alt1,20260910344
1338,3,set25,alt1,20260910344
1338,3,set28,alt1,20260910344
1338,3,set29,alt1,20260910344
1338,3,set30,alt2,20260910344
1338,3,set31,alt2,20260910344
1338,3,set39,alt2,20260910344
1338,3,set47,alt2,20260910344
1339,1,set5,alt2,20260910345
1339,1,set6,alt2,20260910345
1339,1,set9,alt2,20260910345
1339,1,set11,alt2,20260910345
1339,1,set18,alt1,20260910345
1339,1,set19,alt2,20260910345
1339,1,set33,alt1,20260910345
1339,1,set35,alt2,20260910345
1339,1,set37,alt1,20260910345
1339,1,set41,alt1,20260910345
1339,1,set42,alt2,20260910345
1339,1,set48,alt2,20260910345
1340,4,set14,alt1,20260910346
1340,4,set15,alt2,20260910346
1340,4,set16,alt2,20260910346
1340,4,set17,alt2,20260910346
1340,4,set20,alt1,20260910346
1340,4,set21,alt1,20260910346
1340,4,set23,alt1,20260910346
1340,4,set26,alt1,20260910346
1340,4,set27,alt1,20260910346
1340,4,set32,alt1,20260910346
1340,4,set34,alt2,20260910346
1340,4,set43,alt2,20260910346
1341,2,set1,alt2,20260910347
1341,2,set2,alt1,20260910347
1341,2,set7,alt1,20260910347
1341,2,set8,alt1,20260910347
1341,2,set10,alt1,20260910347
1341,2,set13,alt1,20260910347
1341,2,set36,alt2,20260910347
1341,2,set38,alt2,20260910347
1341,2,set40,alt2,20260910347
1341,2,set44,alt1,20260910347
1341,2,set45,alt2,20260910347
1341,2,set46,alt1,20260910347
1342,2,set1,alt2,20260910348
1342,2,set2,alt1,20260910348
1342,2,set7,alt1,20260910348
1342,2,set8,alt1,20260910348
1342,2,set10,alt1,20260910348
1342,2,set13,alt1,20260910348
1342,2,set36,alt2,20260910348
1342,2,set38,alt2,20260910348
1342,2,set40,alt2,20260910348
1342,2,set44,alt1,20260910348
1342,2,set45,alt2,20260910348
1342,2,set46,alt1,20260910348
1343,4,set14,alt1,20260910349
1343,4,set15,alt1,20260910349
1343,4,set16,alt1,20260910349
1343,4,set17,alt1,20260910349
1343,4,set20,alt1,20260910349
1343,4,set21,alt1,20260910349
1343,4,set23,alt1,20260910349
1343,4,set26,alt1,20260910349
1343,4,set27,alt1,20260910349
1343,4,set32,alt1,20260910349
1343,4,set34,alt2,20260910349
1343,4,set43,alt1,20260910349
1344,3,set3,alt1,20260910350
1344,3,set4,alt2,20260910350
1344,3,set12,alt1,20260910350
1344,3,set22,alt1,20260910350
1344,3,set24,alt1,20260910350
1344,3,set25,alt1,20260910350
1344,3,set28,alt1,20260910350
1344,3,set29,alt1,20260910350
1344,3,set30,alt2,20260910350
1344,3,set31,alt2,20260910350
1344,3,set39,alt2,20260910350
1344,3,set47,alt2,20260910350
1345,2,set1,alt2,20260910351
1345,2,set2,alt1,20260910351
1345,2,set7,alt1,20260910351
1345,2,set8,alt1,20260910351
1345,2,set10,alt2,20260910351
1345,2,set13,alt1,20260910351
1345,2,set36,alt2,20260910351
1345,2,set38,alt2,20260910351
1345,2,set40,alt2,20260910351
1345,2,set44,alt1,20260910351
1345,2,set45,alt2,20260910351
1345,2,set46,alt1,20260910351
1346,1,set5,alt2,20260910352
1346,1,set6,alt2,20260910352
1346,1,set9,alt2,20260910352
1346,1,set11,alt2,20260910352
1346,1,set18,alt1,20260910352
1346,1,set19,alt2,20260910352
1346,1,set33,alt1,20260910352
1346,1,set35,alt2,20260910352
1346,1,set37,alt1,20260910352
1346,1,set41,alt1,20260910352
1346,1,set42,alt2,20260910352
1346,1,set48,alt2,20260910352
1347,1,set5,alt2,20260910353
1347,1,set6,alt1,20260910353
1347,1,set9,alt2,20260910353
1347,1,set11,alt2,20260910353
1347,1,set18,alt2,20260910353
1347,1,set19,alt2,20260910353
1347,1,set33,alt1,20260910353
1347,1,set35,alt2,20260910353
1347,1,set37,alt1,20260910353
1347,1,set41,alt1,20260910353
1347,1,set42,alt2,20260910353
1347,1,set48,alt2,20260910353
1348,4,set14,alt2,20260910354
1348,4,set15,alt2,20260910354
1348,4,set16,alt1,20260910354
1348,4,set17,alt1,20260910354
1348,4,set20,alt1,20260910354
1348,4,set21,alt1,20260910354
1348,4,set23,alt1,20260910354
1348,4,set26,alt1,20260910354
1348,4,set27,alt2,20260910354
1348,4,set32,alt1,20260910354
1348,4,set34,alt2,20260910354
1348,4,set43,alt1,20260910354
1349,1,set5,alt2,20260910355
1349,1,set6,alt1,20260910355
1349,1,set9,alt2,20260910355
1349,1,set11,alt2,20260910355
1349,1,set18,alt2,20260910355
1349,1,set19,alt2,20260910355
1349,1,set33,alt1,20260910355
1349,1,set35,alt2,20260910355
1349,1,set37,alt1,20260910355
1349,1,set41,alt1,20260910355
1349,1,set42,alt2,20260910355
1349,1,set48,alt2,20260910355
1350,2,set1,alt2,20260910356
1350,2,set2,alt1,20260910356
1350,2,set7,alt2,20260910356
1350,2,set8,alt1,20260910356
1350,2,set10,alt2,20260910356
1350,2,set13,alt1,20260910356
1350,2,set36,alt2,20260910356
1350,2,set38,alt1,20260910356
1350,2,set40,alt2,20260910356
1350,2,set44,alt2,20260910356
1350,2,set45,alt2,20260910356
1350,2,set46,alt2,20260910356
1351,4,set14,alt1,20260910357
1351,4,set15,alt2,20260910357
1351,4,set16,alt2,20260910357
1351,4,set17,alt2,20260910357
1351,4,set20,alt1,20260910357
1351,4,set21,alt1,20260910357
1351,4,set23,alt1,20260910357
1351,4,set26,alt1,20260910357
1351,4,set27,alt1,20260910357
1351,4,set32,alt1,20260910357
1351,4,set34,alt2,20260910357
1351,4,set43,alt2,20260910357
1352,4,set14,alt1,20260910358
1352,4,set15,alt2,20260910358
1352,4,set16,alt2,20260910358
1352,4,set17,alt2,20260910358
1352,4,set20,alt1,20260910358
1352,4,set21,alt1,20260910358
1352,4,set23,alt1,20260910358
1352,4,set26,alt1,20260910358
1352,4,set27,alt1,20260910358
1352,4,set32,alt1,20260910358
1352,4,set34,alt2,20260910358
1352,4,set43,alt2,20260910358
1353,1,set5,alt1,20260910359
1353,1,set6,alt1,20260910359
1353,1,set9,alt1,20260910359
1353,1,set11,alt2,20260910359
1353,1,set18,alt1,20260910359
1353,1,set19,alt1,20260910359
1353,1,set33,alt2,20260910359
1353,1,set35,alt2,20260910359
1353,1,set37,alt1,20260910359
1353,1,set41,alt1,20260910359
1353,1,set42,alt2,20260910359
1353,1,set48,alt2,20260910359
1354,2,set1,alt2,20260910360
1354,2,set2,alt1,20260910360
1354,2,set7,alt2,20260910360
1354,2,set8,alt1,20260910360
1354,2,set10,alt2,20260910360
1354,2,set13,alt1,20260910360
1354,2,set36,alt2,20260910360
1354,2,set38,alt1,20260910360
1354,2,set40,alt2,20260910360
1354,2,set44,alt2,20260910360
1354,2,set45,alt2,20260910360
1354,2,set46,alt2,20260910360
1355,1,set5,alt1,20260910361
1355,1,set6,alt1,20260910361
1355,1,set9,alt1,20260910361
1355,1,set11,alt2,20260910361
1355,1,set18,alt1,20260910361
1355,1,set19,alt1,20260910361
1355,1,set33,alt2,20260910361
1355,1,set35,alt2,20260910361
1355,1,set37,alt1,20260910361
1355,1,set41,alt1,20260910361
1355,1,set42,alt2,20260910361
1355,1,set48,alt2,20260910361
1356,3,set3,alt2,20260910362
1356,3,set4,alt2,20260910362
1356,3,set12,alt1,20260910362
1356,3,set22,alt2,20260910362
1356,3,set24,alt1,20260910362
1356,3,set25,alt1,20260910362
1356,3,set28,alt1,20260910362
1356,3,set29,alt1,20260910362
1356,3,set30,alt2,20260910362
1356,3,set31,alt2,20260910362
1356,3,set39,alt2,20260910362
1356,3,set47,alt2,20260910362
1357,2,set1,alt2,20260910363
1357,2,set2,alt1,20260910363
1357,2,set7,alt1,20260910363
1357,2,set8,alt1,20260910363
1357,2,set10,alt1,20260910363
1357,2,set13,alt1,20260910363
1357,2,set36,alt2,20260910363
1357,2,set38,alt2,20260910363
1357,2,set40,alt2,20260910363
1357,2,set44,alt1,20260910363
1357,2,set45,alt2,20260910363
1357,2,set46,alt1,20260910363
1358,4,set14,alt2,20260910364
1358,4,set15,alt2,20260910364
1358,4,set16,alt1,20260910364
1358,4,set17,alt1,20260910364
1358,4,set20,alt1,20260910364
1358,4,set21,alt1,20260910364
1358,4,set23,alt1,20260910364
1358,4,set26,alt1,20260910364
1358,4,set27,alt2,20260910364
1358,4,set32,alt1,20260910364
1358,4,set34,alt2,20260910364
1358,4,set43,alt1,20260910364
1359,2,set1,alt2,20260910365
1359,2,set2,alt1,20260910365
1359,2,set7,alt1,20260910365
1359,2,set8,alt1,20260910365
1359,2,set10,alt1,20260910365
1359,2,set13,alt1,20260910365
1359,2,set36,alt2,20260910365
1359,2,set38,alt2,20260910365
1359,2,set40,alt2,20260910365
1359,2,set44,alt1,20260910365
1359,2,set45,alt2,20260910365
1359,2,set46,alt1,20260910365
1360,4,set14,alt1,20260910366
1360,4,set15,alt1,20260910366
1360,4,set16,alt1,20260910366
1360,4,set17,alt1,20260910366
1360,4,set20,alt1,20260910366
1360,4,set21,alt1,20260910366
1360,4,set23,alt1,20260910366
1360,4,set26,alt1,20260910366
1360,4,set27,alt1,20260910366
1360,4,set32,alt1,20260910366
1360,4,set34,alt2,20260910366
1360,4,set43,alt1,20260910366
1361,4,set14,alt1,20260910367
1361,4,set15,alt2,20260910367
1361,4,set16,alt2,20260910367
1361,4,set17,alt2,20260910367
1361,4,set20,alt1,20260910367
1361,4,set21,alt1,20260910367
1361,4,set23,alt1,20260910367
1361,4,set26,alt1,20260910367
1361,4,set27,alt1,20260910367
1361,4,set32,alt1,20260910367
1361,4,set34,alt2,20260910367
1361,4,set43,alt2,20260910367
1362,3,set3,alt1,20260910368
1362,3,set4,alt2,20260910368
1362,3,set12,alt1,20260910368
1362,3,set22,alt1,20260910368
1362,3,set24,alt1,20260910368
1362,3,set25,alt1,20260910368
1362,3,set28,alt1,20260910368
1362,3,set29,alt1,20260910368
1362,3,set30,alt2,20260910368
1362,3,set31,alt2,20260910368
1362,3,set39,alt2,20260910368
1362,3,set47,alt2,20260910368
1363,3,set3,alt1,20260910369
1363,3,set4,alt2,20260910369
1363,3,set12,alt1,20260910369
1363,3,set22,alt1,20260910369
1363,3,set24,alt1,20260910369
1363,3,set25,alt1,20260910369
1363,3,set28,alt1,20260910369
1363,3,set29,alt1,20260910369
1363,3,set30,alt2,20260910369
1363,3,set31,alt2,20260910369
1363,3,set39,alt2,20260910369
1363,3,set47,alt2,20260910369
1364,1,set5,alt2,20260910370
1364,1,set6,alt1,20260910370
1364,1,set9,alt2,20260910370
1364,1,set11,alt2,20260910370
1364,1,set18,alt2,20260910370
1364,1,set19,alt2,20260910370
1364,1,set33,alt1,20260910370
1364,1,set35,alt2,20260910370
1364,1,set37,alt1,20260910370
1364,1,set41,alt1,20260910370
1364,1,set42,alt2,20260910370
1364,1,set48,alt2,20260910370
1365,3,set3,alt1,20260910371
1365,3,set4,alt2,20260910371
1365,3,set12,alt1,20260910371
1365,3,set22,alt1,20260910371
1365,3,set24,alt1,20260910371
1365,3,set25,alt1,20260910371
1365,3,set28,alt1,20260910371
1365,3,set29,alt1,20260910371
1365,3,set30,alt2,20260910371
1365,3,set31,alt2,20260910371
1365,3,set39,alt2,20260910371
1365,3,set47,alt2,20260910371
1366,1,set5,alt2,20260910372
1366,1,set6,alt2,20260910372
1366,1,set9,alt2,20260910372
1366,1,set11,alt2,20260910372
1366,1,set18,alt2,20260910372
1366,1,set19,alt2,20260910372
1366,1,set33,alt1,20260910372
1366,1,set35,alt2,20260910372
1366,1,set37,alt1,20260910372
1366,1,set41,alt2,20260910372
1366,1,set42,alt2,20260910372
1366,1,set48,alt2,20260910372
1367,3,set3,alt2,20260910373
1367,3,set4,alt2,20260910373
1367,3,set12,alt1,20260910373
1367,3,set22,alt2,20260910373
1367,3,set24,alt1,20260910373
1367,3,set25,alt1,20260910373
1367,3,set28,alt1,20260910373
1367,3,set29,alt1,20260910373
1367,3,set30,alt2,20260910373
1367,3,set31,alt2,20260910373
1367,3,set39,alt2,20260910373
1367,3,set47,alt2,20260910373
1368,1,set5,alt2,20260910374
1368,1,set6,alt1,20260910374
1368,1,set9,alt2,20260910374
1368,1,set11,alt2,20260910374
1368,1,set18,alt2,20260910374
1368,1,set19,alt2,20260910374
1368,1,set33,alt1,20260910374
1368,1,set35,alt2,20260910374
1368,1,set37,alt1,20260910374
1368,1,set41,alt1,20260910374
1368,1,set42,alt2,20260910374
1368,1,set48,alt2,20260910374
1369,2,set1,alt2,20260910375
1369,2,set2,alt1,20260910375
1369,2,set7,alt1,20260910375
1369,2,set8,alt1,20260910375
1369,2,set10,alt1,20260910375
1369,2,set13,alt1,20260910375
1369,2,set36,alt2,20260910375
1369,2,set38,alt2,20260910375
1369,2,set40,alt2,20260910375
1369,2,set44,alt1,20260910375
1369,2,set45,alt2,20260910375
1369,2,set46,alt1,20260910375
1370,4,set14,alt1,20260910376
1370,4,set15,alt1,20260910376
1370,4,set16,alt1,20260910376
1370,4,set17,alt1,20260910376
1370,4,set20,alt1,20260910376
1370,4,set21,alt1,20260910376
1370,4,set23,alt1,20260910376
1370,4,set26,alt1,20260910376
1370,4,set27,alt1,20260910376
1370,4,set32,alt1,20260910376
1370,4,set34,alt2,20260910376
1370,4,set43,alt1,20260910376
1371,1,set5,alt2,20260910377
1371,1,set6,alt2,20260910377
1371,1,set9,alt2,20260910377
1371,1,set11,alt2,20260910377
1371,1,set18,alt1,20260910377
1371,1,set19,alt2,20260910377
1371,1,set33,alt1,20260910377
1371,1,set35,alt2,20260910377
1371,1,set37,alt1,20260910377
1371,1,set41,alt1,20260910377
1371,1,set42,alt2,20260910377
1371,1,set48,alt2,20260910377
1372,1,set5,alt2,20260910378
1372,1,set6,alt1,20260910378
1372,1,set9,alt2,20260910378
1372,1,set11,alt2,20260910378
1372,1,set18,alt2,20260910378
1372,1,set19,alt2,20260910378
1372,1,set33,alt1,20260910378
1372,1,set35,alt2,20260910378
1372,1,set37,alt1,20260910378
1372,1,set41,alt1,20260910378
1372,1,set42,alt2,20260910378
1372,1,set48,alt2,20260910378
1373,1,set5,alt2,20260910379
1373,1,set6,alt1,20260910379
1373,1,set9,alt2,20260910379
1373,1,set11,alt2,20260910379
1373,1,set18,alt2,20260910379
1373,1,set19,alt2,20260910379
1373,1,set33,alt1,20260910379
1373,1,set35,alt2,20260910379
1373,1,set37,alt1,20260910379
1373,1,set41,alt1,20260910379
1373,1,set42,alt2,20260910379
1373,1,set48,alt2,20260910379
1374,2,set1,alt2,20260910380
1374,2,set2,alt1,20260910380
1374,2,set7,alt1,20260910380
1374,2,set8,alt1,20260910380
1374,2,set10,alt1,20260910380
1374,2,set13,alt1,20260910380
1374,2,set36,alt2,20260910380
1374,2,set38,alt2,20260910380
1374,2,set40,alt2,20260910380
1374,2,set44,alt1,20260910380
1374,2,set45,alt2,20260910380
1374,2,set46,alt1,20260910380
1375,3,set3,alt1,20260910381
1375,3,set4,alt2,20260910381
1375,3,set12,alt1,20260910381
1375,3,set22,alt1,20260910381
1375,3,set24,alt1,20260910381
1375,3,set25,alt1,20260910381
1375,3,set28,alt1,20260910381
1375,3,set29,alt1,20260910381
1375,3,set30,alt2,20260910381
1375,3,set31,alt2,20260910381
1375,3,set39,alt2,20260910381
1375,3,set47,alt2,20260910381
1376,2,set1,alt2,20260910382
1376,2,set2,alt1,20260910382
1376,2,set7,alt1,20260910382
1376,2,set8,alt1,20260910382
1376,2,set10,alt1,20260910382
1376,2,set13,alt1,20260910382
1376,2,set36,alt2,20260910382
1376,2,set38,alt2,20260910382
1376,2,set40,alt2,20260910382
1376,2,set44,alt1,20260910382
1376,2,set45,alt2,20260910382
1376,2,set46,alt1,20260910382
1377,4,set14,alt1,20260910383
1377,4,set15,alt2,20260910383
1377,4,set16,alt2,20260910383
1377,4,set17,alt2,20260910383
1377,4,set20,alt1,20260910383
1377,4,set21,alt1,20260910383
1377,4,set23,alt1,20260910383
1377,4,set26,alt1,20260910383
1377,4,set27,alt1,20260910383
1377,4,set32,alt1,20260910383
1377,4,set34,alt2,20260910383
1377,4,set43,alt2,20260910383
1378,1,set5,alt2,20260910384
1378,1,set6,alt2,20260910384
1378,1,set9,alt2,20260910384
1378,1,set11,alt2,20260910384
1378,1,set18,alt2,20260910384
1378,1,set19,alt2,20260910384
1378,1,set33,alt1,20260910384
1378,1,set35,alt2,20260910384
1378,1,set37,alt1,20260910384
1378,1,set41,alt2,20260910384
1378,1,set42,alt2,20260910384
1378,1,set48,alt2,20260910384
1379,1,set5,alt2,20260910385
1379,1,set6,alt1,20260910385
1379,1,set9,alt2,20260910385
1379,1,set11,alt2,20260910385
1379,1,set18,alt2,20260910385
1379,1,set19,alt2,20260910385
1379,1,set33,alt1,20260910385
1379,1,set35,alt2,20260910385
1379,1,set37,alt1,20260910385
1379,1,set41,alt1,20260910385
1379,1,set42,alt2,20260910385
1379,1,set48,alt2,20260910385
1380,3,set3,alt2,20260910386
1380,3,set4,alt1,20260910386
1380,3,set12,alt1,20260910386
1380,3,set22,alt2,20260910386
1380,3,set24,alt1,20260910386
1380,3,set25,alt2,20260910386
1380,3,set28,alt2,20260910386
1380,3,set29,alt1,20260910386
1380,3,set30,alt2,20260910386
1380,3,set31,alt1,20260910386
1380,3,set39,alt1,20260910386
1380,3,set47,alt2,20260910386
1381,4,set14,alt1,20260910387
1381,4,set15,alt1,20260910387
1381,4,set16,alt1,20260910387
1381,4,set17,alt1,20260910387
1381,4,set20,alt1,20260910387
1381,4,set21,alt1,20260910387
1381,4,set23,alt1,20260910387
1381,4,set26,alt1,20260910387
1381,4,set27,alt1,20260910387
1381,4,set32,alt1,20260910387
1381,4,set34,alt2,20260910387
1381,4,set43,alt1,20260910387
1382,4,set14,alt1,20260910388
1382,4,set15,alt2,20260910388
1382,4,set16,alt2,20260910388
1382,4,set17,alt2,20260910388
1382,4,set20,alt1,20260910388
1382,4,set21,alt1,20260910388
1382,4,set23,alt1,20260910388
1382,4,set26,alt1,20260910388
1382,4,set27,alt1,20260910388
1382,4,set32,alt1,20260910388
1382,4,set34,alt2,20260910388
1382,4,set43,alt2,20260910388
1383,1,set5,alt2,20260910389
1383,1,set6,alt2,20260910389
1383,1,set9,alt2,20260910389
1383,1,set11,alt2,20260910389
1383,1,set18,alt2,20260910389
1383,1,set19,alt2,20260910389
1383,1,set33,alt1,20260910389
1383,1,set35,alt2,20260910389
1383,1,set37,alt1,20260910389
1383,1,set41,alt2,20260910389
1383,1,set42,alt2,20260910389
1383,1,set48,alt2,20260910389
1384,4,set14,alt1,20260910390
1384,4,set15,alt2,20260910390
1384,4,set16,alt2,20260910390
1384,4,set17,alt2,20260910390
1384,4,set20,alt1,20260910390
1384,4,set21,alt1,20260910390
1384,4,set23,alt1,20260910390
1384,4,set26,alt1,20260910390
1384,4,set27,alt1,20260910390
1384,4,set32,alt1,20260910390
1384,4,set34,alt2,20260910390
1384,4,set43,alt2,20260910390
1385,3,set3,alt1,20260910391
1385,3,set4,alt2,20260910391
1385,3,set12,alt1,20260910391
1385,3,set22,alt1,20260910391
1385,3,set24,alt1,20260910391
1385,3,set25,alt1,20260910391
1385,3,set28,alt1,20260910391
1385,3,set29,alt1,20260910391
1385,3,set30,alt2,20260910391
1385,3,set31,alt2,20260910391
1385,3,set39,alt2,20260910391
1385,3,set47,alt2,20260910391
1386,2,set1,alt2,20260910392
1386,2,set2,alt1,20260910392
1386,2,set7,alt1,20260910392
1386,2,set8,alt1,20260910392
1386,2,set10,alt1,20260910392
1386,2,set13,alt1,20260910392
1386,2,set36,alt2,20260910392
1386,2,set38,alt2,20260910392
1386,2,set40,alt2,20260910392
1386,2,set44,alt1,20260910392
1386,2,set45,alt2,20260910392
1386,2,set46,alt1,20260910392
1387,3,set3,alt2,20260910393
1387,3,set4,alt1,20260910393
1387,3,set12,alt1,20260910393
1387,3,set22,alt2,20260910393
1387,3,set24,alt1,20260910393
1387,3,set25,alt2,20260910393
1387,3,set28,alt2,20260910393
1387,3,set29,alt1,20260910393
1387,3,set30,alt2,20260910393
1387,3,set31,alt1,20260910393
1387,3,set39,alt1,20260910393
1387,3,set47,alt2,20260910393
1388,4,set14,alt1,20260910394
1388,4,set15,alt2,20260910394
1388,4,set16,alt1,20260910394
1388,4,set17,alt2,20260910394
1388,4,set20,alt1,20260910394
1388,4,set21,alt1,20260910394
1388,4,set23,alt1,20260910394
1388,4,set26,alt1,20260910394
1388,4,set27,alt1,20260910394
1388,4,set32,alt1,20260910394
1388,4,set34,alt1,20260910394
1388,4,set43,alt1,20260910394
1389,1,set5,alt1,20260910395
1389,1,set6,alt1,20260910395
1389,1,set9,alt1,20260910395
1389,1,set11,alt2,20260910395
1389,1,set18,alt1,20260910395
1389,1,set19,alt1,20260910395
1389,1,set33,alt2,20260910395
1389,1,set35,alt2,20260910395
1389,1,set37,alt1,20260910395
1389,1,set41,alt1,20260910395
1389,1,set42,alt2,20260910395
1389,1,set48,alt2,20260910395
1390,1,set5,alt1,20260910396
1390,1,set6,alt1,20260910396
1390,1,set9,alt1,20260910396
1390,1,set11,alt2,20260910396
1390,1,set18,alt1,20260910396
1390,1,set19,alt1,20260910396
1390,1,set33,alt2,20260910396
1390,1,set35,alt2,20260910396
1390,1,set37,alt1,20260910396
1390,1,set41,alt1,20260910396
1390,1,set42,alt2,20260910396
1390,1,set48,alt2,20260910396
1391,4,set14,alt1,20260910397
1391,4,set15,alt2,20260910397
1391,4,set16,alt2,20260910397
1391,4,set17,alt2,20260910397
1391,4,set20,alt1,20260910397
1391,4,set21,alt1,20260910397
1391,4,set23,alt1,20260910397
1391,4,set26,alt1,20260910397
1391,4,set27,alt1,20260910397
1391,4,set32,alt1,20260910397
1391,4,set34,alt2,20260910397
1391,4,set43,alt2,20260910397
1392,3,set3,alt1,20260910398
1392,3,set4,alt2,20260910398
1392,3,set12,alt1,20260910398
1392,3,set22,alt1,20260910398
1392,3,set24,alt1,20260910398
1392,3,set25,alt1,20260910398
1392,3,set28,alt1,20260910398
1392,3,set29,alt1,20260910398
1392,3,set30,alt2,20260910398
1392,3,set31,alt2,20260910398
1392,3,set39,alt2,20260910398
1392,3,set47,alt2,20260910398
1393,1,set5,alt2,20260910399
1393,1,set6,alt1,20260910399
1393,1,set9,alt2,20260910399
1393,1,set11,alt2,20260910399
1393,1,set18,alt2,20260910399
1393,1,set19,alt2,20260910399
1393,1,set33,alt1,20260910399
1393,1,set35,alt2,20260910399
1393,1,set37,alt1,20260910399
1393,1,set41,alt1,20260910399
1393,1,set42,alt2,20260910399
1393,1,set48,alt2,20260910399
1394,2,set1,alt2,20260910400
1394,2,set2,alt1,20260910400
1394,2,set7,alt1,20260910400
1394,2,set8,alt1,20260910400
1394,2,set10,alt1,20260910400
1394,2,set13,alt1,20260910400
1394,2,set36,alt2,20260910400
1394,2,set38,alt2,20260910400
1394,2,set40,alt2,20260910400
1394,2,set44,alt1,20260910400
1394,2,set45,alt2,20260910400
1394,2,set46,alt1,20260910400
1395,1,set5,alt2,20260910401
1395,1,set6,alt2,20260910401
1395,1,set9,alt2,20260910401
1395,1,set11,alt2,20260910401
1395,1,set18,alt2,20260910401
1395,1,set19,alt2,20260910401
1395,1,set33,alt1,20260910401
1395,1,set35,alt2,20260910401
1395,1,set37,alt1,20260910401
1395,1,set41,alt2,20260910401
1395,1,set42,alt2,20260910401
1395,1,set48,alt2,20260910401
1396,3,set3,alt2,20260910402
1396,3,set4,alt1,20260910402
1396,3,set12,alt1,20260910402
1396,3,set22,alt2,20260910402
1396,3,set24,alt1,20260910402
1396,3,set25,alt2,20260910402
1396,3,set28,alt2,20260910402
1396,3,set29,alt1,20260910402
1396,3,set30,alt2,20260910402
1396,3,set31,alt1,20260910402
1396,3,set39,alt1,20260910402
1396,3,set47,alt2,20260910402
1397,1,set5,alt2,20260910403
1397,1,set6,alt2,20260910403
1397,1,set9,alt2,20260910403
1397,1,set11,alt2,20260910403
1397,1,set18,alt2,20260910403
1397,1,set19,alt2,20260910403
1397,1,set33,alt1,20260910403
1397,1,set35,alt2,20260910403
1397,1,set37,alt1,20260910403
1397,1,set41,alt2,20260910403
1397,1,set42,alt2,20260910403
1397,1,set48,alt2,20260910403
1398,4,set14,alt1,20260910404
1398,4,set15,alt2,20260910404
1398,4,set16,alt2,20260910404
1398,4,set17,alt2,20260910404
1398,4,set20,alt1,20260910404
1398,4,set21,alt1,20260910404
1398,4,set23,alt1,20260910404
1398,4,set26,alt1,20260910404
1398,4,set27,alt1,20260910404
1398,4,set32,alt1,20260910404
1398,4,set34,alt2,20260910404
1398,4,set43,alt2,20260910404
1399,4,set14,alt1,20260910405
1399,4,set15,alt2,20260910405
1399,4,set16,alt2,20260910405
1399,4,set17,alt2,20260910405
1399,4,set20,alt1,20260910405
1399,4,set21,alt1,20260910405
1399,4,set23,alt1,20260910405
1399,4,set26,alt1,20260910405
1399,4,set27,alt1,20260910405
1399,4,set32,alt1,20260910405
1399,4,set34,alt2,20260910405
1399,4,set43,alt2,20260910405
1400,2,set1,alt2,20260910406
1400,2,set2,alt1,20260910406
1400,2,set7,alt1,20260910406
1400,2,set8,alt1,20260910406
1400,2,set10,alt1,20260910406
1400,2,set13,alt1,20260910406
1400,2,set36,alt2,20260910406
1400,2,set38,alt2,20260910406
1400,2,set40,alt2,20260910406
1400,2,set44,alt1,20260910406
1400,2,set45,alt2,20260910406
1400,2,set46,alt1,20260910406
1401,3,set3,alt1,20260910407
1401,3,set4,alt2,20260910407
1401,3,set12,alt1,20260910407
1401,3,set22,alt1,20260910407
1401,3,set24,alt1,20260910407
1401,3,set25,alt1,20260910407
1401,3,set28,alt1,20260910407
1401,3,set29,alt1,20260910407
1401,3,set30,alt2,20260910407
1401,3,set31,alt2,20260910407
1401,3,set39,alt2,20260910407
1401,3,set47,alt2,20260910407
1402,1,set5,alt2,20260910408
1402,1,set6,alt1,20260910408
1402,1,set9,alt2,20260910408
1402,1,set11,alt2,20260910408
1402,1,set18,alt2,20260910408
1402,1,set19,alt2,20260910408
1402,1,set33,alt1,20260910408
1402,1,set35,alt2,20260910408
1402,1,set37,alt1,20260910408
1402,1,set41,alt1,20260910408
1402,1,set42,alt2,20260910408
1402,1,set48,alt2,20260910408
1403,1,set5,alt2,20260910409
1403,1,set6,alt1,20260910409
1403,1,set9,alt2,20260910409
1403,1,set11,alt2,20260910409
1403,1,set18,alt2,20260910409
1403,1,set19,alt2,20260910409
1403,1,set33,alt1,20260910409
1403,1,set35,alt2,20260910409
1403,1,set37,alt1,20260910409
1403,1,set41,alt1,20260910409
1403,1,set42,alt2,20260910409
1403,1,set48,alt2,20260910409
1404,4,set14,alt1,20260910410
1404,4,set15,alt2,20260910410
1404,4,set16,alt2,20260910410
1404,4,set17,alt2,20260910410
1404,4,set20,alt1,20260910410
1404,4,set21,alt1,20260910410
1404,4,set23,alt1,20260910410
1404,4,set26,alt1,20260910410
1404,4,set27,alt1,20260910410
1404,4,set32,alt1,20260910410
1404,4,set34,alt2,20260910410
1404,4,set43,alt2,20260910410
1405,1,set5,alt2,20260910411
1405,1,set6,alt2,20260910411
1405,1,set9,alt2,20260910411
1405,1,set11,alt2,20260910411
1405,1,set18,alt2,20260910411
1405,1,set19,alt2,20260910411
1405,1,set33,alt1,20260910411
1405,1,set35,alt2,20260910411
1405,1,set37,alt1,20260910411
1405,1,set41,alt2,20260910411
1405,1,set42,alt2,20260910411
1405,1,set48,alt2,20260910411
1406,3,set3,alt2,20260910412
1406,3,set4,alt2,20260910412
1406,3,set12,alt1,20260910412
1406,3,set22,alt2,20260910412
1406,3,set24,alt1,20260910412
1406,3,set25,alt1,20260910412
1406,3,set28,alt1,20260910412
1406,3,set29,alt1,20260910412
1406,3,set30,alt2,20260910412
1406,3,set31,alt2,20260910412
1406,3,set39,alt2,20260910412
1406,3,set47,alt2,20260910412
1407,4,set14,alt1,20260910413
1407,4,set15,alt1,20260910413
1407,4,set16,alt1,20260910413
1407,4,set17,alt1,20260910413
1407,4,set20,alt1,20260910413
1407,4,set21,alt1,20260910413
1407,4,set23,alt1,20260910413
1407,4,set26,alt1,20260910413
1407,4,set27,alt1,20260910413
1407,4,set32,alt1,20260910413
1407,4,set34,alt2,20260910413
1407,4,set43,alt1,20260910413
1408,2,set1,alt2,20260910414
1408,2,set2,alt1,20260910414
1408,2,set7,alt1,20260910414
1408,2,set8,alt1,20260910414
1408,2,set10,alt1,20260910414
1408,2,set13,alt1,20260910414
1408,2,set36,alt2,20260910414
1408,2,set38,alt2,20260910414
1408,2,set40,alt2,20260910414
1408,2,set44,alt1,20260910414
1408,2,set45,alt2,20260910414
1408,2,set46,alt1,20260910414
1409,2,set1,alt2,20260910415
1409,2,set2,alt1,20260910415
1409,2,set7,alt1,20260910415
1409,2,set8,alt1,20260910415
1409,2,set10,alt1,20260910415
1409,2,set13,alt1,20260910415
1409,2,set36,alt2,20260910415
1409,2,set38,alt2,20260910415
1409,2,set40,alt2,20260910415
1409,2,set44,alt1,20260910415
1409,2,set45,alt2,20260910415
1409,2,set46,alt1,20260910415
1410,4,set14,alt2,20260910416
1410,4,set15,alt2,20260910416
1410,4,set16,alt1,20260910416
1410,4,set17,alt1,20260910416
1410,4,set20,alt1,20260910416
1410,4,set21,alt1,20260910416
1410,4,set23,alt1,20260910416
1410,4,set26,alt1,20260910416
1410,4,set27,alt2,20260910416
1410,4,set32,alt1,20260910416
1410,4,set34,alt2,20260910416
1410,4,set43,alt1,20260910416
1411,1,set5,alt2,20260910417
1411,1,set6,alt2,20260910417
1411,1,set9,alt2,20260910417
1411,1,set11,alt2,20260910417
1411,1,set18,alt2,20260910417
1411,1,set19,alt2,20260910417
1411,1,set33,alt1,20260910417
1411,1,set35,alt2,20260910417
1411,1,set37,alt1,20260910417
1411,1,set41,alt2,20260910417
1411,1,set42,alt2,20260910417
1411,1,set48,alt2,20260910417
1412,2,set1,alt2,20260910418
1412,2,set2,alt1,20260910418
1412,2,set7,alt1,20260910418
1412,2,set8,alt1,20260910418
1412,2,set10,alt1,20260910418
1412,2,set13,alt1,20260910418
1412,2,set36,alt2,20260910418
1412,2,set38,alt2,20260910418
1412,2,set40,alt2,20260910418
1412,2,set44,alt1,20260910418
1412,2,set45,alt2,20260910418
1412,2,set46,alt1,20260910418
1413,4,set14,alt1,20260910419
1413,4,set15,alt2,20260910419
1413,4,set16,alt2,20260910419
1413,4,set17,alt2,20260910419
1413,4,set20,alt1,20260910419
1413,4,set21,alt1,20260910419
1413,4,set23,alt1,20260910419
1413,4,set26,alt1,20260910419
1413,4,set27,alt1,20260910419
1413,4,set32,alt1,20260910419
1413,4,set34,alt2,20260910419
1413,4,set43,alt2,20260910419
1414,1,set5,alt1,20260910420
1414,1,set6,alt2,20260910420
1414,1,set9,alt1,20260910420
1414,1,set11,alt2,20260910420
1414,1,set18,alt2,20260910420
1414,1,set19,alt2,20260910420
1414,1,set33,alt1,20260910420
1414,1,set35,alt2,20260910420
1414,1,set37,alt1,20260910420
1414,1,set41,alt1,20260910420
1414,1,set42,alt1,20260910420
1414,1,set48,alt2,20260910420
1415,1,set5,alt2,20260910421
1415,1,set6,alt1,20260910421
1415,1,set9,alt2,20260910421
1415,1,set11,alt2,20260910421
1415,1,set18,alt2,20260910421
1415,1,set19,alt2,20260910421
1415,1,set33,alt1,20260910421
1415,1,set35,alt2,20260910421
1415,1,set37,alt1,20260910421
1415,1,set41,alt1,20260910421
1415,1,set42,alt2,20260910421
1415,1,set48,alt2,20260910421
1416,2,set1,alt2,20260910422
1416,2,set2,alt1,20260910422
1416,2,set7,alt2,20260910422
1416,2,set8,alt1,20260910422
1416,2,set10,alt2,20260910422
1416,2,set13,alt1,20260910422
1416,2,set36,alt2,20260910422
1416,2,set38,alt1,20260910422
1416,2,set40,alt2,20260910422
1416,2,set44,alt2,20260910422
1416,2,set45,alt2,20260910422
1416,2,set46,alt2,20260910422
1417,3,set3,alt1,20260910423
1417,3,set4,alt2,20260910423
1417,3,set12,alt1,20260910423
1417,3,set22,alt1,20260910423
1417,3,set24,alt1,20260910423
1417,3,set25,alt1,20260910423
1417,3,set28,alt1,20260910423
1417,3,set29,alt1,20260910423
1417,3,set30,alt2,20260910423
1417,3,set31,alt2,20260910423
1417,3,set39,alt2,20260910423
1417,3,set47,alt2,20260910423
1418,4,set14,alt1,20260910424
1418,4,set15,alt1,20260910424
1418,4,set16,alt1,20260910424
1418,4,set17,alt1,20260910424
1418,4,set20,alt1,20260910424
1418,4,set21,alt1,20260910424
1418,4,set23,alt1,20260910424
1418,4,set26,alt1,20260910424
1418,4,set27,alt1,20260910424
1418,4,set32,alt1,20260910424
1418,4,set34,alt2,20260910424
1418,4,set43,alt1,20260910424
1419,4,set14,alt1,20260910425
1419,4,set15,alt2,20260910425
1419,4,set16,alt2,20260910425
1419,4,set17,alt2,20260910425
1419,4,set20,alt1,20260910425
1419,4,set21,alt1,20260910425
1419,4,set23,alt1,20260910425
1419,4,set26,alt1,20260910425
1419,4,set27,alt1,20260910425
1419,4,set32,alt1,20260910425
1419,4,set34,alt2,20260910425
1419,4,set43,alt2,20260910425
1420,1,set5,alt2,20260910426
1420,1,set6,alt2,20260910426
1420,1,set9,alt2,20260910426
1420,1,set11,alt2,20260910426
1420,1,set18,alt2,20260910426
1420,1,set19,alt2,20260910426
1420,1,set33,alt1,20260910426
1420,1,set35,alt2,20260910426
1420,1,set37,alt1,20260910426
1420,1,set41,alt2,20260910426
1420,1,set42,alt2,20260910426
1420,1,set48,alt2,20260910426
1421,4,set14,alt1,20260910427
1421,4,set15,alt2,20260910427
1421,4,set16,alt2,20260910427
1421,4,set17,alt2,20260910427
1421,4,set20,alt1,20260910427
1421,4,set21,alt1,20260910427
1421,4,set23,alt1,20260910427
1421,4,set26,alt1,20260910427
1421,4,set27,alt1,20260910427
1421,4,set32,alt1,20260910427
1421,4,set34,alt2,20260910427
1421,4,set43,alt2,20260910427
1422,4,set14,alt1,20260910428
1422,4,set15,alt2,20260910428
1422,4,set16,alt1,20260910428
1422,4,set17,alt2,20260910428
1422,4,set20,alt1,20260910428
1422,4,set21,alt1,20260910428
1422,4,set23,alt1,20260910428
1422,4,set26,alt1,20260910428
1422,4,set27,alt1,20260910428
1422,4,set32,alt1,20260910428
1422,4,set34,alt1,20260910428
1422,4,set43,alt1,20260910428
1423,3,set3,alt2,20260910429
1423,3,set4,alt2,20260910429
1423,3,set12,alt1,20260910429
1423,3,set22,alt2,20260910429
1423,3,set24,alt1,20260910429
1423,3,set25,alt1,20260910429
1423,3,set28,alt1,20260910429
1423,3,set29,alt1,20260910429
1423,3,set30,alt2,20260910429
1423,3,set31,alt2,20260910429
1423,3,set39,alt2,20260910429
1423,3,set47,alt2,20260910429
1424,1,set5,alt2,20260910430
1424,1,set6,alt2,20260910430
1424,1,set9,alt2,20260910430
1424,1,set11,alt2,20260910430
1424,1,set18,alt2,20260910430
1424,1,set19,alt2,20260910430
1424,1,set33,alt1,20260910430
1424,1,set35,alt2,20260910430
1424,1,set37,alt1,20260910430
1424,1,set41,alt2,20260910430
1424,1,set42,alt2,20260910430
1424,1,set48,alt2,20260910430
1425,4,set14,alt1,20260910431
1425,4,set15,alt2,20260910431
1425,4,set16,alt2,20260910431
1425,4,set17,alt2,20260910431
1425,4,set20,alt1,20260910431
1425,4,set21,alt1,20260910431
1425,4,set23,alt1,20260910431
1425,4,set26,alt1,20260910431
1425,4,set27,alt1,20260910431
1425,4,set32,alt1,20260910431
1425,4,set34,alt2,20260910431
1425,4,set43,alt2,20260910431
1426,4,set14,alt1,20260910432
1426,4,set15,alt1,20260910432
1426,4,set16,alt1,20260910432
1426,4,set17,alt1,20260910432
1426,4,set20,alt1,20260910432
1426,4,set21,alt1,20260910432
1426,4,set23,alt1,20260910432
1426,4,set26,alt1,20260910432
1426,4,set27,alt1,20260910432
1426,4,set32,alt1,20260910432
1426,4,set34,alt2,20260910432
1426,4,set43,alt1,20260910432
1427,4,set14,alt2,20260910433
1427,4,set15,alt2,20260910433
1427,4,set16,alt1,20260910433
1427,4,set17,alt1,20260910433
1427,4,set20,alt1,20260910433
1427,4,set21,alt1,20260910433
1427,4,set23,alt1,20260910433
1427,4,set26,alt1,20260910433
1427,4,set27,alt2,20260910433
1427,4,set32,alt1,20260910433
1427,4,set34,alt2,20260910433
1427,4,set43,alt1,20260910433
1428,2,set1,alt2,20260910434
1428,2,set2,alt1,20260910434
1428,2,set7,alt1,20260910434
1428,2,set8,alt1,20260910434
1428,2,set10,alt1,20260910434
1428,2,set13,alt1,20260910434
1428,2,set36,alt2,20260910434
1428,2,set38,alt2,20260910434
1428,2,set40,alt2,20260910434
1428,2,set44,alt1,20260910434
1428,2,set45,alt2,20260910434
1428,2,set46,alt1,20260910434
1429,2,set1,alt2,20260910435
1429,2,set2,alt1,20260910435
1429,2,set7,alt1,20260910435
1429,2,set8,alt1,20260910435
1429,2,set10,alt1,20260910435
1429,2,set13,alt1,20260910435
1429,2,set36,alt2,20260910435
1429,2,set38,alt2,20260910435
1429,2,set40,alt2,20260910435
1429,2,set44,alt1,20260910435
1429,2,set45,alt2,20260910435
1429,2,set46,alt1,20260910435
1430,2,set1,alt2,20260910436
1430,2,set2,alt1,20260910436
1430,2,set7,alt1,20260910436
1430,2,set8,alt1,20260910436
1430,2,set10,alt1,20260910436
1430,2,set13,alt1,20260910436
1430,2,set36,alt1,20260910436
1430,2,set38,alt2,20260910436
1430,2,set40,alt1,20260910436
1430,2,set44,alt2,20260910436
1430,2,set45,alt2,20260910436
1430,2,set46,alt2,20260910436
1431,1,set5,alt2,20260910437
1431,1,set6,alt2,20260910437
1431,1,set9,alt2,20260910437
1431,1,set11,alt2,20260910437
1431,1,set18,alt1,20260910437
1431,1,set19,alt2,20260910437
1431,1,set33,alt1,20260910437
1431,1,set35,alt2,20260910437
1431,1,set37,alt1,20260910437
1431,1,set41,alt1,20260910437
1431,1,set42,alt2,20260910437
1431,1,set48,alt2,20260910437
1432,3,set3,alt1,20260910438
1432,3,set4,alt2,20260910438
1432,3,set12,alt1,20260910438
1432,3,set22,alt1,20260910438
1432,3,set24,alt1,20260910438
1432,3,set25,alt1,20260910438
1432,3,set28,alt1,20260910438
1432,3,set29,alt1,20260910438
1432,3,set30,alt2,20260910438
1432,3,set31,alt2,20260910438
1432,3,set39,alt2,20260910438
1432,3,set47,alt2,20260910438
1433,4,set14,alt1,20260910439
1433,4,set15,alt2,20260910439
1433,4,set16,alt2,20260910439
1433,4,set17,alt2,20260910439
1433,4,set20,alt1,20260910439
1433,4,set21,alt1,20260910439
1433,4,set23,alt1,20260910439
1433,4,set26,alt1,20260910439
1433,4,set27,alt1,20260910439
1433,4,set32,alt1,20260910439
1433,4,set34,alt2,20260910439
1433,4,set43,alt2,20260910439
1434,3,set3,alt2,20260910440
1434,3,set4,alt1,20260910440
1434,3,set12,alt1,20260910440
1434,3,set22,alt2,20260910440
1434,3,set24,alt1,20260910440
1434,3,set25,alt2,20260910440
1434,3,set28,alt2,20260910440
1434,3,set29,alt1,20260910440
1434,3,set30,alt2,20260910440
1434,3,set31,alt1,20260910440
1434,3,set39,alt1,20260910440
1434,3,set47,alt2,20260910440
1435,1,set5,alt2,20260910441
1435,1,set6,alt2,20260910441
1435,1,set9,alt2,20260910441
1435,1,set11,alt2,20260910441
1435,1,set18,alt1,20260910441
1435,1,set19,alt2,20260910441
1435,1,set33,alt1,20260910441
1435,1,set35,alt2,20260910441
1435,1,set37,alt1,20260910441
1435,1,set41,alt1,20260910441
1435,1,set42,alt2,20260910441
1435,1,set48,alt2,20260910441
1436,1,set5,alt2,20260910442
1436,1,set6,alt1,20260910442
1436,1,set9,alt2,20260910442
1436,1,set11,alt2,20260910442
1436,1,set18,alt2,20260910442
1436,1,set19,alt2,20260910442
1436,1,set33,alt1,20260910442
1436,1,set35,alt2,20260910442
1436,1,set37,alt1,20260910442
1436,1,set41,alt1,20260910442
1436,1,set42,alt2,20260910442
1436,1,set48,alt2,20260910442
1437,3,set3,alt1,20260910443
1437,3,set4,alt2,20260910443
1437,3,set12,alt1,20260910443
1437,3,set22,alt1,20260910443
1437,3,set24,alt1,20260910443
1437,3,set25,alt1,20260910443
1437,3,set28,alt1,20260910443
1437,3,set29,alt1,20260910443
1437,3,set30,alt2,20260910443
1437,3,set31,alt2,20260910443
1437,3,set39,alt2,20260910443
1437,3,set47,alt2,20260910443
1438,3,set3,alt2,20260910444
1438,3,set4,alt2,20260910444
1438,3,set12,alt1,20260910444
1438,3,set22,alt2,20260910444
1438,3,set24,alt1,20260910444
1438,3,set25,alt1,20260910444
1438,3,set28,alt1,20260910444
1438,3,set29,alt1,20260910444
1438,3,set30,alt2,20260910444
1438,3,set31,alt2,20260910444
1438,3,set39,alt2,20260910444
1438,3,set47,alt2,20260910444
1439,3,set3,alt2,20260910445
1439,3,set4,alt1,20260910445
1439,3,set12,alt1,20260910445
1439,3,set22,alt2,20260910445
1439,3,set24,alt1,20260910445
1439,3,set25,alt2,20260910445
1439,3,set28,alt2,20260910445
1439,3,set29,alt1,20260910445
1439,3,set30,alt2,20260910445
1439,3,set31,alt1,20260910445
1439,3,set39,alt1,20260910445
1439,3,set47,alt2,20260910445
1440,3,set3,alt1,20260910446
1440,3,set4,alt2,20260910446
1440,3,set12,alt1,20260910446
1440,3,set22,alt1,20260910446
1440,3,set24,alt1,20260910446
1440,3,set25,alt1,20260910446
1440,3,set28,alt1,20260910446
1440,3,set29,alt1,20260910446
1440,3,set30,alt2,20260910446
1440,3,set31,alt2,20260910446
1440,3,set39,alt2,20260910446
1440,3,set47,alt2,20260910446
1441,3,set3,alt2,20260910447
1441,3,set4,alt1,20260910447
1441,3,set12,alt1,20260910447
1441,3,set22,alt2,20260910447
1441,3,set24,alt1,20260910447
1441,3,set25,alt2,20260910447
1441,3,set28,alt2,20260910447
1441,3,set29,alt1,20260910447
1441,3,set30,alt2,20260910447
1441,3,set31,alt1,20260910447
1441,3,set39,alt1,20260910447
1441,3,set47,alt2,20260910447
1442,3,set3,alt2,20260910448
1442,3,set4,alt1,20260910448
1442,3,set12,alt1,20260910448
1442,3,set22,alt2,20260910448
1442,3,set24,alt1,20260910448
1442,3,set25,alt2,20260910448
1442,3,set28,alt2,20260910448
1442,3,set29,alt1,20260910448
1442,3,set30,alt2,20260910448
1442,3,set31,alt1,20260910448
1442,3,set39,alt1,20260910448
1442,3,set47,alt2,20260910448
1443,4,set14,alt1,20260910449
1443,4,set15,alt2,20260910449
1443,4,set16,alt1,20260910449
1443,4,set17,alt2,20260910449
1443,4,set20,alt1,20260910449
1443,4,set21,alt1,20260910449
1443,4,set23,alt1,20260910449
1443,4,set26,alt1,20260910449
1443,4,set27,alt1,20260910449
1443,4,set32,alt1,20260910449
1443,4,set34,alt1,20260910449
1443,4,set43,alt1,20260910449
1444,4,set14,alt1,20260910450
1444,4,set15,alt1,20260910450
1444,4,set16,alt1,20260910450
1444,4,set17,alt1,20260910450
1444,4,set20,alt1,20260910450
1444,4,set21,alt1,20260910450
1444,4,set23,alt1,20260910450
1444,4,set26,alt1,20260910450
1444,4,set27,alt1,20260910450
1444,4,set32,alt1,20260910450
1444,4,set34,alt2,20260910450
1444,4,set43,alt1,20260910450
1445,3,set3,alt1,20260910451
1445,3,set4,alt2,20260910451
1445,3,set12,alt1,20260910451
1445,3,set22,alt1,20260910451
1445,3,set24,alt1,20260910451
1445,3,set25,alt1,20260910451
1445,3,set28,alt1,20260910451
1445,3,set29,alt1,20260910451
1445,3,set30,alt2,20260910451
1445,3,set31,alt2,20260910451
1445,3,set39,alt2,20260910451
1445,3,set47,alt2,20260910451
1446,2,set1,alt2,20260910452
1446,2,set2,alt1,20260910452
1446,2,set7,alt2,20260910452
1446,2,set8,alt1,20260910452
1446,2,set10,alt2,20260910452
1446,2,set13,alt1,20260910452
1446,2,set36,alt2,20260910452
1446,2,set38,alt1,20260910452
1446,2,set40,alt2,20260910452
1446,2,set44,alt2,20260910452
1446,2,set45,alt2,20260910452
1446,2,set46,alt2,20260910452
1447,3,set3,alt2,20260910453
1447,3,set4,alt2,20260910453
1447,3,set12,alt1,20260910453
1447,3,set22,alt2,20260910453
1447,3,set24,alt1,20260910453
1447,3,set25,alt1,20260910453
1447,3,set28,alt1,20260910453
1447,3,set29,alt1,20260910453
1447,3,set30,alt2,20260910453
1447,3,set31,alt2,20260910453
1447,3,set39,alt2,20260910453
1447,3,set47,alt2,20260910453
1448,3,set3,alt1,20260910454
1448,3,set4,alt2,20260910454
1448,3,set12,alt1,20260910454
1448,3,set22,alt1,20260910454
1448,3,set24,alt1,20260910454
1448,3,set25,alt1,20260910454
1448,3,set28,alt1,20260910454
1448,3,set29,alt1,20260910454
1448,3,set30,alt2,20260910454
1448,3,set31,alt2,20260910454
1448,3,set39,alt2,20260910454
1448,3,set47,alt2,20260910454
1449,3,set3,alt1,20260910455
1449,3,set4,alt2,20260910455
1449,3,set12,alt1,20260910455
1449,3,set22,alt1,20260910455
1449,3,set24,alt1,20260910455
1449,3,set25,alt1,20260910455
1449,3,set28,alt1,20260910455
1449,3,set29,alt1,20260910455
1449,3,set30,alt2,20260910455
1449,3,set31,alt2,20260910455
1449,3,set39,alt2,20260910455
1449,3,set47,alt2,20260910455
1450,1,set5,alt2,20260910456
1450,1,set6,alt1,20260910456
1450,1,set9,alt2,20260910456
1450,1,set11,alt2,20260910456
1450,1,set18,alt2,20260910456
1450,1,set19,alt2,20260910456
1450,1,set33,alt1,20260910456
1450,1,set35,alt2,20260910456
1450,1,set37,alt1,20260910456
1450,1,set41,alt1,20260910456
1450,1,set42,alt2,20260910456
1450,1,set48,alt2,20260910456
1451,2,set1,alt2,20260910457
1451,2,set2,alt1,20260910457
1451,2,set7,alt1,20260910457
1451,2,set8,alt1,20260910457
1451,2,set10,alt1,20260910457
1451,2,set13,alt1,20260910457
1451,2,set36,alt2,20260910457
1451,2,set38,alt2,20260910457
1451,2,set40,alt2,20260910457
1451,2,set44,alt1,20260910457
1451,2,set45,alt2,20260910457
1451,2,set46,alt1,20260910457
1452,3,set3,alt2,20260910458
1452,3,set4,alt1,20260910458
1452,3,set12,alt1,20260910458
1452,3,set22,alt2,20260910458
1452,3,set24,alt1,20260910458
1452,3,set25,alt2,20260910458
1452,3,set28,alt2,20260910458
1452,3,set29,alt1,20260910458
1452,3,set30,alt2,20260910458
1452,3,set31,alt1,20260910458
1452,3,set39,alt1,20260910458
1452,3,set47,alt2,20260910458
1453,3,set3,alt1,20260910459
1453,3,set4,alt2,20260910459
1453,3,set12,alt1,20260910459
1453,3,set22,alt1,20260910459
1453,3,set24,alt1,20260910459
1453,3,set25,alt1,20260910459
1453,3,set28,alt1,20260910459
1453,3,set29,alt1,20260910459
1453,3,set30,alt2,20260910459
1453,3,set31,alt2,20260910459
1453,3,set39,alt2,20260910459
1453,3,set47,alt2,20260910459
1454,3,set3,alt1,20260910460
1454,3,set4,alt2,20260910460
1454,3,set12,alt1,20260910460
1454,3,set22,alt1,20260910460
1454,3,set24,alt1,20260910460
1454,3,set25,alt1,20260910460
1454,3,set28,alt1,20260910460
1454,3,set29,alt1,20260910460
1454,3,set30,alt2,20260910460
1454,3,set31,alt2,20260910460
1454,3,set39,alt2,20260910460
1454,3,set47,alt2,20260910460
1455,4,set14,alt2,20260910461
1455,4,set15,alt2,20260910461
1455,4,set16,alt1,20260910461
1455,4,set17,alt1,20260910461
1455,4,set20,alt1,20260910461
1455,4,set21,alt1,20260910461
1455,4,set23,alt1,20260910461
1455,4,set26,alt1,20260910461
1455,4,set27,alt2,20260910461
1455,4,set32,alt1,20260910461
1455,4,set34,alt2,20260910461
1455,4,set43,alt1,20260910461
1456,1,set5,alt2,20260910462
1456,1,set6,alt1,20260910462
1456,1,set9,alt2,20260910462
1456,1,set11,alt2,20260910462
1456,1,set18,alt2,20260910462
1456,1,set19,alt2,20260910462
1456,1,set33,alt1,20260910462
1456,1,set35,alt2,20260910462
1456,1,set37,alt1,20260910462
1456,1,set41,alt1,20260910462
1456,1,set42,alt2,20260910462
1456,1,set48,alt2,20260910462
1457,2,set1,alt2,20260910463
1457,2,set2,alt1,20260910463
1457,2,set7,alt1,20260910463
1457,2,set8,alt1,20260910463
1457,2,set10,alt2,20260910463
1457,2,set13,alt1,20260910463
1457,2,set36,alt2,20260910463
1457,2,set38,alt2,20260910463
1457,2,set40,alt2,20260910463
1457,2,set44,alt1,20260910463
1457,2,set45,alt2,20260910463
1457,2,set46,alt1,20260910463
1458,3,set3,alt2,20260910464
1458,3,set4,alt1,20260910464
1458,3,set12,alt1,20260910464
1458,3,set22,alt2,20260910464
1458,3,set24,alt1,20260910464
1458,3,set25,alt2,20260910464
1458,3,set28,alt2,20260910464
1458,3,set29,alt1,20260910464
1458,3,set30,alt2,20260910464
1458,3,set31,alt1,20260910464
1458,3,set39,alt1,20260910464
1458,3,set47,alt2,20260910464
1459,2,set1,alt2,20260910465
1459,2,set2,alt1,20260910465
1459,2,set7,alt1,20260910465
1459,2,set8,alt1,20260910465
1459,2,set10,alt1,20260910465
1459,2,set13,alt1,20260910465
1459,2,set36,alt2,20260910465
1459,2,set38,alt2,20260910465
1459,2,set40,alt2,20260910465
1459,2,set44,alt1,20260910465
1459,2,set45,alt2,20260910465
1459,2,set46,alt1,20260910465
1460,3,set3,alt1,20260910466
1460,3,set4,alt2,20260910466
1460,3,set12,alt1,20260910466
1460,3,set22,alt1,20260910466
1460,3,set24,alt1,20260910466
1460,3,set25,alt1,20260910466
1460,3,set28,alt1,20260910466
1460,3,set29,alt1,20260910466
1460,3,set30,alt2,20260910466
1460,3,set31,alt2,20260910466
1460,3,set39,alt2,20260910466
1460,3,set47,alt2,20260910466
1461,3,set3,alt1,20260910467
1461,3,set4,alt2,20260910467
1461,3,set12,alt1,20260910467
1461,3,set22,alt1,20260910467
1461,3,set24,alt1,20260910467
1461,3,set25,alt1,20260910467
1461,3,set28,alt1,20260910467
1461,3,set29,alt1,20260910467
1461,3,set30,alt2,20260910467
1461,3,set31,alt2,20260910467
1461,3,set39,alt2,20260910467
1461,3,set47,alt2,20260910467
1462,3,set3,alt1,20260910468
1462,3,set4,alt2,20260910468
1462,3,set12,alt1,20260910468
1462,3,set22,alt1,20260910468
1462,3,set24,alt1,20260910468
1462,3,set25,alt1,20260910468
1462,3,set28,alt1,20260910468
1462,3,set29,alt1,20260910468
1462,3,set30,alt2,20260910468
1462,3,set31,alt2,20260910468
1462,3,set39,alt2,20260910468
1462,3,set47,alt2,20260910468
1463,3,set3,alt1,20260910469
1463,3,set4,alt2,20260910469
1463,3,set12,alt1,20260910469
1463,3,set22,alt1,20260910469
1463,3,set24,alt1,20260910469
1463,3,set25,alt1,20260910469
1463,3,set28,alt1,20260910469
1463,3,set29,alt1,20260910469
1463,3,set30,alt2,20260910469
1463,3,set31,alt2,20260910469
1463,3,set39,alt2,20260910469
1463,3,set47,alt2,20260910469
1464,2,set1,alt2,20260910470
1464,2,set2,alt1,20260910470
1464,2,set7,alt1,20260910470
1464,2,set8,alt1,20260910470
1464,2,set10,alt1,20260910470
1464,2,set13,alt1,20260910470
1464,2,set36,alt2,20260910470
1464,2,set38,alt2,20260910470
1464,2,set40,alt2,20260910470
1464,2,set44,alt1,20260910470
1464,2,set45,alt2,20260910470
1464,2,set46,alt1,20260910470
1465,3,set3,alt1,20260910471
1465,3,set4,alt2,20260910471
1465,3,set12,alt1,20260910471
1465,3,set22,alt1,20260910471
1465,3,set24,alt1,20260910471
1465,3,set25,alt1,20260910471
1465,3,set28,alt1,20260910471
1465,3,set29,alt1,20260910471
1465,3,set30,alt2,20260910471
1465,3,set31,alt2,20260910471
1465,3,set39,alt2,20260910471
1465,3,set47,alt2,20260910471
1466,4,set14,alt1,20260910472
1466,4,set15,alt2,20260910472
1466,4,set16,alt2,20260910472
1466,4,set17,alt2,20260910472
1466,4,set20,alt1,20260910472
1466,4,set21,alt1,20260910472
1466,4,set23,alt1,20260910472
1466,4,set26,alt1,20260910472
1466,4,set27,alt1,20260910472
1466,4,set32,alt1,20260910472
1466,4,set34,alt2,20260910472
1466,4,set43,alt2,20260910472
1467,2,set1,alt2,20260910473
1467,2,set2,alt1,20260910473
1467,2,set7,alt1,20260910473
1467,2,set8,alt1,20260910473
1467,2,set10,alt1,20260910473
1467,2,set13,alt1,20260910473
1467,2,set36,alt1,20260910473
1467,2,set38,alt2,20260910473
1467,2,set40,alt1,20260910473
1467,2,set44,alt2,20260910473
1467,2,set45,alt2,20260910473
1467,2,set46,alt2,20260910473
1468,3,set3,alt2,20260910474
1468,3,set4,alt1,20260910474
1468,3,set12,alt1,20260910474
1468,3,set22,alt1,20260910474
1468,3,set24,alt1,20260910474
1468,3,set25,alt2,20260910474
1468,3,set28,alt2,20260910474
1468,3,set29,alt1,20260910474
1468,3,set30,alt1,20260910474
1468,3,set31,alt2,20260910474
1468,3,set39,alt1,20260910474
1468,3,set47,alt1,20260910474
1469,4,set14,alt1,20260910475
1469,4,set15,alt2,20260910475
1469,4,set16,alt2,20260910475
1469,4,set17,alt2,20260910475
1469,4,set20,alt1,20260910475
1469,4,set21,alt1,20260910475
1469,4,set23,alt1,20260910475
1469,4,set26,alt1,20260910475
1469,4,set27,alt1,20260910475
1469,4,set32,alt1,20260910475
1469,4,set34,alt2,20260910475
1469,4,set43,alt2,20260910475
1470,2,set1,alt2,20260910476
1470,2,set2,alt1,20260910476
1470,2,set7,alt1,20260910476
1470,2,set8,alt1,20260910476
1470,2,set10,alt1,20260910476
1470,2,set13,alt1,20260910476
1470,2,set36,alt2,20260910476
1470,2,set38,alt2,20260910476
1470,2,set40,alt2,20260910476
1470,2,set44,alt1,20260910476
1470,2,set45,alt2,20260910476
1470,2,set46,alt1,20260910476
1471,1,set5,alt2,20260910477
1471,1,set6,alt1,20260910477
1471,1,set9,alt2,20260910477
1471,1,set11,alt2,20260910477
1471,1,set18,alt2,20260910477
1471,1,set19,alt2,20260910477
1471,1,set33,alt1,20260910477
1471,1,set35,alt2,20260910477
1471,1,set37,alt1,20260910477
1471,1,set41,alt1,20260910477
1471,1,set42,alt2,20260910477
1471,1,set48,alt2,20260910477
1472,2,set1,alt2,20260910478
1472,2,set2,alt1,20260910478
1472,2,set7,alt1,20260910478
1472,2,set8,alt1,20260910478
1472,2,set10,alt1,20260910478
1472,2,set13,alt1,20260910478
1472,2,set36,alt2,20260910478
1472,2,set38,alt2,20260910478
1472,2,set40,alt2,20260910478
1472,2,set44,alt1,20260910478
1472,2,set45,alt2,20260910478
1472,2,set46,alt1,20260910478
1473,4,set14,alt1,20260910479
1473,4,set15,alt2,20260910479
1473,4,set16,alt2,20260910479
1473,4,set17,alt2,20260910479
1473,4,set20,alt1,20260910479
1473,4,set21,alt1,20260910479
1473,4,set23,alt1,20260910479
1473,4,set26,alt1,20260910479
1473,4,set27,alt1,20260910479
1473,4,set32,alt1,20260910479
1473,4,set34,alt2,20260910479
1473,4,set43,alt2,20260910479
1474,3,set3,alt1,20260910480
1474,3,set4,alt2,20260910480
1474,3,set12,alt1,20260910480
1474,3,set22,alt1,20260910480
1474,3,set24,alt1,20260910480
1474,3,set25,alt1,20260910480
1474,3,set28,alt1,20260910480
1474,3,set29,alt1,20260910480
1474,3,set30,alt2,20260910480
1474,3,set31,alt2,20260910480
1474,3,set39,alt2,20260910480
1474,3,set47,alt2,20260910480
1475,2,set1,alt2,20260910481
1475,2,set2,alt1,20260910481
1475,2,set7,alt1,20260910481
1475,2,set8,alt1,20260910481
1475,2,set10,alt1,20260910481
1475,2,set13,alt1,20260910481
1475,2,set36,alt2,20260910481
1475,2,set38,alt2,20260910481
1475,2,set40,alt2,20260910481
1475,2,set44,alt1,20260910481
1475,2,set45,alt2,20260910481
1475,2,set46,alt1,20260910481
1476,1,set5,alt2,20260910482
1476,1,set6,alt2,20260910482
1476,1,set9,alt2,20260910482
1476,1,set11,alt2,20260910482
1476,1,set18,alt2,20260910482
1476,1,set19,alt2,20260910482
1476,1,set33,alt1,20260910482
1476,1,set35,alt2,20260910482
1476,1,set37,alt1,20260910482
1476,1,set41,alt2,20260910482
1476,1,set42,alt2,20260910482
1476,1,set48,alt2,20260910482
1477,2,set1,alt2,20260910483
1477,2,set2,alt1,20260910483
1477,2,set7,alt1,20260910483
1477,2,set8,alt1,20260910483
1477,2,set10,alt1,20260910483
1477,2,set13,alt1,20260910483
1477,2,set36,alt2,20260910483
1477,2,set38,alt2,20260910483
1477,2,set40,alt2,20260910483
1477,2,set44,alt1,20260910483
1477,2,set45,alt2,20260910483
1477,2,set46,alt1,20260910483
1478,4,set14,alt1,20260910484
1478,4,set15,alt2,20260910484
1478,4,set16,alt2,20260910484
1478,4,set17,alt2,20260910484
1478,4,set20,alt1,20260910484
1478,4,set21,alt1,20260910484
1478,4,set23,alt1,20260910484
1478,4,set26,alt1,20260910484
1478,4,set27,alt1,20260910484
1478,4,set32,alt1,20260910484
1478,4,set34,alt2,20260910484
1478,4,set43,alt2,20260910484
1479,4,set14,alt1,20260910485
1479,4,set15,alt1,20260910485
1479,4,set16,alt1,20260910485
1479,4,set17,alt1,20260910485
1479,4,set20,alt1,20260910485
1479,4,set21,alt1,20260910485
1479,4,set23,alt1,20260910485
1479,4,set26,alt1,20260910485
1479,4,set27,alt1,20260910485
1479,4,set32,alt1,20260910485
1479,4,set34,alt2,20260910485
1479,4,set43,alt1,20260910485
1480,1,set5,alt1,20260910486
1480,1,set6,alt2,20260910486
1480,1,set9,alt1,20260910486
1480,1,set11,alt2,20260910486
1480,1,set18,alt1,20260910486
1480,1,set19,alt2,20260910486
1480,1,set33,alt1,20260910486
1480,1,set35,alt2,20260910486
1480,1,set37,alt1,20260910486
1480,1,set41,alt1,20260910486
1480,1,set42,alt1,20260910486
1480,1,set48,alt2,20260910486
1481,2,set1,alt2,20260910487
1481,2,set2,alt1,20260910487
1481,2,set7,alt1,20260910487
1481,2,set8,alt1,20260910487
1481,2,set10,alt1,20260910487
1481,2,set13,alt1,20260910487
1481,2,set36,alt2,20260910487
1481,2,set38,alt2,20260910487
1481,2,set40,alt2,20260910487
1481,2,set44,alt1,20260910487
1481,2,set45,alt2,20260910487
1481,2,set46,alt1,20260910487
1482,3,set3,alt1,20260910488
1482,3,set4,alt2,20260910488
1482,3,set12,alt1,20260910488
1482,3,set22,alt1,20260910488
1482,3,set24,alt1,20260910488
1482,3,set25,alt1,20260910488
1482,3,set28,alt1,20260910488
1482,3,set29,alt1,20260910488
1482,3,set30,alt2,20260910488
1482,3,set31,alt2,20260910488
1482,3,set39,alt2,20260910488
1482,3,set47,alt2,20260910488
1483,2,set1,alt2,20260910489
1483,2,set2,alt1,20260910489
1483,2,set7,alt1,20260910489
1483,2,set8,alt1,20260910489
1483,2,set10,alt1,20260910489
1483,2,set13,alt1,20260910489
1483,2,set36,alt2,20260910489
1483,2,set38,alt2,20260910489
1483,2,set40,alt2,20260910489
1483,2,set44,alt1,20260910489
1483,2,set45,alt2,20260910489
1483,2,set46,alt1,20260910489
1484,4,set14,alt1,20260910490
1484,4,set15,alt2,20260910490
1484,4,set16,alt2,20260910490
1484,4,set17,alt2,20260910490
1484,4,set20,alt1,20260910490
1484,4,set21,alt1,20260910490
1484,4,set23,alt1,20260910490
1484,4,set26,alt1,20260910490
1484,4,set27,alt1,20260910490
1484,4,set32,alt1,20260910490
1484,4,set34,alt2,20260910490
1484,4,set43,alt2,20260910490
1485,1,set5,alt2,20260910491
1485,1,set6,alt1,20260910491
1485,1,set9,alt2,20260910491
1485,1,set11,alt2,20260910491
1485,1,set18,alt2,20260910491
1485,1,set19,alt2,20260910491
1485,1,set33,alt1,20260910491
1485,1,set35,alt2,20260910491
1485,1,set37,alt1,20260910491
1485,1,set41,alt1,20260910491
1485,1,set42,alt2,20260910491
1485,1,set48,alt2,20260910491
1486,4,set14,alt1,20260910492
1486,4,set15,alt1,20260910492
1486,4,set16,alt1,20260910492
1486,4,set17,alt1,20260910492
1486,4,set20,alt1,20260910492
1486,4,set21,alt1,20260910492
1486,4,set23,alt1,20260910492
1486,4,set26,alt1,20260910492
1486,4,set27,alt1,20260910492
1486,4,set32,alt1,20260910492
1486,4,set34,alt2,20260910492
1486,4,set43,alt1,20260910492
1487,3,set3,alt1,20260910493
1487,3,set4,alt2,20260910493
1487,3,set12,alt1,20260910493
1487,3,set22,alt1,20260910493
1487,3,set24,alt1,20260910493
1487,3,set25,alt1,20260910493
1487,3,set28,alt1,20260910493
1487,3,set29,alt1,20260910493
1487,3,set30,alt2,20260910493
1487,3,set31,alt2,20260910493
1487,3,set39,alt2,20260910493
1487,3,set47,alt2,20260910493
1488,2,set1,alt2,20260910494
1488,2,set2,alt1,20260910494
1488,2,set7,alt1,20260910494
1488,2,set8,alt1,20260910494
1488,2,set10,alt1,20260910494
1488,2,set13,alt1,20260910494
1488,2,set36,alt2,20260910494
1488,2,set38,alt2,20260910494
1488,2,set40,alt2,20260910494
1488,2,set44,alt1,20260910494
1488,2,set45,alt2,20260910494
1488,2,set46,alt1,20260910494
1489,3,set3,alt1,20260910495
1489,3,set4,alt2,20260910495
1489,3,set12,alt1,20260910495
1489,3,set22,alt1,20260910495
1489,3,set24,alt1,20260910495
1489,3,set25,alt1,20260910495
1489,3,set28,alt1,20260910495
1489,3,set29,alt1,20260910495
1489,3,set30,alt2,20260910495
1489,3,set31,alt2,20260910495
1489,3,set39,alt2,20260910495
1489,3,set47,alt2,20260910495
1490,2,set1,alt2,20260910496
1490,2,set2,alt1,20260910496
1490,2,set7,alt1,20260910496
1490,2,set8,alt1,20260910496
1490,2,set10,alt1,20260910496
1490,2,set13,alt1,20260910496
1490,2,set36,alt2,20260910496
1490,2,set38,alt2,20260910496
1490,2,set40,alt2,20260910496
1490,2,set44,alt1,20260910496
1490,2,set45,alt2,20260910496
1490,2,set46,alt1,20260910496
1491,1,set5,alt2,20260910497
1491,1,set6,alt1,20260910497
1491,1,set9,alt2,20260910497
1491,1,set11,alt2,20260910497
1491,1,set18,alt2,20260910497
1491,1,set19,alt2,20260910497
1491,1,set33,alt1,20260910497
1491,1,set35,alt2,20260910497
1491,1,set37,alt1,20260910497
1491,1,set41,alt1,20260910497
1491,1,set42,alt2,20260910497
1491,1,set48,alt2,20260910497
1492,1,set5,alt2,20260910498
1492,1,set6,alt2,20260910498
1492,1,set9,alt2,20260910498
1492,1,set11,alt2,20260910498
1492,1,set18,alt2,20260910498
1492,1,set19,alt2,20260910498
1492,1,set33,alt1,20260910498
1492,1,set35,alt2,20260910498
1492,1,set37,alt1,20260910498
1492,1,set41,alt2,20260910498
1492,1,set42,alt2,20260910498
1492,1,set48,alt2,20260910498
1493,2,set1,alt2,20260910499
1493,2,set2,alt1,20260910499
1493,2,set7,alt1,20260910499
1493,2,set8,alt1,20260910499
1493,2,set10,alt1,20260910499
1493,2,set13,alt1,20260910499
1493,2,set36,alt2,20260910499
1493,2,set38,alt2,20260910499
1493,2,set40,alt2,20260910499
1493,2,set44,alt1,20260910499
1493,2,set45,alt2,20260910499
1493,2,set46,alt1,20260910499
1494,1,set5,alt2,20260910500
1494,1,set6,alt2,20260910500
1494,1,set9,alt2,20260910500
1494,1,set11,alt2,20260910500
1494,1,set18,alt2,20260910500
1494,1,set19,alt2,20260910500
1494,1,set33,alt1,20260910500
1494,1,set35,alt2,20260910500
1494,1,set37,alt1,20260910500
1494,1,set41,alt2,20260910500
1494,1,set42,alt2,20260910500
1494,1,set48,alt2,20260910500
1495,4,set14,alt1,20260910501
1495,4,set15,alt2,20260910501
1495,4,set16,alt2,20260910501
1495,4,set17,alt2,20260910501
1495,4,set20,alt1,20260910501
1495,4,set21,alt1,20260910501
1495,4,set23,alt1,20260910501
1495,4,set26,alt1,20260910501
1495,4,set27,alt1,20260910501
1495,4,set32,alt1,20260910501
1495,4,set34,alt2,20260910501
1495,4,set43,alt2,20260910501
1496,1,set5,alt2,20260910502
1496,1,set6,alt1,20260910502
1496,1,set9,alt2,20260910502
1496,1,set11,alt2,20260910502
1496,1,set18,alt2,20260910502
1496,1,set19,alt2,20260910502
1496,1,set33,alt1,20260910502
1496,1,set35,alt2,20260910502
1496,1,set37,alt1,20260910502
1496,1,set41,alt1,20260910502
1496,1,set42,alt2,20260910502
1496,1,set48,alt2,20260910502
1497,1,set5,alt2,20260910503
1497,1,set6,alt2,20260910503
1497,1,set9,alt2,20260910503
1497,1,set11,alt2,20260910503
1497,1,set18,alt2,20260910503
1497,1,set19,alt2,20260910503
1497,1,set33,alt1,20260910503
1497,1,set35,alt2,20260910503
1497,1,set37,alt1,20260910503
1497,1,set41,alt2,20260910503
1497,1,set42,alt2,20260910503
1497,1,set48,alt2,20260910503
1498,4,set14,alt2,20260910504
1498,4,set15,alt2,20260910504
1498,4,set16,alt1,20260910504
1498,4,set17,alt1,20260910504
1498,4,set20,alt1,20260910504
1498,4,set21,alt1,20260910504
1498,4,set23,alt1,20260910504
1498,4,set26,alt1,20260910504
1498,4,set27,alt2,20260910504
1498,4,set32,alt1,20260910504
1498,4,set34,alt2,20260910504
1498,4,set43,alt1,20260910504
1499,3,set3,alt1,20260910505
1499,3,set4,alt2,20260910505
1499,3,set12,alt1,20260910505
1499,3,set22,alt1,20260910505
1499,3,set24,alt1,20260910505
1499,3,set25,alt1,20260910505
1499,3,set28,alt1,20260910505
1499,3,set29,alt1,20260910505
1499,3,set30,alt2,20260910505
1499,3,set31,alt2,20260910505
1499,3,set39,alt2,20260910505
1499,3,set47,alt2,20260910505
1500,2,set1,alt2,20260910506
1500,2,set2,alt1,20260910506
1500,2,set7,alt1,20260910506
1500,2,set8,alt1,20260910506
1500,2,set10,alt1,20260910506
1500,2,set13,alt1,20260910506
1500,2,set36,alt2,20260910506
1500,2,set38,alt2,20260910506
1500,2,set40,alt2,20260910506
1500,2,set44,alt1,20260910506
1500,2,set45,alt2,20260910506
1500,2,set46,alt1,20260910506
1501,4,set14,alt1,20260910507
1501,4,set15,alt2,20260910507
1501,4,set16,alt1,20260910507
1501,4,set17,alt2,20260910507
1501,4,set20,alt1,20260910507
1501,4,set21,alt1,20260910507
1501,4,set23,alt1,20260910507
1501,4,set26,alt1,20260910507
1501,4,set27,alt1,20260910507
1501,4,set32,alt1,20260910507
1501,4,set34,alt1,20260910507
1501,4,set43,alt1,20260910507
1502,3,set3,alt2,20260910508
1502,3,set4,alt2,20260910508
1502,3,set12,alt1,20260910508
1502,3,set22,alt2,20260910508
1502,3,set24,alt1,20260910508
1502,3,set25,alt1,20260910508
1502,3,set28,alt1,20260910508
1502,3,set29,alt1,20260910508
1502,3,set30,alt2,20260910508
1502,3,set31,alt2,20260910508
1502,3,set39,alt2,20260910508
1502,3,set47,alt2,20260910508
1503,2,set1,alt2,20260910509
1503,2,set2,alt1,20260910509
1503,2,set7,alt1,20260910509
1503,2,set8,alt1,20260910509
1503,2,set10,alt2,20260910509
1503,2,set13,alt1,20260910509
1503,2,set36,alt2,20260910509
1503,2,set38,alt2,20260910509
1503,2,set40,alt2,20260910509
1503,2,set44,alt1,20260910509
1503,2,set45,alt2,20260910509
1503,2,set46,alt1,20260910509
1504,4,set14,alt1,20260910510
1504,4,set15,alt2,20260910510
1504,4,set16,alt2,20260910510
1504,4,set17,alt2,20260910510
1504,4,set20,alt1,20260910510
1504,4,set21,alt1,20260910510
1504,4,set23,alt1,20260910510
1504,4,set26,alt1,20260910510
1504,4,set27,alt1,20260910510
1504,4,set32,alt1,20260910510
1504,4,set34,alt2,20260910510
1504,4,set43,alt2,20260910510
1505,2,set1,alt2,20260910511
1505,2,set2,alt1,20260910511
1505,2,set7,alt1,20260910511
1505,2,set8,alt1,20260910511
1505,2,set10,alt2,20260910511
1505,2,set13,alt1,20260910511
1505,2,set36,alt2,20260910511
1505,2,set38,alt2,20260910511
1505,2,set40,alt2,20260910511
1505,2,set44,alt2,20260910511
1505,2,set45,alt2,20260910511
1505,2,set46,alt2,20260910511
1506,1,set5,alt2,20260910512
1506,1,set6,alt1,20260910512
1506,1,set9,alt2,20260910512
1506,1,set11,alt2,20260910512
1506,1,set18,alt2,20260910512
1506,1,set19,alt2,20260910512
1506,1,set33,alt1,20260910512
1506,1,set35,alt2,20260910512
1506,1,set37,alt1,20260910512
1506,1,set41,alt1,20260910512
1506,1,set42,alt2,20260910512
1506,1,set48,alt2,20260910512
1507,3,set3,alt1,20260910513
1507,3,set4,alt2,20260910513
1507,3,set12,alt1,20260910513
1507,3,set22,alt1,20260910513
1507,3,set24,alt1,20260910513
1507,3,set25,alt1,20260910513
1507,3,set28,alt1,20260910513
1507,3,set29,alt1,20260910513
1507,3,set30,alt2,20260910513
1507,3,set31,alt2,20260910513
1507,3,set39,alt2,20260910513
1507,3,set47,alt2,20260910513
1508,3,set3,alt2,20260910514
1508,3,set4,alt1,20260910514
1508,3,set12,alt1,20260910514
1508,3,set22,alt2,20260910514
1508,3,set24,alt1,20260910514
1508,3,set25,alt2,20260910514
1508,3,set28,alt2,20260910514
1508,3,set29,alt1,20260910514
1508,3,set30,alt2,20260910514
1508,3,set31,alt1,20260910514
1508,3,set39,alt1,20260910514
1508,3,set47,alt2,20260910514
1509,1,set5,alt2,20260910515
1509,1,set6,alt2,20260910515
1509,1,set9,alt2,20260910515
1509,1,set11,alt2,20260910515
1509,1,set18,alt1,20260910515
1509,1,set19,alt2,20260910515
1509,1,set33,alt1,20260910515
1509,1,set35,alt2,20260910515
1509,1,set37,alt1,20260910515
1509,1,set41,alt1,20260910515
1509,1,set42,alt2,20260910515
1509,1,set48,alt2,20260910515
1510,3,set3,alt1,20260910516
1510,3,set4,alt2,20260910516
1510,3,set12,alt1,20260910516
1510,3,set22,alt1,20260910516
1510,3,set24,alt1,20260910516
1510,3,set25,alt1,20260910516
1510,3,set28,alt1,20260910516
1510,3,set29,alt1,20260910516
1510,3,set30,alt2,20260910516
1510,3,set31,alt2,20260910516
1510,3,set39,alt2,20260910516
1510,3,set47,alt2,20260910516
1511,4,set14,alt1,20260910517
1511,4,set15,alt2,20260910517
1511,4,set16,alt2,20260910517
1511,4,set17,alt2,20260910517
1511,4,set20,alt1,20260910517
1511,4,set21,alt1,20260910517
1511,4,set23,alt1,20260910517
1511,4,set26,alt1,20260910517
1511,4,set27,alt1,20260910517
1511,4,set32,alt1,20260910517
1511,4,set34,alt2,20260910517
1511,4,set43,alt2,20260910517
1512,2,set1,alt2,20260910518
1512,2,set2,alt1,20260910518
1512,2,set7,alt1,20260910518
1512,2,set8,alt1,20260910518
1512,2,set10,alt1,20260910518
1512,2,set13,alt1,20260910518
1512,2,set36,alt2,20260910518
1512,2,set38,alt2,20260910518
1512,2,set40,alt2,20260910518
1512,2,set44,alt1,20260910518
1512,2,set45,alt2,20260910518
1512,2,set46,alt1,20260910518
1513,4,set14,alt1,20260910519
1513,4,set15,alt2,20260910519
1513,4,set16,alt2,20260910519
1513,4,set17,alt2,20260910519
1513,4,set20,alt1,20260910519
1513,4,set21,alt1,20260910519
1513,4,set23,alt1,20260910519
1513,4,set26,alt1,20260910519
1513,4,set27,alt1,20260910519
1513,4,set32,alt1,20260910519
1513,4,set34,alt2,20260910519
1513,4,set43,alt2,20260910519
1514,3,set3,alt1,20260910520
1514,3,set4,alt2,20260910520
1514,3,set12,alt1,20260910520
1514,3,set22,alt1,20260910520
1514,3,set24,alt1,20260910520
1514,3,set25,alt1,20260910520
1514,3,set28,alt1,20260910520
1514,3,set29,alt1,20260910520
1514,3,set30,alt2,20260910520
1514,3,set31,alt2,20260910520
1514,3,set39,alt2,20260910520
1514,3,set47,alt2,20260910520
1515,2,set1,alt2,20260910521
1515,2,set2,alt1,20260910521
1515,2,set7,alt2,20260910521
1515,2,set8,alt1,20260910521
1515,2,set10,alt2,20260910521
1515,2,set13,alt1,20260910521
1515,2,set36,alt2,20260910521
1515,2,set38,alt1,20260910521
1515,2,set40,alt2,20260910521
1515,2,set44,alt2,20260910521
1515,2,set45,alt2,20260910521
1515,2,set46,alt2,20260910521
1516,4,set14,alt2,20260910522
1516,4,set15,alt2,20260910522
1516,4,set16,alt1,20260910522
1516,4,set17,alt1,20260910522
1516,4,set20,alt1,20260910522
1516,4,set21,alt1,20260910522
1516,4,set23,alt1,20260910522
1516,4,set26,alt1,20260910522
1516,4,set27,alt2,20260910522
1516,4,set32,alt1,20260910522
1516,4,set34,alt2,20260910522
1516,4,set43,alt1,20260910522
1517,3,set3,alt1,20260910523
1517,3,set4,alt2,20260910523
1517,3,set12,alt1,20260910523
1517,3,set22,alt1,20260910523
1517,3,set24,alt1,20260910523
1517,3,set25,alt1,20260910523
1517,3,set28,alt1,20260910523
1517,3,set29,alt1,20260910523
1517,3,set30,alt2,20260910523
1517,3,set31,alt2,20260910523
1517,3,set39,alt2,20260910523
1517,3,set47,alt2,20260910523
1518,2,set1,alt2,20260910524
1518,2,set2,alt1,20260910524
1518,2,set7,alt1,20260910524
1518,2,set8,alt1,20260910524
1518,2,set10,alt2,20260910524
1518,2,set13,alt1,20260910524
1518,2,set36,alt2,20260910524
1518,2,set38,alt2,20260910524
1518,2,set40,alt2,20260910524
1518,2,set44,alt1,20260910524
1518,2,set45,alt2,20260910524
1518,2,set46,alt1,20260910524
1519,3,set3,alt1,20260910525
1519,3,set4,alt2,20260910525
1519,3,set12,alt1,20260910525
1519,3,set22,alt1,20260910525
1519,3,set24,alt1,20260910525
1519,3,set25,alt1,20260910525
1519,3,set28,alt1,20260910525
1519,3,set29,alt1,20260910525
1519,3,set30,alt2,20260910525
1519,3,set31,alt2,20260910525
1519,3,set39,alt2,20260910525
1519,3,set47,alt2,20260910525
1520,4,set14,alt1,20260910526
1520,4,set15,alt1,20260910526
1520,4,set16,alt1,20260910526
1520,4,set17,alt1,20260910526
1520,4,set20,alt1,20260910526
1520,4,set21,alt1,20260910526
1520,4,set23,alt1,20260910526
1520,4,set26,alt1,20260910526
1520,4,set27,alt1,20260910526
1520,4,set32,alt1,20260910526
1520,4,set34,alt2,20260910526
1520,4,set43,alt1,20260910526
1521,2,set1,alt2,20260910527
1521,2,set2,alt1,20260910527
1521,2,set7,alt2,20260910527
1521,2,set8,alt1,20260910527
1521,2,set10,alt2,20260910527
1521,2,set13,alt1,20260910527
1521,2,set36,alt2,20260910527
1521,2,set38,alt1,20260910527
1521,2,set40,alt2,20260910527
1521,2,set44,alt2,20260910527
1521,2,set45,alt2,20260910527
1521,2,set46,alt2,20260910527
1522,2,set1,alt2,20260910528
1522,2,set2,alt1,20260910528
1522,2,set7,alt1,20260910528
1522,2,set8,alt1,20260910528
1522,2,set10,alt1,20260910528
1522,2,set13,alt1,20260910528
1522,2,set36,alt2,20260910528
1522,2,set38,alt2,20260910528
1522,2,set40,alt2,20260910528
1522,2,set44,alt1,20260910528
1522,2,set45,alt2,20260910528
1522,2,set46,alt1,20260910528
1523,1,set5,alt1,20260910529
1523,1,set6,alt1,20260910529
1523,1,set9,alt1,20260910529
1523,1,set11,alt2,20260910529
1523,1,set18,alt1,20260910529
1523,1,set19,alt1,20260910529
1523,1,set33,alt2,20260910529
1523,1,set35,alt2,20260910529
1523,1,set37,alt1,20260910529
1523,1,set41,alt1,20260910529
1523,1,set42,alt2,20260910529
1523,1,set48,alt2,20260910529
1524,1,set5,alt2,20260910530
1524,1,set6,alt2,20260910530
1524,1,set9,alt2,20260910530
1524,1,set11,alt2,20260910530
1524,1,set18,alt2,20260910530
1524,1,set19,alt2,20260910530
1524,1,set33,alt1,20260910530
1524,1,set35,alt2,20260910530
1524,1,set37,alt1,20260910530
1524,1,set41,alt2,20260910530
1524,1,set42,alt2,20260910530
1524,1,set48,alt2,20260910530
1525,2,set1,alt2,20260910531
1525,2,set2,alt1,20260910531
1525,2,set7,alt2,20260910531
1525,2,set8,alt1,20260910531
1525,2,set10,alt2,20260910531
1525,2,set13,alt1,20260910531
1525,2,set36,alt2,20260910531
1525,2,set38,alt1,20260910531
1525,2,set40,alt2,20260910531
1525,2,set44,alt2,20260910531
1525,2,set45,alt2,20260910531
1525,2,set46,alt2,20260910531
1526,2,set1,alt2,20260910532
1526,2,set2,alt1,20260910532
1526,2,set7,alt1,20260910532
1526,2,set8,alt1,20260910532
1526,2,set10,alt1,20260910532
1526,2,set13,alt1,20260910532
1526,2,set36,alt2,20260910532
1526,2,set38,alt2,20260910532
1526,2,set40,alt2,20260910532
1526,2,set44,alt1,20260910532
1526,2,set45,alt2,20260910532
1526,2,set46,alt1,20260910532
1527,3,set3,alt1,20260910533
1527,3,set4,alt2,20260910533
1527,3,set12,alt1,20260910533
1527,3,set22,alt1,20260910533
1527,3,set24,alt1,20260910533
1527,3,set25,alt1,20260910533
1527,3,set28,alt1,20260910533
1527,3,set29,alt1,20260910533
1527,3,set30,alt2,20260910533
1527,3,set31,alt2,20260910533
1527,3,set39,alt2,20260910533
1527,3,set47,alt2,20260910533
1528,4,set14,alt1,20260910534
1528,4,set15,alt2,20260910534
1528,4,set16,alt2,20260910534
1528,4,set17,alt2,20260910534
1528,4,set20,alt1,20260910534
1528,4,set21,alt1,20260910534
1528,4,set23,alt1,20260910534
1528,4,set26,alt1,20260910534
1528,4,set27,alt1,20260910534
1528,4,set32,alt1,20260910534
1528,4,set34,alt2,20260910534
1528,4,set43,alt2,20260910534
1529,1,set5,alt2,20260910535
1529,1,set6,alt1,20260910535
1529,1,set9,alt2,20260910535
1529,1,set11,alt2,20260910535
1529,1,set18,alt2,20260910535
1529,1,set19,alt2,20260910535
1529,1,set33,alt1,20260910535
1529,1,set35,alt2,20260910535
1529,1,set37,alt1,20260910535
1529,1,set41,alt1,20260910535
1529,1,set42,alt2,20260910535
1529,1,set48,alt2,20260910535
1530,3,set3,alt1,20260910536
1530,3,set4,alt2,20260910536
1530,3,set12,alt1,20260910536
1530,3,set22,alt1,20260910536
1530,3,set24,alt1,20260910536
1530,3,set25,alt1,20260910536
1530,3,set28,alt1,20260910536
1530,3,set29,alt1,20260910536
1530,3,set30,alt2,20260910536
1530,3,set31,alt2,20260910536
1530,3,set39,alt2,20260910536
1530,3,set47,alt2,20260910536
1531,4,set14,alt1,20260910537
1531,4,set15,alt1,20260910537
1531,4,set16,alt1,20260910537
1531,4,set17,alt1,20260910537
1531,4,set20,alt1,20260910537
1531,4,set21,alt1,20260910537
1531,4,set23,alt1,20260910537
1531,4,set26,alt1,20260910537
1531,4,set27,alt1,20260910537
1531,4,set32,alt1,20260910537
1531,4,set34,alt2,20260910537
1531,4,set43,alt1,20260910537
1532,2,set1,alt2,20260910538
1532,2,set2,alt1,20260910538
1532,2,set7,alt1,20260910538
1532,2,set8,alt1,20260910538
1532,2,set10,alt1,20260910538
1532,2,set13,alt1,20260910538
1532,2,set36,alt2,20260910538
1532,2,set38,alt2,20260910538
1532,2,set40,alt2,20260910538
1532,2,set44,alt1,20260910538
1532,2,set45,alt2,20260910538
1532,2,set46,alt1,20260910538
1533,3,set3,alt1,20260910539
1533,3,set4,alt2,20260910539
1533,3,set12,alt1,20260910539
1533,3,set22,alt1,20260910539
1533,3,set24,alt1,20260910539
1533,3,set25,alt1,20260910539
1533,3,set28,alt1,20260910539
1533,3,set29,alt1,20260910539
1533,3,set30,alt2,20260910539
1533,3,set31,alt2,20260910539
1533,3,set39,alt2,20260910539
1533,3,set47,alt2,20260910539
1534,4,set14,alt1,20260910540
1534,4,set15,alt2,20260910540
1534,4,set16,alt2,20260910540
1534,4,set17,alt2,20260910540
1534,4,set20,alt1,20260910540
1534,4,set21,alt1,20260910540
1534,4,set23,alt1,20260910540
1534,4,set26,alt1,20260910540
1534,4,set27,alt1,20260910540
1534,4,set32,alt1,20260910540
1534,4,set34,alt2,20260910540
1534,4,set43,alt2,20260910540
1535,4,set14,alt2,20260910541
1535,4,set15,alt2,20260910541
1535,4,set16,alt1,20260910541
1535,4,set17,alt1,20260910541
1535,4,set20,alt1,20260910541
1535,4,set21,alt1,20260910541
1535,4,set23,alt1,20260910541
1535,4,set26,alt1,20260910541
1535,4,set27,alt2,20260910541
1535,4,set32,alt1,20260910541
1535,4,set34,alt2,20260910541
1535,4,set43,alt1,20260910541
1536,2,set1,alt2,20260910542
1536,2,set2,alt1,20260910542
1536,2,set7,alt1,20260910542
1536,2,set8,alt1,20260910542
1536,2,set10,alt1,20260910542
1536,2,set13,alt1,20260910542
1536,2,set36,alt2,20260910542
1536,2,set38,alt2,20260910542
1536,2,set40,alt2,20260910542
1536,2,set44,alt1,20260910542
1536,2,set45,alt2,20260910542
1536,2,set46,alt1,20260910542
1537,1,set5,alt2,20260910543
1537,1,set6,alt2,20260910543
1537,1,set9,alt2,20260910543
1537,1,set11,alt2,20260910543
1537,1,set18,alt1,20260910543
1537,1,set19,alt2,20260910543
1537,1,set33,alt1,20260910543
1537,1,set35,alt2,20260910543
1537,1,set37,alt1,20260910543
1537,1,set41,alt1,20260910543
1537,1,set42,alt2,20260910543
1537,1,set48,alt2,20260910543
1538,4,set14,alt1,20260910544
1538,4,set15,alt2,20260910544
1538,4,set16,alt2,20260910544
1538,4,set17,alt2,20260910544
1538,4,set20,alt1,20260910544
1538,4,set21,alt1,20260910544
1538,4,set23,alt1,20260910544
1538,4,set26,alt1,20260910544
1538,4,set27,alt1,20260910544
1538,4,set32,alt1,20260910544
1538,4,set34,alt2,20260910544
1538,4,set43,alt2,20260910544
1539,2,set1,alt2,20260910545
1539,2,set2,alt1,20260910545
1539,2,set7,alt1,20260910545
1539,2,set8,alt1,20260910545
1539,2,set10,alt1,20260910545
1539,2,set13,alt1,20260910545
1539,2,set36,alt2,20260910545
1539,2,set38,alt2,20260910545
1539,2,set40,alt2,20260910545
1539,2,set44,alt1,20260910545
1539,2,set45,alt2,20260910545
1539,2,set46,alt1,20260910545
1540,3,set3,alt1,20260910546
1540,3,set4,alt2,20260910546
1540,3,set12,alt1,20260910546
1540,3,set22,alt1,20260910546
1540,3,set24,alt1,20260910546
1540,3,set25,alt1,20260910546
1540,3,set28,alt1,20260910546
1540,3,set29,alt1,20260910546
1540,3,set30,alt2,20260910546
1540,3,set31,alt2,20260910546
1540,3,set39,alt2,20260910546
1540,3,set47,alt2,20260910546
1541,4,set14,alt1,20260910547
1541,4,set15,alt1,20260910547
1541,4,set16,alt1,20260910547
1541,4,set17,alt1,20260910547
1541,4,set20,alt1,20260910547
1541,4,set21,alt1,20260910547
1541,4,set23,alt1,20260910547
1541,4,set26,alt1,20260910547
1541,4,set27,alt1,20260910547
1541,4,set32,alt1,20260910547
1541,4,set34,alt2,20260910547
1541,4,set43,alt1,20260910547
1542,3,set3,alt1,20260910548
1542,3,set4,alt2,20260910548
1542,3,set12,alt1,20260910548
1542,3,set22,alt1,20260910548
1542,3,set24,alt1,20260910548
1542,3,set25,alt1,20260910548
1542,3,set28,alt1,20260910548
1542,3,set29,alt1,20260910548
1542,3,set30,alt2,20260910548
1542,3,set31,alt2,20260910548
1542,3,set39,alt2,20260910548
1542,3,set47,alt2,20260910548
1543,4,set14,alt1,20260910549
1543,4,set15,alt1,20260910549
1543,4,set16,alt1,20260910549
1543,4,set17,alt1,20260910549
1543,4,set20,alt1,20260910549
1543,4,set21,alt1,20260910549
1543,4,set23,alt1,20260910549
1543,4,set26,alt1,20260910549
1543,4,set27,alt1,20260910549
1543,4,set32,alt1,20260910549
1543,4,set34,alt2,20260910549
1543,4,set43,alt1,20260910549
1544,2,set1,alt2,20260910550
1544,2,set2,alt1,20260910550
1544,2,set7,alt1,20260910550
1544,2,set8,alt1,20260910550
1544,2,set10,alt1,20260910550
1544,2,set13,alt1,20260910550
1544,2,set36,alt2,20260910550
1544,2,set38,alt2,20260910550
1544,2,set40,alt2,20260910550
1544,2,set44,alt1,20260910550
1544,2,set45,alt2,20260910550
1544,2,set46,alt1,20260910550
1545,4,set14,alt1,20260910551
1545,4,set15,alt2,20260910551
1545,4,set16,alt2,20260910551
1545,4,set17,alt2,20260910551
1545,4,set20,alt1,20260910551
1545,4,set21,alt1,20260910551
1545,4,set23,alt1,20260910551
1545,4,set26,alt1,20260910551
1545,4,set27,alt1,20260910551
1545,4,set32,alt1,20260910551
1545,4,set34,alt2,20260910551
1545,4,set43,alt2,20260910551
1546,3,set3,alt1,20260910552
1546,3,set4,alt2,20260910552
1546,3,set12,alt1,20260910552
1546,3,set22,alt1,20260910552
1546,3,set24,alt1,20260910552
1546,3,set25,alt1,20260910552
1546,3,set28,alt1,20260910552
1546,3,set29,alt1,20260910552
1546,3,set30,alt2,20260910552
1546,3,set31,alt2,20260910552
1546,3,set39,alt2,20260910552
1546,3,set47,alt2,20260910552
1547,1,set5,alt2,20260910553
1547,1,set6,alt1,20260910553
1547,1,set9,alt2,20260910553
1547,1,set11,alt2,20260910553
1547,1,set18,alt2,20260910553
1547,1,set19,alt2,20260910553
1547,1,set33,alt1,20260910553
1547,1,set35,alt2,20260910553
1547,1,set37,alt1,20260910553
1547,1,set41,alt1,20260910553
1547,1,set42,alt2,20260910553
1547,1,set48,alt2,20260910553
1548,1,set5,alt1,20260910554
1548,1,set6,alt1,20260910554
1548,1,set9,alt1,20260910554
1548,1,set11,alt2,20260910554
1548,1,set18,alt1,20260910554
1548,1,set19,alt1,20260910554
1548,1,set33,alt2,20260910554
1548,1,set35,alt2,20260910554
1548,1,set37,alt1,20260910554
1548,1,set41,alt1,20260910554
1548,1,set42,alt2,20260910554
1548,1,set48,alt2,20260910554
1549,3,set3,alt1,20260910555
1549,3,set4,alt2,20260910555
1549,3,set12,alt1,20260910555
1549,3,set22,alt1,20260910555
1549,3,set24,alt1,20260910555
1549,3,set25,alt1,20260910555
1549,3,set28,alt1,20260910555
1549,3,set29,alt1,20260910555
1549,3,set30,alt2,20260910555
1549,3,set31,alt2,20260910555
1549,3,set39,alt2,20260910555
1549,3,set47,alt2,20260910555
1550,1,set5,alt1,20260910556
1550,1,set6,alt1,20260910556
1550,1,set9,alt1,20260910556
1550,1,set11,alt2,20260910556
1550,1,set18,alt1,20260910556
1550,1,set19,alt1,20260910556
1550,1,set33,alt2,20260910556
1550,1,set35,alt2,20260910556
1550,1,set37,alt1,20260910556
1550,1,set41,alt1,20260910556
1550,1,set42,alt2,20260910556
1550,1,set48,alt2,20260910556
1551,2,set1,alt2,20260910557
1551,2,set2,alt1,20260910557
1551,2,set7,alt2,20260910557
1551,2,set8,alt1,20260910557
1551,2,set10,alt2,20260910557
1551,2,set13,alt1,20260910557
1551,2,set36,alt2,20260910557
1551,2,set38,alt1,20260910557
1551,2,set40,alt2,20260910557
1551,2,set44,alt2,20260910557
1551,2,set45,alt2,20260910557
1551,2,set46,alt2,20260910557
1552,2,set1,alt2,20260910558
1552,2,set2,alt1,20260910558
1552,2,set7,alt2,20260910558
1552,2,set8,alt1,20260910558
1552,2,set10,alt2,20260910558
1552,2,set13,alt1,20260910558
1552,2,set36,alt2,20260910558
1552,2,set38,alt1,20260910558
1552,2,set40,alt2,20260910558
1552,2,set44,alt2,20260910558
1552,2,set45,alt2,20260910558
1552,2,set46,alt2,20260910558
1553,3,set3,alt2,20260910559
1553,3,set4,alt1,20260910559
1553,3,set12,alt1,20260910559
1553,3,set22,alt2,20260910559
1553,3,set24,alt1,20260910559
1553,3,set25,alt2,20260910559
1553,3,set28,alt2,20260910559
1553,3,set29,alt1,20260910559
1553,3,set30,alt2,20260910559
1553,3,set31,alt1,20260910559
1553,3,set39,alt1,20260910559
1553,3,set47,alt2,20260910559
1554,3,set3,alt2,20260910560
1554,3,set4,alt1,20260910560
1554,3,set12,alt1,20260910560
1554,3,set22,alt2,20260910560
1554,3,set24,alt1,20260910560
1554,3,set25,alt2,20260910560
1554,3,set28,alt2,20260910560
1554,3,set29,alt1,20260910560
1554,3,set30,alt2,20260910560
1554,3,set31,alt1,20260910560
1554,3,set39,alt1,20260910560
1554,3,set47,alt2,20260910560
1555,3,set3,alt2,20260910561
1555,3,set4,alt2,20260910561
1555,3,set12,alt1,20260910561
1555,3,set22,alt2,20260910561
1555,3,set24,alt1,20260910561
1555,3,set25,alt1,20260910561
1555,3,set28,alt1,20260910561
1555,3,set29,alt1,20260910561
1555,3,set30,alt2,20260910561
1555,3,set31,alt2,20260910561
1555,3,set39,alt2,20260910561
1555,3,set47,alt2,20260910561
1556,2,set1,alt2,20260910562
1556,2,set2,alt1,20260910562
1556,2,set7,alt1,20260910562
1556,2,set8,alt1,20260910562
1556,2,set10,alt1,20260910562
1556,2,set13,alt1,20260910562
1556,2,set36,alt2,20260910562
1556,2,set38,alt2,20260910562
1556,2,set40,alt2,20260910562
1556,2,set44,alt1,20260910562
1556,2,set45,alt2,20260910562
1556,2,set46,alt1,20260910562
1557,3,set3,alt1,20260910563
1557,3,set4,alt2,20260910563
1557,3,set12,alt1,20260910563
1557,3,set22,alt1,20260910563
1557,3,set24,alt1,20260910563
1557,3,set25,alt1,20260910563
1557,3,set28,alt1,20260910563
1557,3,set29,alt1,20260910563
1557,3,set30,alt2,20260910563
1557,3,set31,alt2,20260910563
1557,3,set39,alt2,20260910563
1557,3,set47,alt2,20260910563
1558,3,set3,alt2,20260910564
1558,3,set4,alt2,20260910564
1558,3,set12,alt1,20260910564
1558,3,set22,alt2,20260910564
1558,3,set24,alt1,20260910564
1558,3,set25,alt1,20260910564
1558,3,set28,alt1,20260910564
1558,3,set29,alt1,20260910564
1558,3,set30,alt2,20260910564
1558,3,set31,alt2,20260910564
1558,3,set39,alt2,20260910564
1558,3,set47,alt2,20260910564
1559,1,set5,alt1,20260910565
1559,1,set6,alt2,20260910565
1559,1,set9,alt1,20260910565
1559,1,set11,alt2,20260910565
1559,1,set18,alt1,20260910565
1559,1,set19,alt2,20260910565
1559,1,set33,alt1,20260910565
1559,1,set35,alt2,20260910565
1559,1,set37,alt1,20260910565
1559,1,set41,alt1,20260910565
1559,1,set42,alt1,20260910565
1559,1,set48,alt2,20260910565
1560,1,set5,alt2,20260910566
1560,1,set6,alt2,20260910566
1560,1,set9,alt2,20260910566
1560,1,set11,alt2,20260910566
1560,1,set18,alt2,20260910566
1560,1,set19,alt2,20260910566
1560,1,set33,alt1,20260910566
1560,1,set35,alt2,20260910566
1560,1,set37,alt1,20260910566
1560,1,set41,alt2,20260910566
1560,1,set42,alt2,20260910566
1560,1,set48,alt2,20260910566
1561,2,set1,alt2,20260910567
1561,2,set2,alt1,20260910567
1561,2,set7,alt1,20260910567
1561,2,set8,alt1,20260910567
1561,2,set10,alt1,20260910567
1561,2,set13,alt1,20260910567
1561,2,set36,alt2,20260910567
1561,2,set38,alt2,20260910567
1561,2,set40,alt2,20260910567
1561,2,set44,alt1,20260910567
1561,2,set45,alt2,20260910567
1561,2,set46,alt1,20260910567
1562,1,set5,alt2,20260910568
1562,1,set6,alt2,20260910568
1562,1,set9,alt2,20260910568
1562,1,set11,alt2,20260910568
1562,1,set18,alt2,20260910568
1562,1,set19,alt2,20260910568
1562,1,set33,alt1,20260910568
1562,1,set35,alt2,20260910568
1562,1,set37,alt1,20260910568
1562,1,set41,alt2,20260910568
1562,1,set42,alt2,20260910568
1562,1,set48,alt2,20260910568
1563,4,set14,alt1,20260910569
1563,4,set15,alt2,20260910569
1563,4,set16,alt2,20260910569
1563,4,set17,alt2,20260910569
1563,4,set20,alt1,20260910569
1563,4,set21,alt1,20260910569
1563,4,set23,alt1,20260910569
1563,4,set26,alt1,20260910569
1563,4,set27,alt1,20260910569
1563,4,set32,alt1,20260910569
1563,4,set34,alt2,20260910569
1563,4,set43,alt2,20260910569
1564,2,set1,alt2,20260910570
1564,2,set2,alt1,20260910570
1564,2,set7,alt1,20260910570
1564,2,set8,alt1,20260910570
1564,2,set10,alt2,20260910570
1564,2,set13,alt1,20260910570
1564,2,set36,alt2,20260910570
1564,2,set38,alt2,20260910570
1564,2,set40,alt2,20260910570
1564,2,set44,alt1,20260910570
1564,2,set45,alt2,20260910570
1564,2,set46,alt1,20260910570
1565,3,set3,alt1,20260910571
1565,3,set4,alt2,20260910571
1565,3,set12,alt1,20260910571
1565,3,set22,alt1,20260910571
1565,3,set24,alt1,20260910571
1565,3,set25,alt1,20260910571
1565,3,set28,alt1,20260910571
1565,3,set29,alt1,20260910571
1565,3,set30,alt2,20260910571
1565,3,set31,alt2,20260910571
1565,3,set39,alt2,20260910571
1565,3,set47,alt2,20260910571
1566,3,set3,alt1,20260910572
1566,3,set4,alt2,20260910572
1566,3,set12,alt1,20260910572
1566,3,set22,alt1,20260910572
1566,3,set24,alt1,20260910572
1566,3,set25,alt1,20260910572
1566,3,set28,alt1,20260910572
1566,3,set29,alt1,20260910572
1566,3,set30,alt2,20260910572
1566,3,set31,alt2,20260910572
1566,3,set39,alt2,20260910572
1566,3,set47,alt2,20260910572
1567,4,set14,alt1,20260910573
1567,4,set15,alt2,20260910573
1567,4,set16,alt2,20260910573
1567,4,set17,alt2,20260910573
1567,4,set20,alt1,20260910573
1567,4,set21,alt1,20260910573
1567,4,set23,alt1,20260910573
1567,4,set26,alt1,20260910573
1567,4,set27,alt1,20260910573
1567,4,set32,alt1,20260910573
1567,4,set34,alt2,20260910573
1567,4,set43,alt2,20260910573
1568,4,set14,alt1,20260910574
1568,4,set15,alt2,20260910574
1568,4,set16,alt2,20260910574
1568,4,set17,alt2,20260910574
1568,4,set20,alt1,20260910574
1568,4,set21,alt1,20260910574
1568,4,set23,alt1,20260910574
1568,4,set26,alt1,20260910574
1568,4,set27,alt1,20260910574
1568,4,set32,alt1,20260910574
1568,4,set34,alt2,20260910574
1568,4,set43,alt2,20260910574
1569,4,set14,alt1,20260910575
1569,4,set15,alt2,20260910575
1569,4,set16,alt2,20260910575
1569,4,set17,alt2,20260910575
1569,4,set20,alt1,20260910575
1569,4,set21,alt1,20260910575
1569,4,set23,alt1,20260910575
1569,4,set26,alt1,20260910575
1569,4,set27,alt1,20260910575
1569,4,set32,alt1,20260910575
1569,4,set34,alt2,20260910575
1569,4,set43,alt2,20260910575
1570,3,set3,alt2,20260910576
1570,3,set4,alt1,20260910576
1570,3,set12,alt1,20260910576
1570,3,set22,alt2,20260910576
1570,3,set24,alt1,20260910576
1570,3,set25,alt2,20260910576
1570,3,set28,alt2,20260910576
1570,3,set29,alt1,20260910576
1570,3,set30,alt2,20260910576
1570,3,set31,alt1,20260910576
1570,3,set39,alt1,20260910576
1570,3,set47,alt2,20260910576
1571,2,set1,alt2,20260910577
1571,2,set2,alt1,20260910577
1571,2,set7,alt1,20260910577
1571,2,set8,alt1,20260910577
1571,2,set10,alt1,20260910577
1571,2,set13,alt1,20260910577
1571,2,set36,alt2,20260910577
1571,2,set38,alt2,20260910577
1571,2,set40,alt2,20260910577
1571,2,set44,alt1,20260910577
1571,2,set45,alt2,20260910577
1571,2,set46,alt1,20260910577
1572,1,set5,alt1,20260910578
1572,1,set6,alt1,20260910578
1572,1,set9,alt1,20260910578
1572,1,set11,alt2,20260910578
1572,1,set18,alt1,20260910578
1572,1,set19,alt1,20260910578
1572,1,set33,alt2,20260910578
1572,1,set35,alt2,20260910578
1572,1,set37,alt1,20260910578
1572,1,set41,alt1,20260910578
1572,1,set42,alt2,20260910578
1572,1,set48,alt2,20260910578
1573,2,set1,alt2,20260910579
1573,2,set2,alt1,20260910579
1573,2,set7,alt1,20260910579
1573,2,set8,alt1,20260910579
1573,2,set10,alt1,20260910579
1573,2,set13,alt1,20260910579
1573,2,set36,alt2,20260910579
1573,2,set38,alt2,20260910579
1573,2,set40,alt2,20260910579
1573,2,set44,alt1,20260910579
1573,2,set45,alt2,20260910579
1573,2,set46,alt1,20260910579
1574,1,set5,alt2,20260910580
1574,1,set6,alt2,20260910580
1574,1,set9,alt2,20260910580
1574,1,set11,alt2,20260910580
1574,1,set18,alt1,20260910580
1574,1,set19,alt2,20260910580
1574,1,set33,alt1,20260910580
1574,1,set35,alt2,20260910580
1574,1,set37,alt1,20260910580
1574,1,set41,alt1,20260910580
1574,1,set42,alt2,20260910580
1574,1,set48,alt2,20260910580
1575,1,set5,alt2,20260910581
1575,1,set6,alt2,20260910581
1575,1,set9,alt2,20260910581
1575,1,set11,alt2,20260910581
1575,1,set18,alt2,20260910581
1575,1,set19,alt2,20260910581
1575,1,set33,alt1,20260910581
1575,1,set35,alt2,20260910581
1575,1,set37,alt1,20260910581
1575,1,set41,alt2,20260910581
1575,1,set42,alt2,20260910581
1575,1,set48,alt2,20260910581
1576,2,set1,alt2,20260910582
1576,2,set2,alt1,20260910582
1576,2,set7,alt2,20260910582
1576,2,set8,alt1,20260910582
1576,2,set10,alt2,20260910582
1576,2,set13,alt1,20260910582
1576,2,set36,alt2,20260910582
1576,2,set38,alt1,20260910582
1576,2,set40,alt2,20260910582
1576,2,set44,alt2,20260910582
1576,2,set45,alt2,20260910582
1576,2,set46,alt2,20260910582
1577,2,set1,alt2,20260910583
1577,2,set2,alt1,20260910583
1577,2,set7,alt1,20260910583
1577,2,set8,alt1,20260910583
1577,2,set10,alt1,20260910583
1577,2,set13,alt1,20260910583
1577,2,set36,alt2,20260910583
1577,2,set38,alt2,20260910583
1577,2,set40,alt2,20260910583
1577,2,set44,alt1,20260910583
1577,2,set45,alt2,20260910583
1577,2,set46,alt1,20260910583
1578,3,set3,alt2,20260910584
1578,3,set4,alt2,20260910584
1578,3,set12,alt1,20260910584
1578,3,set22,alt2,20260910584
1578,3,set24,alt1,20260910584
1578,3,set25,alt1,20260910584
1578,3,set28,alt1,20260910584
1578,3,set29,alt1,20260910584
1578,3,set30,alt2,20260910584
1578,3,set31,alt2,20260910584
1578,3,set39,alt2,20260910584
1578,3,set47,alt2,20260910584
1579,4,set14,alt1,20260910585
1579,4,set15,alt2,20260910585
1579,4,set16,alt1,20260910585
1579,4,set17,alt2,20260910585
1579,4,set20,alt1,20260910585
1579,4,set21,alt1,20260910585
1579,4,set23,alt1,20260910585
1579,4,set26,alt1,20260910585
1579,4,set27,alt1,20260910585
1579,4,set32,alt1,20260910585
1579,4,set34,alt1,20260910585
1579,4,set43,alt1,20260910585
1580,4,set14,alt1,20260910586
1580,4,set15,alt2,20260910586
1580,4,set16,alt2,20260910586
1580,4,set17,alt2,20260910586
1580,4,set20,alt1,20260910586
1580,4,set21,alt1,20260910586
1580,4,set23,alt1,20260910586
1580,4,set26,alt1,20260910586
1580,4,set27,alt1,20260910586
1580,4,set32,alt1,20260910586
1580,4,set34,alt2,20260910586
1580,4,set43,alt2,20260910586
1581,1,set5,alt1,20260910587
1581,1,set6,alt1,20260910587
1581,1,set9,alt1,20260910587
1581,1,set11,alt2,20260910587
1581,1,set18,alt1,20260910587
1581,1,set19,alt1,20260910587
1581,1,set33,alt2,20260910587
1581,1,set35,alt2,20260910587
1581,1,set37,alt1,20260910587
1581,1,set41,alt1,20260910587
1581,1,set42,alt2,20260910587
1581,1,set48,alt2,20260910587
1582,3,set3,alt2,20260910588
1582,3,set4,alt1,20260910588
1582,3,set12,alt1,20260910588
1582,3,set22,alt2,20260910588
1582,3,set24,alt1,20260910588
1582,3,set25,alt2,20260910588
1582,3,set28,alt2,20260910588
1582,3,set29,alt1,20260910588
1582,3,set30,alt2,20260910588
1582,3,set31,alt1,20260910588
1582,3,set39,alt1,20260910588
1582,3,set47,alt2,20260910588
1583,3,set3,alt1,20260910589
1583,3,set4,alt2,20260910589
1583,3,set12,alt1,20260910589
1583,3,set22,alt1,20260910589
1583,3,set24,alt1,20260910589
1583,3,set25,alt1,20260910589
1583,3,set28,alt1,20260910589
1583,3,set29,alt1,20260910589
1583,3,set30,alt2,20260910589
1583,3,set31,alt2,20260910589
1583,3,set39,alt2,20260910589
1583,3,set47,alt2,20260910589
1584,4,set14,alt1,20260910590
1584,4,set15,alt2,20260910590
1584,4,set16,alt2,20260910590
1584,4,set17,alt2,20260910590
1584,4,set20,alt1,20260910590
1584,4,set21,alt1,20260910590
1584,4,set23,alt1,20260910590
1584,4,set26,alt1,20260910590
1584,4,set27,alt1,20260910590
1584,4,set32,alt1,20260910590
1584,4,set34,alt2,20260910590
1584,4,set43,alt2,20260910590
1585,2,set1,alt2,20260910591
1585,2,set2,alt1,20260910591
1585,2,set7,alt1,20260910591
1585,2,set8,alt1,20260910591
1585,2,set10,alt1,20260910591
1585,2,set13,alt1,20260910591
1585,2,set36,alt2,20260910591
1585,2,set38,alt2,20260910591
1585,2,set40,alt2,20260910591
1585,2,set44,alt1,20260910591
1585,2,set45,alt2,20260910591
1585,2,set46,alt1,20260910591
1586,2,set1,alt2,20260910592
1586,2,set2,alt1,20260910592
1586,2,set7,alt1,20260910592
1586,2,set8,alt1,20260910592
1586,2,set10,alt2,20260910592
1586,2,set13,alt1,20260910592
1586,2,set36,alt2,20260910592
1586,2,set38,alt2,20260910592
1586,2,set40,alt2,20260910592
1586,2,set44,alt1,20260910592
1586,2,set45,alt2,20260910592
1586,2,set46,alt1,20260910592
1587,1,set5,alt1,20260910593
1587,1,set6,alt2,20260910593
1587,1,set9,alt1,20260910593
1587,1,set11,alt2,20260910593
1587,1,set18,alt2,20260910593
1587,1,set19,alt2,20260910593
1587,1,set33,alt1,20260910593
1587,1,set35,alt2,20260910593
1587,1,set37,alt1,20260910593
1587,1,set41,alt1,20260910593
1587,1,set42,alt1,20260910593
1587,1,set48,alt2,20260910593
1588,3,set3,alt1,20260910594
1588,3,set4,alt2,20260910594
1588,3,set12,alt1,20260910594
1588,3,set22,alt1,20260910594
1588,3,set24,alt1,20260910594
1588,3,set25,alt1,20260910594
1588,3,set28,alt1,20260910594
1588,3,set29,alt1,20260910594
1588,3,set30,alt2,20260910594
1588,3,set31,alt2,20260910594
1588,3,set39,alt2,20260910594
1588,3,set47,alt2,20260910594
1589,1,set5,alt2,20260910595
1589,1,set6,alt2,20260910595
1589,1,set9,alt2,20260910595
1589,1,set11,alt2,20260910595
1589,1,set18,alt2,20260910595
1589,1,set19,alt2,20260910595
1589,1,set33,alt1,20260910595
1589,1,set35,alt2,20260910595
1589,1,set37,alt1,20260910595
1589,1,set41,alt2,20260910595
1589,1,set42,alt2,20260910595
1589,1,set48,alt2,20260910595
1590,4,set14,alt1,20260910596
1590,4,set15,alt2,20260910596
1590,4,set16,alt2,20260910596
1590,4,set17,alt2,20260910596
1590,4,set20,alt1,20260910596
1590,4,set21,alt1,20260910596
1590,4,set23,alt1,20260910596
1590,4,set26,alt1,20260910596
1590,4,set27,alt1,20260910596
1590,4,set32,alt1,20260910596
1590,4,set34,alt2,20260910596
1590,4,set43,alt2,20260910596
1591,3,set3,alt1,20260910597
1591,3,set4,alt2,20260910597
1591,3,set12,alt1,20260910597
1591,3,set22,alt1,20260910597
1591,3,set24,alt1,20260910597
1591,3,set25,alt1,20260910597
1591,3,set28,alt1,20260910597
1591,3,set29,alt1,20260910597
1591,3,set30,alt2,20260910597
1591,3,set31,alt2,20260910597
1591,3,set39,alt2,20260910597
1591,3,set47,alt2,20260910597
1592,4,set14,alt1,20260910598
1592,4,set15,alt2,20260910598
1592,4,set16,alt2,20260910598
1592,4,set17,alt2,20260910598
1592,4,set20,alt1,20260910598
1592,4,set21,alt1,20260910598
1592,4,set23,alt1,20260910598
1592,4,set26,alt1,20260910598
1592,4,set27,alt1,20260910598
1592,4,set32,alt1,20260910598
1592,4,set34,alt2,20260910598
1592,4,set43,alt2,20260910598
1593,1,set5,alt1,20260910599
1593,1,set6,alt1,20260910599
1593,1,set9,alt1,20260910599
1593,1,set11,alt2,20260910599
1593,1,set18,alt1,20260910599
1593,1,set19,alt1,20260910599
1593,1,set33,alt2,20260910599
1593,1,set35,alt2,20260910599
1593,1,set37,alt1,20260910599
1593,1,set41,alt1,20260910599
1593,1,set42,alt2,20260910599
1593,1,set48,alt2,20260910599
1594,3,set3,alt2,20260910600
1594,3,set4,alt1,20260910600
1594,3,set12,alt1,20260910600
1594,3,set22,alt2,20260910600
1594,3,set24,alt1,20260910600
1594,3,set25,alt2,20260910600
1594,3,set28,alt2,20260910600
1594,3,set29,alt1,20260910600
1594,3,set30,alt2,20260910600
1594,3,set31,alt1,20260910600
1594,3,set39,alt1,20260910600
1594,3,set47,alt2,20260910600
1595,4,set14,alt1,20260910601
1595,4,set15,alt2,20260910601
1595,4,set16,alt2,20260910601
1595,4,set17,alt2,20260910601
1595,4,set20,alt1,20260910601
1595,4,set21,alt1,20260910601
1595,4,set23,alt1,20260910601
1595,4,set26,alt1,20260910601
1595,4,set27,alt1,20260910601
1595,4,set32,alt1,20260910601
1595,4,set34,alt2,20260910601
1595,4,set43,alt2,20260910601
1596,4,set14,alt1,20260910602
1596,4,set15,alt1,20260910602
1596,4,set16,alt1,20260910602
1596,4,set17,alt1,20260910602
1596,4,set20,alt1,20260910602
1596,4,set21,alt1,20260910602
1596,4,set23,alt1,20260910602
1596,4,set26,alt1,20260910602
1596,4,set27,alt1,20260910602
1596,4,set32,alt1,20260910602
1596,4,set34,alt2,20260910602
1596,4,set43,alt1,20260910602
1597,1,set5,alt1,20260910603
1597,1,set6,alt1,20260910603
1597,1,set9,alt1,20260910603
1597,1,set11,alt2,20260910603
1597,1,set18,alt1,20260910603
1597,1,set19,alt1,20260910603
1597,1,set33,alt2,20260910603
1597,1,set35,alt2,20260910603
1597,1,set37,alt1,20260910603
1597,1,set41,alt1,20260910603
1597,1,set42,alt2,20260910603
1597,1,set48,alt2,20260910603
1598,2,set1,alt2,20260910604
1598,2,set2,alt1,20260910604
1598,2,set7,alt1,20260910604
1598,2,set8,alt1,20260910604
1598,2,set10,alt2,20260910604
1598,2,set13,alt1,20260910604
1598,2,set36,alt2,20260910604
1598,2,set38,alt2,20260910604
1598,2,set40,alt2,20260910604
1598,2,set44,alt1,20260910604
1598,2,set45,alt2,20260910604
1598,2,set46,alt1,20260910604
1599,2,set1,alt2,20260910605
1599,2,set2,alt1,20260910605
1599,2,set7,alt1,20260910605
1599,2,set8,alt1,20260910605
1599,2,set10,alt1,20260910605
1599,2,set13,alt1,20260910605
1599,2,set36,alt2,20260910605
1599,2,set38,alt2,20260910605
1599,2,set40,alt2,20260910605
1599,2,set44,alt1,20260910605
1599,2,set45,alt2,20260910605
1599,2,set46,alt1,20260910605
1600,3,set3,alt1,20260910606
1600,3,set4,alt2,20260910606
1600,3,set12,alt1,20260910606
1600,3,set22,alt1,20260910606
1600,3,set24,alt1,20260910606
1600,3,set25,alt1,20260910606
1600,3,set28,alt1,20260910606
1600,3,set29,alt1,20260910606
1600,3,set30,alt2,20260910606
1600,3,set31,alt2,20260910606
1600,3,set39,alt2,20260910606
1600,3,set47,alt2,20260910606
1601,4,set14,alt1,20260910607
1601,4,set15,alt2,20260910607
1601,4,set16,alt2,20260910607
1601,4,set17,alt2,20260910607
1601,4,set20,alt1,20260910607
1601,4,set21,alt1,20260910607
1601,4,set23,alt1,20260910607
1601,4,set26,alt1,20260910607
1601,4,set27,alt1,20260910607
1601,4,set32,alt1,20260910607
1601,4,set34,alt2,20260910607
1601,4,set43,alt2,20260910607
1602,1,set5,alt2,20260910608
1602,1,set6,alt2,20260910608
1602,1,set9,alt2,20260910608
1602,1,set11,alt2,20260910608
1602,1,set18,alt2,20260910608
1602,1,set19,alt1,20260910608
1602,1,set33,alt1,20260910608
1602,1,set35,alt2,20260910608
1602,1,set37,alt1,20260910608
1602,1,set41,alt2,20260910608
1602,1,set42,alt2,20260910608
1602,1,set48,alt2,20260910608
1603,2,set1,alt2,20260910609
1603,2,set2,alt1,20260910609
1603,2,set7,alt1,20260910609
1603,2,set8,alt1,20260910609
1603,2,set10,alt1,20260910609
1603,2,set13,alt1,20260910609
1603,2,set36,alt2,20260910609
1603,2,set38,alt2,20260910609
1603,2,set40,alt2,20260910609
1603,2,set44,alt1,20260910609
1603,2,set45,alt2,20260910609
1603,2,set46,alt1,20260910609
1604,1,set5,alt2,20260910610
1604,1,set6,alt1,20260910610
1604,1,set9,alt2,20260910610
1604,1,set11,alt2,20260910610
1604,1,set18,alt2,20260910610
1604,1,set19,alt2,20260910610
1604,1,set33,alt1,20260910610
1604,1,set35,alt2,20260910610
1604,1,set37,alt1,20260910610
1604,1,set41,alt1,20260910610
1604,1,set42,alt2,20260910610
1604,1,set48,alt2,20260910610
1605,4,set14,alt1,20260910611
1605,4,set15,alt2,20260910611
1605,4,set16,alt1,20260910611
1605,4,set17,alt2,20260910611
1605,4,set20,alt1,20260910611
1605,4,set21,alt1,20260910611
1605,4,set23,alt1,20260910611
1605,4,set26,alt1,20260910611
1605,4,set27,alt1,20260910611
1605,4,set32,alt1,20260910611
1605,4,set34,alt1,20260910611
1605,4,set43,alt1,20260910611
1606,3,set3,alt1,20260910612
1606,3,set4,alt2,20260910612
1606,3,set12,alt1,20260910612
1606,3,set22,alt1,20260910612
1606,3,set24,alt1,20260910612
1606,3,set25,alt1,20260910612
1606,3,set28,alt1,20260910612
1606,3,set29,alt1,20260910612
1606,3,set30,alt2,20260910612
1606,3,set31,alt2,20260910612
1606,3,set39,alt2,20260910612
1606,3,set47,alt2,20260910612
1607,1,set5,alt1,20260910613
1607,1,set6,alt1,20260910613
1607,1,set9,alt1,20260910613
1607,1,set11,alt2,20260910613
1607,1,set18,alt1,20260910613
1607,1,set19,alt1,20260910613
1607,1,set33,alt2,20260910613
1607,1,set35,alt2,20260910613
1607,1,set37,alt1,20260910613
1607,1,set41,alt1,20260910613
1607,1,set42,alt2,20260910613
1607,1,set48,alt2,20260910613
1608,3,set3,alt1,20260910614
1608,3,set4,alt2,20260910614
1608,3,set12,alt1,20260910614
1608,3,set22,alt1,20260910614
1608,3,set24,alt1,20260910614
1608,3,set25,alt1,20260910614
1608,3,set28,alt1,20260910614
1608,3,set29,alt1,20260910614
1608,3,set30,alt2,20260910614
1608,3,set31,alt2,20260910614
1608,3,set39,alt2,20260910614
1608,3,set47,alt2,20260910614
1609,3,set3,alt1,20260910615
1609,3,set4,alt2,20260910615
1609,3,set12,alt1,20260910615
1609,3,set22,alt1,20260910615
1609,3,set24,alt1,20260910615
1609,3,set25,alt1,20260910615
1609,3,set28,alt1,20260910615
1609,3,set29,alt1,20260910615
1609,3,set30,alt2,20260910615
1609,3,set31,alt2,20260910615
1609,3,set39,alt2,20260910615
1609,3,set47,alt2,20260910615
1610,1,set5,alt2,20260910616
1610,1,set6,alt1,20260910616
1610,1,set9,alt2,20260910616
1610,1,set11,alt2,20260910616
1610,1,set18,alt2,20260910616
1610,1,set19,alt2,20260910616
1610,1,set33,alt1,20260910616
1610,1,set35,alt2,20260910616
1610,1,set37,alt1,20260910616
1610,1,set41,alt1,20260910616
1610,1,set42,alt2,20260910616
1610,1,set48,alt2,20260910616
1611,3,set3,alt1,20260910617
1611,3,set4,alt2,20260910617
1611,3,set12,alt1,20260910617
1611,3,set22,alt1,20260910617
1611,3,set24,alt1,20260910617
1611,3,set25,alt1,20260910617
1611,3,set28,alt1,20260910617
1611,3,set29,alt1,20260910617
1611,3,set30,alt2,20260910617
1611,3,set31,alt2,20260910617
1611,3,set39,alt2,20260910617
1611,3,set47,alt2,20260910617
1612,3,set3,alt2,20260910618
1612,3,set4,alt2,20260910618
1612,3,set12,alt1,20260910618
1612,3,set22,alt2,20260910618
1612,3,set24,alt1,20260910618
1612,3,set25,alt1,20260910618
1612,3,set28,alt1,20260910618
1612,3,set29,alt1,20260910618
1612,3,set30,alt2,20260910618
1612,3,set31,alt2,20260910618
1612,3,set39,alt2,20260910618
1612,3,set47,alt2,20260910618
1613,4,set14,alt1,20260910619
1613,4,set15,alt2,20260910619
1613,4,set16,alt2,20260910619
1613,4,set17,alt2,20260910619
1613,4,set20,alt1,20260910619
1613,4,set21,alt1,20260910619
1613,4,set23,alt1,20260910619
1613,4,set26,alt1,20260910619
1613,4,set27,alt1,20260910619
1613,4,set32,alt1,20260910619
1613,4,set34,alt2,20260910619
1613,4,set43,alt2,20260910619
1614,2,set1,alt2,20260910620
1614,2,set2,alt1,20260910620
1614,2,set7,alt1,20260910620
1614,2,set8,alt1,20260910620
1614,2,set10,alt1,20260910620
1614,2,set13,alt1,20260910620
1614,2,set36,alt2,20260910620
1614,2,set38,alt2,20260910620
1614,2,set40,alt2,20260910620
1614,2,set44,alt1,20260910620
1614,2,set45,alt2,20260910620
1614,2,set46,alt1,20260910620
1615,1,set5,alt1,20260910621
1615,1,set6,alt1,20260910621
1615,1,set9,alt1,20260910621
1615,1,set11,alt2,20260910621
1615,1,set18,alt1,20260910621
1615,1,set19,alt1,20260910621
1615,1,set33,alt2,20260910621
1615,1,set35,alt2,20260910621
1615,1,set37,alt1,20260910621
1615,1,set41,alt1,20260910621
1615,1,set42,alt2,20260910621
1615,1,set48,alt2,20260910621
1616,2,set1,alt2,20260910622
1616,2,set2,alt1,20260910622
1616,2,set7,alt1,20260910622
1616,2,set8,alt1,20260910622
1616,2,set10,alt1,20260910622
1616,2,set13,alt1,20260910622
1616,2,set36,alt2,20260910622
1616,2,set38,alt2,20260910622
1616,2,set40,alt2,20260910622
1616,2,set44,alt1,20260910622
1616,2,set45,alt2,20260910622
1616,2,set46,alt1,20260910622
1617,3,set3,alt1,20260910623
1617,3,set4,alt2,20260910623
1617,3,set12,alt1,20260910623
1617,3,set22,alt1,20260910623
1617,3,set24,alt1,20260910623
1617,3,set25,alt1,20260910623
1617,3,set28,alt1,20260910623
1617,3,set29,alt1,20260910623
1617,3,set30,alt2,20260910623
1617,3,set31,alt2,20260910623
1617,3,set39,alt2,20260910623
1617,3,set47,alt2,20260910623
1618,2,set1,alt2,20260910624
1618,2,set2,alt1,20260910624
1618,2,set7,alt1,20260910624
1618,2,set8,alt1,20260910624
1618,2,set10,alt2,20260910624
1618,2,set13,alt1,20260910624
1618,2,set36,alt2,20260910624
1618,2,set38,alt2,20260910624
1618,2,set40,alt2,20260910624
1618,2,set44,alt1,20260910624
1618,2,set45,alt2,20260910624
1618,2,set46,alt1,20260910624
1619,3,set3,alt1,20260910625
1619,3,set4,alt2,20260910625
1619,3,set12,alt1,20260910625
1619,3,set22,alt1,20260910625
1619,3,set24,alt1,20260910625
1619,3,set25,alt1,20260910625
1619,3,set28,alt1,20260910625
1619,3,set29,alt1,20260910625
1619,3,set30,alt2,20260910625
1619,3,set31,alt2,20260910625
1619,3,set39,alt2,20260910625
1619,3,set47,alt2,20260910625
1620,4,set14,alt2,20260910626
1620,4,set15,alt2,20260910626
1620,4,set16,alt1,20260910626
1620,4,set17,alt1,20260910626
1620,4,set20,alt1,20260910626
1620,4,set21,alt1,20260910626
1620,4,set23,alt1,20260910626
1620,4,set26,alt1,20260910626
1620,4,set27,alt2,20260910626
1620,4,set32,alt1,20260910626
1620,4,set34,alt2,20260910626
1620,4,set43,alt1,20260910626
1621,3,set3,alt1,20260910627
1621,3,set4,alt2,20260910627
1621,3,set12,alt1,20260910627
1621,3,set22,alt1,20260910627
1621,3,set24,alt1,20260910627
1621,3,set25,alt1,20260910627
1621,3,set28,alt1,20260910627
1621,3,set29,alt1,20260910627
1621,3,set30,alt2,20260910627
1621,3,set31,alt2,20260910627
1621,3,set39,alt2,20260910627
1621,3,set47,alt2,20260910627
1622,1,set5,alt2,20260910628
1622,1,set6,alt2,20260910628
1622,1,set9,alt2,20260910628
1622,1,set11,alt2,20260910628
1622,1,set18,alt2,20260910628
1622,1,set19,alt2,20260910628
1622,1,set33,alt1,20260910628
1622,1,set35,alt2,20260910628
1622,1,set37,alt1,20260910628
1622,1,set41,alt2,20260910628
1622,1,set42,alt2,20260910628
1622,1,set48,alt2,20260910628
1623,1,set5,alt1,20260910629
1623,1,set6,alt2,20260910629
1623,1,set9,alt1,20260910629
1623,1,set11,alt2,20260910629
1623,1,set18,alt2,20260910629
1623,1,set19,alt2,20260910629
1623,1,set33,alt1,20260910629
1623,1,set35,alt2,20260910629
1623,1,set37,alt1,20260910629
1623,1,set41,alt1,20260910629
1623,1,set42,alt1,20260910629
1623,1,set48,alt2,20260910629
1624,1,set5,alt2,20260910630
1624,1,set6,alt1,20260910630
1624,1,set9,alt2,20260910630
1624,1,set11,alt2,20260910630
1624,1,set18,alt2,20260910630
1624,1,set19,alt2,20260910630
1624,1,set33,alt1,20260910630
1624,1,set35,alt2,20260910630
1624,1,set37,alt1,20260910630
1624,1,set41,alt1,20260910630
1624,1,set42,alt2,20260910630
1624,1,set48,alt2,20260910630
1625,1,set5,alt2,20260910631
1625,1,set6,alt2,20260910631
1625,1,set9,alt2,20260910631
1625,1,set11,alt2,20260910631
1625,1,set18,alt1,20260910631
1625,1,set19,alt2,20260910631
1625,1,set33,alt1,20260910631
1625,1,set35,alt2,20260910631
1625,1,set37,alt1,20260910631
1625,1,set41,alt1,20260910631
1625,1,set42,alt2,20260910631
1625,1,set48,alt2,20260910631
1626,3,set3,alt1,20260910632
1626,3,set4,alt2,20260910632
1626,3,set12,alt1,20260910632
1626,3,set22,alt1,20260910632
1626,3,set24,alt1,20260910632
1626,3,set25,alt1,20260910632
1626,3,set28,alt1,20260910632
1626,3,set29,alt1,20260910632
1626,3,set30,alt2,20260910632
1626,3,set31,alt2,20260910632
1626,3,set39,alt2,20260910632
1626,3,set47,alt2,20260910632
1627,3,set3,alt2,20260910633
1627,3,set4,alt2,20260910633
1627,3,set12,alt1,20260910633
1627,3,set22,alt2,20260910633
1627,3,set24,alt1,20260910633
1627,3,set25,alt1,20260910633
1627,3,set28,alt1,20260910633
1627,3,set29,alt1,20260910633
1627,3,set30,alt2,20260910633
1627,3,set31,alt2,20260910633
1627,3,set39,alt2,20260910633
1627,3,set47,alt2,20260910633
1628,3,set3,alt1,20260910634
1628,3,set4,alt2,20260910634
1628,3,set12,alt1,20260910634
1628,3,set22,alt1,20260910634
1628,3,set24,alt1,20260910634
1628,3,set25,alt1,20260910634
1628,3,set28,alt1,20260910634
1628,3,set29,alt1,20260910634
1628,3,set30,alt2,20260910634
1628,3,set31,alt2,20260910634
1628,3,set39,alt2,20260910634
1628,3,set47,alt2,20260910634
1629,2,set1,alt2,20260910635
1629,2,set2,alt1,20260910635
1629,2,set7,alt1,20260910635
1629,2,set8,alt1,20260910635
1629,2,set10,alt1,20260910635
1629,2,set13,alt1,20260910635
1629,2,set36,alt2,20260910635
1629,2,set38,alt2,20260910635
1629,2,set40,alt2,20260910635
1629,2,set44,alt1,20260910635
1629,2,set45,alt2,20260910635
1629,2,set46,alt1,20260910635
1630,4,set14,alt1,20260910636
1630,4,set15,alt1,20260910636
1630,4,set16,alt1,20260910636
1630,4,set17,alt1,20260910636
1630,4,set20,alt1,20260910636
1630,4,set21,alt1,20260910636
1630,4,set23,alt1,20260910636
1630,4,set26,alt1,20260910636
1630,4,set27,alt1,20260910636
1630,4,set32,alt1,20260910636
1630,4,set34,alt2,20260910636
1630,4,set43,alt1,20260910636
1631,4,set14,alt1,20260910637
1631,4,set15,alt1,20260910637
1631,4,set16,alt1,20260910637
1631,4,set17,alt1,20260910637
1631,4,set20,alt1,20260910637
1631,4,set21,alt1,20260910637
1631,4,set23,alt1,20260910637
1631,4,set26,alt1,20260910637
1631,4,set27,alt1,20260910637
1631,4,set32,alt1,20260910637
1631,4,set34,alt2,20260910637
1631,4,set43,alt1,20260910637
1632,2,set1,alt2,20260910638
1632,2,set2,alt1,20260910638
1632,2,set7,alt1,20260910638
1632,2,set8,alt1,20260910638
1632,2,set10,alt1,20260910638
1632,2,set13,alt1,20260910638
1632,2,set36,alt2,20260910638
1632,2,set38,alt2,20260910638
1632,2,set40,alt2,20260910638
1632,2,set44,alt1,20260910638
1632,2,set45,alt2,20260910638
1632,2,set46,alt1,20260910638
1633,4,set14,alt2,20260910639
1633,4,set15,alt2,20260910639
1633,4,set16,alt1,20260910639
1633,4,set17,alt1,20260910639
1633,4,set20,alt1,20260910639
1633,4,set21,alt1,20260910639
1633,4,set23,alt1,20260910639
1633,4,set26,alt1,20260910639
1633,4,set27,alt2,20260910639
1633,4,set32,alt1,20260910639
1633,4,set34,alt2,20260910639
1633,4,set43,alt1,20260910639
1634,1,set5,alt1,20260910640
1634,1,set6,alt1,20260910640
1634,1,set9,alt1,20260910640
1634,1,set11,alt2,20260910640
1634,1,set18,alt1,20260910640
1634,1,set19,alt1,20260910640
1634,1,set33,alt2,20260910640
1634,1,set35,alt2,20260910640
1634,1,set37,alt1,20260910640
1634,1,set41,alt1,20260910640
1634,1,set42,alt2,20260910640
1634,1,set48,alt2,20260910640
1635,3,set3,alt2,20260910641
1635,3,set4,alt2,20260910641
1635,3,set12,alt1,20260910641
1635,3,set22,alt2,20260910641
1635,3,set24,alt1,20260910641
1635,3,set25,alt1,20260910641
1635,3,set28,alt1,20260910641
1635,3,set29,alt1,20260910641
1635,3,set30,alt2,20260910641
1635,3,set31,alt2,20260910641
1635,3,set39,alt2,20260910641
1635,3,set47,alt2,20260910641
1636,1,set5,alt2,20260910642
1636,1,set6,alt1,20260910642
1636,1,set9,alt2,20260910642
1636,1,set11,alt2,20260910642
1636,1,set18,alt2,20260910642
1636,1,set19,alt2,20260910642
1636,1,set33,alt1,20260910642
1636,1,set35,alt2,20260910642
1636,1,set37,alt1,20260910642
1636,1,set41,alt1,20260910642
1636,1,set42,alt2,20260910642
1636,1,set48,alt2,20260910642
1637,2,set1,alt2,20260910643
1637,2,set2,alt1,20260910643
1637,2,set7,alt1,20260910643
1637,2,set8,alt1,20260910643
1637,2,set10,alt1,20260910643
1637,2,set13,alt1,20260910643
1637,2,set36,alt2,20260910643
1637,2,set38,alt2,20260910643
1637,2,set40,alt2,20260910643
1637,2,set44,alt1,20260910643
1637,2,set45,alt2,20260910643
1637,2,set46,alt1,20260910643
1638,1,set5,alt2,20260910644
1638,1,set6,alt1,20260910644
1638,1,set9,alt2,20260910644
1638,1,set11,alt2,20260910644
1638,1,set18,alt2,20260910644
1638,1,set19,alt2,20260910644
1638,1,set33,alt1,20260910644
1638,1,set35,alt2,20260910644
1638,1,set37,alt1,20260910644
1638,1,set41,alt1,20260910644
1638,1,set42,alt2,20260910644
1638,1,set48,alt2,20260910644
1639,2,set1,alt2,20260910645
1639,2,set2,alt1,20260910645
1639,2,set7,alt1,20260910645
1639,2,set8,alt1,20260910645
1639,2,set10,alt1,20260910645
1639,2,set13,alt1,20260910645
1639,2,set36,alt2,20260910645
1639,2,set38,alt2,20260910645
1639,2,set40,alt2,20260910645
1639,2,set44,alt1,20260910645
1639,2,set45,alt2,20260910645
1639,2,set46,alt1,20260910645
1640,3,set3,alt1,20260910646
1640,3,set4,alt2,20260910646
1640,3,set12,alt1,20260910646
1640,3,set22,alt1,20260910646
1640,3,set24,alt1,20260910646
1640,3,set25,alt1,20260910646
1640,3,set28,alt1,20260910646
1640,3,set29,alt1,20260910646
1640,3,set30,alt2,20260910646
1640,3,set31,alt2,20260910646
1640,3,set39,alt2,20260910646
1640,3,set47,alt2,20260910646
1641,4,set14,alt1,20260910647
1641,4,set15,alt1,20260910647
1641,4,set16,alt1,20260910647
1641,4,set17,alt1,20260910647
1641,4,set20,alt1,20260910647
1641,4,set21,alt1,20260910647
1641,4,set23,alt1,20260910647
1641,4,set26,alt1,20260910647
1641,4,set27,alt1,20260910647
1641,4,set32,alt1,20260910647
1641,4,set34,alt2,20260910647
1641,4,set43,alt1,20260910647
1642,4,set14,alt1,20260910648
1642,4,set15,alt1,20260910648
1642,4,set16,alt1,20260910648
1642,4,set17,alt1,20260910648
1642,4,set20,alt1,20260910648
1642,4,set21,alt1,20260910648
1642,4,set23,alt1,20260910648
1642,4,set26,alt1,20260910648
1642,4,set27,alt1,20260910648
1642,4,set32,alt1,20260910648
1642,4,set34,alt2,20260910648
1642,4,set43,alt1,20260910648
1643,4,set14,alt2,20260910649
1643,4,set15,alt2,20260910649
1643,4,set16,alt1,20260910649
1643,4,set17,alt1,20260910649
1643,4,set20,alt1,20260910649
1643,4,set21,alt1,20260910649
1643,4,set23,alt1,20260910649
1643,4,set26,alt1,20260910649
1643,4,set27,alt2,20260910649
1643,4,set32,alt1,20260910649
1643,4,set34,alt2,20260910649
1643,4,set43,alt1,20260910649
1644,1,set5,alt1,20260910650
1644,1,set6,alt1,20260910650
1644,1,set9,alt1,20260910650
1644,1,set11,alt2,20260910650
1644,1,set18,alt1,20260910650
1644,1,set19,alt1,20260910650
1644,1,set33,alt2,20260910650
1644,1,set35,alt2,20260910650
1644,1,set37,alt1,20260910650
1644,1,set41,alt1,20260910650
1644,1,set42,alt2,20260910650
1644,1,set48,alt2,20260910650
1645,1,set5,alt1,20260910651
1645,1,set6,alt1,20260910651
1645,1,set9,alt1,20260910651
1645,1,set11,alt2,20260910651
1645,1,set18,alt1,20260910651
1645,1,set19,alt1,20260910651
1645,1,set33,alt2,20260910651
1645,1,set35,alt2,20260910651
1645,1,set37,alt1,20260910651
1645,1,set41,alt1,20260910651
1645,1,set42,alt2,20260910651
1645,1,set48,alt2,20260910651
1646,3,set3,alt1,20260910652
1646,3,set4,alt2,20260910652
1646,3,set12,alt1,20260910652
1646,3,set22,alt1,20260910652
1646,3,set24,alt1,20260910652
1646,3,set25,alt1,20260910652
1646,3,set28,alt1,20260910652
1646,3,set29,alt1,20260910652
1646,3,set30,alt2,20260910652
1646,3,set31,alt2,20260910652
1646,3,set39,alt2,20260910652
1646,3,set47,alt2,20260910652
1647,3,set3,alt1,20260910653
1647,3,set4,alt2,20260910653
1647,3,set12,alt1,20260910653
1647,3,set22,alt1,20260910653
1647,3,set24,alt1,20260910653
1647,3,set25,alt1,20260910653
1647,3,set28,alt1,20260910653
1647,3,set29,alt1,20260910653
1647,3,set30,alt2,20260910653
1647,3,set31,alt2,20260910653
1647,3,set39,alt2,20260910653
1647,3,set47,alt2,20260910653
1648,3,set3,alt1,20260910654
1648,3,set4,alt2,20260910654
1648,3,set12,alt1,20260910654
1648,3,set22,alt1,20260910654
1648,3,set24,alt1,20260910654
1648,3,set25,alt1,20260910654
1648,3,set28,alt1,20260910654
1648,3,set29,alt1,20260910654
1648,3,set30,alt2,20260910654
1648,3,set31,alt2,20260910654
1648,3,set39,alt2,20260910654
1648,3,set47,alt2,20260910654
1649,3,set3,alt1,20260910655
1649,3,set4,alt2,20260910655
1649,3,set12,alt1,20260910655
1649,3,set22,alt1,20260910655
1649,3,set24,alt1,20260910655
1649,3,set25,alt1,20260910655
1649,3,set28,alt1,20260910655
1649,3,set29,alt1,20260910655
1649,3,set30,alt2,20260910655
1649,3,set31,alt2,20260910655
1649,3,set39,alt2,20260910655
1649,3,set47,alt2,20260910655
1650,3,set3,alt1,20260910656
1650,3,set4,alt2,20260910656
1650,3,set12,alt1,20260910656
1650,3,set22,alt1,20260910656
1650,3,set24,alt1,20260910656
1650,3,set25,alt1,20260910656
1650,3,set28,alt1,20260910656
1650,3,set29,alt1,20260910656
1650,3,set30,alt2,20260910656
1650,3,set31,alt2,20260910656
1650,3,set39,alt2,20260910656
1650,3,set47,alt2,20260910656
1651,3,set3,alt2,20260910657
1651,3,set4,alt1,20260910657
1651,3,set12,alt1,20260910657
1651,3,set22,alt2,20260910657
1651,3,set24,alt1,20260910657
1651,3,set25,alt2,20260910657
1651,3,set28,alt2,20260910657
1651,3,set29,alt1,20260910657
1651,3,set30,alt2,20260910657
1651,3,set31,alt1,20260910657
1651,3,set39,alt1,20260910657
1651,3,set47,alt2,20260910657
1652,1,set5,alt2,20260910658
1652,1,set6,alt1,20260910658
1652,1,set9,alt2,20260910658
1652,1,set11,alt2,20260910658
1652,1,set18,alt2,20260910658
1652,1,set19,alt2,20260910658
1652,1,set33,alt1,20260910658
1652,1,set35,alt2,20260910658
1652,1,set37,alt1,20260910658
1652,1,set41,alt1,20260910658
1652,1,set42,alt2,20260910658
1652,1,set48,alt2,20260910658
1653,2,set1,alt2,20260910659
1653,2,set2,alt1,20260910659
1653,2,set7,alt1,20260910659
1653,2,set8,alt1,20260910659
1653,2,set10,alt1,20260910659
1653,2,set13,alt1,20260910659
1653,2,set36,alt2,20260910659
1653,2,set38,alt2,20260910659
1653,2,set40,alt2,20260910659
1653,2,set44,alt1,20260910659
1653,2,set45,alt2,20260910659
1653,2,set46,alt1,20260910659
1654,3,set3,alt1,20260910660
1654,3,set4,alt2,20260910660
1654,3,set12,alt1,20260910660
1654,3,set22,alt1,20260910660
1654,3,set24,alt1,20260910660
1654,3,set25,alt1,20260910660
1654,3,set28,alt1,20260910660
1654,3,set29,alt1,20260910660
1654,3,set30,alt2,20260910660
1654,3,set31,alt2,20260910660
1654,3,set39,alt2,20260910660
1654,3,set47,alt2,20260910660
1655,2,set1,alt2,20260910661
1655,2,set2,alt1,20260910661
1655,2,set7,alt1,20260910661
1655,2,set8,alt1,20260910661
1655,2,set10,alt1,20260910661
1655,2,set13,alt1,20260910661
1655,2,set36,alt2,20260910661
1655,2,set38,alt2,20260910661
1655,2,set40,alt2,20260910661
1655,2,set44,alt1,20260910661
1655,2,set45,alt2,20260910661
1655,2,set46,alt1,20260910661
1656,4,set14,alt2,20260910662
1656,4,set15,alt2,20260910662
1656,4,set16,alt1,20260910662
1656,4,set17,alt1,20260910662
1656,4,set20,alt1,20260910662
1656,4,set21,alt1,20260910662
1656,4,set23,alt1,20260910662
1656,4,set26,alt1,20260910662
1656,4,set27,alt2,20260910662
1656,4,set32,alt1,20260910662
1656,4,set34,alt2,20260910662
1656,4,set43,alt1,20260910662
1657,4,set14,alt1,20260910663
1657,4,set15,alt2,20260910663
1657,4,set16,alt2,20260910663
1657,4,set17,alt2,20260910663
1657,4,set20,alt1,20260910663
1657,4,set21,alt1,20260910663
1657,4,set23,alt1,20260910663
1657,4,set26,alt1,20260910663
1657,4,set27,alt1,20260910663
1657,4,set32,alt1,20260910663
1657,4,set34,alt2,20260910663
1657,4,set43,alt2,20260910663
1658,2,set1,alt2,20260910664
1658,2,set2,alt1,20260910664
1658,2,set7,alt1,20260910664
1658,2,set8,alt1,20260910664
1658,2,set10,alt1,20260910664
1658,2,set13,alt1,20260910664
1658,2,set36,alt2,20260910664
1658,2,set38,alt2,20260910664
1658,2,set40,alt2,20260910664
1658,2,set44,alt1,20260910664
1658,2,set45,alt2,20260910664
1658,2,set46,alt1,20260910664
1659,1,set5,alt1,20260910665
1659,1,set6,alt2,20260910665
1659,1,set9,alt1,20260910665
1659,1,set11,alt2,20260910665
1659,1,set18,alt2,20260910665
1659,1,set19,alt2,20260910665
1659,1,set33,alt1,20260910665
1659,1,set35,alt2,20260910665
1659,1,set37,alt1,20260910665
1659,1,set41,alt1,20260910665
1659,1,set42,alt1,20260910665
1659,1,set48,alt2,20260910665
1660,3,set3,alt2,20260910666
1660,3,set4,alt1,20260910666
1660,3,set12,alt1,20260910666
1660,3,set22,alt2,20260910666
1660,3,set24,alt1,20260910666
1660,3,set25,alt2,20260910666
1660,3,set28,alt2,20260910666
1660,3,set29,alt1,20260910666
1660,3,set30,alt2,20260910666
1660,3,set31,alt1,20260910666
1660,3,set39,alt1,20260910666
1660,3,set47,alt2,20260910666
1661,3,set3,alt1,20260910667
1661,3,set4,alt2,20260910667
1661,3,set12,alt1,20260910667
1661,3,set22,alt1,20260910667
1661,3,set24,alt1,20260910667
1661,3,set25,alt1,20260910667
1661,3,set28,alt1,20260910667
1661,3,set29,alt1,20260910667
1661,3,set30,alt2,20260910667
1661,3,set31,alt2,20260910667
1661,3,set39,alt2,20260910667
1661,3,set47,alt2,20260910667
1662,2,set1,alt2,20260910668
1662,2,set2,alt1,20260910668
1662,2,set7,alt1,20260910668
1662,2,set8,alt1,20260910668
1662,2,set10,alt2,20260910668
1662,2,set13,alt1,20260910668
1662,2,set36,alt2,20260910668
1662,2,set38,alt2,20260910668
1662,2,set40,alt2,20260910668
1662,2,set44,alt1,20260910668
1662,2,set45,alt2,20260910668
1662,2,set46,alt1,20260910668
1663,2,set1,alt2,20260910669
1663,2,set2,alt1,20260910669
1663,2,set7,alt1,20260910669
1663,2,set8,alt1,20260910669
1663,2,set10,alt1,20260910669
1663,2,set13,alt1,20260910669
1663,2,set36,alt2,20260910669
1663,2,set38,alt2,20260910669
1663,2,set40,alt2,20260910669
1663,2,set44,alt1,20260910669
1663,2,set45,alt2,20260910669
1663,2,set46,alt1,20260910669
1664,1,set5,alt2,20260910670
1664,1,set6,alt1,20260910670
1664,1,set9,alt2,20260910670
1664,1,set11,alt2,20260910670
1664,1,set18,alt2,20260910670
1664,1,set19,alt2,20260910670
1664,1,set33,alt1,20260910670
1664,1,set35,alt2,20260910670
1664,1,set37,alt1,20260910670
1664,1,set41,alt1,20260910670
1664,1,set42,alt2,20260910670
1664,1,set48,alt2,20260910670
1665,4,set14,alt1,20260910671
1665,4,set15,alt1,20260910671
1665,4,set16,alt1,20260910671
1665,4,set17,alt1,20260910671
1665,4,set20,alt1,20260910671
1665,4,set21,alt1,20260910671
1665,4,set23,alt1,20260910671
1665,4,set26,alt1,20260910671
1665,4,set27,alt1,20260910671
1665,4,set32,alt1,20260910671
1665,4,set34,alt2,20260910671
1665,4,set43,alt1,20260910671
1666,1,set5,alt1,20260910672
1666,1,set6,alt1,20260910672
1666,1,set9,alt1,20260910672
1666,1,set11,alt2,20260910672
1666,1,set18,alt1,20260910672
1666,1,set19,alt1,20260910672
1666,1,set33,alt2,20260910672
1666,1,set35,alt2,20260910672
1666,1,set37,alt1,20260910672
1666,1,set41,alt1,20260910672
1666,1,set42,alt2,20260910672
1666,1,set48,alt2,20260910672
1667,1,set5,alt1,20260910673
1667,1,set6,alt1,20260910673
1667,1,set9,alt1,20260910673
1667,1,set11,alt2,20260910673
1667,1,set18,alt1,20260910673
1667,1,set19,alt1,20260910673
1667,1,set33,alt2,20260910673
1667,1,set35,alt2,20260910673
1667,1,set37,alt1,20260910673
1667,1,set41,alt1,20260910673
1667,1,set42,alt2,20260910673
1667,1,set48,alt2,20260910673
1668,1,set5,alt2,20260910674
1668,1,set6,alt1,20260910674
1668,1,set9,alt2,20260910674
1668,1,set11,alt2,20260910674
1668,1,set18,alt2,20260910674
1668,1,set19,alt2,20260910674
1668,1,set33,alt1,20260910674
1668,1,set35,alt2,20260910674
1668,1,set37,alt1,20260910674
1668,1,set41,alt1,20260910674
1668,1,set42,alt2,20260910674
1668,1,set48,alt2,20260910674
1669,1,set5,alt2,20260910675
1669,1,set6,alt1,20260910675
1669,1,set9,alt2,20260910675
1669,1,set11,alt2,20260910675
1669,1,set18,alt2,20260910675
1669,1,set19,alt2,20260910675
1669,1,set33,alt1,20260910675
1669,1,set35,alt2,20260910675
1669,1,set37,alt1,20260910675
1669,1,set41,alt1,20260910675
1669,1,set42,alt2,20260910675
1669,1,set48,alt2,20260910675
1670,3,set3,alt1,20260910676
1670,3,set4,alt2,20260910676
1670,3,set12,alt1,20260910676
1670,3,set22,alt1,20260910676
1670,3,set24,alt1,20260910676
1670,3,set25,alt1,20260910676
1670,3,set28,alt1,20260910676
1670,3,set29,alt1,20260910676
1670,3,set30,alt2,20260910676
1670,3,set31,alt2,20260910676
1670,3,set39,alt2,20260910676
1670,3,set47,alt2,20260910676
1671,3,set3,alt1,20260910677
1671,3,set4,alt2,20260910677
1671,3,set12,alt1,20260910677
1671,3,set22,alt1,20260910677
1671,3,set24,alt1,20260910677
1671,3,set25,alt1,20260910677
1671,3,set28,alt1,20260910677
1671,3,set29,alt1,20260910677
1671,3,set30,alt2,20260910677
1671,3,set31,alt2,20260910677
1671,3,set39,alt2,20260910677
1671,3,set47,alt2,20260910677
1672,4,set14,alt1,20260910678
1672,4,set15,alt2,20260910678
1672,4,set16,alt2,20260910678
1672,4,set17,alt2,20260910678
1672,4,set20,alt1,20260910678
1672,4,set21,alt1,20260910678
1672,4,set23,alt1,20260910678
1672,4,set26,alt1,20260910678
1672,4,set27,alt1,20260910678
1672,4,set32,alt1,20260910678
1672,4,set34,alt2,20260910678
1672,4,set43,alt2,20260910678
1673,2,set1,alt2,20260910679
1673,2,set2,alt1,20260910679
1673,2,set7,alt1,20260910679
1673,2,set8,alt1,20260910679
1673,2,set10,alt1,20260910679
1673,2,set13,alt1,20260910679
1673,2,set36,alt2,20260910679
1673,2,set38,alt2,20260910679
1673,2,set40,alt2,20260910679
1673,2,set44,alt1,20260910679
1673,2,set45,alt2,20260910679
1673,2,set46,alt1,20260910679
1674,4,set14,alt1,20260910680
1674,4,set15,alt1,20260910680
1674,4,set16,alt1,20260910680
1674,4,set17,alt1,20260910680
1674,4,set20,alt1,20260910680
1674,4,set21,alt1,20260910680
1674,4,set23,alt1,20260910680
1674,4,set26,alt1,20260910680
1674,4,set27,alt1,20260910680
1674,4,set32,alt1,20260910680
1674,4,set34,alt2,20260910680
1674,4,set43,alt1,20260910680
1675,3,set3,alt1,20260910681
1675,3,set4,alt2,20260910681
1675,3,set12,alt1,20260910681
1675,3,set22,alt1,20260910681
1675,3,set24,alt1,20260910681
1675,3,set25,alt1,20260910681
1675,3,set28,alt1,20260910681
1675,3,set29,alt1,20260910681
1675,3,set30,alt2,20260910681
1675,3,set31,alt2,20260910681
1675,3,set39,alt2,20260910681
1675,3,set47,alt2,20260910681
1676,3,set3,alt2,20260910682
1676,3,set4,alt1,20260910682
1676,3,set12,alt1,20260910682
1676,3,set22,alt2,20260910682
1676,3,set24,alt1,20260910682
1676,3,set25,alt2,20260910682
1676,3,set28,alt2,20260910682
1676,3,set29,alt1,20260910682
1676,3,set30,alt2,20260910682
1676,3,set31,alt1,20260910682
1676,3,set39,alt1,20260910682
1676,3,set47,alt2,20260910682
1677,2,set1,alt2,20260910683
1677,2,set2,alt1,20260910683
1677,2,set7,alt1,20260910683
1677,2,set8,alt1,20260910683
1677,2,set10,alt2,20260910683
1677,2,set13,alt1,20260910683
1677,2,set36,alt2,20260910683
1677,2,set38,alt2,20260910683
1677,2,set40,alt2,20260910683
1677,2,set44,alt1,20260910683
1677,2,set45,alt2,20260910683
1677,2,set46,alt1,20260910683
1678,1,set5,alt2,20260910684
1678,1,set6,alt2,20260910684
1678,1,set9,alt2,20260910684
1678,1,set11,alt2,20260910684
1678,1,set18,alt2,20260910684
1678,1,set19,alt2,20260910684
1678,1,set33,alt1,20260910684
1678,1,set35,alt2,20260910684
1678,1,set37,alt1,20260910684
1678,1,set41,alt2,20260910684
1678,1,set42,alt2,20260910684
1678,1,set48,alt2,20260910684
1679,1,set5,alt2,20260910685
1679,1,set6,alt1,20260910685
1679,1,set9,alt2,20260910685
1679,1,set11,alt2,20260910685
1679,1,set18,alt2,20260910685
1679,1,set19,alt2,20260910685
1679,1,set33,alt1,20260910685
1679,1,set35,alt2,20260910685
1679,1,set37,alt1,20260910685
1679,1,set41,alt1,20260910685
1679,1,set42,alt2,20260910685
1679,1,set48,alt2,20260910685
1680,4,set14,alt1,20260910686
1680,4,set15,alt2,20260910686
1680,4,set16,alt2,20260910686
1680,4,set17,alt2,20260910686
1680,4,set20,alt1,20260910686
1680,4,set21,alt1,20260910686
1680,4,set23,alt1,20260910686
1680,4,set26,alt1,20260910686
1680,4,set27,alt1,20260910686
1680,4,set32,alt1,20260910686
1680,4,set34,alt2,20260910686
1680,4,set43,alt2,20260910686
1681,4,set14,alt2,20260910687
1681,4,set15,alt2,20260910687
1681,4,set16,alt1,20260910687
1681,4,set17,alt1,20260910687
1681,4,set20,alt1,20260910687
1681,4,set21,alt1,20260910687
1681,4,set23,alt1,20260910687
1681,4,set26,alt1,20260910687
1681,4,set27,alt2,20260910687
1681,4,set32,alt1,20260910687
1681,4,set34,alt2,20260910687
1681,4,set43,alt1,20260910687
1682,3,set3,alt1,20260910688
1682,3,set4,alt2,20260910688
1682,3,set12,alt1,20260910688
1682,3,set22,alt1,20260910688
1682,3,set24,alt1,20260910688
1682,3,set25,alt1,20260910688
1682,3,set28,alt1,20260910688
1682,3,set29,alt1,20260910688
1682,3,set30,alt2,20260910688
1682,3,set31,alt2,20260910688
1682,3,set39,alt2,20260910688
1682,3,set47,alt2,20260910688
1683,3,set3,alt2,20260910689
1683,3,set4,alt1,20260910689
1683,3,set12,alt1,20260910689
1683,3,set22,alt2,20260910689
1683,3,set24,alt1,20260910689
1683,3,set25,alt2,20260910689
1683,3,set28,alt2,20260910689
1683,3,set29,alt1,20260910689
1683,3,set30,alt2,20260910689
1683,3,set31,alt1,20260910689
1683,3,set39,alt1,20260910689
1683,3,set47,alt2,20260910689
1684,2,set1,alt2,20260910690
1684,2,set2,alt1,20260910690
1684,2,set7,alt1,20260910690
1684,2,set8,alt1,20260910690
1684,2,set10,alt1,20260910690
1684,2,set13,alt1,20260910690
1684,2,set36,alt2,20260910690
1684,2,set38,alt2,20260910690
1684,2,set40,alt2,20260910690
1684,2,set44,alt1,20260910690
1684,2,set45,alt2,20260910690
1684,2,set46,alt1,20260910690
1685,1,set5,alt2,20260910691
1685,1,set6,alt1,20260910691
1685,1,set9,alt2,20260910691
1685,1,set11,alt2,20260910691
1685,1,set18,alt2,20260910691
1685,1,set19,alt2,20260910691
1685,1,set33,alt1,20260910691
1685,1,set35,alt2,20260910691
1685,1,set37,alt1,20260910691
1685,1,set41,alt1,20260910691
1685,1,set42,alt2,20260910691
1685,1,set48,alt2,20260910691
1686,3,set3,alt1,20260910692
1686,3,set4,alt2,20260910692
1686,3,set12,alt1,20260910692
1686,3,set22,alt1,20260910692
1686,3,set24,alt1,20260910692
1686,3,set25,alt1,20260910692
1686,3,set28,alt1,20260910692
1686,3,set29,alt1,20260910692
1686,3,set30,alt2,20260910692
1686,3,set31,alt2,20260910692
1686,3,set39,alt2,20260910692
1686,3,set47,alt2,20260910692
1687,2,set1,alt2,20260910693
1687,2,set2,alt1,20260910693
1687,2,set7,alt1,20260910693
1687,2,set8,alt1,20260910693
1687,2,set10,alt1,20260910693
1687,2,set13,alt1,20260910693
1687,2,set36,alt2,20260910693
1687,2,set38,alt2,20260910693
1687,2,set40,alt2,20260910693
1687,2,set44,alt1,20260910693
1687,2,set45,alt2,20260910693
1687,2,set46,alt1,20260910693
1688,3,set3,alt1,20260910694
1688,3,set4,alt2,20260910694
1688,3,set12,alt1,20260910694
1688,3,set22,alt1,20260910694
1688,3,set24,alt1,20260910694
1688,3,set25,alt1,20260910694
1688,3,set28,alt1,20260910694
1688,3,set29,alt1,20260910694
1688,3,set30,alt2,20260910694
1688,3,set31,alt2,20260910694
1688,3,set39,alt2,20260910694
1688,3,set47,alt2,20260910694
1689,3,set3,alt1,20260910695
1689,3,set4,alt2,20260910695
1689,3,set12,alt1,20260910695
1689,3,set22,alt1,20260910695
1689,3,set24,alt1,20260910695
1689,3,set25,alt1,20260910695
1689,3,set28,alt1,20260910695
1689,3,set29,alt1,20260910695
1689,3,set30,alt2,20260910695
1689,3,set31,alt2,20260910695
1689,3,set39,alt2,20260910695
1689,3,set47,alt2,20260910695
1690,3,set3,alt1,20260910696
1690,3,set4,alt2,20260910696
1690,3,set12,alt1,20260910696
1690,3,set22,alt1,20260910696
1690,3,set24,alt1,20260910696
1690,3,set25,alt1,20260910696
1690,3,set28,alt1,20260910696
1690,3,set29,alt1,20260910696
1690,3,set30,alt2,20260910696
1690,3,set31,alt2,20260910696
1690,3,set39,alt2,20260910696
1690,3,set47,alt2,20260910696
1691,2,set1,alt2,20260910697
1691,2,set2,alt1,20260910697
1691,2,set7,alt1,20260910697
1691,2,set8,alt1,20260910697
1691,2,set10,alt1,20260910697
1691,2,set13,alt1,20260910697
1691,2,set36,alt1,20260910697
1691,2,set38,alt2,20260910697
1691,2,set40,alt1,20260910697
1691,2,set44,alt2,20260910697
1691,2,set45,alt2,20260910697
1691,2,set46,alt2,20260910697
1692,3,set3,alt1,20260910698
1692,3,set4,alt2,20260910698
1692,3,set12,alt1,20260910698
1692,3,set22,alt1,20260910698
1692,3,set24,alt1,20260910698
1692,3,set25,alt1,20260910698
1692,3,set28,alt1,20260910698
1692,3,set29,alt1,20260910698
1692,3,set30,alt2,20260910698
1692,3,set31,alt2,20260910698
1692,3,set39,alt2,20260910698
1692,3,set47,alt2,20260910698
1693,3,set3,alt1,20260910699
1693,3,set4,alt2,20260910699
1693,3,set12,alt1,20260910699
1693,3,set22,alt1,20260910699
1693,3,set24,alt1,20260910699
1693,3,set25,alt1,20260910699
1693,3,set28,alt1,20260910699
1693,3,set29,alt1,20260910699
1693,3,set30,alt2,20260910699
1693,3,set31,alt2,20260910699
1693,3,set39,alt2,20260910699
1693,3,set47,alt2,20260910699
1694,2,set1,alt2,20260910700
1694,2,set2,alt1,20260910700
1694,2,set7,alt1,20260910700
1694,2,set8,alt1,20260910700
1694,2,set10,alt1,20260910700
1694,2,set13,alt1,20260910700
1694,2,set36,alt2,20260910700
1694,2,set38,alt2,20260910700
1694,2,set40,alt2,20260910700
1694,2,set44,alt1,20260910700
1694,2,set45,alt2,20260910700
1694,2,set46,alt1,20260910700
1695,4,set14,alt1,20260910701
1695,4,set15,alt2,20260910701
1695,4,set16,alt2,20260910701
1695,4,set17,alt2,20260910701
1695,4,set20,alt1,20260910701
1695,4,set21,alt1,20260910701
1695,4,set23,alt1,20260910701
1695,4,set26,alt1,20260910701
1695,4,set27,alt1,20260910701
1695,4,set32,alt1,20260910701
1695,4,set34,alt2,20260910701
1695,4,set43,alt2,20260910701
1696,1,set5,alt2,20260910702
1696,1,set6,alt2,20260910702
1696,1,set9,alt2,20260910702
1696,1,set11,alt2,20260910702
1696,1,set18,alt2,20260910702
1696,1,set19,alt2,20260910702
1696,1,set33,alt1,20260910702
1696,1,set35,alt2,20260910702
1696,1,set37,alt1,20260910702
1696,1,set41,alt2,20260910702
1696,1,set42,alt2,20260910702
1696,1,set48,alt2,20260910702
1697,4,set14,alt1,20260910703
1697,4,set15,alt2,20260910703
1697,4,set16,alt2,20260910703
1697,4,set17,alt2,20260910703
1697,4,set20,alt1,20260910703
1697,4,set21,alt1,20260910703
1697,4,set23,alt1,20260910703
1697,4,set26,alt1,20260910703
1697,4,set27,alt1,20260910703
1697,4,set32,alt1,20260910703
1697,4,set34,alt2,20260910703
1697,4,set43,alt2,20260910703
1698,1,set5,alt2,20260910704
1698,1,set6,alt1,20260910704
1698,1,set9,alt2,20260910704
1698,1,set11,alt2,20260910704
1698,1,set18,alt2,20260910704
1698,1,set19,alt2,20260910704
1698,1,set33,alt1,20260910704
1698,1,set35,alt2,20260910704
1698,1,set37,alt1,20260910704
1698,1,set41,alt1,20260910704
1698,1,set42,alt2,20260910704
1698,1,set48,alt2,20260910704
1699,2,set1,alt2,20260910705
1699,2,set2,alt1,20260910705
1699,2,set7,alt1,20260910705
1699,2,set8,alt1,20260910705
1699,2,set10,alt1,20260910705
1699,2,set13,alt1,20260910705
1699,2,set36,alt2,20260910705
1699,2,set38,alt2,20260910705
1699,2,set40,alt2,20260910705
1699,2,set44,alt1,20260910705
1699,2,set45,alt2,20260910705
1699,2,set46,alt1,20260910705
1700,2,set1,alt2,20260910706
1700,2,set2,alt1,20260910706
1700,2,set7,alt1,20260910706
1700,2,set8,alt1,20260910706
1700,2,set10,alt1,20260910706
1700,2,set13,alt1,20260910706
1700,2,set36,alt2,20260910706
1700,2,set38,alt2,20260910706
1700,2,set40,alt2,20260910706
1700,2,set44,alt1,20260910706
1700,2,set45,alt2,20260910706
1700,2,set46,alt1,20260910706
1701,4,set14,alt2,20260910707
1701,4,set15,alt2,20260910707
1701,4,set16,alt1,20260910707
1701,4,set17,alt1,20260910707
1701,4,set20,alt1,20260910707
1701,4,set21,alt2,20260910707
1701,4,set23,alt1,20260910707
1701,4,set26,alt1,20260910707
1701,4,set27,alt2,20260910707
1701,4,set32,alt1,20260910707
1701,4,set34,alt2,20260910707
1701,4,set43,alt2,20260910707
1702,2,set1,alt2,20260910708
1702,2,set2,alt1,20260910708
1702,2,set7,alt1,20260910708
1702,2,set8,alt1,20260910708
1702,2,set10,alt2,20260910708
1702,2,set13,alt1,20260910708
1702,2,set36,alt2,20260910708
1702,2,set38,alt2,20260910708
1702,2,set40,alt2,20260910708
1702,2,set44,alt1,20260910708
1702,2,set45,alt2,20260910708
1702,2,set46,alt1,20260910708
1703,3,set3,alt1,20260910709
1703,3,set4,alt2,20260910709
1703,3,set12,alt1,20260910709
1703,3,set22,alt1,20260910709
1703,3,set24,alt1,20260910709
1703,3,set25,alt1,20260910709
1703,3,set28,alt1,20260910709
1703,3,set29,alt1,20260910709
1703,3,set30,alt2,20260910709
1703,3,set31,alt2,20260910709
1703,3,set39,alt2,20260910709
1703,3,set47,alt2,20260910709
1704,3,set3,alt1,20260910710
1704,3,set4,alt2,20260910710
1704,3,set12,alt1,20260910710
1704,3,set22,alt1,20260910710
1704,3,set24,alt1,20260910710
1704,3,set25,alt1,20260910710
1704,3,set28,alt1,20260910710
1704,3,set29,alt1,20260910710
1704,3,set30,alt2,20260910710
1704,3,set31,alt2,20260910710
1704,3,set39,alt2,20260910710
1704,3,set47,alt2,20260910710
1705,3,set3,alt2,20260910711
1705,3,set4,alt2,20260910711
1705,3,set12,alt1,20260910711
1705,3,set22,alt2,20260910711
1705,3,set24,alt1,20260910711
1705,3,set25,alt1,20260910711
1705,3,set28,alt1,20260910711
1705,3,set29,alt1,20260910711
1705,3,set30,alt2,20260910711
1705,3,set31,alt2,20260910711
1705,3,set39,alt2,20260910711
1705,3,set47,alt2,20260910711
1706,1,set5,alt2,20260910712
1706,1,set6,alt1,20260910712
1706,1,set9,alt2,20260910712
1706,1,set11,alt2,20260910712
1706,1,set18,alt2,20260910712
1706,1,set19,alt2,20260910712
1706,1,set33,alt1,20260910712
1706,1,set35,alt2,20260910712
1706,1,set37,alt1,20260910712
1706,1,set41,alt1,20260910712
1706,1,set42,alt2,20260910712
1706,1,set48,alt2,20260910712
1707,1,set5,alt2,20260910713
1707,1,set6,alt1,20260910713
1707,1,set9,alt2,20260910713
1707,1,set11,alt2,20260910713
1707,1,set18,alt2,20260910713
1707,1,set19,alt2,20260910713
1707,1,set33,alt1,20260910713
1707,1,set35,alt2,20260910713
1707,1,set37,alt1,20260910713
1707,1,set41,alt1,20260910713
1707,1,set42,alt2,20260910713
1707,1,set48,alt2,20260910713
1708,2,set1,alt2,20260910714
1708,2,set2,alt1,20260910714
1708,2,set7,alt1,20260910714
1708,2,set8,alt1,20260910714
1708,2,set10,alt1,20260910714
1708,2,set13,alt1,20260910714
1708,2,set36,alt2,20260910714
1708,2,set38,alt2,20260910714
1708,2,set40,alt2,20260910714
1708,2,set44,alt1,20260910714
1708,2,set45,alt2,20260910714
1708,2,set46,alt1,20260910714
1709,3,set3,alt1,20260910715
1709,3,set4,alt2,20260910715
1709,3,set12,alt1,20260910715
1709,3,set22,alt1,20260910715
1709,3,set24,alt1,20260910715
1709,3,set25,alt1,20260910715
1709,3,set28,alt1,20260910715
1709,3,set29,alt1,20260910715
1709,3,set30,alt2,20260910715
1709,3,set31,alt2,20260910715
1709,3,set39,alt2,20260910715
1709,3,set47,alt2,20260910715
1710,1,set5,alt2,20260910716
1710,1,set6,alt1,20260910716
1710,1,set9,alt2,20260910716
1710,1,set11,alt2,20260910716
1710,1,set18,alt2,20260910716
1710,1,set19,alt2,20260910716
1710,1,set33,alt1,20260910716
1710,1,set35,alt2,20260910716
1710,1,set37,alt1,20260910716
1710,1,set41,alt1,20260910716
1710,1,set42,alt2,20260910716
1710,1,set48,alt2,20260910716
1711,3,set3,alt1,20260910717
1711,3,set4,alt2,20260910717
1711,3,set12,alt1,20260910717
1711,3,set22,alt1,20260910717
1711,3,set24,alt1,20260910717
1711,3,set25,alt1,20260910717
1711,3,set28,alt1,20260910717
1711,3,set29,alt1,20260910717
1711,3,set30,alt2,20260910717
1711,3,set31,alt2,20260910717
1711,3,set39,alt2,20260910717
1711,3,set47,alt2,20260910717
1712,2,set1,alt2,20260910718
1712,2,set2,alt1,20260910718
1712,2,set7,alt1,20260910718
1712,2,set8,alt1,20260910718
1712,2,set10,alt1,20260910718
1712,2,set13,alt1,20260910718
1712,2,set36,alt2,20260910718
1712,2,set38,alt2,20260910718
1712,2,set40,alt2,20260910718
1712,2,set44,alt1,20260910718
1712,2,set45,alt2,20260910718
1712,2,set46,alt1,20260910718
1713,2,set1,alt2,20260910719
1713,2,set2,alt1,20260910719
1713,2,set7,alt1,20260910719
1713,2,set8,alt1,20260910719
1713,2,set10,alt1,20260910719
1713,2,set13,alt1,20260910719
1713,2,set36,alt2,20260910719
1713,2,set38,alt2,20260910719
1713,2,set40,alt2,20260910719
1713,2,set44,alt1,20260910719
1713,2,set45,alt2,20260910719
1713,2,set46,alt1,20260910719
1714,1,set5,alt1,20260910720
1714,1,set6,alt1,20260910720
1714,1,set9,alt1,20260910720
1714,1,set11,alt2,20260910720
1714,1,set18,alt1,20260910720
1714,1,set19,alt1,20260910720
1714,1,set33,alt2,20260910720
1714,1,set35,alt2,20260910720
1714,1,set37,alt1,20260910720
1714,1,set41,alt1,20260910720
1714,1,set42,alt2,20260910720
1714,1,set48,alt2,20260910720
1715,3,set3,alt1,20260910721
1715,3,set4,alt2,20260910721
1715,3,set12,alt1,20260910721
1715,3,set22,alt1,20260910721
1715,3,set24,alt1,20260910721
1715,3,set25,alt1,20260910721
1715,3,set28,alt1,20260910721
1715,3,set29,alt1,20260910721
1715,3,set30,alt2,20260910721
1715,3,set31,alt2,20260910721
1715,3,set39,alt2,20260910721
1715,3,set47,alt2,20260910721
1716,1,set5,alt2,20260910722
1716,1,set6,alt2,20260910722
1716,1,set9,alt2,20260910722
1716,1,set11,alt2,20260910722
1716,1,set18,alt1,20260910722
1716,1,set19,alt2,20260910722
1716,1,set33,alt1,20260910722
1716,1,set35,alt2,20260910722
1716,1,set37,alt1,20260910722
1716,1,set41,alt1,20260910722
1716,1,set42,alt2,20260910722
1716,1,set48,alt2,20260910722
1717,4,set14,alt1,20260910723
1717,4,set15,alt2,20260910723
1717,4,set16,alt2,20260910723
1717,4,set17,alt2,20260910723
1717,4,set20,alt1,20260910723
1717,4,set21,alt1,20260910723
1717,4,set23,alt1,20260910723
1717,4,set26,alt1,20260910723
1717,4,set27,alt1,20260910723
1717,4,set32,alt1,20260910723
1717,4,set34,alt2,20260910723
1717,4,set43,alt2,20260910723
1718,2,set1,alt2,20260910724
1718,2,set2,alt1,20260910724
1718,2,set7,alt1,20260910724
1718,2,set8,alt1,20260910724
1718,2,set10,alt1,20260910724
1718,2,set13,alt1,20260910724
1718,2,set36,alt2,20260910724
1718,2,set38,alt2,20260910724
1718,2,set40,alt2,20260910724
1718,2,set44,alt1,20260910724
1718,2,set45,alt2,20260910724
1718,2,set46,alt1,20260910724
1719,1,set5,alt2,20260910725
1719,1,set6,alt1,20260910725
1719,1,set9,alt2,20260910725
1719,1,set11,alt2,20260910725
1719,1,set18,alt2,20260910725
1719,1,set19,alt2,20260910725
1719,1,set33,alt1,20260910725
1719,1,set35,alt2,20260910725
1719,1,set37,alt1,20260910725
1719,1,set41,alt1,20260910725
1719,1,set42,alt2,20260910725
1719,1,set48,alt2,20260910725
1720,3,set3,alt1,20260910726
1720,3,set4,alt2,20260910726
1720,3,set12,alt1,20260910726
1720,3,set22,alt1,20260910726
1720,3,set24,alt1,20260910726
1720,3,set25,alt1,20260910726
1720,3,set28,alt1,20260910726
1720,3,set29,alt1,20260910726
1720,3,set30,alt2,20260910726
1720,3,set31,alt2,20260910726
1720,3,set39,alt2,20260910726
1720,3,set47,alt2,20260910726
1721,1,set5,alt2,20260910727
1721,1,set6,alt1,20260910727
1721,1,set9,alt2,20260910727
1721,1,set11,alt2,20260910727
1721,1,set18,alt2,20260910727
1721,1,set19,alt2,20260910727
1721,1,set33,alt1,20260910727
1721,1,set35,alt2,20260910727
1721,1,set37,alt1,20260910727
1721,1,set41,alt1,20260910727
1721,1,set42,alt2,20260910727
1721,1,set48,alt2,20260910727
1722,3,set3,alt2,20260910728
1722,3,set4,alt1,20260910728
1722,3,set12,alt1,20260910728
1722,3,set22,alt2,20260910728
1722,3,set24,alt1,20260910728
1722,3,set25,alt2,20260910728
1722,3,set28,alt2,20260910728
1722,3,set29,alt1,20260910728
1722,3,set30,alt2,20260910728
1722,3,set31,alt1,20260910728
1722,3,set39,alt1,20260910728
1722,3,set47,alt2,20260910728
1723,4,set14,alt1,20260910729
1723,4,set15,alt2,20260910729
1723,4,set16,alt2,20260910729
1723,4,set17,alt2,20260910729
1723,4,set20,alt1,20260910729
1723,4,set21,alt1,20260910729
1723,4,set23,alt1,20260910729
1723,4,set26,alt1,20260910729
1723,4,set27,alt1,20260910729
1723,4,set32,alt1,20260910729
1723,4,set34,alt2,20260910729
1723,4,set43,alt2,20260910729
1724,1,set5,alt2,20260910730
1724,1,set6,alt1,20260910730
1724,1,set9,alt2,20260910730
1724,1,set11,alt2,20260910730
1724,1,set18,alt2,20260910730
1724,1,set19,alt2,20260910730
1724,1,set33,alt1,20260910730
1724,1,set35,alt2,20260910730
1724,1,set37,alt1,20260910730
1724,1,set41,alt1,20260910730
1724,1,set42,alt2,20260910730
1724,1,set48,alt2,20260910730
1725,1,set5,alt2,20260910731
1725,1,set6,alt2,20260910731
1725,1,set9,alt2,20260910731
1725,1,set11,alt2,20260910731
1725,1,set18,alt1,20260910731
1725,1,set19,alt2,20260910731
1725,1,set33,alt1,20260910731
1725,1,set35,alt2,20260910731
1725,1,set37,alt1,20260910731
1725,1,set41,alt1,20260910731
1725,1,set42,alt2,20260910731
1725,1,set48,alt2,20260910731
1726,1,set5,alt2,20260910732
1726,1,set6,alt1,20260910732
1726,1,set9,alt2,20260910732
1726,1,set11,alt2,20260910732
1726,1,set18,alt2,20260910732
1726,1,set19,alt2,20260910732
1726,1,set33,alt1,20260910732
1726,1,set35,alt2,20260910732
1726,1,set37,alt1,20260910732
1726,1,set41,alt1,20260910732
1726,1,set42,alt2,20260910732
1726,1,set48,alt2,20260910732
1727,1,set5,alt2,20260910733
1727,1,set6,alt2,20260910733
1727,1,set9,alt2,20260910733
1727,1,set11,alt2,20260910733
1727,1,set18,alt2,20260910733
1727,1,set19,alt2,20260910733
1727,1,set33,alt1,20260910733
1727,1,set35,alt2,20260910733
1727,1,set37,alt1,20260910733
1727,1,set41,alt2,20260910733
1727,1,set42,alt2,20260910733
1727,1,set48,alt2,20260910733
1728,3,set3,alt2,20260910734
1728,3,set4,alt1,20260910734
1728,3,set12,alt1,20260910734
1728,3,set22,alt2,20260910734
1728,3,set24,alt1,20260910734
1728,3,set25,alt2,20260910734
1728,3,set28,alt2,20260910734
1728,3,set29,alt1,20260910734
1728,3,set30,alt2,20260910734
1728,3,set31,alt1,20260910734
1728,3,set39,alt1,20260910734
1728,3,set47,alt2,20260910734
1729,4,set14,alt1,20260910735
1729,4,set15,alt2,20260910735
1729,4,set16,alt2,20260910735
1729,4,set17,alt2,20260910735
1729,4,set20,alt1,20260910735
1729,4,set21,alt1,20260910735
1729,4,set23,alt1,20260910735
1729,4,set26,alt1,20260910735
1729,4,set27,alt1,20260910735
1729,4,set32,alt1,20260910735
1729,4,set34,alt2,20260910735
1729,4,set43,alt2,20260910735
1730,3,set3,alt1,20260910736
1730,3,set4,alt2,20260910736
1730,3,set12,alt1,20260910736
1730,3,set22,alt1,20260910736
1730,3,set24,alt1,20260910736
1730,3,set25,alt1,20260910736
1730,3,set28,alt1,20260910736
1730,3,set29,alt1,20260910736
1730,3,set30,alt2,20260910736
1730,3,set31,alt2,20260910736
1730,3,set39,alt2,20260910736
1730,3,set47,alt2,20260910736
1731,2,set1,alt2,20260910737
1731,2,set2,alt1,20260910737
1731,2,set7,alt1,20260910737
1731,2,set8,alt1,20260910737
1731,2,set10,alt1,20260910737
1731,2,set13,alt1,20260910737
1731,2,set36,alt2,20260910737
1731,2,set38,alt2,20260910737
1731,2,set40,alt2,20260910737
1731,2,set44,alt1,20260910737
1731,2,set45,alt2,20260910737
1731,2,set46,alt1,20260910737
1732,2,set1,alt2,20260910738
1732,2,set2,alt1,20260910738
1732,2,set7,alt1,20260910738
1732,2,set8,alt1,20260910738
1732,2,set10,alt2,20260910738
1732,2,set13,alt1,20260910738
1732,2,set36,alt2,20260910738
1732,2,set38,alt2,20260910738
1732,2,set40,alt2,20260910738
1732,2,set44,alt2,20260910738
1732,2,set45,alt2,20260910738
1732,2,set46,alt2,20260910738
1733,2,set1,alt2,20260910739
1733,2,set2,alt1,20260910739
1733,2,set7,alt1,20260910739
1733,2,set8,alt1,20260910739
1733,2,set10,alt2,20260910739
1733,2,set13,alt1,20260910739
1733,2,set36,alt2,20260910739
1733,2,set38,alt2,20260910739
1733,2,set40,alt2,20260910739
1733,2,set44,alt1,20260910739
1733,2,set45,alt2,20260910739
1733,2,set46,alt1,20260910739
1734,2,set1,alt2,20260910740
1734,2,set2,alt1,20260910740
1734,2,set7,alt1,20260910740
1734,2,set8,alt1,20260910740
1734,2,set10,alt1,20260910740
1734,2,set13,alt1,20260910740
1734,2,set36,alt2,20260910740
1734,2,set38,alt2,20260910740
1734,2,set40,alt2,20260910740
1734,2,set44,alt1,20260910740
1734,2,set45,alt2,20260910740
1734,2,set46,alt1,20260910740
1735,3,set3,alt1,20260910741
1735,3,set4,alt2,20260910741
1735,3,set12,alt1,20260910741
1735,3,set22,alt1,20260910741
1735,3,set24,alt1,20260910741
1735,3,set25,alt1,20260910741
1735,3,set28,alt1,20260910741
1735,3,set29,alt1,20260910741
1735,3,set30,alt2,20260910741
1735,3,set31,alt2,20260910741
1735,3,set39,alt2,20260910741
1735,3,set47,alt2,20260910741
1736,1,set5,alt2,20260910742
1736,1,set6,alt1,20260910742
1736,1,set9,alt2,20260910742
1736,1,set11,alt2,20260910742
1736,1,set18,alt2,20260910742
1736,1,set19,alt2,20260910742
1736,1,set33,alt1,20260910742
1736,1,set35,alt2,20260910742
1736,1,set37,alt1,20260910742
1736,1,set41,alt1,20260910742
1736,1,set42,alt2,20260910742
1736,1,set48,alt2,20260910742
1737,1,set5,alt2,20260910743
1737,1,set6,alt1,20260910743
1737,1,set9,alt2,20260910743
1737,1,set11,alt2,20260910743
1737,1,set18,alt2,20260910743
1737,1,set19,alt2,20260910743
1737,1,set33,alt1,20260910743
1737,1,set35,alt2,20260910743
1737,1,set37,alt1,20260910743
1737,1,set41,alt1,20260910743
1737,1,set42,alt2,20260910743
1737,1,set48,alt2,20260910743
1738,1,set5,alt2,20260910744
1738,1,set6,alt2,20260910744
1738,1,set9,alt2,20260910744
1738,1,set11,alt2,20260910744
1738,1,set18,alt1,20260910744
1738,1,set19,alt2,20260910744
1738,1,set33,alt1,20260910744
1738,1,set35,alt2,20260910744
1738,1,set37,alt1,20260910744
1738,1,set41,alt1,20260910744
1738,1,set42,alt2,20260910744
1738,1,set48,alt2,20260910744
1739,3,set3,alt1,20260910745
1739,3,set4,alt2,20260910745
1739,3,set12,alt1,20260910745
1739,3,set22,alt1,20260910745
1739,3,set24,alt1,20260910745
1739,3,set25,alt1,20260910745
1739,3,set28,alt1,20260910745
1739,3,set29,alt1,20260910745
1739,3,set30,alt2,20260910745
1739,3,set31,alt2,20260910745
1739,3,set39,alt2,20260910745
1739,3,set47,alt2,20260910745
1740,2,set1,alt2,20260910746
1740,2,set2,alt1,20260910746
1740,2,set7,alt2,20260910746
1740,2,set8,alt1,20260910746
1740,2,set10,alt2,20260910746
1740,2,set13,alt1,20260910746
1740,2,set36,alt2,20260910746
1740,2,set38,alt1,20260910746
1740,2,set40,alt2,20260910746
1740,2,set44,alt2,20260910746
1740,2,set45,alt2,20260910746
1740,2,set46,alt2,20260910746
1741,1,set5,alt2,20260910747
1741,1,set6,alt2,20260910747
1741,1,set9,alt2,20260910747
1741,1,set11,alt2,20260910747
1741,1,set18,alt2,20260910747
1741,1,set19,alt2,20260910747
1741,1,set33,alt1,20260910747
1741,1,set35,alt2,20260910747
1741,1,set37,alt1,20260910747
1741,1,set41,alt2,20260910747
1741,1,set42,alt2,20260910747
1741,1,set48,alt2,20260910747
1742,2,set1,alt2,20260910748
1742,2,set2,alt1,20260910748
1742,2,set7,alt2,20260910748
1742,2,set8,alt1,20260910748
1742,2,set10,alt2,20260910748
1742,2,set13,alt1,20260910748
1742,2,set36,alt2,20260910748
1742,2,set38,alt1,20260910748
1742,2,set40,alt2,20260910748
1742,2,set44,alt2,20260910748
1742,2,set45,alt2,20260910748
1742,2,set46,alt2,20260910748
1743,1,set5,alt2,20260910749
1743,1,set6,alt2,20260910749
1743,1,set9,alt2,20260910749
1743,1,set11,alt2,20260910749
1743,1,set18,alt2,20260910749
1743,1,set19,alt2,20260910749
1743,1,set33,alt1,20260910749
1743,1,set35,alt2,20260910749
1743,1,set37,alt1,20260910749
1743,1,set41,alt2,20260910749
1743,1,set42,alt2,20260910749
1743,1,set48,alt2,20260910749
1744,1,set5,alt2,20260910750
1744,1,set6,alt2,20260910750
1744,1,set9,alt2,20260910750
1744,1,set11,alt2,20260910750
1744,1,set18,alt1,20260910750
1744,1,set19,alt2,20260910750
1744,1,set33,alt1,20260910750
1744,1,set35,alt2,20260910750
1744,1,set37,alt1,20260910750
1744,1,set41,alt1,20260910750
1744,1,set42,alt2,20260910750
1744,1,set48,alt2,20260910750
1745,1,set5,alt2,20260910751
1745,1,set6,alt1,20260910751
1745,1,set9,alt2,20260910751
1745,1,set11,alt2,20260910751
1745,1,set18,alt2,20260910751
1745,1,set19,alt2,20260910751
1745,1,set33,alt1,20260910751
1745,1,set35,alt2,20260910751
1745,1,set37,alt1,20260910751
1745,1,set41,alt1,20260910751
1745,1,set42,alt2,20260910751
1745,1,set48,alt2,20260910751
1746,1,set5,alt2,20260910752
1746,1,set6,alt1,20260910752
1746,1,set9,alt2,20260910752
1746,1,set11,alt2,20260910752
1746,1,set18,alt2,20260910752
1746,1,set19,alt2,20260910752
1746,1,set33,alt1,20260910752
1746,1,set35,alt2,20260910752
1746,1,set37,alt1,20260910752
1746,1,set41,alt1,20260910752
1746,1,set42,alt2,20260910752
1746,1,set48,alt2,20260910752
1747,3,set3,alt2,20260910753
1747,3,set4,alt2,20260910753
1747,3,set12,alt1,20260910753
1747,3,set22,alt2,20260910753
1747,3,set24,alt1,20260910753
1747,3,set25,alt1,20260910753
1747,3,set28,alt1,20260910753
1747,3,set29,alt1,20260910753
1747,3,set30,alt2,20260910753
1747,3,set31,alt2,20260910753
1747,3,set39,alt2,20260910753
1747,3,set47,alt2,20260910753
1748,1,set5,alt2,20260910754
1748,1,set6,alt2,20260910754
1748,1,set9,alt2,20260910754
1748,1,set11,alt2,20260910754
1748,1,set18,alt1,20260910754
1748,1,set19,alt2,20260910754
1748,1,set33,alt1,20260910754
1748,1,set35,alt2,20260910754
1748,1,set37,alt1,20260910754
1748,1,set41,alt1,20260910754
1748,1,set42,alt2,20260910754
1748,1,set48,alt2,20260910754
1749,2,set1,alt2,20260910755
1749,2,set2,alt1,20260910755
1749,2,set7,alt1,20260910755
1749,2,set8,alt1,20260910755
1749,2,set10,alt1,20260910755
1749,2,set13,alt1,20260910755
1749,2,set36,alt2,20260910755
1749,2,set38,alt2,20260910755
1749,2,set40,alt2,20260910755
1749,2,set44,alt1,20260910755
1749,2,set45,alt2,20260910755
1749,2,set46,alt1,20260910755
1750,4,set14,alt2,20260910756
1750,4,set15,alt2,20260910756
1750,4,set16,alt1,20260910756
1750,4,set17,alt1,20260910756
1750,4,set20,alt1,20260910756
1750,4,set21,alt1,20260910756
1750,4,set23,alt1,20260910756
1750,4,set26,alt1,20260910756
1750,4,set27,alt2,20260910756
1750,4,set32,alt1,20260910756
1750,4,set34,alt2,20260910756
1750,4,set43,alt1,20260910756
1751,4,set14,alt1,20260910757
1751,4,set15,alt2,20260910757
1751,4,set16,alt2,20260910757
1751,4,set17,alt2,20260910757
1751,4,set20,alt1,20260910757
1751,4,set21,alt1,20260910757
1751,4,set23,alt1,20260910757
1751,4,set26,alt1,20260910757
1751,4,set27,alt1,20260910757
1751,4,set32,alt1,20260910757
1751,4,set34,alt2,20260910757
1751,4,set43,alt2,20260910757
1752,4,set14,alt1,20260910758
1752,4,set15,alt2,20260910758
1752,4,set16,alt2,20260910758
1752,4,set17,alt2,20260910758
1752,4,set20,alt1,20260910758
1752,4,set21,alt1,20260910758
1752,4,set23,alt1,20260910758
1752,4,set26,alt1,20260910758
1752,4,set27,alt1,20260910758
1752,4,set32,alt1,20260910758
1752,4,set34,alt2,20260910758
1752,4,set43,alt2,20260910758
1753,2,set1,alt2,20260910759
1753,2,set2,alt1,20260910759
1753,2,set7,alt1,20260910759
1753,2,set8,alt1,20260910759
1753,2,set10,alt1,20260910759
1753,2,set13,alt1,20260910759
1753,2,set36,alt2,20260910759
1753,2,set38,alt2,20260910759
1753,2,set40,alt2,20260910759
1753,2,set44,alt1,20260910759
1753,2,set45,alt2,20260910759
1753,2,set46,alt1,20260910759
1754,1,set5,alt1,20260910760
1754,1,set6,alt1,20260910760
1754,1,set9,alt1,20260910760
1754,1,set11,alt2,20260910760
1754,1,set18,alt1,20260910760
1754,1,set19,alt1,20260910760
1754,1,set33,alt2,20260910760
1754,1,set35,alt2,20260910760
1754,1,set37,alt1,20260910760
1754,1,set41,alt1,20260910760
1754,1,set42,alt2,20260910760
1754,1,set48,alt2,20260910760
1755,3,set3,alt1,20260910761
1755,3,set4,alt2,20260910761
1755,3,set12,alt1,20260910761
1755,3,set22,alt1,20260910761
1755,3,set24,alt1,20260910761
1755,3,set25,alt1,20260910761
1755,3,set28,alt1,20260910761
1755,3,set29,alt1,20260910761
1755,3,set30,alt2,20260910761
1755,3,set31,alt2,20260910761
1755,3,set39,alt2,20260910761
1755,3,set47,alt2,20260910761
1756,2,set1,alt2,20260910762
1756,2,set2,alt1,20260910762
1756,2,set7,alt1,20260910762
1756,2,set8,alt1,20260910762
1756,2,set10,alt1,20260910762
1756,2,set13,alt1,20260910762
1756,2,set36,alt2,20260910762
1756,2,set38,alt2,20260910762
1756,2,set40,alt2,20260910762
1756,2,set44,alt1,20260910762
1756,2,set45,alt2,20260910762
1756,2,set46,alt1,20260910762
1757,2,set1,alt2,20260910763
1757,2,set2,alt1,20260910763
1757,2,set7,alt1,20260910763
1757,2,set8,alt1,20260910763
1757,2,set10,alt2,20260910763
1757,2,set13,alt1,20260910763
1757,2,set36,alt2,20260910763
1757,2,set38,alt2,20260910763
1757,2,set40,alt2,20260910763
1757,2,set44,alt1,20260910763
1757,2,set45,alt2,20260910763
1757,2,set46,alt1,20260910763
1758,4,set14,alt2,20260910764
1758,4,set15,alt2,20260910764
1758,4,set16,alt1,20260910764
1758,4,set17,alt1,20260910764
1758,4,set20,alt1,20260910764
1758,4,set21,alt1,20260910764
1758,4,set23,alt1,20260910764
1758,4,set26,alt1,20260910764
1758,4,set27,alt2,20260910764
1758,4,set32,alt1,20260910764
1758,4,set34,alt2,20260910764
1758,4,set43,alt1,20260910764
1759,4,set14,alt1,20260910765
1759,4,set15,alt2,20260910765
1759,4,set16,alt1,20260910765
1759,4,set17,alt2,20260910765
1759,4,set20,alt1,20260910765
1759,4,set21,alt1,20260910765
1759,4,set23,alt1,20260910765
1759,4,set26,alt1,20260910765
1759,4,set27,alt1,20260910765
1759,4,set32,alt1,20260910765
1759,4,set34,alt1,20260910765
1759,4,set43,alt1,20260910765
1760,1,set5,alt1,20260910766
1760,1,set6,alt1,20260910766
1760,1,set9,alt1,20260910766
1760,1,set11,alt2,20260910766
1760,1,set18,alt1,20260910766
1760,1,set19,alt1,20260910766
1760,1,set33,alt2,20260910766
1760,1,set35,alt2,20260910766
1760,1,set37,alt1,20260910766
1760,1,set41,alt1,20260910766
1760,1,set42,alt2,20260910766
1760,1,set48,alt2,20260910766
1761,1,set5,alt2,20260910767
1761,1,set6,alt2,20260910767
1761,1,set9,alt2,20260910767
1761,1,set11,alt2,20260910767
1761,1,set18,alt1,20260910767
1761,1,set19,alt2,20260910767
1761,1,set33,alt1,20260910767
1761,1,set35,alt2,20260910767
1761,1,set37,alt1,20260910767
1761,1,set41,alt1,20260910767
1761,1,set42,alt2,20260910767
1761,1,set48,alt2,20260910767
1762,1,set5,alt1,20260910768
1762,1,set6,alt1,20260910768
1762,1,set9,alt1,20260910768
1762,1,set11,alt2,20260910768
1762,1,set18,alt1,20260910768
1762,1,set19,alt1,20260910768
1762,1,set33,alt2,20260910768
1762,1,set35,alt2,20260910768
1762,1,set37,alt1,20260910768
1762,1,set41,alt1,20260910768
1762,1,set42,alt2,20260910768
1762,1,set48,alt2,20260910768
1763,1,set5,alt2,20260910769
1763,1,set6,alt2,20260910769
1763,1,set9,alt2,20260910769
1763,1,set11,alt2,20260910769
1763,1,set18,alt2,20260910769
1763,1,set19,alt1,20260910769
1763,1,set33,alt1,20260910769
1763,1,set35,alt2,20260910769
1763,1,set37,alt1,20260910769
1763,1,set41,alt2,20260910769
1763,1,set42,alt2,20260910769
1763,1,set48,alt2,20260910769
1764,1,set5,alt2,20260910770
1764,1,set6,alt1,20260910770
1764,1,set9,alt2,20260910770
1764,1,set11,alt2,20260910770
1764,1,set18,alt2,20260910770
1764,1,set19,alt2,20260910770
1764,1,set33,alt1,20260910770
1764,1,set35,alt2,20260910770
1764,1,set37,alt1,20260910770
1764,1,set41,alt1,20260910770
1764,1,set42,alt2,20260910770
1764,1,set48,alt2,20260910770
1765,1,set5,alt2,20260910771
1765,1,set6,alt1,20260910771
1765,1,set9,alt2,20260910771
1765,1,set11,alt2,20260910771
1765,1,set18,alt2,20260910771
1765,1,set19,alt2,20260910771
1765,1,set33,alt1,20260910771
1765,1,set35,alt2,20260910771
1765,1,set37,alt1,20260910771
1765,1,set41,alt1,20260910771
1765,1,set42,alt2,20260910771
1765,1,set48,alt2,20260910771
1766,2,set1,alt2,20260910772
1766,2,set2,alt1,20260910772
1766,2,set7,alt1,20260910772
1766,2,set8,alt1,20260910772
1766,2,set10,alt2,20260910772
1766,2,set13,alt1,20260910772
1766,2,set36,alt2,20260910772
1766,2,set38,alt2,20260910772
1766,2,set40,alt2,20260910772
1766,2,set44,alt1,20260910772
1766,2,set45,alt2,20260910772
1766,2,set46,alt1,20260910772
1767,4,set14,alt2,20260910773
1767,4,set15,alt2,20260910773
1767,4,set16,alt1,20260910773
1767,4,set17,alt1,20260910773
1767,4,set20,alt1,20260910773
1767,4,set21,alt1,20260910773
1767,4,set23,alt1,20260910773
1767,4,set26,alt1,20260910773
1767,4,set27,alt2,20260910773
1767,4,set32,alt1,20260910773
1767,4,set34,alt2,20260910773
1767,4,set43,alt1,20260910773
1768,4,set14,alt1,20260910774
1768,4,set15,alt2,20260910774
1768,4,set16,alt1,20260910774
1768,4,set17,alt2,20260910774
1768,4,set20,alt1,20260910774
1768,4,set21,alt1,20260910774
1768,4,set23,alt1,20260910774
1768,4,set26,alt1,20260910774
1768,4,set27,alt1,20260910774
1768,4,set32,alt1,20260910774
1768,4,set34,alt1,20260910774
1768,4,set43,alt1,20260910774
1769,3,set3,alt1,20260910775
1769,3,set4,alt2,20260910775
1769,3,set12,alt1,20260910775
1769,3,set22,alt1,20260910775
1769,3,set24,alt1,20260910775
1769,3,set25,alt1,20260910775
1769,3,set28,alt1,20260910775
1769,3,set29,alt1,20260910775
1769,3,set30,alt2,20260910775
1769,3,set31,alt2,20260910775
1769,3,set39,alt2,20260910775
1769,3,set47,alt2,20260910775
1770,3,set3,alt2,20260910776
1770,3,set4,alt1,20260910776
1770,3,set12,alt1,20260910776
1770,3,set22,alt2,20260910776
1770,3,set24,alt1,20260910776
1770,3,set25,alt2,20260910776
1770,3,set28,alt2,20260910776
1770,3,set29,alt1,20260910776
1770,3,set30,alt2,20260910776
1770,3,set31,alt1,20260910776
1770,3,set39,alt1,20260910776
1770,3,set47,alt2,20260910776
1771,4,set14,alt2,20260910777
1771,4,set15,alt2,20260910777
1771,4,set16,alt1,20260910777
1771,4,set17,alt1,20260910777
1771,4,set20,alt1,20260910777
1771,4,set21,alt1,20260910777
1771,4,set23,alt1,20260910777
1771,4,set26,alt1,20260910777
1771,4,set27,alt2,20260910777
1771,4,set32,alt1,20260910777
1771,4,set34,alt2,20260910777
1771,4,set43,alt1,20260910777
1772,1,set5,alt1,20260910778
1772,1,set6,alt2,20260910778
1772,1,set9,alt1,20260910778
1772,1,set11,alt2,20260910778
1772,1,set18,alt1,20260910778
1772,1,set19,alt2,20260910778
1772,1,set33,alt1,20260910778
1772,1,set35,alt2,20260910778
1772,1,set37,alt1,20260910778
1772,1,set41,alt1,20260910778
1772,1,set42,alt1,20260910778
1772,1,set48,alt2,20260910778
1773,1,set5,alt2,20260910779
1773,1,set6,alt2,20260910779
1773,1,set9,alt2,20260910779
1773,1,set11,alt2,20260910779
1773,1,set18,alt2,20260910779
1773,1,set19,alt1,20260910779
1773,1,set33,alt1,20260910779
1773,1,set35,alt2,20260910779
1773,1,set37,alt1,20260910779
1773,1,set41,alt2,20260910779
1773,1,set42,alt2,20260910779
1773,1,set48,alt2,20260910779
1774,1,set5,alt2,20260910780
1774,1,set6,alt1,20260910780
1774,1,set9,alt2,20260910780
1774,1,set11,alt2,20260910780
1774,1,set18,alt2,20260910780
1774,1,set19,alt2,20260910780
1774,1,set33,alt1,20260910780
1774,1,set35,alt2,20260910780
1774,1,set37,alt1,20260910780
1774,1,set41,alt1,20260910780
1774,1,set42,alt2,20260910780
1774,1,set48,alt2,20260910780
1775,2,set1,alt2,20260910781
1775,2,set2,alt1,20260910781
1775,2,set7,alt1,20260910781
1775,2,set8,alt1,20260910781
1775,2,set10,alt1,20260910781
1775,2,set13,alt1,20260910781
1775,2,set36,alt2,20260910781
1775,2,set38,alt2,20260910781
1775,2,set40,alt2,20260910781
1775,2,set44,alt1,20260910781
1775,2,set45,alt2,20260910781
1775,2,set46,alt1,20260910781
1776,1,set5,alt1,20260910782
1776,1,set6,alt2,20260910782
1776,1,set9,alt1,20260910782
1776,1,set11,alt2,20260910782
1776,1,set18,alt2,20260910782
1776,1,set19,alt2,20260910782
1776,1,set33,alt1,20260910782
1776,1,set35,alt2,20260910782
1776,1,set37,alt1,20260910782
1776,1,set41,alt1,20260910782
1776,1,set42,alt1,20260910782
1776,1,set48,alt2,20260910782
1777,3,set3,alt1,20260910783
1777,3,set4,alt2,20260910783
1777,3,set12,alt1,20260910783
1777,3,set22,alt1,20260910783
1777,3,set24,alt1,20260910783
1777,3,set25,alt1,20260910783
1777,3,set28,alt1,20260910783
1777,3,set29,alt1,20260910783
1777,3,set30,alt2,20260910783
1777,3,set31,alt2,20260910783
1777,3,set39,alt2,20260910783
1777,3,set47,alt2,20260910783
1778,3,set3,alt1,20260910784
1778,3,set4,alt2,20260910784
1778,3,set12,alt1,20260910784
1778,3,set22,alt1,20260910784
1778,3,set24,alt1,20260910784
1778,3,set25,alt1,20260910784
1778,3,set28,alt1,20260910784
1778,3,set29,alt1,20260910784
1778,3,set30,alt2,20260910784
1778,3,set31,alt2,20260910784
1778,3,set39,alt2,20260910784
1778,3,set47,alt2,20260910784
1779,3,set3,alt1,20260910785
1779,3,set4,alt2,20260910785
1779,3,set12,alt1,20260910785
1779,3,set22,alt1,20260910785
1779,3,set24,alt1,20260910785
1779,3,set25,alt1,20260910785
1779,3,set28,alt1,20260910785
1779,3,set29,alt1,20260910785
1779,3,set30,alt2,20260910785
1779,3,set31,alt2,20260910785
1779,3,set39,alt2,20260910785
1779,3,set47,alt2,20260910785
1780,1,set5,alt1,20260910786
1780,1,set6,alt1,20260910786
1780,1,set9,alt1,20260910786
1780,1,set11,alt2,20260910786
1780,1,set18,alt1,20260910786
1780,1,set19,alt1,20260910786
1780,1,set33,alt2,20260910786
1780,1,set35,alt2,20260910786
1780,1,set37,alt1,20260910786
1780,1,set41,alt1,20260910786
1780,1,set42,alt2,20260910786
1780,1,set48,alt2,20260910786
1781,3,set3,alt1,20260910787
1781,3,set4,alt2,20260910787
1781,3,set12,alt1,20260910787
1781,3,set22,alt1,20260910787
1781,3,set24,alt1,20260910787
1781,3,set25,alt1,20260910787
1781,3,set28,alt1,20260910787
1781,3,set29,alt1,20260910787
1781,3,set30,alt2,20260910787
1781,3,set31,alt2,20260910787
1781,3,set39,alt2,20260910787
1781,3,set47,alt2,20260910787
1782,2,set1,alt2,20260910788
1782,2,set2,alt1,20260910788
1782,2,set7,alt1,20260910788
1782,2,set8,alt1,20260910788
1782,2,set10,alt1,20260910788
1782,2,set13,alt1,20260910788
1782,2,set36,alt2,20260910788
1782,2,set38,alt2,20260910788
1782,2,set40,alt2,20260910788
1782,2,set44,alt1,20260910788
1782,2,set45,alt2,20260910788
1782,2,set46,alt1,20260910788
1783,1,set5,alt2,20260910789
1783,1,set6,alt2,20260910789
1783,1,set9,alt2,20260910789
1783,1,set11,alt2,20260910789
1783,1,set18,alt1,20260910789
1783,1,set19,alt2,20260910789
1783,1,set33,alt1,20260910789
1783,1,set35,alt2,20260910789
1783,1,set37,alt1,20260910789
1783,1,set41,alt1,20260910789
1783,1,set42,alt2,20260910789
1783,1,set48,alt2,20260910789
1784,2,set1,alt2,20260910790
1784,2,set2,alt1,20260910790
1784,2,set7,alt1,20260910790
1784,2,set8,alt1,20260910790
1784,2,set10,alt1,20260910790
1784,2,set13,alt1,20260910790
1784,2,set36,alt1,20260910790
1784,2,set38,alt2,20260910790
1784,2,set40,alt1,20260910790
1784,2,set44,alt2,20260910790
1784,2,set45,alt2,20260910790
1784,2,set46,alt2,20260910790
1785,2,set1,alt2,20260910791
1785,2,set2,alt1,20260910791
1785,2,set7,alt1,20260910791
1785,2,set8,alt1,20260910791
1785,2,set10,alt1,20260910791
1785,2,set13,alt1,20260910791
1785,2,set36,alt2,20260910791
1785,2,set38,alt2,20260910791
1785,2,set40,alt2,20260910791
1785,2,set44,alt1,20260910791
1785,2,set45,alt2,20260910791
1785,2,set46,alt1,20260910791
1786,1,set5,alt2,20260910792
1786,1,set6,alt1,20260910792
1786,1,set9,alt2,20260910792
1786,1,set11,alt2,20260910792
1786,1,set18,alt2,20260910792
1786,1,set19,alt2,20260910792
1786,1,set33,alt1,20260910792
1786,1,set35,alt2,20260910792
1786,1,set37,alt1,20260910792
1786,1,set41,alt1,20260910792
1786,1,set42,alt2,20260910792
1786,1,set48,alt2,20260910792
1787,2,set1,alt2,20260910793
1787,2,set2,alt1,20260910793
1787,2,set7,alt1,20260910793
1787,2,set8,alt1,20260910793
1787,2,set10,alt2,20260910793
1787,2,set13,alt1,20260910793
1787,2,set36,alt2,20260910793
1787,2,set38,alt2,20260910793
1787,2,set40,alt2,20260910793
1787,2,set44,alt1,20260910793
1787,2,set45,alt2,20260910793
1787,2,set46,alt1,20260910793
1788,2,set1,alt2,20260910794
1788,2,set2,alt1,20260910794
1788,2,set7,alt1,20260910794
1788,2,set8,alt1,20260910794
1788,2,set10,alt1,20260910794
1788,2,set13,alt1,20260910794
1788,2,set36,alt2,20260910794
1788,2,set38,alt2,20260910794
1788,2,set40,alt2,20260910794
1788,2,set44,alt1,20260910794
1788,2,set45,alt2,20260910794
1788,2,set46,alt1,20260910794
1789,1,set5,alt2,20260910795
1789,1,set6,alt1,20260910795
1789,1,set9,alt2,20260910795
1789,1,set11,alt2,20260910795
1789,1,set18,alt2,20260910795
1789,1,set19,alt2,20260910795
1789,1,set33,alt1,20260910795
1789,1,set35,alt2,20260910795
1789,1,set37,alt1,20260910795
1789,1,set41,alt1,20260910795
1789,1,set42,alt2,20260910795
1789,1,set48,alt2,20260910795
1790,2,set1,alt2,20260910796
1790,2,set2,alt1,20260910796
1790,2,set7,alt2,20260910796
1790,2,set8,alt1,20260910796
1790,2,set10,alt2,20260910796
1790,2,set13,alt1,20260910796
1790,2,set36,alt2,20260910796
1790,2,set38,alt1,20260910796
1790,2,set40,alt2,20260910796
1790,2,set44,alt2,20260910796
1790,2,set45,alt2,20260910796
1790,2,set46,alt2,20260910796
1791,4,set14,alt1,20260910797
1791,4,set15,alt2,20260910797
1791,4,set16,alt2,20260910797
1791,4,set17,alt2,20260910797
1791,4,set20,alt1,20260910797
1791,4,set21,alt1,20260910797
1791,4,set23,alt1,20260910797
1791,4,set26,alt1,20260910797
1791,4,set27,alt1,20260910797
1791,4,set32,alt1,20260910797
1791,4,set34,alt2,20260910797
1791,4,set43,alt2,20260910797
1792,1,set5,alt2,20260910798
1792,1,set6,alt2,20260910798
1792,1,set9,alt2,20260910798
1792,1,set11,alt2,20260910798
1792,1,set18,alt2,20260910798
1792,1,set19,alt2,20260910798
1792,1,set33,alt1,20260910798
1792,1,set35,alt2,20260910798
1792,1,set37,alt1,20260910798
1792,1,set41,alt2,20260910798
1792,1,set42,alt2,20260910798
1792,1,set48,alt2,20260910798
1793,4,set14,alt1,20260910799
1793,4,set15,alt2,20260910799
1793,4,set16,alt2,20260910799
1793,4,set17,alt2,20260910799
1793,4,set20,alt1,20260910799
1793,4,set21,alt1,20260910799
1793,4,set23,alt1,20260910799
1793,4,set26,alt1,20260910799
1793,4,set27,alt1,20260910799
1793,4,set32,alt1,20260910799
1793,4,set34,alt2,20260910799
1793,4,set43,alt2,20260910799
1794,4,set14,alt1,20260910800
1794,4,set15,alt1,20260910800
1794,4,set16,alt1,20260910800
1794,4,set17,alt1,20260910800
1794,4,set20,alt1,20260910800
1794,4,set21,alt1,20260910800
1794,4,set23,alt1,20260910800
1794,4,set26,alt1,20260910800
1794,4,set27,alt1,20260910800
1794,4,set32,alt1,20260910800
1794,4,set34,alt2,20260910800
1794,4,set43,alt1,20260910800
1795,3,set3,alt1,20260910801
1795,3,set4,alt2,20260910801
1795,3,set12,alt1,20260910801
1795,3,set22,alt1,20260910801
1795,3,set24,alt1,20260910801
1795,3,set25,alt1,20260910801
1795,3,set28,alt1,20260910801
1795,3,set29,alt1,20260910801
1795,3,set30,alt2,20260910801
1795,3,set31,alt2,20260910801
1795,3,set39,alt2,20260910801
1795,3,set47,alt2,20260910801
1796,3,set3,alt1,20260910802
1796,3,set4,alt2,20260910802
1796,3,set12,alt1,20260910802
1796,3,set22,alt1,20260910802
1796,3,set24,alt1,20260910802
1796,3,set25,alt1,20260910802
1796,3,set28,alt1,20260910802
1796,3,set29,alt1,20260910802
1796,3,set30,alt2,20260910802
1796,3,set31,alt2,20260910802
1796,3,set39,alt2,20260910802
1796,3,set47,alt2,20260910802
1797,4,set14,alt1,20260910803
1797,4,set15,alt1,20260910803
1797,4,set16,alt1,20260910803
1797,4,set17,alt1,20260910803
1797,4,set20,alt1,20260910803
1797,4,set21,alt1,20260910803
1797,4,set23,alt1,20260910803
1797,4,set26,alt1,20260910803
1797,4,set27,alt1,20260910803
1797,4,set32,alt1,20260910803
1797,4,set34,alt2,20260910803
1797,4,set43,alt1,20260910803
1798,3,set3,alt1,20260910804
1798,3,set4,alt2,20260910804
1798,3,set12,alt1,20260910804
1798,3,set22,alt1,20260910804
1798,3,set24,alt1,20260910804
1798,3,set25,alt1,20260910804
1798,3,set28,alt1,20260910804
1798,3,set29,alt1,20260910804
1798,3,set30,alt2,20260910804
1798,3,set31,alt2,20260910804
1798,3,set39,alt2,20260910804
1798,3,set47,alt2,20260910804
1799,3,set3,alt2,20260910805
1799,3,set4,alt2,20260910805
1799,3,set12,alt1,20260910805
1799,3,set22,alt2,20260910805
1799,3,set24,alt1,20260910805
1799,3,set25,alt1,20260910805
1799,3,set28,alt1,20260910805
1799,3,set29,alt1,20260910805
1799,3,set30,alt2,20260910805
1799,3,set31,alt2,20260910805
1799,3,set39,alt2,20260910805
1799,3,set47,alt2,20260910805
1800,1,set5,alt2,20260910806
1800,1,set6,alt2,20260910806
1800,1,set9,alt2,20260910806
1800,1,set11,alt2,20260910806
1800,1,set18,alt1,20260910806
1800,1,set19,alt2,20260910806
1800,1,set33,alt1,20260910806
1800,1,set35,alt2,20260910806
1800,1,set37,alt1,20260910806
1800,1,set41,alt1,20260910806
1800,1,set42,alt2,20260910806
1800,1,set48,alt2,20260910806
1801,2,set1,alt2,20260910807
1801,2,set2,alt1,20260910807
1801,2,set7,alt1,20260910807
1801,2,set8,alt1,20260910807
1801,2,set10,alt1,20260910807
1801,2,set13,alt1,20260910807
1801,2,set36,alt2,20260910807
1801,2,set38,alt2,20260910807
1801,2,set40,alt2,20260910807
1801,2,set44,alt1,20260910807
1801,2,set45,alt2,20260910807
1801,2,set46,alt1,20260910807
1802,3,set3,alt2,20260910808
1802,3,set4,alt1,20260910808
1802,3,set12,alt1,20260910808
1802,3,set22,alt1,20260910808
1802,3,set24,alt1,20260910808
1802,3,set25,alt2,20260910808
1802,3,set28,alt2,20260910808
1802,3,set29,alt1,20260910808
1802,3,set30,alt1,20260910808
1802,3,set31,alt2,20260910808
1802,3,set39,alt1,20260910808
1802,3,set47,alt1,20260910808
1803,2,set1,alt2,20260910809
1803,2,set2,alt1,20260910809
1803,2,set7,alt1,20260910809
1803,2,set8,alt1,20260910809
1803,2,set10,alt1,20260910809
1803,2,set13,alt1,20260910809
1803,2,set36,alt2,20260910809
1803,2,set38,alt2,20260910809
1803,2,set40,alt2,20260910809
1803,2,set44,alt1,20260910809
1803,2,set45,alt2,20260910809
1803,2,set46,alt1,20260910809
1804,2,set1,alt2,20260910810
1804,2,set2,alt1,20260910810
1804,2,set7,alt1,20260910810
1804,2,set8,alt1,20260910810
1804,2,set10,alt1,20260910810
1804,2,set13,alt1,20260910810
1804,2,set36,alt2,20260910810
1804,2,set38,alt2,20260910810
1804,2,set40,alt2,20260910810
1804,2,set44,alt1,20260910810
1804,2,set45,alt2,20260910810
1804,2,set46,alt1,20260910810
1805,4,set14,alt1,20260910811
1805,4,set15,alt2,20260910811
1805,4,set16,alt1,20260910811
1805,4,set17,alt2,20260910811
1805,4,set20,alt1,20260910811
1805,4,set21,alt1,20260910811
1805,4,set23,alt1,20260910811
1805,4,set26,alt1,20260910811
1805,4,set27,alt1,20260910811
1805,4,set32,alt1,20260910811
1805,4,set34,alt1,20260910811
1805,4,set43,alt1,20260910811
1806,2,set1,alt2,20260910812
1806,2,set2,alt1,20260910812
1806,2,set7,alt1,20260910812
1806,2,set8,alt1,20260910812
1806,2,set10,alt1,20260910812
1806,2,set13,alt1,20260910812
1806,2,set36,alt2,20260910812
1806,2,set38,alt2,20260910812
1806,2,set40,alt2,20260910812
1806,2,set44,alt1,20260910812
1806,2,set45,alt2,20260910812
1806,2,set46,alt1,20260910812
1807,4,set14,alt1,20260910813
1807,4,set15,alt2,20260910813
1807,4,set16,alt2,20260910813
1807,4,set17,alt2,20260910813
1807,4,set20,alt1,20260910813
1807,4,set21,alt1,20260910813
1807,4,set23,alt1,20260910813
1807,4,set26,alt1,20260910813
1807,4,set27,alt1,20260910813
1807,4,set32,alt1,20260910813
1807,4,set34,alt2,20260910813
1807,4,set43,alt2,20260910813
1808,1,set5,alt2,20260910814
1808,1,set6,alt1,20260910814
1808,1,set9,alt2,20260910814
1808,1,set11,alt2,20260910814
1808,1,set18,alt2,20260910814
1808,1,set19,alt2,20260910814
1808,1,set33,alt1,20260910814
1808,1,set35,alt2,20260910814
1808,1,set37,alt1,20260910814
1808,1,set41,alt1,20260910814
1808,1,set42,alt2,20260910814
1808,1,set48,alt2,20260910814
1809,4,set14,alt1,20260910815
1809,4,set15,alt2,20260910815
1809,4,set16,alt2,20260910815
1809,4,set17,alt2,20260910815
1809,4,set20,alt1,20260910815
1809,4,set21,alt1,20260910815
1809,4,set23,alt1,20260910815
1809,4,set26,alt1,20260910815
1809,4,set27,alt1,20260910815
1809,4,set32,alt1,20260910815
1809,4,set34,alt2,20260910815
1809,4,set43,alt2,20260910815
1810,1,set5,alt2,20260910816
1810,1,set6,alt1,20260910816
1810,1,set9,alt2,20260910816
1810,1,set11,alt2,20260910816
1810,1,set18,alt2,20260910816
1810,1,set19,alt2,20260910816
1810,1,set33,alt1,20260910816
1810,1,set35,alt2,20260910816
1810,1,set37,alt1,20260910816
1810,1,set41,alt1,20260910816
1810,1,set42,alt2,20260910816
1810,1,set48,alt2,20260910816
1811,4,set14,alt1,20260910817
1811,4,set15,alt2,20260910817
1811,4,set16,alt2,20260910817
1811,4,set17,alt2,20260910817
1811,4,set20,alt1,20260910817
1811,4,set21,alt1,20260910817
1811,4,set23,alt1,20260910817
1811,4,set26,alt1,20260910817
1811,4,set27,alt1,20260910817
1811,4,set32,alt1,20260910817
1811,4,set34,alt2,20260910817
1811,4,set43,alt2,20260910817
1812,3,set3,alt1,20260910818
1812,3,set4,alt2,20260910818
1812,3,set12,alt1,20260910818
1812,3,set22,alt1,20260910818
1812,3,set24,alt1,20260910818
1812,3,set25,alt1,20260910818
1812,3,set28,alt1,20260910818
1812,3,set29,alt1,20260910818
1812,3,set30,alt2,20260910818
1812,3,set31,alt2,20260910818
1812,3,set39,alt2,20260910818
1812,3,set47,alt2,20260910818
1813,3,set3,alt2,20260910819
1813,3,set4,alt1,20260910819
1813,3,set12,alt1,20260910819
1813,3,set22,alt2,20260910819
1813,3,set24,alt1,20260910819
1813,3,set25,alt2,20260910819
1813,3,set28,alt2,20260910819
1813,3,set29,alt1,20260910819
1813,3,set30,alt2,20260910819
1813,3,set31,alt1,20260910819
1813,3,set39,alt1,20260910819
1813,3,set47,alt2,20260910819
1814,2,set1,alt2,20260910820
1814,2,set2,alt1,20260910820
1814,2,set7,alt1,20260910820
1814,2,set8,alt1,20260910820
1814,2,set10,alt1,20260910820
1814,2,set13,alt1,20260910820
1814,2,set36,alt2,20260910820
1814,2,set38,alt2,20260910820
1814,2,set40,alt2,20260910820
1814,2,set44,alt1,20260910820
1814,2,set45,alt2,20260910820
1814,2,set46,alt1,20260910820
1815,3,set3,alt2,20260910821
1815,3,set4,alt1,20260910821
1815,3,set12,alt1,20260910821
1815,3,set22,alt2,20260910821
1815,3,set24,alt1,20260910821
1815,3,set25,alt2,20260910821
1815,3,set28,alt2,20260910821
1815,3,set29,alt1,20260910821
1815,3,set30,alt1,20260910821
1815,3,set31,alt2,20260910821
1815,3,set39,alt1,20260910821
1815,3,set47,alt1,20260910821
1816,2,set1,alt2,20260910822
1816,2,set2,alt1,20260910822
1816,2,set7,alt2,20260910822
1816,2,set8,alt1,20260910822
1816,2,set10,alt2,20260910822
1816,2,set13,alt1,20260910822
1816,2,set36,alt2,20260910822
1816,2,set38,alt1,20260910822
1816,2,set40,alt2,20260910822
1816,2,set44,alt2,20260910822
1816,2,set45,alt2,20260910822
1816,2,set46,alt2,20260910822
1817,3,set3,alt2,20260910823
1817,3,set4,alt2,20260910823
1817,3,set12,alt1,20260910823
1817,3,set22,alt2,20260910823
1817,3,set24,alt1,20260910823
1817,3,set25,alt1,20260910823
1817,3,set28,alt1,20260910823
1817,3,set29,alt1,20260910823
1817,3,set30,alt2,20260910823
1817,3,set31,alt2,20260910823
1817,3,set39,alt2,20260910823
1817,3,set47,alt2,20260910823
1818,1,set5,alt2,20260910824
1818,1,set6,alt2,20260910824
1818,1,set9,alt2,20260910824
1818,1,set11,alt2,20260910824
1818,1,set18,alt2,20260910824
1818,1,set19,alt2,20260910824
1818,1,set33,alt1,20260910824
1818,1,set35,alt2,20260910824
1818,1,set37,alt1,20260910824
1818,1,set41,alt2,20260910824
1818,1,set42,alt2,20260910824
1818,1,set48,alt2,20260910824
1819,3,set3,alt1,20260910825
1819,3,set4,alt2,20260910825
1819,3,set12,alt1,20260910825
1819,3,set22,alt1,20260910825
1819,3,set24,alt1,20260910825
1819,3,set25,alt1,20260910825
1819,3,set28,alt1,20260910825
1819,3,set29,alt1,20260910825
1819,3,set30,alt2,20260910825
1819,3,set31,alt2,20260910825
1819,3,set39,alt2,20260910825
1819,3,set47,alt2,20260910825
1820,3,set3,alt1,20260910826
1820,3,set4,alt2,20260910826
1820,3,set12,alt1,20260910826
1820,3,set22,alt1,20260910826
1820,3,set24,alt1,20260910826
1820,3,set25,alt1,20260910826
1820,3,set28,alt1,20260910826
1820,3,set29,alt1,20260910826
1820,3,set30,alt2,20260910826
1820,3,set31,alt2,20260910826
1820,3,set39,alt2,20260910826
1820,3,set47,alt2,20260910826
1821,3,set3,alt2,20260910827
1821,3,set4,alt1,20260910827
1821,3,set12,alt1,20260910827
1821,3,set22,alt2,20260910827
1821,3,set24,alt1,20260910827
1821,3,set25,alt2,20260910827
1821,3,set28,alt2,20260910827
1821,3,set29,alt1,20260910827
1821,3,set30,alt2,20260910827
1821,3,set31,alt1,20260910827
1821,3,set39,alt1,20260910827
1821,3,set47,alt2,20260910827
1822,1,set5,alt1,20260910828
1822,1,set6,alt1,20260910828
1822,1,set9,alt1,20260910828
1822,1,set11,alt2,20260910828
1822,1,set18,alt1,20260910828
1822,1,set19,alt1,20260910828
1822,1,set33,alt2,20260910828
1822,1,set35,alt2,20260910828
1822,1,set37,alt1,20260910828
1822,1,set41,alt1,20260910828
1822,1,set42,alt2,20260910828
1822,1,set48,alt2,20260910828
1823,4,set14,alt1,20260910829
1823,4,set15,alt2,20260910829
1823,4,set16,alt2,20260910829
1823,4,set17,alt2,20260910829
1823,4,set20,alt1,20260910829
1823,4,set21,alt1,20260910829
1823,4,set23,alt1,20260910829
1823,4,set26,alt1,20260910829
1823,4,set27,alt1,20260910829
1823,4,set32,alt1,20260910829
1823,4,set34,alt2,20260910829
1823,4,set43,alt2,20260910829
1824,1,set5,alt2,20260910830
1824,1,set6,alt2,20260910830
1824,1,set9,alt2,20260910830
1824,1,set11,alt2,20260910830
1824,1,set18,alt1,20260910830
1824,1,set19,alt2,20260910830
1824,1,set33,alt1,20260910830
1824,1,set35,alt2,20260910830
1824,1,set37,alt1,20260910830
1824,1,set41,alt1,20260910830
1824,1,set42,alt2,20260910830
1824,1,set48,alt2,20260910830
1825,1,set5,alt2,20260910831
1825,1,set6,alt2,20260910831
1825,1,set9,alt2,20260910831
1825,1,set11,alt2,20260910831
1825,1,set18,alt2,20260910831
1825,1,set19,alt2,20260910831
1825,1,set33,alt1,20260910831
1825,1,set35,alt2,20260910831
1825,1,set37,alt1,20260910831
1825,1,set41,alt2,20260910831
1825,1,set42,alt2,20260910831
1825,1,set48,alt2,20260910831
1826,1,set5,alt1,20260910832
1826,1,set6,alt2,20260910832
1826,1,set9,alt1,20260910832
1826,1,set11,alt2,20260910832
1826,1,set18,alt1,20260910832
1826,1,set19,alt2,20260910832
1826,1,set33,alt1,20260910832
1826,1,set35,alt2,20260910832
1826,1,set37,alt1,20260910832
1826,1,set41,alt1,20260910832
1826,1,set42,alt1,20260910832
1826,1,set48,alt2,20260910832
1827,4,set14,alt1,20260910833
1827,4,set15,alt2,20260910833
1827,4,set16,alt2,20260910833
1827,4,set17,alt2,20260910833
1827,4,set20,alt1,20260910833
1827,4,set21,alt1,20260910833
1827,4,set23,alt1,20260910833
1827,4,set26,alt1,20260910833
1827,4,set27,alt1,20260910833
1827,4,set32,alt1,20260910833
1827,4,set34,alt2,20260910833
1827,4,set43,alt2,20260910833
1828,4,set14,alt1,20260910834
1828,4,set15,alt1,20260910834
1828,4,set16,alt1,20260910834
1828,4,set17,alt1,20260910834
1828,4,set20,alt1,20260910834
1828,4,set21,alt1,20260910834
1828,4,set23,alt1,20260910834
1828,4,set26,alt1,20260910834
1828,4,set27,alt1,20260910834
1828,4,set32,alt1,20260910834
1828,4,set34,alt2,20260910834
1828,4,set43,alt1,20260910834
1829,2,set1,alt2,20260910835
1829,2,set2,alt1,20260910835
1829,2,set7,alt1,20260910835
1829,2,set8,alt1,20260910835
1829,2,set10,alt1,20260910835
1829,2,set13,alt1,20260910835
1829,2,set36,alt2,20260910835
1829,2,set38,alt2,20260910835
1829,2,set40,alt2,20260910835
1829,2,set44,alt1,20260910835
1829,2,set45,alt2,20260910835
1829,2,set46,alt1,20260910835
1830,2,set1,alt2,20260910836
1830,2,set2,alt1,20260910836
1830,2,set7,alt1,20260910836
1830,2,set8,alt1,20260910836
1830,2,set10,alt2,20260910836
1830,2,set13,alt1,20260910836
1830,2,set36,alt2,20260910836
1830,2,set38,alt2,20260910836
1830,2,set40,alt2,20260910836
1830,2,set44,alt1,20260910836
1830,2,set45,alt2,20260910836
1830,2,set46,alt1,20260910836
1831,4,set14,alt1,20260910837
1831,4,set15,alt1,20260910837
1831,4,set16,alt1,20260910837
1831,4,set17,alt1,20260910837
1831,4,set20,alt1,20260910837
1831,4,set21,alt1,20260910837
1831,4,set23,alt1,20260910837
1831,4,set26,alt1,20260910837
1831,4,set27,alt1,20260910837
1831,4,set32,alt1,20260910837
1831,4,set34,alt2,20260910837
1831,4,set43,alt1,20260910837
1832,2,set1,alt2,20260910838
1832,2,set2,alt1,20260910838
1832,2,set7,alt1,20260910838
1832,2,set8,alt1,20260910838
1832,2,set10,alt2,20260910838
1832,2,set13,alt1,20260910838
1832,2,set36,alt2,20260910838
1832,2,set38,alt2,20260910838
1832,2,set40,alt2,20260910838
1832,2,set44,alt1,20260910838
1832,2,set45,alt2,20260910838
1832,2,set46,alt1,20260910838
1833,2,set1,alt2,20260910839
1833,2,set2,alt1,20260910839
1833,2,set7,alt1,20260910839
1833,2,set8,alt1,20260910839
1833,2,set10,alt1,20260910839
1833,2,set13,alt1,20260910839
1833,2,set36,alt2,20260910839
1833,2,set38,alt2,20260910839
1833,2,set40,alt2,20260910839
1833,2,set44,alt1,20260910839
1833,2,set45,alt2,20260910839
1833,2,set46,alt1,20260910839
1834,2,set1,alt2,20260910840
1834,2,set2,alt1,20260910840
1834,2,set7,alt1,20260910840
1834,2,set8,alt1,20260910840
1834,2,set10,alt1,20260910840
1834,2,set13,alt1,20260910840
1834,2,set36,alt2,20260910840
1834,2,set38,alt2,20260910840
1834,2,set40,alt2,20260910840
1834,2,set44,alt1,20260910840
1834,2,set45,alt2,20260910840
1834,2,set46,alt1,20260910840
1835,2,set1,alt2,20260910841
1835,2,set2,alt1,20260910841
1835,2,set7,alt2,20260910841
1835,2,set8,alt1,20260910841
1835,2,set10,alt2,20260910841
1835,2,set13,alt1,20260910841
1835,2,set36,alt2,20260910841
1835,2,set38,alt1,20260910841
1835,2,set40,alt2,20260910841
1835,2,set44,alt2,20260910841
1835,2,set45,alt2,20260910841
1835,2,set46,alt2,20260910841
1836,2,set1,alt2,20260910842
1836,2,set2,alt1,20260910842
1836,2,set7,alt1,20260910842
1836,2,set8,alt1,20260910842
1836,2,set10,alt1,20260910842
1836,2,set13,alt1,20260910842
1836,2,set36,alt2,20260910842
1836,2,set38,alt2,20260910842
1836,2,set40,alt2,20260910842
1836,2,set44,alt1,20260910842
1836,2,set45,alt2,20260910842
1836,2,set46,alt1,20260910842
1837,2,set1,alt2,20260910843
1837,2,set2,alt1,20260910843
1837,2,set7,alt1,20260910843
1837,2,set8,alt1,20260910843
1837,2,set10,alt1,20260910843
1837,2,set13,alt1,20260910843
1837,2,set36,alt2,20260910843
1837,2,set38,alt2,20260910843
1837,2,set40,alt2,20260910843
1837,2,set44,alt1,20260910843
1837,2,set45,alt2,20260910843
1837,2,set46,alt1,20260910843
1838,2,set1,alt2,20260910844
1838,2,set2,alt1,20260910844
1838,2,set7,alt1,20260910844
1838,2,set8,alt1,20260910844
1838,2,set10,alt1,20260910844
1838,2,set13,alt1,20260910844
1838,2,set36,alt2,20260910844
1838,2,set38,alt2,20260910844
1838,2,set40,alt2,20260910844
1838,2,set44,alt1,20260910844
1838,2,set45,alt2,20260910844
1838,2,set46,alt1,20260910844
1839,1,set5,alt2,20260910845
1839,1,set6,alt1,20260910845
1839,1,set9,alt2,20260910845
1839,1,set11,alt2,20260910845
1839,1,set18,alt2,20260910845
1839,1,set19,alt2,20260910845
1839,1,set33,alt1,20260910845
1839,1,set35,alt2,20260910845
1839,1,set37,alt1,20260910845
1839,1,set41,alt1,20260910845
1839,1,set42,alt2,20260910845
1839,1,set48,alt2,20260910845
1840,4,set14,alt1,20260910846
1840,4,set15,alt1,20260910846
1840,4,set16,alt1,20260910846
1840,4,set17,alt1,20260910846
1840,4,set20,alt1,20260910846
1840,4,set21,alt1,20260910846
1840,4,set23,alt1,20260910846
1840,4,set26,alt1,20260910846
1840,4,set27,alt1,20260910846
1840,4,set32,alt1,20260910846
1840,4,set34,alt2,20260910846
1840,4,set43,alt1,20260910846
1841,2,set1,alt2,20260910847
1841,2,set2,alt1,20260910847
1841,2,set7,alt1,20260910847
1841,2,set8,alt1,20260910847
1841,2,set10,alt1,20260910847
1841,2,set13,alt1,20260910847
1841,2,set36,alt2,20260910847
1841,2,set38,alt2,20260910847
1841,2,set40,alt2,20260910847
1841,2,set44,alt1,20260910847
1841,2,set45,alt2,20260910847
1841,2,set46,alt1,20260910847
1842,4,set14,alt1,20260910848
1842,4,set15,alt1,20260910848
1842,4,set16,alt1,20260910848
1842,4,set17,alt1,20260910848
1842,4,set20,alt1,20260910848
1842,4,set21,alt1,20260910848
1842,4,set23,alt1,20260910848
1842,4,set26,alt1,20260910848
1842,4,set27,alt1,20260910848
1842,4,set32,alt1,20260910848
1842,4,set34,alt2,20260910848
1842,4,set43,alt1,20260910848
1843,3,set3,alt2,20260910849
1843,3,set4,alt2,20260910849
1843,3,set12,alt1,20260910849
1843,3,set22,alt2,20260910849
1843,3,set24,alt1,20260910849
1843,3,set25,alt1,20260910849
1843,3,set28,alt1,20260910849
1843,3,set29,alt1,20260910849
1843,3,set30,alt2,20260910849
1843,3,set31,alt2,20260910849
1843,3,set39,alt2,20260910849
1843,3,set47,alt2,20260910849
1844,2,set1,alt2,20260910850
1844,2,set2,alt1,20260910850
1844,2,set7,alt1,20260910850
1844,2,set8,alt1,20260910850
1844,2,set10,alt1,20260910850
1844,2,set13,alt1,20260910850
1844,2,set36,alt2,20260910850
1844,2,set38,alt2,20260910850
1844,2,set40,alt2,20260910850
1844,2,set44,alt1,20260910850
1844,2,set45,alt2,20260910850
1844,2,set46,alt1,20260910850
1845,4,set14,alt1,20260910851
1845,4,set15,alt2,20260910851
1845,4,set16,alt2,20260910851
1845,4,set17,alt2,20260910851
1845,4,set20,alt1,20260910851
1845,4,set21,alt1,20260910851
1845,4,set23,alt1,20260910851
1845,4,set26,alt1,20260910851
1845,4,set27,alt1,20260910851
1845,4,set32,alt1,20260910851
1845,4,set34,alt2,20260910851
1845,4,set43,alt2,20260910851
1846,3,set3,alt1,20260910852
1846,3,set4,alt2,20260910852
1846,3,set12,alt1,20260910852
1846,3,set22,alt1,20260910852
1846,3,set24,alt1,20260910852
1846,3,set25,alt1,20260910852
1846,3,set28,alt1,20260910852
1846,3,set29,alt1,20260910852
1846,3,set30,alt2,20260910852
1846,3,set31,alt2,20260910852
1846,3,set39,alt2,20260910852
1846,3,set47,alt2,20260910852
1847,1,set5,alt2,20260910853
1847,1,set6,alt2,20260910853
1847,1,set9,alt2,20260910853
1847,1,set11,alt2,20260910853
1847,1,set18,alt2,20260910853
1847,1,set19,alt2,20260910853
1847,1,set33,alt1,20260910853
1847,1,set35,alt2,20260910853
1847,1,set37,alt1,20260910853
1847,1,set41,alt2,20260910853
1847,1,set42,alt2,20260910853
1847,1,set48,alt2,20260910853
1848,2,set1,alt2,20260910854
1848,2,set2,alt1,20260910854
1848,2,set7,alt2,20260910854
1848,2,set8,alt1,20260910854
1848,2,set10,alt2,20260910854
1848,2,set13,alt1,20260910854
1848,2,set36,alt2,20260910854
1848,2,set38,alt1,20260910854
1848,2,set40,alt2,20260910854
1848,2,set44,alt2,20260910854
1848,2,set45,alt2,20260910854
1848,2,set46,alt2,20260910854
1849,2,set1,alt2,20260910855
1849,2,set2,alt1,20260910855
1849,2,set7,alt1,20260910855
1849,2,set8,alt1,20260910855
1849,2,set10,alt2,20260910855
1849,2,set13,alt1,20260910855
1849,2,set36,alt2,20260910855
1849,2,set38,alt2,20260910855
1849,2,set40,alt2,20260910855
1849,2,set44,alt1,20260910855
1849,2,set45,alt2,20260910855
1849,2,set46,alt1,20260910855
1850,1,set5,alt2,20260910856
1850,1,set6,alt2,20260910856
1850,1,set9,alt2,20260910856
1850,1,set11,alt2,20260910856
1850,1,set18,alt1,20260910856
1850,1,set19,alt2,20260910856
1850,1,set33,alt1,20260910856
1850,1,set35,alt2,20260910856
1850,1,set37,alt1,20260910856
1850,1,set41,alt1,20260910856
1850,1,set42,alt2,20260910856
1850,1,set48,alt2,20260910856
1851,4,set14,alt1,20260910857
1851,4,set15,alt2,20260910857
1851,4,set16,alt2,20260910857
1851,4,set17,alt2,20260910857
1851,4,set20,alt1,20260910857
1851,4,set21,alt1,20260910857
1851,4,set23,alt1,20260910857
1851,4,set26,alt1,20260910857
1851,4,set27,alt1,20260910857
1851,4,set32,alt1,20260910857
1851,4,set34,alt2,20260910857
1851,4,set43,alt2,20260910857
1852,2,set1,alt2,20260910858
1852,2,set2,alt1,20260910858
1852,2,set7,alt2,20260910858
1852,2,set8,alt1,20260910858
1852,2,set10,alt2,20260910858
1852,2,set13,alt1,20260910858
1852,2,set36,alt2,20260910858
1852,2,set38,alt1,20260910858
1852,2,set40,alt2,20260910858
1852,2,set44,alt2,20260910858
1852,2,set45,alt2,20260910858
1852,2,set46,alt2,20260910858
1853,4,set14,alt1,20260910859
1853,4,set15,alt2,20260910859
1853,4,set16,alt2,20260910859
1853,4,set17,alt2,20260910859
1853,4,set20,alt1,20260910859
1853,4,set21,alt1,20260910859
1853,4,set23,alt1,20260910859
1853,4,set26,alt1,20260910859
1853,4,set27,alt1,20260910859
1853,4,set32,alt1,20260910859
1853,4,set34,alt2,20260910859
1853,4,set43,alt2,20260910859
1854,1,set5,alt2,20260910860
1854,1,set6,alt2,20260910860
1854,1,set9,alt2,20260910860
1854,1,set11,alt2,20260910860
1854,1,set18,alt1,20260910860
1854,1,set19,alt2,20260910860
1854,1,set33,alt1,20260910860
1854,1,set35,alt2,20260910860
1854,1,set37,alt1,20260910860
1854,1,set41,alt1,20260910860
1854,1,set42,alt2,20260910860
1854,1,set48,alt2,20260910860
1855,4,set14,alt1,20260910861
1855,4,set15,alt2,20260910861
1855,4,set16,alt2,20260910861
1855,4,set17,alt2,20260910861
1855,4,set20,alt1,20260910861
1855,4,set21,alt1,20260910861
1855,4,set23,alt1,20260910861
1855,4,set26,alt1,20260910861
1855,4,set27,alt1,20260910861
1855,4,set32,alt1,20260910861
1855,4,set34,alt2,20260910861
1855,4,set43,alt2,20260910861
1856,4,set14,alt1,20260910862
1856,4,set15,alt2,20260910862
1856,4,set16,alt2,20260910862
1856,4,set17,alt2,20260910862
1856,4,set20,alt1,20260910862
1856,4,set21,alt1,20260910862
1856,4,set23,alt1,20260910862
1856,4,set26,alt1,20260910862
1856,4,set27,alt1,20260910862
1856,4,set32,alt1,20260910862
1856,4,set34,alt2,20260910862
1856,4,set43,alt2,20260910862
1857,1,set5,alt2,20260910863
1857,1,set6,alt1,20260910863
1857,1,set9,alt2,20260910863
1857,1,set11,alt2,20260910863
1857,1,set18,alt2,20260910863
1857,1,set19,alt2,20260910863
1857,1,set33,alt1,20260910863
1857,1,set35,alt2,20260910863
1857,1,set37,alt1,20260910863
1857,1,set41,alt1,20260910863
1857,1,set42,alt2,20260910863
1857,1,set48,alt2,20260910863
1858,1,set5,alt2,20260910864
1858,1,set6,alt1,20260910864
1858,1,set9,alt2,20260910864
1858,1,set11,alt2,20260910864
1858,1,set18,alt2,20260910864
1858,1,set19,alt2,20260910864
1858,1,set33,alt1,20260910864
1858,1,set35,alt2,20260910864
1858,1,set37,alt1,20260910864
1858,1,set41,alt1,20260910864
1858,1,set42,alt2,20260910864
1858,1,set48,alt2,20260910864
1859,2,set1,alt2,20260910865
1859,2,set2,alt1,20260910865
1859,2,set7,alt1,20260910865
1859,2,set8,alt1,20260910865
1859,2,set10,alt1,20260910865
1859,2,set13,alt1,20260910865
1859,2,set36,alt2,20260910865
1859,2,set38,alt2,20260910865
1859,2,set40,alt2,20260910865
1859,2,set44,alt1,20260910865
1859,2,set45,alt2,20260910865
1859,2,set46,alt1,20260910865
1860,2,set1,alt2,20260910866
1860,2,set2,alt1,20260910866
1860,2,set7,alt1,20260910866
1860,2,set8,alt1,20260910866
1860,2,set10,alt1,20260910866
1860,2,set13,alt1,20260910866
1860,2,set36,alt2,20260910866
1860,2,set38,alt2,20260910866
1860,2,set40,alt2,20260910866
1860,2,set44,alt1,20260910866
1860,2,set45,alt2,20260910866
1860,2,set46,alt1,20260910866
1861,3,set3,alt1,20260910867
1861,3,set4,alt2,20260910867
1861,3,set12,alt1,20260910867
1861,3,set22,alt1,20260910867
1861,3,set24,alt1,20260910867
1861,3,set25,alt1,20260910867
1861,3,set28,alt1,20260910867
1861,3,set29,alt1,20260910867
1861,3,set30,alt2,20260910867
1861,3,set31,alt2,20260910867
1861,3,set39,alt2,20260910867
1861,3,set47,alt2,20260910867
1862,1,set5,alt2,20260910868
1862,1,set6,alt2,20260910868
1862,1,set9,alt2,20260910868
1862,1,set11,alt2,20260910868
1862,1,set18,alt2,20260910868
1862,1,set19,alt2,20260910868
1862,1,set33,alt1,20260910868
1862,1,set35,alt2,20260910868
1862,1,set37,alt1,20260910868
1862,1,set41,alt2,20260910868
1862,1,set42,alt2,20260910868
1862,1,set48,alt2,20260910868
1863,2,set1,alt2,20260910869
1863,2,set2,alt1,20260910869
1863,2,set7,alt1,20260910869
1863,2,set8,alt1,20260910869
1863,2,set10,alt2,20260910869
1863,2,set13,alt1,20260910869
1863,2,set36,alt2,20260910869
1863,2,set38,alt2,20260910869
1863,2,set40,alt2,20260910869
1863,2,set44,alt2,20260910869
1863,2,set45,alt2,20260910869
1863,2,set46,alt2,20260910869
1864,2,set1,alt2,20260910870
1864,2,set2,alt1,20260910870
1864,2,set7,alt1,20260910870
1864,2,set8,alt1,20260910870
1864,2,set10,alt1,20260910870
1864,2,set13,alt1,20260910870
1864,2,set36,alt2,20260910870
1864,2,set38,alt2,20260910870
1864,2,set40,alt2,20260910870
1864,2,set44,alt1,20260910870
1864,2,set45,alt2,20260910870
1864,2,set46,alt1,20260910870
1865,4,set14,alt1,20260910871
1865,4,set15,alt2,20260910871
1865,4,set16,alt2,20260910871
1865,4,set17,alt2,20260910871
1865,4,set20,alt1,20260910871
1865,4,set21,alt1,20260910871
1865,4,set23,alt1,20260910871
1865,4,set26,alt1,20260910871
1865,4,set27,alt1,20260910871
1865,4,set32,alt1,20260910871
1865,4,set34,alt2,20260910871
1865,4,set43,alt2,20260910871
1866,1,set5,alt2,20260910872
1866,1,set6,alt1,20260910872
1866,1,set9,alt2,20260910872
1866,1,set11,alt2,20260910872
1866,1,set18,alt2,20260910872
1866,1,set19,alt2,20260910872
1866,1,set33,alt1,20260910872
1866,1,set35,alt2,20260910872
1866,1,set37,alt1,20260910872
1866,1,set41,alt1,20260910872
1866,1,set42,alt2,20260910872
1866,1,set48,alt2,20260910872
1867,4,set14,alt1,20260910873
1867,4,set15,alt2,20260910873
1867,4,set16,alt2,20260910873
1867,4,set17,alt2,20260910873
1867,4,set20,alt1,20260910873
1867,4,set21,alt1,20260910873
1867,4,set23,alt1,20260910873
1867,4,set26,alt1,20260910873
1867,4,set27,alt1,20260910873
1867,4,set32,alt1,20260910873
1867,4,set34,alt2,20260910873
1867,4,set43,alt2,20260910873
1868,2,set1,alt2,20260910874
1868,2,set2,alt1,20260910874
1868,2,set7,alt1,20260910874
1868,2,set8,alt1,20260910874
1868,2,set10,alt1,20260910874
1868,2,set13,alt1,20260910874
1868,2,set36,alt2,20260910874
1868,2,set38,alt2,20260910874
1868,2,set40,alt2,20260910874
1868,2,set44,alt1,20260910874
1868,2,set45,alt2,20260910874
1868,2,set46,alt1,20260910874
1869,4,set14,alt2,20260910875
1869,4,set15,alt2,20260910875
1869,4,set16,alt1,20260910875
1869,4,set17,alt1,20260910875
1869,4,set20,alt1,20260910875
1869,4,set21,alt1,20260910875
1869,4,set23,alt1,20260910875
1869,4,set26,alt1,20260910875
1869,4,set27,alt2,20260910875
1869,4,set32,alt1,20260910875
1869,4,set34,alt2,20260910875
1869,4,set43,alt1,20260910875
1870,1,set5,alt2,20260910876
1870,1,set6,alt1,20260910876
1870,1,set9,alt2,20260910876
1870,1,set11,alt2,20260910876
1870,1,set18,alt2,20260910876
1870,1,set19,alt2,20260910876
1870,1,set33,alt1,20260910876
1870,1,set35,alt2,20260910876
1870,1,set37,alt1,20260910876
1870,1,set41,alt1,20260910876
1870,1,set42,alt2,20260910876
1870,1,set48,alt2,20260910876
1871,4,set14,alt1,20260910877
1871,4,set15,alt2,20260910877
1871,4,set16,alt2,20260910877
1871,4,set17,alt2,20260910877
1871,4,set20,alt1,20260910877
1871,4,set21,alt1,20260910877
1871,4,set23,alt1,20260910877
1871,4,set26,alt1,20260910877
1871,4,set27,alt1,20260910877
1871,4,set32,alt1,20260910877
1871,4,set34,alt2,20260910877
1871,4,set43,alt2,20260910877
1872,2,set1,alt2,20260910878
1872,2,set2,alt1,20260910878
1872,2,set7,alt1,20260910878
1872,2,set8,alt1,20260910878
1872,2,set10,alt1,20260910878
1872,2,set13,alt1,20260910878
1872,2,set36,alt1,20260910878
1872,2,set38,alt2,20260910878
1872,2,set40,alt1,20260910878
1872,2,set44,alt2,20260910878
1872,2,set45,alt2,20260910878
1872,2,set46,alt2,20260910878
1873,1,set5,alt2,20260910879
1873,1,set6,alt2,20260910879
1873,1,set9,alt2,20260910879
1873,1,set11,alt2,20260910879
1873,1,set18,alt2,20260910879
1873,1,set19,alt2,20260910879
1873,1,set33,alt1,20260910879
1873,1,set35,alt2,20260910879
1873,1,set37,alt1,20260910879
1873,1,set41,alt2,20260910879
1873,1,set42,alt2,20260910879
1873,1,set48,alt2,20260910879
1874,3,set3,alt1,20260910880
1874,3,set4,alt2,20260910880
1874,3,set12,alt1,20260910880
1874,3,set22,alt1,20260910880
1874,3,set24,alt1,20260910880
1874,3,set25,alt1,20260910880
1874,3,set28,alt1,20260910880
1874,3,set29,alt1,20260910880
1874,3,set30,alt2,20260910880
1874,3,set31,alt2,20260910880
1874,3,set39,alt2,20260910880
1874,3,set47,alt2,20260910880
1875,3,set3,alt1,20260910881
1875,3,set4,alt2,20260910881
1875,3,set12,alt1,20260910881
1875,3,set22,alt1,20260910881
1875,3,set24,alt1,20260910881
1875,3,set25,alt1,20260910881
1875,3,set28,alt1,20260910881
1875,3,set29,alt1,20260910881
1875,3,set30,alt2,20260910881
1875,3,set31,alt2,20260910881
1875,3,set39,alt2,20260910881
1875,3,set47,alt2,20260910881
1876,1,set5,alt2,20260910882
1876,1,set6,alt1,20260910882
1876,1,set9,alt2,20260910882
1876,1,set11,alt2,20260910882
1876,1,set18,alt2,20260910882
1876,1,set19,alt2,20260910882
1876,1,set33,alt1,20260910882
1876,1,set35,alt2,20260910882
1876,1,set37,alt1,20260910882
1876,1,set41,alt1,20260910882
1876,1,set42,alt2,20260910882
1876,1,set48,alt2,20260910882
1877,3,set3,alt1,20260910883
1877,3,set4,alt2,20260910883
1877,3,set12,alt1,20260910883
1877,3,set22,alt1,20260910883
1877,3,set24,alt1,20260910883
1877,3,set25,alt1,20260910883
1877,3,set28,alt1,20260910883
1877,3,set29,alt1,20260910883
1877,3,set30,alt2,20260910883
1877,3,set31,alt2,20260910883
1877,3,set39,alt2,20260910883
1877,3,set47,alt2,20260910883
1878,3,set3,alt1,20260910884
1878,3,set4,alt2,20260910884
1878,3,set12,alt1,20260910884
1878,3,set22,alt1,20260910884
1878,3,set24,alt1,20260910884
1878,3,set25,alt1,20260910884
1878,3,set28,alt1,20260910884
1878,3,set29,alt1,20260910884
1878,3,set30,alt2,20260910884
1878,3,set31,alt2,20260910884
1878,3,set39,alt2,20260910884
1878,3,set47,alt2,20260910884
1879,2,set1,alt2,20260910885
1879,2,set2,alt1,20260910885
1879,2,set7,alt1,20260910885
1879,2,set8,alt1,20260910885
1879,2,set10,alt1,20260910885
1879,2,set13,alt1,20260910885
1879,2,set36,alt2,20260910885
1879,2,set38,alt2,20260910885
1879,2,set40,alt2,20260910885
1879,2,set44,alt1,20260910885
1879,2,set45,alt2,20260910885
1879,2,set46,alt1,20260910885
1880,2,set1,alt2,20260910886
1880,2,set2,alt1,20260910886
1880,2,set7,alt1,20260910886
1880,2,set8,alt1,20260910886
1880,2,set10,alt2,20260910886
1880,2,set13,alt1,20260910886
1880,2,set36,alt2,20260910886
1880,2,set38,alt2,20260910886
1880,2,set40,alt2,20260910886
1880,2,set44,alt1,20260910886
1880,2,set45,alt2,20260910886
1880,2,set46,alt1,20260910886
1881,1,set5,alt2,20260910887
1881,1,set6,alt1,20260910887
1881,1,set9,alt2,20260910887
1881,1,set11,alt2,20260910887
1881,1,set18,alt2,20260910887
1881,1,set19,alt2,20260910887
1881,1,set33,alt1,20260910887
1881,1,set35,alt2,20260910887
1881,1,set37,alt1,20260910887
1881,1,set41,alt1,20260910887
1881,1,set42,alt2,20260910887
1881,1,set48,alt2,20260910887
1882,3,set3,alt1,20260910888
1882,3,set4,alt2,20260910888
1882,3,set12,alt1,20260910888
1882,3,set22,alt1,20260910888
1882,3,set24,alt1,20260910888
1882,3,set25,alt1,20260910888
1882,3,set28,alt1,20260910888
1882,3,set29,alt1,20260910888
1882,3,set30,alt2,20260910888
1882,3,set31,alt2,20260910888
1882,3,set39,alt2,20260910888
1882,3,set47,alt2,20260910888
1883,1,set5,alt1,20260910889
1883,1,set6,alt1,20260910889
1883,1,set9,alt1,20260910889
1883,1,set11,alt2,20260910889
1883,1,set18,alt1,20260910889
1883,1,set19,alt1,20260910889
1883,1,set33,alt2,20260910889
1883,1,set35,alt2,20260910889
1883,1,set37,alt1,20260910889
1883,1,set41,alt1,20260910889
1883,1,set42,alt2,20260910889
1883,1,set48,alt2,20260910889
1884,3,set3,alt1,20260910890
1884,3,set4,alt2,20260910890
1884,3,set12,alt1,20260910890
1884,3,set22,alt1,20260910890
1884,3,set24,alt1,20260910890
1884,3,set25,alt1,20260910890
1884,3,set28,alt1,20260910890
1884,3,set29,alt1,20260910890
1884,3,set30,alt2,20260910890
1884,3,set31,alt2,20260910890
1884,3,set39,alt2,20260910890
1884,3,set47,alt2,20260910890
1885,4,set14,alt1,20260910891
1885,4,set15,alt1,20260910891
1885,4,set16,alt1,20260910891
1885,4,set17,alt1,20260910891
1885,4,set20,alt1,20260910891
1885,4,set21,alt1,20260910891
1885,4,set23,alt1,20260910891
1885,4,set26,alt1,20260910891
1885,4,set27,alt1,20260910891
1885,4,set32,alt1,20260910891
1885,4,set34,alt2,20260910891
1885,4,set43,alt1,20260910891
1886,4,set14,alt1,20260910892
1886,4,set15,alt2,20260910892
1886,4,set16,alt2,20260910892
1886,4,set17,alt2,20260910892
1886,4,set20,alt1,20260910892
1886,4,set21,alt1,20260910892
1886,4,set23,alt1,20260910892
1886,4,set26,alt1,20260910892
1886,4,set27,alt1,20260910892
1886,4,set32,alt1,20260910892
1886,4,set34,alt2,20260910892
1886,4,set43,alt2,20260910892
1887,3,set3,alt2,20260910893
1887,3,set4,alt1,20260910893
1887,3,set12,alt1,20260910893
1887,3,set22,alt1,20260910893
1887,3,set24,alt1,20260910893
1887,3,set25,alt2,20260910893
1887,3,set28,alt2,20260910893
1887,3,set29,alt1,20260910893
1887,3,set30,alt1,20260910893
1887,3,set31,alt2,20260910893
1887,3,set39,alt1,20260910893
1887,3,set47,alt1,20260910893
1888,3,set3,alt2,20260910894
1888,3,set4,alt1,20260910894
1888,3,set12,alt1,20260910894
1888,3,set22,alt2,20260910894
1888,3,set24,alt1,20260910894
1888,3,set25,alt2,20260910894
1888,3,set28,alt2,20260910894
1888,3,set29,alt1,20260910894
1888,3,set30,alt2,20260910894
1888,3,set31,alt1,20260910894
1888,3,set39,alt1,20260910894
1888,3,set47,alt2,20260910894
1889,4,set14,alt1,20260910895
1889,4,set15,alt2,20260910895
1889,4,set16,alt1,20260910895
1889,4,set17,alt2,20260910895
1889,4,set20,alt1,20260910895
1889,4,set21,alt1,20260910895
1889,4,set23,alt1,20260910895
1889,4,set26,alt1,20260910895
1889,4,set27,alt1,20260910895
1889,4,set32,alt1,20260910895
1889,4,set34,alt1,20260910895
1889,4,set43,alt1,20260910895
1890,1,set5,alt2,20260910896
1890,1,set6,alt1,20260910896
1890,1,set9,alt2,20260910896
1890,1,set11,alt2,20260910896
1890,1,set18,alt2,20260910896
1890,1,set19,alt2,20260910896
1890,1,set33,alt1,20260910896
1890,1,set35,alt2,20260910896
1890,1,set37,alt1,20260910896
1890,1,set41,alt1,20260910896
1890,1,set42,alt2,20260910896
1890,1,set48,alt2,20260910896
1891,1,set5,alt2,20260910897
1891,1,set6,alt2,20260910897
1891,1,set9,alt2,20260910897
1891,1,set11,alt2,20260910897
1891,1,set18,alt2,20260910897
1891,1,set19,alt2,20260910897
1891,1,set33,alt1,20260910897
1891,1,set35,alt2,20260910897
1891,1,set37,alt1,20260910897
1891,1,set41,alt2,20260910897
1891,1,set42,alt2,20260910897
1891,1,set48,alt2,20260910897
1892,2,set1,alt2,20260910898
1892,2,set2,alt1,20260910898
1892,2,set7,alt1,20260910898
1892,2,set8,alt1,20260910898
1892,2,set10,alt1,20260910898
1892,2,set13,alt1,20260910898
1892,2,set36,alt2,20260910898
1892,2,set38,alt2,20260910898
1892,2,set40,alt2,20260910898
1892,2,set44,alt1,20260910898
1892,2,set45,alt2,20260910898
1892,2,set46,alt1,20260910898
1893,1,set5,alt2,20260910899
1893,1,set6,alt2,20260910899
1893,1,set9,alt2,20260910899
1893,1,set11,alt2,20260910899
1893,1,set18,alt2,20260910899
1893,1,set19,alt2,20260910899
1893,1,set33,alt1,20260910899
1893,1,set35,alt2,20260910899
1893,1,set37,alt1,20260910899
1893,1,set41,alt2,20260910899
1893,1,set42,alt2,20260910899
1893,1,set48,alt2,20260910899
1894,3,set3,alt1,20260910900
1894,3,set4,alt2,20260910900
1894,3,set12,alt1,20260910900
1894,3,set22,alt1,20260910900
1894,3,set24,alt1,20260910900
1894,3,set25,alt1,20260910900
1894,3,set28,alt1,20260910900
1894,3,set29,alt1,20260910900
1894,3,set30,alt2,20260910900
1894,3,set31,alt2,20260910900
1894,3,set39,alt2,20260910900
1894,3,set47,alt2,20260910900
1895,2,set1,alt2,20260910901
1895,2,set2,alt1,20260910901
1895,2,set7,alt2,20260910901
1895,2,set8,alt1,20260910901
1895,2,set10,alt2,20260910901
1895,2,set13,alt1,20260910901
1895,2,set36,alt2,20260910901
1895,2,set38,alt1,20260910901
1895,2,set40,alt2,20260910901
1895,2,set44,alt2,20260910901
1895,2,set45,alt2,20260910901
1895,2,set46,alt2,20260910901
1896,3,set3,alt1,20260910902
1896,3,set4,alt2,20260910902
1896,3,set12,alt1,20260910902
1896,3,set22,alt1,20260910902
1896,3,set24,alt1,20260910902
1896,3,set25,alt1,20260910902
1896,3,set28,alt1,20260910902
1896,3,set29,alt1,20260910902
1896,3,set30,alt2,20260910902
1896,3,set31,alt2,20260910902
1896,3,set39,alt2,20260910902
1896,3,set47,alt2,20260910902
1897,4,set14,alt2,20260910903
1897,4,set15,alt2,20260910903
1897,4,set16,alt1,20260910903
1897,4,set17,alt1,20260910903
1897,4,set20,alt1,20260910903
1897,4,set21,alt2,20260910903
1897,4,set23,alt1,20260910903
1897,4,set26,alt1,20260910903
1897,4,set27,alt2,20260910903
1897,4,set32,alt1,20260910903
1897,4,set34,alt2,20260910903
1897,4,set43,alt2,20260910903
1898,4,set14,alt2,20260910904
1898,4,set15,alt2,20260910904
1898,4,set16,alt1,20260910904
1898,4,set17,alt1,20260910904
1898,4,set20,alt1,20260910904
1898,4,set21,alt1,20260910904
1898,4,set23,alt1,20260910904
1898,4,set26,alt1,20260910904
1898,4,set27,alt2,20260910904
1898,4,set32,alt1,20260910904
1898,4,set34,alt2,20260910904
1898,4,set43,alt1,20260910904
1899,4,set14,alt2,20260910905
1899,4,set15,alt2,20260910905
1899,4,set16,alt1,20260910905
1899,4,set17,alt1,20260910905
1899,4,set20,alt1,20260910905
1899,4,set21,alt1,20260910905
1899,4,set23,alt1,20260910905
1899,4,set26,alt1,20260910905
1899,4,set27,alt2,20260910905
1899,4,set32,alt1,20260910905
1899,4,set34,alt2,20260910905
1899,4,set43,alt1,20260910905
1900,1,set5,alt1,20260910906
1900,1,set6,alt1,20260910906
1900,1,set9,alt1,20260910906
1900,1,set11,alt2,20260910906
1900,1,set18,alt1,20260910906
1900,1,set19,alt1,20260910906
1900,1,set33,alt2,20260910906
1900,1,set35,alt2,20260910906
1900,1,set37,alt1,20260910906
1900,1,set41,alt1,20260910906
1900,1,set42,alt2,20260910906
1900,1,set48,alt2,20260910906
1901,3,set3,alt2,20260910907
1901,3,set4,alt1,20260910907
1901,3,set12,alt1,20260910907
1901,3,set22,alt2,20260910907
1901,3,set24,alt1,20260910907
1901,3,set25,alt2,20260910907
1901,3,set28,alt2,20260910907
1901,3,set29,alt1,20260910907
1901,3,set30,alt2,20260910907
1901,3,set31,alt1,20260910907
1901,3,set39,alt1,20260910907
1901,3,set47,alt2,20260910907
1902,2,set1,alt2,20260910908
1902,2,set2,alt1,20260910908
1902,2,set7,alt2,20260910908
1902,2,set8,alt1,20260910908
1902,2,set10,alt2,20260910908
1902,2,set13,alt1,20260910908
1902,2,set36,alt2,20260910908
1902,2,set38,alt1,20260910908
1902,2,set40,alt2,20260910908
1902,2,set44,alt2,20260910908
1902,2,set45,alt2,20260910908
1902,2,set46,alt2,20260910908
1903,4,set14,alt1,20260910909
1903,4,set15,alt2,20260910909
1903,4,set16,alt1,20260910909
1903,4,set17,alt2,20260910909
1903,4,set20,alt1,20260910909
1903,4,set21,alt1,20260910909
1903,4,set23,alt1,20260910909
1903,4,set26,alt1,20260910909
1903,4,set27,alt1,20260910909
1903,4,set32,alt1,20260910909
1903,4,set34,alt1,20260910909
1903,4,set43,alt1,20260910909
1904,2,set1,alt2,20260910910
1904,2,set2,alt1,20260910910
1904,2,set7,alt1,20260910910
1904,2,set8,alt1,20260910910
1904,2,set10,alt1,20260910910
1904,2,set13,alt1,20260910910
1904,2,set36,alt2,20260910910
1904,2,set38,alt2,20260910910
1904,2,set40,alt2,20260910910
1904,2,set44,alt1,20260910910
1904,2,set45,alt2,20260910910
1904,2,set46,alt1,20260910910
1905,2,set1,alt2,20260910911
1905,2,set2,alt1,20260910911
1905,2,set7,alt1,20260910911
1905,2,set8,alt1,20260910911
1905,2,set10,alt1,20260910911
1905,2,set13,alt1,20260910911
1905,2,set36,alt2,20260910911
1905,2,set38,alt2,20260910911
1905,2,set40,alt2,20260910911
1905,2,set44,alt1,20260910911
1905,2,set45,alt2,20260910911
1905,2,set46,alt1,20260910911
1906,4,set14,alt1,20260910912
1906,4,set15,alt2,20260910912
1906,4,set16,alt2,20260910912
1906,4,set17,alt2,20260910912
1906,4,set20,alt1,20260910912
1906,4,set21,alt1,20260910912
1906,4,set23,alt1,20260910912
1906,4,set26,alt1,20260910912
1906,4,set27,alt1,20260910912
1906,4,set32,alt1,20260910912
1906,4,set34,alt2,20260910912
1906,4,set43,alt2,20260910912
1907,2,set1,alt2,20260910913
1907,2,set2,alt1,20260910913
1907,2,set7,alt1,20260910913
1907,2,set8,alt1,20260910913
1907,2,set10,alt1,20260910913
1907,2,set13,alt1,20260910913
1907,2,set36,alt2,20260910913
1907,2,set38,alt2,20260910913
1907,2,set40,alt2,20260910913
1907,2,set44,alt1,20260910913
1907,2,set45,alt2,20260910913
1907,2,set46,alt1,20260910913
1908,4,set14,alt1,20260910914
1908,4,set15,alt2,20260910914
1908,4,set16,alt2,20260910914
1908,4,set17,alt2,20260910914
1908,4,set20,alt1,20260910914
1908,4,set21,alt1,20260910914
1908,4,set23,alt1,20260910914
1908,4,set26,alt1,20260910914
1908,4,set27,alt1,20260910914
1908,4,set32,alt1,20260910914
1908,4,set34,alt2,20260910914
1908,4,set43,alt2,20260910914
1909,4,set14,alt1,20260910915
1909,4,set15,alt1,20260910915
1909,4,set16,alt1,20260910915
1909,4,set17,alt1,20260910915
1909,4,set20,alt1,20260910915
1909,4,set21,alt1,20260910915
1909,4,set23,alt1,20260910915
1909,4,set26,alt1,20260910915
1909,4,set27,alt1,20260910915
1909,4,set32,alt1,20260910915
1909,4,set34,alt2,20260910915
1909,4,set43,alt1,20260910915
1910,1,set5,alt2,20260910916
1910,1,set6,alt2,20260910916
1910,1,set9,alt2,20260910916
1910,1,set11,alt2,20260910916
1910,1,set18,alt2,20260910916
1910,1,set19,alt2,20260910916
1910,1,set33,alt1,20260910916
1910,1,set35,alt2,20260910916
1910,1,set37,alt1,20260910916
1910,1,set41,alt2,20260910916
1910,1,set42,alt2,20260910916
1910,1,set48,alt2,20260910916
1911,2,set1,alt2,20260910917
1911,2,set2,alt1,20260910917
1911,2,set7,alt1,20260910917
1911,2,set8,alt1,20260910917
1911,2,set10,alt1,20260910917
1911,2,set13,alt1,20260910917
1911,2,set36,alt2,20260910917
1911,2,set38,alt2,20260910917
1911,2,set40,alt2,20260910917
1911,2,set44,alt1,20260910917
1911,2,set45,alt2,20260910917
1911,2,set46,alt1,20260910917
1912,1,set5,alt2,20260910918
1912,1,set6,alt2,20260910918
1912,1,set9,alt2,20260910918
1912,1,set11,alt2,20260910918
1912,1,set18,alt2,20260910918
1912,1,set19,alt2,20260910918
1912,1,set33,alt1,20260910918
1912,1,set35,alt2,20260910918
1912,1,set37,alt1,20260910918
1912,1,set41,alt2,20260910918
1912,1,set42,alt2,20260910918
1912,1,set48,alt2,20260910918
1913,3,set3,alt1,20260910919
1913,3,set4,alt2,20260910919
1913,3,set12,alt1,20260910919
1913,3,set22,alt1,20260910919
1913,3,set24,alt1,20260910919
1913,3,set25,alt1,20260910919
1913,3,set28,alt1,20260910919
1913,3,set29,alt1,20260910919
1913,3,set30,alt2,20260910919
1913,3,set31,alt2,20260910919
1913,3,set39,alt2,20260910919
1913,3,set47,alt2,20260910919
1914,2,set1,alt2,20260910920
1914,2,set2,alt1,20260910920
1914,2,set7,alt1,20260910920
1914,2,set8,alt1,20260910920
1914,2,set10,alt1,20260910920
1914,2,set13,alt1,20260910920
1914,2,set36,alt2,20260910920
1914,2,set38,alt2,20260910920
1914,2,set40,alt2,20260910920
1914,2,set44,alt1,20260910920
1914,2,set45,alt2,20260910920
1914,2,set46,alt1,20260910920
1915,3,set3,alt2,20260910921
1915,3,set4,alt1,20260910921
1915,3,set12,alt1,20260910921
1915,3,set22,alt2,20260910921
1915,3,set24,alt1,20260910921
1915,3,set25,alt2,20260910921
1915,3,set28,alt2,20260910921
1915,3,set29,alt1,20260910921
1915,3,set30,alt2,20260910921
1915,3,set31,alt1,20260910921
1915,3,set39,alt1,20260910921
1915,3,set47,alt2,20260910921
1916,4,set14,alt1,20260910922
1916,4,set15,alt2,20260910922
1916,4,set16,alt2,20260910922
1916,4,set17,alt2,20260910922
1916,4,set20,alt1,20260910922
1916,4,set21,alt1,20260910922
1916,4,set23,alt1,20260910922
1916,4,set26,alt1,20260910922
1916,4,set27,alt1,20260910922
1916,4,set32,alt1,20260910922
1916,4,set34,alt2,20260910922
1916,4,set43,alt2,20260910922
1917,3,set3,alt2,20260910923
1917,3,set4,alt2,20260910923
1917,3,set12,alt1,20260910923
1917,3,set22,alt2,20260910923
1917,3,set24,alt1,20260910923
1917,3,set25,alt1,20260910923
1917,3,set28,alt1,20260910923
1917,3,set29,alt1,20260910923
1917,3,set30,alt2,20260910923
1917,3,set31,alt2,20260910923
1917,3,set39,alt2,20260910923
1917,3,set47,alt2,20260910923
1918,3,set3,alt1,20260910924
1918,3,set4,alt2,20260910924
1918,3,set12,alt1,20260910924
1918,3,set22,alt1,20260910924
1918,3,set24,alt1,20260910924
1918,3,set25,alt1,20260910924
1918,3,set28,alt1,20260910924
1918,3,set29,alt1,20260910924
1918,3,set30,alt2,20260910924
1918,3,set31,alt2,20260910924
1918,3,set39,alt2,20260910924
1918,3,set47,alt2,20260910924
1919,3,set3,alt1,20260910925
1919,3,set4,alt2,20260910925
1919,3,set12,alt1,20260910925
1919,3,set22,alt1,20260910925
1919,3,set24,alt1,20260910925
1919,3,set25,alt1,20260910925
1919,3,set28,alt1,20260910925
1919,3,set29,alt1,20260910925
1919,3,set30,alt2,20260910925
1919,3,set31,alt2,20260910925
1919,3,set39,alt2,20260910925
1919,3,set47,alt2,20260910925
1920,2,set1,alt2,20260910926
1920,2,set2,alt1,20260910926
1920,2,set7,alt1,20260910926
1920,2,set8,alt1,20260910926
1920,2,set10,alt1,20260910926
1920,2,set13,alt1,20260910926
1920,2,set36,alt2,20260910926
1920,2,set38,alt2,20260910926
1920,2,set40,alt2,20260910926
1920,2,set44,alt1,20260910926
1920,2,set45,alt2,20260910926
1920,2,set46,alt1,20260910926
1921,1,set5,alt2,20260910927
1921,1,set6,alt1,20260910927
1921,1,set9,alt2,20260910927
1921,1,set11,alt2,20260910927
1921,1,set18,alt2,20260910927
1921,1,set19,alt2,20260910927
1921,1,set33,alt1,20260910927
1921,1,set35,alt2,20260910927
1921,1,set37,alt1,20260910927
1921,1,set41,alt1,20260910927
1921,1,set42,alt2,20260910927
1921,1,set48,alt2,20260910927
1922,1,set5,alt2,20260910928
1922,1,set6,alt1,20260910928
1922,1,set9,alt2,20260910928
1922,1,set11,alt2,20260910928
1922,1,set18,alt2,20260910928
1922,1,set19,alt2,20260910928
1922,1,set33,alt1,20260910928
1922,1,set35,alt2,20260910928
1922,1,set37,alt1,20260910928
1922,1,set41,alt1,20260910928
1922,1,set42,alt2,20260910928
1922,1,set48,alt2,20260910928
1923,2,set1,alt2,20260910929
1923,2,set2,alt1,20260910929
1923,2,set7,alt1,20260910929
1923,2,set8,alt1,20260910929
1923,2,set10,alt1,20260910929
1923,2,set13,alt1,20260910929
1923,2,set36,alt2,20260910929
1923,2,set38,alt2,20260910929
1923,2,set40,alt2,20260910929
1923,2,set44,alt1,20260910929
1923,2,set45,alt2,20260910929
1923,2,set46,alt1,20260910929
1924,2,set1,alt2,20260910930
1924,2,set2,alt1,20260910930
1924,2,set7,alt1,20260910930
1924,2,set8,alt1,20260910930
1924,2,set10,alt2,20260910930
1924,2,set13,alt1,20260910930
1924,2,set36,alt2,20260910930
1924,2,set38,alt2,20260910930
1924,2,set40,alt2,20260910930
1924,2,set44,alt1,20260910930
1924,2,set45,alt2,20260910930
1924,2,set46,alt1,20260910930
1925,1,set5,alt2,20260910931
1925,1,set6,alt1,20260910931
1925,1,set9,alt2,20260910931
1925,1,set11,alt2,20260910931
1925,1,set18,alt2,20260910931
1925,1,set19,alt2,20260910931
1925,1,set33,alt1,20260910931
1925,1,set35,alt2,20260910931
1925,1,set37,alt1,20260910931
1925,1,set41,alt1,20260910931
1925,1,set42,alt2,20260910931
1925,1,set48,alt2,20260910931
1926,4,set14,alt2,20260910932
1926,4,set15,alt2,20260910932
1926,4,set16,alt1,20260910932
1926,4,set17,alt1,20260910932
1926,4,set20,alt1,20260910932
1926,4,set21,alt1,20260910932
1926,4,set23,alt1,20260910932
1926,4,set26,alt1,20260910932
1926,4,set27,alt2,20260910932
1926,4,set32,alt1,20260910932
1926,4,set34,alt2,20260910932
1926,4,set43,alt1,20260910932
1927,1,set5,alt2,20260910933
1927,1,set6,alt2,20260910933
1927,1,set9,alt2,20260910933
1927,1,set11,alt2,20260910933
1927,1,set18,alt1,20260910933
1927,1,set19,alt2,20260910933
1927,1,set33,alt1,20260910933
1927,1,set35,alt2,20260910933
1927,1,set37,alt1,20260910933
1927,1,set41,alt1,20260910933
1927,1,set42,alt2,20260910933
1927,1,set48,alt2,20260910933
1928,4,set14,alt1,20260910934
1928,4,set15,alt2,20260910934
1928,4,set16,alt2,20260910934
1928,4,set17,alt2,20260910934
1928,4,set20,alt1,20260910934
1928,4,set21,alt1,20260910934
1928,4,set23,alt1,20260910934
1928,4,set26,alt1,20260910934
1928,4,set27,alt1,20260910934
1928,4,set32,alt1,20260910934
1928,4,set34,alt2,20260910934
1928,4,set43,alt2,20260910934
1929,3,set3,alt1,20260910935
1929,3,set4,alt2,20260910935
1929,3,set12,alt1,20260910935
1929,3,set22,alt1,20260910935
1929,3,set24,alt1,20260910935
1929,3,set25,alt1,20260910935
1929,3,set28,alt1,20260910935
1929,3,set29,alt1,20260910935
1929,3,set30,alt2,20260910935
1929,3,set31,alt2,20260910935
1929,3,set39,alt2,20260910935
1929,3,set47,alt2,20260910935
1930,1,set5,alt2,20260910936
1930,1,set6,alt2,20260910936
1930,1,set9,alt2,20260910936
1930,1,set11,alt2,20260910936
1930,1,set18,alt2,20260910936
1930,1,set19,alt2,20260910936
1930,1,set33,alt1,20260910936
1930,1,set35,alt2,20260910936
1930,1,set37,alt1,20260910936
1930,1,set41,alt2,20260910936
1930,1,set42,alt2,20260910936
1930,1,set48,alt2,20260910936
1931,1,set5,alt2,20260910937
1931,1,set6,alt2,20260910937
1931,1,set9,alt2,20260910937
1931,1,set11,alt2,20260910937
1931,1,set18,alt2,20260910937
1931,1,set19,alt2,20260910937
1931,1,set33,alt1,20260910937
1931,1,set35,alt2,20260910937
1931,1,set37,alt1,20260910937
1931,1,set41,alt2,20260910937
1931,1,set42,alt2,20260910937
1931,1,set48,alt2,20260910937
1932,2,set1,alt2,20260910938
1932,2,set2,alt1,20260910938
1932,2,set7,alt1,20260910938
1932,2,set8,alt1,20260910938
1932,2,set10,alt1,20260910938
1932,2,set13,alt1,20260910938
1932,2,set36,alt2,20260910938
1932,2,set38,alt2,20260910938
1932,2,set40,alt2,20260910938
1932,2,set44,alt1,20260910938
1932,2,set45,alt2,20260910938
1932,2,set46,alt1,20260910938
1933,2,set1,alt2,20260910939
1933,2,set2,alt1,20260910939
1933,2,set7,alt1,20260910939
1933,2,set8,alt1,20260910939
1933,2,set10,alt2,20260910939
1933,2,set13,alt1,20260910939
1933,2,set36,alt2,20260910939
1933,2,set38,alt2,20260910939
1933,2,set40,alt2,20260910939
1933,2,set44,alt1,20260910939
1933,2,set45,alt2,20260910939
1933,2,set46,alt1,20260910939
1934,1,set5,alt2,20260910940
1934,1,set6,alt2,20260910940
1934,1,set9,alt2,20260910940
1934,1,set11,alt2,20260910940
1934,1,set18,alt2,20260910940
1934,1,set19,alt1,20260910940
1934,1,set33,alt1,20260910940
1934,1,set35,alt2,20260910940
1934,1,set37,alt1,20260910940
1934,1,set41,alt2,20260910940
1934,1,set42,alt2,20260910940
1934,1,set48,alt2,20260910940
1935,1,set5,alt2,20260910941
1935,1,set6,alt2,20260910941
1935,1,set9,alt2,20260910941
1935,1,set11,alt2,20260910941
1935,1,set18,alt2,20260910941
1935,1,set19,alt2,20260910941
1935,1,set33,alt1,20260910941
1935,1,set35,alt2,20260910941
1935,1,set37,alt1,20260910941
1935,1,set41,alt2,20260910941
1935,1,set42,alt2,20260910941
1935,1,set48,alt2,20260910941
1936,4,set14,alt1,20260910942
1936,4,set15,alt1,20260910942
1936,4,set16,alt1,20260910942
1936,4,set17,alt1,20260910942
1936,4,set20,alt1,20260910942
1936,4,set21,alt1,20260910942
1936,4,set23,alt1,20260910942
1936,4,set26,alt1,20260910942
1936,4,set27,alt1,20260910942
1936,4,set32,alt1,20260910942
1936,4,set34,alt2,20260910942
1936,4,set43,alt1,20260910942
1937,4,set14,alt1,20260910943
1937,4,set15,alt2,20260910943
1937,4,set16,alt2,20260910943
1937,4,set17,alt2,20260910943
1937,4,set20,alt1,20260910943
1937,4,set21,alt1,20260910943
1937,4,set23,alt1,20260910943
1937,4,set26,alt1,20260910943
1937,4,set27,alt1,20260910943
1937,4,set32,alt1,20260910943
1937,4,set34,alt2,20260910943
1937,4,set43,alt2,20260910943
1938,2,set1,alt2,20260910944
1938,2,set2,alt1,20260910944
1938,2,set7,alt1,20260910944
1938,2,set8,alt1,20260910944
1938,2,set10,alt1,20260910944
1938,2,set13,alt1,20260910944
1938,2,set36,alt2,20260910944
1938,2,set38,alt2,20260910944
1938,2,set40,alt2,20260910944
1938,2,set44,alt1,20260910944
1938,2,set45,alt2,20260910944
1938,2,set46,alt1,20260910944
1939,4,set14,alt1,20260910945
1939,4,set15,alt2,20260910945
1939,4,set16,alt2,20260910945
1939,4,set17,alt2,20260910945
1939,4,set20,alt1,20260910945
1939,4,set21,alt1,20260910945
1939,4,set23,alt1,20260910945
1939,4,set26,alt1,20260910945
1939,4,set27,alt1,20260910945
1939,4,set32,alt1,20260910945
1939,4,set34,alt2,20260910945
1939,4,set43,alt2,20260910945
1940,3,set3,alt1,20260910946
1940,3,set4,alt2,20260910946
1940,3,set12,alt1,20260910946
1940,3,set22,alt1,20260910946
1940,3,set24,alt1,20260910946
1940,3,set25,alt1,20260910946
1940,3,set28,alt1,20260910946
1940,3,set29,alt1,20260910946
1940,3,set30,alt2,20260910946
1940,3,set31,alt2,20260910946
1940,3,set39,alt2,20260910946
1940,3,set47,alt2,20260910946
1941,4,set14,alt1,20260910947
1941,4,set15,alt2,20260910947
1941,4,set16,alt2,20260910947
1941,4,set17,alt2,20260910947
1941,4,set20,alt1,20260910947
1941,4,set21,alt1,20260910947
1941,4,set23,alt1,20260910947
1941,4,set26,alt1,20260910947
1941,4,set27,alt1,20260910947
1941,4,set32,alt1,20260910947
1941,4,set34,alt2,20260910947
1941,4,set43,alt2,20260910947
1942,4,set14,alt2,20260910948
1942,4,set15,alt2,20260910948
1942,4,set16,alt1,20260910948
1942,4,set17,alt1,20260910948
1942,4,set20,alt1,20260910948
1942,4,set21,alt1,20260910948
1942,4,set23,alt1,20260910948
1942,4,set26,alt1,20260910948
1942,4,set27,alt2,20260910948
1942,4,set32,alt1,20260910948
1942,4,set34,alt2,20260910948
1942,4,set43,alt1,20260910948
1943,2,set1,alt2,20260910949
1943,2,set2,alt1,20260910949
1943,2,set7,alt2,20260910949
1943,2,set8,alt1,20260910949
1943,2,set10,alt2,20260910949
1943,2,set13,alt1,20260910949
1943,2,set36,alt2,20260910949
1943,2,set38,alt1,20260910949
1943,2,set40,alt2,20260910949
1943,2,set44,alt2,20260910949
1943,2,set45,alt2,20260910949
1943,2,set46,alt2,20260910949
1944,2,set1,alt2,20260910950
1944,2,set2,alt1,20260910950
1944,2,set7,alt1,20260910950
1944,2,set8,alt1,20260910950
1944,2,set10,alt1,20260910950
1944,2,set13,alt1,20260910950
1944,2,set36,alt2,20260910950
1944,2,set38,alt2,20260910950
1944,2,set40,alt2,20260910950
1944,2,set44,alt1,20260910950
1944,2,set45,alt2,20260910950
1944,2,set46,alt1,20260910950
1945,4,set14,alt1,20260910951
1945,4,set15,alt2,20260910951
1945,4,set16,alt2,20260910951
1945,4,set17,alt2,20260910951
1945,4,set20,alt1,20260910951
1945,4,set21,alt1,20260910951
1945,4,set23,alt1,20260910951
1945,4,set26,alt1,20260910951
1945,4,set27,alt1,20260910951
1945,4,set32,alt1,20260910951
1945,4,set34,alt2,20260910951
1945,4,set43,alt2,20260910951
1946,2,set1,alt2,20260910952
1946,2,set2,alt1,20260910952
1946,2,set7,alt1,20260910952
1946,2,set8,alt1,20260910952
1946,2,set10,alt1,20260910952
1946,2,set13,alt1,20260910952
1946,2,set36,alt2,20260910952
1946,2,set38,alt2,20260910952
1946,2,set40,alt2,20260910952
1946,2,set44,alt1,20260910952
1946,2,set45,alt2,20260910952
1946,2,set46,alt1,20260910952
1947,4,set14,alt2,20260910953
1947,4,set15,alt2,20260910953
1947,4,set16,alt1,20260910953
1947,4,set17,alt1,20260910953
1947,4,set20,alt1,20260910953
1947,4,set21,alt1,20260910953
1947,4,set23,alt1,20260910953
1947,4,set26,alt1,20260910953
1947,4,set27,alt2,20260910953
1947,4,set32,alt1,20260910953
1947,4,set34,alt2,20260910953
1947,4,set43,alt1,20260910953
1948,1,set5,alt2,20260910954
1948,1,set6,alt1,20260910954
1948,1,set9,alt2,20260910954
1948,1,set11,alt2,20260910954
1948,1,set18,alt2,20260910954
1948,1,set19,alt2,20260910954
1948,1,set33,alt1,20260910954
1948,1,set35,alt2,20260910954
1948,1,set37,alt1,20260910954
1948,1,set41,alt1,20260910954
1948,1,set42,alt2,20260910954
1948,1,set48,alt2,20260910954
1949,3,set3,alt1,20260910955
1949,3,set4,alt2,20260910955
1949,3,set12,alt1,20260910955
1949,3,set22,alt1,20260910955
1949,3,set24,alt1,20260910955
1949,3,set25,alt1,20260910955
1949,3,set28,alt1,20260910955
1949,3,set29,alt1,20260910955
1949,3,set30,alt2,20260910955
1949,3,set31,alt2,20260910955
1949,3,set39,alt2,20260910955
1949,3,set47,alt2,20260910955
1950,1,set5,alt2,20260910956
1950,1,set6,alt1,20260910956
1950,1,set9,alt2,20260910956
1950,1,set11,alt2,20260910956
1950,1,set18,alt2,20260910956
1950,1,set19,alt2,20260910956
1950,1,set33,alt1,20260910956
1950,1,set35,alt2,20260910956
1950,1,set37,alt1,20260910956
1950,1,set41,alt1,20260910956
1950,1,set42,alt2,20260910956
1950,1,set48,alt2,20260910956
1951,1,set5,alt2,20260910957
1951,1,set6,alt1,20260910957
1951,1,set9,alt2,20260910957
1951,1,set11,alt2,20260910957
1951,1,set18,alt2,20260910957
1951,1,set19,alt2,20260910957
1951,1,set33,alt1,20260910957
1951,1,set35,alt2,20260910957
1951,1,set37,alt1,20260910957
1951,1,set41,alt1,20260910957
1951,1,set42,alt2,20260910957
1951,1,set48,alt2,20260910957
1952,1,set5,alt1,20260910958
1952,1,set6,alt2,20260910958
1952,1,set9,alt1,20260910958
1952,1,set11,alt2,20260910958
1952,1,set18,alt1,20260910958
1952,1,set19,alt2,20260910958
1952,1,set33,alt1,20260910958
1952,1,set35,alt2,20260910958
1952,1,set37,alt1,20260910958
1952,1,set41,alt1,20260910958
1952,1,set42,alt1,20260910958
1952,1,set48,alt2,20260910958
1953,4,set14,alt1,20260910959
1953,4,set15,alt2,20260910959
1953,4,set16,alt1,20260910959
1953,4,set17,alt2,20260910959
1953,4,set20,alt1,20260910959
1953,4,set21,alt1,20260910959
1953,4,set23,alt1,20260910959
1953,4,set26,alt1,20260910959
1953,4,set27,alt1,20260910959
1953,4,set32,alt1,20260910959
1953,4,set34,alt1,20260910959
1953,4,set43,alt1,20260910959
1954,4,set14,alt1,20260910960
1954,4,set15,alt2,20260910960
1954,4,set16,alt1,20260910960
1954,4,set17,alt2,20260910960
1954,4,set20,alt1,20260910960
1954,4,set21,alt1,20260910960
1954,4,set23,alt1,20260910960
1954,4,set26,alt1,20260910960
1954,4,set27,alt1,20260910960
1954,4,set32,alt1,20260910960
1954,4,set34,alt1,20260910960
1954,4,set43,alt1,20260910960
1955,1,set5,alt2,20260910961
1955,1,set6,alt1,20260910961
1955,1,set9,alt2,20260910961
1955,1,set11,alt2,20260910961
1955,1,set18,alt2,20260910961
1955,1,set19,alt2,20260910961
1955,1,set33,alt1,20260910961
1955,1,set35,alt2,20260910961
1955,1,set37,alt1,20260910961
1955,1,set41,alt1,20260910961
1955,1,set42,alt2,20260910961
1955,1,set48,alt2,20260910961
1956,2,set1,alt2,20260910962
1956,2,set2,alt1,20260910962
1956,2,set7,alt1,20260910962
1956,2,set8,alt1,20260910962
1956,2,set10,alt1,20260910962
1956,2,set13,alt1,20260910962
1956,2,set36,alt2,20260910962
1956,2,set38,alt2,20260910962
1956,2,set40,alt2,20260910962
1956,2,set44,alt1,20260910962
1956,2,set45,alt2,20260910962
1956,2,set46,alt1,20260910962
1957,3,set3,alt1,20260910963
1957,3,set4,alt2,20260910963
1957,3,set12,alt1,20260910963
1957,3,set22,alt1,20260910963
1957,3,set24,alt1,20260910963
1957,3,set25,alt1,20260910963
1957,3,set28,alt1,20260910963
1957,3,set29,alt1,20260910963
1957,3,set30,alt2,20260910963
1957,3,set31,alt2,20260910963
1957,3,set39,alt2,20260910963
1957,3,set47,alt2,20260910963
1958,2,set1,alt2,20260910964
1958,2,set2,alt1,20260910964
1958,2,set7,alt1,20260910964
1958,2,set8,alt1,20260910964
1958,2,set10,alt1,20260910964
1958,2,set13,alt1,20260910964
1958,2,set36,alt2,20260910964
1958,2,set38,alt2,20260910964
1958,2,set40,alt2,20260910964
1958,2,set44,alt1,20260910964
1958,2,set45,alt2,20260910964
1958,2,set46,alt1,20260910964
1959,2,set1,alt2,20260910965
1959,2,set2,alt1,20260910965
1959,2,set7,alt1,20260910965
1959,2,set8,alt1,20260910965
1959,2,set10,alt1,20260910965
1959,2,set13,alt1,20260910965
1959,2,set36,alt2,20260910965
1959,2,set38,alt2,20260910965
1959,2,set40,alt2,20260910965
1959,2,set44,alt1,20260910965
1959,2,set45,alt2,20260910965
1959,2,set46,alt1,20260910965
1960,2,set1,alt2,20260910966
1960,2,set2,alt1,20260910966
1960,2,set7,alt1,20260910966
1960,2,set8,alt1,20260910966
1960,2,set10,alt1,20260910966
1960,2,set13,alt1,20260910966
1960,2,set36,alt2,20260910966
1960,2,set38,alt2,20260910966
1960,2,set40,alt2,20260910966
1960,2,set44,alt1,20260910966
1960,2,set45,alt2,20260910966
1960,2,set46,alt1,20260910966
1961,2,set1,alt2,20260910967
1961,2,set2,alt1,20260910967
1961,2,set7,alt1,20260910967
1961,2,set8,alt1,20260910967
1961,2,set10,alt2,20260910967
1961,2,set13,alt1,20260910967
1961,2,set36,alt2,20260910967
1961,2,set38,alt2,20260910967
1961,2,set40,alt2,20260910967
1961,2,set44,alt2,20260910967
1961,2,set45,alt2,20260910967
1961,2,set46,alt2,20260910967
1962,4,set14,alt1,20260910968
1962,4,set15,alt2,20260910968
1962,4,set16,alt2,20260910968
1962,4,set17,alt2,20260910968
1962,4,set20,alt1,20260910968
1962,4,set21,alt1,20260910968
1962,4,set23,alt1,20260910968
1962,4,set26,alt1,20260910968
1962,4,set27,alt1,20260910968
1962,4,set32,alt1,20260910968
1962,4,set34,alt2,20260910968
1962,4,set43,alt2,20260910968
1963,4,set14,alt1,20260910969
1963,4,set15,alt2,20260910969
1963,4,set16,alt1,20260910969
1963,4,set17,alt2,20260910969
1963,4,set20,alt1,20260910969
1963,4,set21,alt1,20260910969
1963,4,set23,alt1,20260910969
1963,4,set26,alt1,20260910969
1963,4,set27,alt1,20260910969
1963,4,set32,alt1,20260910969
1963,4,set34,alt1,20260910969
1963,4,set43,alt1,20260910969
1964,4,set14,alt1,20260910970
1964,4,set15,alt2,20260910970
1964,4,set16,alt2,20260910970
1964,4,set17,alt2,20260910970
1964,4,set20,alt1,20260910970
1964,4,set21,alt1,20260910970
1964,4,set23,alt1,20260910970
1964,4,set26,alt1,20260910970
1964,4,set27,alt1,20260910970
1964,4,set32,alt1,20260910970
1964,4,set34,alt2,20260910970
1964,4,set43,alt2,20260910970
1965,1,set5,alt1,20260910971
1965,1,set6,alt1,20260910971
1965,1,set9,alt1,20260910971
1965,1,set11,alt2,20260910971
1965,1,set18,alt1,20260910971
1965,1,set19,alt1,20260910971
1965,1,set33,alt2,20260910971
1965,1,set35,alt2,20260910971
1965,1,set37,alt1,20260910971
1965,1,set41,alt1,20260910971
1965,1,set42,alt2,20260910971
1965,1,set48,alt2,20260910971
1966,2,set1,alt2,20260910972
1966,2,set2,alt1,20260910972
1966,2,set7,alt1,20260910972
1966,2,set8,alt1,20260910972
1966,2,set10,alt1,20260910972
1966,2,set13,alt1,20260910972
1966,2,set36,alt2,20260910972
1966,2,set38,alt2,20260910972
1966,2,set40,alt2,20260910972
1966,2,set44,alt1,20260910972
1966,2,set45,alt2,20260910972
1966,2,set46,alt1,20260910972
1967,1,set5,alt1,20260910973
1967,1,set6,alt1,20260910973
1967,1,set9,alt1,20260910973
1967,1,set11,alt2,20260910973
1967,1,set18,alt1,20260910973
1967,1,set19,alt1,20260910973
1967,1,set33,alt2,20260910973
1967,1,set35,alt2,20260910973
1967,1,set37,alt1,20260910973
1967,1,set41,alt1,20260910973
1967,1,set42,alt2,20260910973
1967,1,set48,alt2,20260910973
1968,1,set5,alt2,20260910974
1968,1,set6,alt2,20260910974
1968,1,set9,alt2,20260910974
1968,1,set11,alt2,20260910974
1968,1,set18,alt2,20260910974
1968,1,set19,alt2,20260910974
1968,1,set33,alt1,20260910974
1968,1,set35,alt2,20260910974
1968,1,set37,alt1,20260910974
1968,1,set41,alt2,20260910974
1968,1,set42,alt2,20260910974
1968,1,set48,alt2,20260910974
1969,2,set1,alt2,20260910975
1969,2,set2,alt1,20260910975
1969,2,set7,alt1,20260910975
1969,2,set8,alt1,20260910975
1969,2,set10,alt1,20260910975
1969,2,set13,alt1,20260910975
1969,2,set36,alt2,20260910975
1969,2,set38,alt2,20260910975
1969,2,set40,alt2,20260910975
1969,2,set44,alt1,20260910975
1969,2,set45,alt2,20260910975
1969,2,set46,alt1,20260910975
1970,4,set14,alt2,20260910976
1970,4,set15,alt2,20260910976
1970,4,set16,alt1,20260910976
1970,4,set17,alt1,20260910976
1970,4,set20,alt1,20260910976
1970,4,set21,alt2,20260910976
1970,4,set23,alt1,20260910976
1970,4,set26,alt1,20260910976
1970,4,set27,alt2,20260910976
1970,4,set32,alt1,20260910976
1970,4,set34,alt2,20260910976
1970,4,set43,alt2,20260910976
1971,2,set1,alt2,20260910977
1971,2,set2,alt1,20260910977
1971,2,set7,alt1,20260910977
1971,2,set8,alt1,20260910977
1971,2,set10,alt1,20260910977
1971,2,set13,alt1,20260910977
1971,2,set36,alt2,20260910977
1971,2,set38,alt2,20260910977
1971,2,set40,alt2,20260910977
1971,2,set44,alt1,20260910977
1971,2,set45,alt2,20260910977
1971,2,set46,alt1,20260910977
1972,1,set5,alt1,20260910978
1972,1,set6,alt1,20260910978
1972,1,set9,alt1,20260910978
1972,1,set11,alt2,20260910978
1972,1,set18,alt1,20260910978
1972,1,set19,alt1,20260910978
1972,1,set33,alt2,20260910978
1972,1,set35,alt2,20260910978
1972,1,set37,alt1,20260910978
1972,1,set41,alt1,20260910978
1972,1,set42,alt2,20260910978
1972,1,set48,alt2,20260910978
1973,3,set3,alt1,20260910979
1973,3,set4,alt2,20260910979
1973,3,set12,alt1,20260910979
1973,3,set22,alt1,20260910979
1973,3,set24,alt1,20260910979
1973,3,set25,alt1,20260910979
1973,3,set28,alt1,20260910979
1973,3,set29,alt1,20260910979
1973,3,set30,alt2,20260910979
1973,3,set31,alt2,20260910979
1973,3,set39,alt2,20260910979
1973,3,set47,alt2,20260910979
1974,2,set1,alt2,20260910980
1974,2,set2,alt1,20260910980
1974,2,set7,alt1,20260910980
1974,2,set8,alt1,20260910980
1974,2,set10,alt2,20260910980
1974,2,set13,alt1,20260910980
1974,2,set36,alt2,20260910980
1974,2,set38,alt2,20260910980
1974,2,set40,alt2,20260910980
1974,2,set44,alt1,20260910980
1974,2,set45,alt2,20260910980
1974,2,set46,alt1,20260910980
1975,2,set1,alt2,20260910981
1975,2,set2,alt1,20260910981
1975,2,set7,alt1,20260910981
1975,2,set8,alt1,20260910981
1975,2,set10,alt1,20260910981
1975,2,set13,alt1,20260910981
1975,2,set36,alt2,20260910981
1975,2,set38,alt2,20260910981
1975,2,set40,alt2,20260910981
1975,2,set44,alt1,20260910981
1975,2,set45,alt2,20260910981
1975,2,set46,alt1,20260910981
1976,2,set1,alt2,20260910982
1976,2,set2,alt1,20260910982
1976,2,set7,alt1,20260910982
1976,2,set8,alt1,20260910982
1976,2,set10,alt1,20260910982
1976,2,set13,alt1,20260910982
1976,2,set36,alt1,20260910982
1976,2,set38,alt2,20260910982
1976,2,set40,alt1,20260910982
1976,2,set44,alt2,20260910982
1976,2,set45,alt2,20260910982
1976,2,set46,alt2,20260910982
1977,3,set3,alt1,20260910983
1977,3,set4,alt2,20260910983
1977,3,set12,alt1,20260910983
1977,3,set22,alt1,20260910983
1977,3,set24,alt1,20260910983
1977,3,set25,alt1,20260910983
1977,3,set28,alt1,20260910983
1977,3,set29,alt1,20260910983
1977,3,set30,alt2,20260910983
1977,3,set31,alt2,20260910983
1977,3,set39,alt2,20260910983
1977,3,set47,alt2,20260910983
1978,1,set5,alt2,20260910984
1978,1,set6,alt2,20260910984
1978,1,set9,alt2,20260910984
1978,1,set11,alt2,20260910984
1978,1,set18,alt1,20260910984
1978,1,set19,alt2,20260910984
1978,1,set33,alt1,20260910984
1978,1,set35,alt2,20260910984
1978,1,set37,alt1,20260910984
1978,1,set41,alt1,20260910984
1978,1,set42,alt2,20260910984
1978,1,set48,alt2,20260910984
1979,1,set5,alt2,20260910985
1979,1,set6,alt1,20260910985
1979,1,set9,alt2,20260910985
1979,1,set11,alt2,20260910985
1979,1,set18,alt2,20260910985
1979,1,set19,alt2,20260910985
1979,1,set33,alt1,20260910985
1979,1,set35,alt2,20260910985
1979,1,set37,alt1,20260910985
1979,1,set41,alt1,20260910985
1979,1,set42,alt2,20260910985
1979,1,set48,alt2,20260910985
1980,4,set14,alt1,20260910986
1980,4,set15,alt1,20260910986
1980,4,set16,alt1,20260910986
1980,4,set17,alt1,20260910986
1980,4,set20,alt1,20260910986
1980,4,set21,alt1,20260910986
1980,4,set23,alt1,20260910986
1980,4,set26,alt1,20260910986
1980,4,set27,alt1,20260910986
1980,4,set32,alt1,20260910986
1980,4,set34,alt2,20260910986
1980,4,set43,alt1,20260910986
1981,2,set1,alt2,20260910987
1981,2,set2,alt1,20260910987
1981,2,set7,alt1,20260910987
1981,2,set8,alt1,20260910987
1981,2,set10,alt2,20260910987
1981,2,set13,alt1,20260910987
1981,2,set36,alt2,20260910987
1981,2,set38,alt2,20260910987
1981,2,set40,alt2,20260910987
1981,2,set44,alt1,20260910987
1981,2,set45,alt2,20260910987
1981,2,set46,alt1,20260910987
1982,1,set5,alt1,20260910988
1982,1,set6,alt1,20260910988
1982,1,set9,alt1,20260910988
1982,1,set11,alt2,20260910988
1982,1,set18,alt1,20260910988
1982,1,set19,alt1,20260910988
1982,1,set33,alt2,20260910988
1982,1,set35,alt2,20260910988
1982,1,set37,alt1,20260910988
1982,1,set41,alt1,20260910988
1982,1,set42,alt2,20260910988
1982,1,set48,alt2,20260910988
1983,3,set3,alt1,20260910989
1983,3,set4,alt2,20260910989
1983,3,set12,alt1,20260910989
1983,3,set22,alt1,20260910989
1983,3,set24,alt1,20260910989
1983,3,set25,alt1,20260910989
1983,3,set28,alt1,20260910989
1983,3,set29,alt1,20260910989
1983,3,set30,alt2,20260910989
1983,3,set31,alt2,20260910989
1983,3,set39,alt2,20260910989
1983,3,set47,alt2,20260910989
1984,1,set5,alt2,20260910990
1984,1,set6,alt1,20260910990
1984,1,set9,alt2,20260910990
1984,1,set11,alt2,20260910990
1984,1,set18,alt2,20260910990
1984,1,set19,alt2,20260910990
1984,1,set33,alt1,20260910990
1984,1,set35,alt2,20260910990
1984,1,set37,alt1,20260910990
1984,1,set41,alt1,20260910990
1984,1,set42,alt2,20260910990
1984,1,set48,alt2,20260910990
1985,2,set1,alt2,20260910991
1985,2,set2,alt1,20260910991
1985,2,set7,alt1,20260910991
1985,2,set8,alt1,20260910991
1985,2,set10,alt2,20260910991
1985,2,set13,alt1,20260910991
1985,2,set36,alt2,20260910991
1985,2,set38,alt2,20260910991
1985,2,set40,alt2,20260910991
1985,2,set44,alt1,20260910991
1985,2,set45,alt2,20260910991
1985,2,set46,alt1,20260910991
1986,4,set14,alt1,20260910992
1986,4,set15,alt2,20260910992
1986,4,set16,alt2,20260910992
1986,4,set17,alt2,20260910992
1986,4,set20,alt1,20260910992
1986,4,set21,alt1,20260910992
1986,4,set23,alt1,20260910992
1986,4,set26,alt1,20260910992
1986,4,set27,alt1,20260910992
1986,4,set32,alt1,20260910992
1986,4,set34,alt2,20260910992
1986,4,set43,alt2,20260910992
1987,2,set1,alt2,20260910993
1987,2,set2,alt1,20260910993
1987,2,set7,alt1,20260910993
1987,2,set8,alt1,20260910993
1987,2,set10,alt1,20260910993
1987,2,set13,alt1,20260910993
1987,2,set36,alt2,20260910993
1987,2,set38,alt2,20260910993
1987,2,set40,alt2,20260910993
1987,2,set44,alt1,20260910993
1987,2,set45,alt2,20260910993
1987,2,set46,alt1,20260910993
1988,4,set14,alt1,20260910994
1988,4,set15,alt2,20260910994
1988,4,set16,alt1,20260910994
1988,4,set17,alt2,20260910994
1988,4,set20,alt1,20260910994
1988,4,set21,alt1,20260910994
1988,4,set23,alt1,20260910994
1988,4,set26,alt1,20260910994
1988,4,set27,alt1,20260910994
1988,4,set32,alt1,20260910994
1988,4,set34,alt1,20260910994
1988,4,set43,alt1,20260910994
1989,3,set3,alt1,20260910995
1989,3,set4,alt2,20260910995
1989,3,set12,alt1,20260910995
1989,3,set22,alt1,20260910995
1989,3,set24,alt1,20260910995
1989,3,set25,alt1,20260910995
1989,3,set28,alt1,20260910995
1989,3,set29,alt1,20260910995
1989,3,set30,alt2,20260910995
1989,3,set31,alt2,20260910995
1989,3,set39,alt2,20260910995
1989,3,set47,alt2,20260910995
1990,1,set5,alt2,20260910996
1990,1,set6,alt1,20260910996
1990,1,set9,alt2,20260910996
1990,1,set11,alt2,20260910996
1990,1,set18,alt2,20260910996
1990,1,set19,alt2,20260910996
1990,1,set33,alt1,20260910996
1990,1,set35,alt2,20260910996
1990,1,set37,alt1,20260910996
1990,1,set41,alt1,20260910996
1990,1,set42,alt2,20260910996
1990,1,set48,alt2,20260910996
1991,3,set3,alt1,20260910997
1991,3,set4,alt2,20260910997
1991,3,set12,alt1,20260910997
1991,3,set22,alt1,20260910997
1991,3,set24,alt1,20260910997
1991,3,set25,alt1,20260910997
1991,3,set28,alt1,20260910997
1991,3,set29,alt1,20260910997
1991,3,set30,alt2,20260910997
1991,3,set31,alt2,20260910997
1991,3,set39,alt2,20260910997
1991,3,set47,alt2,20260910997
1992,1,set5,alt2,20260910998
1992,1,set6,alt2,20260910998
1992,1,set9,alt2,20260910998
1992,1,set11,alt2,20260910998
1992,1,set18,alt2,20260910998
1992,1,set19,alt2,20260910998
1992,1,set33,alt1,20260910998
1992,1,set35,alt2,20260910998
1992,1,set37,alt1,20260910998
1992,1,set41,alt2,20260910998
1992,1,set42,alt2,20260910998
1992,1,set48,alt2,20260910998
1993,3,set3,alt1,20260910999
1993,3,set4,alt2,20260910999
1993,3,set12,alt1,20260910999
1993,3,set22,alt1,20260910999
1993,3,set24,alt1,20260910999
1993,3,set25,alt1,20260910999
1993,3,set28,alt1,20260910999
1993,3,set29,alt1,20260910999
1993,3,set30,alt2,20260910999
1993,3,set31,alt2,20260910999
1993,3,set39,alt2,20260910999
1993,3,set47,alt2,20260910999
1994,1,set5,alt2,20260911000
1994,1,set6,alt2,20260911000
1994,1,set9,alt2,20260911000
1994,1,set11,alt2,20260911000
1994,1,set18,alt1,20260911000
1994,1,set19,alt2,20260911000
1994,1,set33,alt1,20260911000
1994,1,set35,alt2,20260911000
1994,1,set37,alt1,20260911000
1994,1,set41,alt1,20260911000
1994,1,set42,alt2,20260911000
1994,1,set48,alt2,20260911000
1995,2,set1,alt2,20260911001
1995,2,set2,alt1,20260911001
1995,2,set7,alt1,20260911001
1995,2,set8,alt1,20260911001
1995,2,set10,alt1,20260911001
1995,2,set13,alt1,20260911001
1995,2,set36,alt2,20260911001
1995,2,set38,alt2,20260911001
1995,2,set40,alt2,20260911001
1995,2,set44,alt1,20260911001
1995,2,set45,alt2,20260911001
1995,2,set46,alt1,20260911001
1996,4,set14,alt1,20260911002
1996,4,set15,alt2,20260911002
1996,4,set16,alt2,20260911002
1996,4,set17,alt2,20260911002
1996,4,set20,alt1,20260911002
1996,4,set21,alt1,20260911002
1996,4,set23,alt1,20260911002
1996,4,set26,alt1,20260911002
1996,4,set27,alt1,20260911002
1996,4,set32,alt1,20260911002
1996,4,set34,alt2,20260911002
1996,4,set43,alt2,20260911002
1997,1,set5,alt2,20260911003
1997,1,set6,alt1,20260911003
1997,1,set9,alt2,20260911003
1997,1,set11,alt2,20260911003
1997,1,set18,alt2,20260911003
1997,1,set19,alt2,20260911003
1997,1,set33,alt1,20260911003
1997,1,set35,alt2,20260911003
1997,1,set37,alt1,20260911003
1997,1,set41,alt1,20260911003
1997,1,set42,alt2,20260911003
1997,1,set48,alt2,20260911003
1998,1,set5,alt2,20260911004
1998,1,set6,alt2,20260911004
1998,1,set9,alt2,20260911004
1998,1,set11,alt2,20260911004
1998,1,set18,alt2,20260911004
1998,1,set19,alt2,20260911004
1998,1,set33,alt1,20260911004
1998,1,set35,alt2,20260911004
1998,1,set37,alt1,20260911004
1998,1,set41,alt2,20260911004
1998,1,set42,alt2,20260911004
1998,1,set48,alt2,20260911004
1999,1,set5,alt2,20260911005
1999,1,set6,alt1,20260911005
1999,1,set9,alt2,20260911005
1999,1,set11,alt2,20260911005
1999,1,set18,alt2,20260911005
1999,1,set19,alt2,20260911005
1999,1,set33,alt1,20260911005
1999,1,set35,alt2,20260911005
1999,1,set37,alt1,20260911005
1999,1,set41,alt1,20260911005
1999,1,set42,alt2,20260911005
1999,1,set48,alt2,20260911005
2000,4,set14,alt2,20260911006
2000,4,set15,alt2,20260911006
2000,4,set16,alt1,20260911006
2000,4,set17,alt1,20260911006
2000,4,set20,alt1,20260911006
2000,4,set21,alt1,20260911006
2000,4,set23,alt1,20260911006
2000,4,set26,alt1,20260911006
2000,4,set27,alt2,20260911006
2000,4,set32,alt1,20260911006
2000,4,set34,alt2,20260911006
2000,4,set43,alt1,20260911006
